# Blender 3.3.1
# www.blender.org
o low_poly_bomb
v 0.000000 0.000000 0.000000
v -0.014931 -0.075066 0.384776
v -0.021677 -0.108979 0.366294
v -0.032442 -0.163098 0.311114
v -0.038268 -0.192388 0.239018
v -0.038268 -0.192388 0.160982
v -0.032442 -0.163099 0.088886
v -0.021677 -0.108979 0.033706
v -0.007612 -0.038269 0.003843
v -0.042521 -0.063638 0.384776
v -0.061731 -0.092388 0.366294
v -0.092388 -0.138268 0.311114
v -0.108979 -0.163098 0.239018
v -0.108979 -0.163098 0.160982
v -0.092388 -0.138269 0.088886
v -0.061731 -0.092388 0.033706
v -0.021677 -0.032443 0.003843
v -0.063638 -0.042521 0.384776
v -0.092388 -0.061731 0.366294
v -0.138269 -0.092388 0.311114
v -0.163098 -0.108979 0.239018
v -0.163098 -0.108979 0.160982
v -0.138269 -0.092388 0.088886
v -0.092388 -0.061732 0.033706
v -0.032442 -0.021678 0.003843
v -0.075066 -0.014931 0.384776
v -0.108979 -0.021677 0.366294
v -0.163098 -0.032442 0.311114
v -0.192388 -0.038268 0.239018
v -0.192388 -0.038269 0.160982
v -0.163098 -0.032443 0.088886
v -0.108979 -0.021677 0.033706
v -0.038268 -0.007612 0.003843
v -0.075066 0.014932 0.384776
v -0.108979 0.021678 0.366294
v -0.163098 0.032443 0.311114
v -0.192388 0.038269 0.239018
v -0.192388 0.038268 0.160982
v -0.163098 0.032442 0.088886
v -0.108979 0.021677 0.033706
v -0.038268 0.007612 0.003843
v -0.063638 0.042522 0.384776
v -0.092388 0.061732 0.366294
v -0.138269 0.092388 0.311114
v -0.163098 0.108979 0.239018
v -0.163098 0.108979 0.160982
v -0.138269 0.092388 0.088886
v -0.092388 0.061731 0.033706
v -0.032442 0.021677 0.003843
v -0.042521 0.063638 0.384776
v -0.061731 0.092388 0.366294
v -0.092388 0.138269 0.311114
v -0.108979 0.163098 0.239018
v -0.108979 0.163098 0.160982
v -0.092388 0.138268 0.088886
v -0.061731 0.092388 0.033706
v -0.021677 0.032442 0.003843
v -0.014931 0.075066 0.384776
v -0.021677 0.108979 0.366294
v -0.032442 0.163099 0.311114
v -0.038268 0.192388 0.239018
v -0.038268 0.192388 0.160982
v -0.032442 0.163098 0.088886
v -0.021677 0.108979 0.033706
v -0.007612 0.038268 0.003843
v 0.014931 0.075066 0.384776
v 0.021677 0.108979 0.366294
v 0.032442 0.163099 0.311114
v 0.038268 0.192388 0.239018
v 0.038268 0.192388 0.160982
v 0.032442 0.163098 0.088886
v 0.021677 0.108979 0.033706
v 0.007612 0.038268 0.003843
v 0.042521 0.063638 0.384776
v 0.061731 0.092388 0.366294
v 0.092388 0.138269 0.311114
v 0.108979 0.163098 0.239018
v 0.108979 0.163098 0.160982
v 0.092388 0.138268 0.088886
v 0.061731 0.092388 0.033706
v 0.021677 0.032442 0.003843
v 0.063638 0.042522 0.384776
v 0.092388 0.061732 0.366294
v 0.138268 0.092388 0.311114
v 0.163098 0.108979 0.239018
v 0.163098 0.108979 0.160982
v 0.138268 0.092388 0.088886
v 0.092388 0.061731 0.033706
v 0.032442 0.021677 0.003843
v 0.075066 0.014932 0.384776
v 0.108979 0.021677 0.366294
v 0.163098 0.032443 0.311114
v 0.192388 0.038269 0.239018
v 0.192388 0.038268 0.160982
v 0.163098 0.032442 0.088886
v 0.108979 0.021677 0.033706
v 0.038268 0.007612 0.003843
v 0.075066 -0.014931 0.384776
v 0.108979 -0.021677 0.366294
v 0.163098 -0.032442 0.311114
v 0.192388 -0.038268 0.239018
v 0.192388 -0.038269 0.160982
v 0.163098 -0.032443 0.088886
v 0.108979 -0.021678 0.033706
v 0.038268 -0.007612 0.003843
v 0.063638 -0.042521 0.384776
v 0.092388 -0.061731 0.366294
v 0.138268 -0.092388 0.311114
v 0.163098 -0.108979 0.239018
v 0.163098 -0.108979 0.160982
v 0.138268 -0.092388 0.088886
v 0.092388 -0.061732 0.033706
v 0.032442 -0.021678 0.003843
v 0.042521 -0.063638 0.384776
v 0.061731 -0.092388 0.366294
v 0.092388 -0.138268 0.311114
v 0.108979 -0.163098 0.239018
v 0.108979 -0.163098 0.160982
v 0.092388 -0.138268 0.088886
v 0.061731 -0.092388 0.033706
v 0.021677 -0.032443 0.003843
v 0.014931 -0.075066 0.384776
v 0.021677 -0.108979 0.366294
v 0.032442 -0.163098 0.311114
v 0.038268 -0.192388 0.239018
v 0.038268 -0.192388 0.160982
v 0.032442 -0.163099 0.088886
v 0.021677 -0.108979 0.033706
v 0.007612 -0.038269 0.003843
v -0.006661 -0.033487 0.472662
v -0.018969 -0.028389 0.472662
v -0.028389 -0.018969 0.472662
v -0.033487 -0.006661 0.472662
v -0.033487 0.006661 0.472662
v -0.028389 0.018969 0.472662
v -0.018969 0.028389 0.472662
v -0.006661 0.033487 0.472662
v 0.006661 0.033487 0.472662
v 0.018969 0.028389 0.472662
v 0.028389 0.018969 0.472662
v 0.033487 0.006661 0.472662
v 0.033487 -0.006661 0.472662
v 0.028389 -0.018969 0.472662
v 0.018969 -0.028389 0.472662
v 0.006661 -0.033487 0.472662
v -0.014931 -0.075066 0.472662
v -0.042521 -0.063638 0.472662
v -0.063638 -0.042521 0.472662
v -0.075066 -0.014931 0.472662
v -0.075066 0.014932 0.472662
v -0.063638 0.042522 0.472662
v -0.042521 0.063638 0.472662
v -0.014931 0.075066 0.472662
v 0.014931 0.075066 0.472662
v 0.042521 0.063638 0.472662
v 0.063638 0.042522 0.472662
v 0.075066 0.014932 0.472662
v 0.075066 -0.014931 0.472662
v 0.063638 -0.042521 0.472662
v 0.042521 -0.063638 0.472662
v 0.014931 -0.075066 0.472662
v -0.006661 -0.033487 0.460538
v -0.018969 -0.028389 0.460538
v -0.028389 -0.018969 0.460538
v -0.033487 -0.006661 0.460538
v -0.033487 0.006661 0.460538
v -0.028389 0.018969 0.460538
v -0.018969 0.028389 0.460538
v -0.006661 0.033487 0.460538
v 0.006661 0.033487 0.460538
v 0.018969 0.028389 0.460538
v 0.028389 0.018969 0.460538
v 0.033487 0.006661 0.460538
v 0.033487 -0.006661 0.460538
v 0.028389 -0.018969 0.460538
v 0.018969 -0.028389 0.460538
v 0.006661 -0.033487 0.460538
v -0.112942 0.147103 0.291855
v -0.072548 0.141077 0.334153
v -0.097617 0.152869 0.301689
v -0.035326 0.084100 0.389727
v -0.062362 0.101817 0.372614
v 0.023671 0.204575 0.194210
v 0.003850 0.078509 0.394827
v 0.067912 0.064838 0.386802
v 0.061209 0.194318 0.173524
v 0.072038 0.181807 0.268533
v 0.102930 0.080737 0.362662
v 0.111789 0.099935 0.343833
v 0.071814 0.191879 0.183120
v 0.079315 0.102912 0.364910
v 0.089235 0.177587 0.254712
v -0.117598 0.128525 0.312744
v -0.086379 0.075297 0.374871
v -0.091172 0.122993 0.342455
v -0.069781 0.126124 0.350003
v -0.063703 0.164824 0.309540
v -0.071369 0.191917 0.181232
v -0.060987 0.194159 0.170973
v -0.064938 0.190704 0.172020
v -0.074657 0.187020 0.242737
v -0.056020 0.198690 0.203646
v -0.053386 0.198072 0.199000
v -0.049328 0.198485 0.231821
v -0.059083 0.120095 0.359297
v -0.043724 0.120163 0.363719
v -0.078810 0.184129 0.251040
v -0.073799 0.176712 0.280080
v -0.034697 0.117475 0.356305
v -0.028136 0.127146 0.363059
v -0.022601 0.132719 0.357425
v -0.017906 0.144602 0.348008
v -0.036528 0.159895 0.326610
v -0.000087 0.157389 0.336808
v -0.022333 0.153798 0.337187
v -0.038218 0.177523 0.300922
v -0.027246 0.191161 0.271054
v -0.023295 0.184609 0.289315
v -0.013933 0.179879 0.300338
v -0.043350 0.193441 0.259795
v -0.003881 0.203427 0.238363
v -0.021761 0.195313 0.263277
v -0.007577 0.206634 0.203704
v -0.024469 0.204009 0.198686
v -0.023619 0.202053 0.171266
v -0.023525 0.204001 0.185517
v -0.006518 0.203600 0.174290
v -0.007977 0.057453 0.401770
v 0.026495 0.204548 0.202089
v 0.009553 0.202924 0.171648
v 0.014328 0.057609 0.401465
v 0.003037 0.116255 0.374701
v 0.018353 0.142376 0.349771
v 0.033216 0.123696 0.364261
v 0.001375 0.172681 0.313582
v 0.020927 0.152180 0.338992
v 0.036149 0.160263 0.326270
v 0.023413 0.185047 0.289016
v 0.006573 0.174451 0.311055
v 0.002020 0.197195 0.259793
v 0.039584 0.192607 0.265759
v 0.044234 0.119777 0.363663
v 0.058429 0.119762 0.360071
v 0.070198 0.127144 0.348436
v 0.061763 0.151778 0.325640
v 0.090391 0.149200 0.314248
v 0.045359 0.173575 0.306152
v 0.050240 0.198758 0.230020
v 0.055691 0.197954 0.196144
v 0.042392 0.090551 0.384694
v 0.074815 0.191872 0.197627
v 0.082070 0.070794 0.378901
v 0.101428 0.124184 0.333747
v 0.100060 0.166061 0.273604
v 0.102357 0.161728 0.274245
v 0.075203 0.187903 0.238962
v 0.114767 0.148780 0.287340
v 0.121293 0.126847 0.310892
v 0.118707 0.110960 0.329488
v 0.111732 0.141136 0.284541
v 0.080415 0.182813 0.247423
v 0.077757 0.067289 0.370870
v 0.072938 0.184754 0.203075
v 0.050531 0.058902 0.394627
v 0.037797 0.056516 0.397503
v 0.054903 0.189570 0.188264
v 0.050226 0.199384 0.201303
v 0.054651 0.157053 0.323778
v 0.068787 0.125134 0.337154
v 0.072712 0.135987 0.339054
v 0.020438 0.194648 0.263476
v 0.027333 0.191792 0.269926
v 0.021948 0.133987 0.357532
v 0.023255 0.202600 0.180161
v 0.022744 0.194796 0.195621
v -0.009306 0.054564 0.392033
v -0.022628 0.194315 0.186467
v -0.029478 0.202634 0.201758
v -0.017427 0.186139 0.259846
v -0.006093 0.173596 0.312182
v -0.052981 0.156780 0.323847
v -0.061784 0.152621 0.325653
v -0.068778 0.124055 0.337830
v -0.042096 0.057013 0.397325
v -0.069012 0.065441 0.386214
v -0.074350 0.190211 0.224847
v -0.069995 0.193408 0.201832
v -0.108753 0.148656 0.283859
v -0.103216 0.087900 0.358990
v -0.110205 0.104509 0.337227
v -0.114101 0.112762 0.332667
v 0.033543 0.201728 0.202255
v -0.035358 0.195145 0.202210
v -0.097585 0.169548 0.266746
v -0.090713 0.077002 0.359723
v -0.101110 0.087206 0.347019
v -0.070715 0.179170 0.238636
v -0.059529 0.186299 0.171563
v -0.039415 0.152423 0.319360
v -0.043254 0.114096 0.356445
v -0.022318 0.147577 0.329049
v 0.043229 0.113686 0.356658
v 0.025915 0.183246 0.266785
v 0.072284 0.178736 0.238463
v 0.061692 0.186310 0.174166
v 0.100460 0.081762 0.350327
v 0.112024 0.136316 0.288007
v 0.067244 0.184674 0.180597
v -0.105191 0.099950 0.335545
v -0.111379 0.123198 0.306367
v -0.074561 0.067105 0.371479
v -0.068811 0.133452 0.328260
v -0.108193 0.137714 0.290189
v -0.103616 0.147232 0.280401
v -0.094993 0.158354 0.267813
v -0.093645 0.162851 0.263100
v -0.085258 0.167604 0.257207
v -0.075574 0.174268 0.249510
v -0.068553 0.183608 0.185352
v -0.070874 0.181502 0.225949
v -0.063532 0.183856 0.174190
v -0.062500 0.061558 0.378861
v -0.048223 0.189477 0.201433
v -0.056778 0.187030 0.177847
v -0.037113 0.054713 0.388908
v -0.065050 0.119203 0.344573
v -0.054787 0.113740 0.352473
v -0.063407 0.141715 0.322590
v -0.056024 0.147227 0.318827
v -0.027190 0.120519 0.354623
v -0.018707 0.142091 0.336205
v -0.017590 0.131117 0.347700
v -0.028543 0.150920 0.323685
v -0.006485 0.165276 0.306668
v -0.000014 0.164304 0.309209
v -0.024095 0.184524 0.263148
v -0.026935 0.182080 0.268284
v -0.020846 0.173993 0.289384
v -0.010393 0.168867 0.300786
v -0.030049 0.193696 0.202824
v -0.024012 0.194129 0.199535
v 0.000753 0.195588 0.191287
v -0.021807 0.192940 0.172729
v -0.010099 0.194009 0.175232
v -0.014119 0.194459 0.172809
v 0.007993 0.054221 0.392224
v 0.025942 0.194210 0.200575
v 0.027940 0.193934 0.202586
v 0.008302 0.194130 0.173942
v 0.021683 0.193986 0.180117
v 0.023139 0.055416 0.390143
v 0.031882 0.055105 0.389392
v 0.017376 0.133826 0.345139
v 0.021157 0.126323 0.351476
v 0.030268 0.118612 0.355974
v 0.006942 0.166083 0.306260
v 0.020337 0.145194 0.332276
v 0.029002 0.151197 0.323244
v 0.012336 0.170356 0.297975
v 0.022074 0.174706 0.287099
v 0.002982 0.188338 0.257226
v 0.022554 0.185166 0.261215
v 0.055302 0.114164 0.352469
v 0.063377 0.117441 0.346233
v 0.060419 0.144728 0.319639
v 0.068528 0.135471 0.327036
v 0.051906 0.189181 0.198515
v 0.056927 0.186746 0.177989
v 0.059999 0.184686 0.175380
v 0.047271 0.056370 0.386463
v 0.063745 0.061734 0.378433
v 0.073564 0.183097 0.223080
v 0.071222 0.182663 0.195453
v 0.095195 0.075013 0.357575
v 0.107264 0.096188 0.336472
v 0.088914 0.165411 0.258474
v 0.096960 0.155231 0.271138
v 0.072692 0.181331 0.231608
v 0.074208 0.176669 0.243538
v 0.084253 0.169413 0.252664
v 0.115006 0.118277 0.307939
v 0.114662 0.106458 0.323504
v 0.086904 0.171263 0.252536
v 0.069389 0.182800 0.186627
v 0.038927 0.054369 0.390285
v 0.058373 0.187147 0.174758
v 0.068917 0.144463 0.330720
v 0.050918 0.149793 0.317682
v 0.037871 0.152594 0.319107
v 0.021054 0.177614 0.286446
v -0.055721 0.189743 0.191245
v -0.048074 0.056220 0.387417
v -0.066588 0.183908 0.200288
v -0.109150 0.108026 0.324885
v 0.145935 0.045856 0.324885
v 0.190370 -0.028945 0.200288
v 0.070531 0.018866 0.387417
v 0.189989 -0.041273 0.191245
v 0.141098 -0.101698 0.286446
v 0.111021 -0.103752 0.319107
v 0.102072 -0.113650 0.317682
v 0.088457 -0.126573 0.330720
v 0.130694 -0.138784 0.174758
v 0.025428 -0.055554 0.390285
v 0.121421 -0.146150 0.186627
v 0.102673 -0.155550 0.252536
v 0.032671 -0.147187 0.323504
v 0.042735 -0.153394 0.307939
v 0.102397 -0.152329 0.252664
v 0.113703 -0.147258 0.243538
v 0.118498 -0.148276 0.231608
v 0.083761 -0.156243 0.271138
v 0.096600 -0.154365 0.258474
v 0.027476 -0.135645 0.336472
v 0.015172 -0.114605 0.357575
v 0.120387 -0.147669 0.195453
v 0.119591 -0.149914 0.223080
v 0.019398 -0.080730 0.378433
v 0.022989 -0.063780 0.386463
v 0.127750 -0.138961 0.175380
v 0.131070 -0.137331 0.177989
v 0.135690 -0.134200 0.198515
v 0.080864 -0.121740 0.327036
v 0.092935 -0.119346 0.319639
v 0.067825 -0.108264 0.346233
v 0.069024 -0.099632 0.352469
v 0.146889 -0.106773 0.261215
v 0.159421 -0.091409 0.257226
v 0.138070 -0.101127 0.287099
v 0.139172 -0.090519 0.297975
v 0.114246 -0.095372 0.323244
v 0.113380 -0.084867 0.332276
v 0.138168 -0.083711 0.306260
v 0.085394 -0.080176 0.355974
v 0.096628 -0.076142 0.351476
v 0.105016 -0.076619 0.345139
v 0.029588 -0.049821 0.389392
v 0.034229 -0.042405 0.390143
v 0.154962 -0.110429 0.180117
v 0.161777 -0.098912 0.173942
v 0.151789 -0.115822 0.202586
v 0.153027 -0.114229 0.200575
v 0.040767 -0.028690 0.392224
v 0.173273 -0.079660 0.172809
v 0.170873 -0.082916 0.175232
v 0.175801 -0.072242 0.172729
v 0.166814 -0.093103 0.191287
v 0.177934 -0.070927 0.199535
v 0.180577 -0.065482 0.202824
v 0.149247 -0.070091 0.300786
v 0.158912 -0.063601 0.289384
v 0.168960 -0.062371 0.268284
v 0.169657 -0.066053 0.263148
v 0.140106 -0.076798 0.309209
v 0.144183 -0.071679 0.306668
v 0.142779 -0.045399 0.323685
v 0.120152 -0.044982 0.347700
v 0.130215 -0.049502 0.336205
v 0.115775 -0.031370 0.354623
v 0.153321 -0.019753 0.318827
v 0.152239 -0.010603 0.322590
v 0.123702 -0.004081 0.352473
v 0.133565 0.002076 0.344573
v 0.063747 0.010127 0.388908
v 0.188169 -0.039001 0.177847
v 0.186010 -0.047634 0.201433
v 0.082368 0.028690 0.378861
v 0.188797 -0.031565 0.174190
v 0.190429 -0.024030 0.225949
v 0.191093 -0.027093 0.185352
v 0.186514 -0.016343 0.249510
v 0.185585 -0.004624 0.257207
v 0.185663 0.005016 0.263100
v 0.182442 0.008432 0.267813
v 0.177122 0.021461 0.280401
v 0.171167 0.030183 0.290189
v 0.147786 -0.001792 0.328260
v 0.093202 0.036362 0.371479
v 0.160189 0.040200 0.306367
v 0.136961 0.046466 0.335545
v 0.124118 -0.145230 0.180597
v 0.059848 -0.159831 0.288007
v 0.018384 -0.122539 0.350327
v 0.128310 -0.141239 0.174166
v 0.116455 -0.146625 0.238463
v 0.143545 -0.108724 0.266785
v 0.074648 -0.088938 0.356658
v 0.136771 -0.049118 0.329049
v 0.118244 -0.014246 0.356445
v 0.149517 -0.036735 0.319360
v 0.188911 -0.036253 0.171563
v 0.188330 -0.023001 0.238636
v 0.123885 0.049303 0.347019
v 0.109849 0.045401 0.359723
v 0.193432 0.005080 0.266746
v 0.184486 -0.061609 0.202210
v 0.155737 -0.124571 0.202255
v 0.152512 0.047776 0.332667
v 0.143417 0.048528 0.337227
v 0.125538 0.050780 0.358990
v 0.180923 0.025198 0.283859
v 0.200301 -0.030744 0.201832
v 0.199710 -0.025374 0.224847
v 0.088986 0.032388 0.386214
v 0.068230 0.013292 0.397325
v 0.139630 0.002879 0.337830
v 0.160873 -0.017462 0.325652
v 0.160073 -0.027165 0.323847
v 0.151192 -0.076179 0.312182
v 0.167722 -0.072635 0.259846
v 0.188032 -0.070446 0.201758
v 0.177403 -0.072219 0.186467
v 0.049714 -0.013880 0.392033
v 0.155133 -0.111752 0.195621
v 0.161636 -0.116097 0.180161
v 0.102869 -0.080658 0.357532
v 0.150237 -0.114224 0.269926
v 0.156158 -0.109682 0.263476
v 0.079219 -0.125622 0.339054
v 0.071783 -0.116796 0.337154
v 0.106494 -0.120513 0.323778
v 0.145366 -0.137847 0.201303
v 0.134528 -0.136990 0.188264
v 0.027853 -0.055649 0.397503
v 0.023552 -0.067870 0.394627
v 0.121340 -0.150201 0.203075
v 0.017202 -0.095642 0.370870
v 0.115920 -0.155706 0.247423
v 0.064168 -0.161988 0.284541
v 0.034548 -0.152941 0.329488
v 0.047013 -0.163124 0.310892
v 0.069271 -0.168439 0.287340
v 0.122935 -0.153737 0.238962
v 0.086689 -0.164166 0.274245
v 0.091590 -0.164343 0.273604
v 0.054639 -0.144589 0.333747
v 0.018082 -0.101129 0.378901
v 0.126565 -0.155385 0.197627
v 0.055030 -0.076645 0.384694
v 0.141395 -0.141864 0.196144
v 0.144816 -0.137545 0.230020
v 0.125448 -0.120727 0.306152
v 0.081823 -0.147539 0.314248
v 0.098369 -0.124035 0.325640
v 0.072818 -0.119023 0.348436
v 0.072309 -0.105139 0.360071
v 0.079420 -0.092854 0.363663
v 0.144818 -0.125242 0.265759
v 0.167573 -0.095004 0.259793
v 0.145599 -0.087575 0.311055
v 0.146356 -0.107457 0.289016
v 0.118524 -0.106095 0.326270
v 0.119135 -0.088871 0.338992
v 0.146666 -0.082189 0.313582
v 0.088323 -0.085271 0.364261
v 0.111931 -0.081739 0.349771
v 0.096968 -0.055415 0.374701
v 0.040534 -0.035870 0.401465
v 0.168768 -0.104393 0.171648
v 0.161703 -0.119877 0.202089
v 0.051551 -0.016475 0.401770
v 0.177388 -0.090813 0.174290
v 0.186239 -0.076285 0.185517
v 0.184599 -0.075229 0.171266
v 0.186719 -0.075471 0.198686
v 0.180546 -0.091413 0.203704
v 0.177833 -0.073468 0.263276
v 0.175920 -0.093010 0.238363
v 0.187007 -0.053836 0.259795
v 0.160553 -0.072531 0.300338
v 0.169330 -0.066788 0.289315
v 0.176980 -0.066642 0.271054
v 0.170655 -0.050321 0.300922
v 0.142166 -0.052215 0.337187
v 0.134153 -0.073276 0.336808
v 0.154544 -0.042971 0.326610
v 0.131989 -0.051452 0.348008
v 0.124045 -0.041444 0.357425
v 0.121987 -0.033864 0.363059
v 0.116891 -0.023346 0.356305
v 0.187744 -0.019102 0.280080
v 0.196672 -0.018470 0.251040
v 0.123733 -0.016873 0.363719
v 0.131353 -0.003537 0.359297
v 0.194364 -0.051181 0.231821
v 0.196035 -0.047460 0.199000
v 0.197887 -0.045488 0.203646
v 0.197099 -0.023513 0.242737
v 0.195430 -0.033772 0.172020
v 0.196447 -0.038921 0.170973
v 0.199697 -0.028809 0.181232
v 0.172400 -0.021901 0.309540
v 0.141924 0.002713 0.350003
v 0.149908 0.022803 0.342455
v 0.106205 0.042501 0.374871
v 0.167911 0.042923 0.312744
v 0.106985 -0.160731 0.254712
v 0.047274 -0.114802 0.364910
v 0.128072 -0.152790 0.183120
v 0.028458 -0.141437 0.343833
v 0.016262 -0.124166 0.362662
v 0.119238 -0.147948 0.268533
v 0.135486 -0.144825 0.173524
v 0.020002 -0.085890 0.386802
v 0.063873 -0.037246 0.394827
v 0.163139 -0.117445 0.194210
v 0.117164 0.008441 0.372614
v 0.088303 -0.006114 0.389727
v 0.179004 0.013447 0.301689
v 0.156258 -0.002368 0.334153
v 0.181673 0.029602 0.291855
v -0.063648 -0.167295 0.291855
v -0.078627 -0.129300 0.334153
v -0.076305 -0.156907 0.301689
v -0.047894 -0.068576 0.389727
v -0.049720 -0.100849 0.372614
v -0.181727 -0.077721 0.194210
v -0.062640 -0.031854 0.394827
v -0.082831 0.030461 0.386802
v -0.191613 -0.040083 0.173524
v -0.186193 -0.024450 0.268533
v -0.114110 0.052838 0.362662
v -0.135165 0.050912 0.343833
v -0.194804 -0.029680 0.183120
v -0.121506 0.021300 0.364910
v -0.191137 -0.007447 0.254712
v -0.045231 -0.162038 0.312744
v -0.014744 -0.108388 0.374871
v -0.053653 -0.136387 0.342455
v -0.067060 -0.119427 0.350003
v -0.103614 -0.133513 0.309540
v -0.123245 -0.153699 0.181232
v -0.130378 -0.145829 0.170973
v -0.125410 -0.147523 0.172020
v -0.117360 -0.154098 0.242737
v -0.136785 -0.143793 0.203646
v -0.137567 -0.141203 0.199000
v -0.139953 -0.137895 0.231821
v -0.067188 -0.107148 0.359297
v -0.074926 -0.093881 0.363719
v -0.112780 -0.156249 0.251040
v -0.108862 -0.148201 0.280080
v -0.077112 -0.084719 0.356305
v -0.088768 -0.083873 0.363059
v -0.096362 -0.081866 0.357425
v -0.109001 -0.083741 0.348008
v -0.112934 -0.107515 0.326610
v -0.128983 -0.074703 0.336808
v -0.114751 -0.092173 0.337187
v -0.127355 -0.117792 0.300922
v -0.144652 -0.115110 0.271054
v -0.140953 -0.108412 0.289315
v -0.141537 -0.097939 0.300338
v -0.138574 -0.130196 0.259795
v -0.166957 -0.101008 0.238363
v -0.150990 -0.112435 0.263277
v -0.167886 -0.105812 0.203704
v -0.157167 -0.119129 0.198686
v -0.155898 -0.117414 0.171267
v -0.157632 -0.118307 0.185517
v -0.165788 -0.103378 0.174290
v -0.038491 -0.031568 0.401770
v -0.183116 -0.075262 0.202089
v -0.173238 -0.089122 0.171648
v -0.049779 -0.012329 0.401465
v -0.094922 -0.051430 0.374701
v -0.125202 -0.051227 0.349771
v -0.116456 -0.029015 0.364261
v -0.142958 -0.081083 0.313582
v -0.134979 -0.053900 0.338992
v -0.149590 -0.044759 0.326270
v -0.164686 -0.068180 0.289016
v -0.147089 -0.077466 0.311055
v -0.164510 -0.092781 0.259793
v -0.179319 -0.057956 0.265759
v -0.118571 -0.017514 0.363663
v -0.125656 -0.005213 0.360071
v -0.137933 0.001288 0.348436
v -0.155049 -0.018334 0.325640
v -0.167131 0.007748 0.314248
v -0.165724 -0.043439 0.306152
v -0.189973 -0.051803 0.230020
v -0.192003 -0.046680 0.196144
v -0.092339 -0.004496 0.384694
v -0.196297 -0.027077 0.197627
v -0.095069 0.039744 0.378901
v -0.150985 0.029814 0.333747
v -0.186567 0.007691 0.273604
v -0.183964 0.011846 0.274245
v -0.193055 -0.024757 0.238962
v -0.178955 0.029068 0.287340
v -0.163223 0.045686 0.310892
v -0.148172 0.051390 0.329488
v -0.170817 0.030262 0.284541
v -0.191253 -0.017698 0.247423
v -0.089877 0.037762 0.370870
v -0.189195 -0.025144 0.203075
v -0.069001 0.018377 0.394627
v -0.060567 0.008542 0.397503
v -0.184348 -0.043171 0.188264
v -0.190509 -0.052128 0.201303
v -0.156062 -0.027131 0.323778
v -0.135487 0.001071 0.337154
v -0.146849 -0.000956 0.339054
v -0.171514 -0.075558 0.263476
v -0.172487 -0.068158 0.269926
v -0.119734 -0.043919 0.357532
v -0.179809 -0.077094 0.180161
v -0.172794 -0.073634 0.195621
v -0.035325 -0.031274 0.392033
v -0.149692 -0.112687 0.186467
v -0.153472 -0.122779 0.201758
v -0.145212 -0.104095 0.259846
v -0.140016 -0.088008 0.312182
v -0.102010 -0.120206 0.323847
v -0.094006 -0.125750 0.325652
v -0.065770 -0.117524 0.337830
v -0.021051 -0.060896 0.397325
v -0.014892 -0.088420 0.386214
v -0.120277 -0.155428 0.224847
v -0.125223 -0.153255 0.201832
v -0.067087 -0.164444 0.283859
v -0.017240 -0.129271 0.358990
v -0.028130 -0.143628 0.337227
v -0.033329 -0.151129 0.332667
v -0.184198 -0.067748 0.202255
v -0.144046 -0.124126 0.202210
v -0.090764 -0.165218 0.266746
v -0.014053 -0.112994 0.359723
v -0.017692 -0.127100 0.347019
v -0.112532 -0.146759 0.238636
v -0.124300 -0.140636 0.171563
v -0.105019 -0.106279 0.319360
v -0.069907 -0.090440 0.356445
v -0.109371 -0.089050 0.329049
v -0.112794 -0.015339 0.356658
v -0.164378 -0.065113 0.266785
v -0.183656 -0.022701 0.238463
v -0.184919 -0.035661 0.174166
v -0.113762 0.050187 0.350327
v -0.166789 0.032925 0.288007
v -0.186279 -0.030035 0.180597
v -0.026688 -0.137006 0.335545
v -0.043728 -0.153989 0.306367
v -0.013559 -0.094058 0.371479
v -0.073892 -0.122251 0.328260
v -0.057892 -0.158488 0.290189
v -0.068423 -0.159283 0.280401
v -0.082367 -0.157377 0.267813
v -0.086935 -0.158458 0.263100
v -0.095244 -0.153571 0.257207
v -0.105858 -0.148516 0.249510
v -0.117457 -0.147106 0.185352
v -0.114472 -0.148063 0.225949
v -0.120183 -0.142882 0.174190
v -0.014785 -0.080839 0.378861
v -0.132705 -0.132434 0.201433
v -0.126308 -0.138619 0.177847
v -0.021551 -0.055431 0.388908
v -0.063432 -0.111870 0.344573
v -0.063833 -0.100250 0.352473
v -0.083749 -0.121703 0.322590
v -0.092214 -0.118065 0.318827
v -0.083502 -0.079740 0.354623
v -0.106425 -0.083180 0.336205
v -0.097480 -0.076725 0.347700
v -0.109153 -0.096112 0.323685
v -0.132615 -0.084187 0.306668
v -0.135009 -0.078098 0.309209
v -0.140479 -0.109062 0.263148
v -0.136942 -0.110299 0.268284
v -0.132984 -0.100983 0.289384
v -0.133771 -0.089367 0.300786
v -0.145445 -0.118804 0.202824
v -0.148839 -0.113793 0.199535
v -0.162485 -0.093075 0.191287
v -0.148912 -0.111289 0.172729
v -0.155691 -0.101684 0.175232
v -0.154071 -0.105390 0.172809
v -0.043677 -0.016121 0.392224
v -0.173886 -0.070572 0.200575
v -0.174646 -0.068704 0.202586
v -0.164996 -0.085808 0.173942
v -0.171563 -0.074148 0.180117
v -0.052286 -0.003602 0.390143
v -0.056388 0.004125 0.389392
v -0.117309 -0.047798 0.345139
v -0.112702 -0.040772 0.351476
v -0.110579 -0.029026 0.355974
v -0.140027 -0.072963 0.306260
v -0.128634 -0.050918 0.332276
v -0.138165 -0.046415 0.323244
v -0.146425 -0.070428 0.297975
v -0.155061 -0.064170 0.287099
v -0.157320 -0.087520 0.257226
v -0.164360 -0.068984 0.261215
v -0.119244 -0.005122 0.352469
v -0.126119 0.000233 0.346233
v -0.148272 -0.015973 0.319639
v -0.144310 -0.004322 0.327036
v -0.182513 -0.045572 0.198515
v -0.182915 -0.040006 0.177989
v -0.182666 -0.036315 0.175380
v -0.065178 0.016820 0.386463
v -0.078060 0.028404 0.378433
v -0.188073 -0.023773 0.223080
v -0.186526 -0.025585 0.195453
v -0.105285 0.049002 0.357575
v -0.129657 0.048866 0.336472
v -0.180432 -0.001637 0.258474
v -0.175639 0.010421 0.271138
v -0.186108 -0.023646 0.231608
v -0.182828 -0.020002 0.243538
v -0.181567 -0.007675 0.252664
v -0.152658 0.044527 0.307939
v -0.142251 0.050138 0.323504
v -0.184495 -0.006304 0.252536
v -0.185728 -0.027240 0.186627
v -0.059272 0.010594 0.390285
v -0.183985 -0.038954 0.174758
v -0.152291 -0.008481 0.330720
v -0.147907 -0.026733 0.317682
v -0.143810 -0.039433 0.319107
v -0.157070 -0.066507 0.286446
v -0.129186 -0.139060 0.191245
v -0.017375 -0.065676 0.387417
v -0.118699 -0.145554 0.200288
v -0.031702 -0.144473 0.324885
vn -0.0000 -0.7139 -0.7002
vn -0.0000 -0.9265 0.3764
vn -0.0000 -0.3891 -0.9212
vn -0.1831 -0.4421 0.8781
vn -0.0000 -0.0999 -0.9950
vn -0.0000 -0.7139 0.7002
vn -0.0000 -0.4785 0.8781
vn -0.0382 -0.0923 -0.9950
vn -0.0000 -1.0000 -0.0000
vn -0.2732 -0.6596 0.7002
vn -0.2732 -0.6596 -0.7002
vn -0.2751 -0.2751 -0.9212
vn -0.1489 -0.3594 -0.9212
vn -0.3827 -0.9239 -0.0000
vn -0.3545 -0.8559 -0.3764
vn -0.3384 -0.3384 0.8781
vn -0.0707 -0.0707 -0.9950
vn -0.5048 -0.5048 0.7002
vn -0.5048 -0.5048 -0.7002
vn -0.3594 -0.1489 -0.9212
vn -0.7071 -0.7071 -0.0000
vn -0.6551 -0.6551 0.3764
vn -0.6551 -0.6551 -0.3764
vn -0.4421 -0.1831 0.8781
vn -0.0923 -0.0382 -0.9950
vn -0.8559 -0.3545 0.3764
vn -0.6596 -0.2732 -0.7002
vn -1.0000 -0.0000 -0.0000
vn -0.9239 -0.3827 -0.0000
vn -0.8559 -0.3546 -0.3764
vn -0.4785 -0.0000 0.8781
vn -0.0999 -0.0000 -0.9950
vn -0.6596 -0.2732 0.7002
vn -0.7139 -0.0000 -0.7002
vn -0.9265 -0.0000 0.3764
vn -0.3891 -0.0000 -0.9212
vn -0.9239 0.3827 -0.0000
vn -0.9265 -0.0000 -0.3764
vn -0.4421 0.1831 0.8781
vn -0.0923 0.0382 -0.9950
vn -0.7139 -0.0000 0.7002
vn -0.8560 0.3545 0.3764
vn -0.3594 0.1489 -0.9212
vn -0.7071 0.7071 -0.0000
vn -0.8559 0.3546 -0.3764
vn -0.3384 0.3384 0.8781
vn -0.0707 0.0707 -0.9950
vn -0.6596 0.2732 0.7002
vn -0.6596 0.2732 -0.7002
vn -0.2751 0.2751 -0.9212
vn -0.3545 0.8559 -0.3764
vn -0.6551 0.6551 -0.3764
vn -0.1831 0.4421 0.8781
vn -0.0382 0.0923 -0.9950
vn -0.5048 0.5048 0.7002
vn -0.5048 0.5048 -0.7002
vn -0.6551 0.6551 0.3764
vn -0.3827 0.9239 -0.0000
vn -0.1489 0.3594 -0.9212
vn -0.0000 0.9265 -0.3764
vn -0.0000 0.4785 0.8781
vn -0.0000 0.0999 -0.9950
vn -0.2732 0.6596 0.7002
vn -0.2732 0.6596 -0.7002
vn -0.3545 0.8559 0.3764
vn -0.0000 1.0000 -0.0000
vn 0.3545 0.8559 -0.3764
vn 0.1831 0.4421 0.8781
vn 0.0382 0.0923 -0.9950
vn -0.0000 0.7139 0.7002
vn -0.0000 0.7139 -0.7002
vn -0.0000 0.9265 0.3764
vn -0.0000 0.3891 -0.9212
vn 0.5048 0.5048 0.7002
vn 0.3384 0.3384 0.8781
vn 0.0707 0.0707 -0.9950
vn 0.2732 0.6596 0.7002
vn 0.2732 0.6596 -0.7002
vn 0.3545 0.8559 0.3764
vn 0.1489 0.3594 -0.9212
vn 0.3827 0.9239 -0.0000
vn 0.9239 0.3827 -0.0000
vn 0.3827 -0.9239 -0.0000
vn 0.4421 0.1831 0.8781
vn 0.6551 0.6551 -0.3764
vn 0.9239 -0.3827 -0.0000
vn 0.0923 0.0382 -0.9950
vn 0.6596 0.2732 -0.7002
vn 0.5048 0.5048 -0.7002
vn 0.6551 0.6551 0.3764
vn 0.2751 0.2751 -0.9212
vn 0.7071 0.7071 -0.0000
vn 0.8559 0.3545 -0.3764
vn 0.0999 -0.0000 -0.9950
vn 0.7139 -0.0000 -0.7002
vn 0.8559 0.3545 0.3764
vn 0.6596 0.2732 0.7002
vn 0.3594 0.1489 -0.9212
vn 0.4785 -0.0000 0.8781
vn 1.0000 -0.0000 -0.0000
vn 0.0923 -0.0382 -0.9950
vn 0.7139 -0.0000 0.7002
vn 0.8559 -0.3545 0.3764
vn 0.9265 -0.0000 0.3764
vn 0.3891 -0.0000 -0.9212
vn 0.9265 -0.0000 -0.3764
vn 0.4421 -0.1831 0.8781
vn 0.7071 -0.7071 -0.0000
vn 0.6596 -0.2732 0.7002
vn 0.6596 -0.2732 -0.7002
vn 0.2751 -0.2751 -0.9212
vn 0.3594 -0.1489 -0.9212
vn 0.8559 -0.3546 -0.3764
vn 0.3384 -0.3384 0.8781
vn 0.0707 -0.0707 -0.9950
vn 0.5048 -0.5048 0.7002
vn 0.5048 -0.5048 -0.7002
vn 0.3545 -0.8559 0.3764
vn 0.6551 -0.6551 0.3764
vn 0.6551 -0.6551 -0.3764
vn 0.1831 -0.4421 0.8781
vn 0.0382 -0.0923 -0.9950
vn 0.2732 -0.6596 -0.7002
vn -0.0000 -0.9265 -0.3764
vn 0.1489 -0.3594 -0.9212
vn 0.3545 -0.8559 -0.3764
vn -0.0000 -0.0000 1.0000
vn 0.2732 -0.6596 0.7002
vn -0.3545 -0.8559 0.3764
vn -0.4225 0.5009 0.7553
vn -0.4160 0.4442 0.7935
vn -0.5254 0.6200 0.5827
vn -0.3348 0.6555 0.6769
vn -0.4947 0.6618 0.5632
vn -0.5243 0.7686 0.3664
vn -0.4565 0.8031 0.3829
vn -0.3562 0.9234 0.1433
vn -0.3001 0.9255 0.2310
vn -0.3343 0.9385 0.0862
vn -0.0079 0.9907 -0.1362
vn -0.2238 0.5999 0.7682
vn -0.3026 0.3818 0.8733
vn 0.8786 0.4143 0.2375
vn -0.3312 0.5937 0.7333
vn -0.3876 0.7291 0.5641
vn -0.2451 0.7551 0.6081
vn -0.2770 0.8543 0.4397
vn -0.0105 0.7161 0.6979
vn -0.1073 0.7355 0.6689
vn -0.1000 0.6419 0.7602
vn -0.2084 0.8000 0.5627
vn -0.1026 0.8170 0.5674
vn -0.0973 0.8203 0.5636
vn -0.1206 0.9661 0.2281
vn -0.1502 0.9886 -0.0114
vn -0.0656 0.9887 -0.1347
vn -0.1271 0.2972 0.9463
vn 0.0602 0.9980 -0.0182
vn 0.0649 0.9943 0.0851
vn 0.1033 0.9877 0.1170
vn 0.0251 0.9945 -0.1017
vn 0.1112 0.9837 -0.1416
vn 0.0108 0.3076 0.9514
vn 0.1308 0.3591 0.9241
vn 0.1081 0.7225 0.6829
vn -0.7784 -0.2089 0.5920
vn 0.0763 0.8306 0.5517
vn 0.0805 0.8729 0.4812
vn 0.0540 0.9380 0.3425
vn 0.0576 0.9342 0.3522
vn 0.3042 0.7337 0.6076
vn 0.3250 0.6727 0.6647
vn 0.3092 0.7276 0.6124
vn 0.3763 0.8128 0.4447
vn 0.1572 0.9018 0.4025
vn 0.3200 0.9205 0.2240
vn 0.2715 0.9622 0.0209
vn 0.3069 0.9496 -0.0630
vn 0.2133 0.9768 0.0212
vn 0.3715 0.9245 0.0853
vn 0.2929 0.9526 -0.0817
vn 0.3913 0.6669 0.6341
vn 0.4888 0.7585 0.4310
vn 0.3689 0.8242 0.4297
vn 0.8721 0.4270 -0.2392
vn 0.3773 0.9058 0.1929
vn 0.5466 0.6829 0.4845
vn 0.5529 0.5102 0.6588
vn 0.5824 0.5763 0.5733
vn -0.8166 -0.3288 -0.4745
vn 0.0794 0.1403 -0.9869
vn -0.9421 0.3261 -0.0783
vn 0.7730 -0.3964 -0.4954
vn -0.9219 -0.3785 -0.0833
vn -0.0607 -0.8896 -0.4527
vn -0.0145 -0.9940 -0.1081
vn -0.0468 -0.9974 0.0553
vn -0.8682 -0.3770 -0.3226
vn -0.2565 -0.3925 -0.8833
vn -0.0257 -0.8615 -0.5072
vn -0.0602 -0.9496 -0.3077
vn 0.1883 -0.5659 -0.8027
vn 0.3787 -0.5919 -0.7115
vn 0.7347 -0.6693 -0.1109
vn 0.3028 -0.9378 0.1700
vn 0.3025 -0.9379 0.1699
vn -0.8181 0.5751 -0.0001
vn -0.1571 -0.9724 0.1727
vn -0.1538 0.0687 -0.9857
vn 0.1906 0.7599 -0.6215
vn -0.8601 -0.2917 0.4184
vn -0.4342 -0.5344 0.7251
vn 0.2997 0.6982 -0.6501
vn -0.7847 0.4033 -0.4708
vn 0.7975 -0.5689 -0.2007
vn 0.3671 -0.9198 0.1387
vn 0.5638 -0.0483 -0.8245
vn -0.6960 -0.6727 -0.2511
vn 0.4767 -0.2604 -0.8396
vn 0.8626 -0.4376 -0.2539
vn 0.7954 -0.5697 -0.2066
vn 0.7110 -0.2168 -0.6690
vn 0.3792 -0.9131 0.1498
vn 0.2425 -0.9188 0.3114
vn -0.0184 0.2607 -0.9652
vn -0.0225 -0.9336 0.3577
vn -0.1673 -0.2265 -0.9595
vn 0.1504 -0.2600 0.9538
vn 0.9796 0.0885 -0.1802
vn 0.1422 -0.1896 -0.9715
vn -0.9295 -0.2980 -0.2173
vn -0.9051 -0.4201 -0.0659
vn -0.7865 -0.5208 -0.3320
vn -0.8109 -0.3236 -0.4877
vn -0.3427 0.3833 0.8577
vn -0.5194 0.5036 0.6904
vn -0.5607 0.6768 0.4770
vn -0.4206 0.6988 0.5786
vn -0.3879 0.8009 0.4561
vn -0.4222 0.8582 0.2920
vn -0.3496 0.9234 0.1587
vn -0.3087 0.9075 0.2850
vn -0.2922 0.9523 -0.0876
vn -0.3598 0.9310 0.0612
vn -0.1586 0.9630 -0.2179
vn -0.1440 0.9887 0.0414
vn -0.3481 0.9364 -0.0445
vn -0.2732 0.3225 0.9063
vn -0.3483 0.5510 0.7584
vn -0.3194 0.7367 0.5960
vn -0.2356 0.7610 0.6044
vn -0.2408 0.8946 0.3763
vn -0.0227 0.6764 0.7361
vn -0.1163 0.7849 0.6086
vn -0.0714 0.8608 0.5039
vn -0.1452 0.9165 0.3728
vn -0.1193 0.9260 0.3581
vn -0.0757 0.8914 0.4468
vn -0.1348 0.9697 0.2036
vn -0.1414 0.9113 0.3868
vn -0.0336 0.9572 0.2876
vn -0.1810 0.9833 0.0162
vn -0.1224 0.9870 0.1044
vn -0.0453 0.9935 -0.1041
vn -0.0719 0.3485 0.9345
vn -0.1688 0.5393 0.8250
vn -0.1238 0.5375 0.8342
vn -0.2419 0.6112 0.7536
vn -0.0478 0.4691 0.8818
vn 0.0365 0.9947 -0.0956
vn 0.1724 0.2335 0.9570
vn 0.0841 0.4702 0.8785
vn 0.1494 0.5485 0.8227
vn 0.1121 0.6269 0.7710
vn 0.0302 0.6785 0.7340
vn 0.0557 0.6908 0.7209
vn -0.0008 0.8352 0.5499
vn 0.1051 0.7000 0.7064
vn 0.1052 0.8065 0.5818
vn 0.1236 0.7640 0.6333
vn 0.0816 0.9628 0.2575
vn 0.0705 0.9609 0.2676
vn 0.1150 0.9727 0.2017
vn -0.2160 -0.4773 -0.8518
vn 0.2145 0.7665 0.6054
vn 0.3169 0.7696 0.5543
vn 0.2626 0.8868 0.3803
vn 0.2872 0.9260 0.2450
vn 0.4674 0.8546 0.2262
vn -0.0957 -0.2953 -0.9506
vn 0.3012 0.9532 0.0259
vn 0.2814 0.3525 0.8925
vn 0.2199 0.5553 0.8020
vn 0.2497 0.5403 0.8036
vn 0.3275 0.3954 0.8582
vn 0.3115 0.4018 0.8611
vn 0.4428 0.3897 0.8075
vn 0.3830 0.6136 0.6906
vn 0.5017 0.5061 0.7015
vn 0.3814 0.6195 0.6861
vn 0.4324 0.8584 0.2759
vn 0.5316 0.6540 0.5382
vn -0.8198 0.4020 -0.4077
vn 0.7929 -0.6038 -0.0817
vn 0.6684 -0.0193 -0.7436
vn -0.9331 -0.3489 0.0875
vn -0.1680 -0.1048 -0.9802
vn 0.1454 -0.1729 -0.9741
vn -0.8102 0.4040 -0.4248
vn 0.7126 -0.0262 -0.7011
vn 0.7744 0.1347 0.6181
vn -0.2434 0.7490 -0.6163
vn -0.9957 -0.0904 0.0189
vn 0.9414 -0.0009 -0.3374
vn 0.9729 -0.2290 -0.0311
vn -0.1382 0.8238 -0.5498
vn -0.6047 -0.6755 0.4221
vn 0.7610 -0.2779 0.5862
vn -0.6364 0.5703 -0.5194
vn 0.8835 -0.1947 -0.4261
vn 0.7864 0.1775 -0.5917
vn 0.1725 0.7726 -0.6110
vn 0.9658 -0.0309 -0.2576
vn 0.6393 0.7205 -0.2685
vn 0.1607 -0.2782 0.9470
vn -0.1239 -0.7000 -0.7033
vn 0.0128 -0.9959 0.0893
vn -0.0411 -0.9970 0.0659
vn 0.0473 -0.7960 -0.6034
vn -0.9891 -0.1020 -0.1062
vn 0.3992 -0.2842 -0.8717
vn 0.8698 0.2435 -0.4292
vn 0.6317 0.6974 -0.3385
vn -0.9985 0.0231 0.0491
vn 0.4199 -0.5674 0.7084
vn 0.3659 -0.5980 -0.7131
vn 0.7713 -0.4738 0.4251
vn -0.3707 -0.5690 0.7341
vn 0.3870 0.3755 -0.8422
vn 0.9566 0.2194 -0.1919
vn 0.5985 -0.4582 -0.6572
vn -0.9040 -0.3844 -0.1870
vn -0.2345 -0.2747 0.9325
vn 0.1265 -0.4927 0.8609
vn 0.9342 -0.3367 -0.1180
vn 0.9570 -0.1289 -0.2598
vn 0.8098 -0.4758 -0.3434
vn 0.6455 0.0248 -0.7633
vn 0.7698 -0.2123 -0.6020
vn 0.9273 -0.3738 0.0174
vn 0.7150 -0.2897 -0.6362
vn 0.5203 -0.8400 0.1541
vn 0.4223 -0.8981 0.1228
vn 0.9544 -0.2935 -0.0543
vn 0.9545 -0.2932 -0.0542
vn -0.8867 0.2886 -0.3611
vn -0.8987 0.3422 -0.2743
vn -0.9111 0.3244 -0.2541
vn -0.6710 0.0906 -0.7359
vn -0.4954 -0.3949 0.7737
vn -0.0498 -0.6271 0.7774
vn -0.8044 0.1925 0.5621
vn -0.5617 0.7594 -0.3282
vn -0.2263 -0.2937 0.9287
vn 0.7223 0.4446 -0.5297
vn 0.9952 -0.0966 -0.0159
vn 0.5240 -0.0913 -0.8468
vn -0.0328 -0.9689 0.2453
vn -0.0254 0.1804 -0.9833
vn -0.9789 -0.2008 -0.0384
vn -0.5008 -0.0971 -0.8601
vn 0.2185 0.5319 -0.8181
vn -0.9235 -0.3055 0.2318
vn -0.6885 -0.5767 0.4396
vn 0.7837 -0.0908 0.6145
vn 0.9016 0.1364 -0.4106
vn -0.3566 -0.3480 -0.8670
vn -0.9569 -0.2593 0.1311
vn -0.8551 -0.2068 -0.4754
vn -0.5746 -0.0619 -0.8161
vn -0.6537 0.0271 -0.7563
vn -0.7675 -0.1075 -0.6320
vn -0.5556 -0.8288 0.0657
vn -0.8002 -0.3595 -0.4801
vn -0.8402 -0.4872 -0.2380
vn -0.6530 -0.7540 -0.0712
vn -0.3328 0.6812 -0.6521
vn -0.1892 0.9736 0.1275
vn 0.3273 0.6124 0.7196
vn -0.9420 0.3304 0.0590
vn 0.1635 0.3334 0.9285
vn 0.5103 0.4705 0.7198
vn 0.8291 0.3788 -0.4112
vn 0.4505 -0.8813 0.1428
vn -0.8894 -0.4531 -0.0602
vn -0.9442 -0.3032 0.1286
vn -0.6570 -0.7467 0.1039
vn -0.8310 -0.5122 -0.2170
vn 0.1834 -0.1201 -0.9757
vn -0.8890 0.1114 -0.4441
vn -0.5444 -0.8314 0.1111
vn -0.8551 -0.1742 -0.4884
vn -0.0251 -0.9575 0.2875
vn 0.7937 -0.0852 -0.6024
vn 0.9011 0.1089 -0.4198
vn -0.0919 -0.7072 -0.7010
vn -0.2127 -0.5903 -0.7787
vn -0.4500 0.1845 0.8738
vn -0.6129 -0.3715 -0.6974
vn 0.3304 -0.5270 -0.7830
vn 0.3302 -0.5274 -0.7828
vn 0.8906 -0.1045 0.4427
vn 0.6624 0.4212 -0.6195
vn 0.6005 -0.2978 0.7421
vn -0.8655 0.2198 -0.4501
vn 0.9822 -0.1789 -0.0579
vn -0.5832 -0.4289 -0.6898
vn 0.9229 0.1756 -0.3427
vn -0.4049 -0.9130 0.0494
vn 0.4708 -0.5743 0.6698
vn -0.4729 -0.0745 -0.8779
vn -0.8423 0.2820 -0.4594
vn 0.7515 -0.4605 -0.4724
vn 0.6009 -0.1214 -0.7900
vn -0.2961 0.7240 -0.6230
vn -0.5852 -0.4048 -0.7027
vn 0.4785 -0.8695 0.1225
vn -0.1968 -0.0902 -0.9763
vn -0.8975 0.3471 -0.2722
vn -0.0207 -0.6849 0.7283
vn -0.7238 0.5900 -0.3578
vn 0.6609 -0.6476 0.3793
vn 0.2479 0.7840 -0.5691
vn 0.9348 0.0806 -0.3459
vn 0.9830 -0.1605 0.0888
vn 0.1129 -0.9554 0.2729
vn 0.8212 -0.1570 -0.5487
vn 0.0106 -0.9590 0.2831
vn -0.3981 -0.8636 0.3094
vn -0.9961 -0.0522 -0.0714
vn 0.8629 0.2598 -0.4334
vn 0.7664 0.2218 -0.6029
vn -0.9970 -0.0250 0.0730
vn -0.8896 -0.0104 -0.4567
vn 0.0122 -0.6987 0.7153
vn 0.4013 -0.5230 0.7520
vn 0.9316 0.2610 0.2531
vn -0.7949 -0.3255 -0.5120
vn -0.7065 -0.1379 0.6942
vn -0.8493 -0.5141 -0.1196
vn -0.4134 0.6930 -0.5907
vn -0.6837 -0.5969 -0.4198
vn -0.5079 0.4113 -0.7568
vn 0.9281 -0.3155 -0.1976
vn 0.6625 -0.7238 -0.1928
vn 0.9522 -0.3001 -0.0569
vn -0.0661 -0.9592 0.2751
vn 0.8276 -0.3804 -0.4127
vn -0.9593 0.2229 -0.1733
vn 0.9832 -0.1625 0.0827
vn -0.0692 -0.0718 -0.9950
vn 0.9081 0.3908 -0.1507
vn 0.7709 0.3047 -0.5594
vn -0.8067 -0.4584 -0.3731
vn -0.2065 -0.8772 -0.4334
vn 0.4768 0.8760 0.0730
vn 0.3667 -0.5896 0.7196
vn -0.7433 -0.5265 -0.4127
vn -0.7373 -0.6460 -0.1976
vn -0.7422 -0.6421 -0.1920
vn -0.1751 0.8906 -0.4198
vn -0.0943 0.6265 0.7737
vn -0.3013 -0.5714 -0.7633
vn -0.9889 0.0833 0.1228
vn 0.9385 0.1067 -0.3282
vn 0.4528 0.8887 -0.0714
vn -0.0206 0.9926 -0.1196
vn -0.6324 -0.7702 0.0827
vn -0.1911 -0.7746 -0.6029
vn -0.7360 -0.6746 -0.0569
vn -0.3326 -0.8490 -0.4106
vn 0.2539 0.9583 0.1311
vn -0.2240 -0.8750 -0.4292
vn -0.8689 0.4869 0.0893
vn -0.7131 0.3570 -0.6034
vn -0.1231 0.4828 -0.8670
vn -0.5096 -0.8209 -0.2576
vn 0.8121 0.2659 -0.5194
vn 0.1922 -0.4707 0.8611
vn 0.6367 -0.6708 0.3803
vn 0.7930 -0.5521 0.2575
vn -0.6536 -0.0860 0.7520
vn -0.5466 -0.6327 -0.5487
vn 0.3431 -0.4864 0.8036
vn 0.3709 -0.4681 0.8020
vn 0.5566 -0.5690 0.6054
vn -0.3976 -0.8499 -0.3459
vn -0.8913 -0.2486 0.3793
vn 0.8729 0.3318 -0.3578
vn 0.7825 -0.2922 -0.5498
vn 0.8205 0.0975 0.5632
vn -0.4715 -0.8148 -0.3374
vn 0.8876 -0.0645 0.4561
vn 0.8155 0.0149 0.5786
vn -0.0578 0.9415 -0.3320
vn -0.4639 -0.2826 -0.8396
vn -0.9804 0.1281 0.1498
vn -0.9170 0.2494 0.3114
vn -0.5358 -0.7190 0.4427
vn 0.9543 -0.0635 0.2920
vn 0.0336 -0.7842 -0.6195
vn 0.1774 0.8908 0.4184
vn 0.2095 0.9693 0.1286
vn 0.8432 -0.5290 -0.0956
vn 0.5628 -0.5450 -0.6215
vn -0.5882 0.8072 0.0494
vn -0.8915 -0.4062 -0.2007
vn 0.7416 0.4779 -0.4708
vn -0.3237 -0.4641 -0.8245
vn 0.7571 0.6506 0.0590
vn -0.6460 -0.7611 -0.0579
vn 0.4549 -0.6086 -0.6501
vn -0.8166 0.5005 0.2875
vn -0.7922 0.5270 -0.3077
vn 0.0808 0.8196 0.5672
vn 0.4302 -0.1931 0.8818
vn 0.9744 -0.1590 0.1587
vn 0.0818 -0.1389 -0.9869
vn 0.7365 0.6269 -0.2541
vn 0.8619 -0.4885 -0.1362
vn 0.7853 -0.5158 0.3425
vn 0.7802 -0.5170 0.3522
vn 0.7764 -0.1653 0.6081
vn 0.8252 -0.0289 0.5641
vn 0.9238 -0.0062 0.3829
vn 0.9777 -0.1532 0.1433
vn 0.1654 -0.7339 0.6588
vn 0.5927 0.1381 0.7935
vn 0.5410 0.7142 -0.4441
vn 0.4125 -0.8026 0.4310
vn 0.2350 -0.1144 -0.9652
vn 0.8487 -0.5190 -0.1017
vn 0.8784 -0.1873 0.4397
vn 0.1191 0.9751 -0.1870
vn 0.6372 -0.7374 0.2240
vn -0.8103 -0.5282 -0.2539
vn 0.2066 0.9540 -0.2173
vn -0.4457 -0.2036 -0.8717
vn -0.4478 0.8872 0.1111
vn 0.5293 -0.7316 0.4297
vn 0.5958 -0.7796 0.1929
vn 0.6060 -0.2343 0.7602
vn 0.5725 -0.3654 0.7340
vn 0.1235 0.8716 -0.4745
vn 0.3847 0.2975 0.8738
vn -0.1957 -0.0987 -0.9757
vn -0.4056 -0.4597 -0.7900
vn -0.0663 -0.9687 -0.2392
vn 0.6785 -0.7300 -0.0817
vn 0.3378 -0.1120 0.9345
vn 0.4868 -0.4106 0.7710
vn 0.1252 0.8640 -0.4877
vn -0.3509 -0.5692 -0.7436
vn -0.7874 -0.6162 0.0174
vn 0.8342 -0.5512 -0.0182
vn 0.7457 0.6072 -0.2743
vn -0.3265 0.9425 -0.0712
vn 0.6301 0.1485 -0.7622
vn 0.4358 0.7756 -0.4567
vn 0.3503 0.5526 -0.7563
vn 0.0064 0.9278 -0.3731
vn -0.7976 0.5368 0.2751
vn 0.6102 0.2342 -0.7568
vn 0.1317 -0.5229 -0.8422
vn -0.5182 0.3566 0.7774
vn -0.7008 -0.0179 -0.7131
vn -0.8227 0.5128 0.2453
vn -0.9876 -0.0306 0.1541
vn 0.6933 0.6237 -0.3611
vn -0.7312 -0.6800 -0.0542
vn 0.3155 0.9481 -0.0384
vn -0.6112 0.3388 0.7153
vn 0.2907 0.7184 -0.6320
vn -0.9581 -0.2118 -0.1928
vn -0.4705 -0.6333 0.6145
vn -0.7013 -0.0799 0.7084
vn -0.8429 0.5341 0.0659
vn 0.3043 -0.9139 -0.2685
vn -0.0067 0.1979 -0.9802
vn -0.2225 -0.0395 -0.9741
vn 0.1644 0.9825 0.0875
vn 0.7549 0.4996 -0.4248
vn -0.8169 -0.4634 -0.3434
vn -0.9194 -0.3848 -0.0817
vn 0.1787 -0.4813 0.8582
vn -0.7587 -0.6407 -0.1180
vn -0.5901 -0.7644 -0.2598
vn 0.5080 -0.6593 0.5543
vn 0.1156 0.8511 -0.5120
vn 0.8068 0.0115 -0.5907
vn -0.2398 -0.9373 0.2531
vn -0.5488 0.7766 0.3094
vn 0.2338 0.6808 0.6942
vn -0.6305 -0.7711 0.0888
vn 0.9421 -0.3349 0.0162
vn -0.5828 0.3604 0.7283
vn 0.8599 -0.3332 0.3868
vn 0.8457 -0.4495 0.2876
vn -0.6211 -0.5201 0.5862
vn -0.2826 0.8614 0.4221
vn -0.6847 -0.7281 -0.0311
vn 0.8952 -0.2388 0.3763
vn 0.7703 -0.1637 -0.6163
vn 0.4196 0.9075 0.0189
vn 0.1645 -0.4200 0.8925
vn -0.2079 0.2306 -0.9506
vn 0.6749 -0.7374 0.0259
vn 0.8663 -0.3325 0.3728
vn 0.9133 -0.3441 -0.2179
vn -0.2346 0.9391 -0.2511
vn -0.5581 -0.3712 0.7421
vn 0.6231 0.6397 -0.4501
vn -0.6217 -0.0225 -0.7829
vn -0.6219 -0.0223 -0.7828
vn -0.6217 -0.0227 -0.7830
vn 0.1160 -0.2661 0.9570
vn -0.2457 0.6433 0.7251
vn 0.0204 0.2156 -0.9763
vn 0.8616 -0.3597 0.3581
vn -0.9885 0.0505 0.1428
vn 0.7493 0.6037 -0.2722
vn -0.0579 0.7092 -0.7027
vn -0.4048 0.4793 -0.7787
vn -0.0865 -0.9074 -0.4112
vn -0.4706 -0.6447 -0.6024
vn -0.1125 0.2581 -0.9595
vn -0.0798 0.7196 -0.6898
vn -0.9801 0.1420 0.1387
vn 0.2881 -0.8958 -0.3385
vn 0.2766 0.8276 -0.4884
vn 0.6654 0.5884 -0.4594
vn 0.1664 0.4823 -0.8601
vn -0.5813 -0.8136 -0.0159
vn -0.6084 -0.4744 -0.6362
vn 0.9402 -0.1864 0.2850
vn -0.8403 0.5392 0.0553
vn 0.7581 0.5090 -0.4077
vn 0.0887 0.9939 -0.0659
vn 0.7969 -0.5416 0.2676
vn -0.8358 0.4704 0.2831
vn 0.9071 0.4209 -0.0001
vn -0.2353 -0.0284 -0.9715
vn 0.5829 -0.5357 -0.6109
vn 0.6727 0.7193 -0.1733
vn 0.1689 -0.0682 -0.9833
vn -0.7298 -0.4712 -0.4954
vn 0.1875 -0.6876 0.7015
vn -0.4899 0.1368 0.8609
vn -0.1412 0.3429 0.9287
vn 0.2337 0.5286 -0.8161
vn 0.5064 -0.8321 0.2262
vn -0.0805 -0.9681 0.2375
vn 0.9799 -0.1797 0.0862
vn 0.9516 -0.2029 0.2310
vn 0.7351 -0.0378 0.6769
vn 0.5536 -0.4410 0.7064
vn 0.6503 -0.0961 0.7536
vn 0.2083 0.7786 0.5920
vn 0.2484 0.8440 -0.4754
vn 0.6690 -0.7406 -0.0630
vn 0.9708 -0.2231 -0.0876
vn 0.7996 0.1450 0.5827
vn 0.9282 -0.3697 0.0414
vn -0.6104 -0.6677 -0.4261
vn 0.6513 0.0261 0.7584
vn 0.3458 -0.6401 0.6861
vn 0.6254 -0.3490 0.6979
vn 0.8286 -0.5533 0.0851
vn 0.7024 -0.5870 0.4025
vn 0.2456 -0.2928 0.9241
vn -0.7020 -0.0319 -0.7115
vn 0.2079 -0.7925 0.5733
vn 0.7534 0.6529 -0.0783
vn 0.2070 -0.3083 0.9285
vn -0.8536 0.5096 -0.1081
vn 0.1332 0.9876 -0.0833
vn 0.1077 0.9404 -0.3226
vn -0.5665 0.4332 -0.7010
vn 0.7751 -0.1056 -0.6230
vn -0.9635 0.2067 0.1700
vn -0.9635 0.2070 0.1699
vn -0.7327 -0.1205 0.6698
vn -0.3094 -0.8870 -0.3427
vn 0.1364 0.0989 -0.9857
vn -0.7635 0.6222 0.1727
vn -0.5432 -0.5074 -0.6690
vn 0.6149 -0.7840 0.0853
vn 0.7393 -0.6731 0.0212
vn -0.4132 -0.8926 -0.1802
vn 0.5033 0.1051 0.8577
vn 0.7379 -0.2917 0.6086
vn 0.5550 -0.6067 -0.5691
vn 0.5273 -0.1615 0.8342
vn 0.7157 -0.5062 0.4812
vn 0.7237 -0.4169 0.5499
vn 0.6458 -0.4944 0.5818
vn 0.7849 -0.5859 0.2017
vn 0.7769 -0.1765 0.6044
vn -0.3789 -0.6040 -0.7011
vn -0.2705 -0.7381 0.6181
vn -0.1156 -0.9818 -0.1507
vn -0.3410 -0.4081 -0.8468
vn 0.5689 0.6004 0.5621
vn 0.1972 0.9526 0.2318
vn -0.3074 0.6055 0.7341
vn -0.7959 -0.4311 0.4251
vn -0.2883 -0.9381 -0.1919
vn 0.3209 -0.0385 0.9463
vn 0.0888 0.8727 -0.4801
vn 0.7563 -0.0524 -0.6521
vn 0.9378 -0.3230 0.1275
vn 0.7589 -0.3197 0.5674
vn -0.6960 -0.2892 -0.6572
vn 0.6583 -0.7117 0.2450
vn 0.0523 0.9968 -0.0602
vn -0.7972 0.4863 0.3577
vn 0.9159 -0.3875 0.1044
vn -0.0153 0.7166 -0.6974
vn -0.7332 0.4530 -0.5072
vn -0.9923 0.0203 0.1225
vn 0.8970 -0.3787 0.2281
vn -0.5442 0.4573 -0.7033
vn -0.0018 0.9713 -0.2380
vn 0.6906 -0.2748 0.6689
vn 0.5999 -0.4890 0.6333
vn -0.8442 0.5055 0.1783
vn -0.4400 0.8956 0.0657
vn 0.4140 0.5358 -0.7359
vn 0.3652 -0.3079 0.8785
vn 0.1523 -0.6772 0.7198
vn -0.0276 0.0959 -0.9950
vn 0.4819 0.0711 0.8733
vn 0.6314 -0.1061 0.7682
vn 0.6798 -0.0100 0.7333
vn 0.9278 0.0698 0.3664
vn 0.6451 0.1155 0.7553
vn 0.5272 -0.8037 0.2759
vn 0.4201 -0.6179 0.6647
vn 0.2610 -0.1632 0.9514
vn 0.8665 0.1472 0.4770
vn 0.4833 -0.6303 0.6076
vn 0.8890 -0.4375 -0.1347
vn 0.4756 -0.6316 0.6123
vn 0.8038 -0.5833 0.1170
vn 0.3006 -0.7874 0.5382
vn 0.6811 -0.4814 0.5517
vn 0.6958 0.1980 0.6904
vn 0.3181 -0.8149 0.4845
vn -0.2116 0.4184 -0.8833
vn -0.1206 0.3405 0.9325
vn 0.9313 -0.3642 -0.0114
vn -0.5842 0.1199 -0.8027
vn -0.7746 -0.4205 -0.4724
vn 0.1720 0.4468 -0.8779
vn 0.9862 -0.1539 0.0612
vn -0.3004 -0.0003 0.9538
vn 0.4159 0.0753 0.9063
vn 0.7812 -0.3686 0.5039
vn 0.8098 -0.3801 0.4468
vn 0.9072 -0.3681 0.2036
vn 0.5515 -0.1235 0.8250
vn -0.8839 0.3799 0.2729
vn 0.4003 -0.4036 0.8227
vn 0.7963 -0.5881 -0.1416
vn -0.3053 0.4257 -0.8518
vn 0.1161 -0.5784 0.8075
vn 0.3399 -0.6384 0.6906
vn -0.3213 -0.0001 0.9470
vn 0.4062 0.9076 -0.1062
vn -0.2394 -0.7698 -0.5917
vn 0.5716 -0.4548 0.6829
vn -0.1216 -0.8199 -0.5594
vn 0.3514 -0.4552 -0.8181
vn 0.6976 -0.7162 0.0209
vn 0.7590 -0.3259 0.5636
vn 0.5192 0.8532 0.0491
vn 0.7970 -0.2195 0.5627
vn 0.5972 -0.3186 0.7361
vn -0.9470 -0.3016 -0.1109
vn -0.3562 -0.8348 -0.4198
vn -0.7401 0.4973 -0.4527
vn 0.3819 -0.6723 0.6341
vn -0.0281 0.9758 -0.2170
vn 0.5158 -0.7323 0.4447
vn 0.9850 -0.1667 -0.0445
vn 0.5704 -0.3936 0.7209
vn 0.0238 -0.8479 -0.5297
vn -0.5688 -0.5605 -0.6020
vn -0.1552 0.8847 0.4396
vn -0.5589 0.1886 0.8075
vn 0.1605 0.2783 0.9470
vn 0.8371 -0.5437 -0.0602
vn -0.6261 -0.2972 0.7209
vn 0.2123 0.9709 -0.1110
vn 0.9752 -0.1956 0.1039
vn -0.5886 -0.5804 0.5627
vn -0.1678 0.7241 -0.6690
vn -0.7903 0.2162 0.5733
vn -0.4790 -0.6184 -0.6230
vn -0.8029 -0.1773 -0.5691
vn 0.5214 0.0516 -0.8518
vn -0.6618 -0.4944 0.5636
vn -0.5449 0.7259 -0.4198
vn -0.7228 0.0249 0.6906
vn -0.7462 0.4033 -0.5297
vn -0.1829 0.4994 -0.8468
vn 0.7263 -0.6471 0.2318
vn 0.5701 -0.5697 0.5920
vn -0.9738 -0.0225 0.2262
vn -0.6587 -0.2590 0.7064
vn 0.2355 -0.7929 0.5621
vn 0.3635 0.3559 0.8609
vn -0.1435 -0.1121 -0.9833
vn 0.6431 -0.3044 -0.7027
vn -0.0424 0.6690 0.7421
vn -0.4460 0.0675 0.8925
vn -0.6797 -0.2676 0.6829
vn 0.7709 0.5755 0.2729
vn 0.5380 0.8308 0.1428
vn -0.7424 -0.5663 0.3581
vn -0.7547 -0.6189 -0.2179
vn -0.7341 -0.5113 0.4468
vn 0.1500 0.2603 0.9538
vn -0.6264 -0.7771 0.0612
vn 0.0931 0.2180 -0.9715
vn -0.1909 0.9615 -0.1976
vn 0.8253 0.4887 0.2831
vn -0.5187 0.1474 -0.8422
vn 0.8637 0.4223 0.2751
vn 0.9795 -0.1885 -0.0712
vn 0.7229 -0.6559 -0.2173
vn -0.1953 0.5811 -0.7900
vn -0.8058 0.5417 -0.2392
vn -0.7875 -0.1034 0.6076
vn -0.1023 -0.6455 -0.7568
vn -0.9596 -0.0547 0.2759
vn -0.9572 -0.1831 0.2240
vn 0.8421 -0.4840 -0.2380
vn -0.7611 -0.6485 0.0162
vn 0.7849 -0.5907 -0.1871
vn -0.9070 -0.4045 0.1170
vn -0.8982 -0.0927 0.4297
vn 0.9922 -0.0557 0.1111
vn -0.5059 -0.4076 0.7602
vn 0.8197 0.4473 0.3577
vn -0.2718 -0.1444 0.9514
vn 0.0465 0.4878 -0.8717
vn -0.4493 -0.1623 0.8785
vn -0.6216 -0.7701 0.1433
vn -0.4783 -0.6450 0.5960
vn 0.4727 -0.5429 0.6942
vn 0.5680 0.2704 0.7774
vn -0.3824 -0.2760 0.8818
vn 0.0174 -0.1675 -0.9857
vn -0.3769 -0.8662 -0.3282
vn -0.3948 -0.7137 0.5786
vn 0.8442 -0.4207 -0.3320
vn -0.5689 0.7126 -0.4106
vn -0.2162 0.9747 -0.0569
vn 0.8588 -0.2936 -0.4198
vn 0.5897 -0.2316 0.7737
vn 0.8525 0.4226 -0.3077
vn 0.5202 -0.8509 0.0730
vn 0.9956 -0.0668 0.0657
vn -0.2401 0.5124 -0.8245
vn -0.5990 -0.2163 0.7710
vn -0.7710 -0.1975 0.6054
vn 0.7030 -0.6990 0.1311
vn -0.6149 -0.3671 0.6979
vn -0.6960 0.3630 -0.6195
vn 0.6930 -0.5427 -0.4745
vn 0.1530 -0.9494 -0.2743
vn -0.4003 -0.6177 0.6769
vn 0.2570 -0.6264 -0.7359
vn 0.1849 -0.9810 0.0590
vn -0.3361 0.9400 -0.0579
vn 0.6657 0.4390 -0.6034
vn 0.8873 -0.1859 0.4221
vn 0.6694 -0.4798 0.5672
vn -0.1794 -0.4529 0.8733
vn 0.6682 0.2427 -0.7033
vn 0.4681 -0.0259 -0.8833
vn 0.0431 -0.8812 -0.4708
vn 0.9932 0.1058 0.0494
vn -0.3669 0.8932 -0.2598
vn -0.1399 0.7980 0.5862
vn -0.1865 -0.6199 -0.7622
vn 0.1769 -0.8705 -0.4594
vn 0.7887 -0.6091 -0.0833
vn -0.2746 0.7897 -0.5487
vn -0.6135 0.7114 -0.3427
vn -0.6563 -0.4974 0.5674
vn 0.8438 -0.3079 0.4396
vn 0.5829 -0.8056 -0.1062
vn -0.6683 0.7187 -0.1919
vn -0.8378 -0.5360 -0.1041
vn -0.2010 0.7728 -0.6020
vn -0.5745 -0.3579 0.7361
vn -0.3030 -0.5771 0.7584
vn -0.9864 -0.1406 0.0853
vn -0.7272 0.0206 0.6861
vn -0.7510 -0.3121 0.5818
vn 0.6584 0.2740 -0.7010
vn 0.2620 0.6948 0.6698
vn 0.6607 0.7311 0.1700
vn -0.3336 0.6302 -0.7011
vn -0.5469 0.5922 -0.5917
vn -0.1938 -0.2587 0.9463
vn -0.6369 -0.7697 -0.0445
vn -0.7925 0.5910 -0.1507
vn -0.6786 -0.7292 -0.0876
vn -0.7981 0.5538 0.2375
vn 0.3675 -0.0492 0.9287
vn -0.4139 0.9102 -0.0159
vn -0.6315 -0.7211 0.2850
vn 0.3345 -0.3852 -0.8601
vn -0.1066 0.7641 -0.6362
vn 0.1887 -0.9789 -0.0783
vn 0.5784 -0.6534 -0.4884
vn 0.1482 -0.9508 -0.2722
vn 0.3233 0.6239 -0.7115
vn -0.3705 -0.0251 0.9285
vn 0.9306 -0.2664 -0.2511
vn -0.5699 -0.0767 -0.8181
vn 0.4793 -0.8763 0.0491
vn -0.6493 0.5153 -0.5594
vn -0.9075 -0.3955 -0.1416
vn -0.9690 -0.2460 0.0209
vn -0.3827 -0.4158 0.8250
vn 0.6793 -0.5257 -0.5120
vn -0.1427 -0.3978 0.9063
vn -0.5061 0.0859 0.8582
vn 0.1265 0.9886 -0.0817
vn 0.2866 -0.9422 -0.1733
vn -0.7554 -0.2369 -0.6110
vn -0.0890 -0.9960 -0.0001
vn 0.2814 0.6473 0.7084
vn 0.8164 -0.5738 -0.0659
vn -0.8675 -0.4194 0.2676
vn 0.1765 -0.1254 -0.9763
vn -0.2884 0.0326 0.9570
vn 0.6800 -0.1088 0.7251
vn 0.0771 0.2124 -0.9741
vn 0.1935 -0.9122 -0.3611
vn -0.6027 -0.3131 0.7340
vn -0.8234 -0.5512 -0.1347
vn -0.7451 -0.0549 0.6647
vn -0.2225 -0.6164 0.7553
vn -0.3526 0.9316 0.0888
vn -0.0523 0.9658 -0.2539
vn 0.3959 0.4460 -0.8027
vn 0.7687 -0.6336 0.0875
vn -0.7764 -0.5875 0.2281
vn 0.0231 0.8811 -0.4724
vn 0.3009 -0.3724 -0.8779
vn 0.0968 -0.0240 -0.9950
vn 0.7589 0.4085 -0.5072
vn -0.6626 0.2067 0.7198
vn -0.2659 -0.2365 0.9345
vn -0.3058 -0.8240 0.4770
vn -0.9731 -0.1262 0.1929
vn 0.6067 -0.6371 -0.4754
vn 0.8599 0.4783 0.1783
vn -0.8322 0.1333 0.5382
vn -0.5039 0.6033 0.6181
vn -0.4036 -0.3759 0.8342
vn 0.7606 -0.5634 -0.3226
vn 0.3349 0.6159 -0.7131
vn -0.4376 -0.7002 0.5641
vn -0.9198 0.1984 -0.3385
vn -0.1399 0.9900 0.0174
vn 0.3036 0.0647 -0.9506
vn -0.5497 -0.1449 0.8227
vn 0.3480 -0.8256 -0.4441
vn -0.8944 -0.4468 -0.0182
vn -0.6892 0.1814 0.7015
vn -0.8920 -0.0806 0.4447
vn -0.8999 -0.3867 0.2017
vn -0.1612 -0.0014 -0.9869
vn -0.3230 0.7299 -0.6024
vn -0.3763 -0.0663 0.9241
vn -0.6216 -0.4932 0.6086
vn 0.0247 0.9048 0.4251
vn 0.2912 0.5497 -0.7830
vn 0.2917 0.5497 -0.7828
vn 0.2911 0.5497 -0.7830
vn -0.3509 0.9328 0.0827
vn 0.5666 0.8148 0.1228
vn -0.3442 0.5467 -0.7633
vn -0.0843 0.9069 -0.4127
vn -0.6544 -0.6559 0.3763
vn 0.9469 0.0870 0.3094
vn -0.3258 -0.7594 0.5632
vn 0.6781 -0.0365 0.7341
vn 0.7347 -0.6661 0.1286
vn 0.8555 0.4561 0.2453
vn -0.6940 -0.0227 0.7196
vn 0.6633 -0.7473 -0.0384
vn -0.0432 0.8676 -0.4954
vn 0.2956 0.9357 -0.1928
vn 0.2798 -0.0316 -0.9595
vn -0.6457 0.6315 -0.4292
vn -0.5928 -0.0539 0.8036
vn 0.6827 -0.5990 0.4184
vn -0.1491 -0.9218 -0.3578
vn -0.9013 0.0440 0.4310
vn 0.8417 0.4570 0.2875
vn -0.6249 -0.7644 0.1587
vn -0.7936 -0.5995 0.1044
vn -0.8393 -0.4222 0.3425
vn -0.8540 -0.5022 -0.1362
vn -0.8378 -0.4172 0.3522
vn -0.3486 -0.5837 0.7333
vn 0.3552 -0.0658 0.9325
vn -0.2166 -0.1463 -0.9652
vn -0.1764 -0.7016 0.6904
vn -0.7847 -0.0961 0.6124
vn -0.6014 -0.6671 0.4397
vn -0.8738 -0.4755 -0.1017
vn 0.0123 0.2188 -0.9757
vn -0.7534 -0.2149 -0.6215
vn -0.8797 -0.4658 -0.0956
vn 0.6857 -0.5404 -0.4877
vn 0.4538 -0.7652 -0.4567
vn -0.9437 0.1934 -0.2685
vn -0.7724 -0.6016 0.2036
vn -0.6918 0.6763 0.2531
vn -0.4997 -0.7364 0.4561
vn -0.2882 0.9571 -0.0311
vn -0.5269 -0.5853 -0.6163
vn -0.9761 -0.2158 0.0259
vn -0.3132 0.7241 0.6145
vn 0.8872 0.4581 0.0553
vn 0.0617 -0.9110 -0.4077
vn -0.7732 0.0054 0.6341
vn -0.1606 -0.4884 0.8577
vn -0.9525 -0.3037 0.0212
vn -0.5413 -0.5846 0.6044
vn -0.7843 -0.6191 0.0414
vn -0.2742 -0.7650 0.5827
vn -0.2731 0.8625 -0.4261
vn 0.2523 0.6090 0.7520
vn 0.7114 -0.5132 -0.4801
vn 0.0976 0.7474 -0.6572
vn -0.9456 -0.2143 0.2450
vn -0.4561 0.8518 -0.2576
vn -0.8935 -0.4409 0.0851
vn 0.2424 -0.8594 -0.4501
vn 0.5137 0.8492 0.1225
vn -0.9715 -0.2226 -0.0817
vn -0.3934 -0.7045 -0.5907
vn -0.4076 -0.4938 0.7682
vn -0.4672 -0.7969 0.3829
vn -0.7810 -0.6244 -0.0114
vn -0.1758 -0.8363 -0.5194
vn -0.6456 -0.7588 0.0862
vn -0.4235 -0.6288 -0.6521
vn 0.4797 -0.1348 -0.8670
vn 0.5761 -0.8171 0.0189
vn 0.0957 0.9737 -0.2066
vn -0.7486 -0.6506 0.1275
vn 0.9206 0.3501 0.1727
vn 0.6035 0.3245 0.7283
vn 0.6282 -0.3451 -0.6974
vn 0.8007 0.3923 -0.4527
vn 0.8699 -0.4785 -0.1196
vn 0.5433 -0.8365 -0.0714
vn -0.5753 0.5528 -0.6029
vn -0.1849 0.9638 -0.1920
vn -0.6564 0.6174 -0.4334
vn 0.6631 -0.2907 -0.6898
vn 0.6011 0.7850 0.1498
vn 0.2304 0.8961 0.3793
vn 0.3034 -0.5797 -0.7563
vn -0.0128 0.5431 -0.8396
vn -0.8746 -0.4107 0.2575
vn 0.6745 0.6694 0.3114
vn -0.5909 -0.0872 0.8020
vn 0.6130 0.7778 0.1387
vn -0.4699 0.8157 -0.3374
vn 0.8003 -0.4694 -0.3731
vn -0.7545 -0.0896 -0.6501
vn -0.5314 -0.5898 0.6081
vn -0.8596 -0.3148 0.4025
vn -0.8993 -0.2160 0.3803
vn -0.7183 0.2237 0.6588
vn -0.7574 -0.3492 0.5517
vn -0.8648 0.1319 0.4845
vn 0.4673 0.8706 0.1541
vn -0.3175 0.5885 -0.7436
vn -0.2229 0.9733 -0.0543
vn -0.2230 0.9733 -0.0543
vn -0.2233 0.9732 -0.0542
vn 0.1747 -0.0932 -0.9802
vn 0.0552 -0.9036 -0.4248
vn 0.0071 0.9392 -0.3434
vn -0.1755 0.9774 -0.1180
vn -0.7098 -0.4922 0.5039
vn -0.7185 -0.5781 0.3868
vn -0.5372 0.7693 -0.3459
vn -0.7211 -0.5840 0.3728
vn -0.7426 0.5287 -0.4112
vn 0.6175 0.1109 -0.7787
vn -0.6515 -0.7226 0.2310
vn -0.4083 -0.5151 0.7536
vn 0.3409 -0.4667 -0.8161
vn -0.6443 -0.5316 -0.5498
vn 0.8591 -0.4636 -0.2170
vn -0.7229 -0.4183 0.5499
vn -0.5321 -0.7947 0.2920
vn -0.5037 0.0689 0.8611
vn -0.9759 -0.2090 -0.0630
vn 0.8561 0.5090 0.0893
vn 0.8840 0.4629 0.0659
vn -0.1767 -0.5823 0.7935
vn -0.4035 -0.8384 0.3664
vn 0.1746 -0.9513 -0.2541
vn 0.0939 0.9751 -0.2007
vn -0.5833 -0.4607 0.6689
vn -0.3548 0.8235 0.4427
vn 0.5990 0.3599 0.7153
vn -0.8121 -0.5077 0.2876
vn -0.5665 0.8041 -0.1802
vn 0.8681 0.4845 -0.1081
vn -0.7962 -0.3667 0.4812
vn -0.8559 -0.3546 0.3764
vn -0.8560 -0.3545 -0.3764
vn -0.8559 0.3546 0.3764
vn -0.8559 0.3545 -0.3764
vn 0.8559 0.3546 0.3764
vn 0.8559 -0.3545 -0.3764
vn 0.3546 -0.8559 -0.3764
vn -0.7502 -0.3398 0.5672
vn -0.4436 0.4715 -0.7622
vn 0.9272 -0.3218 -0.1920
vn -0.0157 -0.9838 0.1783
vn -0.8911 -0.4040 -0.2066
vn 0.7978 -0.0917 0.5960
vn -0.3182 0.9423 0.1039
vn 0.8831 -0.4575 -0.1041
vn 0.0653 -0.4819 0.8738
vn 0.4768 -0.6109 -0.6320
vn -0.7234 -0.2750 0.6333
vn -0.8250 -0.1104 0.5543
vt 0.008675 0.204493
vt 0.008856 0.209155
vt 0.008938 0.208931
vt 0.009068 0.208263
vt 0.009139 0.207389
vt 0.009139 0.206443
vt 0.009068 0.205570
vt 0.008938 0.204901
vt 0.008767 0.204539
vt 0.009190 0.209155
vt 0.009423 0.208931
vt 0.009794 0.208263
vt 0.009996 0.207389
vt 0.009996 0.206443
vt 0.009794 0.205570
vt 0.009423 0.204901
vt 0.008938 0.204539
vt 0.009446 0.209155
vt 0.009794 0.208931
vt 0.010351 0.208263
vt 0.010651 0.207389
vt 0.010651 0.206443
vt 0.010351 0.205570
vt 0.009794 0.204901
vt 0.009068 0.204539
vt 0.009585 0.209155
vt 0.009996 0.208931
vt 0.010651 0.208263
vt 0.011006 0.207389
vt 0.011006 0.206443
vt 0.010651 0.205570
vt 0.009996 0.204901
vt 0.009139 0.204539
vt 0.009585 0.209155
vt 0.009996 0.208931
vt 0.010651 0.208263
vt 0.011006 0.207389
vt 0.011006 0.206443
vt 0.010651 0.205570
vt 0.009996 0.204901
vt 0.009139 0.204539
vt 0.009446 0.209155
vt 0.009794 0.208931
vt 0.010351 0.208263
vt 0.010651 0.207389
vt 0.010651 0.206443
vt 0.010351 0.205570
vt 0.009794 0.204901
vt 0.009068 0.204539
vt 0.009190 0.209155
vt 0.009423 0.208931
vt 0.009794 0.208263
vt 0.009996 0.207389
vt 0.009996 0.206443
vt 0.009794 0.205570
vt 0.009423 0.204901
vt 0.008938 0.204539
vt 0.008856 0.209155
vt 0.008938 0.208931
vt 0.009068 0.208263
vt 0.009139 0.207389
vt 0.009139 0.206443
vt 0.009068 0.205570
vt 0.008938 0.204901
vt 0.008767 0.204539
vt 0.008494 0.209155
vt 0.008412 0.208931
vt 0.008282 0.208263
vt 0.008211 0.207389
vt 0.008211 0.206443
vt 0.008282 0.205570
vt 0.008412 0.204901
vt 0.008583 0.204539
vt 0.008160 0.209155
vt 0.007927 0.208931
vt 0.007556 0.208263
vt 0.007355 0.207389
vt 0.007355 0.206443
vt 0.007556 0.205570
vt 0.007927 0.204901
vt 0.008412 0.204539
vt 0.007904 0.209155
vt 0.007556 0.208931
vt 0.007000 0.208263
vt 0.006699 0.207389
vt 0.006699 0.206443
vt 0.007000 0.205570
vt 0.007556 0.204901
vt 0.008282 0.204539
vt 0.007766 0.209155
vt 0.007355 0.208931
vt 0.006699 0.208263
vt 0.006344 0.207389
vt 0.006344 0.206443
vt 0.006699 0.205570
vt 0.007355 0.204901
vt 0.008211 0.204539
vt 0.007766 0.209155
vt 0.007355 0.208931
vt 0.006699 0.208263
vt 0.006344 0.207389
vt 0.006344 0.206443
vt 0.006699 0.205570
vt 0.007355 0.204901
vt 0.008211 0.204539
vt 0.007904 0.209155
vt 0.007556 0.208931
vt 0.007000 0.208263
vt 0.006699 0.207389
vt 0.006699 0.206443
vt 0.007000 0.205570
vt 0.007556 0.204901
vt 0.008282 0.204539
vt 0.008160 0.209155
vt 0.007927 0.208931
vt 0.007556 0.208263
vt 0.007355 0.207389
vt 0.007355 0.206443
vt 0.007556 0.205570
vt 0.007927 0.204901
vt 0.008412 0.204539
vt 0.008494 0.209155
vt 0.008412 0.208931
vt 0.008282 0.208263
vt 0.008211 0.207389
vt 0.008211 0.206443
vt 0.008282 0.205570
vt 0.008412 0.204901
vt 0.008583 0.204539
vt 0.008756 0.210220
vt 0.008905 0.210220
vt 0.009019 0.210220
vt 0.009081 0.210220
vt 0.009081 0.210220
vt 0.009019 0.210220
vt 0.008905 0.210220
vt 0.008756 0.210220
vt 0.008594 0.210220
vt 0.008445 0.210220
vt 0.008331 0.210220
vt 0.008269 0.210220
vt 0.008269 0.210220
vt 0.008331 0.210220
vt 0.008445 0.210220
vt 0.008594 0.210220
vt 0.008856 0.210220
vt 0.009190 0.210220
vt 0.009446 0.210220
vt 0.009585 0.210220
vt 0.009585 0.210220
vt 0.009446 0.210220
vt 0.009190 0.210220
vt 0.008856 0.210220
vt 0.008494 0.210220
vt 0.008160 0.210220
vt 0.007904 0.210220
vt 0.007766 0.210220
vt 0.007766 0.210220
vt 0.007904 0.210220
vt 0.008160 0.210220
vt 0.008494 0.210220
vt 0.008756 0.210073
vt 0.008905 0.210073
vt 0.009019 0.210073
vt 0.009081 0.210073
vt 0.009081 0.210073
vt 0.009019 0.210073
vt 0.008905 0.210073
vt 0.008756 0.210073
vt 0.008594 0.210073
vt 0.008445 0.210073
vt 0.008331 0.210073
vt 0.008269 0.210073
vt 0.008269 0.210073
vt 0.008331 0.210073
vt 0.008445 0.210073
vt 0.008594 0.210073
vt 0.604515 0.126618
vt 0.602858 0.148536
vt 0.603887 0.129729
vt 0.601331 0.190897
vt 0.602440 0.177807
vt 0.598911 0.063977
vt 0.599724 0.194883
vt 0.597096 0.194821
vt 0.597371 0.056907
vt 0.596927 0.105855
vt 0.595659 0.178868
vt 0.595296 0.164546
vt 0.596936 0.062175
vt 0.596628 0.173816
vt 0.596221 0.100406
vt 0.604706 0.141754
vt 0.603426 0.186216
vt 0.603622 0.157512
vt 0.602745 0.160256
vt 0.602495 0.130187
vt 0.602810 0.061258
vt 0.602384 0.055727
vt 0.602546 0.057185
vt 0.602945 0.092064
vt 0.602180 0.070121
vt 0.602072 0.068066
vt 0.601906 0.083670
vt 0.602306 0.166374
vt 0.601676 0.168475
vt 0.603115 0.096838
vt 0.602910 0.112792
vt 0.601305 0.165669
vt 0.601036 0.166230
vt 0.600809 0.161987
vt 0.600617 0.154195
vt 0.601381 0.139719
vt 0.599886 0.145302
vt 0.600798 0.146471
vt 0.601450 0.122550
vt 0.601000 0.104475
vt 0.600838 0.115032
vt 0.600454 0.121618
vt 0.601660 0.098455
vt 0.600041 0.085436
vt 0.600775 0.099608
vt 0.600193 0.067953
vt 0.600886 0.066274
vt 0.600851 0.053683
vt 0.600847 0.059971
vt 0.600149 0.054708
vt 0.600209 0.204029
vt 0.598795 0.067757
vt 0.599490 0.053626
vt 0.599294 0.203839
vt 0.599757 0.174815
vt 0.599129 0.155653
vt 0.598519 0.167755
vt 0.599826 0.129950
vt 0.599023 0.147784
vt 0.598399 0.139457
vt 0.598921 0.114769
vt 0.599612 0.128251
vt 0.599799 0.097420
vt 0.598258 0.101539
vt 0.598067 0.168553
vt 0.597485 0.166838
vt 0.597002 0.159227
vt 0.597348 0.141501
vt 0.596174 0.136758
vt 0.598021 0.126145
vt 0.597821 0.082733
vt 0.597597 0.066732
vt 0.598143 0.186705
vt 0.596813 0.069122
vt 0.596515 0.189388
vt 0.595721 0.153011
vt 0.595777 0.112637
vt 0.595683 0.114141
vt 0.596797 0.090009
vt 0.595174 0.123992
vt 0.594906 0.141331
vt 0.595012 0.154628
vt 0.595298 0.124765
vt 0.596583 0.095468
vt 0.596692 0.186515
vt 0.596890 0.073700
vt 0.597809 0.200208
vt 0.598331 0.202242
vt 0.597630 0.065275
vt 0.597822 0.068808
vt 0.597640 0.139153
vt 0.597060 0.154381
vt 0.596899 0.152290
vt 0.599044 0.099886
vt 0.598761 0.103764
vt 0.598982 0.161688
vt 0.598928 0.057792
vt 0.598949 0.067355
vt 0.600264 0.200167
vt 0.600810 0.063102
vt 0.601091 0.068128
vt 0.600597 0.100499
vt 0.600132 0.129029
vt 0.602056 0.139256
vt 0.602417 0.141275
vt 0.602704 0.155004
vt 0.601609 0.202026
vt 0.602713 0.194373
vt 0.602932 0.082614
vt 0.602754 0.070713
vt 0.604344 0.122360
vt 0.604116 0.175129
vt 0.604403 0.160117
vt 0.604563 0.155653
vt 0.598506 0.068612
vt 0.601333 0.070414
vt 0.603885 0.108388
vt 0.603603 0.178492
vt 0.604030 0.169588
vt 0.602783 0.092270
vt 0.602324 0.058184
vt 0.601499 0.138314
vt 0.601656 0.166668
vt 0.600798 0.144298
vt 0.598109 0.166884
vt 0.598819 0.104619
vt 0.596917 0.092306
vt 0.597351 0.059425
vt 0.595761 0.172678
vt 0.595286 0.127757
vt 0.597123 0.062958
vt 0.604197 0.160571
vt 0.604451 0.140173
vt 0.602941 0.186855
vt 0.602705 0.147820
vt 0.604321 0.128416
vt 0.604133 0.121098
vt 0.603779 0.111993
vt 0.603724 0.108497
vt 0.603380 0.104356
vt 0.602982 0.098831
vt 0.602694 0.065527
vt 0.602790 0.085549
vt 0.602488 0.060115
vt 0.602446 0.191927
vt 0.601860 0.071609
vt 0.602211 0.060990
vt 0.601405 0.198627
vt 0.602551 0.159572
vt 0.602130 0.164866
vt 0.602483 0.142819
vt 0.602180 0.139498
vt 0.600997 0.164021
vt 0.600649 0.149241
vt 0.600604 0.157774
vt 0.601053 0.140801
vt 0.600148 0.128684
vt 0.599883 0.130172
vt 0.600870 0.102523
vt 0.600987 0.105659
vt 0.600737 0.117998
vt 0.600308 0.124878
vt 0.601115 0.071110
vt 0.600867 0.069410
vt 0.599851 0.065059
vt 0.600777 0.056907
vt 0.600296 0.057808
vt 0.600461 0.056526
vt 0.599554 0.200352
vt 0.598818 0.069889
vt 0.598736 0.070929
vt 0.599541 0.057159
vt 0.598992 0.060151
vt 0.598933 0.199029
vt 0.598574 0.198751
vt 0.599169 0.155802
vt 0.599014 0.160905
vt 0.598640 0.165195
vt 0.599597 0.128266
vt 0.599048 0.146496
vt 0.598692 0.140512
vt 0.599376 0.123117
vt 0.598976 0.116710
vt 0.599760 0.098635
vt 0.598957 0.101421
vt 0.597613 0.164747
vt 0.597282 0.160854
vt 0.597403 0.140574
vt 0.597071 0.146677
vt 0.597753 0.070291
vt 0.597547 0.061140
vt 0.597421 0.060460
vt 0.597943 0.197000
vt 0.597267 0.191670
vt 0.596864 0.083737
vt 0.596960 0.070631
vt 0.595977 0.178013
vt 0.595482 0.162054
vt 0.596234 0.105572
vt 0.595904 0.114450
vt 0.596900 0.088305
vt 0.596838 0.095308
vt 0.596426 0.101684
vt 0.595164 0.142289
vt 0.595178 0.153006
vt 0.596317 0.101112
vt 0.597035 0.066362
vt 0.598285 0.199384
vt 0.597487 0.059482
vt 0.597055 0.145956
vt 0.597793 0.138241
vt 0.598328 0.138149
vt 0.599018 0.115593
vt 0.602168 0.066655
vt 0.601854 0.197499
vt 0.602614 0.072598
vt 0.604360 0.153232
vt 0.604360 0.153232
vt 0.602614 0.072598
vt 0.601854 0.197499
vt 0.602168 0.066655
vt 0.599018 0.115593
vt 0.598328 0.138149
vt 0.597793 0.138241
vt 0.597055 0.145956
vt 0.597487 0.059482
vt 0.598285 0.199384
vt 0.597035 0.066362
vt 0.596317 0.101112
vt 0.595178 0.153006
vt 0.595164 0.142289
vt 0.596426 0.101684
vt 0.596838 0.095308
vt 0.596900 0.088305
vt 0.595904 0.114450
vt 0.596234 0.105572
vt 0.595482 0.162054
vt 0.595977 0.178013
vt 0.596960 0.070631
vt 0.596864 0.083737
vt 0.597267 0.191670
vt 0.597943 0.197000
vt 0.597421 0.060460
vt 0.597547 0.061140
vt 0.597753 0.070291
vt 0.597071 0.146677
vt 0.597403 0.140574
vt 0.597282 0.160854
vt 0.597613 0.164747
vt 0.598957 0.101421
vt 0.599760 0.098635
vt 0.598976 0.116710
vt 0.599376 0.123117
vt 0.598692 0.140512
vt 0.599048 0.146496
vt 0.599597 0.128266
vt 0.598640 0.165195
vt 0.599014 0.160905
vt 0.599169 0.155802
vt 0.598574 0.198751
vt 0.598933 0.199029
vt 0.598992 0.060151
vt 0.599541 0.057159
vt 0.598736 0.070929
vt 0.598818 0.069889
vt 0.599554 0.200352
vt 0.600461 0.056526
vt 0.600296 0.057808
vt 0.600777 0.056907
vt 0.599851 0.065059
vt 0.600867 0.069410
vt 0.601115 0.071110
vt 0.600308 0.124878
vt 0.600737 0.117998
vt 0.600987 0.105659
vt 0.600870 0.102523
vt 0.599883 0.130172
vt 0.600148 0.128684
vt 0.601053 0.140801
vt 0.600604 0.157774
vt 0.600649 0.149241
vt 0.600997 0.164021
vt 0.602180 0.139498
vt 0.602483 0.142819
vt 0.602130 0.164866
vt 0.602551 0.159572
vt 0.601405 0.198627
vt 0.602211 0.060990
vt 0.601860 0.071609
vt 0.602446 0.191927
vt 0.602488 0.060115
vt 0.602790 0.085549
vt 0.602694 0.065527
vt 0.602982 0.098831
vt 0.603380 0.104356
vt 0.603724 0.108497
vt 0.603779 0.111993
vt 0.604133 0.121098
vt 0.604321 0.128416
vt 0.602705 0.147820
vt 0.602941 0.186855
vt 0.604451 0.140173
vt 0.604197 0.160571
vt 0.597123 0.062958
vt 0.595286 0.127757
vt 0.595761 0.172678
vt 0.597351 0.059425
vt 0.596917 0.092306
vt 0.598819 0.104619
vt 0.598109 0.166884
vt 0.600798 0.144298
vt 0.601656 0.166668
vt 0.601499 0.138314
vt 0.602324 0.058184
vt 0.602783 0.092270
vt 0.604030 0.169588
vt 0.603603 0.178492
vt 0.603885 0.108388
vt 0.601333 0.070414
vt 0.598506 0.068612
vt 0.604563 0.155653
vt 0.604403 0.160117
vt 0.604116 0.175129
vt 0.604344 0.122360
vt 0.602754 0.070713
vt 0.602932 0.082614
vt 0.602713 0.194373
vt 0.601609 0.202026
vt 0.602704 0.155004
vt 0.602417 0.141275
vt 0.602056 0.139256
vt 0.600132 0.129029
vt 0.600597 0.100499
vt 0.601091 0.068128
vt 0.600810 0.063102
vt 0.600264 0.200167
vt 0.598949 0.067355
vt 0.598928 0.057792
vt 0.598982 0.161688
vt 0.598761 0.103764
vt 0.599044 0.099886
vt 0.596899 0.152290
vt 0.597060 0.154381
vt 0.597640 0.139153
vt 0.597822 0.068808
vt 0.597630 0.065275
vt 0.598331 0.202242
vt 0.597809 0.200208
vt 0.596890 0.073700
vt 0.596692 0.186515
vt 0.596583 0.095468
vt 0.595298 0.124765
vt 0.595012 0.154628
vt 0.594906 0.141331
vt 0.595174 0.123992
vt 0.596797 0.090009
vt 0.595683 0.114141
vt 0.595777 0.112637
vt 0.595721 0.153011
vt 0.596515 0.189388
vt 0.596813 0.069122
vt 0.598143 0.186705
vt 0.597597 0.066732
vt 0.597821 0.082733
vt 0.598021 0.126145
vt 0.596174 0.136758
vt 0.597348 0.141501
vt 0.597002 0.159227
vt 0.597485 0.166838
vt 0.598067 0.168553
vt 0.598258 0.101539
vt 0.599799 0.097420
vt 0.599612 0.128251
vt 0.598921 0.114769
vt 0.598399 0.139457
vt 0.599023 0.147784
vt 0.599826 0.129950
vt 0.598519 0.167755
vt 0.599129 0.155653
vt 0.599757 0.174815
vt 0.599294 0.203839
vt 0.599490 0.053626
vt 0.598795 0.067757
vt 0.600209 0.204029
vt 0.600149 0.054708
vt 0.600847 0.059971
vt 0.600851 0.053683
vt 0.600886 0.066274
vt 0.600193 0.067953
vt 0.600775 0.099608
vt 0.600041 0.085436
vt 0.601660 0.098455
vt 0.600454 0.121618
vt 0.600838 0.115032
vt 0.601000 0.104475
vt 0.601450 0.122550
vt 0.600798 0.146471
vt 0.599886 0.145302
vt 0.601381 0.139719
vt 0.600617 0.154195
vt 0.600809 0.161987
vt 0.601036 0.166230
vt 0.601305 0.165669
vt 0.602910 0.112792
vt 0.603115 0.096838
vt 0.601676 0.168475
vt 0.602306 0.166374
vt 0.601906 0.083670
vt 0.602072 0.068066
vt 0.602180 0.070121
vt 0.602945 0.092064
vt 0.602546 0.057185
vt 0.602384 0.055727
vt 0.602810 0.061258
vt 0.602495 0.130187
vt 0.602745 0.160256
vt 0.603622 0.157512
vt 0.603426 0.186216
vt 0.604706 0.141754
vt 0.596221 0.100406
vt 0.596628 0.173816
vt 0.596936 0.062175
vt 0.595296 0.164546
vt 0.595659 0.178868
vt 0.596927 0.105855
vt 0.597371 0.056907
vt 0.597096 0.194821
vt 0.599724 0.194883
vt 0.598911 0.063977
vt 0.602440 0.177807
vt 0.601331 0.190897
vt 0.603887 0.129729
vt 0.602858 0.148536
vt 0.604515 0.126618
vt 0.604515 0.126618
vt 0.602858 0.148536
vt 0.603887 0.129729
vt 0.601331 0.190897
vt 0.602440 0.177807
vt 0.598911 0.063977
vt 0.599724 0.194883
vt 0.597096 0.194821
vt 0.597371 0.056907
vt 0.596927 0.105855
vt 0.595659 0.178868
vt 0.595296 0.164546
vt 0.596936 0.062175
vt 0.596628 0.173816
vt 0.596221 0.100406
vt 0.604706 0.141754
vt 0.603426 0.186216
vt 0.603622 0.157512
vt 0.602745 0.160256
vt 0.602495 0.130187
vt 0.602810 0.061258
vt 0.602384 0.055727
vt 0.602546 0.057185
vt 0.602945 0.092064
vt 0.602180 0.070121
vt 0.602072 0.068066
vt 0.601906 0.083670
vt 0.602306 0.166374
vt 0.601676 0.168475
vt 0.603115 0.096838
vt 0.602910 0.112792
vt 0.601305 0.165669
vt 0.601036 0.166230
vt 0.600809 0.161987
vt 0.600617 0.154195
vt 0.601381 0.139719
vt 0.599886 0.145302
vt 0.600798 0.146471
vt 0.601450 0.122550
vt 0.601000 0.104475
vt 0.600838 0.115032
vt 0.600454 0.121618
vt 0.601660 0.098455
vt 0.600041 0.085436
vt 0.600775 0.099608
vt 0.600193 0.067953
vt 0.600886 0.066274
vt 0.600851 0.053683
vt 0.600847 0.059971
vt 0.600149 0.054708
vt 0.600209 0.204029
vt 0.598795 0.067757
vt 0.599490 0.053626
vt 0.599294 0.203839
vt 0.599757 0.174815
vt 0.599129 0.155653
vt 0.598519 0.167755
vt 0.599826 0.129950
vt 0.599023 0.147784
vt 0.598399 0.139457
vt 0.598921 0.114769
vt 0.599612 0.128251
vt 0.599799 0.097420
vt 0.598258 0.101539
vt 0.598067 0.168553
vt 0.597485 0.166838
vt 0.597002 0.159227
vt 0.597348 0.141501
vt 0.596174 0.136758
vt 0.598021 0.126145
vt 0.597821 0.082733
vt 0.597597 0.066732
vt 0.598143 0.186705
vt 0.596813 0.069122
vt 0.596515 0.189388
vt 0.595721 0.153011
vt 0.595777 0.112637
vt 0.595683 0.114141
vt 0.596797 0.090009
vt 0.595174 0.123992
vt 0.594906 0.141331
vt 0.595012 0.154628
vt 0.595298 0.124765
vt 0.596583 0.095468
vt 0.596692 0.186515
vt 0.596890 0.073700
vt 0.597809 0.200208
vt 0.598331 0.202242
vt 0.597630 0.065275
vt 0.597822 0.068808
vt 0.597640 0.139153
vt 0.597060 0.154381
vt 0.596899 0.152290
vt 0.599044 0.099886
vt 0.598761 0.103764
vt 0.598982 0.161688
vt 0.598928 0.057792
vt 0.598949 0.067355
vt 0.600264 0.200167
vt 0.600810 0.063102
vt 0.601091 0.068128
vt 0.600597 0.100499
vt 0.600132 0.129029
vt 0.602056 0.139256
vt 0.602417 0.141275
vt 0.602704 0.155004
vt 0.601609 0.202026
vt 0.602713 0.194373
vt 0.602932 0.082614
vt 0.602754 0.070713
vt 0.604344 0.122360
vt 0.604116 0.175129
vt 0.604403 0.160117
vt 0.604563 0.155653
vt 0.598506 0.068612
vt 0.601333 0.070414
vt 0.603885 0.108388
vt 0.603603 0.178492
vt 0.604030 0.169588
vt 0.602783 0.092270
vt 0.602324 0.058184
vt 0.601499 0.138314
vt 0.601656 0.166668
vt 0.600798 0.144298
vt 0.598109 0.166884
vt 0.598819 0.104619
vt 0.596917 0.092306
vt 0.597351 0.059425
vt 0.595761 0.172678
vt 0.595286 0.127757
vt 0.597123 0.062958
vt 0.604197 0.160571
vt 0.604451 0.140173
vt 0.602941 0.186855
vt 0.602705 0.147820
vt 0.604321 0.128416
vt 0.604133 0.121098
vt 0.603779 0.111993
vt 0.603724 0.108497
vt 0.603380 0.104356
vt 0.602982 0.098831
vt 0.602694 0.065527
vt 0.602790 0.085549
vt 0.602488 0.060115
vt 0.602446 0.191927
vt 0.601860 0.071609
vt 0.602211 0.060990
vt 0.601405 0.198627
vt 0.602551 0.159572
vt 0.602130 0.164866
vt 0.602483 0.142819
vt 0.602180 0.139498
vt 0.600997 0.164021
vt 0.600649 0.149241
vt 0.600604 0.157774
vt 0.601053 0.140801
vt 0.600148 0.128684
vt 0.599883 0.130172
vt 0.600870 0.102523
vt 0.600987 0.105659
vt 0.600737 0.117998
vt 0.600308 0.124878
vt 0.601115 0.071110
vt 0.600867 0.069410
vt 0.599851 0.065059
vt 0.600777 0.056907
vt 0.600296 0.057808
vt 0.600461 0.056526
vt 0.599554 0.200352
vt 0.598818 0.069889
vt 0.598736 0.070929
vt 0.599541 0.057159
vt 0.598992 0.060151
vt 0.598933 0.199029
vt 0.598574 0.198751
vt 0.599169 0.155802
vt 0.599014 0.160905
vt 0.598640 0.165195
vt 0.599597 0.128266
vt 0.599048 0.146496
vt 0.598692 0.140512
vt 0.599376 0.123117
vt 0.598976 0.116710
vt 0.599760 0.098635
vt 0.598957 0.101421
vt 0.597613 0.164747
vt 0.597282 0.160854
vt 0.597403 0.140574
vt 0.597071 0.146677
vt 0.597753 0.070291
vt 0.597547 0.061140
vt 0.597421 0.060460
vt 0.597943 0.197000
vt 0.597267 0.191670
vt 0.596864 0.083737
vt 0.596960 0.070631
vt 0.595977 0.178013
vt 0.595482 0.162054
vt 0.596234 0.105572
vt 0.595904 0.114450
vt 0.596900 0.088305
vt 0.596838 0.095308
vt 0.596426 0.101684
vt 0.595164 0.142289
vt 0.595178 0.153006
vt 0.596317 0.101112
vt 0.597035 0.066362
vt 0.598285 0.199384
vt 0.597487 0.059482
vt 0.597055 0.145956
vt 0.597793 0.138241
vt 0.598328 0.138149
vt 0.599018 0.115593
vt 0.602168 0.066655
vt 0.601854 0.197499
vt 0.602614 0.072598
vt 0.604360 0.153232
s 0
f 7/7/1 128/128/1 127/127/1
f 124/124/2 5/5/2 125/125/2
f 128/128/3 9/9/3 129/129/3
f 10/10/4 3/3/4 2/2/4
f 1/1/5 129/129/5 9/9/5
f 123/123/6 4/4/6 124/124/6
f 123/123/7 2/2/7 3/3/7
f 9/9/8 17/17/8 1/1/8
f 5/5/9 126/126/9 125/125/9
f 11/11/10 4/4/10 3/3/10
f 16/16/11 7/7/11 15/15/11
f 25/25/12 16/16/12 24/24/12
f 17/17/13 8/8/13 16/16/13
f 14/14/14 5/5/14 13/13/14
f 14/14/15 7/7/15 6/6/15
f 18/18/16 11/11/16 10/10/16
f 17/17/17 25/25/17 1/1/17
f 20/20/18 11/11/18 19/19/18
f 24/24/19 15/15/19 23/23/19
f 32/32/20 25/25/20 24/24/20
f 22/22/21 13/13/21 21/21/21
f 21/21/22 12/12/22 20/20/22
f 22/22/23 15/15/23 14/14/23
f 26/26/24 19/19/24 18/18/24
f 25/25/25 33/33/25 1/1/25
f 29/29/26 20/20/26 28/28/26
f 31/31/27 24/24/27 23/23/27
f 38/38/28 29/29/28 37/37/28
f 30/30/29 21/21/29 29/29/29
f 31/31/30 22/22/30 30/30/30
f 34/34/31 27/27/31 26/26/31
f 33/33/32 41/41/32 1/1/32
f 19/19/33 28/28/33 20/20/33
f 39/39/34 32/32/34 31/31/34
f 37/37/35 28/28/35 36/36/35
f 41/41/36 32/32/36 40/40/36
f 46/46/37 37/37/37 45/45/37
f 39/39/38 30/30/38 38/38/38
f 42/42/39 35/35/39 34/34/39
f 41/41/40 49/49/40 1/1/40
f 27/27/41 36/36/41 28/28/41
f 45/45/42 36/36/42 44/44/42
f 49/49/43 40/40/43 48/48/43
f 54/54/44 45/45/44 53/53/44
f 47/47/45 38/38/45 46/46/45
f 42/42/46 51/51/46 43/43/46
f 49/49/47 57/57/47 1/1/47
f 43/43/48 36/36/48 35/35/48
f 39/39/49 48/48/49 40/40/49
f 56/56/50 49/49/50 48/48/50
f 63/63/51 54/54/51 62/62/51
f 55/55/52 46/46/52 54/54/52
f 58/58/53 51/51/53 50/50/53
f 57/57/54 65/65/54 1/1/54
f 52/52/55 43/43/55 51/51/55
f 56/56/56 47/47/56 55/55/56
f 52/52/57 45/45/57 44/44/57
f 62/62/58 53/53/58 61/61/58
f 64/64/59 57/57/59 56/56/59
f 71/71/60 62/62/60 70/70/60
f 66/66/61 59/59/61 58/58/61
f 65/65/62 73/73/62 1/1/62
f 60/60/63 51/51/63 59/59/63
f 63/63/64 56/56/64 55/55/64
f 60/60/65 53/53/65 52/52/65
f 70/70/66 61/61/66 69/69/66
f 79/79/67 70/70/67 78/78/67
f 74/74/68 67/67/68 66/66/68
f 73/73/69 81/81/69 1/1/69
f 68/68/70 59/59/70 67/67/70
f 71/71/71 64/64/71 63/63/71
f 68/68/72 61/61/72 60/60/72
f 64/64/73 73/73/73 65/65/73
f 2/2/14 147/147/14 10/10/14
f 84/84/74 75/75/74 83/83/74
f 82/82/75 75/75/75 74/74/75
f 148/148/29 26/26/29 18/18/29
f 81/81/76 89/89/76 1/1/76
f 75/75/77 68/68/77 67/67/77
f 147/147/21 18/18/21 10/10/21
f 80/80/78 71/71/78 79/79/78
f 77/77/79 68/68/79 76/76/79
f 81/81/80 72/72/80 80/80/80
f 78/78/81 69/69/81 77/77/81
f 156/156/82 90/90/82 82/82/82
f 160/160/83 122/122/83 114/114/83
f 90/90/84 83/83/84 82/82/84
f 87/87/85 78/78/85 86/86/85
f 98/98/86 159/159/86 106/106/86
f 89/89/87 97/97/87 1/1/87
f 95/95/88 88/88/88 87/87/88
f 34/34/37 151/151/37 42/42/37
f 87/87/89 80/80/89 79/79/89
f 84/84/90 77/77/90 76/76/90
f 89/89/91 80/80/91 88/88/91
f 85/85/92 78/78/92 77/77/92
f 58/58/66 154/154/66 66/66/66
f 95/95/93 86/86/93 94/94/93
f 161/161/9 2/2/9 122/122/9
f 97/97/94 105/105/94 1/1/94
f 103/103/95 96/96/95 95/95/95
f 66/66/81 155/155/81 74/74/81
f 92/92/96 85/85/96 84/84/96
f 92/92/97 83/83/97 91/91/97
f 96/96/98 89/89/98 88/88/98
f 93/93/82 86/86/82 85/85/82
f 98/98/99 91/91/99 90/90/99
f 90/90/100 158/158/100 98/98/100
f 105/105/101 113/113/101 1/1/101
f 100/100/102 91/91/102 99/99/102
f 152/152/58 58/58/58 50/50/58
f 109/109/103 100/100/103 108/108/103
f 101/101/104 92/92/104 100/100/104
f 105/105/105 96/96/105 104/104/105
f 102/102/100 93/93/100 101/101/100
f 103/103/106 94/94/106 102/102/106
f 106/106/107 99/99/107 98/98/107
f 26/26/28 150/150/28 34/34/28
f 151/151/44 50/50/44 42/42/44
f 159/159/108 114/114/108 106/106/108
f 107/107/109 100/100/109 99/99/109
f 112/112/110 103/103/110 111/111/110
f 120/120/111 113/113/111 112/112/111
f 113/113/112 104/104/112 112/112/112
f 110/110/86 101/101/86 109/109/86
f 110/110/113 103/103/113 102/102/113
f 106/106/114 115/115/114 107/107/114
f 113/113/115 121/121/115 1/1/115
f 116/116/116 107/107/116 115/115/116
f 120/120/117 111/111/117 119/119/117
f 124/124/118 117/117/118 116/116/118
f 118/118/108 109/109/108 117/117/108
f 117/117/119 108/108/119 116/116/119
f 118/118/120 111/111/120 110/110/120
f 122/122/121 115/115/121 114/114/121
f 121/121/122 129/129/122 1/1/122
f 127/127/123 120/120/123 119/119/123
f 127/127/124 6/6/124 7/7/124
f 129/129/125 120/120/125 128/128/125
f 126/126/83 117/117/83 125/125/83
f 127/127/126 118/118/126 126/126/126
f 131/131/127 146/146/127 130/130/127
f 124/124/128 115/115/128 123/123/128
f 177/177/66 130/130/66 145/145/66
f 132/132/127 147/147/127 131/131/127
f 132/132/127 149/149/127 148/148/127
f 134/134/127 149/149/127 133/133/127
f 135/135/127 150/150/127 134/134/127
f 136/136/127 151/151/127 135/135/127
f 136/136/127 153/153/127 152/152/127
f 138/138/127 153/153/127 137/137/127
f 139/139/127 154/154/127 138/138/127
f 140/140/127 155/155/127 139/139/127
f 140/140/127 157/157/127 156/156/127
f 142/142/127 157/157/127 141/141/127
f 143/143/127 158/158/127 142/142/127
f 144/144/127 159/159/127 143/143/127
f 144/144/127 161/161/127 160/160/127
f 130/130/127 161/161/127 145/145/127
f 132/132/82 165/165/82 133/133/82
f 171/171/127 167/167/127 163/163/127
f 139/139/21 172/172/21 140/140/21
f 133/133/100 166/166/100 134/134/100
f 140/140/29 173/173/29 141/141/29
f 134/134/86 167/167/86 135/135/86
f 141/141/28 174/174/28 142/142/28
f 135/135/108 168/168/108 136/136/108
f 142/142/37 175/175/37 143/143/37
f 136/136/83 169/169/83 137/137/83
f 143/143/44 176/176/44 144/144/44
f 130/130/81 163/163/81 131/131/81
f 137/137/9 170/170/9 138/138/9
f 144/144/58 177/177/58 145/145/58
f 131/131/92 164/164/92 132/132/92
f 138/138/14 171/171/14 139/139/14
f 74/74/92 156/156/92 82/82/92
f 13/13/129 4/4/129 12/12/129
f 289/289/130 182/182/130 195/195/130
f 194/194/131 182/182/131 289/289/131
f 291/291/132 195/195/132 193/193/132
f 195/195/133 196/196/133 179/179/133
f 193/193/134 195/195/134 180/180/134
f 178/178/135 180/180/135 294/294/135
f 294/294/136 180/180/136 208/208/136
f 201/201/137 207/207/137 204/204/137
f 207/207/138 220/220/138 204/204/138
f 286/286/139 204/204/139 202/202/139
f 202/202/140 203/203/140 199/199/140
f 182/182/141 206/206/141 205/205/141
f 285/285/142 181/181/142 182/182/142
f 196/196/143 326/326/143 179/179/143
f 182/182/144 205/205/144 195/195/144
f 179/179/145 197/197/145 180/180/145
f 281/281/146 213/213/146 197/197/146
f 197/197/147 216/216/147 208/208/147
f 211/211/148 210/210/148 232/232/148
f 212/212/149 214/214/149 215/215/149
f 211/211/150 232/232/150 212/212/150
f 213/213/151 216/216/151 197/197/151
f 213/213/152 214/214/152 216/216/152
f 214/214/153 280/280/153 216/216/153
f 220/220/154 222/222/154 221/221/154
f 224/224/155 223/223/155 226/226/155
f 226/226/156 227/227/156 225/225/156
f 284/284/157 228/228/157 181/181/157
f 223/223/158 229/229/158 183/183/158
f 223/223/159 221/221/159 229/229/159
f 221/221/160 248/248/160 229/229/160
f 227/227/161 223/223/161 230/230/161
f 183/183/162 274/274/162 230/230/162
f 184/184/163 228/228/163 231/231/163
f 184/184/164 231/231/164 250/250/164
f 214/214/165 233/233/165 236/236/165
f 387/387/166 365/365/166 366/366/166
f 235/235/167 214/214/167 247/247/167
f 239/239/168 247/247/168 238/238/168
f 272/272/169 238/238/169 241/241/169
f 272/272/170 241/241/170 271/271/170
f 270/270/171 246/246/171 387/387/171
f 245/245/172 246/246/172 268/268/172
f 387/387/173 246/246/173 245/245/173
f 187/187/174 247/247/174 254/254/174
f 238/238/175 247/247/175 241/241/175
f 187/187/176 256/256/176 248/248/176
f 267/267/177 248/248/177 249/249/177
f 249/249/178 251/251/178 190/190/178
f 248/248/179 267/267/179 229/229/179
f 248/248/180 256/256/180 251/251/180
f 249/249/181 190/190/181 186/186/181
f 270/270/182 253/253/182 246/246/182
f 246/246/183 257/257/183 254/254/183
f 246/246/184 254/254/184 247/247/184
f 254/254/185 255/255/185 192/192/185
f 187/187/186 192/192/186 261/261/186
f 258/258/187 257/257/187 246/246/187
f 253/253/188 189/189/188 259/259/188
f 253/253/189 259/259/189 258/258/189
f 178/178/190 313/313/190 193/193/190
f 292/292/191 347/347/191 229/229/191
f 272/272/192 390/390/192 238/238/192
f 258/258/193 381/381/193 260/260/193
f 286/286/194 320/320/194 201/201/194
f 325/325/195 392/392/195 322/322/195
f 275/275/196 347/347/196 342/342/196
f 350/350/197 275/275/197 342/342/197
f 390/390/198 303/303/198 360/360/198
f 305/305/199 369/369/199 386/386/199
f 352/352/200 370/370/200 385/385/200
f 352/352/201 385/385/201 351/351/201
f 260/260/202 307/307/202 377/377/202
f 383/383/203 376/376/203 380/380/203
f 189/189/204 375/375/204 382/382/204
f 370/370/205 264/264/205 385/385/206
f 364/364/207 244/244/207 269/269/207
f 284/284/208 392/392/208 325/325/208
f 348/348/209 292/292/209 367/367/209
f 206/206/210 300/300/210 327/327/210
f 303/303/211 271/271/211 362/362/211
f 245/245/212 388/388/212 365/365/212
f 242/242/213 302/302/213 355/355/213
f 211/211/214 332/332/214 330/330/214
f 375/375/215 189/189/215 306/306/215
f 371/371/216 264/264/216 370/370/216
f 261/261/217 383/383/217 379/379/217
f 309/309/218 290/290/218 394/394/218
f 227/227/219 344/344/219 345/345/219
f 259/259/220 382/382/220 258/258/220
f 188/188/221 306/306/221 189/189/221
f 190/190/222 308/308/222 305/305/222
f 185/185/223 264/264/223 371/371/223
f 265/265/224 385/385/224 264/264/224
f 267/267/225 367/367/225 292/292/225
f 231/231/226 276/276/226 346/346/226
f 230/230/227 349/349/227 227/227/227
f 279/279/228 361/361/228 240/240/228
f 218/218/229 337/337/229 217/217/229
f 203/203/230 293/293/230 323/323/230
f 287/287/231 393/393/231 286/286/231
f 320/320/232 297/297/232 201/201/232
f 193/193/233 310/310/233 394/394/233
f 178/178/234 288/288/234 313/313/234
f 194/194/235 285/285/235 182/182/235
f 289/289/236 195/195/236 291/291/236
f 178/178/237 193/193/237 180/180/237
f 195/195/238 179/179/238 180/180/238
f 180/180/239 197/197/239 208/208/239
f 294/294/240 208/208/240 207/207/240
f 286/286/241 201/201/241 204/204/241
f 207/207/242 208/208/242 220/220/242
f 198/198/243 202/202/243 199/199/243
f 287/287/244 286/286/244 202/202/244
f 202/202/245 278/278/245 203/203/245
f 202/202/246 204/204/246 278/278/246
f 198/198/247 287/287/247 202/202/247
f 284/284/248 181/181/248 285/285/248
f 195/195/249 205/205/249 196/196/249
f 179/179/250 282/282/250 197/197/250
f 197/197/251 282/282/251 281/281/251
f 208/208/252 216/216/252 220/220/252
f 212/212/253 232/232/253 214/214/253
f 213/213/254 215/215/254 214/214/254
f 216/216/255 280/280/255 219/219/255
f 216/216/256 218/218/256 220/220/256
f 218/218/257 217/217/257 220/220/257
f 216/216/258 219/219/258 218/218/258
f 204/204/259 220/220/259 221/221/259
f 220/220/260 217/217/260 222/222/260
f 221/221/261 222/222/261 240/240/261
f 278/278/262 204/204/262 223/223/262
f 223/223/263 204/204/263 221/221/263
f 226/226/264 223/223/264 227/227/264
f 228/228/265 184/184/265 181/181/265
f 182/182/266 181/181/266 210/210/266
f 210/210/267 181/181/267 232/232/267
f 206/206/268 182/182/268 210/210/268
f 232/232/269 181/181/269 184/184/269
f 230/230/270 223/223/270 183/183/270
f 264/264/271 231/231/271 265/265/271
f 232/232/272 184/184/272 250/250/272
f 234/234/273 232/232/273 250/250/273
f 232/232/274 234/234/274 273/273/274
f 232/232/275 273/273/275 214/214/275
f 214/214/276 273/273/276 233/233/276
f 280/280/277 214/214/277 235/235/277
f 239/239/278 235/235/278 247/247/278
f 214/214/279 237/237/279 247/247/279
f 237/237/280 214/214/280 236/236/280
f 240/240/281 271/271/281 221/221/281
f 221/221/282 271/271/282 241/241/282
f 241/241/283 248/248/283 221/221/283
f 242/242/284 234/234/284 243/243/284
f 237/237/285 268/268/285 247/247/285
f 268/268/286 246/246/286 247/247/286
f 241/241/287 247/247/287 187/187/287
f 241/241/288 187/187/288 248/248/288
f 187/187/289 261/261/289 256/256/289
f 229/229/290 267/267/290 292/292/290
f 249/249/291 248/248/291 251/251/291
f 250/250/292 264/264/292 185/185/292
f 234/234/293 250/250/293 243/243/293
f 243/243/294 250/250/294 191/191/294
f 191/191/295 250/250/295 185/185/295
f 191/191/296 185/185/296 252/252/296
f 188/188/297 191/191/297 252/252/297
f 244/244/298 191/191/298 253/253/298
f 253/253/299 191/191/299 189/189/299
f 270/270/300 244/244/300 253/253/300
f 187/187/301 254/254/301 192/192/301
f 253/253/302 258/258/302 246/246/302
f 330/330/303 210/210/303 211/211/303
f 259/259/304 189/189/304 382/382/304
f 305/305/305 186/186/305 190/190/305
f 287/287/306 198/198/306 393/393/306
f 200/200/307 199/199/307 298/298/307
f 278/278/308 293/293/308 203/203/308
f 238/238/309 390/390/309 239/239/309
f 260/260/310 255/255/310 257/257/310
f 279/279/311 222/222/311 217/217/311
f 302/302/312 242/242/312 363/363/312
f 277/277/313 226/226/313 225/225/313
f 183/183/314 229/229/314 347/347/314
f 251/251/315 256/256/315 372/372/315
f 242/242/316 243/243/316 363/363/316
f 215/215/317 213/213/317 333/333/317
f 282/282/318 179/179/318 328/328/318
f 198/198/319 199/199/319 200/200/319
f 257/257/320 258/258/320 260/260/320
f 338/338/321 218/218/321 219/219/321
f 206/206/322 327/327/322 205/205/322
f 199/199/323 203/203/323 391/391/323
f 196/196/324 205/205/324 327/327/324
f 279/279/325 240/240/325 222/222/325
f 316/316/326 315/315/326 314/314/326
f 349/349/327 342/342/327 344/344/327
f 349/349/328 350/350/328 342/342/328
f 375/375/329 381/381/329 382/382/329
f 277/277/330 341/341/330 226/226/330
f 230/230/331 350/350/331 349/349/331
f 334/334/332 339/339/332 280/280/332
f 326/326/333 196/196/333 327/327/333
f 366/366/334 269/269/334 387/387/334
f 358/358/335 389/389/335 237/237/335
f 376/376/336 383/383/336 377/377/336
f 358/358/337 236/236/337 357/357/337
f 299/299/338 333/333/338 213/213/338
f 235/235/339 335/335/339 334/334/339
f 337/337/340 218/218/340 338/338/340
f 347/347/341 292/292/341 348/348/341
f 320/320/342 286/286/342 393/393/342
f 271/271/343 361/361/343 362/362/343
f 299/299/344 281/281/344 329/329/344
f 251/251/345 263/263/345 373/373/345
f 307/307/346 260/260/346 381/381/346
f 258/258/347 382/382/347 381/381/347
f 261/261/348 192/192/348 383/383/348
f 256/256/349 261/261/349 304/304/349
f 378/378/350 372/372/350 256/256/350
f 255/255/351 377/377/351 383/383/351
f 188/188/352 252/252/352 374/374/352
f 262/262/353 185/185/353 371/371/353
f 372/372/354 263/263/354 251/251/355
f 186/186/356 386/386/356 368/368/356
f 266/266/357 249/249/357 186/186/357
f 249/249/358 266/266/358 367/367/358
f 267/267/359 249/249/359 367/367/359
f 388/388/360 245/245/360 268/268/360
f 388/388/361 268/268/361 389/389/361
f 270/270/362 387/387/362 269/269/362
f 243/243/363 364/364/363 363/363/363
f 361/361/364 271/271/364 240/240/364
f 234/234/365 355/355/365 273/273/365
f 275/275/366 274/274/366 183/183/366
f 350/350/367 230/230/367 274/274/367
f 276/276/368 284/284/368 325/325/368
f 345/345/369 343/343/369 227/227/369
f 225/225/370 343/343/370 277/277/370
f 341/341/371 278/278/371 224/224/371
f 280/280/372 235/235/372 334/334/372
f 215/215/373 301/301/373 331/331/373
f 215/215/374 333/333/374 301/301/374
f 328/328/375 179/179/375 312/312/375
f 298/298/376 199/199/376 324/324/376
f 200/200/377 298/298/377 321/321/377
f 393/393/378 198/198/378 319/319/378
f 207/207/379 297/297/379 318/318/379
f 207/207/380 318/318/380 316/316/380
f 294/294/381 207/207/381 316/316/381
f 316/316/382 288/288/382 294/294/382
f 311/311/383 194/194/383 295/295/383
f 313/313/384 310/310/384 193/193/384
f 291/291/385 193/193/385 394/394/385
f 289/289/386 296/296/386 295/295/386
f 210/210/387 209/209/387 206/206/387
f 223/223/388 224/224/388 278/278/388
f 191/191/389 244/244/389 243/243/389
f 270/270/390 269/269/390 244/244/390
f 264/264/391 250/250/391 231/231/391
f 188/188/392 189/189/392 191/191/392
f 254/254/393 257/257/393 255/255/393
f 262/262/394 252/252/394 185/185/394
f 290/290/395 289/289/395 291/291/395
f 215/215/396 331/331/396 212/212/396
f 295/295/397 194/194/397 289/289/397
f 290/290/398 291/291/398 394/394/398
f 343/343/399 225/225/399 227/227/399
f 288/288/400 178/178/400 294/294/400
f 311/311/401 285/285/401 194/194/401
f 297/297/402 207/207/402 201/201/402
f 276/276/403 228/228/403 284/284/403
f 255/255/404 383/383/404 192/192/404
f 283/283/405 179/179/405 326/326/405
f 315/315/406 316/316/406 317/317/406
f 317/317/407 316/316/407 318/318/407
f 392/392/408 311/311/408 322/322/408
f 359/359/409 390/390/409 360/360/409
f 380/380/410 379/379/411 383/383/410
f 337/337/412 336/336/412 217/217/412
f 355/355/413 354/354/413 273/273/413
f 282/282/414 328/328/414 329/329/414
f 359/359/415 356/356/415 239/239/415
f 350/350/416 274/274/416 275/275/416
f 314/314/417 313/313/417 288/288/417
f 273/273/418 354/354/418 353/353/418
f 285/285/419 311/311/419 392/392/419
f 217/217/420 336/336/420 279/279/420
f 340/340/421 278/278/421 341/341/421
f 390/390/422 359/359/422 239/239/422
f 261/261/423 379/379/423 304/304/423
f 260/260/424 377/377/424 255/255/424
f 209/209/425 300/300/425 206/206/425
f 316/316/426 314/314/426 288/288/426
f 262/262/427 374/374/427 252/252/427
f 186/186/428 305/305/428 386/386/428
f 368/368/429 266/266/429 186/186/429
f 268/268/430 237/237/430 389/389/430
f 364/364/431 243/243/431 244/244/431
f 236/236/432 358/358/432 237/237/432
f 242/242/433 355/355/433 234/234/433
f 353/353/434 233/233/434 273/273/434
f 236/236/435 233/233/435 353/353/435
f 351/351/436 231/231/436 346/346/436
f 275/275/437 183/183/437 347/347/437
f 276/276/438 231/231/438 228/228/438
f 285/285/439 392/392/439 284/284/439
f 341/341/440 224/224/440 226/226/440
f 219/219/441 280/280/441 339/339/441
f 339/339/442 338/338/442 219/219/442
f 332/332/443 212/212/443 331/331/443
f 332/332/444 211/211/444 212/212/444
f 299/299/445 213/213/445 281/281/445
f 282/282/446 329/329/446 281/281/446
f 179/179/447 283/283/447 312/312/447
f 321/321/448 198/198/448 200/200/448
f 271/271/449 303/303/449 272/272/449
f 290/290/450 296/296/450 289/289/450
f 210/210/451 330/330/451 209/209/451
f 296/296/452 290/290/452 309/309/452
f 356/356/453 235/235/453 239/239/453
f 384/384/454 251/251/454 373/373/454
f 188/188/455 374/374/455 306/306/455
f 256/256/456 304/304/456 378/378/456
f 265/265/457 351/351/457 385/385/457
f 384/384/458 308/308/458 190/190/458
f 303/303/459 390/390/459 272/272/459
f 236/236/460 353/353/460 357/357/460
f 349/349/461 344/344/461 227/227/461
f 391/391/462 324/324/462 199/199/462
f 323/323/463 391/391/463 203/203/463
f 198/198/464 321/321/464 319/319/464
f 570/570/465 509/509/465 450/450/465
f 457/457/466 577/577/466 458/458/466
f 598/598/467 545/545/467 546/546/467
f 405/405/468 481/481/468 599/599/468
f 405/405/469 538/538/469 416/416/469
f 405/405/470 599/599/470 538/538/470
f 493/493/471 499/499/471 480/480/471
f 401/401/472 544/544/472 521/521/472
f 528/528/473 597/597/473 406/406/473
f 527/527/474 604/604/474 418/418/474
f 546/546/475 425/425/475 426/426/475
f 448/448/476 565/565/476 563/563/476
f 499/499/477 493/493/477 500/500/477
f 553/553/478 436/436/478 432/432/478
f 450/450/479 451/451/479 570/570/479
f 533/533/480 485/485/480 411/411/480
f 491/491/481 590/590/481 465/465/481
f 396/396/482 591/591/482 470/470/482
f 455/455/483 450/450/483 509/509/483
f 440/440/484 447/447/484 445/445/484
f 414/414/485 408/408/485 407/407/485
f 589/589/486 491/491/486 468/468/486
f 590/590/487 586/586/487 398/398/487
f 591/591/488 590/590/488 589/589/488
f 598/598/489 604/604/489 537/537/489
f 548/548/490 542/542/490 602/602/490
f 549/549/491 518/518/491 568/568/491
f 507/507/492 460/460/492 508/508/492
f 514/514/493 606/606/493 442/442/493
f 546/546/494 539/539/494 598/598/494
f 555/555/495 539/539/495 546/546/495
f 552/552/496 521/521/496 542/542/496
f 436/436/497 556/556/497 516/516/497
f 553/553/498 431/431/498 552/552/498
f 425/425/499 546/546/499 545/545/499
f 547/547/500 546/546/500 426/426/500
f 596/596/501 594/594/501 609/609/501
f 606/606/502 560/560/502 442/442/502
f 609/609/503 592/592/503 581/581/503
f 594/594/504 610/610/504 609/609/504
f 596/596/505 479/479/505 395/395/505
f 562/562/506 445/445/506 444/444/506
f 604/604/507 525/525/507 418/418/507
f 524/524/508 404/404/508 525/525/508
f 452/452/509 453/453/509 572/572/509
f 495/495/510 581/581/510 582/582/510
f 434/434/511 435/435/511 516/516/511
f 486/486/512 518/518/512 427/427/512
f 574/574/513 458/458/513 577/577/513
f 559/559/514 566/566/514 606/606/514
f 583/583/515 489/489/515 462/462/515
f 504/504/516 478/478/516 397/397/516
f 414/414/517 600/600/517 483/483/517
f 578/578/518 457/457/518 459/459/518
f 528/528/519 406/406/519 410/410/519
f 519/519/520 520/520/520 545/545/520
f 439/439/521 515/515/521 514/514/521
f 547/547/522 487/487/522 434/434/522
f 513/513/523 561/561/523 505/505/523
f 437/437/524 404/404/524 438/438/524
f 402/402/525 544/544/525 424/424/525
f 557/557/526 608/608/526 605/605/526
f 503/503/527 588/588/527 585/585/527
f 497/497/528 442/442/528 560/560/528
f 540/540/529 523/523/529 422/422/529
f 587/587/530 586/586/530 590/590/530
f 517/517/531 551/551/531 548/548/531
f 517/517/532 548/548/532 518/518/532
f 508/508/533 576/576/533 592/592/533
f 610/610/534 592/592/534 609/609/534
f 495/495/535 609/609/535 581/581/535
f 588/588/536 582/582/536 585/585/536
f 536/536/537 600/600/537 530/530/537
f 595/595/538 607/607/538 500/500/538
f 501/501/539 611/611/539 495/495/539
f 543/543/540 532/532/540 535/535/540
f 522/522/541 422/422/541 497/497/541
f 562/562/542 566/566/542 559/559/542
f 592/592/543 573/573/543 581/581/543
f 469/469/544 503/503/544 396/396/544
f 602/602/545 533/533/545 541/541/545
f 530/530/546 407/407/546 531/531/546
f 502/502/547 396/396/547 503/503/547
f 559/559/548 439/439/548 440/440/548
f 478/478/549 504/504/549 595/595/549
f 543/543/550 535/535/550 542/542/550
f 602/602/551 597/597/551 528/528/551
f 578/578/552 557/557/552 577/577/552
f 557/557/553 516/516/553 575/575/553
f 611/611/554 476/476/554 596/596/554
f 397/397/555 478/478/555 467/467/555
f 446/446/556 564/564/556 562/562/556
f 529/529/557 412/412/557 534/534/557
f 535/535/558 534/534/558 597/597/558
f 540/540/559 599/599/559 603/603/559
f 561/561/560 605/605/560 608/608/560
f 557/557/561 555/555/561 516/516/561
f 611/611/562 501/501/562 476/476/562
f 484/484/563 603/603/563 599/599/563
f 411/411/564 417/417/564 533/533/564
f 566/566/565 560/560/565 606/606/565
f 523/523/566 540/540/566 603/603/566
f 500/500/567 493/493/567 494/494/567
f 433/433/568 454/454/568 554/554/568
f 457/457/569 578/578/569 577/577/569
f 495/495/570 582/582/570 473/473/570
f 591/591/571 468/468/571 470/470/571
f 524/524/572 438/438/572 404/404/572
f 433/433/573 554/554/573 550/550/573
f 554/554/574 454/454/574 455/455/574
f 401/401/575 521/521/575 400/400/575
f 413/413/576 406/406/576 412/412/576
f 513/513/577 505/505/577 464/464/577
f 601/601/578 537/537/578 415/415/578
f 603/603/579 403/403/579 421/421/579
f 417/417/580 526/526/580 538/538/580
f 564/564/581 446/446/581 512/512/581
f 490/490/582 576/576/582 508/508/582
f 473/473/583 501/501/583 495/495/583
f 601/601/584 415/415/584 483/483/584
f 461/461/585 610/610/585 477/477/585
f 431/431/586 400/400/586 552/552/586
f 440/440/587 439/439/587 447/447/587
f 593/593/588 584/584/588 462/462/588
f 589/589/589 590/590/589 491/491/589
f 511/511/590 496/496/590 586/586/590
f 502/502/591 591/591/591 396/396/591
f 551/551/592 399/399/592 550/550/592
f 531/531/593 407/407/593 408/408/593
f 530/530/594 600/600/594 407/407/594
f 598/598/595 539/539/595 604/604/595
f 538/538/596 526/526/596 416/416/596
f 482/482/597 529/529/597 408/408/597
f 521/521/598 543/543/598 542/542/598
f 468/468/599 591/591/599 589/589/599
f 579/579/600 459/459/600 580/580/600
f 610/610/601 506/506/601 477/477/601
f 504/504/602 397/397/602 505/505/602
f 518/518/603 486/486/603 517/517/603
f 553/553/604 556/556/604 436/436/604
f 511/511/605 585/585/605 566/566/605
f 521/521/606 552/552/606 400/400/606
f 569/569/607 572/572/607 567/567/607
f 568/568/608 567/567/608 549/549/608
f 507/507/609 610/610/609 461/461/609
f 574/574/610 576/576/610 456/456/610
f 538/538/611 533/533/611 417/417/611
f 581/581/612 573/573/612 569/569/612
f 487/487/613 547/547/613 426/426/613
f 512/512/614 563/563/614 564/564/614
f 539/539/615 525/525/615 604/604/615
f 560/560/616 522/522/616 497/497/616
f 540/540/617 541/541/617 538/538/617
f 573/573/618 571/571/618 569/569/618
f 587/587/619 511/511/619 586/586/619
f 480/480/620 499/499/620 395/395/620
f 507/507/621 461/461/621 460/460/621
f 430/430/622 433/433/622 550/550/622
f 409/409/623 410/410/624 406/406/625
f 525/525/626 558/558/626 524/524/626
f 544/544/627 401/401/627 424/424/627
f 603/603/628 484/484/628 403/403/628
f 571/571/629 572/572/629 569/569/629
f 527/527/630 537/537/630 604/604/630
f 421/421/631 523/523/631 603/603/631
f 473/473/632 475/475/632 501/501/632
f 472/472/633 473/473/633 471/471/633
f 535/535/634 532/532/634 534/534/634
f 534/534/635 406/406/635 597/597/635
f 559/559/636 440/440/636 562/562/636
f 475/475/637 476/476/637 501/501/637
f 418/418/638 525/525/638 419/419/638
f 463/463/639 593/593/639 462/462/639
f 492/492/640 582/582/640 588/588/640
f 399/399/641 430/430/641 550/550/641
f 448/448/642 511/511/642 565/565/642
f 514/514/643 515/515/643 606/606/643
f 534/534/644 412/412/644 406/406/644
f 582/582/645 581/581/645 569/569/645
f 439/439/646 514/514/646 447/447/646
f 459/459/647 579/579/647 578/578/647
f 469/469/648 492/492/648 588/588/648
f 568/568/649 518/518/649 548/548/649
f 513/513/650 558/558/650 561/561/650
f 425/425/651 545/545/651 520/520/651
f 586/586/652 496/496/652 466/466/652
f 583/583/653 462/462/653 584/584/653
f 486/486/654 399/399/654 517/517/654
f 444/444/655 446/446/655 562/562/655
f 531/531/656 408/408/656 529/529/656
f 536/536/657 598/598/657 600/600/657
f 490/490/658 508/508/658 460/460/658
f 428/428/659 518/518/659 549/549/659
f 582/582/660 471/471/660 473/473/660
f 602/602/661 528/528/661 533/533/661
f 593/593/662 463/463/662 610/610/662
f 503/503/663 585/585/663 587/587/663
f 582/582/664 569/569/664 585/585/664
f 594/594/665 593/593/665 610/610/665
f 550/550/666 554/554/666 542/542/666
f 583/583/667 607/607/667 579/579/667
f 402/402/668 424/424/668 423/423/668
f 582/582/669 492/492/669 471/471/669
f 540/540/670 538/538/670 599/599/670
f 591/591/671 587/587/671 590/590/671
f 498/498/672 594/594/672 596/596/672
f 587/587/673 585/585/673 511/511/673
f 532/532/674 531/531/674 529/529/674
f 594/594/675 584/584/675 593/593/675
f 519/519/676 545/545/676 536/536/676
f 578/578/677 579/579/677 557/557/677
f 566/566/678 568/568/678 560/560/678
f 551/551/679 542/542/679 548/548/679
f 605/605/680 558/558/680 539/539/680
f 406/406/681 413/413/681 409/409/681
f 536/536/682 530/530/682 531/531/682
f 517/517/683 399/399/683 551/551/683
f 525/525/684 539/539/684 558/558/684
f 514/514/685 442/442/685 447/447/685
f 503/503/686 469/469/686 588/588/686
f 399/399/687 486/486/687 429/429/687
f 474/474/688 473/473/688 472/472/688
f 580/580/689 489/489/689 583/583/689
f 419/419/690 525/525/690 404/404/691
f 572/572/692 453/453/692 510/510/692
f 516/516/693 435/435/693 436/436/693
f 441/441/694 497/497/694 422/422/694
f 505/505/695 397/397/695 464/464/695
f 599/599/696 481/481/696 484/484/696
f 541/541/697 533/533/697 538/538/697
f 541/541/698 522/522/698 560/560/698
f 571/571/699 452/452/699 572/572/699
f 595/595/700 504/504/700 607/607/700
f 576/576/701 574/574/701 575/575/701
f 547/547/702 434/434/702 555/555/702
f 579/579/703 608/608/703 557/557/703
f 550/550/704 542/542/704 551/551/704
f 509/509/705 575/575/705 554/554/705
f 575/575/706 552/552/706 542/542/706
f 548/548/707 541/541/707 568/568/707
f 592/592/708 507/507/708 508/508/708
f 529/529/709 534/534/709 532/532/709
f 510/510/710 567/567/710 572/572/710
f 398/398/711 465/465/711 590/590/711
f 439/439/712 559/559/712 515/515/712
f 519/519/713 402/402/713 520/520/713
f 574/574/714 488/488/714 458/458/714
f 490/490/715 456/456/715 576/576/715
f 431/431/716 553/553/716 432/432/716
f 452/452/717 571/571/717 451/451/717
f 505/505/718 561/561/718 608/608/718
f 476/476/719 479/479/719 596/596/719
f 579/579/720 580/580/720 583/583/720
f 566/566/721 565/565/721 511/511/721
f 576/576/722 575/575/722 573/573/722
f 442/442/723 497/497/723 441/441/723
f 548/548/724 602/602/724 541/541/724
f 499/499/725 500/500/725 498/498/725
f 558/558/726 513/513/726 443/443/726
f 566/566/727 585/585/727 568/568/727
f 430/430/728 399/399/728 429/429/728
f 437/437/729 419/419/729 404/404/729
f 527/527/730 415/415/730 537/537/730
f 569/569/731 567/567/731 568/568/731
f 473/473/732 474/474/732 475/475/732
f 498/498/733 596/596/733 395/395/733
f 577/577/734 575/575/734 574/574/734
f 552/552/735 575/575/735 553/553/735
f 524/524/736 558/558/736 438/438/736
f 478/478/737 595/595/737 494/494/737
f 522/522/738 540/540/738 422/422/738
f 557/557/739 605/605/739 539/539/739
f 601/601/740 600/600/740 598/598/740
f 440/440/741 445/445/741 562/562/741
f 504/504/742 608/608/742 607/607/742
f 607/607/743 583/583/743 584/584/743
f 607/607/744 584/584/744 594/594/744
f 611/611/745 609/609/745 495/495/745
f 500/500/746 607/607/746 594/594/746
f 602/602/747 535/535/747 597/597/747
f 544/544/748 543/543/748 521/521/748
f 605/605/749 561/561/749 558/558/749
f 611/611/750 596/596/750 609/609/750
f 519/519/751 543/543/751 402/402/751
f 563/563/752 562/562/752 564/564/752
f 402/402/753 543/543/753 544/544/753
f 568/568/754 541/541/754 560/560/754
f 536/536/755 531/531/755 543/543/755
f 554/554/756 575/575/756 542/542/756
f 500/500/757 594/594/757 498/498/757
f 531/531/758 532/532/758 543/543/758
f 484/484/759 420/420/759 403/403/759
f 518/518/760 428/428/760 427/427/760
f 565/565/761 566/566/761 563/563/761
f 529/529/762 482/482/762 412/412/762
f 528/528/763 410/410/763 485/485/763
f 449/449/764 511/511/764 448/448/764
f 502/502/765 503/503/765 587/587/765
f 510/510/766 428/428/766 549/549/766
f 505/505/767 608/608/767 504/504/767
f 573/573/768 509/509/768 570/570/768
f 573/573/769 570/570/769 571/571/769
f 585/585/770 569/569/770 568/568/770
f 607/607/771 608/608/771 579/579/771
f 438/438/772 558/558/772 443/443/772
f 555/555/773 557/557/773 539/539/773
f 606/606/774 515/515/774 559/559/774
f 547/547/775 555/555/775 546/546/775
f 601/601/776 598/598/776 537/537/776
f 545/545/777 598/598/777 536/536/777
f 510/510/778 549/549/778 567/567/778
f 512/512/779 448/448/779 563/563/779
f 451/451/780 571/571/780 570/570/780
f 575/575/781 556/556/781 553/553/781
f 466/466/782 398/398/782 586/586/782
f 509/509/783 554/554/783 455/455/783
f 522/522/784 541/541/784 540/540/784
f 575/575/785 509/509/785 573/573/785
f 423/423/786 520/520/786 402/402/786
f 576/576/787 573/573/787 592/592/787
f 577/577/788 557/557/788 575/575/788
f 600/600/789 414/414/789 407/407/789
f 506/506/790 610/610/790 463/463/790
f 464/464/791 397/397/791 467/467/791
f 519/519/792 536/536/792 543/543/792
f 499/499/793 498/498/793 395/395/793
f 602/602/794 542/542/794 535/535/794
f 591/591/795 502/502/795 587/587/795
f 575/575/796 516/516/796 556/556/796
f 555/555/797 434/434/797 516/516/797
f 533/533/798 528/528/798 485/485/798
f 574/574/799 456/456/799 488/488/799
f 622/622/800 625/625/800 686/686/800
f 713/713/801 674/674/801 656/656/801
f 724/724/802 723/723/802 725/725/802
f 648/648/803 707/707/803 667/667/803
f 623/623/804 809/809/804 816/816/804
f 729/729/805 628/628/805 723/723/805
f 647/647/806 650/650/806 631/631/806
f 624/624/807 742/742/807 739/739/807
f 687/687/808 693/693/808 692/692/808
f 643/643/809 734/734/809 640/640/809
f 676/676/810 789/789/810 668/668/810
f 676/676/811 668/668/811 677/677/811
f 648/648/812 714/714/812 650/650/812
f 717/717/813 613/613/813 760/760/813
f 678/678/814 625/625/814 687/687/814
f 668/668/815 789/789/815 707/707/815
f 784/784/816 664/664/816 708/708/816
f 649/649/817 735/735/817 765/765/817
f 821/821/818 799/799/818 800/800/818
f 621/621/819 695/695/819 690/690/819
f 673/673/820 669/669/820 681/681/820
f 704/704/821 821/821/821 703/703/821
f 733/733/822 715/715/822 763/763/822
f 779/779/823 777/777/823 661/661/823
f 750/750/824 748/748/824 722/722/824
f 716/716/825 762/762/825 763/763/825
f 684/684/826 698/698/826 619/619/826
f 648/648/827 667/667/827 670/670/827
f 785/785/828 665/665/828 780/780/828
f 696/696/829 686/686/829 619/619/829
f 652/652/830 651/651/830 654/654/830
f 636/636/831 712/712/831 637/637/831
f 650/650/832 653/653/832 652/652/832
f 713/713/833 795/795/833 674/674/833
f 721/721/834 720/720/834 636/636/834
f 637/637/835 727/727/835 757/757/835
f 818/818/836 685/685/836 807/807/836
f 710/710/837 665/665/837 662/662/837
f 669/669/838 769/769/838 768/768/838
f 699/699/839 785/785/839 819/819/839
f 723/723/840 730/730/840 729/729/840
f 721/721/841 827/827/841 720/720/841
f 694/694/842 811/811/842 689/689/842
f 688/688/843 689/689/843 626/626/843
f 704/704/844 680/680/844 821/821/844
f 790/790/845 669/669/845 673/673/845
f 621/621/846 688/688/846 626/626/846
f 621/621/847 690/690/847 682/682/847
f 725/725/848 627/627/848 828/828/848
f 712/712/849 638/638/849 657/657/849
f 754/754/850 720/720/850 827/827/850
f 655/655/851 682/682/851 663/663/851
f 680/680/852 688/688/852 681/681/852
f 745/745/853 719/719/853 628/628/853
f 645/645/854 666/666/854 646/646/854
f 665/665/855 710/710/855 780/780/855
f 618/618/856 662/662/856 665/665/856
f 664/664/857 784/784/857 783/783/857
f 666/666/858 618/618/858 684/684/858
f 635/635/859 641/641/859 638/638/859
f 613/613/860 716/716/860 631/631/860
f 705/705/861 737/737/861 706/706/861
f 822/822/862 702/702/862 823/823/862
f 666/666/863 615/615/863 618/618/863
f 782/782/864 726/726/864 801/801/864
f 677/677/865 798/798/865 797/797/865
f 629/629/866 613/613/866 614/614/866
f 627/627/867 744/744/867 828/828/867
f 732/732/868 633/633/868 758/758/868
f 690/690/869 738/738/869 812/812/869
f 730/730/870 724/724/870 743/743/870
f 822/822/871 679/679/871 702/702/871
f 786/786/872 819/819/872 785/785/872
f 766/766/873 646/646/873 765/765/873
f 745/745/874 628/628/874 729/729/874
f 695/695/875 817/817/875 813/813/875
f 666/666/876 668/668/876 707/707/876
f 671/671/877 702/702/877 681/681/877
f 827/827/878 632/632/878 753/753/878
f 645/645/879 644/644/879 666/666/879
f 789/789/880 788/788/880 707/707/880
f 612/612/881 747/747/881 627/627/881
f 700/700/882 683/683/882 620/620/882
f 629/629/883 630/630/883 613/613/883
f 701/701/884 683/683/884 801/801/884
f 704/704/885 703/703/885 678/678/885
f 784/784/886 708/708/886 709/709/886
f 809/809/887 815/815/887 816/816/887
f 649/649/888 647/647/888 767/767/888
f 821/821/889 679/679/889 799/799/889
f 719/719/890 615/615/890 616/616/890
f 750/750/891 749/749/891 748/748/891
f 739/739/892 803/803/892 820/820/892
f 645/645/893 766/766/893 764/764/893
f 719/719/894 745/745/894 826/826/894
f 741/741/895 694/694/895 815/815/895
f 716/716/896 613/613/896 762/762/896
f 790/790/897 769/769/897 669/669/897
f 824/824/898 793/793/898 673/673/898
f 720/720/899 754/754/899 635/635/899
f 709/709/900 617/617/900 781/781/900
f 707/707/901 788/788/901 787/787/901
f 647/647/902 648/648/902 650/650/902
f 649/649/903 767/767/903 735/735/903
f 711/711/904 775/775/904 660/660/904
f 771/771/905 652/652/905 772/772/905
f 660/660/906 657/657/906 661/661/906
f 690/690/907 695/695/907 738/738/907
f 646/646/908 666/666/908 648/648/908
f 629/629/909 639/639/909 630/630/909
f 682/682/910 690/690/910 685/685/910
f 704/704/911 678/678/911 687/687/911
f 648/648/912 671/671/912 681/681/912
f 749/749/913 750/750/913 751/751/913
f 651/651/914 770/770/914 713/713/914
f 804/804/915 698/698/915 819/819/915
f 694/694/916 689/689/916 691/691/916
f 772/772/917 652/652/917 653/653/917
f 718/718/918 662/662/918 615/615/918
f 632/632/919 721/721/919 636/636/919
f 825/825/920 758/758/920 633/633/920
f 632/632/921 636/636/921 633/633/921
f 630/630/922 760/760/922 613/613/922
f 795/795/923 705/705/923 674/674/923
f 709/709/924 708/708/924 617/617/924
f 641/641/925 642/642/925 654/654/925
f 775/775/926 712/712/926 658/658/926
f 689/689/927 811/811/927 817/817/927
f 706/706/928 824/824/928 672/672/928
f 731/731/929 641/641/929 635/635/929
f 802/802/930 700/700/930 620/620/930
f 817/817/931 810/810/931 814/814/931
f 698/698/932 684/684/932 665/665/932
f 743/743/933 724/724/933 828/828/933
f 714/714/934 669/669/934 768/768/934
f 800/800/935 703/703/935 821/821/935
f 757/757/936 825/825/936 637/637/936
f 617/617/937 708/708/937 664/664/937
f 701/701/938 682/682/938 683/683/938
f 616/616/939 615/615/939 644/644/939
f 755/755/940 632/632/940 634/634/940
f 718/718/941 615/615/941 719/719/941
f 625/625/942 684/684/942 619/619/942
f 693/693/943 623/623/943 816/816/943
f 737/737/944 824/824/944 706/706/944
f 640/640/945 761/761/945 639/639/945
f 798/798/946 678/678/946 703/703/946
f 792/792/947 823/823/947 671/671/947
f 754/754/948 731/731/948 635/635/948
f 655/655/949 705/705/949 675/675/949
f 620/620/950 739/739/950 820/820/950
f 698/698/951 665/665/951 699/699/951
f 679/679/952 822/822/952 799/799/952
f 712/712/953 727/727/953 637/637/953
f 620/620/954 820/820/954 802/802/954
f 666/666/955 707/707/955 648/648/955
f 660/660/956 661/661/956 659/659/956
f 679/679/957 680/680/957 702/702/957
f 723/723/958 616/616/958 629/629/958
f 670/670/959 667/667/959 787/787/959
f 693/693/960 816/816/960 692/692/960
f 694/694/961 741/741/961 811/811/961
f 721/721/962 632/632/962 827/827/962
f 654/654/963 656/656/963 655/655/963
f 695/695/964 813/813/964 738/738/964
f 774/774/965 712/712/965 775/775/965
f 783/783/966 778/778/966 661/661/966
f 786/786/967 804/804/967 819/819/967
f 622/622/968 623/623/968 625/625/968
f 662/662/969 618/618/969 615/615/969
f 612/612/970 627/627/970 614/614/970
f 621/621/971 626/626/971 695/695/971
f 641/641/972 731/731/972 752/752/972
f 699/699/973 665/665/973 785/785/973
f 687/687/974 692/692/974 680/680/974
f 713/713/975 656/656/975 651/651/975
f 644/644/976 615/615/976 666/666/976
f 824/824/977 737/737/977 794/794/977
f 810/810/978 817/817/978 811/811/978
f 613/613/979 631/631/979 614/614/979
f 760/760/980 630/630/980 761/761/980
f 812/812/981 806/806/981 690/690/981
f 663/663/982 701/701/982 726/726/982
f 668/668/983 666/666/983 684/684/983
f 722/722/984 612/612/984 728/728/984
f 657/657/985 663/663/985 617/617/985
f 687/687/986 625/625/986 623/623/986
f 621/621/987 681/681/987 688/688/987
f 675/675/988 682/682/988 655/655/988
f 726/726/989 781/781/989 663/663/989
f 689/689/990 817/817/990 626/626/990
f 618/618/991 665/665/991 684/684/991
f 647/647/992 649/649/992 648/648/992
f 792/792/993 670/670/993 791/791/993
f 814/814/994 813/813/995 817/817/996
f 670/670/997 787/787/997 791/791/997
f 696/696/998 619/619/998 805/805/998
f 695/695/999 626/626/999 817/817/999
f 818/818/1000 742/742/1000 624/624/1000
f 642/642/1001 650/650/1001 654/654/1001
f 719/719/1002 826/826/1002 718/718/1002
f 627/627/1003 629/629/1003 614/614/1003
f 733/733/1004 767/767/1004 647/647/1004
f 649/649/1005 765/765/1005 646/646/1005
f 710/710/1006 718/718/1006 759/759/1006
f 625/625/1007 678/678/1007 677/677/1007
f 659/659/1008 777/777/1008 711/711/1008
f 692/692/1009 815/815/1009 694/694/1009
f 622/622/1010 808/808/1010 740/740/1010
f 664/664/1011 783/783/1011 661/661/1011
f 768/768/1012 773/773/1012 714/714/1012
f 677/677/1013 684/684/1013 625/625/1013
f 737/737/1014 705/705/1014 796/796/1014
f 798/798/1015 677/677/1015 678/678/1015
f 680/680/1016 691/691/1016 688/688/1016
f 710/710/1017 662/662/1017 718/718/1017
f 720/720/1018 635/635/1018 638/638/1018
f 657/657/1019 638/638/1019 655/655/1019
f 706/706/1020 672/672/1020 675/675/1020
f 636/636/1021 637/637/1021 633/633/1021
f 706/706/1022 675/675/1022 705/705/1022
f 616/616/1023 639/639/1023 629/629/1023
f 705/705/1024 795/795/1024 796/796/1024
f 701/701/1025 801/801/1025 726/726/1025
f 723/723/1026 629/629/1026 725/725/1026
f 821/821/1027 680/680/1027 679/679/1027
f 631/631/1028 650/650/1028 642/642/1028
f 661/661/1029 657/657/1029 664/664/1029
f 777/777/1030 659/659/1030 661/661/1030
f 640/640/1031 734/734/1031 761/761/1031
f 664/664/1032 657/657/1032 617/617/1032
f 612/612/1033 722/722/1033 747/747/1033
f 766/766/1034 645/645/1034 646/646/1034
f 630/630/1035 639/639/1035 761/761/1035
f 638/638/1036 654/654/1036 655/655/1036
f 613/613/1037 717/717/1037 746/746/1037
f 614/614/1038 631/631/1038 642/642/1038
f 685/685/1039 690/690/1039 806/806/1039
f 736/736/1040 676/676/1040 797/797/1040
f 683/683/1041 682/682/1041 685/685/1041
f 762/762/1042 613/613/1042 746/746/1042
f 784/784/1043 709/709/1043 776/776/1043
f 764/764/1044 644/644/1044 645/645/1044
f 704/704/1045 687/687/1045 680/680/1045
f 628/628/1046 719/719/1046 616/616/1046
f 682/682/1047 701/701/1047 663/663/1047
f 631/631/1048 716/716/1048 715/715/1048
f 636/636/1049 638/638/1049 712/712/1049
f 725/725/1050 629/629/1050 627/627/1050
f 691/691/1051 692/692/1051 694/694/1051
f 716/716/1052 763/763/1052 715/715/1052
f 747/747/1053 744/744/1053 627/627/1053
f 781/781/1054 726/726/1054 782/782/1054
f 675/675/1055 621/621/1055 682/682/1055
f 633/633/1056 637/637/1056 825/825/1056
f 657/657/1057 655/655/1057 663/663/1057
f 793/793/1058 790/790/1058 673/673/1058
f 696/696/1059 808/808/1059 686/686/1059
f 683/683/1060 624/624/1060 620/620/1060
f 644/644/1061 764/764/1061 643/643/1061
f 616/616/1062 640/640/1062 639/639/1062
f 728/728/1063 614/614/1063 642/642/1063
f 658/658/1064 657/657/1064 660/660/1064
f 632/632/1065 633/633/1065 634/634/1065
f 720/720/1066 638/638/1066 636/636/1066
f 644/644/1067 643/643/1067 640/640/1067
f 634/634/1068 732/732/1068 755/755/1068
f 711/711/1069 660/660/1069 659/659/1069
f 622/622/1070 740/740/1070 623/623/1070
f 657/657/1071 658/658/1071 712/712/1071
f 718/718/1072 826/826/1072 759/759/1072
f 702/702/1073 671/671/1073 823/823/1073
f 793/793/1074 824/824/1074 794/794/1074
f 759/759/1075 826/826/1075 756/756/1075
f 724/724/1076 730/730/1076 723/723/1076
f 775/775/1077 658/658/1077 660/660/1077
f 773/773/1078 772/772/1078 653/653/1078
f 818/818/1079 624/624/1079 685/685/1079
f 653/653/1080 714/714/1080 773/773/1080
f 748/748/1081 747/747/1081 722/722/1081
f 619/619/1082 698/698/1082 805/805/1082
f 670/670/1083 792/792/1083 671/671/1083
f 728/728/1084 641/641/1084 750/750/1084
f 661/661/1085 778/778/1085 779/779/1085
f 674/674/1086 705/705/1086 655/655/1086
f 699/699/1087 819/819/1087 698/698/1087
f 668/668/1088 684/684/1088 677/677/1088
f 805/805/1089 698/698/1089 804/804/1089
f 617/617/1090 663/663/1090 781/781/1090
f 632/632/1091 755/755/1091 753/753/1091
f 676/676/1092 736/736/1092 789/789/1092
f 715/715/1093 647/647/1093 631/631/1093
f 672/672/1094 681/681/1094 675/675/1094
f 675/675/1095 681/681/1095 621/621/1095
f 687/687/1096 623/623/1096 693/693/1096
f 669/669/1097 648/648/1097 681/681/1097
f 692/692/1098 691/691/1098 680/680/1098
f 622/622/1099 686/686/1099 808/808/1099
f 739/739/1100 620/620/1100 624/624/1100
f 806/806/1101 697/697/1102 685/685/1103
f 634/634/1104 633/633/1104 732/732/1104
f 672/672/1105 824/824/1105 673/673/1105
f 692/692/1106 816/816/1106 815/815/1106
f 685/685/1107 697/697/1107 807/807/1107
f 650/650/1108 714/714/1108 653/653/1108
f 654/654/1109 651/651/1109 656/656/1109
f 787/787/1110 667/667/1110 707/707/1110
f 650/650/1111 652/652/1111 654/654/1111
f 688/688/1112 691/691/1112 689/689/1112
f 751/751/1113 750/750/1113 752/752/1113
f 641/641/1114 654/654/1114 638/638/1114
f 640/640/1115 616/616/1115 644/644/1115
f 641/641/1116 752/752/1116 750/750/1116
f 676/676/1117 677/677/1117 797/797/1117
f 724/724/1118 725/725/1118 828/828/1118
f 714/714/1119 648/648/1119 669/669/1119
f 728/728/1120 642/642/1120 641/641/1120
f 625/625/1121 619/619/1121 686/686/1121
f 683/683/1122 685/685/1122 624/624/1122
f 783/783/1123 776/776/1123 778/778/1123
f 783/783/1124 784/784/1124 776/776/1124
f 628/628/1125 616/616/1125 723/723/1125
f 612/612/1126 614/614/1126 728/728/1126
f 683/683/1127 700/700/1127 801/801/1127
f 809/809/1128 623/623/1128 740/740/1128
f 646/646/1129 648/648/1129 649/649/1129
f 771/771/1130 770/770/1130 651/651/1130
f 733/733/1131 647/647/1131 715/715/1131
f 655/655/1132 656/656/1132 674/674/1132
f 652/652/1133 771/771/1133 651/651/1133
f 709/709/1134 781/781/1134 776/776/1134
f 673/673/1135 681/681/1135 672/672/1135
f 7/7/1 8/8/1 128/128/1
f 124/124/2 4/4/2 5/5/2
f 128/128/3 8/8/3 9/9/3
f 10/10/4 11/11/4 3/3/4
f 123/123/6 3/3/6 4/4/6
f 123/123/7 122/122/7 2/2/7
f 5/5/9 6/6/9 126/126/9
f 11/11/10 12/12/10 4/4/10
f 16/16/11 8/8/11 7/7/11
f 25/25/12 17/17/12 16/16/12
f 17/17/13 9/9/13 8/8/13
f 14/14/14 6/6/14 5/5/14
f 14/14/15 15/15/15 7/7/15
f 18/18/16 19/19/16 11/11/16
f 20/20/18 12/12/18 11/11/18
f 24/24/19 16/16/19 15/15/19
f 32/32/20 33/33/20 25/25/20
f 22/22/21 14/14/21 13/13/21
f 21/21/22 13/13/22 12/12/22
f 22/22/23 23/23/23 15/15/23
f 26/26/24 27/27/24 19/19/24
f 29/29/1136 21/21/1136 20/20/1136
f 31/31/27 32/32/27 24/24/27
f 38/38/28 30/30/28 29/29/28
f 30/30/29 22/22/29 21/21/29
f 31/31/1137 23/23/1137 22/22/1137
f 34/34/31 35/35/31 27/27/31
f 19/19/33 27/27/33 28/28/33
f 39/39/34 40/40/34 32/32/34
f 37/37/35 29/29/35 28/28/35
f 41/41/36 33/33/36 32/32/36
f 46/46/37 38/38/37 37/37/37
f 39/39/38 31/31/38 30/30/38
f 42/42/39 43/43/39 35/35/39
f 27/27/41 35/35/41 36/36/41
f 45/45/1138 37/37/1138 36/36/1138
f 49/49/43 41/41/43 40/40/43
f 54/54/44 46/46/44 45/45/44
f 47/47/1139 39/39/1139 38/38/1139
f 42/42/46 50/50/46 51/51/46
f 43/43/48 44/44/48 36/36/48
f 39/39/49 47/47/49 48/48/49
f 56/56/50 57/57/50 49/49/50
f 63/63/51 55/55/51 54/54/51
f 55/55/52 47/47/52 46/46/52
f 58/58/53 59/59/53 51/51/53
f 52/52/55 44/44/55 43/43/55
f 56/56/56 48/48/56 47/47/56
f 52/52/57 53/53/57 45/45/57
f 62/62/58 54/54/58 53/53/58
f 64/64/59 65/65/59 57/57/59
f 71/71/60 63/63/60 62/62/60
f 66/66/61 67/67/61 59/59/61
f 60/60/63 52/52/63 51/51/63
f 63/63/64 64/64/64 56/56/64
f 60/60/65 61/61/65 53/53/65
f 70/70/66 62/62/66 61/61/66
f 79/79/67 71/71/67 70/70/67
f 74/74/68 75/75/68 67/67/68
f 68/68/70 60/60/70 59/59/70
f 71/71/71 72/72/71 64/64/71
f 68/68/72 69/69/72 61/61/72
f 64/64/73 72/72/73 73/73/73
f 2/2/14 146/146/14 147/147/14
f 84/84/74 76/76/74 75/75/74
f 82/82/75 83/83/75 75/75/75
f 148/148/29 149/149/29 26/26/29
f 75/75/77 76/76/77 68/68/77
f 147/147/21 148/148/21 18/18/21
f 80/80/78 72/72/78 71/71/78
f 77/77/79 69/69/79 68/68/79
f 81/81/80 73/73/80 72/72/80
f 78/78/81 70/70/81 69/69/81
f 156/156/82 157/157/82 90/90/82
f 160/160/83 161/161/83 122/122/83
f 90/90/84 91/91/84 83/83/84
f 87/87/85 79/79/85 78/78/85
f 98/98/86 158/158/86 159/159/86
f 95/95/88 96/96/88 88/88/88
f 34/34/37 150/150/37 151/151/37
f 87/87/89 88/88/89 80/80/89
f 84/84/90 85/85/90 77/77/90
f 89/89/91 81/81/91 80/80/91
f 85/85/92 86/86/92 78/78/92
f 58/58/66 153/153/66 154/154/66
f 95/95/93 87/87/93 86/86/93
f 161/161/9 146/146/9 2/2/9
f 103/103/95 104/104/95 96/96/95
f 66/66/81 154/154/81 155/155/81
f 92/92/1140 93/93/1140 85/85/1140
f 92/92/97 84/84/97 83/83/97
f 96/96/98 97/97/98 89/89/98
f 93/93/82 94/94/82 86/86/82
f 98/98/99 99/99/99 91/91/99
f 90/90/100 157/157/100 158/158/100
f 100/100/102 92/92/102 91/91/102
f 152/152/58 153/153/58 58/58/58
f 109/109/103 101/101/103 100/100/103
f 101/101/104 93/93/104 92/92/104
f 105/105/105 97/97/105 96/96/105
f 102/102/100 94/94/100 93/93/100
f 103/103/106 95/95/106 94/94/106
f 106/106/107 107/107/107 99/99/107
f 26/26/28 149/149/28 150/150/28
f 151/151/44 152/152/44 50/50/44
f 159/159/108 160/160/108 114/114/108
f 107/107/109 108/108/109 100/100/109
f 112/112/110 104/104/110 103/103/110
f 120/120/111 121/121/111 113/113/111
f 113/113/112 105/105/112 104/104/112
f 110/110/86 102/102/86 101/101/86
f 110/110/1141 111/111/1141 103/103/1141
f 106/106/114 114/114/114 115/115/114
f 116/116/116 108/108/116 107/107/116
f 120/120/117 112/112/117 111/111/117
f 124/124/118 125/125/118 117/117/118
f 118/118/108 110/110/108 109/109/108
f 117/117/119 109/109/119 108/108/119
f 118/118/120 119/119/120 111/111/120
f 122/122/121 123/123/121 115/115/121
f 127/127/123 128/128/123 120/120/123
f 127/127/124 126/126/124 6/6/124
f 129/129/125 121/121/125 120/120/125
f 126/126/83 118/118/83 117/117/83
f 127/127/1142 119/119/1142 118/118/1142
f 131/131/127 147/147/127 146/146/127
f 124/124/128 116/116/128 115/115/128
f 177/177/66 162/162/66 130/130/66
f 132/132/127 148/148/127 147/147/127
f 132/132/127 133/133/127 149/149/127
f 134/134/127 150/150/127 149/149/127
f 135/135/127 151/151/127 150/150/127
f 136/136/127 152/152/127 151/151/127
f 136/136/127 137/137/127 153/153/127
f 138/138/127 154/154/127 153/153/127
f 139/139/127 155/155/127 154/154/127
f 140/140/127 156/156/127 155/155/127
f 140/140/127 141/141/127 157/157/127
f 142/142/127 158/158/127 157/157/127
f 143/143/127 159/159/127 158/158/127
f 144/144/127 160/160/127 159/159/127
f 144/144/127 145/145/127 161/161/127
f 130/130/127 146/146/127 161/161/127
f 132/132/82 164/164/82 165/165/82
f 163/163/127 162/162/127 177/177/127
f 177/177/127 176/176/127 175/175/127
f 175/175/127 174/174/127 173/173/127
f 173/173/127 172/172/127 171/171/127
f 171/171/127 170/170/127 169/169/127
f 169/169/127 168/168/127 167/167/127
f 167/167/127 166/166/127 165/165/127
f 165/165/127 164/164/127 163/163/127
f 163/163/127 177/177/127 175/175/127
f 175/175/127 173/173/127 171/171/127
f 171/171/127 169/169/127 167/167/127
f 167/167/127 165/165/127 163/163/127
f 163/163/127 175/175/127 171/171/127
f 139/139/21 171/171/21 172/172/21
f 133/133/100 165/165/100 166/166/100
f 140/140/29 172/172/29 173/173/29
f 134/134/86 166/166/86 167/167/86
f 141/141/28 173/173/28 174/174/28
f 135/135/108 167/167/108 168/168/108
f 142/142/37 174/174/37 175/175/37
f 136/136/83 168/168/83 169/169/83
f 143/143/44 175/175/44 176/176/44
f 130/130/81 162/162/81 163/163/81
f 137/137/9 169/169/9 170/170/9
f 144/144/58 176/176/58 177/177/58
f 131/131/92 163/163/92 164/164/92
f 138/138/14 170/170/14 171/171/14
f 74/74/92 155/155/92 156/156/92
f 13/13/129 5/5/129 4/4/129
f 387/387/1143 245/245/1143 365/365/1143
f 356/356/1144 335/335/1144 235/235/1144
f 384/384/1145 190/190/1145 251/251/1145
f 265/265/1146 231/231/1146 351/351/1146
f 601/601/1147 483/483/1147 600/600/1147
f 610/610/1148 507/507/1148 592/592/1148
f 494/494/1149 595/595/1149 500/500/1149
f 563/563/1150 566/566/1150 562/562/1150
f 826/826/1151 745/745/1151 756/756/1151
f 750/750/1152 722/722/1152 728/728/1152
f 671/671/1153 648/648/1153 670/670/1153
f 702/702/1154 680/680/1154 681/681/1154
