# Blender 3.3.1
# www.blender.org
o rocks-small
v 0.072619 0.116346 0.012708
v 0.054138 0.121019 0.012708
v 0.077293 0.134826 0.012708
v 0.058812 0.139500 0.012708
v 0.081152 0.137127 -0.000000
v 0.056510 0.143359 -0.000000
v 0.074920 0.112487 -0.000000
v 0.050279 0.118718 -0.000000
v 0.244299 0.015952 0.012708
v 0.226728 0.008559 0.012708
v 0.236906 0.033522 0.012708
v 0.219335 0.026130 0.012708
v 0.238602 0.037683 0.000000
v 0.215175 0.027826 0.000000
v 0.248460 0.014256 0.000000
v 0.225032 0.004398 0.000000
v 0.359010 0.239920 0.012708
v 0.369312 0.223881 0.012708
v 0.342970 0.229619 0.012708
v 0.353272 0.213579 0.012708
v 0.338581 0.230576 0.000000
v 0.352315 0.209189 0.000000
v 0.359967 0.244310 0.000000
v 0.373702 0.222924 0.000000
v 0.197923 0.373137 0.012708
v 0.200530 0.392020 0.012708
v 0.216806 0.370531 0.012708
v 0.219412 0.389415 0.012708
v 0.219520 0.366949 0.000000
v 0.222995 0.392127 0.000000
v 0.194341 0.370424 -0.000000
v 0.197816 0.395602 -0.000000
v 0.246647 0.144055 0.145704
v 0.234314 0.158590 0.145704
v 0.261182 0.156387 0.145704
v 0.248850 0.170923 0.145704
v 0.265661 0.156020 0.132996
v 0.249217 0.175402 0.132996
v 0.246280 0.139577 0.132996
v 0.229837 0.158958 0.132996
v 0.233644 0.338855 0.000000
v 0.295521 0.376180 0.000000
v 0.252838 0.328258 0.036132
v 0.295941 0.354260 0.036132
v 0.358783 0.341256 0.000000
v 0.360170 0.269007 0.000000
v 0.298294 0.231681 0.000000
v 0.235030 0.266606 0.000000
v 0.253804 0.277930 0.036132
v 0.265968 0.285268 0.084307
v 0.297872 0.253601 0.036132
v 0.297600 0.267806 0.084307
v 0.340976 0.279603 0.036132
v 0.328538 0.286469 0.084307
v 0.265275 0.321392 0.084307
v 0.296214 0.340055 0.084307
v 0.340010 0.329932 0.036132
v 0.327845 0.322594 0.084307
v 0.113376 0.137989 -0.000000
v 0.014101 0.205733 -0.000000
v 0.116116 0.174351 0.024337
v 0.046960 0.221542 0.024337
v 0.023131 0.325581 -0.000000
v 0.131437 0.377684 -0.000000
v 0.230713 0.309940 0.000000
v 0.221682 0.190093 0.000000
v 0.191562 0.210646 0.024338
v 0.172044 0.223965 0.056789
v 0.197852 0.294132 0.024338
v 0.176560 0.283888 0.056789
v 0.128697 0.341323 0.024337
v 0.126922 0.317760 0.056789
v 0.117891 0.197913 0.056789
v 0.068254 0.231785 0.056789
v 0.053251 0.305027 0.024337
v 0.072769 0.291709 0.056789
v 0.271820 0.240498 0.000000
v 0.333718 0.166660 0.000000
v 0.261809 0.213033 0.048175
v 0.304927 0.161598 0.048175
v 0.300722 0.076136 0.000000
v 0.205827 0.059451 0.000000
v 0.143930 0.133288 -0.000000
v 0.176927 0.223812 -0.000000
v 0.195706 0.201410 0.048175
v 0.207875 0.186893 0.112408
v 0.172721 0.138351 0.048175
v 0.191377 0.141631 0.112408
v 0.215839 0.086916 0.048175
v 0.222325 0.104712 0.112408
v 0.255322 0.195236 0.112408
v 0.286271 0.158317 0.112408
v 0.281942 0.098539 0.048175
v 0.269772 0.113055 0.112408
v 0.299220 0.211732 0.000000
v 0.239744 0.108718 0.000000
v 0.263130 0.211732 0.059475
v 0.221700 0.139972 0.059475
v 0.120794 0.108718 -0.000000
v 0.061318 0.211732 -0.000000
v 0.120794 0.314747 -0.000000
v 0.239744 0.314747 0.000000
v 0.221700 0.283492 0.059475
v 0.210007 0.263240 0.138776
v 0.138839 0.283492 0.059475
v 0.150531 0.263240 0.138776
v 0.097408 0.211732 0.059475
v 0.120794 0.211732 0.138776
v 0.239744 0.211732 0.138776
v 0.210007 0.160225 0.138776
v 0.138839 0.139972 0.059475
v 0.150531 0.160225 0.138776
v 0.232221 0.078335 0.000000
v 0.183327 0.014858 -0.000000
v 0.208125 0.081553 0.032450
v 0.174066 0.037334 0.032450
v 0.103908 0.025463 -0.000000
v 0.073381 0.099544 -0.000000
v 0.122275 0.163022 -0.000000
v 0.201695 0.152417 0.000000
v 0.186860 0.133158 0.032450
v 0.177248 0.120678 0.075718
v 0.131536 0.140545 0.032450
v 0.137538 0.125980 0.075718
v 0.097477 0.096327 0.032450
v 0.113091 0.094242 0.075718
v 0.192511 0.083638 0.075718
v 0.168065 0.051899 0.075718
v 0.118742 0.044721 0.032450
v 0.128354 0.057201 0.075718
v 0.264035 0.284102 0.092027
v 0.263298 0.322484 0.092027
v 0.269681 0.287508 0.099747
v 0.269071 0.319297 0.099747
v 0.329778 0.323759 0.092027
v 0.330515 0.285378 0.092027
v 0.324132 0.320354 0.099747
v 0.324742 0.288564 0.099747
v 0.296170 0.342313 0.092027
v 0.296297 0.335721 0.099747
v 0.297517 0.272141 0.099747
v 0.297644 0.265548 0.092027
v 0.175147 0.221847 0.061989
v 0.117609 0.194168 0.061989
v 0.166088 0.228029 0.067189
v 0.118433 0.205104 0.067189
v 0.069666 0.293825 0.061989
v 0.127204 0.321505 0.061989
v 0.078725 0.287644 0.067189
v 0.126380 0.310569 0.067189
v 0.172044 0.223965 0.056789
v 0.117891 0.197913 0.056789
v 0.064869 0.230157 0.061989
v 0.074752 0.234911 0.067189
v 0.170062 0.280762 0.067189
v 0.126922 0.317760 0.056789
v 0.176560 0.283888 0.056789
v 0.179944 0.285517 0.061989
v 0.072769 0.291709 0.056789
v 0.068254 0.231785 0.056789
v 0.205941 0.189200 0.122702
v 0.256353 0.198065 0.122702
v 0.211589 0.182463 0.132996
v 0.253342 0.189804 0.132996
v 0.271707 0.110748 0.122702
v 0.221294 0.101883 0.122702
v 0.266059 0.117486 0.132996
v 0.224305 0.110144 0.132996
v 0.289237 0.158838 0.122702
v 0.280577 0.157316 0.132996
v 0.197070 0.142633 0.132996
v 0.188412 0.141110 0.122702
v 0.211865 0.266459 0.151484
v 0.243462 0.211732 0.151484
v 0.206438 0.257058 0.164193
v 0.232607 0.211732 0.164193
v 0.148672 0.157006 0.151484
v 0.117077 0.211732 0.151484
v 0.154100 0.166406 0.164193
v 0.127931 0.211732 0.164193
v 0.211865 0.157006 0.151484
v 0.206438 0.166406 0.164193
v 0.154100 0.257058 0.164193
v 0.148672 0.266459 0.151484
v 0.178776 0.122662 0.082652
v 0.194993 0.083306 0.082652
v 0.174315 0.116870 0.089586
v 0.187746 0.084274 0.089586
v 0.126827 0.055217 0.082652
v 0.110609 0.094574 0.082652
v 0.131288 0.061010 0.089586
v 0.117856 0.093606 0.089586
v 0.177248 0.120678 0.075718
v 0.192511 0.083638 0.075718
v 0.169018 0.049584 0.082652
v 0.166233 0.056343 0.089586
v 0.139370 0.121536 0.089586
v 0.113091 0.094242 0.075718
v 0.137538 0.125980 0.075718
v 0.136584 0.128296 0.082652
v 0.128354 0.057201 0.075718
v 0.168065 0.051899 0.075718
v 0.006240 -0.408422 0.009056
v -0.003229 -0.418162 0.009056
v -0.003500 -0.398952 0.009056
v -0.012970 -0.408692 0.009056
v -0.003545 -0.395751 -0.000000
v -0.016172 -0.408738 -0.000000
v 0.009441 -0.408377 -0.000000
v -0.003184 -0.421364 -0.000000
v 0.129371 -0.338240 0.009056
v 0.127673 -0.351718 0.009056
v 0.115893 -0.336542 0.009056
v 0.114195 -0.350020 0.009056
v 0.113930 -0.334013 0.000000
v 0.111666 -0.351983 0.000000
v 0.131901 -0.336277 0.000000
v 0.129637 -0.354247 0.000000
v 0.032021 -0.187641 0.009056
v 0.045590 -0.186999 0.009056
v 0.032663 -0.201211 0.009056
v 0.046233 -0.200568 0.009056
v 0.030509 -0.203579 0.000000
v 0.048601 -0.202723 0.000000
v 0.029652 -0.185487 0.000000
v 0.047745 -0.184630 0.000000
v -0.107593 -0.239590 0.009056
v -0.118318 -0.231253 0.009056
v -0.099256 -0.228865 0.009056
v -0.109982 -0.220528 0.009056
v -0.096079 -0.228466 0.000000
v -0.110380 -0.217351 0.000000
v -0.107195 -0.242767 -0.000000
v -0.121496 -0.231652 -0.000000
v 0.051148 -0.291145 0.103834
v 0.037783 -0.293578 0.103834
v 0.048716 -0.277781 0.103834
v 0.035351 -0.280212 0.103834
v 0.050538 -0.275147 0.094777
v 0.032718 -0.278390 0.094777
v 0.053781 -0.292968 0.094777
v 0.035961 -0.296210 0.094777
v -0.073707 -0.229760 0.000000
v -0.074696 -0.178273 0.000000
v -0.060329 -0.221690 0.025749
v -0.061017 -0.185824 0.025749
v -0.030601 -0.151674 0.000000
v 0.014483 -0.176561 0.000000
v 0.015471 -0.228049 0.000000
v -0.028624 -0.254648 0.000000
v -0.028924 -0.239027 0.025749
v -0.029118 -0.228904 0.060080
v 0.001793 -0.220498 0.025749
v -0.007071 -0.215605 0.060080
v 0.001104 -0.184632 0.025749
v -0.007565 -0.189861 0.060080
v -0.051660 -0.216461 0.060080
v -0.052154 -0.190717 0.060080
v -0.030300 -0.167295 0.025749
v -0.030107 -0.177417 0.060080
v 0.007405 -0.375556 -0.000000
v -0.069777 -0.412687 -0.000000
v -0.014060 -0.360909 0.017344
v -0.067825 -0.386774 0.017344
v -0.140525 -0.364410 -0.000000
v -0.134089 -0.279002 -0.000000
v -0.056907 -0.241872 0.000000
v 0.013840 -0.290149 0.000000
v -0.009577 -0.301414 0.017344
v -0.024751 -0.308714 0.040470
v -0.058860 -0.267785 0.017344
v -0.060125 -0.284576 0.040470
v -0.112625 -0.293649 0.017344
v -0.098716 -0.303141 0.040470
v -0.027969 -0.351418 0.040470
v -0.066560 -0.369983 0.040470
v -0.117108 -0.353144 0.017344
v -0.101934 -0.345845 0.040470
v 0.000597 -0.241245 0.000000
v 0.068222 -0.229355 0.000000
v 0.013980 -0.257210 0.034331
v 0.061088 -0.248927 0.034331
v 0.112332 -0.281973 0.000000
v 0.088817 -0.346484 0.000000
v 0.021193 -0.358375 -0.000000
v -0.022917 -0.305755 -0.000000
v -0.002400 -0.302148 0.034331
v 0.010895 -0.299810 0.080106
v 0.028327 -0.338802 0.034331
v 0.032950 -0.326120 0.080106
v 0.075435 -0.330519 0.034331
v 0.066762 -0.320174 0.080106
v 0.022652 -0.267555 0.080106
v 0.056465 -0.261609 0.080106
v 0.091815 -0.285581 0.034331
v 0.078520 -0.287919 0.080106
v 0.028113 -0.234585 0.000000
v 0.070497 -0.307997 0.000000
v 0.015254 -0.256858 0.042384
v 0.044779 -0.307997 0.042384
v 0.028113 -0.381408 -0.000000
v -0.056655 -0.381408 -0.000000
v -0.099040 -0.307997 -0.000000
v -0.056655 -0.234585 0.000000
v -0.043796 -0.256858 0.042384
v -0.035463 -0.271291 0.098896
v -0.073320 -0.307997 0.042384
v -0.056655 -0.307997 0.098896
v -0.043796 -0.359135 0.042384
v -0.035463 -0.344702 0.098896
v 0.006921 -0.271291 0.098896
v 0.028113 -0.307997 0.098896
v 0.015254 -0.359135 0.042384
v 0.006921 -0.344703 0.098896
v 0.086568 -0.323466 0.000000
v 0.108321 -0.376259 -0.000000
v 0.075996 -0.337190 0.023125
v 0.091150 -0.373966 0.023125
v 0.073478 -0.421495 -0.000000
v 0.016881 -0.413938 -0.000000
v -0.004873 -0.361144 -0.000000
v 0.029970 -0.315908 0.000000
v 0.036570 -0.331926 0.023125
v 0.040847 -0.342305 0.053959
v 0.012298 -0.363438 0.023125
v 0.023426 -0.364923 0.053959
v 0.027452 -0.400213 0.023125
v 0.034302 -0.391320 0.053959
v 0.069146 -0.346084 0.053959
v 0.080023 -0.372480 0.053959
v 0.066878 -0.405478 0.023125
v 0.062601 -0.395099 0.053959
v -0.029087 -0.230513 0.065581
v -0.053038 -0.217292 0.065581
v -0.029178 -0.225815 0.071083
v -0.049014 -0.214865 0.071083
v -0.030137 -0.175809 0.065581
v -0.006187 -0.189030 0.065581
v -0.030047 -0.180507 0.071083
v -0.010210 -0.191457 0.071083
v -0.053563 -0.189939 0.065581
v -0.049449 -0.192210 0.071083
v -0.009776 -0.214112 0.071083
v -0.005662 -0.216382 0.065581
v -0.022339 -0.307554 0.044175
v -0.025758 -0.352927 0.044175
v -0.029382 -0.310942 0.047881
v -0.032213 -0.348521 0.047881
v -0.104345 -0.347005 0.044175
v -0.100927 -0.301633 0.044175
v -0.097302 -0.343617 0.047881
v -0.094471 -0.306038 0.047881
v -0.024751 -0.308714 0.040470
v -0.027969 -0.351418 0.040470
v -0.066761 -0.372652 0.044175
v -0.066174 -0.364859 0.047881
v -0.060511 -0.289700 0.047881
v -0.098716 -0.303141 0.040470
v -0.060125 -0.284576 0.040470
v -0.059923 -0.281906 0.044175
v -0.101934 -0.345845 0.040470
v -0.066560 -0.369983 0.040470
v 0.008782 -0.300182 0.087442
v 0.021274 -0.265911 0.087442
v 0.014952 -0.299096 0.094777
v 0.025299 -0.270712 0.094777
v 0.080633 -0.287548 0.087442
v 0.068141 -0.321819 0.087442
v 0.074462 -0.288632 0.094777
v 0.064116 -0.317017 0.094777
v 0.057200 -0.259593 0.087442
v 0.055054 -0.265480 0.094777
v 0.034361 -0.322249 0.094777
v 0.032215 -0.328135 0.087442
v -0.036788 -0.268997 0.107953
v 0.008245 -0.268997 0.107953
v -0.032920 -0.275696 0.117009
v 0.004378 -0.275696 0.117009
v 0.008245 -0.346997 0.107953
v -0.036788 -0.346996 0.107953
v 0.004378 -0.340298 0.117009
v -0.032920 -0.340298 0.117009
v 0.030762 -0.307997 0.107953
v 0.023027 -0.307997 0.117009
v -0.051569 -0.307997 0.117009
v -0.059305 -0.307997 0.107953
v 0.040167 -0.340655 0.058901
v 0.070234 -0.344670 0.058901
v 0.042152 -0.345473 0.063842
v 0.067055 -0.348798 0.063842
v 0.063281 -0.396748 0.058901
v 0.033213 -0.392734 0.058901
v 0.061296 -0.391931 0.063842
v 0.036393 -0.388606 0.063842
v 0.040847 -0.342305 0.053959
v 0.069146 -0.346084 0.053959
v 0.081791 -0.372717 0.058901
v 0.076627 -0.372027 0.063842
v 0.026821 -0.365377 0.063842
v 0.034302 -0.391320 0.053959
v 0.023426 -0.364923 0.053959
v 0.021657 -0.364687 0.058901
v 0.062601 -0.395099 0.053959
v 0.080023 -0.372480 0.053959
v -0.195371 0.099008 0.006354
v -0.186677 0.095103 0.006354
v -0.199277 0.090314 0.006354
v -0.190583 0.086408 0.006354
v -0.201377 0.089516 -0.000000
v -0.189785 0.084308 -0.000000
v -0.196169 0.101108 -0.000000
v -0.184577 0.095901 -0.000000
v -0.271191 0.163349 0.006354
v -0.261897 0.165463 0.006354
v -0.269076 0.154055 0.006354
v -0.259782 0.156170 0.006354
v -0.270272 0.152153 0.000000
v -0.257881 0.154973 0.000000
v -0.273092 0.164545 0.000000
v -0.260700 0.167365 0.000000
v -0.347121 0.063025 0.006354
v -0.350800 0.071818 0.006354
v -0.338328 0.066705 0.006354
v -0.342008 0.075498 0.006354
v -0.336250 0.065853 0.000000
v -0.341156 0.077576 0.000000
v -0.347973 0.060947 0.000000
v -0.352879 0.072670 0.000000
v -0.279367 -0.016557 0.006354
v -0.282290 -0.025629 0.006354
v -0.288439 -0.013634 0.006354
v -0.291362 -0.022707 0.006354
v -0.289464 -0.011635 0.000000
v -0.293361 -0.023731 0.000000
v -0.277368 -0.015532 -0.000000
v -0.281265 -0.027628 -0.000000
v -0.283469 0.100474 0.072852
v -0.278658 0.092246 0.072852
v -0.291697 0.095664 0.072852
v -0.286887 0.087435 0.072852
v -0.293871 0.096233 0.066498
v -0.287456 0.085262 0.066498
v -0.282899 0.102647 0.066498
v -0.276486 0.091676 0.066498
v -0.293980 0.003425 0.000000
v -0.327689 -0.009582 0.000000
v -0.302511 0.010309 0.018066
v -0.325992 0.001248 0.018066
v -0.355807 0.013107 0.000000
v -0.350217 0.048804 0.000000
v -0.316508 0.061811 0.000000
v -0.288389 0.039121 0.000000
v -0.298617 0.035175 0.018066
v -0.305244 0.032618 0.042153
v -0.318204 0.050980 0.018066
v -0.319303 0.043962 0.042153
v -0.341686 0.041920 0.018066
v -0.336157 0.037459 0.042153
v -0.308039 0.014770 0.042153
v -0.324893 0.008266 0.042153
v -0.345580 0.017054 0.018066
v -0.338953 0.019611 0.042153
v -0.217319 0.091890 -0.000000
v -0.174318 0.049913 -0.000000
v -0.221826 0.074223 0.012169
v -0.191870 0.044982 0.012169
v -0.189170 -0.008317 -0.000000
v -0.247024 -0.024569 -0.000000
v -0.290026 0.017408 0.000000
v -0.275174 0.075637 0.000000
v -0.262127 0.062901 0.012169
v -0.253672 0.054649 0.028394
v -0.272473 0.022339 0.012169
v -0.261099 0.025534 0.028394
v -0.242518 -0.006902 0.012169
v -0.239598 0.004546 0.028394
v -0.224745 0.062775 0.028394
v -0.203245 0.041786 0.028394
v -0.202216 0.004419 0.012169
v -0.210671 0.012672 0.028394
v -0.304238 0.055171 0.000000
v -0.328306 0.096903 0.000000
v -0.296924 0.067825 0.024088
v -0.313690 0.096896 0.024088
v -0.304199 0.138612 0.000000
v -0.256024 0.138589 0.000000
v -0.231956 0.096857 -0.000000
v -0.256063 0.055148 -0.000000
v -0.263366 0.067809 0.024088
v -0.268097 0.076014 0.056204
v -0.246572 0.096864 0.024088
v -0.256043 0.096869 0.056204
v -0.263338 0.125935 0.024088
v -0.268077 0.117735 0.056204
v -0.292185 0.076025 0.056204
v -0.304219 0.096892 0.056204
v -0.296897 0.125951 0.024088
v -0.292165 0.117746 0.056204
v -0.315232 0.071714 0.000000
v -0.277002 0.117275 0.000000
v -0.297462 0.068581 0.029738
v -0.270831 0.100318 0.029738
v -0.218430 0.106947 -0.000000
v -0.198089 0.051058 -0.000000
v -0.236319 0.005498 -0.000000
v -0.294890 0.015825 0.000000
v -0.283292 0.029649 0.029738
v -0.275775 0.038606 0.069388
v -0.242490 0.022454 0.029738
v -0.246489 0.033442 0.069388
v -0.215860 0.054192 0.029738
v -0.227374 0.056222 0.069388
v -0.285946 0.066550 0.069388
v -0.266831 0.089330 0.069388
v -0.230029 0.093124 0.029738
v -0.237545 0.084167 0.069388
v -0.270660 0.131582 0.000000
v -0.241073 0.158593 -0.000000
v -0.259074 0.127906 0.016225
v -0.238464 0.146722 0.016225
v -0.202887 0.146476 -0.000000
v -0.194288 0.107348 -0.000000
v -0.223875 0.080336 -0.000000
v -0.262061 0.092454 0.000000
v -0.253084 0.100649 0.016225
v -0.247267 0.105959 0.037859
v -0.226483 0.092208 0.016225
v -0.228174 0.099901 0.037859
v -0.205873 0.111024 0.016225
v -0.213381 0.113406 0.037859
v -0.251567 0.125523 0.037859
v -0.236773 0.139029 0.037859
v -0.211863 0.138281 0.016225
v -0.217680 0.132971 0.037859
v -0.304191 0.033024 0.046013
v -0.307160 0.014060 0.046013
v -0.307266 0.031837 0.049874
v -0.309726 0.016131 0.049874
v -0.340006 0.019205 0.046013
v -0.337036 0.038168 0.046013
v -0.336930 0.020391 0.049874
v -0.334470 0.036098 0.049874
v -0.325068 0.007151 0.046013
v -0.324558 0.010408 0.049874
v -0.319639 0.041820 0.049874
v -0.319129 0.045078 0.046013
v -0.255016 0.055961 0.030995
v -0.224281 0.064595 0.030995
v -0.251093 0.052130 0.033595
v -0.225637 0.059281 0.033595
v -0.209327 0.011360 0.030995
v -0.240062 0.002726 0.030995
v -0.213251 0.015191 0.033595
v -0.238707 0.008040 0.033595
v -0.253672 0.054649 0.028394
v -0.224745 0.062775 0.028394
v -0.201437 0.042294 0.030995
v -0.206716 0.040812 0.033595
v -0.257628 0.026510 0.033595
v -0.239598 0.004546 0.028394
v -0.261099 0.025534 0.028394
v -0.262907 0.025026 0.030995
v -0.210671 0.012672 0.028394
v -0.203245 0.041786 0.028394
v -0.267345 0.074710 0.061351
v -0.292938 0.074722 0.061351
v -0.269541 0.078518 0.066498
v -0.290738 0.078528 0.066498
v -0.292917 0.119050 0.061351
v -0.267324 0.119038 0.061351
v -0.290721 0.115242 0.066498
v -0.269524 0.115232 0.066498
v -0.305724 0.096892 0.061351
v -0.301328 0.096890 0.066498
v -0.258934 0.096870 0.066498
v -0.254538 0.096868 0.061351
v -0.276970 0.037182 0.075742
v -0.287777 0.066873 0.075742
v -0.273482 0.041340 0.082096
v -0.282432 0.065930 0.082096
v -0.236351 0.085590 0.075742
v -0.225544 0.055900 0.075742
v -0.239839 0.081433 0.082096
v -0.230889 0.056842 0.082096
v -0.267467 0.091077 0.075742
v -0.265611 0.085977 0.082096
v -0.247710 0.036795 0.082096
v -0.245854 0.031695 0.075742
v -0.248192 0.105115 0.041326
v -0.252760 0.125902 0.041326
v -0.245492 0.107580 0.044793
v -0.249275 0.124796 0.044793
v -0.216756 0.133815 0.041326
v -0.212187 0.113027 0.041326
v -0.219456 0.131350 0.044793
v -0.215672 0.114133 0.044793
v -0.247267 0.105959 0.037859
v -0.251567 0.125523 0.037859
v -0.237042 0.140252 0.041326
v -0.236257 0.136682 0.044793
v -0.228690 0.102248 0.044793
v -0.213381 0.113406 0.037859
v -0.228174 0.099901 0.037859
v -0.227905 0.098678 0.041326
v -0.217680 0.132971 0.037859
v -0.236773 0.139029 0.037859
vn 0.6114 0.3646 0.7023
vn -0.6114 -0.3646 0.7023
vn 0.3646 -0.6114 0.7023
vn -0.3646 0.6114 0.7023
vn -0.4829 0.8098 0.3334
vn 0.8098 0.4828 0.3334
vn 0.6115 0.3646 0.7023
vn -0.4829 0.8098 0.3333
vn 0.4828 -0.8098 0.3334
vn 0.8098 0.4829 0.3334
vn 0.4828 -0.8098 0.3333
vn -0.4828 0.8098 0.3334
vn -0.8097 -0.4829 0.3334
vn -0.6115 -0.3646 0.7023
vn -0.8098 -0.4828 0.3334
vn 0.4829 -0.8097 0.3334
vn -0.8098 -0.4828 0.3333
vn 0.3646 -0.6115 0.7022
vn 0.2688 0.6592 0.7023
vn -0.2688 -0.6592 0.7023
vn 0.6592 -0.2687 0.7023
vn -0.6592 0.2687 0.7023
vn -0.8730 0.3559 0.3334
vn 0.2687 0.6592 0.7023
vn 0.3559 0.8730 0.3334
vn -0.8731 0.3559 0.3333
vn -0.6592 0.2688 0.7023
vn 0.8730 -0.3559 0.3334
vn 0.8731 -0.3559 0.3333
vn -0.3559 -0.8730 0.3334
vn 0.6592 -0.2688 0.7023
vn -0.3559 -0.8731 0.3333
vn -0.2687 -0.6592 0.7023
vn -0.6956 0.1515 0.7023
vn 0.6956 -0.1515 0.7023
vn 0.1515 0.6956 0.7023
vn -0.1515 -0.6956 0.7023
vn -0.2007 -0.9212 0.3333
vn -0.9212 0.2007 0.3334
vn -0.1516 -0.6956 0.7023
vn -0.6956 0.1516 0.7023
vn 0.2007 0.9212 0.3334
vn 0.2007 0.9212 0.3333
vn 0.6956 -0.1516 0.7023
vn -0.2007 -0.9212 0.3334
vn 0.9212 -0.2007 0.3334
vn 0.1516 0.6956 0.7023
vn 0.9212 -0.2007 0.3333
vn 0.4298 -0.5675 0.7023
vn -0.4298 0.5675 0.7023
vn -0.5675 -0.4298 0.7023
vn 0.5674 0.4299 0.7023
vn 0.7515 0.5693 0.3334
vn 0.4298 -0.5674 0.7023
vn 0.5692 -0.7515 0.3334
vn 0.7515 0.5693 0.3333
vn 0.5675 0.4298 0.7023
vn -0.7516 -0.5692 0.3334
vn 0.5693 -0.7515 0.3334
vn -0.7516 -0.5692 0.3333
vn 0.4299 -0.5675 0.7023
vn 0.7515 0.5692 0.3334
vn -0.5693 0.7515 0.3334
vn 0.7516 0.5692 0.3333
vn -0.4299 0.5675 0.7023
vn -0.5692 0.7515 0.3334
vn -0.7515 -0.5693 0.3334
vn -0.5693 0.7516 0.3333
vn -0.5674 -0.4299 0.7023
vn 0.7095 -0.0584 0.7023
vn -0.7095 0.0582 0.7023
vn -0.0581 -0.7095 0.7023
vn -0.7095 0.0584 0.7023
vn 0.7095 -0.0582 0.7023
vn 0.0581 0.7095 0.7023
vn 0.0770 0.9396 0.3334
vn 0.7095 -0.0581 0.7023
vn 0.9396 -0.0771 0.3334
vn 0.0770 0.9397 0.3333
vn 0.0582 0.7095 0.7023
vn -0.0771 -0.9396 0.3334
vn 0.9396 -0.0770 0.3334
vn -0.0771 -0.9396 0.3333
vn -0.0582 -0.7095 0.7023
vn 0.0771 0.9396 0.3334
vn -0.9396 0.0770 0.3334
vn 0.0771 0.9397 0.3332
vn -0.9396 0.0771 0.3334
vn -0.0770 -0.9396 0.3334
vn -0.9397 0.0771 0.3333
vn -0.7944 0.4385 0.4203
vn -0.0164 0.8547 0.5188
vn -0.7484 0.4132 0.5188
vn -0.0164 0.8548 0.5187
vn -0.0174 0.9072 0.4203
vn -0.0000 -0.0000 -1.0000
vn 0.0174 -0.9072 0.4203
vn -0.8213 -0.4954 0.2829
vn -0.7770 -0.4687 0.4203
vn -0.8213 -0.4954 0.2828
vn 0.0184 -0.9590 0.2828
vn -0.7484 0.4131 0.5189
vn -0.7320 -0.4416 0.5188
vn -0.7485 0.4132 0.5187
vn 0.8397 -0.4635 0.2829
vn 0.7944 -0.4385 0.4203
vn 0.8397 -0.4635 0.2828
vn -0.8397 0.4635 0.2829
vn -0.8397 0.4635 0.2828
vn -0.0184 0.9590 0.2828
vn 0.0164 -0.8547 0.5188
vn 0.0164 -0.8548 0.5187
vn 0.7484 -0.4132 0.5188
vn -0.8397 0.4636 0.2828
vn -0.0184 0.9590 0.2829
vn 0.7769 0.4687 0.4203
vn 0.7770 0.4687 0.4203
vn 0.8213 0.4954 0.2828
vn 0.8213 0.4954 0.2829
vn 0.8397 -0.4636 0.2828
vn 0.7320 0.4416 0.5188
vn -0.0164 0.8548 0.5188
vn 0.7320 0.4416 0.5187
vn 0.7484 -0.4131 0.5188
vn 0.7485 -0.4132 0.5187
vn -0.0494 -0.6564 0.7528
vn -0.5002 -0.2407 0.8318
vn -0.0417 -0.5536 0.8318
vn -0.5932 -0.2853 0.7528
vn 0.5932 0.2853 0.7528
vn 0.6678 -0.4557 0.5886
vn 0.5437 -0.3710 0.7528
vn 0.7285 0.3504 0.5887
vn 0.4585 -0.3129 0.8318
vn -0.0417 -0.5536 0.8317
vn -0.0495 -0.6564 0.7528
vn 0.0607 0.8061 0.5886
vn 0.5931 0.2854 0.7528
vn 0.0495 0.6564 0.7528
vn 0.5932 0.2854 0.7528
vn 0.7285 0.3505 0.5886
vn -0.0607 -0.8061 0.5886
vn -0.5931 -0.2854 0.7528
vn -0.5932 -0.2854 0.7528
vn -0.7285 -0.3505 0.5887
vn 0.5003 0.2407 0.8317
vn 0.4586 -0.3129 0.8318
vn 0.0494 0.6564 0.7528
vn 0.5002 0.2407 0.8318
vn 0.0417 0.5536 0.8318
vn 0.6677 -0.4557 0.5886
vn -0.0607 -0.8061 0.5887
vn -0.7285 -0.3504 0.5886
vn -0.5437 0.3710 0.7528
vn -0.7285 -0.3505 0.5886
vn -0.6677 0.4556 0.5887
vn -0.6677 0.4557 0.5886
vn 0.0607 0.8061 0.5887
vn -0.4585 0.3129 0.8318
vn -0.5003 -0.2407 0.8317
vn 0.3108 0.8525 0.4203
vn 0.8420 0.1481 0.5188
vn 0.2928 0.8032 0.5188
vn 0.8420 0.1481 0.5187
vn 0.8937 0.1571 0.4203
vn -0.8937 -0.1571 0.4203
vn -0.6162 0.7351 0.2829
vn -0.5829 0.6954 0.4203
vn -0.6162 0.7351 0.2828
vn -0.9447 -0.1661 0.2828
vn -0.5492 0.6552 0.5188
vn 0.2928 0.8032 0.5187
vn 0.3107 0.8525 0.4203
vn -0.3285 -0.9012 0.2829
vn -0.8937 -0.1572 0.4203
vn -0.3108 -0.8525 0.4203
vn -0.3285 -0.9012 0.2828
vn 0.3285 0.9012 0.2829
vn 0.8937 0.1572 0.4203
vn 0.3285 0.9012 0.2828
vn 0.9447 0.1661 0.2828
vn -0.8420 -0.1480 0.5188
vn -0.5492 0.6551 0.5188
vn -0.8420 -0.1480 0.5187
vn -0.8420 -0.1481 0.5188
vn -0.2928 -0.8032 0.5188
vn -0.8420 -0.1481 0.5187
vn -0.6162 0.7350 0.2829
vn -0.6162 0.7350 0.2828
vn 0.9447 0.1661 0.2829
vn 0.5829 -0.6954 0.4203
vn 0.6162 -0.7351 0.2828
vn 0.6162 -0.7350 0.2829
vn -0.3107 -0.8525 0.4203
vn 0.6162 -0.7350 0.2828
vn 0.5492 -0.6551 0.5188
vn 0.8420 0.1480 0.5188
vn 0.5492 -0.6552 0.5187
vn 0.5492 -0.6552 0.5188
vn -0.2928 -0.8032 0.5187
vn 0.9074 -0.0000 0.4203
vn 0.4275 -0.7404 0.5188
vn 0.8549 -0.0000 0.5188
vn 0.4275 -0.7404 0.5187
vn 0.4537 -0.7858 0.4203
vn -0.4537 0.7858 0.4203
vn 0.4796 0.8306 0.2829
vn 0.4537 0.7858 0.4203
vn 0.4796 0.8307 0.2828
vn -0.4796 0.8307 0.2828
vn 0.4275 0.7404 0.5188
vn 0.8549 -0.0000 0.5187
vn -0.9592 -0.0000 0.2829
vn -0.9074 -0.0000 0.4203
vn -0.9592 -0.0000 0.2828
vn 0.9592 -0.0000 0.2829
vn 0.9592 -0.0000 0.2828
vn 0.4796 -0.8307 0.2828
vn -0.4274 0.7404 0.5188
vn 0.4274 0.7404 0.5188
vn -0.4274 0.7404 0.5187
vn -0.4275 0.7404 0.5188
vn -0.8549 -0.0000 0.5188
vn -0.4275 0.7404 0.5187
vn 0.4796 0.8307 0.2829
vn 0.4796 -0.8306 0.2829
vn -0.4537 -0.7858 0.4203
vn -0.4796 -0.8307 0.2828
vn -0.4796 -0.8307 0.2829
vn -0.4274 -0.7404 0.5188
vn 0.4274 -0.7404 0.5188
vn -0.4274 -0.7404 0.5187
vn -0.4275 -0.7404 0.5188
vn -0.8549 -0.0000 0.5187
vn 0.8605 -0.1149 0.4964
vn 0.3049 -0.7400 0.5996
vn 0.7933 -0.1059 0.5996
vn 0.8604 -0.1149 0.4964
vn 0.3307 -0.8026 0.4964
vn -0.3307 0.8026 0.4964
vn 0.5734 0.7444 0.3421
vn 0.5297 0.6877 0.4964
vn -0.3580 0.8688 0.3421
vn 0.4884 0.6340 0.5996
vn -0.9314 0.1244 0.3421
vn -0.8605 0.1149 0.4964
vn 0.9314 -0.1244 0.3421
vn 0.3307 -0.8026 0.4965
vn 0.3580 -0.8688 0.3421
vn -0.3049 0.7400 0.5996
vn -0.7933 0.1059 0.5996
vn -0.8604 0.1149 0.4964
vn 0.8604 -0.1149 0.4965
vn -0.5297 -0.6877 0.4964
vn -0.5734 -0.7444 0.3421
vn -0.8604 0.1149 0.4965
vn -0.4884 -0.6341 0.5996
vn -0.4884 -0.6340 0.5996
vn -0.3399 -0.2050 0.9178
vn -0.8513 0.4700 0.2332
vn -0.8327 -0.5023 0.2331
vn -0.3475 0.1918 0.9178
vn 0.3399 0.2050 0.9178
vn 0.8513 -0.4700 0.2332
vn 0.8327 0.5023 0.2331
vn 0.3399 0.2050 0.9179
vn 0.3475 -0.1918 0.9178
vn -0.8403 0.4638 -0.2807
vn -0.8219 -0.4957 -0.2807
vn -0.8513 0.4700 0.2331
vn -0.0186 0.9723 0.2332
vn -0.0187 0.9722 0.2332
vn -0.3475 0.1918 0.9179
vn -0.0076 0.3969 0.9178
vn -0.3475 0.1919 0.9178
vn 0.3399 0.2051 0.9178
vn 0.3475 -0.1919 0.9178
vn -0.3399 -0.2051 0.9178
vn 0.0076 -0.3969 0.9178
vn 0.8513 -0.4701 0.2331
vn 0.0184 -0.9596 -0.2807
vn 0.8402 -0.4639 -0.2807
vn 0.8513 -0.4700 0.2331
vn 0.0187 -0.9723 0.2331
vn -0.8218 -0.4958 -0.2807
vn 0.0186 -0.9723 0.2331
vn 0.0186 -0.9722 0.2332
vn 0.0187 -0.9722 0.2332
vn 0.0077 -0.3969 0.9178
vn 0.8403 -0.4638 -0.2807
vn 0.8219 0.4957 -0.2807
vn -0.0184 0.9596 -0.2807
vn -0.0186 0.9723 0.2331
vn 0.8218 0.4958 -0.2807
vn -0.8402 0.4639 -0.2807
vn -0.0187 0.9723 0.2331
vn 0.8327 0.5023 0.2332
vn 0.1425 -0.0973 0.9850
vn -0.0646 -0.8581 0.5094
vn 0.7108 -0.4851 0.5094
vn -0.0647 -0.8581 0.5094
vn -0.0130 -0.1721 0.9850
vn -0.1425 0.0973 0.9850
vn 0.0646 0.8581 0.5094
vn -0.7108 0.4850 0.5094
vn 0.0647 0.8581 0.5094
vn 0.0130 0.1721 0.9850
vn 0.7108 -0.4850 0.5094
vn -0.0609 -0.8084 -0.5855
vn 0.6696 -0.4569 -0.5855
vn -0.7754 -0.3732 0.5094
vn -0.7755 -0.3730 0.5094
vn -0.0130 -0.1720 0.9850
vn -0.1555 -0.0748 0.9850
vn -0.1425 0.0972 0.9850
vn 0.0130 0.1720 0.9850
vn 0.1425 -0.0972 0.9850
vn 0.1555 0.0748 0.9850
vn 0.7306 0.3514 -0.5855
vn 0.0609 0.8084 -0.5855
vn 0.7305 0.3514 -0.5855
vn 0.7754 0.3731 0.5094
vn 0.7755 0.3731 0.5094
vn 0.7755 0.3730 0.5094
vn 0.6696 -0.4570 -0.5855
vn 0.7305 0.3515 -0.5855
vn -0.6696 0.4569 -0.5855
vn -0.7305 -0.3514 -0.5855
vn -0.7305 -0.3515 -0.5855
vn -0.6696 0.4570 -0.5855
vn -0.7306 -0.3514 -0.5855
vn -0.7754 -0.3731 0.5094
vn -0.2550 0.3042 0.9178
vn 0.3330 0.9136 0.2332
vn -0.6247 0.7453 0.2331
vn 0.1359 0.3730 0.9178
vn 0.2550 -0.3042 0.9178
vn -0.3330 -0.9136 0.2332
vn 0.6247 -0.7453 0.2331
vn -0.1359 -0.3730 0.9178
vn 0.3287 0.9018 -0.2807
vn -0.6166 0.7355 -0.2807
vn -0.6247 0.7452 0.2331
vn 0.3330 0.9136 0.2331
vn 0.1360 0.3730 0.9178
vn 0.9577 0.1684 0.2332
vn 0.3331 0.9136 0.2331
vn 0.1360 0.3729 0.9178
vn 0.3910 0.0688 0.9178
vn 0.1359 0.3729 0.9179
vn -0.1360 -0.3729 0.9178
vn -0.1359 -0.3729 0.9179
vn -0.3910 -0.0688 0.9178
vn -0.3330 -0.9136 0.2331
vn -0.9453 -0.1662 -0.2807
vn -0.3287 -0.9018 -0.2807
vn -0.9577 -0.1684 0.2331
vn -0.9578 -0.1684 0.2331
vn -0.1359 -0.3729 0.9178
vn -0.9577 -0.1684 0.2332
vn -0.3331 -0.9136 0.2331
vn 0.6166 -0.7355 -0.2807
vn 0.6247 -0.7452 0.2331
vn 0.6248 -0.7452 0.2331
vn 0.9453 0.1662 -0.2807
vn 0.9578 0.1684 0.2330
vn -0.3910 -0.0687 0.9178
vn 0.9577 0.1685 0.2331
vn 0.3909 0.0688 0.9179
vn 0.6247 -0.7452 0.2332
vn 0.9578 0.1684 0.2331
vn 0.3910 0.0687 0.9178
vn 0.1985 0.3438 0.9178
vn 0.9724 -0.0000 0.2332
vn 0.4863 0.8421 0.2331
vn 0.1985 0.3437 0.9178
vn 0.3970 -0.0000 0.9178
vn -0.1985 -0.3438 0.9178
vn -0.9724 -0.0000 0.2332
vn -0.4863 -0.8421 0.2331
vn -0.1985 -0.3437 0.9178
vn -0.3970 -0.0000 0.9178
vn 0.4862 0.8422 0.2331
vn 0.9598 -0.0000 -0.2807
vn 0.4799 0.8312 -0.2807
vn 0.9724 -0.0000 0.2331
vn 0.4862 -0.8422 0.2332
vn 0.3969 -0.0000 0.9179
vn 0.1985 -0.3437 0.9179
vn 0.1985 -0.3438 0.9178
vn -0.1985 0.3438 0.9178
vn -0.9724 -0.0000 0.2331
vn -0.4799 0.8312 -0.2807
vn -0.9598 -0.0000 -0.2807
vn -0.4862 0.8422 0.2331
vn -0.4862 0.8422 0.2332
vn -0.3969 -0.0000 0.9179
vn -0.4862 -0.8422 0.2331
vn -0.4799 -0.8312 -0.2807
vn 0.4799 -0.8312 -0.2807
vn 0.4862 -0.8422 0.2331
vn -0.4862 0.8421 0.2332
vn 0.1984 0.3437 0.9179
vn 0.9725 -0.0000 0.2331
vn 0.4862 -0.8422 0.2330
vn -0.4862 -0.8422 0.2332
vn 0.1984 -0.3437 0.9179
vn 0.2018 0.2619 0.9438
vn 0.9504 -0.1269 0.2838
vn 0.5851 0.7597 0.2838
vn 0.9505 -0.1269 0.2838
vn 0.2017 0.2619 0.9438
vn 0.3277 -0.0437 0.9438
vn -0.2018 -0.2619 0.9438
vn -0.9504 0.1269 0.2838
vn -0.5852 -0.7596 0.2838
vn -0.9505 0.1269 0.2838
vn -0.2017 -0.2620 0.9438
vn -0.3277 0.0437 0.9438
vn 0.9323 -0.1245 -0.3396
vn 0.5740 0.7451 -0.3397
vn 0.9504 -0.1269 0.2839
vn 0.3277 -0.0438 0.9438
vn 0.3653 -0.8866 0.2838
vn 0.1260 -0.3057 0.9438
vn -0.2017 -0.2619 0.9438
vn 0.3277 -0.0436 0.9438
vn -0.3277 0.0438 0.9438
vn -0.1260 0.3057 0.9438
vn -0.3584 0.8696 -0.3396
vn -0.9323 0.1245 -0.3397
vn -0.3653 0.8866 0.2838
vn 0.5739 0.7452 -0.3396
vn -0.3654 0.8865 0.2837
vn 0.5851 0.7596 0.2838
vn -0.3654 0.8865 0.2838
vn -0.3583 0.8696 -0.3397
vn -0.5851 -0.7597 0.2838
vn -0.9323 0.1245 -0.3396
vn -0.5740 -0.7451 -0.3397
vn 0.3583 -0.8696 -0.3396
vn 0.3583 -0.8696 -0.3398
vn -0.5739 -0.7451 -0.3397
vn 0.5852 0.7596 0.2838
vn -0.1259 0.3057 0.9438
vn 0.9323 -0.1245 -0.3397
vn 0.3583 -0.8696 -0.3397
vn 0.9505 -0.1269 0.2837
vn 0.1259 -0.3057 0.9438
vn -0.0100 0.7118 0.7023
vn 0.0100 -0.7118 0.7023
vn 0.7118 0.0101 0.7023
vn -0.7118 -0.0101 0.7023
vn -0.9427 -0.0133 0.3334
vn -0.0132 0.9427 0.3334
vn -0.0100 0.7119 0.7023
vn -0.9427 -0.0133 0.3333
vn -0.7118 -0.0100 0.7023
vn 0.9427 0.0132 0.3334
vn -0.0133 0.9427 0.3334
vn 0.9427 0.0132 0.3333
vn 0.7118 0.0100 0.7023
vn -0.9427 -0.0132 0.3334
vn 0.0133 -0.9427 0.3334
vn -0.9427 -0.0132 0.3333
vn 0.0132 -0.9427 0.3334
vn 0.9427 0.0133 0.3334
vn 0.0132 -0.9427 0.3333
vn 0.7119 0.0100 0.7023
vn 0.0101 -0.7118 0.7023
vn -0.4365 0.5624 0.7023
vn 0.4365 -0.5624 0.7023
vn 0.5623 0.4365 0.7023
vn -0.5623 -0.4365 0.7023
vn -0.7447 -0.5781 0.3334
vn -0.4366 0.5623 0.7023
vn -0.5781 0.7447 0.3334
vn -0.7447 -0.5782 0.3333
vn -0.5624 -0.4365 0.7023
vn 0.7447 0.5781 0.3334
vn 0.7448 0.5781 0.3333
vn 0.5623 0.4366 0.7023
vn 0.5781 -0.7447 0.3334
vn -0.7448 -0.5781 0.3333
vn -0.5623 -0.4366 0.7023
vn 0.5624 0.4365 0.7023
vn 0.5781 -0.7448 0.3333
vn 0.4365 -0.5623 0.7023
vn -0.4790 -0.5266 0.7023
vn 0.4790 0.5266 0.7023
vn -0.5267 0.4790 0.7023
vn 0.5267 -0.4790 0.7023
vn 0.6974 -0.6344 0.3333
vn -0.6344 -0.6974 0.3334
vn -0.4790 -0.5267 0.7023
vn 0.5266 -0.4790 0.7023
vn -0.4791 -0.5266 0.7023
vn -0.6974 0.6344 0.3334
vn -0.6975 0.6344 0.3333
vn 0.6974 -0.6344 0.3334
vn 0.6344 0.6974 0.3334
vn 0.4790 0.5267 0.7023
vn -0.5266 0.4791 0.7023
vn 0.6344 0.6974 0.3333
vn 0.7064 0.0885 0.7023
vn -0.7064 -0.0885 0.7023
vn 0.0885 -0.7064 0.7023
vn -0.0886 0.7064 0.7023
vn -0.1173 0.9355 0.3334
vn 0.7063 0.0885 0.7023
vn 0.9355 0.1172 0.3334
vn 0.7064 0.0884 0.7023
vn -0.1173 0.9355 0.3333
vn -0.0885 0.7064 0.7023
vn 0.7063 0.0884 0.7023
vn 0.1172 -0.9355 0.3334
vn 0.9355 0.1173 0.3334
vn 0.1172 -0.9355 0.3333
vn 0.0885 -0.7063 0.7023
vn -0.7063 -0.0885 0.7023
vn -0.1172 0.9355 0.3334
vn -0.9355 -0.1173 0.3334
vn -0.1172 0.9355 0.3333
vn -0.0884 0.7064 0.7023
vn -0.9355 -0.1172 0.3334
vn 0.1173 -0.9355 0.3334
vn -0.9355 -0.1172 0.3333
vn 0.0886 -0.7063 0.7023
vn 0.4053 0.5852 0.7023
vn -0.4051 -0.5854 0.7023
vn 0.5854 -0.4051 0.7023
vn -0.4053 -0.5852 0.7023
vn 0.4051 0.5854 0.7023
vn -0.5854 0.4051 0.7023
vn -0.7752 0.5365 0.3334
vn 0.5366 0.7752 0.3334
vn 0.4052 0.5853 0.7023
vn -0.7753 0.5365 0.3333
vn -0.5853 0.4052 0.7023
vn 0.4051 0.5853 0.7023
vn 0.7752 -0.5366 0.3334
vn 0.5365 0.7752 0.3334
vn 0.7752 -0.5366 0.3333
vn 0.5853 -0.4051 0.7023
vn -0.4052 -0.5854 0.7023
vn -0.7752 0.5366 0.3334
vn -0.5365 -0.7752 0.3335
vn -0.7752 0.5366 0.3332
vn -0.5853 0.4051 0.7023
vn 0.5853 -0.4052 0.7023
vn -0.5366 -0.7752 0.3334
vn 0.7753 -0.5365 0.3334
vn -0.5366 -0.7752 0.3333
vn -0.4051 -0.5853 0.7023
vn -0.7484 0.4131 0.5188
vn -0.7321 -0.4415 0.5188
vn -0.7944 0.4386 0.4203
vn 0.0184 -0.9590 0.2829
vn -0.7320 -0.4416 0.5189
vn 0.0164 -0.8548 0.5188
vn -0.7321 -0.4416 0.5187
vn -0.7769 -0.4687 0.4203
vn 0.8213 0.4955 0.2828
vn -0.8213 -0.4955 0.2829
vn -0.8213 -0.4955 0.2828
vn 0.7321 0.4415 0.5188
vn -0.0175 0.9072 0.4203
vn 0.7321 0.4416 0.5187
vn -0.0417 -0.5535 0.8318
vn 0.5438 -0.3710 0.7528
vn 0.0608 0.8061 0.5887
vn 0.5002 0.2406 0.8318
vn 0.4586 -0.3129 0.8317
vn 0.5437 -0.3711 0.7528
vn -0.6678 0.4556 0.5886
vn -0.5437 0.3711 0.7528
vn 0.6678 -0.4556 0.5886
vn 0.0417 0.5536 0.8317
vn 0.0417 0.5535 0.8318
vn 0.0416 0.5535 0.8318
vn 0.7285 0.3504 0.5886
vn 0.6677 -0.4556 0.5887
vn -0.0608 -0.8061 0.5886
vn -0.7284 -0.3504 0.5887
vn -0.5438 0.3710 0.7528
vn -0.5002 -0.2406 0.8318
vn 0.2927 0.8032 0.5188
vn -0.9447 -0.1661 0.2829
vn -0.5492 0.6552 0.5187
vn -0.5830 0.6953 0.4203
vn -0.9447 -0.1662 0.2829
vn -0.9447 -0.1662 0.2828
vn 0.3285 0.9011 0.2829
vn 0.9447 0.1662 0.2829
vn 0.5830 -0.6953 0.4203
vn 0.9447 0.1662 0.2828
vn 0.8419 0.1481 0.5188
vn 0.8420 0.1480 0.5187
vn -0.4795 0.8307 0.2829
vn 0.4274 0.7404 0.5187
vn -0.8549 0.0001 0.5188
vn -0.4275 0.7403 0.5188
vn -0.8549 0.0001 0.5187
vn -0.8550 -0.0000 0.5187
vn -0.4796 0.8306 0.2829
vn 0.9592 0.0001 0.2829
vn 0.4275 -0.7403 0.5188
vn 0.8549 -0.0001 0.5188
vn -0.4275 -0.7404 0.5187
vn 0.7933 -0.1060 0.5996
vn 0.4883 0.6341 0.5996
vn -0.3048 0.7400 0.5996
vn -0.5297 -0.6878 0.4964
vn -0.7933 0.1060 0.5996
vn -0.4883 -0.6341 0.5996
vn 0.5297 0.6877 0.4965
vn 0.3308 -0.8026 0.4964
vn -0.5297 -0.6877 0.4965
vn 0.3049 -0.7399 0.5996
vn -0.8327 -0.5022 0.2332
vn -0.3399 -0.2050 0.9179
vn 0.8327 0.5022 0.2332
vn -0.0076 0.3968 0.9179
vn -0.8513 0.4699 0.2332
vn -0.3400 -0.2050 0.9178
vn -0.0077 0.3969 0.9178
vn 0.3400 0.2050 0.9178
vn 0.8327 0.5022 0.2331
vn 0.8403 -0.4639 -0.2807
vn 0.8514 -0.4699 0.2331
vn 0.0185 -0.9596 -0.2807
vn 0.8513 -0.4699 0.2332
vn 0.3476 -0.1918 0.9178
vn -0.0187 0.9723 0.2330
vn -0.8403 0.4639 -0.2807
vn -0.0185 0.9596 -0.2807
vn 0.8514 -0.4699 0.2332
vn -0.8514 0.4700 0.2331
vn -0.0187 0.9723 0.2332
vn -0.0186 0.9722 0.2332
vn 0.1555 0.0747 0.9850
vn -0.1555 -0.0747 0.9850
vn -0.7755 -0.3731 0.5094
vn -0.7108 0.4851 0.5094
vn -0.0645 -0.8581 0.5094
vn 0.1424 -0.0973 0.9850
vn -0.0129 -0.1721 0.9850
vn -0.1554 -0.0748 0.9850
vn -0.1424 0.0972 0.9850
vn -0.1424 0.0973 0.9850
vn 0.1424 -0.0972 0.9850
vn 0.1554 0.0748 0.9850
vn 0.0610 0.8084 -0.5855
vn -0.0608 -0.8084 -0.5855
vn -0.0610 -0.8084 -0.5855
vn 0.6697 -0.4569 -0.5855
vn -0.6247 0.7452 0.2332
vn -0.3909 -0.0687 0.9178
vn -0.2551 0.3042 0.9178
vn 0.9578 0.1683 0.2331
vn 0.2551 -0.3042 0.9178
vn -0.2550 0.3043 0.9178
vn -0.2549 0.3043 0.9178
vn -0.2550 0.3042 0.9179
vn 0.2550 -0.3043 0.9178
vn 0.2550 -0.3042 0.9179
vn 0.2549 -0.3043 0.9178
vn -0.3287 -0.9017 -0.2807
vn 0.6166 -0.7356 -0.2807
vn -0.3330 -0.9137 0.2331
vn 0.3287 0.9017 -0.2807
vn 0.3330 0.9137 0.2331
vn 0.9577 0.1684 0.2331
vn -0.3909 -0.0688 0.9178
vn -0.1360 -0.3730 0.9178
vn 0.3909 0.0688 0.9178
vn 0.4862 0.8421 0.2332
vn 0.4862 0.8422 0.2332
vn -0.1984 0.3438 0.9178
vn 0.4861 -0.8422 0.2331
vn -0.4862 -0.8421 0.2332
vn 0.1984 -0.3438 0.9178
vn -0.4863 0.8421 0.2331
vn -0.4862 0.8421 0.2331
vn 0.9724 -0.0001 0.2332
vn 0.3969 0.0001 0.9179
vn -0.9725 0.0001 0.2331
vn -0.9725 -0.0000 0.2331
vn -0.1984 -0.3437 0.9179
vn 0.4863 -0.8421 0.2331
vn 0.4863 -0.8422 0.2331
vn -0.1984 0.3437 0.9179
vn 0.9725 -0.0001 0.2331
vn 0.4862 -0.8421 0.2332
vn 0.3968 -0.0001 0.9179
vn 0.3652 -0.8866 0.2838
vn 0.5740 0.7451 -0.3396
vn 0.5851 0.7597 0.2839
vn 0.9504 -0.1270 0.2838
vn 0.2017 0.2620 0.9438
vn 0.1260 -0.3056 0.9438
vn 0.2016 0.2620 0.9438
vn -0.1260 0.3056 0.9438
vn -0.9323 0.1244 -0.3396
vn -0.9505 0.1268 0.2837
vn -0.9505 0.1268 0.2838
vn -0.9504 0.1270 0.2838
vn 0.3654 -0.8865 0.2838
vn -0.5740 -0.7451 -0.3396
vn 0.3654 -0.8866 0.2838
vn 0.9322 -0.1245 -0.3398
vn 0.5851 0.7597 0.2837
vn 0.1259 -0.3056 0.9438
vn -0.6654 -0.2529 0.7023
vn 0.6654 0.2529 0.7023
vn -0.2529 0.6654 0.7023
vn -0.6655 -0.2529 0.7023
vn 0.2529 -0.6654 0.7023
vn 0.3349 -0.8813 0.3334
vn -0.8813 -0.3348 0.3334
vn 0.3349 -0.8813 0.3333
vn -0.3348 0.8813 0.3334
vn -0.8813 -0.3349 0.3334
vn -0.3348 0.8814 0.3333
vn 0.8813 0.3349 0.3334
vn 0.3348 -0.8813 0.3333
vn 0.6655 0.2529 0.7023
vn -0.3349 0.8813 0.3334
vn 0.8814 0.3348 0.3333
vn -0.2529 0.6655 0.7023
vn -0.3791 -0.6025 0.7023
vn 0.3791 0.6025 0.7023
vn -0.6025 0.3791 0.7023
vn 0.6025 -0.3791 0.7023
vn 0.7980 -0.5021 0.3334
vn -0.3791 -0.6026 0.7023
vn -0.5021 -0.7980 0.3334
vn -0.3792 -0.6025 0.7023
vn 0.7980 -0.5021 0.3333
vn 0.6025 -0.3792 0.7023
vn -0.7980 0.5021 0.3334
vn -0.7980 0.5021 0.3333
vn -0.6026 0.3791 0.7023
vn 0.3792 0.6025 0.7023
vn 0.5021 0.7980 0.3334
vn 0.6026 -0.3791 0.7023
vn -0.6025 0.3792 0.7023
vn 0.5021 0.7980 0.3333
vn 0.6587 -0.2700 0.7023
vn -0.6587 0.2700 0.7023
vn -0.2700 -0.6587 0.7023
vn 0.2700 0.6587 0.7023
vn 0.3576 0.8723 0.3333
vn 0.8723 -0.3576 0.3334
vn 0.3576 0.8724 0.3333
vn 0.2701 0.6587 0.7023
vn 0.6587 -0.2701 0.7023
vn -0.3576 -0.8723 0.3334
vn -0.3576 -0.8724 0.3333
vn -0.6587 0.2701 0.7023
vn 0.3576 0.8723 0.3334
vn -0.8723 0.3576 0.3334
vn -0.2701 -0.6587 0.7023
vn -0.8724 0.3576 0.3333
vn -0.3248 0.6335 0.7023
vn 0.3248 -0.6335 0.7023
vn 0.6335 0.3247 0.7023
vn -0.6335 -0.3248 0.7023
vn -0.8389 -0.4301 0.3334
vn -0.3247 0.6334 0.7023
vn -0.4301 0.8390 0.3334
vn -0.3247 0.6335 0.7023
vn -0.8389 -0.4302 0.3333
vn -0.6335 -0.3247 0.7023
vn 0.8390 0.4301 0.3334
vn -0.4301 0.8389 0.3334
vn 0.8390 0.4301 0.3333
vn 0.3247 -0.6335 0.7023
vn -0.8390 -0.4301 0.3334
vn 0.4301 -0.8389 0.3334
vn -0.8390 -0.4301 0.3333
vn 0.4301 -0.8390 0.3334
vn 0.8389 0.4301 0.3334
vn 0.4301 -0.8390 0.3333
vn 0.6335 0.3248 0.7023
vn -0.6886 0.1807 0.7023
vn 0.6886 -0.1805 0.7023
vn 0.1804 0.6886 0.7023
vn 0.6886 -0.1807 0.7023
vn -0.6886 0.1805 0.7023
vn -0.1804 -0.6886 0.7023
vn -0.2390 -0.9120 0.3334
vn -0.6887 0.1804 0.7023
vn -0.9120 0.2391 0.3334
vn -0.6886 0.1806 0.7023
vn -0.2390 -0.9120 0.3333
vn -0.1805 -0.6886 0.7023
vn 0.2391 0.9120 0.3334
vn -0.9120 0.2390 0.3334
vn 0.2391 0.9120 0.3333
vn -0.6887 0.1805 0.7023
vn 0.1805 0.6886 0.7023
vn -0.2391 -0.9120 0.3334
vn 0.9120 -0.2390 0.3335
vn -0.2391 -0.9120 0.3332
vn 0.9120 -0.2391 0.3334
vn 0.2390 0.9120 0.3334
vn 0.9120 -0.2391 0.3333
vn 0.7062 -0.5698 0.4203
vn -0.1323 -0.8446 0.5188
vn 0.6653 -0.5369 0.5188
vn -0.1323 -0.8446 0.5187
vn -0.1404 -0.8965 0.4203
vn 0.1404 0.8964 0.4203
vn 0.8949 0.3453 0.2829
vn 0.8466 0.3266 0.4203
vn 0.8949 0.3453 0.2828
vn 0.1404 0.8965 0.4203
vn 0.1484 0.9476 0.2828
vn 0.6653 -0.5368 0.5188
vn 0.7976 0.3078 0.5188
vn 0.6654 -0.5369 0.5187
vn -0.7465 0.6023 0.2829
vn -0.7062 0.5698 0.4203
vn -0.7465 0.6023 0.2828
vn 0.7465 -0.6023 0.2829
vn -0.1404 -0.8964 0.4203
vn 0.7465 -0.6023 0.2828
vn -0.1484 -0.9476 0.2828
vn 0.1322 0.8446 0.5188
vn 0.8466 0.3267 0.4203
vn 0.1323 0.8446 0.5187
vn 0.1323 0.8446 0.5188
vn -0.6653 0.5369 0.5188
vn 0.7464 -0.6023 0.2828
vn -0.1484 -0.9476 0.2829
vn -0.8465 -0.3267 0.4203
vn -0.8466 -0.3267 0.4203
vn -0.8949 -0.3453 0.2828
vn -0.8949 -0.3453 0.2829
vn -0.7465 0.6024 0.2828
vn -0.7976 -0.3078 0.5188
vn -0.7976 -0.3078 0.5187
vn -0.8466 -0.3266 0.4203
vn -0.6653 0.5368 0.5188
vn -0.6654 0.5369 0.5187
vn 0.1626 0.6378 0.7528
vn 0.5344 0.1502 0.8318
vn 0.1372 0.5379 0.8318
vn 0.1627 0.6378 0.7528
vn 0.6337 0.1780 0.7528
vn -0.6337 -0.1780 0.7528
vn -0.5785 0.5647 0.5886
vn -0.4710 0.4598 0.7528
vn -0.7783 -0.2186 0.5887
vn -0.3972 0.3878 0.8318
vn 0.1372 0.5379 0.8317
vn -0.1998 -0.7833 0.5886
vn -0.6337 -0.1781 0.7528
vn -0.1627 -0.6378 0.7528
vn 0.1998 0.7833 0.5886
vn 0.6337 0.1781 0.7528
vn 0.1627 0.6379 0.7528
vn 0.7782 0.2187 0.5887
vn -0.5345 -0.1502 0.8317
vn -0.3973 0.3877 0.8318
vn -0.5344 -0.1502 0.8318
vn -0.1372 -0.5379 0.8318
vn -0.1626 -0.6378 0.7528
vn -0.6337 -0.1779 0.7528
vn -0.5784 0.5647 0.5886
vn 0.1997 0.7833 0.5887
vn 0.7783 0.2186 0.5886
vn 0.4710 -0.4598 0.7528
vn 0.6337 0.1779 0.7528
vn 0.7783 0.2187 0.5886
vn 0.5784 -0.5646 0.5887
vn 0.5784 -0.5647 0.5886
vn -0.1997 -0.7833 0.5887
vn 0.3972 -0.3878 0.8318
vn 0.5345 0.1501 0.8317
vn -0.4541 -0.7856 0.4203
vn -0.8549 0.0003 0.5188
vn -0.4278 -0.7402 0.5188
vn -0.8549 0.0004 0.5187
vn -0.9074 0.0005 0.4203
vn 0.9074 -0.0005 0.4203
vn 0.4792 -0.8309 0.2829
vn 0.4533 -0.7861 0.4203
vn 0.4792 -0.8309 0.2828
vn 0.9592 -0.0005 0.2828
vn 0.4271 -0.7406 0.5188
vn -0.4278 -0.7402 0.5187
vn 0.4533 -0.7860 0.4203
vn -0.4540 -0.7856 0.4203
vn 0.4800 0.8304 0.2829
vn 0.9074 -0.0004 0.4203
vn 0.4541 0.7856 0.4203
vn 0.4800 0.8305 0.2828
vn -0.4800 -0.8304 0.2829
vn -0.9074 0.0004 0.4203
vn -0.4800 -0.8304 0.2828
vn -0.9592 0.0005 0.2828
vn 0.8549 -0.0005 0.5188
vn 0.4271 -0.7405 0.5188
vn 0.8549 -0.0005 0.5187
vn 0.8549 -0.0004 0.5188
vn 0.4278 0.7402 0.5188
vn 0.8549 -0.0004 0.5187
vn -0.9592 0.0005 0.2829
vn -0.4533 0.7861 0.4203
vn -0.9592 0.0004 0.2828
vn -0.4792 0.8309 0.2828
vn -0.4792 0.8308 0.2829
vn 0.4540 0.7856 0.4203
vn 0.4800 0.8304 0.2828
vn -0.4271 0.7405 0.5189
vn -0.8549 0.0005 0.5188
vn -0.4271 0.7406 0.5187
vn -0.4533 0.7860 0.4203
vn -0.4271 0.7406 0.5188
vn 0.4278 0.7402 0.5187
vn -0.8936 0.1576 0.4203
vn -0.2924 0.8033 0.5188
vn -0.8419 0.1485 0.5188
vn -0.2924 0.8034 0.5187
vn -0.3104 0.8527 0.4203
vn 0.3104 -0.8526 0.4203
vn -0.6166 -0.7347 0.2829
vn -0.5833 -0.6951 0.4203
vn -0.6166 -0.7348 0.2828
vn 0.3104 -0.8527 0.4203
vn 0.3281 -0.9013 0.2828
vn -0.8419 0.1484 0.5188
vn -0.5495 -0.6549 0.5188
vn -0.8420 0.1484 0.5187
vn 0.9446 -0.1665 0.2829
vn 0.8936 -0.1576 0.4203
vn 0.9446 -0.1665 0.2828
vn 0.3280 -0.9013 0.2828
vn -0.9446 0.1665 0.2829
vn -0.3104 0.8526 0.4203
vn -0.3103 0.8527 0.4203
vn -0.9446 0.1665 0.2828
vn -0.3280 0.9013 0.2828
vn 0.2923 -0.8034 0.5188
vn 0.2923 -0.8034 0.5187
vn 0.2924 -0.8033 0.5188
vn 0.8419 -0.1485 0.5188
vn 0.2924 -0.8034 0.5187
vn 0.3103 -0.8527 0.4203
vn -0.6165 -0.7348 0.2829
vn -0.6165 -0.7348 0.2828
vn -0.9446 0.1666 0.2828
vn -0.3281 0.9013 0.2829
vn 0.5832 0.6951 0.4203
vn 0.5833 0.6951 0.4203
vn -0.3281 0.9013 0.2828
vn 0.6166 0.7348 0.2828
vn 0.6165 0.7348 0.2829
vn 0.6165 0.7348 0.2828
vn 0.9446 -0.1666 0.2828
vn 0.5495 0.6549 0.5188
vn -0.2923 0.8034 0.5188
vn 0.5495 0.6550 0.5187
vn 0.8419 -0.1484 0.5188
vn 0.8419 -0.1484 0.5187
vn -0.8274 0.2626 0.4964
vn -0.1717 0.7817 0.5996
vn -0.7628 0.2420 0.5996
vn -0.1863 0.8479 0.4964
vn 0.1863 -0.8478 0.4964
vn -0.6940 -0.6335 0.3421
vn -0.6411 -0.5853 0.4964
vn 0.2017 -0.9178 0.3421
vn -0.7628 0.2421 0.5996
vn -0.5911 -0.5395 0.5996
vn 0.8956 -0.2843 0.3421
vn 0.8275 -0.2626 0.4964
vn 0.1863 -0.8479 0.4964
vn -0.8956 0.2843 0.3421
vn -0.1863 0.8478 0.4964
vn -0.1863 0.8478 0.4965
vn -0.2017 0.9178 0.3421
vn 0.1718 -0.7817 0.5996
vn -0.5911 -0.5396 0.5996
vn -0.6411 -0.5853 0.4965
vn 0.8274 -0.2626 0.4964
vn 0.1717 -0.7817 0.5996
vn 0.7628 -0.2420 0.5996
vn -0.6940 -0.6336 0.3421
vn -0.8274 0.2626 0.4965
vn -0.8956 0.2842 0.3421
vn 0.6411 0.5853 0.4964
vn 0.6940 0.6335 0.3421
vn 0.6940 0.6336 0.3421
vn 0.8274 -0.2626 0.4965
vn 0.8274 -0.2625 0.4965
vn 0.5911 0.5396 0.5996
vn -0.1718 0.7817 0.5996
vn 0.5910 0.5396 0.5996
vn 0.7629 -0.2421 0.5996
vn 0.7628 -0.2421 0.5996
vn 0.3703 0.1428 0.9178
vn 0.7567 -0.6107 0.2332
vn 0.9073 0.3500 0.2331
vn 0.3704 0.1428 0.9178
vn 0.3089 -0.2493 0.9178
vn -0.3703 -0.1428 0.9178
vn -0.7567 0.6107 0.2332
vn -0.9073 -0.3500 0.2331
vn -0.3703 -0.1429 0.9179
vn -0.3089 0.2493 0.9178
vn 0.7470 -0.6027 -0.2807
vn 0.8955 0.3455 -0.2807
vn 0.9073 0.3501 0.2331
vn 0.7568 -0.6107 0.2331
vn -0.1505 -0.9607 0.2332
vn -0.1504 -0.9607 0.2332
vn 0.3089 -0.2492 0.9179
vn -0.0615 -0.3922 0.9178
vn 0.3089 -0.2494 0.9178
vn -0.3704 -0.1430 0.9178
vn -0.0614 -0.3922 0.9178
vn -0.3703 -0.1429 0.9178
vn -0.3089 0.2494 0.9178
vn 0.3703 0.1429 0.9178
vn 0.3704 0.1429 0.9178
vn 0.0615 0.3922 0.9178
vn -0.7567 0.6107 0.2331
vn 0.1485 0.9482 -0.2807
vn -0.7469 0.6028 -0.2807
vn -0.7568 0.6107 0.2331
vn 0.1504 0.9607 0.2331
vn 0.8954 0.3456 -0.2807
vn 0.1505 0.9607 0.2331
vn 0.9072 0.3501 0.2331
vn -0.3089 0.2492 0.9178
vn 0.1505 0.9607 0.2332
vn 0.1504 0.9607 0.2332
vn 0.0614 0.3922 0.9178
vn -0.9073 -0.3501 0.2331
vn -0.7470 0.6027 -0.2807
vn -0.8955 -0.3455 -0.2807
vn -0.1485 -0.9482 -0.2807
vn -0.1505 -0.9607 0.2331
vn -0.8954 -0.3455 -0.2807
vn 0.3703 0.1430 0.9178
vn 0.7469 -0.6028 -0.2807
vn -0.1504 -0.9607 0.2331
vn -0.9072 -0.3501 0.2332
vn -0.9072 -0.3500 0.2332
vn -0.1234 0.1205 0.9850
vn 0.2127 0.8338 0.5094
vn -0.6158 0.6011 0.5094
vn -0.1234 0.1206 0.9850
vn 0.0427 0.1672 0.9850
vn 0.1234 -0.1206 0.9850
vn -0.2127 -0.8338 0.5094
vn 0.6158 -0.6011 0.5094
vn -0.0427 -0.1672 0.9850
vn 0.2003 0.7855 -0.5855
vn -0.5801 0.5663 -0.5855
vn 0.2126 0.8339 0.5094
vn 0.8284 0.2328 0.5094
vn 0.8285 0.2327 0.5094
vn 0.0427 0.1671 0.9850
vn 0.1661 0.0467 0.9850
vn 0.1234 -0.1205 0.9850
vn -0.0427 -0.1671 0.9850
vn -0.1661 -0.0467 0.9850
vn -0.7805 -0.2192 -0.5855
vn -0.2004 -0.7855 -0.5855
vn -0.7804 -0.2192 -0.5855
vn -0.2126 -0.8338 0.5094
vn -0.8285 -0.2328 0.5094
vn -0.8285 -0.2327 0.5094
vn -0.7804 -0.2193 -0.5855
vn -0.8284 -0.2328 0.5094
vn 0.5801 -0.5662 -0.5855
vn -0.2126 -0.8339 0.5094
vn 0.7804 0.2192 -0.5855
vn 0.7804 0.2193 -0.5855
vn 0.5801 -0.5663 -0.5855
vn -0.1235 0.1205 0.9850
vn 0.7805 0.2192 -0.5855
vn 0.2003 0.7856 -0.5855
vn 0.7804 0.2192 -0.5856
vn 0.8285 0.2328 0.5094
vn 0.6158 -0.6010 0.5094
vn 0.1662 0.0467 0.9850
vn 0.1235 -0.1206 0.9850
vn 0.1983 -0.3439 0.9178
vn -0.4866 -0.8419 0.2332
vn 0.4858 -0.8424 0.2331
vn -0.1986 -0.3437 0.9178
vn -0.1983 0.3439 0.9178
vn 0.4866 0.8419 0.2332
vn -0.4857 0.8425 0.2331
vn 0.1986 0.3437 0.9178
vn -0.4803 -0.8310 -0.2807
vn 0.4795 -0.8314 -0.2807
vn -0.4866 -0.8419 0.2331
vn -0.1987 -0.3437 0.9178
vn -0.9724 0.0004 0.2332
vn -0.4867 -0.8419 0.2331
vn -0.1987 -0.3436 0.9178
vn -0.3970 0.0002 0.9178
vn -0.1986 -0.3436 0.9179
vn 0.1987 0.3436 0.9178
vn 0.1986 0.3436 0.9179
vn 0.3970 -0.0002 0.9178
vn 0.4866 0.8419 0.2331
vn 0.9598 -0.0005 -0.2807
vn 0.4803 0.8310 -0.2807
vn 0.9724 -0.0004 0.2331
vn 0.9724 -0.0005 0.2331
vn 0.9725 -0.0005 0.2331
vn 0.9724 -0.0005 0.2332
vn 0.4867 0.8419 0.2331
vn 0.1987 0.3437 0.9178
vn 0.3970 -0.0001 0.9178
vn -0.4858 0.8424 0.2331
vn -0.4795 0.8314 -0.2807
vn -0.9598 0.0005 -0.2807
vn -0.9725 0.0005 0.2331
vn -0.4859 0.8424 0.2331
vn 0.1983 -0.3438 0.9178
vn 0.9724 -0.0004 0.2332
vn -0.9724 0.0004 0.2331
vn -0.3969 0.0001 0.9179
vn -0.4858 0.8424 0.2332
vn -0.1983 0.3438 0.9178
vn -0.2552 -0.3041 0.9178
vn -0.9577 0.1689 0.2332
vn -0.6251 -0.7449 0.2331
vn -0.2552 -0.3040 0.9178
vn -0.3910 0.0689 0.9178
vn 0.2552 0.3041 0.9178
vn 0.9577 -0.1688 0.2332
vn 0.6252 0.7449 0.2331
vn 0.9576 -0.1689 0.2332
vn 0.2552 0.3040 0.9179
vn 0.3910 -0.0690 0.9178
vn -0.6250 -0.7450 0.2331
vn -0.9452 0.1666 -0.2807
vn -0.6170 -0.7352 -0.2807
vn -0.6250 -0.7449 0.2332
vn -0.9577 0.1689 0.2331
vn -0.3326 0.9138 0.2332
vn -0.3325 0.9138 0.2332
vn -0.3909 0.0689 0.9179
vn -0.1358 0.3729 0.9179
vn -0.3910 0.0690 0.9178
vn -0.1358 0.3730 0.9178
vn 0.3910 -0.0689 0.9178
vn 0.1358 -0.3730 0.9178
vn 0.9577 -0.1689 0.2331
vn 0.3283 -0.9019 -0.2807
vn 0.9452 -0.1667 -0.2807
vn 0.3325 -0.9138 0.2331
vn -0.6169 -0.7353 -0.2807
vn 0.3326 -0.9138 0.2331
vn 0.3909 -0.0689 0.9178
vn 0.3326 -0.9138 0.2332
vn 0.3909 -0.0689 0.9179
vn 0.1358 -0.3731 0.9178
vn 0.6250 0.7450 0.2331
vn 0.9452 -0.1666 -0.2807
vn 0.6170 0.7352 -0.2807
vn 0.9577 -0.1688 0.2331
vn -0.3283 0.9019 -0.2807
vn -0.3326 0.9138 0.2331
vn 0.6251 0.7450 0.2331
vn 0.6169 0.7353 -0.2807
vn -0.2551 -0.3040 0.9179
vn -0.9452 0.1667 -0.2807
vn -0.3326 0.9138 0.2330
vn -0.1358 0.3731 0.9178
vn 0.6250 0.7449 0.2332
vn -0.1357 0.3729 0.9179
vn -0.2442 -0.2228 0.9438
vn -0.9140 0.2900 0.2838
vn -0.7081 -0.6466 0.2838
vn -0.2442 -0.2229 0.9438
vn -0.3151 0.1000 0.9438
vn 0.2442 0.2229 0.9438
vn 0.9140 -0.2900 0.2838
vn 0.7082 0.6464 0.2838
vn 0.2441 0.2229 0.9438
vn 0.3151 -0.1000 0.9438
vn -0.7081 -0.6465 0.2838
vn -0.8965 0.2845 -0.3396
vn -0.6946 -0.6341 -0.3397
vn -0.2058 0.9365 0.2838
vn -0.9140 0.2901 0.2838
vn -0.3151 0.0999 0.9438
vn -0.0710 0.3229 0.9438
vn -0.3151 0.1001 0.9438
vn 0.3151 -0.1001 0.9438
vn -0.2441 -0.2229 0.9438
vn 0.0710 -0.3229 0.9438
vn 0.2019 -0.9186 -0.3396
vn 0.8965 -0.2845 -0.3397
vn 0.2058 -0.9365 0.2838
vn -0.6946 -0.6342 -0.3396
vn 0.2059 -0.9365 0.2837
vn -0.7082 -0.6465 0.2838
vn 0.2059 -0.9365 0.2838
vn 0.2019 -0.9186 -0.3397
vn 0.9140 -0.2901 0.2838
vn 0.3151 -0.0999 0.9438
vn 0.7081 0.6466 0.2838
vn 0.8965 -0.2845 -0.3396
vn 0.6946 0.6341 -0.3397
vn 0.7081 0.6465 0.2838
vn 0.7083 0.6464 0.2838
vn -0.2019 0.9187 -0.3396
vn -0.2019 0.9186 -0.3398
vn 0.0709 -0.3229 0.9438
vn -0.8965 0.2845 -0.3397
vn -0.2019 0.9186 -0.3397
vn -0.0709 0.3229 0.9438
vn 0.7082 0.6465 0.2838
vn -0.2057 0.9366 0.2838
vt 0.718750 0.175000
vt 0.718750 0.175000
vt 0.718750 0.175000
vt 0.718750 0.175000
vt 0.718750 0.075000
vt 0.718750 0.075000
vt 0.718750 0.075000
vt 0.718750 0.075000
vt 0.718750 0.175000
vt 0.718750 0.175000
vt 0.718750 0.175000
vt 0.718750 0.175000
vt 0.718750 0.075000
vt 0.718750 0.075000
vt 0.718750 0.075000
vt 0.718750 0.075000
vt 0.718750 0.175000
vt 0.718750 0.175000
vt 0.718750 0.175000
vt 0.718750 0.175000
vt 0.718750 0.075000
vt 0.718750 0.075000
vt 0.718750 0.075000
vt 0.718750 0.075000
vt 0.718750 0.175000
vt 0.718750 0.175000
vt 0.718750 0.175000
vt 0.718750 0.175000
vt 0.718750 0.075000
vt 0.718750 0.075000
vt 0.718750 0.075000
vt 0.718750 0.075000
vt 0.718750 0.175000
vt 0.718750 0.175000
vt 0.718750 0.175000
vt 0.718750 0.175000
vt 0.718750 0.075000
vt 0.718750 0.075000
vt 0.718750 0.075000
vt 0.718750 0.075000
vt 0.718750 0.025000
vt 0.718750 0.025000
vt 0.718750 0.110714
vt 0.718750 0.110714
vt 0.718750 0.025000
vt 0.718750 0.025000
vt 0.718750 0.025000
vt 0.718750 0.025000
vt 0.718750 0.110714
vt 0.718750 0.225000
vt 0.093750 0.025000
vt 0.718750 0.110714
vt 0.718750 0.225000
vt 0.093750 0.025000
vt 0.718750 0.110714
vt 0.718750 0.225000
vt 0.093750 0.025000
vt 0.718750 0.225000
vt 0.093750 0.025000
vt 0.718750 0.225000
vt 0.093750 0.025000
vt 0.718750 0.110714
vt 0.718750 0.225000
vt 0.093750 0.025000
vt 0.718750 0.025000
vt 0.718750 0.025000
vt 0.718750 0.110714
vt 0.718750 0.110714
vt 0.718750 0.025000
vt 0.718750 0.025000
vt 0.718750 0.025000
vt 0.718750 0.025000
vt 0.718750 0.110714
vt 0.718750 0.225000
vt 0.718750 0.110714
vt 0.718750 0.225000
vt 0.718750 0.110714
vt 0.718750 0.225000
vt 0.718750 0.225000
vt 0.718750 0.225000
vt 0.718750 0.110714
vt 0.718750 0.225000
vt 0.718750 0.025000
vt 0.718750 0.025000
vt 0.718750 0.110714
vt 0.718750 0.110714
vt 0.718750 0.025000
vt 0.718750 0.025000
vt 0.718750 0.025000
vt 0.718750 0.025000
vt 0.718750 0.110714
vt 0.718750 0.225000
vt 0.093750 0.025000
vt 0.718750 0.110714
vt 0.718750 0.225000
vt 0.093750 0.025000
vt 0.718750 0.110714
vt 0.718750 0.225000
vt 0.093750 0.025000
vt 0.718750 0.225000
vt 0.093750 0.025000
vt 0.718750 0.225000
vt 0.093750 0.025000
vt 0.718750 0.110714
vt 0.718750 0.225000
vt 0.093750 0.025000
vt 0.718750 0.025000
vt 0.718750 0.025000
vt 0.718750 0.110714
vt 0.718750 0.110714
vt 0.718750 0.025000
vt 0.718750 0.025000
vt 0.718750 0.025000
vt 0.718750 0.025000
vt 0.718750 0.110714
vt 0.718750 0.225000
vt 0.093750 0.025000
vt 0.718750 0.110714
vt 0.718750 0.225000
vt 0.093750 0.025000
vt 0.718750 0.110714
vt 0.718750 0.225000
vt 0.093750 0.025000
vt 0.718750 0.225000
vt 0.093750 0.025000
vt 0.718750 0.225000
vt 0.093750 0.025000
vt 0.718750 0.110714
vt 0.718750 0.225000
vt 0.093750 0.025000
vt 0.718750 0.025000
vt 0.718750 0.025000
vt 0.718750 0.110714
vt 0.718750 0.110714
vt 0.718750 0.025000
vt 0.718750 0.025000
vt 0.718750 0.025000
vt 0.718750 0.025000
vt 0.718750 0.110714
vt 0.718750 0.225000
vt 0.718750 0.110714
vt 0.718750 0.225000
vt 0.718750 0.110714
vt 0.718750 0.225000
vt 0.718750 0.225000
vt 0.718750 0.225000
vt 0.718750 0.110714
vt 0.718750 0.225000
vt 0.093750 0.125000
vt 0.093750 0.125000
vt 0.093750 0.225000
vt 0.093750 0.225000
vt 0.093750 0.125000
vt 0.093750 0.125000
vt 0.093750 0.225000
vt 0.093750 0.225000
vt 0.093750 0.125000
vt 0.093750 0.225000
vt 0.093750 0.225000
vt 0.093750 0.125000
vt 0.093750 0.125000
vt 0.093750 0.125000
vt 0.093750 0.225000
vt 0.093750 0.225000
vt 0.093750 0.125000
vt 0.093750 0.125000
vt 0.093750 0.225000
vt 0.093750 0.225000
vt 0.093750 0.025000
vt 0.093750 0.025000
vt 0.093750 0.125000
vt 0.093750 0.225000
vt 0.093750 0.225000
vt 0.093750 0.025000
vt 0.093750 0.025000
vt 0.093750 0.125000
vt 0.093750 0.025000
vt 0.093750 0.025000
vt 0.093750 0.125000
vt 0.093750 0.125000
vt 0.093750 0.225000
vt 0.093750 0.225000
vt 0.093750 0.125000
vt 0.093750 0.125000
vt 0.093750 0.225000
vt 0.093750 0.225000
vt 0.093750 0.125000
vt 0.093750 0.225000
vt 0.093750 0.225000
vt 0.093750 0.125000
vt 0.093750 0.125000
vt 0.093750 0.125000
vt 0.093750 0.225000
vt 0.093750 0.225000
vt 0.093750 0.125000
vt 0.093750 0.125000
vt 0.093750 0.225000
vt 0.093750 0.225000
vt 0.093750 0.125000
vt 0.093750 0.225000
vt 0.093750 0.225000
vt 0.093750 0.125000
vt 0.093750 0.125000
vt 0.093750 0.125000
vt 0.093750 0.225000
vt 0.093750 0.225000
vt 0.093750 0.125000
vt 0.093750 0.125000
vt 0.093750 0.225000
vt 0.093750 0.225000
vt 0.093750 0.025000
vt 0.093750 0.025000
vt 0.093750 0.125000
vt 0.093750 0.225000
vt 0.093750 0.225000
vt 0.093750 0.025000
vt 0.093750 0.025000
vt 0.093750 0.125000
vt 0.093750 0.025000
vt 0.093750 0.025000
vt 0.718750 0.175000
vt 0.718750 0.175000
vt 0.718750 0.175000
vt 0.718750 0.175000
vt 0.718750 0.075000
vt 0.718750 0.075000
vt 0.718750 0.075000
vt 0.718750 0.075000
vt 0.718750 0.175000
vt 0.718750 0.175000
vt 0.718750 0.175000
vt 0.718750 0.175000
vt 0.718750 0.075000
vt 0.718750 0.075000
vt 0.718750 0.075000
vt 0.718750 0.075000
vt 0.718750 0.175000
vt 0.718750 0.175000
vt 0.718750 0.175000
vt 0.718750 0.175000
vt 0.718750 0.075000
vt 0.718750 0.075000
vt 0.718750 0.075000
vt 0.718750 0.075000
vt 0.718750 0.175000
vt 0.718750 0.175000
vt 0.718750 0.175000
vt 0.718750 0.175000
vt 0.718750 0.075000
vt 0.718750 0.075000
vt 0.718750 0.075000
vt 0.718750 0.075000
vt 0.718750 0.175000
vt 0.718750 0.175000
vt 0.718750 0.175000
vt 0.718750 0.175000
vt 0.718750 0.075000
vt 0.718750 0.075000
vt 0.718750 0.075000
vt 0.718750 0.075000
vt 0.718750 0.025000
vt 0.718750 0.025000
vt 0.718750 0.110714
vt 0.718750 0.110714
vt 0.718750 0.025000
vt 0.718750 0.025000
vt 0.718750 0.025000
vt 0.718750 0.025000
vt 0.718750 0.110714
vt 0.718750 0.225000
vt 0.093750 0.025000
vt 0.718750 0.110714
vt 0.718750 0.225000
vt 0.093750 0.025000
vt 0.718750 0.110714
vt 0.718750 0.225000
vt 0.093750 0.025000
vt 0.718750 0.225000
vt 0.093750 0.025000
vt 0.718750 0.225000
vt 0.093750 0.025000
vt 0.718750 0.110714
vt 0.718750 0.225000
vt 0.093750 0.025000
vt 0.718750 0.025000
vt 0.718750 0.025000
vt 0.718750 0.110714
vt 0.718750 0.110714
vt 0.718750 0.025000
vt 0.718750 0.025000
vt 0.718750 0.025000
vt 0.718750 0.025000
vt 0.718750 0.110714
vt 0.718750 0.225000
vt 0.718750 0.110714
vt 0.718750 0.225000
vt 0.718750 0.110714
vt 0.718750 0.225000
vt 0.718750 0.225000
vt 0.718750 0.225000
vt 0.718750 0.110714
vt 0.718750 0.225000
vt 0.718750 0.025000
vt 0.718750 0.025000
vt 0.718750 0.110714
vt 0.718750 0.110714
vt 0.718750 0.025000
vt 0.718750 0.025000
vt 0.718750 0.025000
vt 0.718750 0.025000
vt 0.718750 0.110714
vt 0.718750 0.225000
vt 0.093750 0.025000
vt 0.718750 0.110714
vt 0.718750 0.225000
vt 0.093750 0.025000
vt 0.718750 0.110714
vt 0.718750 0.225000
vt 0.093750 0.025000
vt 0.718750 0.225000
vt 0.093750 0.025000
vt 0.718750 0.225000
vt 0.093750 0.025000
vt 0.718750 0.110714
vt 0.718750 0.225000
vt 0.093750 0.025000
vt 0.718750 0.025000
vt 0.718750 0.025000
vt 0.718750 0.110714
vt 0.718750 0.110714
vt 0.718750 0.025000
vt 0.718750 0.025000
vt 0.718750 0.025000
vt 0.718750 0.025000
vt 0.718750 0.110714
vt 0.718750 0.225000
vt 0.093750 0.025000
vt 0.718750 0.110714
vt 0.718750 0.225000
vt 0.093750 0.025000
vt 0.718750 0.110714
vt 0.718750 0.225000
vt 0.093750 0.025000
vt 0.718750 0.225000
vt 0.093750 0.025000
vt 0.718750 0.225000
vt 0.093750 0.025000
vt 0.718750 0.110714
vt 0.718750 0.225000
vt 0.093750 0.025000
vt 0.718750 0.025000
vt 0.718750 0.025000
vt 0.718750 0.110714
vt 0.718750 0.110714
vt 0.718750 0.025000
vt 0.718750 0.025000
vt 0.718750 0.025000
vt 0.718750 0.025000
vt 0.718750 0.110714
vt 0.718750 0.225000
vt 0.718750 0.110714
vt 0.718750 0.225000
vt 0.718750 0.110714
vt 0.718750 0.225000
vt 0.718750 0.225000
vt 0.718750 0.225000
vt 0.718750 0.110714
vt 0.718750 0.225000
vt 0.093750 0.125000
vt 0.093750 0.125000
vt 0.093750 0.225000
vt 0.093750 0.225000
vt 0.093750 0.125000
vt 0.093750 0.125000
vt 0.093750 0.225000
vt 0.093750 0.225000
vt 0.093750 0.125000
vt 0.093750 0.225000
vt 0.093750 0.225000
vt 0.093750 0.125000
vt 0.093750 0.125000
vt 0.093750 0.125000
vt 0.093750 0.225000
vt 0.093750 0.225000
vt 0.093750 0.125000
vt 0.093750 0.125000
vt 0.093750 0.225000
vt 0.093750 0.225000
vt 0.093750 0.025000
vt 0.093750 0.025000
vt 0.093750 0.125000
vt 0.093750 0.225000
vt 0.093750 0.225000
vt 0.093750 0.025000
vt 0.093750 0.025000
vt 0.093750 0.125000
vt 0.093750 0.025000
vt 0.093750 0.025000
vt 0.093750 0.125000
vt 0.093750 0.125000
vt 0.093750 0.225000
vt 0.093750 0.225000
vt 0.093750 0.125000
vt 0.093750 0.125000
vt 0.093750 0.225000
vt 0.093750 0.225000
vt 0.093750 0.125000
vt 0.093750 0.225000
vt 0.093750 0.225000
vt 0.093750 0.125000
vt 0.093750 0.125000
vt 0.093750 0.125000
vt 0.093750 0.225000
vt 0.093750 0.225000
vt 0.093750 0.125000
vt 0.093750 0.125000
vt 0.093750 0.225000
vt 0.093750 0.225000
vt 0.093750 0.125000
vt 0.093750 0.225000
vt 0.093750 0.225000
vt 0.093750 0.125000
vt 0.093750 0.125000
vt 0.093750 0.125000
vt 0.093750 0.225000
vt 0.093750 0.225000
vt 0.093750 0.125000
vt 0.093750 0.125000
vt 0.093750 0.225000
vt 0.093750 0.225000
vt 0.093750 0.025000
vt 0.093750 0.025000
vt 0.093750 0.125000
vt 0.093750 0.225000
vt 0.093750 0.225000
vt 0.093750 0.025000
vt 0.093750 0.025000
vt 0.093750 0.125000
vt 0.093750 0.025000
vt 0.093750 0.025000
vt 0.718750 0.175000
vt 0.718750 0.175000
vt 0.718750 0.175000
vt 0.718750 0.175000
vt 0.718750 0.075000
vt 0.718750 0.075000
vt 0.718750 0.075000
vt 0.718750 0.075000
vt 0.718750 0.175000
vt 0.718750 0.175000
vt 0.718750 0.175000
vt 0.718750 0.175000
vt 0.718750 0.075000
vt 0.718750 0.075000
vt 0.718750 0.075000
vt 0.718750 0.075000
vt 0.718750 0.175000
vt 0.718750 0.175000
vt 0.718750 0.175000
vt 0.718750 0.175000
vt 0.718750 0.075000
vt 0.718750 0.075000
vt 0.718750 0.075000
vt 0.718750 0.075000
vt 0.718750 0.175000
vt 0.718750 0.175000
vt 0.718750 0.175000
vt 0.718750 0.175000
vt 0.718750 0.075000
vt 0.718750 0.075000
vt 0.718750 0.075000
vt 0.718750 0.075000
vt 0.718750 0.175000
vt 0.718750 0.175000
vt 0.718750 0.175000
vt 0.718750 0.175000
vt 0.718750 0.075000
vt 0.718750 0.075000
vt 0.718750 0.075000
vt 0.718750 0.075000
vt 0.718750 0.025000
vt 0.718750 0.025000
vt 0.718750 0.110714
vt 0.718750 0.110714
vt 0.718750 0.025000
vt 0.718750 0.025000
vt 0.718750 0.025000
vt 0.718750 0.025000
vt 0.718750 0.110714
vt 0.718750 0.225000
vt 0.093750 0.025000
vt 0.718750 0.110714
vt 0.718750 0.225000
vt 0.093750 0.025000
vt 0.718750 0.110714
vt 0.718750 0.225000
vt 0.093750 0.025000
vt 0.718750 0.225000
vt 0.093750 0.025000
vt 0.718750 0.225000
vt 0.093750 0.025000
vt 0.718750 0.110714
vt 0.718750 0.225000
vt 0.093750 0.025000
vt 0.718750 0.025000
vt 0.718750 0.025000
vt 0.718750 0.110714
vt 0.718750 0.110714
vt 0.718750 0.025000
vt 0.718750 0.025000
vt 0.718750 0.025000
vt 0.718750 0.025000
vt 0.718750 0.110714
vt 0.718750 0.225000
vt 0.718750 0.110714
vt 0.718750 0.225000
vt 0.718750 0.110714
vt 0.718750 0.225000
vt 0.718750 0.225000
vt 0.718750 0.225000
vt 0.718750 0.110714
vt 0.718750 0.225000
vt 0.718750 0.025000
vt 0.718750 0.025000
vt 0.718750 0.110714
vt 0.718750 0.110714
vt 0.718750 0.025000
vt 0.718750 0.025000
vt 0.718750 0.025000
vt 0.718750 0.025000
vt 0.718750 0.110714
vt 0.718750 0.225000
vt 0.093750 0.025000
vt 0.718750 0.110714
vt 0.718750 0.225000
vt 0.093750 0.025000
vt 0.718750 0.110714
vt 0.718750 0.225000
vt 0.093750 0.025000
vt 0.718750 0.225000
vt 0.093750 0.025000
vt 0.718750 0.225000
vt 0.093750 0.025000
vt 0.718750 0.110714
vt 0.718750 0.225000
vt 0.093750 0.025000
vt 0.718750 0.025000
vt 0.718750 0.025000
vt 0.718750 0.110714
vt 0.718750 0.110714
vt 0.718750 0.025000
vt 0.718750 0.025000
vt 0.718750 0.025000
vt 0.718750 0.025000
vt 0.718750 0.110714
vt 0.718750 0.225000
vt 0.093750 0.025000
vt 0.718750 0.110714
vt 0.718750 0.225000
vt 0.093750 0.025000
vt 0.718750 0.110714
vt 0.718750 0.225000
vt 0.093750 0.025000
vt 0.718750 0.225000
vt 0.093750 0.025000
vt 0.718750 0.225000
vt 0.093750 0.025000
vt 0.718750 0.110714
vt 0.718750 0.225000
vt 0.093750 0.025000
vt 0.718750 0.025000
vt 0.718750 0.025000
vt 0.718750 0.110714
vt 0.718750 0.110714
vt 0.718750 0.025000
vt 0.718750 0.025000
vt 0.718750 0.025000
vt 0.718750 0.025000
vt 0.718750 0.110714
vt 0.718750 0.225000
vt 0.718750 0.110714
vt 0.718750 0.225000
vt 0.718750 0.110714
vt 0.718750 0.225000
vt 0.718750 0.225000
vt 0.718750 0.225000
vt 0.718750 0.110714
vt 0.718750 0.225000
vt 0.093750 0.125000
vt 0.093750 0.125000
vt 0.093750 0.225000
vt 0.093750 0.225000
vt 0.093750 0.125000
vt 0.093750 0.125000
vt 0.093750 0.225000
vt 0.093750 0.225000
vt 0.093750 0.125000
vt 0.093750 0.225000
vt 0.093750 0.225000
vt 0.093750 0.125000
vt 0.093750 0.125000
vt 0.093750 0.125000
vt 0.093750 0.225000
vt 0.093750 0.225000
vt 0.093750 0.125000
vt 0.093750 0.125000
vt 0.093750 0.225000
vt 0.093750 0.225000
vt 0.093750 0.025000
vt 0.093750 0.025000
vt 0.093750 0.125000
vt 0.093750 0.225000
vt 0.093750 0.225000
vt 0.093750 0.025000
vt 0.093750 0.025000
vt 0.093750 0.125000
vt 0.093750 0.025000
vt 0.093750 0.025000
vt 0.093750 0.125000
vt 0.093750 0.125000
vt 0.093750 0.225000
vt 0.093750 0.225000
vt 0.093750 0.125000
vt 0.093750 0.125000
vt 0.093750 0.225000
vt 0.093750 0.225000
vt 0.093750 0.125000
vt 0.093750 0.225000
vt 0.093750 0.225000
vt 0.093750 0.125000
vt 0.093750 0.125000
vt 0.093750 0.125000
vt 0.093750 0.225000
vt 0.093750 0.225000
vt 0.093750 0.125000
vt 0.093750 0.125000
vt 0.093750 0.225000
vt 0.093750 0.225000
vt 0.093750 0.125000
vt 0.093750 0.225000
vt 0.093750 0.225000
vt 0.093750 0.125000
vt 0.093750 0.125000
vt 0.093750 0.125000
vt 0.093750 0.225000
vt 0.093750 0.225000
vt 0.093750 0.125000
vt 0.093750 0.125000
vt 0.093750 0.225000
vt 0.093750 0.225000
vt 0.093750 0.025000
vt 0.093750 0.025000
vt 0.093750 0.125000
vt 0.093750 0.225000
vt 0.093750 0.225000
vt 0.093750 0.025000
vt 0.093750 0.025000
vt 0.093750 0.125000
vt 0.093750 0.025000
vt 0.093750 0.025000
s 0
f 3/3/1 2/2/2 1/1/3
f 2/2/2 3/3/1 4/4/4
f 6/6/5 3/3/1 5/5/6
f 3/3/7 6/6/8 4/4/4
f 3/3/1 7/7/9 5/5/10
f 7/7/11 3/3/7 1/1/3
f 2/2/2 6/6/12 8/8/13
f 6/6/12 2/2/14 4/4/4
f 1/1/3 8/8/15 7/7/16
f 8/8/17 1/1/18 2/2/2
f 11/11/19 10/10/20 9/9/21
f 10/10/20 11/11/19 12/12/22
f 14/14/23 11/11/24 13/13/25
f 11/11/19 14/14/26 12/12/27
f 11/11/19 15/15/28 13/13/25
f 15/15/29 11/11/19 9/9/21
f 10/10/20 14/14/23 16/16/30
f 14/14/26 10/10/20 12/12/22
f 9/9/31 16/16/30 15/15/28
f 16/16/32 9/9/31 10/10/33
f 19/19/34 18/18/35 17/17/36
f 18/18/35 19/19/34 20/20/37
f 22/22/38 19/19/34 21/21/39
f 19/19/34 22/22/38 20/20/40
f 19/19/41 23/23/42 21/21/39
f 23/23/43 19/19/34 17/17/36
f 18/18/44 22/22/45 24/24/46
f 22/22/38 18/18/35 20/20/37
f 17/17/47 24/24/46 23/23/42
f 24/24/48 17/17/36 18/18/35
f 27/27/49 26/26/50 25/25/51
f 26/26/50 27/27/49 28/28/52
f 30/30/53 27/27/54 29/29/55
f 27/27/49 30/30/56 28/28/57
f 27/27/49 31/31/58 29/29/59
f 31/31/60 27/27/61 25/25/51
f 26/26/50 30/30/62 32/32/63
f 30/30/64 26/26/65 28/28/57
f 25/25/51 32/32/66 31/31/67
f 32/32/68 25/25/69 26/26/50
f 35/35/70 34/34/71 33/33/72
f 34/34/73 35/35/74 36/36/75
f 38/38/76 35/35/77 37/37/78
f 35/35/74 38/38/79 36/36/80
f 35/35/74 39/39/81 37/37/82
f 39/39/83 35/35/74 33/33/84
f 34/34/71 38/38/85 40/40/86
f 38/38/87 34/34/71 36/36/80
f 33/33/84 40/40/88 39/39/89
f 40/40/90 33/33/84 34/34/71
f 43/43/91 42/42/92 41/41/93
f 42/42/94 43/43/91 44/44/95
f 46/46/96 42/42/96 45/45/96
f 42/42/96 46/46/96 41/41/96
f 41/41/96 46/46/96 47/47/96
f 41/41/96 47/47/96 48/48/96
f 51/52/97 50/50/98 49/49/99
f 50/50/100 51/52/97 52/53/101
f 49/49/99 41/41/102 48/48/103
f 41/41/104 49/49/99 43/43/91
f 54/56/105 51/52/97 53/55/106
f 51/52/97 54/56/107 52/53/101
f 55/58/108 44/44/95 43/43/91
f 44/44/95 55/58/109 56/60/110
f 47/47/111 49/49/99 48/48/103
f 49/49/99 47/47/112 51/52/97
f 53/55/106 47/47/111 46/46/113
f 47/47/112 53/55/106 51/52/97
f 50/50/98 43/43/91 49/49/99
f 43/43/91 50/50/100 55/58/114
f 56/60/115 57/62/116 44/44/95
f 57/62/117 56/60/110 58/63/118
f 58/63/119 53/55/106 57/62/117
f 53/55/106 58/63/118 54/56/120
f 44/44/95 45/45/121 42/42/122
f 45/45/123 44/44/95 57/62/117
f 57/62/117 46/46/124 45/45/121
f 46/46/125 57/62/117 53/55/106
f 61/67/126 60/66/127 59/65/128
f 60/66/127 61/67/126 62/68/129
f 64/70/96 60/66/96 63/69/96
f 60/66/96 64/70/96 59/65/96
f 59/65/96 64/70/96 65/71/96
f 59/65/96 65/71/96 66/72/96
f 69/75/130 68/74/131 67/73/132
f 68/74/131 69/75/130 70/76/133
f 67/73/132 59/65/128 66/72/134
f 59/65/135 67/73/132 61/67/136
f 72/78/137 69/75/138 71/77/139
f 69/75/140 72/78/137 70/76/141
f 73/79/142 62/68/143 61/67/136
f 62/68/144 73/79/142 74/80/145
f 65/71/146 67/73/132 66/72/147
f 67/73/132 65/71/146 69/75/140
f 71/77/148 65/71/149 64/70/150
f 65/71/149 71/77/148 69/75/130
f 68/74/151 61/67/126 67/73/132
f 61/67/126 68/74/151 73/79/152
f 74/80/153 75/81/154 62/68/129
f 75/81/154 74/80/155 76/82/156
f 76/82/157 71/77/148 75/81/154
f 71/77/148 76/82/157 72/78/158
f 62/68/143 63/69/159 60/66/160
f 63/69/159 62/68/143 75/81/154
f 75/81/154 64/70/150 63/69/159
f 64/70/150 75/81/154 71/77/139
f 79/85/161 78/84/162 77/83/163
f 78/84/164 79/85/161 80/86/165
f 82/88/96 78/84/96 81/87/96
f 78/84/96 82/88/96 77/83/96
f 77/83/96 82/88/96 83/89/96
f 77/83/96 83/89/96 84/90/96
f 87/94/166 86/92/167 85/91/168
f 86/92/169 87/94/166 88/95/170
f 85/91/168 77/83/163 84/90/171
f 77/83/172 85/91/168 79/85/173
f 90/98/174 87/94/175 89/97/176
f 87/94/166 90/98/177 88/95/170
f 91/100/178 80/86/179 79/85/161
f 80/86/165 91/100/180 92/102/181
f 83/89/182 85/91/168 84/90/183
f 85/91/168 83/89/184 87/94/166
f 89/97/176 83/89/185 82/88/186
f 83/89/187 89/97/176 87/94/166
f 86/92/188 79/85/173 85/91/168
f 79/85/161 86/92/189 91/100/180
f 92/102/190 93/104/191 80/86/165
f 93/104/191 92/102/181 94/105/192
f 94/105/193 89/97/194 93/104/191
f 89/97/176 94/105/195 90/98/177
f 80/86/165 81/87/196 78/84/197
f 81/87/198 80/86/165 93/104/191
f 93/104/191 82/88/186 81/87/199
f 82/88/200 93/104/191 89/97/194
f 97/109/201 96/108/202 95/107/203
f 96/108/204 97/109/201 98/110/205
f 100/112/96 96/108/96 99/111/96
f 96/108/96 100/112/96 95/107/96
f 95/107/96 100/112/96 101/113/96
f 95/107/96 101/113/96 102/114/96
f 105/118/206 104/116/207 103/115/208
f 104/116/209 105/118/206 106/119/210
f 103/115/208 95/107/203 102/114/211
f 95/107/212 103/115/208 97/109/201
f 108/122/213 105/118/206 107/121/214
f 105/118/206 108/122/215 106/119/210
f 109/124/216 98/110/205 97/109/201
f 98/110/205 109/124/217 110/126/218
f 101/113/219 103/115/208 102/114/220
f 103/115/208 101/113/221 105/118/206
f 107/121/214 101/113/222 100/112/223
f 101/113/224 107/121/214 105/118/206
f 104/116/225 97/109/201 103/115/208
f 97/109/201 104/116/209 109/124/217
f 110/126/226 111/128/227 98/110/205
f 111/128/227 110/126/218 112/129/228
f 112/129/229 107/121/214 111/128/227
f 107/121/214 112/129/228 108/122/215
f 98/110/205 99/111/230 96/108/231
f 99/111/232 98/110/205 111/128/227
f 111/128/227 100/112/223 99/111/233
f 100/112/234 111/128/227 107/121/214
f 115/133/235 114/132/236 113/131/237
f 114/132/236 115/133/238 116/134/239
f 118/136/96 114/132/96 117/135/96
f 114/132/96 118/136/96 113/131/96
f 113/131/96 118/136/96 119/137/96
f 113/131/96 119/137/96 120/138/96
f 123/141/240 122/140/241 121/139/242
f 122/140/241 123/141/240 124/142/243
f 121/139/242 113/131/237 120/138/244
f 113/131/237 121/139/242 115/133/235
f 126/144/245 123/141/240 125/143/246
f 123/141/240 126/144/245 124/142/243
f 127/145/247 116/134/239 115/133/235
f 116/134/248 127/145/247 128/146/249
f 119/137/250 121/139/242 120/138/244
f 121/139/242 119/137/250 123/141/240
f 125/143/246 119/137/250 118/136/251
f 119/137/250 125/143/252 123/141/240
f 122/140/241 115/133/253 121/139/242
f 115/133/238 122/140/241 127/145/247
f 128/146/249 129/147/254 116/134/239
f 129/147/254 128/146/249 130/148/255
f 130/148/255 125/143/256 129/147/254
f 125/143/252 130/148/255 126/144/245
f 116/134/239 117/135/257 114/132/236
f 117/135/258 116/134/239 129/147/254
f 129/147/254 118/136/251 117/135/258
f 118/136/251 129/147/254 125/143/246
f 133/151/259 132/150/260 131/149/261
f 132/150/260 133/151/259 134/152/262
f 137/155/263 136/154/264 135/153/265
f 136/154/264 137/155/266 138/156/267
f 131/149/261 55/59/268 50/51/269
f 55/59/268 131/149/261 132/150/270
f 134/152/262 139/157/271 132/150/270
f 139/157/272 134/152/273 140/158/274
f 134/152/275 137/155/276 140/158/274
f 137/155/263 134/152/275 138/156/277
f 138/156/277 134/152/275 133/151/259
f 138/156/277 133/151/278 141/159/279
f 136/154/280 52/54/281 54/57/282
f 52/54/281 136/154/283 142/160/284
f 50/51/285 142/160/286 131/149/261
f 142/160/284 50/51/285 52/54/281
f 138/156/267 142/160/287 136/154/283
f 142/160/288 138/156/277 141/159/289
f 135/153/265 54/57/290 58/64/291
f 54/57/290 135/153/265 136/154/283
f 135/153/265 56/61/292 139/157/293
f 56/61/292 135/153/265 58/64/294
f 142/160/288 133/151/259 131/149/261
f 133/151/278 142/160/288 141/159/279
f 132/150/270 56/61/292 55/59/295
f 56/61/292 132/150/270 139/157/296
f 140/158/274 135/153/297 139/157/293
f 135/153/297 140/158/274 137/155/276
f 145/163/298 144/162/299 143/161/300
f 144/162/301 145/163/298 146/164/302
f 149/167/303 148/166/304 147/165/305
f 148/166/306 149/167/303 150/168/307
f 143/161/308 152/170/309 151/169/310
f 152/170/309 143/161/308 144/162/299
f 146/164/302 153/171/311 144/162/301
f 153/171/312 146/164/313 154/172/314
f 146/164/313 149/167/315 154/172/314
f 149/167/315 146/164/313 150/168/316
f 150/168/316 146/164/313 145/163/317
f 150/168/316 145/163/317 155/173/318
f 148/166/306 157/175/319 156/174/320
f 157/175/321 148/166/304 158/176/322
f 151/169/310 158/176/323 143/161/308
f 158/176/324 151/169/325 157/175/326
f 150/168/307 158/176/322 148/166/306
f 158/176/324 150/168/316 155/173/318
f 147/165/305 156/174/320 159/177/327
f 156/174/320 147/165/305 148/166/304
f 147/165/305 160/178/328 153/171/312
f 160/178/329 147/165/305 159/177/330
f 158/176/324 145/163/298 143/161/308
f 145/163/317 158/176/322 155/173/318
f 144/162/301 160/178/331 152/170/309
f 160/178/328 144/162/299 153/171/332
f 154/172/314 147/165/305 153/171/312
f 147/165/305 154/172/314 149/167/303
f 163/181/333 162/180/334 161/179/335
f 162/180/334 163/181/333 164/182/336
f 167/185/337 166/184/338 165/183/339
f 166/184/338 167/185/337 168/186/340
f 161/179/335 91/101/341 86/93/342
f 91/101/341 161/179/343 162/180/344
f 164/182/345 169/187/346 162/180/347
f 169/187/346 164/182/348 170/188/349
f 164/182/348 167/185/337 170/188/349
f 167/185/337 164/182/350 168/186/351
f 168/186/352 164/182/348 163/181/333
f 168/186/351 163/181/333 171/189/353
f 166/184/354 88/96/355 90/99/356
f 88/96/355 166/184/338 172/190/357
f 86/93/342 172/190/358 161/179/343
f 172/190/358 86/93/342 88/96/355
f 168/186/359 172/190/360 166/184/361
f 172/190/360 168/186/351 171/189/353
f 165/183/339 90/99/356 94/106/362
f 90/99/356 165/183/363 166/184/354
f 165/183/364 92/103/365 169/187/366
f 92/103/365 165/183/363 94/106/362
f 172/190/360 163/181/333 161/179/343
f 163/181/333 172/190/360 171/189/367
f 162/180/344 92/103/365 91/101/341
f 92/103/365 162/180/347 169/187/368
f 170/188/369 165/183/370 169/187/371
f 165/183/370 170/188/372 167/185/337
f 175/193/373 174/192/374 173/191/375
f 174/192/374 175/193/376 176/194/377
f 179/197/378 178/196/379 177/195/380
f 178/196/379 179/197/381 180/198/382
f 173/191/383 109/125/384 104/117/385
f 109/125/384 173/191/383 174/192/386
f 176/194/377 181/199/387 174/192/386
f 181/199/387 176/194/388 182/200/389
f 176/194/377 179/197/378 182/200/390
f 179/197/378 176/194/377 180/198/382
f 180/198/382 176/194/377 175/193/373
f 180/198/382 175/193/373 183/201/391
f 178/196/392 106/120/393 108/123/394
f 106/120/393 178/196/392 184/202/395
f 104/117/385 184/202/395 173/191/383
f 184/202/395 104/117/385 106/120/393
f 180/198/382 184/202/396 178/196/392
f 184/202/396 180/198/397 183/201/391
f 177/195/398 108/123/394 112/130/399
f 108/123/394 177/195/398 178/196/392
f 177/195/398 110/127/400 181/199/401
f 110/127/400 177/195/398 112/130/399
f 184/202/402 175/193/373 173/191/383
f 175/193/403 184/202/396 183/201/391
f 174/192/404 110/127/400 109/125/384
f 110/127/400 174/192/386 181/199/405
f 182/200/390 177/195/406 181/199/401
f 177/195/406 182/200/407 179/197/378
f 187/205/408 186/204/409 185/203/410
f 186/204/411 187/205/412 188/206/413
f 191/209/414 190/208/415 189/207/416
f 190/208/417 191/209/418 192/210/419
f 185/203/410 194/212/420 193/211/421
f 194/212/420 185/203/410 186/204/422
f 188/206/423 195/213/424 186/204/409
f 195/213/424 188/206/413 196/214/425
f 188/206/423 191/209/426 196/214/425
f 191/209/414 188/206/427 192/210/428
f 192/210/428 188/206/423 187/205/408
f 192/210/428 187/205/412 197/215/429
f 190/208/417 199/217/430 198/216/431
f 199/217/430 190/208/417 200/218/432
f 193/211/433 200/218/434 185/203/435
f 200/218/436 193/211/433 199/217/437
f 192/210/428 200/218/432 190/208/415
f 200/218/432 192/210/419 197/215/429
f 189/207/438 198/216/439 201/219/440
f 198/216/439 189/207/438 190/208/415
f 189/207/416 202/220/441 195/213/424
f 202/220/442 189/207/416 201/219/443
f 200/218/432 187/205/412 185/203/444
f 187/205/408 200/218/432 197/215/445
f 186/204/409 202/220/441 194/212/446
f 202/220/447 186/204/448 195/213/424
f 196/214/449 189/207/438 195/213/424
f 189/207/438 196/214/425 191/209/426
f 3/3/1 2/2/2 1/1/3
f 2/2/2 3/3/1 4/4/4
f 6/6/5 3/3/1 5/5/6
f 3/3/7 6/6/8 4/4/4
f 3/3/1 7/7/9 5/5/10
f 7/7/11 3/3/7 1/1/3
f 2/2/2 6/6/12 8/8/13
f 6/6/12 2/2/14 4/4/4
f 1/1/3 8/8/15 7/7/16
f 8/8/17 1/1/18 2/2/2
f 11/11/19 10/10/20 9/9/21
f 10/10/20 11/11/19 12/12/22
f 14/14/23 11/11/24 13/13/25
f 11/11/19 14/14/26 12/12/27
f 11/11/19 15/15/28 13/13/25
f 15/15/29 11/11/19 9/9/21
f 10/10/20 14/14/23 16/16/30
f 14/14/26 10/10/20 12/12/22
f 9/9/31 16/16/30 15/15/28
f 16/16/32 9/9/31 10/10/33
f 19/19/34 18/18/35 17/17/36
f 18/18/35 19/19/34 20/20/37
f 22/22/38 19/19/34 21/21/39
f 19/19/34 22/22/38 20/20/40
f 19/19/41 23/23/42 21/21/39
f 23/23/43 19/19/34 17/17/36
f 18/18/44 22/22/45 24/24/46
f 22/22/38 18/18/35 20/20/37
f 17/17/47 24/24/46 23/23/42
f 24/24/48 17/17/36 18/18/35
f 27/27/49 26/26/50 25/25/51
f 26/26/50 27/27/49 28/28/52
f 30/30/53 27/27/54 29/29/55
f 27/27/49 30/30/56 28/28/57
f 27/27/49 31/31/58 29/29/59
f 31/31/60 27/27/61 25/25/51
f 26/26/50 30/30/62 32/32/63
f 30/30/64 26/26/65 28/28/57
f 25/25/51 32/32/66 31/31/67
f 32/32/68 25/25/69 26/26/50
f 35/35/70 34/34/71 33/33/72
f 34/34/73 35/35/74 36/36/75
f 38/38/76 35/35/77 37/37/78
f 35/35/74 38/38/79 36/36/80
f 35/35/74 39/39/81 37/37/82
f 39/39/83 35/35/74 33/33/84
f 34/34/71 38/38/85 40/40/86
f 38/38/87 34/34/71 36/36/80
f 33/33/84 40/40/88 39/39/89
f 40/40/90 33/33/84 34/34/71
f 43/43/91 42/42/92 41/41/93
f 42/42/94 43/43/91 44/44/95
f 46/46/96 42/42/96 45/45/96
f 42/42/96 46/46/96 41/41/96
f 41/41/96 46/46/96 47/47/96
f 41/41/96 47/47/96 48/48/96
f 51/52/97 50/50/98 49/49/99
f 50/50/100 51/52/97 52/53/101
f 49/49/99 41/41/102 48/48/103
f 41/41/104 49/49/99 43/43/91
f 54/56/105 51/52/97 53/55/106
f 51/52/97 54/56/107 52/53/101
f 55/58/108 44/44/95 43/43/91
f 44/44/95 55/58/109 56/60/110
f 47/47/111 49/49/99 48/48/103
f 49/49/99 47/47/112 51/52/97
f 53/55/106 47/47/111 46/46/113
f 47/47/112 53/55/106 51/52/97
f 50/50/98 43/43/91 49/49/99
f 43/43/91 50/50/100 55/58/114
f 56/60/115 57/62/116 44/44/95
f 57/62/117 56/60/110 58/63/118
f 58/63/119 53/55/106 57/62/117
f 53/55/106 58/63/118 54/56/120
f 44/44/95 45/45/121 42/42/122
f 45/45/123 44/44/95 57/62/117
f 57/62/117 46/46/124 45/45/121
f 46/46/125 57/62/117 53/55/106
f 61/67/126 60/66/127 59/65/128
f 60/66/127 61/67/126 62/68/129
f 64/70/96 60/66/96 63/69/96
f 60/66/96 64/70/96 59/65/96
f 59/65/96 64/70/96 65/71/96
f 59/65/96 65/71/96 66/72/96
f 69/75/130 68/74/131 67/73/132
f 68/74/131 69/75/130 70/76/133
f 67/73/132 59/65/128 66/72/134
f 59/65/135 67/73/132 61/67/136
f 72/78/137 69/75/138 71/77/139
f 69/75/140 72/78/137 70/76/141
f 73/79/142 62/68/143 61/67/136
f 62/68/144 73/79/142 74/80/145
f 65/71/146 67/73/132 66/72/147
f 67/73/132 65/71/146 69/75/140
f 71/77/148 65/71/149 64/70/150
f 65/71/149 71/77/148 69/75/130
f 68/74/151 61/67/126 67/73/132
f 61/67/126 68/74/151 73/79/152
f 74/80/153 75/81/154 62/68/129
f 75/81/154 74/80/155 76/82/156
f 76/82/157 71/77/148 75/81/154
f 71/77/148 76/82/157 72/78/158
f 62/68/143 63/69/159 60/66/160
f 63/69/159 62/68/143 75/81/154
f 75/81/154 64/70/150 63/69/159
f 64/70/150 75/81/154 71/77/139
f 79/85/161 78/84/162 77/83/163
f 78/84/164 79/85/161 80/86/165
f 82/88/96 78/84/96 81/87/96
f 78/84/96 82/88/96 77/83/96
f 77/83/96 82/88/96 83/89/96
f 77/83/96 83/89/96 84/90/96
f 87/94/166 86/92/167 85/91/168
f 86/92/169 87/94/166 88/95/170
f 85/91/168 77/83/163 84/90/171
f 77/83/172 85/91/168 79/85/173
f 90/98/174 87/94/175 89/97/176
f 87/94/166 90/98/177 88/95/170
f 91/100/178 80/86/179 79/85/161
f 80/86/165 91/100/180 92/102/181
f 83/89/182 85/91/168 84/90/183
f 85/91/168 83/89/184 87/94/166
f 89/97/176 83/89/185 82/88/186
f 83/89/187 89/97/176 87/94/166
f 86/92/188 79/85/173 85/91/168
f 79/85/161 86/92/189 91/100/180
f 92/102/190 93/104/191 80/86/165
f 93/104/191 92/102/181 94/105/192
f 94/105/193 89/97/194 93/104/191
f 89/97/176 94/105/195 90/98/177
f 80/86/165 81/87/196 78/84/197
f 81/87/198 80/86/165 93/104/191
f 93/104/191 82/88/186 81/87/199
f 82/88/200 93/104/191 89/97/194
f 97/109/201 96/108/202 95/107/203
f 96/108/204 97/109/201 98/110/205
f 100/112/96 96/108/96 99/111/96
f 96/108/96 100/112/96 95/107/96
f 95/107/96 100/112/96 101/113/96
f 95/107/96 101/113/96 102/114/96
f 105/118/206 104/116/207 103/115/208
f 104/116/209 105/118/206 106/119/210
f 103/115/208 95/107/203 102/114/211
f 95/107/212 103/115/208 97/109/201
f 108/122/213 105/118/206 107/121/214
f 105/118/206 108/122/215 106/119/210
f 109/124/216 98/110/205 97/109/201
f 98/110/205 109/124/217 110/126/218
f 101/113/219 103/115/208 102/114/220
f 103/115/208 101/113/221 105/118/206
f 107/121/214 101/113/222 100/112/223
f 101/113/224 107/121/214 105/118/206
f 104/116/225 97/109/201 103/115/208
f 97/109/201 104/116/209 109/124/217
f 110/126/226 111/128/227 98/110/205
f 111/128/227 110/126/218 112/129/228
f 112/129/229 107/121/214 111/128/227
f 107/121/214 112/129/228 108/122/215
f 98/110/205 99/111/230 96/108/231
f 99/111/232 98/110/205 111/128/227
f 111/128/227 100/112/223 99/111/233
f 100/112/234 111/128/227 107/121/214
f 115/133/235 114/132/236 113/131/237
f 114/132/236 115/133/238 116/134/239
f 118/136/96 114/132/96 117/135/96
f 114/132/96 118/136/96 113/131/96
f 113/131/96 118/136/96 119/137/96
f 113/131/96 119/137/96 120/138/96
f 123/141/240 122/140/241 121/139/242
f 122/140/241 123/141/240 124/142/243
f 121/139/242 113/131/237 120/138/244
f 113/131/237 121/139/242 115/133/235
f 126/144/245 123/141/240 125/143/246
f 123/141/240 126/144/245 124/142/243
f 127/145/247 116/134/239 115/133/235
f 116/134/248 127/145/247 128/146/249
f 119/137/250 121/139/242 120/138/244
f 121/139/242 119/137/250 123/141/240
f 125/143/246 119/137/250 118/136/251
f 119/137/250 125/143/252 123/141/240
f 122/140/241 115/133/253 121/139/242
f 115/133/238 122/140/241 127/145/247
f 128/146/249 129/147/254 116/134/239
f 129/147/254 128/146/249 130/148/255
f 130/148/255 125/143/256 129/147/254
f 125/143/252 130/148/255 126/144/245
f 116/134/239 117/135/257 114/132/236
f 117/135/258 116/134/239 129/147/254
f 129/147/254 118/136/251 117/135/258
f 118/136/251 129/147/254 125/143/246
f 133/151/259 132/150/260 131/149/261
f 132/150/260 133/151/259 134/152/262
f 137/155/263 136/154/264 135/153/265
f 136/154/264 137/155/266 138/156/267
f 131/149/261 55/59/268 50/51/269
f 55/59/268 131/149/261 132/150/270
f 134/152/262 139/157/271 132/150/270
f 139/157/272 134/152/273 140/158/274
f 134/152/275 137/155/276 140/158/274
f 137/155/263 134/152/275 138/156/277
f 138/156/277 134/152/275 133/151/259
f 138/156/277 133/151/278 141/159/279
f 136/154/280 52/54/281 54/57/282
f 52/54/281 136/154/283 142/160/284
f 50/51/285 142/160/286 131/149/261
f 142/160/284 50/51/285 52/54/281
f 138/156/267 142/160/287 136/154/283
f 142/160/288 138/156/277 141/159/289
f 135/153/265 54/57/290 58/64/291
f 54/57/290 135/153/265 136/154/283
f 135/153/265 56/61/292 139/157/293
f 56/61/292 135/153/265 58/64/294
f 142/160/288 133/151/259 131/149/261
f 133/151/278 142/160/288 141/159/279
f 132/150/270 56/61/292 55/59/295
f 56/61/292 132/150/270 139/157/296
f 140/158/274 135/153/297 139/157/293
f 135/153/297 140/158/274 137/155/276
f 145/163/298 144/162/299 143/161/300
f 144/162/301 145/163/298 146/164/302
f 149/167/303 148/166/304 147/165/305
f 148/166/306 149/167/303 150/168/307
f 143/161/308 152/170/309 151/169/310
f 152/170/309 143/161/308 144/162/299
f 146/164/302 153/171/311 144/162/301
f 153/171/312 146/164/313 154/172/314
f 146/164/313 149/167/315 154/172/314
f 149/167/315 146/164/313 150/168/316
f 150/168/316 146/164/313 145/163/317
f 150/168/316 145/163/317 155/173/318
f 148/166/306 157/175/319 156/174/320
f 157/175/321 148/166/304 158/176/322
f 151/169/310 158/176/323 143/161/308
f 158/176/324 151/169/325 157/175/326
f 150/168/307 158/176/322 148/166/306
f 158/176/324 150/168/316 155/173/318
f 147/165/305 156/174/320 159/177/327
f 156/174/320 147/165/305 148/166/304
f 147/165/305 160/178/328 153/171/312
f 160/178/329 147/165/305 159/177/330
f 158/176/324 145/163/298 143/161/308
f 145/163/317 158/176/322 155/173/318
f 144/162/301 160/178/331 152/170/309
f 160/178/328 144/162/299 153/171/332
f 154/172/314 147/165/305 153/171/312
f 147/165/305 154/172/314 149/167/303
f 163/181/333 162/180/334 161/179/335
f 162/180/334 163/181/333 164/182/336
f 167/185/337 166/184/338 165/183/339
f 166/184/338 167/185/337 168/186/340
f 161/179/335 91/101/341 86/93/342
f 91/101/341 161/179/343 162/180/344
f 164/182/345 169/187/346 162/180/347
f 169/187/346 164/182/348 170/188/349
f 164/182/348 167/185/337 170/188/349
f 167/185/337 164/182/350 168/186/351
f 168/186/352 164/182/348 163/181/333
f 168/186/351 163/181/333 171/189/353
f 166/184/354 88/96/355 90/99/356
f 88/96/355 166/184/338 172/190/357
f 86/93/342 172/190/358 161/179/343
f 172/190/358 86/93/342 88/96/355
f 168/186/359 172/190/360 166/184/361
f 172/190/360 168/186/351 171/189/353
f 165/183/339 90/99/356 94/106/362
f 90/99/356 165/183/363 166/184/354
f 165/183/364 92/103/365 169/187/366
f 92/103/365 165/183/363 94/106/362
f 172/190/360 163/181/333 161/179/343
f 163/181/333 172/190/360 171/189/367
f 162/180/344 92/103/365 91/101/341
f 92/103/365 162/180/347 169/187/368
f 170/188/369 165/183/370 169/187/371
f 165/183/370 170/188/372 167/185/337
f 175/193/373 174/192/374 173/191/375
f 174/192/374 175/193/376 176/194/377
f 179/197/378 178/196/379 177/195/380
f 178/196/379 179/197/381 180/198/382
f 173/191/383 109/125/384 104/117/385
f 109/125/384 173/191/383 174/192/386
f 176/194/377 181/199/387 174/192/386
f 181/199/387 176/194/388 182/200/389
f 176/194/377 179/197/378 182/200/390
f 179/197/378 176/194/377 180/198/382
f 180/198/382 176/194/377 175/193/373
f 180/198/382 175/193/373 183/201/391
f 178/196/392 106/120/393 108/123/394
f 106/120/393 178/196/392 184/202/395
f 104/117/385 184/202/395 173/191/383
f 184/202/395 104/117/385 106/120/393
f 180/198/382 184/202/396 178/196/392
f 184/202/396 180/198/397 183/201/391
f 177/195/398 108/123/394 112/130/399
f 108/123/394 177/195/398 178/196/392
f 177/195/398 110/127/400 181/199/401
f 110/127/400 177/195/398 112/130/399
f 184/202/402 175/193/373 173/191/383
f 175/193/403 184/202/396 183/201/391
f 174/192/404 110/127/400 109/125/384
f 110/127/400 174/192/386 181/199/405
f 182/200/390 177/195/406 181/199/401
f 177/195/406 182/200/407 179/197/378
f 187/205/408 186/204/409 185/203/410
f 186/204/411 187/205/412 188/206/413
f 191/209/414 190/208/415 189/207/416
f 190/208/417 191/209/418 192/210/419
f 185/203/410 194/212/420 193/211/421
f 194/212/420 185/203/410 186/204/422
f 188/206/423 195/213/424 186/204/409
f 195/213/424 188/206/413 196/214/425
f 188/206/423 191/209/426 196/214/425
f 191/209/414 188/206/427 192/210/428
f 192/210/428 188/206/423 187/205/408
f 192/210/428 187/205/412 197/215/429
f 190/208/417 199/217/430 198/216/431
f 199/217/430 190/208/417 200/218/432
f 193/211/433 200/218/434 185/203/435
f 200/218/436 193/211/433 199/217/437
f 192/210/428 200/218/432 190/208/415
f 200/218/432 192/210/419 197/215/429
f 189/207/438 198/216/439 201/219/440
f 198/216/439 189/207/438 190/208/415
f 189/207/416 202/220/441 195/213/424
f 202/220/442 189/207/416 201/219/443
f 200/218/432 187/205/412 185/203/444
f 187/205/408 200/218/432 197/215/445
f 186/204/409 202/220/441 194/212/446
f 202/220/447 186/204/448 195/213/424
f 196/214/449 189/207/438 195/213/424
f 189/207/438 196/214/425 191/209/426
f 205/223/450 204/222/451 203/221/452
f 204/222/451 205/223/450 206/224/453
f 208/226/454 205/223/450 207/225/455
f 205/223/456 208/226/457 206/224/458
f 205/223/450 209/227/459 207/225/460
f 209/227/461 205/223/450 203/221/462
f 204/222/451 208/226/463 210/228/464
f 208/226/465 204/222/451 206/224/453
f 203/221/452 210/228/466 209/227/467
f 210/228/468 203/221/469 204/222/470
f 213/231/471 212/230/472 211/229/473
f 212/230/472 213/231/471 214/232/474
f 216/234/475 213/231/476 215/233/477
f 213/231/471 216/234/478 214/232/479
f 213/231/471 217/235/480 215/233/477
f 217/235/481 213/231/471 211/229/482
f 212/230/472 216/234/475 218/236/483
f 216/234/484 212/230/472 214/232/485
f 211/229/486 218/236/483 217/235/480
f 218/236/487 211/229/486 212/230/488
f 221/239/489 220/238/490 219/237/491
f 220/238/490 221/239/489 222/240/492
f 224/242/493 221/239/489 223/241/494
f 221/239/495 224/242/493 222/240/496
f 221/239/497 225/243/498 223/241/494
f 225/243/499 221/239/495 219/237/491
f 220/238/490 224/242/500 226/244/501
f 224/242/493 220/238/502 222/240/492
f 219/237/503 226/244/501 225/243/498
f 226/244/504 219/237/491 220/238/502
f 229/247/505 228/246/506 227/245/507
f 228/246/506 229/247/505 230/248/508
f 232/250/509 229/247/510 231/249/511
f 229/247/512 232/250/513 230/248/514
f 229/247/515 233/251/516 231/249/517
f 233/251/518 229/247/505 227/245/519
f 228/246/520 232/250/521 234/252/522
f 232/250/523 228/246/506 230/248/524
f 227/245/519 234/252/525 233/251/526
f 234/252/527 227/245/528 228/246/506
f 237/255/529 236/254/530 235/253/531
f 236/254/532 237/255/533 238/256/534
f 240/258/535 237/255/533 239/257/536
f 237/255/537 240/258/538 238/256/539
f 237/255/540 241/259/541 239/257/542
f 241/259/543 237/255/533 235/253/544
f 236/254/545 240/258/546 242/260/547
f 240/258/548 236/254/545 238/256/549
f 235/253/550 242/260/551 241/259/552
f 242/260/553 235/253/550 236/254/554
f 245/263/99 244/262/555 243/261/556
f 244/262/104 245/263/99 246/264/557
f 248/266/96 244/262/96 247/265/96
f 244/262/96 248/266/96 243/261/96
f 243/261/96 248/266/96 249/267/96
f 243/261/96 249/267/96 250/268/96
f 253/272/106 252/270/558 251/269/97
f 252/270/101 253/272/106 254/273/120
f 251/269/97 243/261/559 250/268/560
f 243/261/561 251/269/97 245/263/562
f 256/276/119 253/272/106 255/275/116
f 253/272/106 256/276/563 254/273/120
f 257/278/564 246/264/91 245/263/562
f 246/264/91 257/278/565 258/280/114
f 249/267/124 251/269/97 250/268/560
f 251/269/97 249/267/125 253/272/106
f 255/275/117 249/267/124 248/266/566
f 249/267/125 255/275/117 253/272/106
f 252/270/558 245/263/562 251/269/97
f 245/263/562 252/270/101 257/278/100
f 258/280/108 259/282/567 246/264/91
f 259/282/95 258/280/114 260/283/110
f 260/283/115 255/275/116 259/282/95
f 255/275/117 260/283/110 256/276/118
f 246/264/91 247/265/92 244/262/93
f 247/265/94 246/264/91 259/282/95
f 259/282/95 248/266/121 247/265/92
f 248/266/568 259/282/95 255/275/116
f 263/287/132 262/286/569 261/285/134
f 262/286/569 263/287/570 264/288/136
f 266/290/96 262/286/96 265/289/96
f 262/286/96 266/290/96 261/285/96
f 261/285/96 266/290/96 267/291/96
f 261/285/96 267/291/96 268/292/96
f 271/295/139 270/294/141 269/293/138
f 270/294/141 271/295/139 272/296/571
f 269/293/138 261/285/134 268/292/572
f 261/285/573 269/293/140 263/287/574
f 274/298/575 271/295/148 273/297/576
f 271/295/148 274/298/575 272/296/137
f 275/299/577 264/288/126 263/287/574
f 264/288/126 275/299/577 276/300/152
f 267/291/578 269/293/140 268/292/149
f 269/293/140 267/291/578 271/295/148
f 273/297/154 267/291/579 266/290/159
f 267/291/580 273/297/154 271/295/139
f 270/294/581 263/287/570 269/293/138
f 263/287/570 270/294/581 275/299/582
f 276/300/583 277/301/143 264/288/136
f 277/301/144 276/300/142 278/302/584
f 278/302/153 273/297/585 277/301/143
f 273/297/585 278/302/153 274/298/156
f 264/288/126 265/289/586 262/286/135
f 265/289/586 264/288/126 277/301/144
f 277/301/144 266/290/159 265/289/586
f 266/290/159 277/301/144 273/297/576
f 281/305/168 280/304/587 279/303/171
f 280/304/172 281/305/168 282/306/161
f 284/308/96 280/304/96 283/307/96
f 280/304/96 284/308/96 279/303/96
f 279/303/96 284/308/96 285/309/96
f 279/303/96 285/309/96 286/310/96
f 289/314/176 288/312/588 287/311/166
f 288/312/170 289/314/176 290/315/177
f 287/311/166 279/303/171 286/310/182
f 279/303/589 287/311/166 281/305/590
f 292/318/193 289/314/194 291/317/191
f 289/314/176 292/318/192 290/315/177
f 293/320/188 282/306/173 281/305/168
f 282/306/161 293/320/169 294/322/180
f 285/309/186 287/311/166 286/310/185
f 287/311/166 285/309/200 289/314/176
f 291/317/191 285/309/186 284/308/199
f 285/309/200 291/317/191 289/314/176
f 288/312/591 281/305/590 287/311/166
f 281/305/168 288/312/592 293/320/169
f 294/322/593 295/324/165 282/306/161
f 295/324/165 294/322/180 296/325/181
f 296/325/594 291/317/595 295/324/165
f 291/317/191 296/325/596 292/318/192
f 282/306/161 283/307/597 280/304/163
f 283/307/598 282/306/161 295/324/165
f 295/324/165 284/308/199 283/307/197
f 284/308/198 295/324/165 291/317/595
f 299/329/208 298/328/203 297/327/211
f 298/328/212 299/329/208 300/330/201
f 302/332/96 298/328/96 301/331/96
f 298/328/96 302/332/96 297/327/96
f 297/327/96 302/332/96 303/333/96
f 297/327/96 303/333/96 304/334/96
f 307/338/214 306/336/599 305/335/206
f 306/336/210 307/338/214 308/339/215
f 305/335/206 297/327/220 304/334/219
f 297/327/600 305/335/206 299/329/208
f 310/342/229 307/338/214 309/341/227
f 307/338/214 310/342/228 308/339/215
f 311/344/225 300/330/201 299/329/208
f 300/330/201 311/344/209 312/346/217
f 303/333/601 305/335/206 304/334/602
f 305/335/206 303/333/603 307/338/214
f 309/341/227 303/333/223 302/332/233
f 303/333/604 309/341/227 307/338/214
f 306/336/605 299/329/208 305/335/206
f 299/329/208 306/336/210 311/344/209
f 312/346/606 313/348/205 300/330/201
f 313/348/205 312/346/217 314/349/218
f 314/349/226 309/341/227 313/348/205
f 309/341/227 314/349/218 310/342/228
f 300/330/201 301/331/607 298/328/608
f 301/331/204 300/330/201 313/348/205
f 313/348/205 302/332/230 301/331/231
f 302/332/609 313/348/205 309/341/227
f 317/353/242 316/352/610 315/351/611
f 316/352/610 317/353/242 318/354/235
f 320/356/96 316/352/96 319/355/96
f 316/352/96 320/356/96 315/351/96
f 315/351/96 320/356/96 321/357/96
f 315/351/96 321/357/96 322/358/96
f 325/361/252 324/360/243 323/359/240
f 324/360/243 325/361/252 326/362/245
f 323/359/240 315/351/244 322/358/612
f 315/351/244 323/359/240 317/353/242
f 328/364/255 325/361/252 327/363/613
f 325/361/246 328/364/255 326/362/245
f 329/365/241 318/354/253 317/353/242
f 318/354/253 329/365/241 330/366/247
f 321/357/251 323/359/240 322/358/250
f 323/359/240 321/357/251 325/361/246
f 327/363/254 321/357/614 320/356/615
f 321/357/614 327/363/254 325/361/246
f 324/360/243 317/353/616 323/359/240
f 317/353/242 324/360/243 329/365/241
f 330/366/247 331/367/239 318/354/235
f 331/367/617 330/366/247 332/368/249
f 332/368/249 327/363/618 331/367/239
f 327/363/254 332/368/249 328/364/255
f 318/354/235 319/355/236 316/352/237
f 319/355/619 318/354/238 331/367/239
f 331/367/239 320/356/257 319/355/236
f 320/356/258 331/367/239 327/363/254
f 335/371/279 334/370/620 333/369/286
f 334/370/620 335/371/279 336/372/621
f 339/375/274 338/374/622 337/373/293
f 338/374/622 339/375/623 340/376/263
f 333/369/286 257/279/285 252/271/281
f 257/279/285 333/369/284 334/370/261
f 336/372/259 341/377/260 334/370/261
f 341/377/624 336/372/621 342/378/275
f 336/372/625 339/375/626 342/378/275
f 339/375/274 336/372/259 340/376/627
f 340/376/263 336/372/625 335/371/279
f 340/376/263 335/371/279 343/379/277
f 338/374/628 254/274/282 256/277/291
f 254/274/629 338/374/265 344/380/630
f 252/271/631 344/380/283 333/369/284
f 344/380/283 252/271/631 254/274/282
f 340/376/263 344/380/264 338/374/265
f 344/380/632 340/376/263 343/379/633
f 337/373/634 256/277/294 260/284/292
f 256/277/294 337/373/296 338/374/297
f 337/373/296 258/281/635 341/377/270
f 258/281/295 337/373/293 260/284/636
f 344/380/637 335/371/279 333/369/284
f 335/371/289 344/380/637 343/379/277
f 334/370/261 258/281/635 257/279/269
f 258/281/635 334/370/261 341/377/638
f 342/378/275 337/373/639 341/377/270
f 337/373/640 342/378/275 339/375/626
f 347/383/318 346/382/308 345/381/324
f 346/382/300 347/383/641 348/384/298
f 351/387/642 350/386/305 349/385/643
f 350/386/644 351/387/314 352/388/303
f 345/381/322 354/390/310 353/389/326
f 354/390/310 345/381/323 346/382/308
f 348/384/298 355/391/645 346/382/300
f 355/391/301 348/384/646 356/392/647
f 348/384/646 351/387/648 356/392/302
f 351/387/648 348/384/646 352/388/649
f 352/388/650 348/384/651 347/383/652
f 352/388/649 347/383/652 357/393/307
f 350/386/644 359/395/653 358/394/327
f 359/395/320 350/386/305 360/396/304
f 353/389/326 360/396/306 345/381/323
f 360/396/306 353/389/319 359/395/320
f 352/388/303 360/396/304 350/386/305
f 360/396/306 352/388/303 357/393/307
f 349/385/332 358/394/327 361/397/329
f 358/394/330 349/385/643 350/386/305
f 349/385/643 362/398/309 355/391/301
f 362/398/654 349/385/332 361/397/331
f 360/396/306 347/383/641 345/381/322
f 347/383/318 360/396/304 357/393/307
f 346/382/300 362/398/655 354/390/656
f 362/398/309 346/382/308 355/391/299
f 356/392/302 349/385/332 355/391/301
f 349/385/332 356/392/302 351/387/314
f 365/401/367 364/400/657 363/399/358
f 364/400/657 365/401/658 366/402/659
f 369/405/372 368/404/370 367/403/660
f 368/404/370 369/405/372 370/406/661
f 363/399/358 293/321/342 288/313/355
f 293/321/342 363/399/358 364/400/343
f 366/402/662 371/407/334 364/400/335
f 371/407/334 366/402/662 372/408/345
f 366/402/663 369/405/349 372/408/336
f 369/405/372 366/402/664 370/406/665
f 370/406/666 366/402/662 365/401/367
f 370/406/667 365/401/353 373/409/340
f 368/404/363 290/316/668 292/319/669
f 290/316/668 368/404/370 374/410/670
f 288/313/355 374/410/361 363/399/358
f 374/410/361 288/313/355 290/316/356
f 370/406/337 374/410/338 368/404/339
f 374/410/338 370/406/665 373/409/340
f 367/403/371 292/319/362 296/326/365
f 292/319/362 367/403/371 368/404/363
f 367/403/371 294/323/671 371/407/672
f 294/323/671 367/403/673 296/326/365
f 374/410/338 365/401/367 363/399/358
f 365/401/674 374/410/338 373/409/675
f 364/400/343 294/323/671 293/321/342
f 294/323/671 364/400/335 371/407/672
f 372/408/350 367/403/346 371/407/344
f 367/403/346 372/408/348 369/405/676
f 377/413/391 376/412/677 375/411/395
f 376/412/678 377/413/679 378/414/373
f 381/417/390 380/416/406 379/415/680
f 380/416/681 381/417/682 382/418/378
f 375/411/683 311/345/385 306/337/393
f 311/345/385 375/411/684 376/412/383
f 378/414/373 383/419/374 376/412/383
f 383/419/685 378/414/403 384/420/686
f 378/414/373 381/417/390 384/420/377
f 381/417/390 378/414/373 382/418/378
f 382/418/378 378/414/373 377/413/391
f 382/418/378 377/413/391 385/421/382
f 380/416/380 308/340/394 310/343/399
f 308/340/394 380/416/398 386/422/687
f 306/337/393 386/422/688 375/411/683
f 386/422/688 306/337/393 308/340/394
f 382/418/378 386/422/379 380/416/398
f 386/422/379 382/418/689 385/421/382
f 379/415/690 310/343/399 314/350/400
f 310/343/399 379/415/690 380/416/398
f 379/415/690 312/347/384 383/419/404
f 312/347/384 379/415/691 314/350/400
f 386/422/379 377/413/391 375/411/683
f 377/413/692 386/422/379 385/421/382
f 376/412/383 312/347/384 311/345/385
f 312/347/384 376/412/383 383/419/693
f 384/420/377 379/415/694 383/419/386
f 379/415/694 384/420/695 381/417/390
f 389/425/445 388/424/410 387/423/436
f 388/424/410 389/425/429 390/426/412
f 393/429/449 392/428/438 391/427/696
f 392/428/438 393/429/425 394/430/426
f 387/423/432 396/432/697 395/431/437
f 396/432/697 387/423/432 388/424/698
f 390/426/408 397/433/699 388/424/444
f 397/433/409 390/426/700 398/434/413
f 390/426/408 393/429/701 398/434/413
f 393/429/449 390/426/702 394/430/414
f 394/430/426 390/426/408 389/425/445
f 394/430/414 389/425/703 399/435/419
f 392/428/438 401/437/704 400/436/440
f 401/437/704 392/428/438 402/438/415
f 395/431/430 402/438/705 387/423/432
f 402/438/706 395/431/430 401/437/431
f 394/430/414 402/438/707 392/428/416
f 402/438/417 394/430/426 399/435/419
f 391/427/708 400/436/709 403/439/447
f 400/436/709 391/427/710 392/428/438
f 391/427/696 404/440/420 397/433/411
f 404/440/711 391/427/696 403/439/447
f 402/438/417 389/425/703 387/423/432
f 389/425/445 402/438/415 399/435/428
f 388/424/435 404/440/420 396/432/421
f 404/440/446 388/424/712 397/433/411
f 398/434/423 391/427/424 397/433/699
f 391/427/424 398/434/413 393/429/713
f 205/223/450 204/222/451 203/221/452
f 204/222/451 205/223/450 206/224/453
f 208/226/454 205/223/450 207/225/455
f 205/223/456 208/226/457 206/224/458
f 205/223/450 209/227/459 207/225/460
f 209/227/461 205/223/450 203/221/462
f 204/222/451 208/226/463 210/228/464
f 208/226/465 204/222/451 206/224/453
f 203/221/452 210/228/466 209/227/467
f 210/228/468 203/221/469 204/222/470
f 213/231/471 212/230/472 211/229/473
f 212/230/472 213/231/471 214/232/474
f 216/234/475 213/231/476 215/233/477
f 213/231/471 216/234/478 214/232/479
f 213/231/471 217/235/480 215/233/477
f 217/235/481 213/231/471 211/229/482
f 212/230/472 216/234/475 218/236/483
f 216/234/484 212/230/472 214/232/485
f 211/229/486 218/236/483 217/235/480
f 218/236/487 211/229/486 212/230/488
f 221/239/489 220/238/490 219/237/491
f 220/238/490 221/239/489 222/240/492
f 224/242/493 221/239/489 223/241/494
f 221/239/495 224/242/493 222/240/496
f 221/239/497 225/243/498 223/241/494
f 225/243/499 221/239/495 219/237/491
f 220/238/490 224/242/500 226/244/501
f 224/242/493 220/238/502 222/240/492
f 219/237/503 226/244/501 225/243/498
f 226/244/504 219/237/491 220/238/502
f 229/247/505 228/246/506 227/245/507
f 228/246/506 229/247/505 230/248/508
f 232/250/509 229/247/510 231/249/511
f 229/247/512 232/250/513 230/248/514
f 229/247/515 233/251/516 231/249/517
f 233/251/518 229/247/505 227/245/519
f 228/246/520 232/250/521 234/252/522
f 232/250/523 228/246/506 230/248/524
f 227/245/519 234/252/525 233/251/526
f 234/252/527 227/245/528 228/246/506
f 237/255/529 236/254/530 235/253/531
f 236/254/532 237/255/533 238/256/534
f 240/258/535 237/255/533 239/257/536
f 237/255/537 240/258/538 238/256/539
f 237/255/540 241/259/541 239/257/542
f 241/259/543 237/255/533 235/253/544
f 236/254/545 240/258/546 242/260/547
f 240/258/548 236/254/545 238/256/549
f 235/253/550 242/260/551 241/259/552
f 242/260/553 235/253/550 236/254/554
f 245/263/99 244/262/555 243/261/556
f 244/262/104 245/263/99 246/264/557
f 248/266/96 244/262/96 247/265/96
f 244/262/96 248/266/96 243/261/96
f 243/261/96 248/266/96 249/267/96
f 243/261/96 249/267/96 250/268/96
f 253/272/106 252/270/558 251/269/97
f 252/270/101 253/272/106 254/273/120
f 251/269/97 243/261/559 250/268/560
f 243/261/561 251/269/97 245/263/562
f 256/276/119 253/272/106 255/275/116
f 253/272/106 256/276/563 254/273/120
f 257/278/564 246/264/91 245/263/562
f 246/264/91 257/278/565 258/280/114
f 249/267/124 251/269/97 250/268/560
f 251/269/97 249/267/125 253/272/106
f 255/275/117 249/267/124 248/266/566
f 249/267/125 255/275/117 253/272/106
f 252/270/558 245/263/562 251/269/97
f 245/263/562 252/270/101 257/278/100
f 258/280/108 259/282/567 246/264/91
f 259/282/95 258/280/114 260/283/110
f 260/283/115 255/275/116 259/282/95
f 255/275/117 260/283/110 256/276/118
f 246/264/91 247/265/92 244/262/93
f 247/265/94 246/264/91 259/282/95
f 259/282/95 248/266/121 247/265/92
f 248/266/568 259/282/95 255/275/116
f 263/287/132 262/286/569 261/285/134
f 262/286/569 263/287/570 264/288/136
f 266/290/96 262/286/96 265/289/96
f 262/286/96 266/290/96 261/285/96
f 261/285/96 266/290/96 267/291/96
f 261/285/96 267/291/96 268/292/96
f 271/295/139 270/294/141 269/293/138
f 270/294/141 271/295/139 272/296/571
f 269/293/138 261/285/134 268/292/572
f 261/285/573 269/293/140 263/287/574
f 274/298/575 271/295/148 273/297/576
f 271/295/148 274/298/575 272/296/137
f 275/299/577 264/288/126 263/287/574
f 264/288/126 275/299/577 276/300/152
f 267/291/578 269/293/140 268/292/149
f 269/293/140 267/291/578 271/295/148
f 273/297/154 267/291/579 266/290/159
f 267/291/580 273/297/154 271/295/139
f 270/294/581 263/287/570 269/293/138
f 263/287/570 270/294/581 275/299/582
f 276/300/583 277/301/143 264/288/136
f 277/301/144 276/300/142 278/302/584
f 278/302/153 273/297/585 277/301/143
f 273/297/585 278/302/153 274/298/156
f 264/288/126 265/289/586 262/286/135
f 265/289/586 264/288/126 277/301/144
f 277/301/144 266/290/159 265/289/586
f 266/290/159 277/301/144 273/297/576
f 281/305/168 280/304/587 279/303/171
f 280/304/172 281/305/168 282/306/161
f 284/308/96 280/304/96 283/307/96
f 280/304/96 284/308/96 279/303/96
f 279/303/96 284/308/96 285/309/96
f 279/303/96 285/309/96 286/310/96
f 289/314/176 288/312/588 287/311/166
f 288/312/170 289/314/176 290/315/177
f 287/311/166 279/303/171 286/310/182
f 279/303/589 287/311/166 281/305/590
f 292/318/193 289/314/194 291/317/191
f 289/314/176 292/318/192 290/315/177
f 293/320/188 282/306/173 281/305/168
f 282/306/161 293/320/169 294/322/180
f 285/309/186 287/311/166 286/310/185
f 287/311/166 285/309/200 289/314/176
f 291/317/191 285/309/186 284/308/199
f 285/309/200 291/317/191 289/314/176
f 288/312/591 281/305/590 287/311/166
f 281/305/168 288/312/592 293/320/169
f 294/322/593 295/324/165 282/306/161
f 295/324/165 294/322/180 296/325/181
f 296/325/594 291/317/595 295/324/165
f 291/317/191 296/325/596 292/318/192
f 282/306/161 283/307/597 280/304/163
f 283/307/598 282/306/161 295/324/165
f 295/324/165 284/308/199 283/307/197
f 284/308/198 295/324/165 291/317/595
f 299/329/208 298/328/203 297/327/211
f 298/328/212 299/329/208 300/330/201
f 302/332/96 298/328/96 301/331/96
f 298/328/96 302/332/96 297/327/96
f 297/327/96 302/332/96 303/333/96
f 297/327/96 303/333/96 304/334/96
f 307/338/214 306/336/599 305/335/206
f 306/336/210 307/338/214 308/339/215
f 305/335/206 297/327/220 304/334/219
f 297/327/600 305/335/206 299/329/208
f 310/342/229 307/338/214 309/341/227
f 307/338/214 310/342/228 308/339/215
f 311/344/225 300/330/201 299/329/208
f 300/330/201 311/344/209 312/346/217
f 303/333/601 305/335/206 304/334/602
f 305/335/206 303/333/603 307/338/214
f 309/341/227 303/333/223 302/332/233
f 303/333/604 309/341/227 307/338/214
f 306/336/605 299/329/208 305/335/206
f 299/329/208 306/336/210 311/344/209
f 312/346/606 313/348/205 300/330/201
f 313/348/205 312/346/217 314/349/218
f 314/349/226 309/341/227 313/348/205
f 309/341/227 314/349/218 310/342/228
f 300/330/201 301/331/607 298/328/608
f 301/331/204 300/330/201 313/348/205
f 313/348/205 302/332/230 301/331/231
f 302/332/609 313/348/205 309/341/227
f 317/353/242 316/352/610 315/351/611
f 316/352/610 317/353/242 318/354/235
f 320/356/96 316/352/96 319/355/96
f 316/352/96 320/356/96 315/351/96
f 315/351/96 320/356/96 321/357/96
f 315/351/96 321/357/96 322/358/96
f 325/361/252 324/360/243 323/359/240
f 324/360/243 325/361/252 326/362/245
f 323/359/240 315/351/244 322/358/612
f 315/351/244 323/359/240 317/353/242
f 328/364/255 325/361/252 327/363/613
f 325/361/246 328/364/255 326/362/245
f 329/365/241 318/354/253 317/353/242
f 318/354/253 329/365/241 330/366/247
f 321/357/251 323/359/240 322/358/250
f 323/359/240 321/357/251 325/361/246
f 327/363/254 321/357/614 320/356/615
f 321/357/614 327/363/254 325/361/246
f 324/360/243 317/353/616 323/359/240
f 317/353/242 324/360/243 329/365/241
f 330/366/247 331/367/239 318/354/235
f 331/367/617 330/366/247 332/368/249
f 332/368/249 327/363/618 331/367/239
f 327/363/254 332/368/249 328/364/255
f 318/354/235 319/355/236 316/352/237
f 319/355/619 318/354/238 331/367/239
f 331/367/239 320/356/257 319/355/236
f 320/356/258 331/367/239 327/363/254
f 335/371/279 334/370/620 333/369/286
f 334/370/620 335/371/279 336/372/621
f 339/375/274 338/374/622 337/373/293
f 338/374/622 339/375/623 340/376/263
f 333/369/286 257/279/285 252/271/281
f 257/279/285 333/369/284 334/370/261
f 336/372/259 341/377/260 334/370/261
f 341/377/624 336/372/621 342/378/275
f 336/372/625 339/375/626 342/378/275
f 339/375/274 336/372/259 340/376/627
f 340/376/263 336/372/625 335/371/279
f 340/376/263 335/371/279 343/379/277
f 338/374/628 254/274/282 256/277/291
f 254/274/629 338/374/265 344/380/630
f 252/271/631 344/380/283 333/369/284
f 344/380/283 252/271/631 254/274/282
f 340/376/263 344/380/264 338/374/265
f 344/380/632 340/376/263 343/379/633
f 337/373/634 256/277/294 260/284/292
f 256/277/294 337/373/296 338/374/297
f 337/373/296 258/281/635 341/377/270
f 258/281/295 337/373/293 260/284/636
f 344/380/637 335/371/279 333/369/284
f 335/371/289 344/380/637 343/379/277
f 334/370/261 258/281/635 257/279/269
f 258/281/635 334/370/261 341/377/638
f 342/378/275 337/373/639 341/377/270
f 337/373/640 342/378/275 339/375/626
f 347/383/318 346/382/308 345/381/324
f 346/382/300 347/383/641 348/384/298
f 351/387/642 350/386/305 349/385/643
f 350/386/644 351/387/314 352/388/303
f 345/381/322 354/390/310 353/389/326
f 354/390/310 345/381/323 346/382/308
f 348/384/298 355/391/645 346/382/300
f 355/391/301 348/384/646 356/392/647
f 348/384/646 351/387/648 356/392/302
f 351/387/648 348/384/646 352/388/649
f 352/388/650 348/384/651 347/383/652
f 352/388/649 347/383/652 357/393/307
f 350/386/644 359/395/653 358/394/327
f 359/395/320 350/386/305 360/396/304
f 353/389/326 360/396/306 345/381/323
f 360/396/306 353/389/319 359/395/320
f 352/388/303 360/396/304 350/386/305
f 360/396/306 352/388/303 357/393/307
f 349/385/332 358/394/327 361/397/329
f 358/394/330 349/385/643 350/386/305
f 349/385/643 362/398/309 355/391/301
f 362/398/654 349/385/332 361/397/331
f 360/396/306 347/383/641 345/381/322
f 347/383/318 360/396/304 357/393/307
f 346/382/300 362/398/655 354/390/656
f 362/398/309 346/382/308 355/391/299
f 356/392/302 349/385/332 355/391/301
f 349/385/332 356/392/302 351/387/314
f 365/401/367 364/400/657 363/399/358
f 364/400/657 365/401/658 366/402/659
f 369/405/372 368/404/370 367/403/660
f 368/404/370 369/405/372 370/406/661
f 363/399/358 293/321/342 288/313/355
f 293/321/342 363/399/358 364/400/343
f 366/402/662 371/407/334 364/400/335
f 371/407/334 366/402/662 372/408/345
f 366/402/663 369/405/349 372/408/336
f 369/405/372 366/402/664 370/406/665
f 370/406/666 366/402/662 365/401/367
f 370/406/667 365/401/353 373/409/340
f 368/404/363 290/316/668 292/319/669
f 290/316/668 368/404/370 374/410/670
f 288/313/355 374/410/361 363/399/358
f 374/410/361 288/313/355 290/316/356
f 370/406/337 374/410/338 368/404/339
f 374/410/338 370/406/665 373/409/340
f 367/403/371 292/319/362 296/326/365
f 292/319/362 367/403/371 368/404/363
f 367/403/371 294/323/671 371/407/672
f 294/323/671 367/403/673 296/326/365
f 374/410/338 365/401/367 363/399/358
f 365/401/674 374/410/338 373/409/675
f 364/400/343 294/323/671 293/321/342
f 294/323/671 364/400/335 371/407/672
f 372/408/350 367/403/346 371/407/344
f 367/403/346 372/408/348 369/405/676
f 377/413/391 376/412/677 375/411/395
f 376/412/678 377/413/679 378/414/373
f 381/417/390 380/416/406 379/415/680
f 380/416/681 381/417/682 382/418/378
f 375/411/683 311/345/385 306/337/393
f 311/345/385 375/411/684 376/412/383
f 378/414/373 383/419/374 376/412/383
f 383/419/685 378/414/403 384/420/686
f 378/414/373 381/417/390 384/420/377
f 381/417/390 378/414/373 382/418/378
f 382/418/378 378/414/373 377/413/391
f 382/418/378 377/413/391 385/421/382
f 380/416/380 308/340/394 310/343/399
f 308/340/394 380/416/398 386/422/687
f 306/337/393 386/422/688 375/411/683
f 386/422/688 306/337/393 308/340/394
f 382/418/378 386/422/379 380/416/398
f 386/422/379 382/418/689 385/421/382
f 379/415/690 310/343/399 314/350/400
f 310/343/399 379/415/690 380/416/398
f 379/415/690 312/347/384 383/419/404
f 312/347/384 379/415/691 314/350/400
f 386/422/379 377/413/391 375/411/683
f 377/413/692 386/422/379 385/421/382
f 376/412/383 312/347/384 311/345/385
f 312/347/384 376/412/383 383/419/693
f 384/420/377 379/415/694 383/419/386
f 379/415/694 384/420/695 381/417/390
f 389/425/445 388/424/410 387/423/436
f 388/424/410 389/425/429 390/426/412
f 393/429/449 392/428/438 391/427/696
f 392/428/438 393/429/425 394/430/426
f 387/423/432 396/432/697 395/431/437
f 396/432/697 387/423/432 388/424/698
f 390/426/408 397/433/699 388/424/444
f 397/433/409 390/426/700 398/434/413
f 390/426/408 393/429/701 398/434/413
f 393/429/449 390/426/702 394/430/414
f 394/430/426 390/426/408 389/425/445
f 394/430/414 389/425/703 399/435/419
f 392/428/438 401/437/704 400/436/440
f 401/437/704 392/428/438 402/438/415
f 395/431/430 402/438/705 387/423/432
f 402/438/706 395/431/430 401/437/431
f 394/430/414 402/438/707 392/428/416
f 402/438/417 394/430/426 399/435/419
f 391/427/708 400/436/709 403/439/447
f 400/436/709 391/427/710 392/428/438
f 391/427/696 404/440/420 397/433/411
f 404/440/711 391/427/696 403/439/447
f 402/438/417 389/425/703 387/423/432
f 389/425/445 402/438/415 399/435/428
f 388/424/435 404/440/420 396/432/421
f 404/440/446 388/424/712 397/433/411
f 398/434/423 391/427/424 397/433/699
f 391/427/424 398/434/413 393/429/713
f 407/443/714 406/442/715 405/441/716
f 406/442/715 407/443/717 408/444/718
f 410/446/719 407/443/714 409/445/720
f 407/443/717 410/446/721 408/444/718
f 407/443/714 411/447/722 409/445/723
f 411/447/724 407/443/717 405/441/716
f 406/442/715 410/446/719 412/448/725
f 410/446/726 406/442/727 408/444/718
f 405/441/716 412/448/725 411/447/728
f 412/448/729 405/441/730 406/442/715
f 415/451/731 414/450/732 413/449/733
f 414/450/732 415/451/731 416/452/734
f 418/454/735 415/451/736 417/453/737
f 415/451/738 418/454/739 416/452/740
f 415/451/738 419/455/741 417/453/737
f 419/455/742 415/451/738 413/449/743
f 414/450/744 418/454/735 420/456/745
f 418/454/739 414/450/744 416/452/746
f 413/449/747 420/456/745 419/455/741
f 420/456/748 413/449/747 414/450/732
f 423/459/749 422/458/750 421/457/751
f 422/458/750 423/459/749 424/460/752
f 426/462/753 423/459/749 425/461/754
f 423/459/749 426/462/755 424/460/756
f 423/459/757 427/463/758 425/461/754
f 427/463/759 423/459/749 421/457/751
f 422/458/760 426/462/761 428/464/762
f 426/462/755 422/458/750 424/460/752
f 421/457/763 428/464/764 427/463/758
f 428/464/764 421/457/751 422/458/750
f 431/467/765 430/466/766 429/465/767
f 430/466/766 431/467/765 432/468/768
f 434/470/769 431/467/770 433/469/771
f 431/467/772 434/470/773 432/468/774
f 431/467/772 435/471/775 433/469/776
f 435/471/777 431/467/765 429/465/767
f 430/466/778 434/470/779 436/472/780
f 434/470/781 430/466/766 432/468/774
f 429/465/767 436/472/782 435/471/783
f 436/472/784 429/465/785 430/466/778
f 439/475/786 438/474/787 437/473/788
f 438/474/789 439/475/790 440/476/791
f 442/478/792 439/475/793 441/477/794
f 439/475/795 442/478/796 440/476/797
f 439/475/790 443/479/798 441/477/799
f 443/479/800 439/475/801 437/473/802
f 438/474/787 442/478/803 444/480/804
f 442/478/805 438/474/787 440/476/797
f 437/473/802 444/480/806 443/479/807
f 444/480/808 437/473/802 438/474/787
f 447/483/809 446/482/810 445/481/811
f 446/482/812 447/483/809 448/484/813
f 450/486/96 446/482/96 449/485/96
f 446/482/96 450/486/96 445/481/96
f 445/481/96 450/486/96 451/487/96
f 445/481/96 451/487/96 452/488/96
f 455/492/814 454/490/815 453/489/816
f 454/490/817 455/492/818 456/493/819
f 453/489/816 445/481/820 452/488/821
f 445/481/822 453/489/816 447/483/809
f 458/496/823 455/492/814 457/495/824
f 455/492/818 458/496/825 456/493/819
f 459/498/826 448/484/827 447/483/809
f 448/484/813 459/498/828 460/500/829
f 451/487/830 453/489/831 452/488/821
f 453/489/831 451/487/832 455/492/818
f 457/495/824 451/487/833 450/486/834
f 451/487/832 457/495/824 455/492/818
f 454/490/815 447/483/809 453/489/816
f 447/483/809 454/490/817 459/498/835
f 460/500/836 461/502/837 448/484/813
f 461/502/838 460/500/829 462/503/839
f 462/503/840 457/495/824 461/502/838
f 457/495/824 462/503/839 458/496/841
f 448/484/813 449/485/842 446/482/810
f 449/485/843 448/484/813 461/502/837
f 461/502/844 450/486/845 449/485/842
f 450/486/846 461/502/844 457/495/824
f 465/507/847 464/506/848 463/505/849
f 464/506/848 465/507/850 466/508/851
f 468/510/96 464/506/96 467/509/96
f 464/506/96 468/510/96 463/505/96
f 463/505/96 468/510/96 469/511/96
f 463/505/96 469/511/96 470/512/96
f 473/515/852 472/514/853 471/513/854
f 472/514/853 473/515/852 474/516/855
f 471/513/854 463/505/849 470/512/856
f 463/505/857 471/513/854 465/507/850
f 476/518/858 473/515/859 475/517/860
f 473/515/859 476/518/858 474/516/855
f 477/519/861 466/508/862 465/507/863
f 466/508/862 477/519/861 478/520/864
f 469/511/865 471/513/854 470/512/866
f 471/513/854 469/511/865 473/515/859
f 475/517/860 469/511/867 468/510/868
f 469/511/867 475/517/869 473/515/870
f 472/514/871 465/507/847 471/513/854
f 465/507/847 472/514/871 477/519/872
f 478/520/873 479/521/874 466/508/875
f 479/521/874 478/520/876 480/522/877
f 480/522/878 475/517/869 479/521/874
f 475/517/869 480/522/878 476/518/879
f 466/508/862 467/509/880 464/506/881
f 467/509/880 466/508/862 479/521/874
f 479/521/874 468/510/868 467/509/880
f 468/510/868 479/521/874 475/517/860
f 483/525/882 482/524/883 481/523/884
f 482/524/885 483/525/882 484/526/886
f 486/528/96 482/524/96 485/527/96
f 482/524/96 486/528/96 481/523/96
f 481/523/96 486/528/96 487/529/96
f 481/523/96 487/529/96 488/530/96
f 491/534/887 490/532/888 489/531/889
f 490/532/890 491/534/887 492/535/891
f 489/531/889 481/523/884 488/530/892
f 481/523/893 489/531/894 483/525/895
f 494/538/896 491/534/897 493/537/898
f 491/534/887 494/538/899 492/535/891
f 495/540/900 484/526/901 483/525/882
f 484/526/886 495/540/902 496/542/903
f 487/529/904 489/531/889 488/530/905
f 489/531/889 487/529/906 491/534/887
f 493/537/898 487/529/907 486/528/908
f 487/529/909 493/537/898 491/534/887
f 490/532/888 483/525/895 489/531/889
f 483/525/882 490/532/890 495/540/902
f 496/542/910 497/544/911 484/526/886
f 497/544/911 496/542/912 498/545/913
f 498/545/914 493/537/915 497/544/911
f 493/537/898 498/545/913 494/538/916
f 484/526/886 485/527/917 482/524/918
f 485/527/919 484/526/886 497/544/911
f 497/544/920 486/528/908 485/527/921
f 486/528/922 497/544/911 493/537/915
f 501/549/923 500/548/924 499/547/925
f 500/548/926 501/549/923 502/550/927
f 504/552/96 500/548/96 503/551/96
f 500/548/96 504/552/96 499/547/96
f 499/547/96 504/552/96 505/553/96
f 499/547/96 505/553/96 506/554/96
f 509/558/928 508/556/929 507/555/930
f 508/556/931 509/558/932 510/559/933
f 507/555/930 499/547/934 506/554/935
f 499/547/936 507/555/930 501/549/923
f 512/562/937 509/558/928 511/561/938
f 509/558/928 512/562/939 510/559/940
f 513/564/941 502/550/942 501/549/923
f 502/550/943 513/564/944 514/566/945
f 505/553/946 507/555/930 506/554/935
f 507/555/930 505/553/947 509/558/928
f 511/561/938 505/553/948 504/552/949
f 505/553/950 511/561/938 509/558/951
f 508/556/952 501/549/923 507/555/930
f 501/549/923 508/556/953 513/564/954
f 514/566/955 515/568/956 502/550/943
f 515/568/957 514/566/958 516/569/959
f 516/569/960 511/561/938 515/568/957
f 511/561/938 516/569/961 512/562/962
f 502/550/927 503/551/963 500/548/964
f 503/551/965 502/550/927 515/568/957
f 515/568/957 504/552/966 503/551/963
f 504/552/967 515/568/957 511/561/938
f 519/573/968 518/572/969 517/571/970
f 518/572/969 519/573/968 520/574/971
f 522/576/96 518/572/96 521/575/96
f 518/572/96 522/576/96 517/571/96
f 517/571/96 522/576/96 523/577/96
f 517/571/96 523/577/96 524/578/96
f 527/581/972 526/580/973 525/579/974
f 526/580/973 527/581/972 528/582/975
f 525/579/974 517/571/976 524/578/977
f 517/571/976 525/579/974 519/573/968
f 530/584/978 527/581/972 529/583/979
f 527/581/980 530/584/978 528/582/975
f 531/585/981 520/574/982 519/573/968
f 520/574/983 531/585/981 532/586/984
f 523/577/985 525/579/974 524/578/986
f 525/579/987 523/577/985 527/581/980
f 529/583/988 523/577/989 522/576/990
f 523/577/989 529/583/988 527/581/980
f 526/580/991 519/573/992 525/579/974
f 519/573/992 526/580/973 531/585/993
f 532/586/984 533/587/994 520/574/971
f 533/587/994 532/586/984 534/588/995
f 534/588/996 529/583/997 533/587/994
f 529/583/998 534/588/995 530/584/978
f 520/574/971 521/575/999 518/572/1000
f 521/575/1001 520/574/982 533/587/994
f 533/587/994 522/576/1002 521/575/999
f 522/576/1003 533/587/994 529/583/988
f 537/591/1004 536/590/1005 535/589/1006
f 536/590/1005 537/591/1007 538/592/1008
f 541/595/1009 540/594/1010 539/593/1011
f 540/594/1010 541/595/1012 542/596/1013
f 535/589/1006 459/499/1014 454/491/1015
f 459/499/1014 535/589/1016 536/590/1017
f 538/592/1008 543/597/1018 536/590/1017
f 543/597/1019 538/592/1020 544/598/1021
f 538/592/1022 541/595/1023 544/598/1024
f 541/595/1025 538/592/1008 542/596/1026
f 542/596/1013 538/592/1022 537/591/1027
f 542/596/1013 537/591/1028 545/599/1029
f 540/594/1030 456/494/1031 458/497/1032
f 456/494/1031 540/594/1033 546/600/1034
f 454/491/1035 546/600/1036 535/589/1037
f 546/600/1034 454/491/1035 456/494/1031
f 542/596/1038 546/600/1039 540/594/1033
f 546/600/1040 542/596/1013 545/599/1041
f 539/593/1042 458/497/1043 462/504/1044
f 458/497/1043 539/593/1042 540/594/1033
f 539/593/1042 460/501/1045 543/597/1046
f 460/501/1045 539/593/1011 462/504/1047
f 546/600/1040 537/591/1027 535/589/1016
f 537/591/1048 546/600/1040 545/599/1029
f 536/590/1017 460/501/1045 459/499/1049
f 460/501/1045 536/590/1017 543/597/1050
f 544/598/1024 539/593/1051 543/597/1046
f 539/593/1052 544/598/1021 541/595/1023
f 549/603/1053 548/602/1054 547/601/1055
f 548/602/1054 549/603/1056 550/604/1057
f 553/607/1058 552/606/1059 551/605/1060
f 552/606/1059 553/607/1058 554/608/1061
f 547/601/1055 556/610/1062 555/609/1063
f 556/610/1062 547/601/1055 548/602/1064
f 550/604/1057 557/611/1065 548/602/1054
f 557/611/1066 550/604/1067 558/612/1068
f 550/604/1067 553/607/1069 558/612/1068
f 553/607/1069 550/604/1067 554/608/1070
f 554/608/1070 550/604/1067 549/603/1053
f 554/608/1070 549/603/1053 559/613/1071
f 552/606/1059 561/615/1072 560/614/1073
f 561/615/1074 552/606/1075 562/616/1076
f 555/609/1063 562/616/1077 547/601/1055
f 562/616/1077 555/609/1063 561/615/1078
f 554/608/1061 562/616/1079 552/606/1059
f 562/616/1077 554/608/1061 559/613/1071
f 551/605/1060 560/614/1073 563/617/1080
f 560/614/1073 551/605/1060 552/606/1081
f 551/605/1060 564/618/1082 557/611/1066
f 564/618/1083 551/605/1060 563/617/1084
f 562/616/1077 549/603/1056 547/601/1055
f 549/603/1085 562/616/1076 559/613/1071
f 548/602/1054 564/618/1086 556/610/1087
f 564/618/1088 548/602/1054 557/611/1089
f 558/612/1068 551/605/1060 557/611/1066
f 551/605/1090 558/612/1091 553/607/1092
f 567/621/1093 566/620/1094 565/619/1095
f 566/620/1094 567/621/1093 568/622/1096
f 571/625/1097 570/624/1098 569/623/1099
f 570/624/1098 571/625/1097 572/626/1100
f 565/619/1095 495/541/1101 490/533/1102
f 495/541/1101 565/619/1095 566/620/1103
f 568/622/1104 573/627/1105 566/620/1106
f 573/627/1105 568/622/1107 574/628/1108
f 568/622/1107 571/625/1097 574/628/1108
f 571/625/1097 568/622/1109 572/626/1110
f 572/626/1111 568/622/1107 567/621/1093
f 572/626/1110 567/621/1093 575/629/1112
f 570/624/1113 492/536/1114 494/539/1115
f 492/536/1114 570/624/1098 576/630/1116
f 490/533/1102 576/630/1117 565/619/1095
f 576/630/1118 490/533/1102 492/536/1114
f 572/626/1100 576/630/1119 570/624/1120
f 576/630/1119 572/626/1121 575/629/1122
f 569/623/1123 494/539/1115 498/546/1124
f 494/539/1115 569/623/1123 570/624/1113
f 569/623/1123 496/543/1125 573/627/1126
f 496/543/1125 569/623/1127 498/546/1124
f 576/630/1119 567/621/1093 565/619/1095
f 567/621/1128 576/630/1129 575/629/1112
f 566/620/1103 496/543/1125 495/541/1101
f 496/543/1125 566/620/1106 573/627/1130
f 574/628/1131 569/623/1132 573/627/1126
f 569/623/1132 574/628/1108 571/625/1133
f 579/633/1134 578/632/1135 577/631/1136
f 578/632/1135 579/633/1137 580/634/1138
f 583/637/1139 582/636/1140 581/635/1141
f 582/636/1142 583/637/1143 584/638/1144
f 577/631/1145 513/565/1146 508/557/1147
f 513/565/1146 577/631/1148 578/632/1149
f 580/634/1138 585/639/1150 578/632/1149
f 585/639/1151 580/634/1152 586/640/1153
f 580/634/1154 583/637/1139 586/640/1155
f 583/637/1139 580/634/1138 584/638/1144
f 584/638/1156 580/634/1138 579/633/1134
f 584/638/1144 579/633/1134 587/641/1157
f 582/636/1158 510/560/1159 512/563/1160
f 510/560/1159 582/636/1158 588/642/1161
f 508/557/1162 588/642/1163 577/631/1145
f 588/642/1163 508/557/1162 510/560/1159
f 584/638/1164 588/642/1165 582/636/1158
f 588/642/1165 584/638/1166 587/641/1167
f 581/635/1168 512/563/1169 516/570/1170
f 512/563/1169 581/635/1168 582/636/1171
f 581/635/1168 514/567/1172 585/639/1173
f 514/567/1172 581/635/1174 516/570/1175
f 588/642/1165 579/633/1134 577/631/1145
f 579/633/1176 588/642/1165 587/641/1167
f 578/632/1149 514/567/1172 513/565/1177
f 514/567/1172 578/632/1149 585/639/1178
f 586/640/1179 581/635/1180 585/639/1173
f 581/635/1180 586/640/1181 583/637/1139
f 591/645/1182 590/644/1183 589/643/1184
f 590/644/1183 591/645/1185 592/646/1186
f 595/649/1187 594/648/1188 593/647/1189
f 594/648/1188 595/649/1190 596/650/1191
f 589/643/1192 598/652/1193 597/651/1194
f 598/652/1193 589/643/1192 590/644/1183
f 592/646/1186 599/653/1195 590/644/1196
f 599/653/1195 592/646/1197 600/654/1198
f 592/646/1199 595/649/1190 600/654/1198
f 595/649/1187 592/646/1197 596/650/1200
f 596/650/1191 592/646/1199 591/645/1185
f 596/650/1191 591/645/1201 601/655/1202
f 594/648/1188 603/657/1203 602/656/1204
f 603/657/1203 594/648/1188 604/658/1205
f 597/651/1206 604/658/1207 589/643/1208
f 604/658/1209 597/651/1206 603/657/1210
f 596/650/1191 604/658/1205 594/648/1211
f 604/658/1205 596/650/1212 601/655/1202
f 593/647/1213 602/656/1214 605/659/1215
f 602/656/1214 593/647/1216 594/648/1188
f 593/647/1217 606/660/1218 599/653/1195
f 606/660/1219 593/647/1189 605/659/1215
f 604/658/1205 591/645/1201 589/643/1208
f 591/645/1185 604/658/1205 601/655/1220
f 590/644/1183 606/660/1218 598/652/1221
f 606/660/1222 590/644/1183 599/653/1195
f 600/654/1223 593/647/1224 599/653/1225
f 593/647/1216 600/654/1198 595/649/1190
f 407/443/714 406/442/715 405/441/716
f 406/442/715 407/443/717 408/444/718
f 410/446/719 407/443/714 409/445/720
f 407/443/717 410/446/721 408/444/718
f 407/443/714 411/447/722 409/445/723
f 411/447/724 407/443/717 405/441/716
f 406/442/715 410/446/719 412/448/725
f 410/446/726 406/442/727 408/444/718
f 405/441/716 412/448/725 411/447/728
f 412/448/729 405/441/730 406/442/715
f 415/451/731 414/450/732 413/449/733
f 414/450/732 415/451/731 416/452/734
f 418/454/735 415/451/736 417/453/737
f 415/451/738 418/454/739 416/452/740
f 415/451/738 419/455/741 417/453/737
f 419/455/742 415/451/738 413/449/743
f 414/450/744 418/454/735 420/456/745
f 418/454/739 414/450/744 416/452/746
f 413/449/747 420/456/745 419/455/741
f 420/456/748 413/449/747 414/450/732
f 423/459/749 422/458/750 421/457/751
f 422/458/750 423/459/749 424/460/752
f 426/462/753 423/459/749 425/461/754
f 423/459/749 426/462/755 424/460/756
f 423/459/757 427/463/758 425/461/754
f 427/463/759 423/459/749 421/457/751
f 422/458/760 426/462/761 428/464/762
f 426/462/755 422/458/750 424/460/752
f 421/457/763 428/464/764 427/463/758
f 428/464/764 421/457/751 422/458/750
f 431/467/765 430/466/766 429/465/767
f 430/466/766 431/467/765 432/468/768
f 434/470/769 431/467/770 433/469/771
f 431/467/772 434/470/773 432/468/774
f 431/467/772 435/471/775 433/469/776
f 435/471/777 431/467/765 429/465/767
f 430/466/778 434/470/779 436/472/780
f 434/470/781 430/466/766 432/468/774
f 429/465/767 436/472/782 435/471/783
f 436/472/784 429/465/785 430/466/778
f 439/475/786 438/474/787 437/473/788
f 438/474/789 439/475/790 440/476/791
f 442/478/792 439/475/793 441/477/794
f 439/475/795 442/478/796 440/476/797
f 439/475/790 443/479/798 441/477/799
f 443/479/800 439/475/801 437/473/802
f 438/474/787 442/478/803 444/480/804
f 442/478/805 438/474/787 440/476/797
f 437/473/802 444/480/806 443/479/807
f 444/480/808 437/473/802 438/474/787
f 447/483/809 446/482/810 445/481/811
f 446/482/812 447/483/809 448/484/813
f 450/486/96 446/482/96 449/485/96
f 446/482/96 450/486/96 445/481/96
f 445/481/96 450/486/96 451/487/96
f 445/481/96 451/487/96 452/488/96
f 455/492/814 454/490/815 453/489/816
f 454/490/817 455/492/818 456/493/819
f 453/489/816 445/481/820 452/488/821
f 445/481/822 453/489/816 447/483/809
f 458/496/823 455/492/814 457/495/824
f 455/492/818 458/496/825 456/493/819
f 459/498/826 448/484/827 447/483/809
f 448/484/813 459/498/828 460/500/829
f 451/487/830 453/489/831 452/488/821
f 453/489/831 451/487/832 455/492/818
f 457/495/824 451/487/833 450/486/834
f 451/487/832 457/495/824 455/492/818
f 454/490/815 447/483/809 453/489/816
f 447/483/809 454/490/817 459/498/835
f 460/500/836 461/502/837 448/484/813
f 461/502/838 460/500/829 462/503/839
f 462/503/840 457/495/824 461/502/838
f 457/495/824 462/503/839 458/496/841
f 448/484/813 449/485/842 446/482/810
f 449/485/843 448/484/813 461/502/837
f 461/502/844 450/486/845 449/485/842
f 450/486/846 461/502/844 457/495/824
f 465/507/847 464/506/848 463/505/849
f 464/506/848 465/507/850 466/508/851
f 468/510/96 464/506/96 467/509/96
f 464/506/96 468/510/96 463/505/96
f 463/505/96 468/510/96 469/511/96
f 463/505/96 469/511/96 470/512/96
f 473/515/852 472/514/853 471/513/854
f 472/514/853 473/515/852 474/516/855
f 471/513/854 463/505/849 470/512/856
f 463/505/857 471/513/854 465/507/850
f 476/518/858 473/515/859 475/517/860
f 473/515/859 476/518/858 474/516/855
f 477/519/861 466/508/862 465/507/863
f 466/508/862 477/519/861 478/520/864
f 469/511/865 471/513/854 470/512/866
f 471/513/854 469/511/865 473/515/859
f 475/517/860 469/511/867 468/510/868
f 469/511/867 475/517/869 473/515/870
f 472/514/871 465/507/847 471/513/854
f 465/507/847 472/514/871 477/519/872
f 478/520/873 479/521/874 466/508/875
f 479/521/874 478/520/876 480/522/877
f 480/522/878 475/517/869 479/521/874
f 475/517/869 480/522/878 476/518/879
f 466/508/862 467/509/880 464/506/881
f 467/509/880 466/508/862 479/521/874
f 479/521/874 468/510/868 467/509/880
f 468/510/868 479/521/874 475/517/860
f 483/525/882 482/524/883 481/523/884
f 482/524/885 483/525/882 484/526/886
f 486/528/96 482/524/96 485/527/96
f 482/524/96 486/528/96 481/523/96
f 481/523/96 486/528/96 487/529/96
f 481/523/96 487/529/96 488/530/96
f 491/534/887 490/532/888 489/531/889
f 490/532/890 491/534/887 492/535/891
f 489/531/889 481/523/884 488/530/892
f 481/523/893 489/531/894 483/525/895
f 494/538/896 491/534/897 493/537/898
f 491/534/887 494/538/899 492/535/891
f 495/540/900 484/526/901 483/525/882
f 484/526/886 495/540/902 496/542/903
f 487/529/904 489/531/889 488/530/905
f 489/531/889 487/529/906 491/534/887
f 493/537/898 487/529/907 486/528/908
f 487/529/909 493/537/898 491/534/887
f 490/532/888 483/525/895 489/531/889
f 483/525/882 490/532/890 495/540/902
f 496/542/910 497/544/911 484/526/886
f 497/544/911 496/542/912 498/545/913
f 498/545/914 493/537/915 497/544/911
f 493/537/898 498/545/913 494/538/916
f 484/526/886 485/527/917 482/524/918
f 485/527/919 484/526/886 497/544/911
f 497/544/920 486/528/908 485/527/921
f 486/528/922 497/544/911 493/537/915
f 501/549/923 500/548/924 499/547/925
f 500/548/926 501/549/923 502/550/927
f 504/552/96 500/548/96 503/551/96
f 500/548/96 504/552/96 499/547/96
f 499/547/96 504/552/96 505/553/96
f 499/547/96 505/553/96 506/554/96
f 509/558/928 508/556/929 507/555/930
f 508/556/931 509/558/932 510/559/933
f 507/555/930 499/547/934 506/554/935
f 499/547/936 507/555/930 501/549/923
f 512/562/937 509/558/928 511/561/938
f 509/558/928 512/562/939 510/559/940
f 513/564/941 502/550/942 501/549/923
f 502/550/943 513/564/944 514/566/945
f 505/553/946 507/555/930 506/554/935
f 507/555/930 505/553/947 509/558/928
f 511/561/938 505/553/948 504/552/949
f 505/553/950 511/561/938 509/558/951
f 508/556/952 501/549/923 507/555/930
f 501/549/923 508/556/953 513/564/954
f 514/566/955 515/568/956 502/550/943
f 515/568/957 514/566/958 516/569/959
f 516/569/960 511/561/938 515/568/957
f 511/561/938 516/569/961 512/562/962
f 502/550/927 503/551/963 500/548/964
f 503/551/965 502/550/927 515/568/957
f 515/568/957 504/552/966 503/551/963
f 504/552/967 515/568/957 511/561/938
f 519/573/968 518/572/969 517/571/970
f 518/572/969 519/573/968 520/574/971
f 522/576/96 518/572/96 521/575/96
f 518/572/96 522/576/96 517/571/96
f 517/571/96 522/576/96 523/577/96
f 517/571/96 523/577/96 524/578/96
f 527/581/972 526/580/973 525/579/974
f 526/580/973 527/581/972 528/582/975
f 525/579/974 517/571/976 524/578/977
f 517/571/976 525/579/974 519/573/968
f 530/584/978 527/581/972 529/583/979
f 527/581/980 530/584/978 528/582/975
f 531/585/981 520/574/982 519/573/968
f 520/574/983 531/585/981 532/586/984
f 523/577/985 525/579/974 524/578/986
f 525/579/987 523/577/985 527/581/980
f 529/583/988 523/577/989 522/576/990
f 523/577/989 529/583/988 527/581/980
f 526/580/991 519/573/992 525/579/974
f 519/573/992 526/580/973 531/585/993
f 532/586/984 533/587/994 520/574/971
f 533/587/994 532/586/984 534/588/995
f 534/588/996 529/583/997 533/587/994
f 529/583/998 534/588/995 530/584/978
f 520/574/971 521/575/999 518/572/1000
f 521/575/1001 520/574/982 533/587/994
f 533/587/994 522/576/1002 521/575/999
f 522/576/1003 533/587/994 529/583/988
f 537/591/1004 536/590/1005 535/589/1006
f 536/590/1005 537/591/1007 538/592/1008
f 541/595/1009 540/594/1010 539/593/1011
f 540/594/1010 541/595/1012 542/596/1013
f 535/589/1006 459/499/1014 454/491/1015
f 459/499/1014 535/589/1016 536/590/1017
f 538/592/1008 543/597/1018 536/590/1017
f 543/597/1019 538/592/1020 544/598/1021
f 538/592/1022 541/595/1023 544/598/1024
f 541/595/1025 538/592/1008 542/596/1026
f 542/596/1013 538/592/1022 537/591/1027
f 542/596/1013 537/591/1028 545/599/1029
f 540/594/1030 456/494/1031 458/497/1032
f 456/494/1031 540/594/1033 546/600/1034
f 454/491/1035 546/600/1036 535/589/1037
f 546/600/1034 454/491/1035 456/494/1031
f 542/596/1038 546/600/1039 540/594/1033
f 546/600/1040 542/596/1013 545/599/1041
f 539/593/1042 458/497/1043 462/504/1044
f 458/497/1043 539/593/1042 540/594/1033
f 539/593/1042 460/501/1045 543/597/1046
f 460/501/1045 539/593/1011 462/504/1047
f 546/600/1040 537/591/1027 535/589/1016
f 537/591/1048 546/600/1040 545/599/1029
f 536/590/1017 460/501/1045 459/499/1049
f 460/501/1045 536/590/1017 543/597/1050
f 544/598/1024 539/593/1051 543/597/1046
f 539/593/1052 544/598/1021 541/595/1023
f 549/603/1053 548/602/1054 547/601/1055
f 548/602/1054 549/603/1056 550/604/1057
f 553/607/1058 552/606/1059 551/605/1060
f 552/606/1059 553/607/1058 554/608/1061
f 547/601/1055 556/610/1062 555/609/1063
f 556/610/1062 547/601/1055 548/602/1064
f 550/604/1057 557/611/1065 548/602/1054
f 557/611/1066 550/604/1067 558/612/1068
f 550/604/1067 553/607/1069 558/612/1068
f 553/607/1069 550/604/1067 554/608/1070
f 554/608/1070 550/604/1067 549/603/1053
f 554/608/1070 549/603/1053 559/613/1071
f 552/606/1059 561/615/1072 560/614/1073
f 561/615/1074 552/606/1075 562/616/1076
f 555/609/1063 562/616/1077 547/601/1055
f 562/616/1077 555/609/1063 561/615/1078
f 554/608/1061 562/616/1079 552/606/1059
f 562/616/1077 554/608/1061 559/613/1071
f 551/605/1060 560/614/1073 563/617/1080
f 560/614/1073 551/605/1060 552/606/1081
f 551/605/1060 564/618/1082 557/611/1066
f 564/618/1083 551/605/1060 563/617/1084
f 562/616/1077 549/603/1056 547/601/1055
f 549/603/1085 562/616/1076 559/613/1071
f 548/602/1054 564/618/1086 556/610/1087
f 564/618/1088 548/602/1054 557/611/1089
f 558/612/1068 551/605/1060 557/611/1066
f 551/605/1090 558/612/1091 553/607/1092
f 567/621/1093 566/620/1094 565/619/1095
f 566/620/1094 567/621/1093 568/622/1096
f 571/625/1097 570/624/1098 569/623/1099
f 570/624/1098 571/625/1097 572/626/1100
f 565/619/1095 495/541/1101 490/533/1102
f 495/541/1101 565/619/1095 566/620/1103
f 568/622/1104 573/627/1105 566/620/1106
f 573/627/1105 568/622/1107 574/628/1108
f 568/622/1107 571/625/1097 574/628/1108
f 571/625/1097 568/622/1109 572/626/1110
f 572/626/1111 568/622/1107 567/621/1093
f 572/626/1110 567/621/1093 575/629/1112
f 570/624/1113 492/536/1114 494/539/1115
f 492/536/1114 570/624/1098 576/630/1116
f 490/533/1102 576/630/1117 565/619/1095
f 576/630/1118 490/533/1102 492/536/1114
f 572/626/1100 576/630/1119 570/624/1120
f 576/630/1119 572/626/1121 575/629/1122
f 569/623/1123 494/539/1115 498/546/1124
f 494/539/1115 569/623/1123 570/624/1113
f 569/623/1123 496/543/1125 573/627/1126
f 496/543/1125 569/623/1127 498/546/1124
f 576/630/1119 567/621/1093 565/619/1095
f 567/621/1128 576/630/1129 575/629/1112
f 566/620/1103 496/543/1125 495/541/1101
f 496/543/1125 566/620/1106 573/627/1130
f 574/628/1131 569/623/1132 573/627/1126
f 569/623/1132 574/628/1108 571/625/1133
f 579/633/1134 578/632/1135 577/631/1136
f 578/632/1135 579/633/1137 580/634/1138
f 583/637/1139 582/636/1140 581/635/1141
f 582/636/1142 583/637/1143 584/638/1144
f 577/631/1145 513/565/1146 508/557/1147
f 513/565/1146 577/631/1148 578/632/1149
f 580/634/1138 585/639/1150 578/632/1149
f 585/639/1151 580/634/1152 586/640/1153
f 580/634/1154 583/637/1139 586/640/1155
f 583/637/1139 580/634/1138 584/638/1144
f 584/638/1156 580/634/1138 579/633/1134
f 584/638/1144 579/633/1134 587/641/1157
f 582/636/1158 510/560/1159 512/563/1160
f 510/560/1159 582/636/1158 588/642/1161
f 508/557/1162 588/642/1163 577/631/1145
f 588/642/1163 508/557/1162 510/560/1159
f 584/638/1164 588/642/1165 582/636/1158
f 588/642/1165 584/638/1166 587/641/1167
f 581/635/1168 512/563/1169 516/570/1170
f 512/563/1169 581/635/1168 582/636/1171
f 581/635/1168 514/567/1172 585/639/1173
f 514/567/1172 581/635/1174 516/570/1175
f 588/642/1165 579/633/1134 577/631/1145
f 579/633/1176 588/642/1165 587/641/1167
f 578/632/1149 514/567/1172 513/565/1177
f 514/567/1172 578/632/1149 585/639/1178
f 586/640/1179 581/635/1180 585/639/1173
f 581/635/1180 586/640/1181 583/637/1139
f 591/645/1182 590/644/1183 589/643/1184
f 590/644/1183 591/645/1185 592/646/1186
f 595/649/1187 594/648/1188 593/647/1189
f 594/648/1188 595/649/1190 596/650/1191
f 589/643/1192 598/652/1193 597/651/1194
f 598/652/1193 589/643/1192 590/644/1183
f 592/646/1186 599/653/1195 590/644/1196
f 599/653/1195 592/646/1197 600/654/1198
f 592/646/1199 595/649/1190 600/654/1198
f 595/649/1187 592/646/1197 596/650/1200
f 596/650/1191 592/646/1199 591/645/1185
f 596/650/1191 591/645/1201 601/655/1202
f 594/648/1188 603/657/1203 602/656/1204
f 603/657/1203 594/648/1188 604/658/1205
f 597/651/1206 604/658/1207 589/643/1208
f 604/658/1209 597/651/1206 603/657/1210
f 596/650/1191 604/658/1205 594/648/1211
f 604/658/1205 596/650/1212 601/655/1202
f 593/647/1213 602/656/1214 605/659/1215
f 602/656/1214 593/647/1216 594/648/1188
f 593/647/1217 606/660/1218 599/653/1195
f 606/660/1219 593/647/1189 605/659/1215
f 604/658/1205 591/645/1201 589/643/1208
f 591/645/1185 604/658/1205 601/655/1220
f 590/644/1183 606/660/1218 598/652/1221
f 606/660/1222 590/644/1183 599/653/1195
f 600/654/1223 593/647/1224 599/653/1225
f 593/647/1216 600/654/1198 595/649/1190
