# Blender 3.3.1
# www.blender.org
mtllib Vehicle_Monster_Truck.mtl
g vehicle-monster-truck_Mesh
v -0.306374 0.275000 0.187500
v -0.289862 0.275000 0.227362
v -0.339482 0.312500 0.187500
v -0.313274 0.312500 0.250773
v -0.193626 0.275000 0.187500
v -0.160518 0.312500 0.187500
v -0.210138 0.275000 0.227362
v -0.186727 0.312500 0.250773
v -0.250000 0.275000 0.243874
v -0.250000 0.312500 0.276982
v -0.210138 0.275000 0.147638
v -0.250000 0.275000 0.131126
v -0.186727 0.312500 0.124226
v -0.250000 0.312500 0.098018
v -0.394576 0.312500 0.148761
v -0.379624 0.312500 0.112662
v -0.399676 0.312500 0.187500
v -0.355837 0.312500 0.081663
v -0.324838 0.312500 0.057876
v -0.313274 0.312500 0.124226
v -0.288739 0.312500 0.042924
v -0.250000 0.312500 0.037824
v -0.211261 0.312500 0.042924
v -0.175162 0.312500 0.057876
v -0.144163 0.312500 0.081663
v -0.120376 0.312500 0.112662
v -0.105424 0.312500 0.148761
v -0.100324 0.312500 0.187500
v -0.105424 0.312500 0.226239
v -0.120376 0.312500 0.262338
v -0.144163 0.312500 0.293337
v -0.175162 0.312500 0.317124
v -0.211261 0.312500 0.332076
v -0.250000 0.312500 0.337176
v -0.288739 0.312500 0.332076
v -0.324838 0.312500 0.317124
v -0.355837 0.312500 0.293337
v -0.379624 0.312500 0.262338
v -0.394576 0.312500 0.226239
v -0.100324 0.125000 0.187500
v -0.105424 0.125000 0.148761
v -0.105424 0.125000 0.226239
v -0.120376 0.125000 0.262338
v -0.120376 0.125000 0.112662
v -0.144163 0.125000 0.293337
v -0.144163 0.125000 0.081663
v -0.175162 0.125000 0.317124
v -0.175162 0.125000 0.057876
v -0.211261 0.125000 0.332076
v -0.211261 0.125000 0.042924
v -0.250000 0.125000 0.337176
v -0.250000 0.125000 0.037824
v -0.288739 0.125000 0.332076
v -0.288739 0.125000 0.042924
v -0.324838 0.125000 0.317124
v -0.324838 0.125000 0.057876
v -0.355837 0.125000 0.293337
v -0.355837 0.125000 0.081663
v -0.379624 0.125000 0.262338
v -0.379624 0.125000 0.112662
v -0.394576 0.125000 0.226239
v -0.394576 0.125000 0.148761
v -0.399676 0.125000 0.187500
v -0.289862 0.275000 0.147638
v -0.068889 0.275000 0.236029
v -0.087620 0.275000 0.281250
v -0.120376 0.312500 0.262338
v -0.117418 0.275000 0.054917
v -0.144163 0.312500 0.081663
v -0.156250 0.275000 0.025120
v -0.201471 0.275000 0.368611
v -0.250000 0.275000 0.375000
v -0.211261 0.312500 0.332076
v -0.355837 0.312500 0.293337
v -0.382583 0.275000 0.320082
v -0.379624 0.312500 0.262338
v -0.412380 0.275000 0.281250
v -0.298529 0.275000 0.368611
v -0.343750 0.275000 0.349880
v -0.201471 0.275000 0.006389
v -0.211261 0.312500 0.042924
v -0.250000 0.275000 0.000000
v -0.379624 0.312500 0.112662
v -0.412380 0.275000 0.093750
v -0.431111 0.275000 0.138971
v -0.355837 0.312500 0.081663
v -0.382583 0.275000 0.054917
v -0.156250 0.275000 0.349880
v -0.117418 0.275000 0.320082
v -0.144163 0.312500 0.293337
v -0.062500 0.275000 0.187500
v -0.355837 0.125000 0.293337
v -0.343750 0.162500 0.349880
v -0.382583 0.162500 0.320082
v -0.201471 0.162500 0.368611
v -0.250000 0.162500 0.375000
v -0.355837 0.125000 0.081663
v -0.382583 0.162500 0.054917
v -0.379624 0.125000 0.112662
v -0.412380 0.162500 0.093750
v -0.068889 0.162500 0.236029
v -0.087620 0.162500 0.281250
v -0.120376 0.125000 0.262338
v -0.068889 0.275000 0.138971
v -0.431111 0.275000 0.236029
v -0.298529 0.275000 0.006389
v -0.201471 0.162500 0.006389
v -0.156250 0.162500 0.025120
v -0.431111 0.162500 0.138971
v -0.437500 0.162500 0.187500
v -0.437500 0.275000 0.187500
v -0.087620 0.275000 0.093750
v -0.120376 0.312500 0.112662
v -0.117418 0.162500 0.054917
v -0.298529 0.162500 0.368611
v -0.343750 0.162500 0.025120
v -0.068889 0.162500 0.138971
v -0.087620 0.162500 0.093750
v -0.120376 0.125000 0.112662
v -0.431111 0.162500 0.236029
v -0.298529 0.162500 0.006389
v -0.250000 0.162500 0.000000
v -0.117418 0.162500 0.320082
v -0.144163 0.125000 0.293337
v -0.156250 0.162500 0.349880
v -0.379624 0.125000 0.262338
v -0.412380 0.162500 0.281250
v -0.144163 0.125000 0.081663
v -0.343750 0.275000 0.025120
v -0.211261 0.125000 0.042924
v -0.062500 0.162500 0.187500
v -0.211261 0.125000 0.332076
vn 0.7496 0.6618 -0.0000
vn 0.5301 0.6618 -0.5301
vn 0.7496 0.6619 -0.0000
vn 0.5301 0.6619 -0.5301
vn -0.5301 0.6618 -0.5301
vn -0.7496 0.6618 -0.0000
vn -0.7496 0.6619 -0.0000
vn -0.5301 0.6619 -0.5301
vn -0.0000 0.6618 -0.7496
vn -0.0000 0.6619 -0.7496
vn -0.5301 0.6618 0.5301
vn -0.0000 0.6618 0.7496
vn -0.5301 0.6619 0.5301
vn -0.0000 0.6619 0.7496
vn -0.0000 1.0000 -0.0000
vn -0.0000 -1.0000 -0.0000
vn 0.5301 0.6618 0.5301
vn 0.5300 0.6619 0.5301
vn 0.6801 0.7101 0.1822
vn 0.8032 0.3738 0.4638
vn 0.8959 0.3738 0.2401
vn 0.6097 0.7101 0.3520
vn 0.4638 0.3738 -0.8033
vn 0.4978 0.7101 -0.4979
vn 0.6559 0.3738 -0.6559
vn 0.4978 0.7102 -0.4978
vn 0.4637 0.3738 -0.8033
vn 0.3520 0.7101 -0.6097
vn 0.1822 0.7101 0.6801
vn -0.0000 0.3738 0.9275
vn 0.2401 0.3738 0.8959
vn -0.0000 0.7101 0.7041
vn -0.6097 0.7101 0.3520
vn -0.6559 0.3737 0.6558
vn -0.4978 0.7102 0.4978
vn -0.6559 0.3738 0.6559
vn -0.8032 0.3738 0.4638
vn -0.3520 0.7101 0.6097
vn -0.2400 0.3738 0.8959
vn -0.1822 0.7101 0.6801
vn -0.2401 0.3738 0.8959
vn -0.4638 0.3738 0.8033
vn -0.0000 0.3738 -0.9275
vn 0.1822 0.7101 -0.6801
vn 0.2401 0.3738 -0.8959
vn -0.0000 0.7101 -0.7041
vn -0.8032 0.3738 -0.4638
vn -0.6801 0.7101 -0.1822
vn -0.6097 0.7101 -0.3520
vn -0.8959 0.3738 -0.2401
vn -0.6558 0.3738 -0.6559
vn -0.4978 0.7101 -0.4978
vn -0.6559 0.3738 -0.6558
vn 0.3520 0.7101 0.6097
vn 0.4638 0.3738 0.8033
vn 0.2400 0.3738 0.8959
vn 0.6559 0.3738 0.6558
vn 0.8033 0.3738 0.4638
vn 0.6559 0.3737 0.6558
vn 0.4978 0.7102 0.4978
vn 0.4978 0.7101 0.4979
vn 0.4638 0.3738 0.8032
vn 0.4637 0.3738 0.8033
vn 0.7041 0.7101 -0.0000
vn 0.8959 0.3738 0.2400
vn 0.9275 0.3738 -0.0000
vn -0.4637 -0.3738 0.8033
vn -0.4979 -0.7101 0.4979
vn -0.3520 -0.7101 0.6097
vn -0.4978 -0.7101 0.4979
vn -0.4638 -0.3738 0.8033
vn -0.6559 -0.3738 0.6559
vn 0.2400 0.3737 0.8960
vn -0.0000 -0.3737 0.9275
vn 0.2400 -0.3737 0.8960
vn 0.2401 0.3737 0.8959
vn -0.0000 0.3737 0.9275
vn -0.6097 -0.7101 -0.3520
vn -0.6558 -0.3738 -0.6559
vn -0.4978 -0.7101 -0.4978
vn -0.6559 -0.3738 -0.6558
vn -0.8032 -0.3738 -0.4638
vn 0.8033 -0.3738 0.4637
vn 0.6801 -0.7101 0.1822
vn 0.8959 -0.3738 0.2401
vn 0.8032 -0.3738 0.4638
vn 0.6097 -0.7101 0.3520
vn 0.8959 0.3738 -0.2400
vn 0.8959 0.3738 -0.2401
vn 0.6801 0.7101 -0.1822
vn -0.6801 0.7101 0.1822
vn -0.8033 0.3738 0.4637
vn -0.8959 0.3738 0.2401
vn -0.2400 0.3738 -0.8959
vn -0.2401 0.3738 -0.8959
vn -0.1822 0.7101 -0.6801
vn 0.2401 0.3737 -0.8959
vn 0.4638 -0.3737 -0.8033
vn 0.2401 -0.3737 -0.8959
vn 0.4637 -0.3737 -0.8033
vn 0.4637 0.3737 -0.8033
vn -0.4979 0.7101 0.4979
vn -0.4637 0.3738 0.8033
vn -0.4978 0.7101 0.4979
vn 0.2400 0.3738 -0.8959
vn -0.6801 -0.7101 -0.1822
vn -0.8959 -0.3738 -0.2401
vn -0.9275 -0.3737 -0.0000
vn -0.8960 0.3737 -0.2400
vn -0.8960 -0.3737 -0.2400
vn -0.8959 0.3737 -0.2401
vn -0.9275 0.3737 -0.0000
vn 0.6097 0.7101 -0.3520
vn 0.8032 0.3738 -0.4638
vn 0.6558 0.3738 -0.6559
vn 0.4638 0.3737 -0.8033
vn 0.6559 -0.3737 -0.6559
vn 0.6558 -0.3737 -0.6559
vn 0.6558 0.3737 -0.6559
vn -0.2400 -0.3738 0.8959
vn -0.1822 -0.7101 0.6801
vn -0.2401 -0.3738 0.8959
vn -0.4978 -0.7101 -0.4979
vn -0.4637 -0.3738 -0.8033
vn -0.3520 -0.7101 -0.6097
vn -0.4638 -0.3738 -0.8033
vn -0.6559 -0.3738 -0.6559
vn 0.6801 -0.7101 -0.1822
vn 0.8032 -0.3738 -0.4638
vn 0.8959 -0.3738 -0.2401
vn 0.6097 -0.7101 -0.3520
vn -0.7041 -0.7101 -0.0000
vn -0.8959 -0.3738 -0.2400
vn -0.9275 -0.3738 -0.0000
vn -0.8959 -0.3737 0.2401
vn -0.8960 -0.3737 0.2400
vn -0.8960 0.3737 0.2400
vn -0.2400 0.3737 -0.8960
vn -0.0000 -0.3737 -0.9275
vn -0.2400 -0.3737 -0.8960
vn -0.2401 0.3737 -0.8959
vn -0.0000 0.3737 -0.9275
vn 0.4638 -0.3738 0.8032
vn 0.4978 -0.7101 0.4979
vn 0.6559 -0.3738 0.6558
vn 0.4978 -0.7102 0.4978
vn 0.4637 -0.3738 0.8033
vn 0.3520 -0.7101 0.6097
vn -0.2400 -0.3738 -0.8959
vn -0.1822 -0.7101 -0.6801
vn -0.2401 -0.3738 -0.8959
vn -0.6559 -0.3737 0.6558
vn -0.6097 -0.7101 0.3520
vn -0.4978 -0.7102 0.4978
vn -0.8032 -0.3738 0.4638
vn 0.4978 -0.7101 -0.4979
vn 0.4638 -0.3738 -0.8033
vn 0.6559 -0.3738 -0.6559
vn 0.4637 -0.3738 -0.8033
vn 0.4978 -0.7102 -0.4978
vn 0.3520 -0.7101 -0.6097
vn 0.2400 -0.3737 -0.8960
vn 0.2400 0.3737 -0.8960
vn -0.8033 -0.3737 -0.4638
vn -0.6559 0.3737 -0.6558
vn -0.6559 -0.3737 -0.6558
vn -0.6559 0.3737 -0.6559
vn -0.8033 0.3737 -0.4638
vn -0.6559 -0.3737 0.6559
vn -0.8033 0.3737 0.4638
vn -0.8033 -0.3737 0.4638
vn -0.8959 -0.3738 0.2401
vn -0.6801 -0.7101 0.1822
vn -0.8959 -0.3738 0.2400
vn -0.3520 0.7101 -0.6097
vn -0.4638 0.3738 -0.8033
vn -0.2401 -0.3737 0.8959
vn -0.2400 -0.3737 0.8960
vn -0.2400 0.3737 0.8960
vn -0.7041 0.7101 -0.0000
vn -0.8959 0.3738 0.2400
vn -0.9275 0.3738 -0.0000
vn 0.8033 0.3737 0.4638
vn 0.8959 -0.3737 0.2401
vn 0.8959 0.3737 0.2401
vn 0.8033 0.3737 0.4637
vn 0.8033 -0.3737 0.4637
vn 0.2401 -0.3738 -0.8959
vn 0.2400 -0.3738 -0.8959
vn 0.1822 -0.7101 -0.6801
vn -0.4638 0.3737 0.8033
vn -0.4638 -0.3737 0.8033
vn -0.6558 -0.3737 0.6559
vn -0.6558 0.3737 0.6559
vn 0.9275 0.3737 -0.0000
vn 0.8960 -0.3737 -0.2400
vn 0.8960 0.3737 -0.2400
vn 0.8959 -0.3737 -0.2401
vn 0.9275 -0.3737 -0.0000
vn -0.4637 0.3738 -0.8033
vn -0.4978 0.7101 -0.4979
vn -0.6559 0.3738 -0.6559
vn 0.7041 -0.7101 -0.0000
vn 0.8959 -0.3738 -0.2400
vn 0.9275 -0.3738 -0.0000
vn 0.8960 0.3737 0.2400
vn 0.8960 -0.3737 0.2400
vn 0.8033 -0.3738 0.4638
vn 0.6559 -0.3737 0.6558
vn 0.8959 0.3737 -0.2401
vn 0.8033 -0.3737 -0.4637
vn 0.8033 0.3737 -0.4637
vn 0.8033 -0.3737 -0.4638
vn -0.8959 0.3738 -0.2400
vn -0.4637 0.3737 -0.8033
vn -0.2401 -0.3737 -0.8959
vn -0.4637 -0.3737 -0.8033
vn -0.4638 0.3737 -0.8033
vn 0.8033 0.3737 -0.4638
vn 0.6559 -0.3737 -0.6558
vn 0.6559 0.3737 -0.6558
vn 0.4637 0.3737 0.8033
vn 0.2401 -0.3737 0.8959
vn 0.4637 -0.3737 0.8033
vn 0.4638 0.3737 0.8033
vn -0.6558 0.3737 -0.6559
vn -0.4638 -0.3737 -0.8033
vn -0.6558 -0.3737 -0.6559
vn -0.0000 -0.3738 0.9275
vn 0.1822 -0.7101 0.6801
vn 0.2401 -0.3738 0.8959
vn -0.0000 -0.7101 0.7041
vn -0.0000 -0.3738 -0.9275
vn -0.0000 -0.7101 -0.7041
vn 0.6558 -0.3738 -0.6559
vn -0.8959 0.3737 0.2401
vn -0.8033 -0.3737 0.4637
vn -0.8033 0.3737 0.4637
vn 0.4638 -0.3738 0.8033
vn 0.2400 -0.3738 0.8959
vn -0.2401 0.3737 0.8959
vn -0.4637 -0.3737 0.8033
vn -0.4637 0.3737 0.8033
vn 0.8959 -0.3738 0.2400
vn -0.8959 -0.3737 -0.2401
vn -0.8033 0.3737 -0.4637
vn -0.8033 -0.3737 -0.4637
vn 0.6558 0.3737 0.6559
vn 0.4638 -0.3737 0.8033
vn 0.6558 -0.3737 0.6559
vn 0.4638 -0.3737 0.8032
vn 0.6559 0.3737 0.6559
vn 0.8032 -0.3737 0.4638
vn 0.8033 -0.3737 0.4638
vt 0.343750 0.025000
vt 0.593750 0.025000
vt 0.343750 0.078265
vt 0.593750 0.078265
vt 0.343750 0.025000
vt 0.343750 0.109547
vt 0.343750 0.025000
vt 0.593750 0.025000
vt 0.343750 0.025000
vt 0.343750 0.078265
vt 0.593750 0.078265
vt 0.343750 0.109547
vt 0.343750 0.100328
vt 0.593750 0.100328
vt 0.343750 0.144568
vt 0.343750 0.025000
vt 0.593750 0.025000
vt 0.343750 0.025000
vt 0.593750 0.025000
vt 0.343750 0.025000
vt 0.343750 0.025000
vt 0.343750 0.025000
vt 0.343750 0.164670
vt 0.343750 0.025000
vt 0.343750 0.025000
vt 0.343750 0.175000
vt 0.343750 0.025000
vt 0.343750 0.025000
vt 0.343750 0.140434
vt 0.343750 0.025000
vt 0.343750 0.025000
vt 0.343750 0.136446
vt 0.343750 0.025000
vt 0.343750 0.135086
vt 0.343750 0.025000
vt 0.343750 0.025000
vt 0.343750 0.140434
vt 0.343750 0.025000
vt 0.343750 0.025000
vt 0.343750 0.025000
vt 0.343750 0.164670
vt 0.343750 0.025000
vt 0.343750 0.175000
vt 0.343750 0.076764
vt 0.343750 0.185330
vt 0.343750 0.125000
vt 0.343750 0.166421
vt 0.343750 0.198205
vt 0.343750 0.209566
vt 0.343750 0.218185
vt 0.343750 0.225000
vt 0.343750 0.214914
vt 0.343750 0.218185
vt 0.343750 0.213554
vt 0.343750 0.198205
vt 0.343750 0.209566
vt 0.343750 0.166421
vt 0.343750 0.125000
vt 0.343750 0.076764
vt 0.343750 0.185330
vt 0.343750 0.025000
vt 0.343750 0.175000
vt 0.343750 0.025000
vt 0.343750 0.164670
vt 0.343750 0.076764
vt 0.343750 0.185330
vt 0.343750 0.125000
vt 0.343750 0.025000
vt 0.343750 0.166421
vt 0.343750 0.025000
vt 0.343750 0.198205
vt 0.343750 0.209566
vt 0.343750 0.025000
vt 0.343750 0.140434
vt 0.343750 0.218185
vt 0.343750 0.025000
vt 0.343750 0.225000
vt 0.343750 0.214914
vt 0.343750 0.025000
vt 0.343750 0.135086
vt 0.343750 0.218185
vt 0.343750 0.213554
vt 0.343750 0.025000
vt 0.343750 0.136446
vt 0.343750 0.198205
vt 0.343750 0.209566
vt 0.343750 0.025000
vt 0.343750 0.140434
vt 0.343750 0.166421
vt 0.343750 0.025000
vt 0.343750 0.125000
vt 0.343750 0.025000
vt 0.343750 0.076764
vt 0.343750 0.185330
vt 0.343750 0.025000
vt 0.343750 0.164670
vt 0.343750 0.025000
vt 0.343750 0.175000
vt 0.343750 0.025000
vt 0.593750 0.025000
vt 0.343750 0.187941
vt 0.343750 0.200000
vt 0.343750 0.194957
vt 0.343750 0.139645
vt 0.343750 0.146777
vt 0.343750 0.131699
vt 0.343750 0.223296
vt 0.343750 0.225000
vt 0.343750 0.213554
vt 0.343750 0.203223
vt 0.343750 0.210355
vt 0.343750 0.194957
vt 0.343750 0.200000
vt 0.343750 0.223296
vt 0.343750 0.218301
vt 0.343750 0.126704
vt 0.343750 0.136446
vt 0.343750 0.125000
vt 0.343750 0.155043
vt 0.343750 0.150000
vt 0.343750 0.162059
vt 0.343750 0.146777
vt 0.343750 0.139645
vt 0.343750 0.218301
vt 0.343750 0.210355
vt 0.343750 0.203223
vt 0.343750 0.175000
vt 0.343750 0.203223
vt 0.343750 0.218301
vt 0.343750 0.210355
vt 0.343750 0.223296
vt 0.343750 0.225000
vt 0.343750 0.146777
vt 0.343750 0.139645
vt 0.343750 0.155043
vt 0.343750 0.150000
vt 0.343750 0.187941
vt 0.343750 0.200000
vt 0.343750 0.194957
vt 0.343750 0.162059
vt 0.343750 0.187941
vt 0.343750 0.126704
vt 0.343750 0.126704
vt 0.343750 0.131699
vt 0.343750 0.162059
vt 0.343750 0.175000
vt 0.343750 0.175000
vt 0.343750 0.150000
vt 0.343750 0.155043
vt 0.343750 0.139645
vt 0.343750 0.223296
vt 0.343750 0.131699
vt 0.343750 0.162059
vt 0.343750 0.150000
vt 0.343750 0.155043
vt 0.343750 0.187941
vt 0.343750 0.126704
vt 0.343750 0.125000
vt 0.343750 0.210355
vt 0.343750 0.203223
vt 0.343750 0.218301
vt 0.343750 0.194957
vt 0.343750 0.200000
vt 0.343750 0.146777
vt 0.343750 0.131699
vt 0.343750 0.136446
vt 0.343750 0.175000
vt 0.343750 0.213554
s 0
f 3/5/1 2/3/2 1/1/1
f 2/3/2 3/5/3 4/6/4
f 7/10/5 6/9/6 5/7/7
f 6/9/7 7/10/5 8/12/8
f 10/15/9 7/10/5 9/13/10
f 7/10/5 10/15/10 8/12/8
f 13/20/11 12/18/12 11/16/13
f 12/18/12 13/20/13 14/21/14
f 17/25/15 16/24/15 15/22/15
f 17/25/15 18/27/15 16/24/15
f 3/5/15 18/27/15 17/25/15
f 3/5/15 19/28/15 18/27/15
f 20/30/15 19/28/15 3/5/15
f 20/30/15 21/31/15 19/28/15
f 20/30/15 22/33/15 21/31/15
f 22/33/15 20/30/15 14/21/15
f 14/21/15 23/35/15 22/33/15
f 13/20/15 23/35/15 14/21/15
f 13/20/15 24/36/15 23/35/15
f 6/9/15 24/36/15 13/20/15
f 6/9/15 25/38/15 24/36/15
f 6/9/15 26/39/15 25/38/15
f 6/9/15 27/40/15 26/39/15
f 27/40/15 6/9/15 28/42/15
f 6/9/15 29/44/15 28/42/15
f 29/44/15 6/9/15 30/46/15
f 30/46/15 6/9/15 31/47/15
f 31/47/15 6/9/15 32/48/15
f 32/48/15 6/9/15 8/12/15
f 32/48/15 8/12/15 33/50/15
f 33/50/15 8/12/15 10/15/15
f 33/50/15 10/15/15 34/51/15
f 4/6/15 34/51/15 10/15/15
f 34/51/15 4/6/15 35/53/15
f 35/53/15 4/6/15 36/55/15
f 36/55/15 4/6/15 3/5/15
f 36/55/15 3/5/15 37/57/15
f 37/57/15 3/5/15 17/25/15
f 37/57/15 17/25/15 38/58/15
f 38/58/15 17/25/15 39/59/15
f 11/16/11 6/9/7 13/20/13
f 6/9/6 11/16/11 5/7/7
f 42/65/16 41/63/16 40/61/16
f 41/63/16 42/65/16 43/67/16
f 41/63/16 43/67/16 44/68/16
f 44/68/16 43/67/16 45/69/16
f 44/68/16 45/69/16 46/70/16
f 46/70/16 45/69/16 47/71/16
f 46/70/16 47/71/16 48/73/16
f 48/73/16 47/71/16 49/75/16
f 48/73/16 49/75/16 50/76/16
f 50/76/16 49/75/16 51/77/16
f 50/76/16 51/77/16 52/79/16
f 52/79/16 51/77/16 53/81/16
f 52/79/16 53/81/16 54/83/16
f 54/83/16 53/81/16 55/85/16
f 54/83/16 55/85/16 56/87/16
f 56/87/16 55/85/16 57/89/16
f 56/87/16 57/89/16 58/90/16
f 58/90/16 57/89/16 59/91/16
f 58/90/16 59/91/16 60/92/16
f 60/92/16 59/91/16 61/93/16
f 60/92/16 61/93/16 62/95/16
f 62/95/16 61/93/16 63/97/16
f 4/6/2 9/13/9 2/3/4
f 9/13/9 4/6/4 10/15/10
f 14/21/12 64/99/17 12/18/14
f 64/99/17 14/21/14 20/30/18
f 3/5/3 64/99/17 20/30/18
f 64/99/17 3/5/1 1/1/1
f 29/45/19 66/102/20 65/101/21
f 66/102/20 29/45/19 67/103/22
f 70/106/23 69/105/24 68/104/25
f 69/105/26 70/106/27 24/37/28
f 73/109/29 72/108/30 71/107/31
f 72/108/30 73/109/29 34/52/32
f 76/112/33 75/111/34 74/110/35
f 75/111/36 76/112/33 77/113/37
f 36/56/38 78/114/39 35/54/40
f 78/114/41 36/56/38 79/115/42
f 82/118/43 81/117/44 80/116/45
f 81/117/44 82/118/43 22/34/46
f 84/120/47 15/23/48 83/119/49
f 15/23/48 84/120/47 85/121/50
f 87/123/51 83/119/49 86/122/52
f 83/119/49 87/123/53 84/120/47
f 32/49/54 71/107/31 88/124/55
f 71/107/56 32/49/54 73/109/29
f 67/103/22 89/125/57 66/102/58
f 89/125/59 67/103/22 90/126/60
f 90/126/61 88/124/62 89/125/57
f 88/124/63 90/126/60 32/49/54
f 28/43/64 65/101/65 91/127/66
f 65/101/21 28/43/64 29/45/19
f 93/129/67 92/128/68 55/86/69
f 92/128/70 93/129/71 94/130/72
f 71/107/73 96/132/74 95/131/75
f 96/132/74 71/107/76 72/108/77
f 99/135/78 98/134/79 97/133/80
f 98/134/81 99/135/78 100/136/82
f 102/138/83 42/66/84 101/137/85
f 42/66/84 102/138/86 103/139/87
f 104/140/88 28/43/64 91/127/66
f 28/43/64 104/140/89 27/41/90
f 39/60/91 77/113/37 76/112/33
f 77/113/92 39/60/91 105/141/93
f 106/142/94 22/34/46 82/118/43
f 22/34/46 106/142/95 21/32/96
f 80/116/97 108/144/98 107/143/99
f 108/144/100 80/116/97 70/106/101
f 74/110/102 79/115/103 36/56/38
f 79/115/42 74/110/104 75/111/36
f 80/116/45 24/37/28 70/106/23
f 24/37/28 80/116/105 81/117/44
f 62/96/106 100/136/82 99/135/78
f 100/136/82 62/96/106 109/145/107
f 110/146/108 85/121/109 109/145/110
f 85/121/111 110/146/108 111/147/112
f 68/104/25 113/149/113 112/148/114
f 113/149/113 68/104/115 69/105/26
f 70/106/116 114/150/117 108/144/98
f 114/150/118 70/106/116 68/104/119
f 115/151/120 55/86/69 53/82/121
f 55/86/69 115/151/122 93/129/71
f 97/133/123 116/152/124 56/88/125
f 116/152/126 97/133/123 98/134/127
f 41/64/128 118/154/129 117/153/130
f 118/154/129 41/64/128 119/155/131
f 63/98/132 109/145/107 62/96/106
f 109/145/133 63/98/132 110/146/134
f 120/156/135 111/147/112 110/146/108
f 111/147/112 120/156/136 105/141/137
f 106/142/138 122/158/139 121/157/140
f 122/158/139 106/142/141 82/118/142
f 125/161/143 124/160/144 123/159/145
f 124/160/146 125/161/147 47/72/148
f 56/88/125 121/157/149 54/84/150
f 121/157/151 56/88/125 116/152/126
f 94/130/152 126/162/153 92/128/154
f 126/162/153 94/130/72 127/163/155
f 128/164/156 108/144/157 114/150/158
f 108/144/159 128/164/160 48/74/161
f 82/118/142 107/143/99 122/158/139
f 107/143/162 82/118/142 80/116/163
f 100/136/164 87/123/165 98/134/166
f 87/123/167 100/136/164 84/120/168
f 94/130/169 77/113/170 127/163/171
f 77/113/170 94/130/152 75/111/34
f 120/156/172 63/98/132 61/94/173
f 63/98/132 120/156/174 110/146/134
f 106/142/94 19/29/175 21/32/96
f 19/29/175 106/142/95 129/165/176
f 72/108/77 115/151/177 96/132/74
f 115/151/178 72/108/77 78/114/179
f 35/54/40 72/108/30 34/52/32
f 72/108/30 35/54/40 78/114/41
f 112/148/114 27/41/90 104/140/89
f 27/41/90 112/148/114 113/149/113
f 17/26/180 105/141/93 39/60/91
f 105/141/181 17/26/180 111/147/182
f 66/102/183 101/137/184 65/101/185
f 101/137/184 66/102/186 102/138/187
f 48/74/161 107/143/188 108/144/157
f 107/143/189 48/74/161 130/166/190
f 79/115/191 94/130/169 93/129/192
f 94/130/193 79/115/191 75/111/194
f 91/127/195 117/153/196 104/140/197
f 117/153/198 91/127/195 131/167/199
f 129/165/200 86/122/201 19/29/175
f 86/122/201 129/165/176 87/123/202
f 40/62/203 117/153/204 131/167/205
f 117/153/130 40/62/203 41/64/128
f 65/101/185 131/167/199 91/127/195
f 131/167/199 65/101/206 101/137/207
f 123/159/145 103/139/87 102/138/208
f 103/139/87 123/159/209 124/160/146
f 104/140/210 118/154/211 112/148/212
f 118/154/213 104/140/210 117/153/198
f 85/121/50 17/26/180 15/23/48
f 17/26/180 85/121/214 111/147/182
f 129/165/215 121/157/216 116/152/217
f 121/157/216 129/165/218 106/142/141
f 112/148/219 114/150/220 68/104/221
f 114/150/117 112/148/219 118/154/213
f 88/124/222 95/131/223 125/161/224
f 95/131/223 88/124/225 71/107/76
f 87/123/226 116/152/227 98/134/228
f 116/152/227 87/123/167 129/165/218
f 96/132/229 132/168/230 95/131/231
f 132/168/230 96/132/229 51/78/232
f 130/166/190 122/158/233 107/143/188
f 122/158/233 130/166/190 52/80/234
f 119/155/131 114/150/158 118/154/129
f 114/150/235 119/155/131 128/164/160
f 127/163/171 105/141/236 120/156/135
f 105/141/236 127/163/237 77/113/238
f 95/131/231 47/72/148 125/161/239
f 47/72/148 95/131/240 132/168/230
f 127/163/155 61/94/173 126/162/153
f 61/94/173 127/163/155 120/156/172
f 78/114/241 93/129/192 115/151/177
f 93/129/242 78/114/241 79/115/243
f 54/84/150 122/158/233 52/80/234
f 122/158/233 54/84/150 121/157/151
f 101/137/244 40/62/203 131/167/205
f 40/62/203 101/137/85 42/66/84
f 109/145/245 84/120/246 100/136/247
f 84/120/168 109/145/245 85/121/111
f 89/125/248 125/161/249 123/159/250
f 125/161/251 89/125/252 88/124/225
f 115/151/120 51/78/232 96/132/229
f 51/78/232 115/151/122 53/82/121
f 89/125/252 102/138/253 66/102/183
f 102/138/254 89/125/59 123/159/209
f 11/17/15 7/11/15 5/8/15
f 7/11/15 11/17/15 12/19/15
f 7/11/15 12/19/15 9/14/15
f 9/14/15 12/19/15 64/100/15
f 9/14/15 64/100/15 2/4/15
f 2/4/15 64/100/15 1/2/15
g vehicle-monster-truck.001_Mesh
v 0.186726 -0.312500 0.124227
v 0.210138 -0.275000 0.147638
v 0.250000 -0.312500 0.098018
v 0.160518 -0.312500 0.187500
v 0.211261 -0.312500 0.042924
v 0.175162 -0.312500 0.057876
v 0.144163 -0.312500 0.081663
v 0.144163 -0.312500 0.081663
v 0.156250 -0.275000 0.025120
v 0.201471 -0.275000 0.006389
v 0.211261 -0.312500 0.042924
v 0.250000 -0.312500 0.037824
v 0.250000 -0.275000 -0.000000
v 0.250000 -0.162500 -0.000000
v 0.298529 -0.275000 0.006389
v 0.201471 -0.162500 0.006389
v 0.211261 -0.125000 0.042924
v 0.175162 -0.125000 0.057876
v 0.156250 -0.162500 0.025120
v 0.144163 -0.125000 0.081663
v 0.117417 -0.162500 0.054917
v 0.087620 -0.275000 0.093750
v 0.087620 -0.162500 0.093750
v 0.120376 -0.125000 0.112662
v 0.117418 -0.275000 0.054917
v 0.120376 -0.312500 0.112662
v 0.105424 -0.312500 0.148761
v 0.120376 -0.312500 0.112662
v 0.100324 -0.312500 0.187500
v 0.068889 -0.275000 0.138971
v 0.068889 -0.162500 0.138971
v 0.062500 -0.275000 0.187500
v 0.068889 -0.275000 0.236029
v 0.062500 -0.162500 0.187500
v 0.068889 -0.162500 0.236029
v 0.100324 -0.125000 0.187500
v 0.105424 -0.125000 0.148761
v 0.105424 -0.125000 0.226239
v 0.120376 -0.125000 0.262338
v 0.087620 -0.162500 0.281250
v 0.120376 -0.125000 0.262338
v 0.117417 -0.162500 0.320083
v 0.144163 -0.125000 0.293337
v 0.175162 -0.125000 0.317124
v 0.156250 -0.162500 0.349880
v 0.201471 -0.162500 0.368611
v 0.156250 -0.275000 0.349880
v 0.117417 -0.275000 0.320083
v 0.144163 -0.312500 0.293337
v 0.087620 -0.275000 0.281250
v 0.120376 -0.312500 0.262338
v 0.105424 -0.312500 0.226239
v 0.120376 -0.312500 0.262338
v 0.144163 -0.312500 0.293337
v 0.175162 -0.312500 0.317124
v 0.186726 -0.312500 0.250774
v 0.211261 -0.312500 0.332076
v 0.201471 -0.275000 0.368611
v 0.211261 -0.312500 0.332076
v 0.250000 -0.275000 0.375000
v 0.250000 -0.312500 0.337176
v 0.250000 -0.312500 0.276982
v 0.288739 -0.312500 0.332076
v 0.313273 -0.312500 0.250774
v 0.324838 -0.312500 0.317124
v 0.298529 -0.275000 0.368611
v 0.343750 -0.275000 0.349880
v 0.343750 -0.162500 0.349880
v 0.298529 -0.162500 0.368611
v 0.250000 -0.125000 0.337176
v 0.250000 -0.162500 0.375000
v 0.324838 -0.125000 0.317124
v 0.288739 -0.125000 0.332076
v 0.288739 -0.125000 0.042924
v 0.250000 -0.125000 0.037824
v 0.324838 -0.125000 0.057876
v 0.298529 -0.162500 0.006389
v 0.343750 -0.275000 0.025120
v 0.343750 -0.162500 0.025120
v 0.382582 -0.275000 0.054918
v 0.355837 -0.125000 0.081663
v 0.382582 -0.162500 0.054918
v 0.379624 -0.125000 0.112662
v 0.412380 -0.162500 0.093750
v 0.394576 -0.125000 0.148761
v 0.412380 -0.275000 0.093750
v 0.431111 -0.162500 0.138971
v 0.431111 -0.275000 0.138971
v 0.437500 -0.162500 0.187500
v 0.399676 -0.125000 0.187500
v 0.394576 -0.125000 0.226239
v 0.431111 -0.162500 0.236029
v 0.437500 -0.275000 0.187500
v 0.412380 -0.162500 0.281250
v 0.431111 -0.275000 0.236029
v 0.412380 -0.275000 0.281250
v 0.394576 -0.312500 0.226239
v 0.399676 -0.312500 0.187500
v 0.394576 -0.312500 0.148761
v 0.339482 -0.312500 0.187500
v 0.289862 -0.275000 0.227362
v 0.313273 -0.312500 0.124227
v 0.289862 -0.275000 0.147638
v 0.355837 -0.312500 0.293337
v 0.379624 -0.312500 0.262338
v 0.379624 -0.312500 0.112662
v 0.355837 -0.312500 0.081663
v 0.324838 -0.312500 0.057876
v 0.306374 -0.275000 0.187500
v 0.288739 -0.312500 0.042924
v 0.355837 -0.312500 0.081663
v 0.379624 -0.312500 0.112662
v 0.250000 -0.275000 0.243874
v 0.250000 -0.275000 0.131126
v 0.210138 -0.275000 0.227362
v 0.193626 -0.275000 0.187500
v 0.379624 -0.312500 0.262338
v 0.355837 -0.312500 0.293337
v 0.382582 -0.275000 0.320083
v 0.382582 -0.162500 0.320083
v 0.379624 -0.125000 0.262338
v 0.355837 -0.125000 0.293337
v 0.379624 -0.125000 0.112662
v 0.379624 -0.125000 0.262338
v 0.355837 -0.125000 0.081663
v 0.355837 -0.125000 0.293337
v 0.211261 -0.125000 0.332076
v 0.144163 -0.125000 0.081663
v 0.144163 -0.125000 0.293337
v 0.120376 -0.125000 0.112662
vn 0.5301 -0.6618 0.5301
vn 0.7496 -0.6619 -0.0000
vn 0.5301 -0.6619 0.5301
vn -0.0000 -0.6619 0.7496
vn -0.0000 -1.0000 -0.0000
vn -0.4978 -0.7102 -0.4978
vn -0.4637 -0.3738 -0.8033
vn -0.3520 -0.7101 -0.6097
vn -0.2401 -0.3738 -0.8959
vn -0.4638 -0.3738 -0.8033
vn -0.2400 -0.3738 -0.8959
vn -0.1822 -0.7101 -0.6801
vn -0.0000 -0.3738 -0.9275
vn -0.0000 -0.7101 -0.7041
vn 0.2400 -0.3738 -0.8959
vn -0.2400 0.3737 -0.8960
vn -0.0000 -0.3737 -0.9275
vn -0.2400 -0.3737 -0.8960
vn -0.2401 0.3737 -0.8959
vn -0.0000 0.3737 -0.9275
vn 0.2401 -0.3737 -0.8959
vn -0.1822 0.7101 -0.6801
vn -0.0000 0.3738 -0.9275
vn -0.2401 0.3738 -0.8959
vn -0.2400 0.3738 -0.8959
vn -0.3520 0.7101 -0.6097
vn -0.4638 0.3738 -0.8033
vn -0.2401 -0.3737 -0.8959
vn -0.4638 0.3737 -0.8033
vn -0.4638 -0.3737 -0.8033
vn -0.6559 0.3737 -0.6559
vn -0.4637 0.3737 -0.8033
vn -0.4637 -0.3737 -0.8033
vn -0.4637 0.3738 -0.8033
vn -0.4978 0.7102 -0.4978
vn -0.4978 0.7101 -0.4979
vn -0.6559 0.3738 -0.6559
vn -0.6558 0.3737 -0.6559
vn -0.6558 -0.3737 -0.6559
vn -0.8033 -0.3737 -0.4638
vn -0.8033 0.3737 -0.4638
vn -0.6559 0.3737 -0.6558
vn -0.6559 -0.3737 -0.6558
vn -0.6558 0.3738 -0.6559
vn -0.6097 0.7101 -0.3520
vn -0.4978 0.7101 -0.4978
vn -0.6559 0.3738 -0.6558
vn -0.8032 0.3738 -0.4638
vn -0.6097 -0.7101 -0.3520
vn -0.6558 -0.3738 -0.6559
vn -0.4978 -0.7101 -0.4979
vn -0.6559 -0.3738 -0.6559
vn -0.8032 -0.3738 -0.4638
vn -0.6801 -0.7101 -0.1822
vn -0.7041 -0.7101 -0.0000
vn -0.8959 -0.3738 -0.2401
vn -0.8959 -0.3737 -0.2401
vn -0.8033 0.3737 -0.4637
vn -0.8033 -0.3737 -0.4637
vn -0.8959 0.3737 -0.2401
vn -0.9275 -0.3737 -0.0000
vn -0.8960 0.3737 -0.2400
vn -0.8960 -0.3737 -0.2400
vn -0.8959 -0.3738 -0.2400
vn -0.9275 -0.3738 -0.0000
vn -0.8959 -0.3737 0.2401
vn -0.9275 0.3737 -0.0000
vn -0.8959 -0.3738 0.2400
vn -0.7041 0.7101 -0.0000
vn -0.8959 0.3738 -0.2400
vn -0.9275 0.3738 -0.0000
vn -0.8959 0.3738 0.2400
vn -0.8960 -0.3737 0.2400
vn -0.8960 0.3737 0.2400
vn -0.8959 0.3738 -0.2401
vn -0.6801 0.7101 -0.1822
vn -0.0000 1.0000 -0.0000
vn -0.8959 0.3738 0.2401
vn -0.6801 0.7101 0.1822
vn -0.8033 0.3738 0.4637
vn -0.8032 0.3738 0.4638
vn -0.6097 0.7101 0.3520
vn -0.6559 0.3738 0.6558
vn -0.6559 0.3737 0.6558
vn -0.4978 0.7101 0.4978
vn -0.4978 0.7102 0.4978
vn -0.4637 0.3738 0.8033
vn -0.3520 0.7101 0.6097
vn -0.4638 0.3738 0.8033
vn -0.4978 0.7101 0.4979
vn -0.6559 0.3738 0.6559
vn -0.2401 0.3738 0.8959
vn -0.4637 -0.3737 0.8033
vn -0.2401 0.3737 0.8959
vn -0.4637 0.3737 0.8033
vn -0.4638 0.3737 0.8033
vn -0.6559 -0.3737 0.6559
vn -0.4638 -0.3737 0.8033
vn -0.6558 -0.3737 0.6559
vn -0.6558 0.3737 0.6559
vn -0.4978 -0.7101 0.4979
vn -0.4638 -0.3738 0.8033
vn -0.6559 -0.3738 0.6559
vn -0.6559 -0.3737 0.6558
vn -0.6097 -0.7101 0.3520
vn -0.4978 -0.7101 0.4978
vn -0.8033 0.3737 0.4638
vn -0.8033 -0.3737 0.4638
vn -0.6559 -0.3738 0.6558
vn -0.8032 -0.3738 0.4638
vn -0.6801 -0.7101 0.1822
vn -0.8959 -0.3738 0.2401
vn -0.2400 -0.3738 0.8959
vn -0.3520 -0.7101 0.6097
vn -0.1822 -0.7101 0.6801
vn -0.2401 -0.3738 0.8959
vn -0.4637 -0.3738 0.8033
vn -0.4978 -0.7102 0.4978
vn -0.0000 -0.3738 0.9275
vn -0.0000 -0.7101 0.7041
vn 0.1822 -0.7101 0.6801
vn 0.3520 -0.7101 0.6097
vn 0.2400 -0.3738 0.8959
vn 0.2401 -0.3738 0.8959
vn 0.4637 0.3737 0.8033
vn 0.2401 -0.3737 0.8959
vn 0.4637 -0.3737 0.8033
vn 0.4638 -0.3738 0.8033
vn 0.4638 0.3737 0.8033
vn 0.2401 0.3737 0.8959
vn 0.2400 0.3737 0.8960
vn -0.0000 -0.3737 0.9275
vn 0.2400 -0.3737 0.8960
vn 0.3520 0.7101 0.6097
vn 0.2401 0.3738 0.8959
vn 0.4638 0.3738 0.8033
vn -0.0000 0.7101 0.7041
vn 0.1822 0.7101 0.6801
vn 0.2400 0.3738 0.8959
vn -0.0000 0.3738 0.9275
vn -0.0000 0.3737 0.9275
vn 0.1822 0.7101 -0.6801
vn -0.0000 0.7101 -0.7041
vn 0.3520 0.7101 -0.6097
vn 0.2400 0.3738 -0.8959
vn 0.2401 0.3738 -0.8959
vn 0.4638 0.3738 -0.8033
vn 0.2400 -0.3737 -0.8960
vn 0.2400 0.3737 -0.8960
vn 0.2401 0.3737 -0.8959
vn 0.4638 -0.3737 -0.8033
vn 0.4637 -0.3737 -0.8033
vn 0.4637 0.3737 -0.8033
vn 0.4638 0.3737 -0.8032
vn 0.6559 -0.3737 -0.6559
vn 0.4638 -0.3737 -0.8032
vn 0.6558 -0.3737 -0.6559
vn 0.4638 0.3737 -0.8033
vn 0.6558 0.3737 -0.6559
vn 0.4978 0.7101 -0.4979
vn 0.4637 0.3738 -0.8033
vn 0.4638 0.3738 -0.8032
vn 0.6559 0.3738 -0.6558
vn 0.8033 0.3737 -0.4638
vn 0.6559 -0.3737 -0.6558
vn 0.6559 0.3737 -0.6558
vn 0.6097 0.7101 -0.3520
vn 0.6558 0.3738 -0.6559
vn 0.4978 0.7102 -0.4978
vn 0.8033 0.3738 -0.4638
vn 0.8032 0.3737 -0.4638
vn 0.8033 -0.3737 -0.4638
vn 0.6801 0.7101 -0.1822
vn 0.8032 0.3738 -0.4638
vn 0.8959 0.3738 -0.2401
vn 0.8959 0.3737 -0.2401
vn 0.8033 -0.3737 -0.4637
vn 0.8033 0.3737 -0.4637
vn 0.8959 -0.3737 -0.2401
vn 0.9275 0.3737 -0.0000
vn 0.8960 -0.3737 -0.2400
vn 0.8960 0.3737 -0.2400
vn 0.8959 0.3738 -0.2400
vn 0.7041 0.7101 -0.0000
vn 0.9275 0.3738 -0.0000
vn 0.8959 0.3738 0.2401
vn 0.6801 0.7101 0.1822
vn 0.8959 0.3738 0.2400
vn 0.8959 0.3737 0.2401
vn 0.9275 -0.3737 -0.0000
vn 0.8960 0.3737 0.2400
vn 0.8960 -0.3737 0.2400
vn 0.8032 0.3738 0.4638
vn 0.8033 0.3737 0.4638
vn 0.8959 -0.3737 0.2401
vn 0.8033 0.3737 0.4637
vn 0.8033 -0.3737 0.4637
vn 0.8033 -0.3738 0.4637
vn 0.6801 -0.7101 0.1822
vn 0.8959 -0.3738 0.2401
vn 0.7041 -0.7101 -0.0000
vn 0.8959 -0.3738 0.2400
vn 0.9275 -0.3738 -0.0000
vn 0.8959 -0.3738 -0.2401
vn 0.6801 -0.7101 -0.1822
vn 0.8959 -0.3738 -0.2400
vn -0.5301 -0.6618 -0.5301
vn -0.7496 -0.6619 -0.0000
vn -0.5301 -0.6619 -0.5301
vn -0.7496 -0.6618 -0.0000
vn -0.5301 -0.6618 0.5301
vn -0.5301 -0.6619 0.5301
vn 0.4637 -0.3738 -0.8033
vn 0.4978 -0.7101 -0.4979
vn 0.3520 -0.7101 -0.6097
vn 0.2401 -0.3738 -0.8959
vn 0.4638 -0.3738 -0.8033
vn 0.1822 -0.7101 -0.6801
vn 0.4638 -0.3738 -0.8032
vn 0.6559 -0.3738 -0.6558
vn 0.6558 -0.3738 -0.6559
vn 0.6097 -0.7101 -0.3520
vn 0.4978 -0.7102 -0.4978
vn 0.8032 -0.3738 -0.4638
vn 0.8033 -0.3738 -0.4638
vn -0.0000 -0.6618 0.7496
vn -0.0000 -0.6618 -0.7496
vn 0.5301 -0.6618 -0.5301
vn -0.0000 -0.6619 -0.7496
vn 0.5300 -0.6619 -0.5301
vn 0.5301 -0.6619 -0.5300
vn 0.7496 -0.6618 -0.0000
vn 0.8032 -0.3738 0.4638
vn 0.6097 -0.7101 0.3520
vn 0.6559 -0.3737 0.6558
vn 0.4978 -0.7102 0.4978
vn 0.6559 -0.3738 0.6559
vn 0.4978 -0.7101 0.4979
vn 0.6558 0.3737 0.6559
vn 0.4638 -0.3737 0.8033
vn 0.6558 -0.3737 0.6559
vn 0.8033 -0.3737 0.4638
vn 0.6559 0.3737 0.6558
vn 0.6559 0.3737 0.6559
vn 0.4978 0.7101 0.4979
vn 0.6559 0.3738 0.6559
vn 0.6097 0.7101 0.3520
vn 0.4978 0.7102 0.4978
vn 0.4637 0.3738 0.8033
vn 0.4979 -0.7101 0.4979
vn 0.4637 -0.3738 0.8033
vn -0.1822 0.7101 0.6801
vn -0.2400 -0.3737 0.8960
vn -0.2400 0.3737 0.8960
vn -0.2401 -0.3737 0.8959
vn -0.2400 0.3738 0.8959
vn -0.8959 0.3737 0.2401
vn -0.8033 -0.3737 0.4637
vn -0.8033 0.3737 0.4637
vt 0.343750 0.025000
vt 0.593750 0.025000
vt 0.343750 0.025000
vt 0.343750 0.025000
vt 0.343750 0.025000
vt 0.343750 0.025000
vt 0.343750 0.025000
vt 0.343750 0.140434
vt 0.343750 0.025000
vt 0.343750 0.146777
vt 0.343750 0.131699
vt 0.343750 0.126704
vt 0.343750 0.136446
vt 0.343750 0.135086
vt 0.343750 0.025000
vt 0.343750 0.125000
vt 0.343750 0.125000
vt 0.343750 0.126704
vt 0.343750 0.126704
vt 0.343750 0.136446
vt 0.343750 0.025000
vt 0.343750 0.140434
vt 0.343750 0.025000
vt 0.343750 0.131699
vt 0.343750 0.146777
vt 0.343750 0.139645
vt 0.343750 0.150000
vt 0.343750 0.150000
vt 0.343750 0.155043
vt 0.343750 0.139645
vt 0.343750 0.155043
vt 0.343750 0.025000
vt 0.343750 0.164670
vt 0.343750 0.025000
vt 0.343750 0.175000
vt 0.343750 0.025000
vt 0.343750 0.162059
vt 0.343750 0.162059
vt 0.343750 0.175000
vt 0.343750 0.187941
vt 0.343750 0.175000
vt 0.343750 0.187941
vt 0.343750 0.025000
vt 0.343750 0.175000
vt 0.343750 0.025000
vt 0.343750 0.164670
vt 0.343750 0.076764
vt 0.343750 0.185330
vt 0.343750 0.125000
vt 0.343750 0.200000
vt 0.343750 0.194957
vt 0.343750 0.210355
vt 0.343750 0.203223
vt 0.343750 0.209566
vt 0.343750 0.198205
vt 0.343750 0.218301
vt 0.343750 0.223296
vt 0.343750 0.218301
vt 0.343750 0.210355
vt 0.343750 0.203223
vt 0.343750 0.200000
vt 0.343750 0.194957
vt 0.343750 0.076764
vt 0.343750 0.185330
vt 0.343750 0.125000
vt 0.343750 0.166421
vt 0.343750 0.198205
vt 0.343750 0.209566
vt 0.343750 0.109547
vt 0.343750 0.218185
vt 0.343750 0.223296
vt 0.343750 0.213554
vt 0.343750 0.225000
vt 0.343750 0.225000
vt 0.343750 0.214914
vt 0.343750 0.144568
vt 0.343750 0.218185
vt 0.343750 0.213554
vt 0.343750 0.109547
vt 0.343750 0.198205
vt 0.343750 0.209566
vt 0.343750 0.223296
vt 0.343750 0.218301
vt 0.343750 0.218301
vt 0.343750 0.223296
vt 0.343750 0.214914
vt 0.343750 0.225000
vt 0.343750 0.225000
vt 0.343750 0.209566
vt 0.343750 0.198205
vt 0.343750 0.213554
vt 0.343750 0.218185
vt 0.343750 0.025000
vt 0.343750 0.136446
vt 0.343750 0.025000
vt 0.343750 0.135086
vt 0.343750 0.140434
vt 0.343750 0.025000
vt 0.343750 0.126704
vt 0.343750 0.131699
vt 0.343750 0.131699
vt 0.343750 0.139645
vt 0.343750 0.146777
vt 0.343750 0.139645
vt 0.343750 0.155043
vt 0.343750 0.150000
vt 0.343750 0.164670
vt 0.343750 0.025000
vt 0.343750 0.150000
vt 0.343750 0.162059
vt 0.343750 0.162059
vt 0.343750 0.175000
vt 0.343750 0.025000
vt 0.343750 0.175000
vt 0.343750 0.185330
vt 0.343750 0.076764
vt 0.343750 0.187941
vt 0.343750 0.175000
vt 0.343750 0.200000
vt 0.343750 0.187941
vt 0.343750 0.200000
vt 0.343750 0.076764
vt 0.343750 0.185330
vt 0.343750 0.025000
vt 0.343750 0.175000
vt 0.343750 0.025000
vt 0.343750 0.164670
vt 0.343750 0.025000
vt 0.593750 0.078265
vt 0.343750 0.078265
vt 0.343750 0.025000
vt 0.343750 0.025000
vt 0.593750 0.025000
vt 0.343750 0.166421
vt 0.343750 0.125000
vt 0.343750 0.025000
vt 0.343750 0.025000
vt 0.343750 0.025000
vt 0.343750 0.140434
vt 0.343750 0.025000
vt 0.593750 0.025000
vt 0.343750 0.136446
vt 0.343750 0.025000
vt 0.343750 0.146777
vt 0.343750 0.155043
vt 0.593750 0.100328
vt 0.343750 0.100328
vt 0.343750 0.025000
vt 0.593750 0.025000
vt 0.343750 0.078265
vt 0.593750 0.078265
vt 0.593750 0.025000
vt 0.343750 0.025000
vt 0.343750 0.194957
vt 0.343750 0.203223
vt 0.343750 0.210355
vt 0.343750 0.210355
vt 0.343750 0.194957
vt 0.343750 0.203223
vt 0.343750 0.025000
vt 0.343750 0.125000
vt 0.343750 0.025000
vt 0.343750 0.166421
vt 0.343750 0.218185
vt 0.343750 0.213554
vt 0.343750 0.025000
vt 0.343750 0.166421
vt 0.343750 0.025000
s 0
f 134/171/255 136/173/256 133/169/257
f 135/172/258 134/171/255 133/169/257
f 137/174/259 135/172/259 133/169/259
f 138/175/259 133/169/259 136/173/259
f 137/174/259 133/169/259 138/175/259
f 138/175/259 136/173/259 139/177/259
f 140/178/260 141/179/261 138/176/262
f 142/180/263 138/176/262 141/179/264
f 138/176/262 142/180/265 143/181/266
f 143/181/266 145/184/267 144/182/268
f 145/184/267 143/181/266 142/180/263
f 147/186/269 144/182/268 145/184/267
f 148/187/270 145/184/271 142/180/272
f 145/184/271 148/187/273 146/185/274
f 146/185/274 147/186/275 145/184/271
f 149/188/276 146/185/277 148/187/278
f 148/187/279 150/190/280 149/188/276
f 150/190/280 148/187/278 151/192/281
f 142/180/282 151/192/283 148/187/273
f 141/179/284 153/194/285 151/192/283
f 151/192/286 142/180/282 141/179/287
f 151/192/288 152/193/289 150/190/280
f 152/193/290 151/192/281 153/194/291
f 153/194/292 141/179/284 157/198/293
f 153/194/285 154/195/294 155/196/295
f 154/195/294 153/194/296 157/198/297
f 153/194/298 156/197/299 152/193/300
f 156/197/299 153/194/301 155/196/302
f 158/199/303 157/198/304 140/178/260
f 141/179/264 140/178/305 157/198/306
f 157/198/306 158/199/303 154/195/307
f 159/201/308 154/195/307 158/199/303
f 160/202/259 161/204/259 159/200/259
f 161/203/309 162/205/310 159/201/308
f 154/195/307 159/201/308 162/205/310
f 162/205/311 155/196/312 154/195/313
f 155/196/295 162/205/311 163/206/314
f 164/207/315 163/206/316 162/205/317
f 162/205/318 161/203/309 164/207/319
f 165/208/320 166/209/321 164/207/315
f 161/203/309 165/208/322 164/207/319
f 163/206/314 164/207/315 166/209/321
f 168/212/323 163/206/324 166/209/325
f 167/210/326 168/212/323 166/209/325
f 166/209/321 165/208/327 167/210/328
f 163/206/329 168/212/323 169/214/330
f 170/215/331 169/213/331 168/211/331
f 168/212/323 167/210/332 170/216/333
f 171/217/331 169/213/331 170/215/331
f 172/218/334 170/216/333 167/210/332
f 170/216/333 172/218/335 173/219/336
f 174/220/337 173/219/336 172/218/335
f 173/219/336 174/220/338 175/221/339
f 175/221/340 177/224/341 176/222/342
f 177/224/343 175/221/344 174/220/345
f 178/225/346 176/222/342 177/224/343
f 179/226/347 178/225/348 177/224/349
f 177/224/350 180/227/351 179/226/352
f 180/227/353 177/224/350 174/220/354
f 181/228/355 179/226/356 180/227/357
f 180/227/358 183/230/359 181/228/360
f 172/218/361 180/227/358 174/220/338
f 180/227/351 172/218/361 182/229/362
f 183/230/359 180/227/363 182/229/364
f 182/229/364 184/232/365 183/230/359
f 161/204/259 185/233/259 184/231/259
f 165/208/366 161/203/309 184/232/365
f 184/232/365 182/229/364 165/208/366
f 161/204/259 186/234/259 185/233/259
f 136/173/259 186/234/259 161/204/259
f 136/173/259 187/235/259 186/234/259
f 188/237/259 187/235/259 136/173/259
f 188/237/259 189/238/259 187/235/259
f 190/239/367 187/236/368 191/240/369
f 187/236/368 190/239/370 179/226/356
f 179/226/371 181/228/372 187/236/368
f 191/240/369 192/241/373 190/239/370
f 192/241/373 191/240/369 193/243/374
f 194/244/259 195/245/259 193/242/259
f 189/238/259 194/244/259 193/242/259
f 195/246/375 192/241/373 193/243/374
f 196/247/259 195/245/259 194/244/259
f 196/247/259 197/248/259 195/245/259
f 197/249/376 198/250/377 195/246/375
f 192/241/373 195/246/375 198/250/378
f 200/252/379 198/250/380 199/251/381
f 198/250/378 197/249/376 199/251/382
f 198/250/380 200/252/383 201/253/384
f 201/253/385 192/241/386 198/250/387
f 204/257/388 201/253/389 200/252/390
f 202/254/391 201/253/389 205/259/392
f 201/253/393 202/254/391 203/256/394
f 192/241/386 201/253/384 203/256/395
f 201/253/393 204/257/388 205/259/392
f 204/258/331 206/261/331 205/260/331
f 205/260/331 206/261/331 207/263/331
f 205/260/331 207/263/331 202/255/331
f 206/262/396 146/185/277 207/264/397
f 202/255/331 207/263/331 149/189/331
f 146/185/277 149/188/276 207/264/397
f 208/265/398 209/267/399 206/262/396
f 204/258/331 208/266/331 206/261/331
f 146/185/277 206/262/396 209/267/400
f 209/267/400 208/265/398 211/269/401
f 147/186/402 146/185/274 209/267/403
f 209/267/404 210/268/405 147/186/275
f 210/268/406 209/267/404 211/269/407
f 211/269/408 212/270/409 210/268/410
f 212/270/411 211/269/412 214/272/413
f 213/271/414 211/269/415 208/265/398
f 211/269/416 213/271/414 214/272/417
f 216/274/418 212/270/419 214/272/420
f 215/273/421 214/272/422 213/271/423
f 214/272/417 215/273/421 216/274/424
f 212/270/409 216/274/425 218/277/426
f 217/275/427 216/274/428 215/273/421
f 216/274/428 217/275/427 219/278/429
f 219/278/430 218/277/431 216/274/432
f 218/277/426 219/278/430 220/279/433
f 221/280/434 220/279/435 219/278/436
f 219/278/437 222/282/438 221/280/439
f 222/282/438 219/278/429 217/275/427
f 224/285/440 222/282/438 223/283/441
f 217/276/331 223/284/331 222/281/331
f 222/282/438 224/285/442 221/280/439
f 224/285/443 225/286/444 221/280/434
f 225/286/444 224/285/445 227/288/446
f 223/283/441 226/287/447 224/285/440
f 226/287/448 227/288/449 224/285/443
f 227/288/449 226/287/450 228/289/451
f 228/289/452 229/291/453 227/288/454
f 230/293/455 227/288/454 229/291/453
f 227/288/456 230/293/455 225/286/457
f 229/290/259 232/296/259 230/292/259
f 220/279/458 230/293/455 231/295/459
f 232/296/259 231/294/259 230/292/259
f 230/293/455 220/279/460 225/286/457
f 233/298/461 232/296/462 196/247/463
f 232/296/259 197/248/259 196/247/259
f 232/296/464 233/298/461 241/308/464
f 232/296/259 236/302/259 197/248/259
f 232/296/462 235/300/465 234/299/466
f 240/306/259 232/296/259 234/299/259
f 235/300/465 232/296/464 241/308/464
f 232/296/259 237/303/259 236/302/259
f 232/296/259 229/290/259 237/303/259
f 231/294/259 232/296/259 238/304/259
f 238/304/259 232/296/259 239/305/259
f 239/305/259 232/296/259 240/306/259
f 233/297/259 235/301/259 241/309/259
f 210/268/467 243/312/468 240/307/469
f 240/307/469 147/186/470 210/268/471
f 240/306/259 234/299/259 242/311/259
f 147/186/269 240/307/469 242/310/472
f 243/312/468 210/268/473 212/270/474
f 212/270/475 244/313/476 243/312/477
f 218/277/478 231/295/459 244/313/476
f 244/313/476 212/270/474 218/277/479
f 242/311/259 234/299/259 135/172/259
f 144/182/268 147/186/470 242/310/472
f 242/311/259 135/172/259 144/183/259
f 246/316/480 234/299/465 235/300/466
f 235/301/259 245/314/259 246/317/259
f 235/301/259 233/297/259 245/314/259
f 246/317/259 247/319/259 134/170/259
f 134/171/255 135/172/480 246/316/258
f 234/299/466 246/316/480 135/172/258
f 246/317/259 245/314/259 247/319/259
f 194/244/481 247/318/482 245/315/483
f 247/318/482 194/244/483 188/237/484
f 136/173/256 247/318/482 188/237/485
f 247/318/482 136/173/486 248/321/256
f 134/170/259 247/319/259 248/320/259
f 136/173/486 134/171/255 248/321/256
f 245/315/481 196/247/463 194/244/483
f 196/247/461 245/315/481 233/298/463
f 231/295/459 218/277/478 220/279/458
f 229/291/453 228/289/487 249/322/488
f 249/322/488 251/324/489 250/323/490
f 251/324/491 249/322/488 228/289/487
f 199/251/382 250/323/492 251/324/491
f 252/325/493 199/251/494 251/324/495
f 228/289/496 252/325/497 251/324/489
f 199/251/494 252/325/498 200/252/383
f 254/327/499 200/252/390 252/325/500
f 252/325/498 228/289/496 226/287/448
f 253/326/501 252/325/500 226/287/447
f 252/325/497 253/326/501 254/327/502
f 200/252/503 254/327/499 204/257/388
f 226/287/447 223/283/441 253/326/501
f 250/323/504 199/251/505 197/249/376
f 220/279/433 221/280/434 225/286/444
f 223/284/331 217/276/331 255/328/331
f 223/284/331 255/328/331 256/329/331
f 256/329/331 257/330/331 258/331/331
f 256/329/331 255/328/331 257/330/331
f 258/331/331 257/330/331 208/266/331
f 258/331/331 208/266/331 204/258/331
f 259/333/506 203/256/394 202/254/391
f 203/256/394 259/333/506 178/225/346
f 190/239/507 203/256/395 178/225/508
f 203/256/395 190/239/509 192/241/386
f 202/255/331 149/189/331 259/332/331
f 259/332/331 149/189/331 150/191/331
f 259/332/331 150/191/331 176/223/331
f 176/222/342 178/225/510 259/333/506
f 194/244/259 189/238/259 188/237/259
f 178/225/348 179/226/352 190/239/509
f 182/229/362 167/210/511 165/208/320
f 167/210/511 182/229/512 172/218/513
f 176/223/331 150/191/331 260/334/331
f 176/223/331 260/334/331 261/335/331
f 261/335/331 260/334/331 262/336/331
f 261/335/331 262/336/331 171/217/331
f 171/217/331 262/336/331 169/213/331
f 169/214/330 155/196/302 163/206/329
f 155/196/302 169/214/330 156/197/299
f 139/177/259 136/173/259 161/204/259
f 139/177/259 161/204/259 160/202/259
f 135/172/259 137/174/259 144/183/259
g vehicle-monster-truck.002_Mesh
v 0.250000 0.275000 0.131126
v 0.210138 0.275000 0.147638
v 0.250000 0.312500 0.098018
v 0.313273 0.312500 0.124227
v 0.289862 0.275000 0.227362
v 0.250000 0.275000 0.243874
v 0.289862 0.275000 0.147638
v 0.306374 0.275000 0.187500
v 0.339482 0.312500 0.187500
v 0.324838 0.312500 0.057876
v 0.355837 0.312500 0.081663
v 0.379624 0.312500 0.112662
v 0.394576 0.312500 0.148761
v 0.399676 0.312500 0.187500
v 0.394576 0.312500 0.226239
v 0.355837 0.312500 0.293337
v 0.324838 0.312500 0.317124
v 0.313273 0.312500 0.250774
v 0.379624 0.312500 0.262338
v 0.288739 0.312500 0.332076
v 0.250000 0.312500 0.276982
v 0.186726 0.312500 0.250774
v 0.250000 0.312500 0.337176
v 0.211261 0.312500 0.332076
v 0.250000 0.275000 0.375000
v 0.211261 0.312500 0.332076
v 0.175162 0.312500 0.317124
v 0.201471 0.275000 0.368611
v 0.156250 0.275000 0.349880
v 0.156250 0.162500 0.349880
v 0.201471 0.162500 0.368611
v 0.211261 0.125000 0.332076
v 0.250000 0.125000 0.337176
v 0.250000 0.162500 0.375000
v 0.175162 0.125000 0.317124
v 0.211261 0.125000 0.332076
v 0.211261 0.125000 0.042924
v 0.175162 0.125000 0.057876
v 0.144163 0.125000 0.293337
v 0.144163 0.125000 0.293337
v 0.117417 0.162500 0.320083
v 0.120376 0.125000 0.262338
v 0.105424 0.125000 0.226239
v 0.087620 0.162500 0.281250
v 0.087620 0.275000 0.281250
v 0.068889 0.275000 0.236029
v 0.068889 0.162500 0.236029
v 0.062500 0.162500 0.187500
v 0.062500 0.275000 0.187500
v 0.100324 0.125000 0.187500
v 0.105424 0.125000 0.148761
v 0.068889 0.162500 0.138971
v 0.087620 0.162500 0.093750
v 0.087620 0.275000 0.093750
v 0.068889 0.275000 0.138971
v 0.105424 0.312500 0.148761
v 0.100324 0.312500 0.187500
v 0.120376 0.312500 0.112662
v 0.160518 0.312500 0.187500
v 0.144163 0.312500 0.081663
v 0.120376 0.312500 0.262338
v 0.105424 0.312500 0.226239
v 0.144163 0.312500 0.293337
v 0.120376 0.312500 0.262338
v 0.144163 0.312500 0.293337
v 0.117417 0.275000 0.320083
v 0.175162 0.312500 0.057876
v 0.186726 0.312500 0.124227
v 0.201471 0.275000 0.006389
v 0.211261 0.312500 0.042924
v 0.211261 0.312500 0.042924
v 0.144163 0.312500 0.081663
v 0.156250 0.275000 0.025120
v 0.156250 0.162500 0.025120
v 0.117417 0.275000 0.054917
v 0.201471 0.162500 0.006389
v 0.250000 0.162500 0.000000
v 0.211261 0.125000 0.042924
v 0.250000 0.125000 0.037824
v 0.288739 0.125000 0.042924
v 0.298529 0.162500 0.006389
v 0.324838 0.125000 0.057876
v 0.288739 0.125000 0.332076
v 0.324838 0.125000 0.317124
v 0.298529 0.162500 0.368611
v 0.343750 0.162500 0.349880
v 0.298529 0.275000 0.368611
v 0.343750 0.275000 0.349880
v 0.382582 0.275000 0.320083
v 0.355837 0.312500 0.293337
v 0.379624 0.312500 0.262338
v 0.412380 0.275000 0.281250
v 0.431111 0.275000 0.236029
v 0.431111 0.162500 0.236029
v 0.412380 0.162500 0.281250
v 0.394576 0.125000 0.226239
v 0.379624 0.125000 0.262338
v 0.382582 0.162500 0.320083
v 0.355837 0.125000 0.293337
v 0.379624 0.125000 0.262338
v 0.399676 0.125000 0.187500
v 0.394576 0.125000 0.148761
v 0.379624 0.125000 0.112662
v 0.431111 0.162500 0.138971
v 0.412380 0.162500 0.093750
v 0.379624 0.125000 0.112662
v 0.355837 0.125000 0.081663
v 0.382582 0.162500 0.054918
v 0.343750 0.162500 0.025120
v 0.382582 0.275000 0.054918
v 0.343750 0.275000 0.025120
v 0.412380 0.275000 0.093750
v 0.431111 0.275000 0.138971
v 0.379624 0.312500 0.112662
v 0.355837 0.312500 0.081663
v 0.437500 0.275000 0.187500
v 0.437500 0.162500 0.187500
v 0.298529 0.275000 0.006389
v 0.288739 0.312500 0.042924
v 0.250000 0.275000 0.000000
v 0.250000 0.312500 0.037824
v 0.355837 0.125000 0.293337
v 0.355837 0.125000 0.081663
v 0.117417 0.162500 0.054917
v 0.120376 0.312500 0.112662
v 0.144163 0.125000 0.081663
v 0.120376 0.125000 0.112662
v 0.193626 0.275000 0.187500
v 0.210138 0.275000 0.227362
v 0.120376 0.125000 0.112662
v 0.144163 0.125000 0.081663
v 0.120376 0.125000 0.262338
vn -0.0000 1.0000 -0.0000
vn -0.0000 0.6618 0.7496
vn 0.5301 0.6618 0.5301
vn -0.0000 0.6619 0.7496
vn -0.5301 0.6619 0.5301
vn -0.5301 0.6618 0.5301
vn -0.7496 0.6618 -0.0000
vn -0.7496 0.6619 -0.0000
vn -0.5301 0.6618 -0.5301
vn -0.5301 0.6619 -0.5301
vn -0.0000 0.6619 -0.7496
vn -0.5300 0.6619 -0.5301
vn -0.0000 0.6618 -0.7496
vn 0.5301 0.6619 -0.5301
vn -0.0000 0.3738 0.9275
vn 0.1822 0.7101 0.6801
vn -0.0000 0.7101 0.7041
vn -0.1822 0.7101 0.6801
vn -0.3520 0.7101 0.6097
vn -0.2400 0.3738 0.8959
vn -0.2401 0.3738 0.8959
vn -0.4638 0.3738 0.8033
vn -0.4637 -0.3737 0.8033
vn -0.2401 0.3737 0.8959
vn -0.4637 0.3737 0.8033
vn -0.4638 -0.3737 0.8033
vn -0.2401 -0.3737 0.8959
vn -0.2400 -0.3737 0.8960
vn -0.0000 0.3737 0.9275
vn -0.2400 0.3737 0.8960
vn -0.0000 -0.7101 0.7041
vn -0.2401 -0.3738 0.8959
vn -0.1822 -0.7101 0.6801
vn -0.2400 -0.3738 0.8959
vn -0.3520 -0.7101 0.6097
vn -0.0000 -0.3738 0.9275
vn -0.4638 -0.3738 0.8033
vn -0.0000 -0.3737 0.9275
vn -0.0000 -1.0000 -0.0000
vn -0.4637 -0.3738 0.8033
vn -0.4978 -0.7102 0.4978
vn -0.4978 -0.7101 0.4979
vn -0.6559 -0.3738 0.6559
vn -0.6559 -0.3737 0.6558
vn -0.6097 -0.7101 0.3520
vn -0.4978 -0.7101 0.4978
vn -0.6559 -0.3738 0.6558
vn -0.8032 -0.3738 0.4638
vn -0.6801 -0.7101 0.1822
vn -0.8959 0.3737 0.2401
vn -0.8033 -0.3737 0.4637
vn -0.8033 0.3737 0.4637
vn -0.6559 -0.3737 0.6559
vn -0.8033 0.3737 0.4638
vn -0.8033 -0.3737 0.4638
vn -0.8033 -0.3738 0.4637
vn -0.8959 -0.3738 0.2401
vn -0.8959 -0.3737 0.2401
vn -0.7041 -0.7101 -0.0000
vn -0.8959 -0.3738 0.2400
vn -0.9275 -0.3738 -0.0000
vn -0.9275 0.3737 -0.0000
vn -0.9275 -0.3737 -0.0000
vn -0.8960 -0.3737 0.2400
vn -0.8960 0.3737 0.2400
vn -0.8959 -0.3738 -0.2401
vn -0.6801 -0.7101 -0.1822
vn -0.8959 -0.3738 -0.2400
vn -0.8959 -0.3737 -0.2401
vn -0.8033 0.3737 -0.4637
vn -0.8033 -0.3737 -0.4637
vn -0.8033 -0.3738 -0.4637
vn -0.8033 0.3737 -0.4638
vn -0.8959 0.3737 -0.2401
vn -0.8960 0.3737 -0.2400
vn -0.8960 -0.3737 -0.2400
vn -0.6801 0.7101 -0.1822
vn -0.8032 0.3738 -0.4638
vn -0.8959 0.3738 -0.2401
vn -0.7041 0.7101 -0.0000
vn -0.8959 0.3738 -0.2400
vn -0.9275 0.3738 -0.0000
vn -0.8959 0.3738 0.2401
vn -0.6801 0.7101 0.1822
vn -0.8959 0.3738 0.2400
vn -0.8032 0.3738 0.4638
vn -0.6097 0.7101 0.3520
vn -0.6559 0.3738 0.6558
vn -0.6558 0.3738 0.6559
vn -0.4978 0.7101 0.4978
vn -0.4978 0.7101 0.4979
vn -0.6559 0.3738 0.6559
vn -0.6559 0.3737 0.6558
vn -0.6558 -0.3737 0.6559
vn -0.4638 0.3737 0.8033
vn -0.6558 0.3737 0.6559
vn -0.4978 0.7102 0.4978
vn -0.4637 0.3738 0.8033
vn -0.3520 0.7101 -0.6097
vn -0.2401 0.3738 -0.8959
vn -0.4638 0.3738 -0.8033
vn -0.2400 0.3738 -0.8959
vn -0.1822 0.7101 -0.6801
vn -0.4637 0.3738 -0.8033
vn -0.4978 0.7102 -0.4978
vn -0.4638 -0.3737 -0.8033
vn -0.6559 0.3737 -0.6559
vn -0.4638 0.3737 -0.8033
vn -0.4637 0.3737 -0.8033
vn -0.2401 -0.3737 -0.8959
vn -0.4637 -0.3737 -0.8033
vn -0.4978 0.7101 -0.4979
vn -0.6559 0.3738 -0.6559
vn -0.2401 0.3737 -0.8959
vn -0.2401 -0.3738 -0.8959
vn -0.3520 -0.7101 -0.6097
vn -0.4638 -0.3738 -0.8033
vn -0.2400 -0.3738 -0.8959
vn -0.1822 -0.7101 -0.6801
vn -0.2400 0.3737 -0.8960
vn -0.0000 -0.3737 -0.9275
vn -0.2400 -0.3737 -0.8960
vn -0.0000 -0.3738 -0.9275
vn -0.0000 -0.7101 -0.7041
vn 0.1822 -0.7101 -0.6801
vn 0.2401 -0.3738 -0.8959
vn 0.2400 -0.3738 -0.8959
vn 0.3520 -0.7101 -0.6097
vn 0.3520 -0.7101 0.6097
vn 0.2400 -0.3738 0.8959
vn 0.1822 -0.7101 0.6801
vn 0.2401 -0.3738 0.8959
vn 0.2400 0.3737 0.8960
vn 0.2400 -0.3737 0.8960
vn 0.4638 -0.3738 0.8033
vn 0.4637 0.3737 0.8033
vn 0.2401 -0.3737 0.8959
vn 0.4637 -0.3737 0.8033
vn 0.4638 0.3737 0.8033
vn 0.2401 0.3737 0.8959
vn 0.4637 0.3738 0.8033
vn 0.4979 0.7101 0.4979
vn 0.3520 0.7101 0.6097
vn 0.2401 0.3738 0.8959
vn 0.4638 0.3738 0.8033
vn 0.4638 -0.3737 0.8033
vn 0.6559 0.3737 0.6559
vn 0.4978 0.7101 0.4979
vn 0.6559 0.3738 0.6559
vn 0.6559 0.3737 0.6558
vn 0.6097 0.7101 0.3520
vn 0.4978 0.7102 0.4978
vn 0.8032 0.3738 0.4638
vn 0.6801 0.7101 0.1822
vn 0.8033 0.3737 0.4638
vn 0.8959 -0.3737 0.2401
vn 0.8959 0.3737 0.2401
vn 0.8959 0.3738 0.2401
vn 0.8033 -0.3737 0.4638
vn 0.8033 0.3737 0.4637
vn 0.8033 -0.3737 0.4637
vn 0.6801 -0.7101 0.1822
vn 0.8032 -0.3738 0.4638
vn 0.6097 -0.7101 0.3520
vn 0.8959 -0.3738 0.2401
vn 0.6559 -0.3738 0.6559
vn 0.6559 -0.3737 0.6558
vn 0.4978 -0.7102 0.4978
vn 0.4978 -0.7101 0.4979
vn 0.6558 0.3737 0.6559
vn 0.6558 -0.3737 0.6559
vn 0.4979 -0.7101 0.4979
vn 0.4637 -0.3738 0.8033
vn 0.7041 -0.7101 -0.0000
vn 0.8959 -0.3738 -0.2401
vn 0.6801 -0.7101 -0.1822
vn 0.8032 -0.3738 -0.4638
vn 0.6097 -0.7101 -0.3520
vn 0.6559 -0.3738 -0.6558
vn 0.8033 -0.3738 -0.4638
vn 0.6558 -0.3738 -0.6559
vn 0.4978 -0.7102 -0.4978
vn 0.4978 -0.7101 -0.4979
vn 0.4638 -0.3738 -0.8032
vn 0.4638 0.3737 -0.8032
vn 0.6559 -0.3737 -0.6559
vn 0.4638 -0.3737 -0.8032
vn 0.8033 0.3737 -0.4638
vn 0.6559 -0.3737 -0.6558
vn 0.6559 0.3737 -0.6558
vn 0.6558 -0.3737 -0.6559
vn 0.4638 0.3737 -0.8033
vn 0.6558 0.3737 -0.6559
vn 0.8032 0.3737 -0.4638
vn 0.8033 -0.3737 -0.4638
vn 0.6559 0.3738 -0.6558
vn 0.6097 0.7101 -0.3520
vn 0.8033 0.3738 -0.4638
vn 0.8959 0.3737 -0.2401
vn 0.8033 -0.3737 -0.4637
vn 0.8033 0.3737 -0.4637
vn 0.8032 0.3738 -0.4638
vn 0.6801 0.7101 -0.1822
vn 0.8959 0.3738 -0.2401
vn 0.4978 0.7102 -0.4978
vn 0.4638 0.3738 -0.8032
vn 0.4978 0.7101 -0.4979
vn 0.4637 0.3738 -0.8033
vn 0.3520 0.7101 -0.6097
vn 0.8959 -0.3737 -0.2401
vn 0.9275 0.3737 -0.0000
vn 0.8960 -0.3737 -0.2400
vn 0.8960 0.3737 -0.2400
vn 0.7041 0.7101 -0.0000
vn 0.8959 0.3738 -0.2400
vn 0.9275 0.3738 -0.0000
vn 0.9275 -0.3737 -0.0000
vn 0.8959 0.3738 0.2400
vn 0.8959 -0.3738 0.2400
vn 0.9275 -0.3738 -0.0000
vn 0.8960 0.3737 0.2400
vn 0.8960 -0.3737 0.2400
vn 0.8959 -0.3738 -0.2400
vn 0.2401 0.3738 -0.8959
vn 0.4638 0.3738 -0.8033
vn 0.4637 -0.3737 -0.8033
vn 0.2401 0.3737 -0.8959
vn 0.4637 0.3737 -0.8033
vn 0.2400 0.3738 -0.8959
vn 0.1822 0.7101 -0.6801
vn -0.0000 0.3738 -0.9275
vn 0.2400 -0.3737 -0.8960
vn -0.0000 0.3737 -0.9275
vn 0.2400 0.3737 -0.8960
vn 0.4638 -0.3737 -0.8033
vn 0.2401 -0.3737 -0.8959
vn -0.0000 0.7101 -0.7041
vn 0.4638 -0.3738 -0.8033
vn 0.4637 -0.3738 -0.8033
vn 0.2400 0.3738 0.8959
vn -0.8033 -0.3737 -0.4638
vn -0.6097 0.7101 -0.3520
vn -0.6559 0.3738 -0.6558
vn -0.6558 0.3738 -0.6559
vn -0.4978 0.7101 -0.4978
vn -0.6558 0.3737 -0.6559
vn -0.6558 -0.3737 -0.6559
vn -0.6559 0.3737 -0.6558
vn -0.6559 -0.3737 -0.6558
vn -0.4978 -0.7101 -0.4979
vn -0.6559 -0.3738 -0.6559
vn -0.6097 -0.7101 -0.3520
vn -0.6558 -0.3738 -0.6559
vn -0.4978 -0.7101 -0.4978
vn -0.6559 -0.3738 -0.6558
vn -0.8032 -0.3738 -0.4638
vn -0.4978 -0.7102 -0.4978
vn -0.4637 -0.3738 -0.8033
vn 0.5301 0.6619 0.5301
vn 0.7496 0.6619 -0.0000
vn 0.7496 0.6618 -0.0000
vn 0.5301 0.6618 -0.5301
vn 0.5301 0.6619 -0.5300
vt 0.343750 0.025000
vt 0.593750 0.025000
vt 0.343750 0.025000
vt 0.593750 0.025000
vt 0.343750 0.025000
vt 0.343750 0.025000
vt 0.593750 0.078265
vt 0.343750 0.078265
vt 0.343750 0.100328
vt 0.593750 0.100328
vt 0.593750 0.025000
vt 0.343750 0.025000
vt 0.593750 0.025000
vt 0.343750 0.025000
vt 0.343750 0.025000
vt 0.343750 0.140434
vt 0.343750 0.025000
vt 0.343750 0.025000
vt 0.343750 0.025000
vt 0.343750 0.025000
vt 0.343750 0.164670
vt 0.343750 0.025000
vt 0.343750 0.175000
vt 0.343750 0.076764
vt 0.343750 0.185330
vt 0.343750 0.166421
vt 0.343750 0.198205
vt 0.343750 0.209566
vt 0.343750 0.109547
vt 0.343750 0.125000
vt 0.343750 0.218185
vt 0.343750 0.213554
vt 0.343750 0.144568
vt 0.343750 0.109547
vt 0.343750 0.225000
vt 0.343750 0.214914
vt 0.343750 0.218185
vt 0.343750 0.225000
vt 0.343750 0.213554
vt 0.343750 0.209566
vt 0.343750 0.198205
vt 0.343750 0.223296
vt 0.343750 0.218301
vt 0.343750 0.218301
vt 0.343750 0.223296
vt 0.343750 0.213554
vt 0.343750 0.225000
vt 0.343750 0.214914
vt 0.343750 0.225000
vt 0.343750 0.198205
vt 0.343750 0.209566
vt 0.343750 0.218185
vt 0.343750 0.025000
vt 0.343750 0.140434
vt 0.343750 0.025000
vt 0.343750 0.166421
vt 0.343750 0.203223
vt 0.343750 0.210355
vt 0.343750 0.194957
vt 0.343750 0.185330
vt 0.343750 0.076764
vt 0.343750 0.200000
vt 0.343750 0.200000
vt 0.343750 0.187941
vt 0.343750 0.187941
vt 0.343750 0.175000
vt 0.343750 0.175000
vt 0.343750 0.025000
vt 0.343750 0.175000
vt 0.343750 0.164670
vt 0.343750 0.025000
vt 0.343750 0.162059
vt 0.343750 0.150000
vt 0.343750 0.150000
vt 0.343750 0.162059
vt 0.343750 0.025000
vt 0.343750 0.164670
vt 0.343750 0.025000
vt 0.343750 0.175000
vt 0.343750 0.025000
vt 0.343750 0.025000
vt 0.343750 0.025000
vt 0.343750 0.125000
vt 0.343750 0.076764
vt 0.343750 0.185330
vt 0.343750 0.166421
vt 0.343750 0.194957
vt 0.343750 0.203223
vt 0.343750 0.210355
vt 0.343750 0.025000
vt 0.343750 0.140434
vt 0.343750 0.025000
vt 0.343750 0.126704
vt 0.343750 0.136446
vt 0.343750 0.025000
vt 0.343750 0.146777
vt 0.343750 0.131699
vt 0.343750 0.131699
vt 0.343750 0.139645
vt 0.343750 0.126704
vt 0.343750 0.125000
vt 0.343750 0.136446
vt 0.343750 0.135086
vt 0.343750 0.025000
vt 0.343750 0.136446
vt 0.343750 0.025000
vt 0.343750 0.126704
vt 0.343750 0.140434
vt 0.343750 0.025000
vt 0.343750 0.218185
vt 0.343750 0.213554
vt 0.343750 0.209566
vt 0.343750 0.198205
vt 0.343750 0.223296
vt 0.343750 0.218301
vt 0.343750 0.223296
vt 0.343750 0.218301
vt 0.343750 0.210355
vt 0.343750 0.203223
vt 0.343750 0.194957
vt 0.343750 0.200000
vt 0.343750 0.187941
vt 0.343750 0.187941
vt 0.343750 0.200000
vt 0.343750 0.185330
vt 0.343750 0.076764
vt 0.343750 0.194957
vt 0.343750 0.210355
vt 0.343750 0.203223
vt 0.343750 0.125000
vt 0.343750 0.025000
vt 0.343750 0.175000
vt 0.343750 0.025000
vt 0.343750 0.164670
vt 0.343750 0.025000
vt 0.343750 0.162059
vt 0.343750 0.150000
vt 0.343750 0.155043
vt 0.343750 0.146777
vt 0.343750 0.139645
vt 0.343750 0.131699
vt 0.343750 0.139645
vt 0.343750 0.131699
vt 0.343750 0.150000
vt 0.343750 0.162059
vt 0.343750 0.155043
vt 0.343750 0.146777
vt 0.343750 0.175000
vt 0.343750 0.175000
vt 0.343750 0.126704
vt 0.343750 0.136446
vt 0.343750 0.025000
vt 0.343750 0.125000
vt 0.343750 0.135086
vt 0.343750 0.025000
vt 0.343750 0.166421
vt 0.343750 0.025000
vt 0.343750 0.139645
vt 0.343750 0.155043
vt 0.343750 0.146777
vt 0.343750 0.155043
vt 0.343750 0.025000
vt 0.593750 0.025000
vt 0.343750 0.078265
vt 0.593750 0.078265
vt 0.343750 0.025000
vt 0.343750 0.025000
vt 0.343750 0.125000
s 0
f 268/346/514 263/338/514 264/340/514
f 265/341/515 264/339/516 263/337/517
f 263/337/515 266/342/518 265/341/517
f 266/342/519 263/337/515 269/348/518
f 267/343/514 263/338/514 268/346/514
f 267/343/514 269/347/514 263/338/514
f 269/347/514 267/343/514 270/349/514
f 271/351/520 269/348/519 270/350/520
f 269/348/519 271/351/521 266/342/518
f 271/351/514 272/353/514 266/342/514
f 267/344/522 271/351/520 270/350/520
f 271/351/514 273/354/514 272/353/514
f 271/351/514 274/355/514 273/354/514
f 271/351/514 275/356/514 274/355/514
f 275/356/514 271/351/514 276/358/514
f 271/351/514 277/360/514 276/358/514
f 277/360/514 271/351/514 281/366/514
f 278/362/514 271/351/514 279/363/514
f 281/366/514 271/351/514 278/362/514
f 279/363/514 271/351/514 280/365/514
f 271/351/521 267/344/522 280/365/523
f 279/363/514 280/365/514 282/367/514
f 282/367/514 280/365/514 283/369/514
f 267/344/522 283/369/524 280/365/525
f 282/367/514 283/369/514 285/371/514
f 268/345/526 284/370/527 283/369/524
f 284/370/514 285/371/514 283/369/514
f 283/369/526 267/344/522 268/345/526
f 287/374/528 282/368/529 285/372/530
f 285/371/514 284/370/514 286/373/514
f 288/375/531 287/374/528 285/372/530
f 289/376/532 290/378/533 288/375/531
f 287/374/528 288/375/531 290/378/534
f 290/378/534 289/376/532 291/379/535
f 292/380/536 290/378/537 291/379/538
f 290/378/537 292/380/539 293/381/540
f 293/381/541 287/374/542 290/378/543
f 295/384/544 293/381/545 294/382/546
f 293/381/547 297/387/548 294/382/546
f 293/381/547 295/384/544 296/385/549
f 297/387/548 293/381/545 292/380/550
f 287/374/542 293/381/540 296/385/551
f 299/389/552 298/388/552 297/386/552
f 299/389/552 297/386/552 300/391/552
f 300/391/552 297/386/552 301/392/552
f 292/380/553 302/393/554 297/387/548
f 302/393/555 292/380/550 303/394/556
f 303/394/557 304/395/558 302/393/559
f 304/395/558 303/394/560 306/398/561
f 306/398/561 305/396/562 304/395/558
f 308/400/563 306/398/564 307/399/565
f 303/394/566 307/399/567 306/398/568
f 305/396/562 306/398/569 309/401/570
f 306/398/568 308/400/563 309/401/571
f 312/405/572 309/401/573 310/402/574
f 309/401/571 311/403/575 310/402/576
f 309/401/570 312/405/572 305/396/562
f 311/403/575 309/401/577 308/400/578
f 313/407/552 305/397/552 312/404/552
f 312/405/572 314/408/579 313/406/580
f 314/408/581 312/405/572 310/402/574
f 314/408/582 316/410/583 315/409/584
f 315/409/585 313/406/580 314/408/579
f 316/410/586 314/408/582 317/411/587
f 310/402/576 317/411/588 314/408/589
f 318/413/590 316/410/591 317/411/592
f 317/411/587 310/402/576 311/403/575
f 319/415/593 317/411/594 311/403/595
f 317/411/592 319/415/593 318/413/590
f 319/414/514 320/416/514 318/412/514
f 319/414/514 322/418/514 320/416/514
f 325/422/514 321/417/514 319/414/514
f 321/417/514 322/418/514 319/414/514
f 323/419/514 319/414/514 324/420/514
f 325/422/514 319/414/514 323/419/514
f 319/415/593 308/400/596 324/421/597
f 308/400/598 319/415/593 311/403/595
f 289/377/514 321/417/514 325/422/514
f 324/421/597 307/399/599 326/423/600
f 307/399/599 324/421/597 308/400/596
f 328/425/601 326/423/600 307/399/599
f 326/423/600 328/425/602 327/424/603
f 291/379/535 327/424/604 328/425/605
f 307/399/567 303/394/557 328/425/606
f 303/394/607 291/379/608 328/425/609
f 327/424/610 291/379/611 289/376/532
f 321/417/514 329/426/514 322/418/514
f 330/428/514 333/431/514 329/426/514
f 330/428/514 329/426/514 321/417/514
f 329/427/612 331/429/613 335/433/614
f 331/429/615 329/427/612 332/430/616
f 335/433/617 334/432/618 329/427/612
f 336/434/619 337/435/620 335/433/621
f 335/433/622 338/436/623 336/434/624
f 334/432/625 335/433/614 337/435/626
f 338/436/623 335/433/621 331/429/627
f 338/436/628 300/390/629 336/434/630
f 300/390/629 338/436/631 340/438/632
f 331/429/633 339/437/634 338/436/635
f 339/437/636 340/438/632 338/436/628
f 340/438/632 339/437/636 341/439/637
f 339/437/636 342/441/638 341/439/637
f 342/442/552 295/383/552 341/440/552
f 341/440/552 295/383/552 298/388/552
f 341/440/552 298/388/552 299/389/552
f 342/442/552 345/446/552 295/383/552
f 342/441/638 339/437/636 343/443/639
f 343/443/640 344/444/641 342/441/638
f 344/445/552 345/446/552 342/442/552
f 346/448/642 347/450/643 345/447/644
f 344/445/552 346/449/552 345/446/552
f 345/447/644 296/385/549 295/384/544
f 296/385/549 345/447/644 347/450/645
f 349/452/646 296/385/551 347/450/647
f 347/450/645 346/448/642 348/451/648
f 350/453/649 347/450/650 348/451/651
f 347/450/650 350/453/652 349/452/653
f 350/453/654 352/455/655 279/364/656
f 279/364/656 349/452/657 350/453/658
f 348/451/659 351/454/660 350/453/652
f 352/455/661 350/453/658 351/454/662
f 351/454/663 353/456/664 352/455/665
f 353/456/664 351/454/662 354/457/666
f 354/457/666 277/361/667 353/456/664
f 354/457/668 356/459/669 355/458/670
f 277/361/667 354/457/666 355/458/671
f 351/454/660 357/460/672 354/457/668
f 356/459/669 354/457/673 357/460/674
f 358/461/675 357/460/676 359/463/677
f 357/460/676 358/461/675 356/459/678
f 360/464/679 359/463/677 357/460/676
f 357/460/672 351/454/663 360/464/680
f 359/463/677 360/464/680 361/465/681
f 348/451/648 361/465/682 360/464/679
f 351/454/683 348/451/659 360/464/684
f 361/465/685 348/451/686 346/448/642
f 364/469/552 358/462/552 362/466/552
f 363/468/687 356/459/678 358/461/675
f 358/462/552 364/469/552 363/467/552
f 366/472/688 363/468/687 364/470/689
f 364/469/552 362/466/552 365/471/552
f 364/470/689 367/473/690 366/472/688
f 367/473/690 364/470/689 368/474/691
f 368/474/691 370/476/692 367/473/693
f 370/476/694 368/474/691 369/475/695
f 369/475/696 371/477/697 370/476/692
f 373/479/698 370/476/699 371/477/700
f 374/480/701 370/476/702 372/478/703
f 370/476/704 373/479/705 372/478/706
f 370/476/699 374/480/707 367/473/708
f 372/478/709 376/482/710 374/480/711
f 375/481/712 367/473/713 374/480/714
f 374/480/715 275/357/716 375/481/717
f 275/357/716 374/480/715 376/482/710
f 376/482/710 372/478/703 377/483/718
f 373/479/719 377/483/720 372/478/709
f 377/483/720 373/479/721 272/352/722
f 367/473/708 375/481/712 366/472/723
f 378/484/724 366/472/725 375/481/726
f 276/359/727 375/481/717 275/357/716
f 375/481/728 276/359/727 378/484/729
f 355/458/670 379/485/730 378/484/724
f 276/359/727 355/458/731 378/484/729
f 366/472/723 378/484/724 379/485/730
f 356/459/732 363/468/687 379/485/733
f 379/485/730 355/458/734 356/459/735
f 363/468/687 366/472/736 379/485/733
f 380/486/737 272/352/722 373/479/738
f 371/477/739 380/486/740 373/479/741
f 272/352/722 380/486/742 381/487/743
f 382/489/744 381/487/743 380/486/737
f 343/443/745 382/489/746 380/486/747
f 380/486/740 371/477/748 343/443/749
f 331/429/615 383/490/750 382/489/744
f 381/487/743 382/489/744 383/490/750
f 382/489/746 343/443/749 339/437/634
f 339/437/634 331/429/627 382/489/746
f 265/341/514 381/488/514 383/491/514
f 383/491/514 330/428/514 265/341/514
f 383/490/750 331/429/613 332/430/616
f 330/428/514 383/491/514 333/431/514
f 266/342/514 381/488/514 265/341/514
f 266/342/514 272/353/514 381/488/514
f 344/444/641 343/443/639 371/477/751
f 371/477/752 369/475/696 344/444/641
f 365/471/552 362/466/552 384/492/552
f 365/471/552 384/492/552 385/493/552
f 385/493/552 384/492/552 346/449/552
f 385/493/552 346/449/552 344/445/552
f 355/458/671 276/359/727 277/361/667
f 349/452/753 279/364/656 282/368/529
f 296/385/551 349/452/653 287/374/542
f 282/368/529 287/374/528 349/452/657
f 337/435/620 315/409/754 316/410/586
f 387/495/755 337/435/756 316/410/591
f 337/435/757 387/495/755 334/432/758
f 337/435/759 336/434/619 386/494/760
f 315/409/754 337/435/761 386/494/762
f 316/410/591 318/413/590 387/495/755
f 336/434/630 388/496/763 386/494/764
f 389/497/765 386/494/766 388/496/767
f 386/494/768 389/497/765 315/409/769
f 313/406/580 315/409/769 389/497/765
f 388/496/770 336/434/771 300/390/629
f 264/339/516 265/341/517 330/428/772
f 321/417/773 264/339/516 330/428/772
f 264/339/516 321/417/774 390/498/773
f 321/417/774 391/500/775 390/498/773
f 391/500/775 321/417/773 284/370/776
f 289/377/514 284/370/514 321/417/514
f 391/501/514 264/340/514 390/499/514
f 284/370/775 268/345/526 391/500/527
f 268/346/514 264/340/514 391/501/514
f 392/502/552 305/397/552 313/407/552
f 393/503/552 394/504/552 392/502/552
f 392/502/552 394/504/552 305/397/552
f 393/503/552 301/392/552 394/504/552
f 300/391/552 301/392/552 393/503/552
f 291/379/608 303/394/566 292/380/539
f 286/373/514 284/370/514 289/377/514
g vehicle-monster-truck.003_Mesh
v -0.313273 -0.312500 0.124226
v -0.289862 -0.275000 0.147638
v -0.250000 -0.312500 0.098018
v -0.339482 -0.312500 0.187500
v -0.288739 -0.312500 0.042924
v -0.324838 -0.312500 0.057876
v -0.355837 -0.312500 0.081663
v -0.355837 -0.312500 0.081663
v -0.343750 -0.275000 0.025120
v -0.298529 -0.275000 0.006389
v -0.250000 -0.275000 -0.000000
v -0.298529 -0.162500 0.006389
v -0.343750 -0.162500 0.025120
v -0.324838 -0.125000 0.057876
v -0.382582 -0.162500 0.054917
v -0.355837 -0.125000 0.081663
v -0.379624 -0.125000 0.112662
v -0.412380 -0.162500 0.093750
v -0.394576 -0.125000 0.148761
v -0.379624 -0.125000 0.112662
v -0.379624 -0.125000 0.262338
v -0.394576 -0.125000 0.226239
v -0.399676 -0.125000 0.187500
v -0.431111 -0.162500 0.138971
v -0.431111 -0.275000 0.138971
v -0.437500 -0.275000 0.187500
v -0.437500 -0.162500 0.187500
v -0.431111 -0.275000 0.236029
v -0.431111 -0.162500 0.236029
v -0.412380 -0.275000 0.281250
v -0.412380 -0.162500 0.281250
v -0.382583 -0.275000 0.320082
v -0.382583 -0.162500 0.320082
v -0.379624 -0.125000 0.262338
v -0.355837 -0.125000 0.293337
v -0.324838 -0.125000 0.317124
v -0.343750 -0.162500 0.349880
v -0.343750 -0.275000 0.349880
v -0.298529 -0.162500 0.368611
v -0.298529 -0.275000 0.368611
v -0.288739 -0.125000 0.332076
v -0.250000 -0.162500 0.375000
v -0.201471 -0.162500 0.368611
v -0.250000 -0.275000 0.375000
v -0.250000 -0.125000 0.337176
v -0.211261 -0.125000 0.332076
v -0.250000 -0.125000 0.037824
v -0.288739 -0.125000 0.042924
v -0.211261 -0.125000 0.332076
v -0.175162 -0.125000 0.317124
v -0.144163 -0.125000 0.293337
v -0.175162 -0.125000 0.057876
v -0.211261 -0.125000 0.042924
v -0.144163 -0.125000 0.293337
v -0.156250 -0.162500 0.349880
v -0.156250 -0.275000 0.349880
v -0.117418 -0.162500 0.320082
v -0.201471 -0.275000 0.368611
v -0.175162 -0.312500 0.317124
v -0.211261 -0.312500 0.332076
v -0.250000 -0.312500 0.337176
v -0.288739 -0.312500 0.332076
v -0.211261 -0.312500 0.332076
v -0.250000 -0.312500 0.276982
v -0.313274 -0.312500 0.250773
v -0.186727 -0.312500 0.250773
v -0.250000 -0.275000 0.243874
v -0.289862 -0.275000 0.227362
v -0.250000 -0.275000 0.131126
v -0.306374 -0.275000 0.187500
v -0.186726 -0.312500 0.124226
v -0.210138 -0.275000 0.147638
v -0.210138 -0.275000 0.227362
v -0.160518 -0.312500 0.187500
v -0.193626 -0.275000 0.187500
v -0.144163 -0.312500 0.293337
v -0.120376 -0.312500 0.262338
v -0.105424 -0.312500 0.226239
v -0.100324 -0.312500 0.187500
v -0.105424 -0.312500 0.148761
v -0.120376 -0.312500 0.112662
v -0.144163 -0.312500 0.081663
v -0.175162 -0.312500 0.057876
v -0.211261 -0.312500 0.042924
v -0.144163 -0.312500 0.081663
v -0.201471 -0.275000 0.006389
v -0.211261 -0.312500 0.042924
v -0.156250 -0.275000 0.025120
v -0.201471 -0.162500 0.006389
v -0.156250 -0.162500 0.025120
v -0.117417 -0.275000 0.054917
v -0.120376 -0.312500 0.112662
v -0.087620 -0.275000 0.093750
v -0.117417 -0.162500 0.054917
v -0.087620 -0.162500 0.093750
v -0.120376 -0.125000 0.112662
v -0.105424 -0.125000 0.148761
v -0.068889 -0.162500 0.138971
v -0.100324 -0.125000 0.187500
v -0.068889 -0.275000 0.138971
v -0.062500 -0.162500 0.187500
v -0.068889 -0.162500 0.236029
v -0.062500 -0.275000 0.187500
v -0.068889 -0.275000 0.236029
v -0.087620 -0.162500 0.281250
v -0.087620 -0.275000 0.281250
v -0.117418 -0.275000 0.320082
v -0.120376 -0.312500 0.262338
v -0.144163 -0.312500 0.293337
v -0.120376 -0.125000 0.262338
v -0.105424 -0.125000 0.226239
v -0.120376 -0.125000 0.112662
v -0.120376 -0.125000 0.262338
v -0.144163 -0.125000 0.081663
v -0.144163 -0.125000 0.081663
v -0.250000 -0.162500 -0.000000
v -0.211261 -0.125000 0.042924
v -0.250000 -0.312500 0.037824
v -0.324838 -0.312500 0.317124
v -0.355837 -0.312500 0.293337
v -0.355837 -0.312500 0.293337
v -0.379624 -0.312500 0.262338
v -0.394576 -0.312500 0.226239
v -0.379624 -0.312500 0.262338
v -0.399676 -0.312500 0.187500
v -0.379624 -0.312500 0.112662
v -0.394576 -0.312500 0.148761
v -0.412380 -0.275000 0.093750
v -0.379624 -0.312500 0.112662
v -0.382582 -0.275000 0.054917
v -0.355837 -0.125000 0.081663
v -0.355837 -0.125000 0.293337
vn 0.5301 -0.6618 0.5301
vn 0.7496 -0.6619 -0.0000
vn 0.5301 -0.6619 0.5301
vn -0.0000 -0.6619 0.7496
vn -0.0000 -1.0000 -0.0000
vn -0.3520 -0.7101 -0.6097
vn -0.2400 -0.3738 -0.8959
vn -0.1822 -0.7101 -0.6801
vn -0.4978 -0.7101 -0.4979
vn -0.4637 -0.3738 -0.8033
vn -0.2401 -0.3738 -0.8959
vn -0.4638 -0.3738 -0.8033
vn -0.0000 -0.3738 -0.9275
vn -0.2400 0.3737 -0.8960
vn -0.0000 -0.3737 -0.9275
vn -0.2400 -0.3737 -0.8960
vn -0.2401 -0.3737 -0.8959
vn -0.4638 0.3737 -0.8033
vn -0.2401 0.3737 -0.8959
vn -0.4637 0.3737 -0.8033
vn -0.4637 -0.3737 -0.8033
vn -0.3520 0.7101 -0.6097
vn -0.2401 0.3738 -0.8959
vn -0.4638 0.3738 -0.8033
vn -0.4637 0.3738 -0.8033
vn -0.4978 0.7101 -0.4979
vn -0.6559 0.3738 -0.6559
vn -0.4638 -0.3737 -0.8033
vn -0.6559 0.3737 -0.6559
vn -0.6558 0.3738 -0.6559
vn -0.6097 0.7101 -0.3520
vn -0.4978 0.7102 -0.4978
vn -0.8032 0.3738 -0.4638
vn -0.6801 0.7101 -0.1822
vn -0.0000 1.0000 -0.0000
vn -0.8959 0.3738 -0.2401
vn -0.7041 0.7101 -0.0000
vn -0.8033 0.3737 -0.4638
vn -0.8959 -0.3737 -0.2401
vn -0.8959 0.3737 -0.2401
vn -0.9275 -0.3737 -0.0000
vn -0.8960 0.3737 -0.2400
vn -0.8960 -0.3737 -0.2400
vn -0.8959 0.3738 -0.2400
vn -0.9275 0.3738 -0.0000
vn -0.9275 0.3737 -0.0000
vn -0.8959 0.3738 0.2400
vn -0.8960 -0.3737 0.2400
vn -0.8960 0.3737 0.2400
vn -0.8959 -0.3737 0.2401
vn -0.8959 0.3738 0.2401
vn -0.6801 0.7101 0.1822
vn -0.8032 0.3738 0.4638
vn -0.8033 -0.3737 0.4638
vn -0.8959 0.3737 0.2401
vn -0.8033 -0.3737 0.4637
vn -0.8033 0.3737 0.4637
vn -0.6097 0.7101 0.3520
vn -0.8033 0.3737 0.4638
vn -0.6559 -0.3737 0.6558
vn -0.6559 0.3737 0.6558
vn -0.6559 -0.3737 0.6559
vn -0.6559 0.3738 0.6559
vn -0.4978 0.7102 0.4978
vn -0.4979 0.7101 0.4979
vn -0.4637 0.3738 0.8033
vn -0.3520 0.7101 0.6097
vn -0.4638 0.3738 0.8033
vn -0.4978 0.7101 0.4979
vn -0.4638 0.3737 0.8033
vn -0.4638 -0.3737 0.8033
vn -0.4637 -0.3737 0.8033
vn -0.2401 0.3737 0.8959
vn -0.4637 0.3737 0.8033
vn -0.6558 -0.3737 0.6559
vn -0.6558 0.3737 0.6559
vn -0.2401 0.3738 0.8959
vn -0.2401 -0.3737 0.8959
vn -0.2400 -0.3737 0.8960
vn -0.0000 0.3737 0.9275
vn -0.2400 0.3737 0.8960
vn -0.2400 0.3738 0.8959
vn -0.1822 0.7101 0.6801
vn -0.0000 0.3738 0.9275
vn -0.0000 -0.3737 0.9275
vn 0.2400 0.3738 0.8959
vn -0.0000 0.7101 0.7041
vn 0.2401 0.3737 0.8959
vn 0.2401 0.3738 0.8959
vn 0.1822 0.7101 0.6801
vn 0.3520 0.7101 0.6097
vn 0.4637 0.3738 0.8033
vn 0.4978 0.7102 0.4978
vn 0.4638 0.3738 0.8033
vn 0.4637 0.3737 0.8033
vn 0.2401 -0.3737 0.8959
vn 0.4637 -0.3737 0.8033
vn 0.4638 -0.3737 0.8032
vn 0.6559 0.3737 0.6559
vn 0.4638 0.3737 0.8033
vn 0.4978 0.7101 0.4979
vn 0.4638 0.3738 0.8032
vn 0.6559 0.3738 0.6558
vn -0.0000 -0.3738 0.9275
vn 0.1822 -0.7101 0.6801
vn 0.2401 -0.3738 0.8959
vn 0.2400 0.3737 0.8960
vn 0.2400 -0.3737 0.8960
vn 0.3520 -0.7101 0.6097
vn 0.4638 -0.3738 0.8033
vn 0.2400 -0.3738 0.8959
vn -0.0000 -0.7101 0.7041
vn -0.1822 -0.7101 0.6801
vn 0.5301 -0.6618 -0.5301
vn -0.0000 -0.6619 -0.7496
vn 0.5301 -0.6619 -0.5301
vn -0.0000 -0.6618 -0.7496
vn -0.5301 -0.6619 -0.5301
vn 0.7496 -0.6618 -0.0000
vn -0.0000 -0.6618 0.7496
vn -0.5301 -0.6619 0.5301
vn -0.5301 -0.6618 0.5301
vn -0.7496 -0.6618 -0.0000
vn -0.7496 -0.6619 -0.0000
vn -0.5301 -0.6619 0.5300
vn -0.5301 -0.6618 -0.5301
vn 0.4637 -0.3738 -0.8033
vn 0.4978 -0.7102 -0.4978
vn 0.3520 -0.7101 -0.6097
vn 0.2401 -0.3738 -0.8959
vn 0.4638 -0.3738 -0.8033
vn 0.2400 -0.3738 -0.8959
vn 0.1822 -0.7101 -0.6801
vn 0.2401 0.3737 -0.8959
vn 0.4638 -0.3737 -0.8033
vn 0.2401 -0.3737 -0.8959
vn 0.4637 -0.3737 -0.8033
vn 0.4637 0.3737 -0.8033
vn 0.4978 -0.7101 -0.4979
vn 0.6559 -0.3738 -0.6559
vn 0.4638 0.3737 -0.8033
vn 0.6559 -0.3737 -0.6559
vn 0.6097 -0.7101 -0.3520
vn 0.6559 -0.3738 -0.6558
vn 0.8032 -0.3738 -0.4638
vn 0.6558 -0.3738 -0.6559
vn 0.4978 -0.7101 -0.4978
vn 0.8033 0.3737 -0.4638
vn 0.8033 -0.3737 -0.4638
vn 0.6558 -0.3737 -0.6559
vn 0.6558 0.3737 -0.6559
vn 0.6559 -0.3737 -0.6558
vn 0.6559 0.3737 -0.6558
vn 0.6559 0.3738 -0.6558
vn 0.6097 0.7101 -0.3520
vn 0.8032 0.3738 -0.4638
vn 0.6801 0.7101 -0.1822
vn 0.8959 0.3737 -0.2401
vn 0.8033 -0.3737 -0.4637
vn 0.8033 0.3737 -0.4637
vn 0.8033 0.3738 -0.4637
vn 0.8959 0.3738 -0.2401
vn 0.8959 0.3738 -0.2400
vn 0.7041 0.7101 -0.0000
vn 0.9275 0.3738 -0.0000
vn 0.8959 -0.3737 -0.2401
vn 0.9275 0.3737 -0.0000
vn 0.8960 -0.3737 -0.2400
vn 0.8960 0.3737 -0.2400
vn 0.8959 0.3738 0.2400
vn 0.9275 -0.3737 -0.0000
vn 0.8959 0.3737 0.2401
vn 0.8960 0.3737 0.2400
vn 0.8960 -0.3737 0.2400
vn 0.8959 -0.3738 0.2400
vn 0.7041 -0.7101 -0.0000
vn 0.9275 -0.3738 -0.0000
vn 0.8959 -0.3738 -0.2400
vn 0.8959 -0.3738 0.2401
vn 0.6801 -0.7101 0.1822
vn 0.8032 -0.3738 0.4638
vn 0.8959 -0.3737 0.2401
vn 0.8033 0.3737 0.4637
vn 0.8033 -0.3737 0.4637
vn 0.8033 0.3737 0.4638
vn 0.6097 -0.7101 0.3520
vn 0.8033 -0.3737 0.4638
vn 0.6559 0.3737 0.6558
vn 0.6559 -0.3737 0.6558
vn 0.6559 -0.3738 0.6558
vn 0.8033 -0.3738 0.4638
vn 0.8032 -0.3737 0.4638
vn 0.6558 -0.3738 0.6559
vn 0.4978 -0.7102 0.4978
vn 0.4638 -0.3738 0.8032
vn 0.4978 -0.7101 0.4979
vn 0.4637 -0.3738 0.8033
vn 0.6558 0.3737 0.6559
vn 0.4638 -0.3737 0.8033
vn 0.6558 -0.3737 0.6559
vn 0.8032 0.3738 0.4638
vn 0.6801 0.7101 0.1822
vn 0.6097 0.7101 0.3520
vn 0.8033 0.3738 0.4638
vn 0.8033 0.3738 0.4637
vn 0.8959 0.3738 0.2401
vn 0.8959 -0.3738 -0.2401
vn 0.6801 -0.7101 -0.1822
vn 0.6558 0.3738 -0.6559
vn 0.4978 0.7101 -0.4978
vn 0.4978 0.7102 -0.4978
vn 0.4637 0.3738 -0.8033
vn 0.3520 0.7101 -0.6097
vn 0.4638 0.3738 -0.8033
vn 0.4978 0.7101 -0.4979
vn 0.6559 0.3738 -0.6559
vn 0.2401 0.3738 -0.8959
vn 0.2400 0.3738 -0.8959
vn 0.1822 0.7101 -0.6801
vn 0.2400 -0.3737 -0.8960
vn -0.0000 0.3737 -0.9275
vn 0.2400 0.3737 -0.8960
vn -0.0000 0.3738 -0.9275
vn -0.0000 0.7101 -0.7041
vn -0.1822 0.7101 -0.6801
vn -0.0000 -0.7101 -0.7041
vn -0.2400 -0.3738 0.8959
vn -0.3520 -0.7101 0.6097
vn -0.2401 -0.3738 0.8959
vn -0.4638 -0.3738 0.8033
vn -0.4637 -0.3738 0.8033
vn -0.4979 -0.7101 0.4979
vn -0.4978 -0.7101 0.4979
vn -0.6559 -0.3738 0.6559
vn -0.6097 -0.7101 0.3520
vn -0.4978 -0.7102 0.4978
vn -0.8032 -0.3738 0.4638
vn -0.6801 -0.7101 0.1822
vn -0.8959 -0.3738 0.2401
vn -0.7041 -0.7101 -0.0000
vn -0.8959 -0.3738 0.2400
vn -0.9275 -0.3738 -0.0000
vn -0.8959 -0.3738 -0.2400
vn -0.8959 -0.3738 -0.2401
vn -0.6801 -0.7101 -0.1822
vn -0.8032 -0.3738 -0.4638
vn -0.6097 -0.7101 -0.3520
vn -0.6559 -0.3738 -0.6559
vn -0.6559 -0.3737 -0.6558
vn -0.4978 -0.7102 -0.4978
vn -0.6558 0.3737 -0.6559
vn -0.6558 -0.3737 -0.6559
vn -0.8033 -0.3737 -0.4638
vn -0.6559 0.3737 -0.6558
vn -0.8033 0.3737 -0.4637
vn -0.8033 -0.3737 -0.4637
vn -0.2400 0.3738 -0.8959
vt 0.343750 0.025000
vt 0.593750 0.025000
vt 0.343750 0.025000
vt 0.343750 0.025000
vt 0.343750 0.025000
vt 0.343750 0.136446
vt 0.343750 0.025000
vt 0.343750 0.025000
vt 0.343750 0.140434
vt 0.343750 0.025000
vt 0.343750 0.146777
vt 0.343750 0.131699
vt 0.343750 0.126704
vt 0.343750 0.125000
vt 0.343750 0.126704
vt 0.343750 0.131699
vt 0.343750 0.140434
vt 0.343750 0.025000
vt 0.343750 0.139645
vt 0.343750 0.146777
vt 0.343750 0.155043
vt 0.343750 0.150000
vt 0.343750 0.025000
vt 0.343750 0.164670
vt 0.343750 0.025000
vt 0.343750 0.125000
vt 0.343750 0.076764
vt 0.343750 0.185330
vt 0.343750 0.025000
vt 0.343750 0.175000
vt 0.343750 0.162059
vt 0.343750 0.162059
vt 0.343750 0.175000
vt 0.343750 0.175000
vt 0.343750 0.187941
vt 0.343750 0.187941
vt 0.343750 0.200000
vt 0.343750 0.200000
vt 0.343750 0.210355
vt 0.343750 0.210355
vt 0.343750 0.194957
vt 0.343750 0.203223
vt 0.343750 0.209566
vt 0.343750 0.198205
vt 0.343750 0.218301
vt 0.343750 0.218301
vt 0.343750 0.223296
vt 0.343750 0.223296
vt 0.343750 0.213554
vt 0.343750 0.218185
vt 0.343750 0.225000
vt 0.343750 0.223296
vt 0.343750 0.225000
vt 0.343750 0.225000
vt 0.343750 0.214914
vt 0.343750 0.218185
vt 0.343750 0.135086
vt 0.343750 0.025000
vt 0.343750 0.025000
vt 0.343750 0.136446
vt 0.343750 0.213554
vt 0.343750 0.198205
vt 0.343750 0.209566
vt 0.343750 0.166421
vt 0.343750 0.025000
vt 0.343750 0.140434
vt 0.343750 0.025000
vt 0.343750 0.203223
vt 0.343750 0.218301
vt 0.343750 0.218301
vt 0.343750 0.210355
vt 0.343750 0.223296
vt 0.343750 0.209566
vt 0.343750 0.198205
vt 0.343750 0.213554
vt 0.343750 0.214914
vt 0.343750 0.225000
vt 0.343750 0.218185
vt 0.343750 0.213554
vt 0.343750 0.218185
vt 0.343750 0.144568
vt 0.343750 0.109547
vt 0.343750 0.109547
vt 0.593750 0.100328
vt 0.343750 0.100328
vt 0.593750 0.078265
vt 0.343750 0.078265
vt 0.343750 0.025000
vt 0.593750 0.025000
vt 0.593750 0.025000
vt 0.343750 0.025000
vt 0.343750 0.025000
vt 0.593750 0.025000
vt 0.343750 0.025000
vt 0.593750 0.078265
vt 0.343750 0.078265
vt 0.343750 0.025000
vt 0.593750 0.025000
vt 0.343750 0.025000
vt 0.343750 0.166421
vt 0.343750 0.125000
vt 0.343750 0.076764
vt 0.343750 0.185330
vt 0.343750 0.025000
vt 0.343750 0.175000
vt 0.343750 0.025000
vt 0.343750 0.164670
vt 0.343750 0.025000
vt 0.343750 0.025000
vt 0.343750 0.025000
vt 0.343750 0.140434
vt 0.343750 0.025000
vt 0.343750 0.146777
vt 0.343750 0.126704
vt 0.343750 0.136446
vt 0.343750 0.131699
vt 0.343750 0.126704
vt 0.343750 0.131699
vt 0.343750 0.139645
vt 0.343750 0.155043
vt 0.343750 0.150000
vt 0.343750 0.139645
vt 0.343750 0.150000
vt 0.343750 0.155043
vt 0.343750 0.164670
vt 0.343750 0.025000
vt 0.343750 0.162059
vt 0.343750 0.175000
vt 0.343750 0.025000
vt 0.343750 0.162059
vt 0.343750 0.175000
vt 0.343750 0.187941
vt 0.343750 0.175000
vt 0.343750 0.187941
vt 0.343750 0.200000
vt 0.343750 0.200000
vt 0.343750 0.210355
vt 0.343750 0.194957
vt 0.343750 0.203223
vt 0.343750 0.194957
vt 0.343750 0.185330
vt 0.343750 0.076764
vt 0.343750 0.025000
vt 0.343750 0.125000
vt 0.343750 0.025000
vt 0.343750 0.146777
vt 0.343750 0.125000
vt 0.343750 0.136446
vt 0.343750 0.135086
vt 0.343750 0.025000
vt 0.343750 0.198205
vt 0.343750 0.209566
vt 0.343750 0.166421
vt 0.343750 0.203223
vt 0.343750 0.194957
vt 0.343750 0.076764
vt 0.343750 0.185330
vt 0.343750 0.125000
vt 0.343750 0.025000
vt 0.343750 0.175000
vt 0.343750 0.025000
vt 0.343750 0.025000
vt 0.343750 0.164670
vt 0.343750 0.150000
vt 0.343750 0.155043
vt 0.343750 0.139645
vt 0.343750 0.025000
vt 0.343750 0.166421
s 0
f 396/507/777 398/509/778 395/505/779
f 397/508/780 396/507/777 395/505/779
f 399/511/781 397/508/781 395/505/781
f 400/512/781 395/505/781 398/509/781
f 399/511/781 395/505/781 400/512/781
f 400/513/782 404/517/783 399/510/784
f 400/512/781 398/509/781 401/514/781
f 402/515/785 403/516/786 400/513/782
f 404/517/787 400/513/782 403/516/788
f 405/518/789 399/510/784 404/517/787
f 406/519/790 405/518/791 404/517/792
f 404/517/793 407/520/794 406/519/795
f 407/520/796 404/517/793 403/516/797
f 408/521/798 406/519/799 407/520/800
f 407/520/801 410/524/802 408/521/798
f 410/524/802 407/520/794 409/523/803
f 403/516/804 409/523/805 407/520/794
f 409/523/806 411/525/807 410/524/808
f 411/525/807 409/523/803 412/526/809
f 412/526/809 413/528/810 411/525/807
f 415/530/811 414/529/811 413/527/811
f 415/530/811 413/527/811 416/531/811
f 413/528/810 412/526/809 418/535/812
f 416/531/811 413/527/811 417/533/811
f 418/535/812 417/534/813 413/528/810
f 412/526/814 419/536/815 418/535/816
f 420/537/817 418/535/818 419/536/819
f 417/534/813 418/535/820 421/538/821
f 418/535/816 420/537/817 421/538/822
f 423/540/823 417/534/813 421/538/821
f 421/538/822 422/539/824 423/540/825
f 422/539/826 421/538/822 420/537/817
f 417/534/813 423/540/827 416/532/828
f 425/542/829 416/532/828 423/540/827
f 424/541/830 423/540/831 422/539/826
f 423/540/831 424/541/832 425/542/833
f 416/532/828 425/542/829 428/545/834
f 425/542/835 426/543/836 427/544/837
f 426/543/838 425/542/835 424/541/830
f 427/544/839 428/545/834 425/542/829
f 428/545/834 427/544/837 429/546/840
f 429/546/841 431/549/842 430/547/843
f 431/549/844 429/546/845 427/544/839
f 431/549/846 426/543/838 432/550/847
f 432/550/848 433/551/849 431/549/850
f 426/543/851 431/549/846 427/544/852
f 433/551/853 430/547/843 431/549/844
f 433/551/849 432/550/847 434/552/854
f 434/552/855 436/555/856 433/551/857
f 430/547/843 433/551/858 435/553/859
f 436/555/860 435/553/859 433/551/853
f 436/555/856 434/552/854 438/557/861
f 437/556/862 439/559/863 436/555/860
f 438/557/861 437/556/864 436/555/856
f 435/553/859 436/555/860 439/559/863
f 440/560/811 441/562/811 439/558/811
f 439/558/811 441/562/811 442/563/811
f 439/558/811 442/563/811 435/554/811
f 439/559/863 437/556/865 443/565/866
f 437/556/862 444/567/867 443/565/866
f 445/568/811 446/569/811 444/566/811
f 444/566/811 446/569/811 447/571/811
f 444/566/811 447/571/811 440/560/811
f 449/573/868 448/572/869 444/567/867
f 444/567/867 437/556/865 449/573/870
f 449/573/871 452/576/872 450/574/873
f 450/574/874 451/575/875 449/573/876
f 448/572/877 449/573/878 451/575/879
f 452/576/872 449/573/876 437/556/864
f 438/557/880 454/579/881 452/576/882
f 437/556/883 438/557/861 452/576/884
f 452/576/882 453/577/885 450/574/886
f 453/577/885 452/576/887 454/579/881
f 454/579/881 438/557/880 455/580/888
f 438/557/880 456/583/889 455/580/888
f 456/582/781 458/585/781 455/581/781
f 458/585/781 457/584/781 455/581/781
f 462/591/890 458/585/891 459/586/892
f 458/585/781 456/582/781 459/586/781
f 460/587/781 457/584/781 458/585/781
f 461/589/893 460/587/894 458/585/891
f 458/585/893 462/591/890 461/589/893
f 398/509/778 462/591/890 459/586/892
f 463/593/781 461/588/781 462/590/781
f 396/506/781 462/590/781 464/594/781
f 463/593/781 462/590/781 396/506/781
f 462/591/890 398/509/895 464/595/895
f 398/509/895 396/507/777 464/595/895
f 396/507/777 397/508/896 463/592/780
f 465/596/897 463/592/896 397/508/780
f 463/592/896 465/596/898 466/598/897
f 466/597/781 461/588/781 463/593/781
f 466/597/781 467/599/781 461/588/781
f 467/599/781 466/597/781 469/602/781
f 466/598/898 468/601/899 469/603/900
f 468/601/900 466/598/898 465/596/901
f 468/601/899 467/600/902 469/603/900
f 467/600/902 468/601/900 460/587/894
f 468/601/781 470/604/781 453/578/781
f 468/601/781 453/578/781 460/587/781
f 468/601/781 471/605/781 470/604/781
f 468/601/781 472/606/781 471/605/781
f 472/606/781 468/601/781 473/608/781
f 468/601/781 474/610/781 473/608/781
f 474/610/781 468/601/781 475/612/781
f 475/612/781 468/601/781 476/613/781
f 476/613/781 468/601/781 477/614/781
f 477/614/781 468/601/781 465/596/781
f 477/614/781 465/596/781 478/616/781
f 482/620/903 479/617/904 477/615/905
f 477/615/905 480/618/906 482/620/907
f 480/618/908 477/615/905 481/619/909
f 483/621/910 482/620/911 480/618/912
f 482/620/913 483/621/910 484/622/914
f 479/617/915 482/620/907 485/623/916
f 484/622/917 485/623/918 482/620/911
f 486/624/919 485/623/920 487/625/921
f 485/623/922 486/624/919 479/617/923
f 485/623/918 489/627/924 487/625/925
f 485/623/926 484/622/917 488/626/927
f 489/627/924 485/623/928 488/626/929
f 488/626/930 490/628/931 489/627/932
f 491/629/933 489/627/932 490/628/931
f 492/631/934 487/625/935 489/627/936
f 489/627/937 491/629/933 492/631/938
f 492/631/939 493/632/940 495/635/941
f 493/632/940 492/631/938 491/629/933
f 487/625/925 492/631/934 494/634/942
f 495/635/943 494/634/944 492/631/945
f 493/632/940 496/636/946 495/635/941
f 494/634/942 495/635/943 497/637/947
f 496/636/948 497/637/947 495/635/943
f 497/637/947 496/636/949 498/638/950
f 498/638/951 473/609/952 497/637/953
f 473/609/952 494/634/954 497/637/953
f 473/609/952 498/638/955 472/607/956
f 500/640/957 472/607/956 498/638/955
f 498/638/958 499/639/959 500/640/960
f 499/639/961 498/638/958 496/636/948
f 472/607/956 500/640/957 502/642/962
f 500/640/963 451/575/964 501/641/965
f 501/641/966 502/642/962 500/640/967
f 451/575/875 500/640/968 499/639/961
f 502/642/962 501/641/969 503/643/970
f 450/574/971 503/643/972 501/641/966
f 503/643/970 450/574/973 453/577/885
f 451/575/974 450/574/975 501/641/976
f 499/639/977 505/645/978 504/644/979
f 504/644/979 451/575/879 499/639/980
f 505/645/978 499/639/981 496/636/982
f 496/636/982 493/632/940 505/645/978
f 491/630/811 505/646/811 493/633/811
f 505/646/811 491/630/811 506/647/811
f 505/646/811 506/647/811 507/648/811
f 507/648/811 506/647/811 508/649/811
f 507/648/811 508/649/811 445/568/811
f 445/568/811 508/649/811 446/569/811
f 451/575/964 504/644/979 448/572/869
f 494/634/983 473/609/952 474/611/984
f 474/611/984 487/625/921 494/634/983
f 490/628/931 488/626/985 509/650/986
f 509/650/987 484/622/988 446/570/989
f 484/622/990 509/650/991 488/626/992
f 487/625/921 474/611/984 486/624/919
f 483/621/993 446/570/989 484/622/990
f 446/570/989 483/621/994 511/652/995
f 480/618/996 510/651/997 483/621/998
f 510/651/999 511/652/995 483/621/993
f 511/652/995 510/651/999 441/561/1000
f 510/651/997 480/618/912 405/518/791
f 405/518/791 406/519/795 510/651/997
f 442/564/1001 510/651/999 406/519/799
f 510/651/999 442/564/1001 441/561/1000
f 512/653/1002 480/618/906 481/619/909
f 399/510/784 405/518/789 512/653/1002
f 397/508/781 399/511/781 512/654/781
f 480/618/908 512/653/1002 405/518/789
f 478/616/781 397/508/781 512/654/781
f 478/616/781 465/596/781 397/508/781
f 460/587/902 461/589/893 467/600/894
f 460/587/781 453/578/781 457/584/781
f 459/586/781 456/582/781 513/655/781
f 459/586/781 513/655/781 398/509/781
f 398/509/781 513/655/781 514/657/781
f 434/552/1003 513/656/1004 456/583/889
f 513/656/1004 434/552/1005 432/550/1006
f 432/550/1007 515/658/1008 513/656/1004
f 515/658/1009 432/550/1006 426/543/1010
f 426/543/836 516/659/1011 515/658/1012
f 424/541/1013 517/661/1014 516/659/1011
f 516/659/1011 426/543/1010 424/541/1013
f 519/663/781 518/662/781 517/660/781
f 422/539/1015 519/664/1016 517/661/1014
f 517/661/1014 424/541/1013 422/539/1015
f 519/663/781 514/657/781 518/662/781
f 398/509/781 514/657/781 519/663/781
f 401/514/781 398/509/781 519/663/781
f 401/514/781 519/663/781 520/665/781
f 520/665/781 519/663/781 521/666/781
f 519/664/1016 422/539/1017 420/537/1018
f 419/536/1019 519/664/1016 420/537/1018
f 519/664/1016 419/536/1020 521/667/1021
f 522/668/1022 521/667/1021 419/536/1020
f 521/667/1021 522/668/1022 523/669/1023
f 524/670/1024 523/669/1023 522/668/1022
f 523/669/1023 524/670/1025 402/515/1026
f 403/516/788 402/515/785 524/670/1024
f 409/523/1027 403/516/804 524/670/1028
f 522/668/1029 409/523/1030 524/670/1025
f 419/536/815 412/526/1031 522/668/1032
f 409/523/805 522/668/1029 412/526/814
f 456/583/889 438/557/880 434/552/1005
f 440/560/811 447/571/811 441/562/811
f 435/554/811 442/563/811 408/522/811
f 406/519/1033 408/521/798 442/564/1001
f 435/554/811 408/522/811 430/548/811
f 430/548/811 408/522/811 525/671/811
f 430/548/811 525/671/811 526/672/811
f 526/672/811 525/671/811 414/529/811
f 526/672/811 414/529/811 415/530/811
g vehicle-monster-truck.004_Mesh
v 0.125000 -0.200000 0.600000
v 0.125000 -0.200000 0.575000
v 0.100000 -0.200000 0.625000
v 0.100000 -0.125000 0.625000
v 0.125000 -0.125000 0.600000
v 0.125000 -0.125000 0.575000
v 0.100000 -0.200000 0.550000
v 0.100000 -0.125000 0.550000
v 0.050000 -0.125000 0.550000
v 0.050000 -0.200000 0.625000
v 0.050000 -0.200000 0.550000
v 0.050000 -0.125000 0.625000
vn 0.9239 -0.0000 -0.3827
vn 0.9239 -0.0000 0.3827
vn 0.9239 0.0001 0.3827
vn -0.0000 -1.0000 -0.0000
vn 0.3827 -0.0000 0.9239
vn 0.9239 -0.0001 -0.3827
vn 0.3827 -0.0000 -0.9239
vn 0.9239 0.0002 -0.3827
vn -0.0000 -0.0000 -1.0000
vn 0.3827 -0.0001 -0.9239
vn -1.0000 -0.0000 -0.0000
vn -0.0000 -0.0000 1.0000
vn 0.3827 0.0001 0.9239
vt 0.968750 0.408333
vt 0.968750 0.341667
vt 0.968750 0.475000
vt 0.968750 0.475000
vt 0.968750 0.408333
vt 0.968750 0.341667
vt 0.968750 0.275000
vt 0.968750 0.275000
vt 0.968750 0.275000
vt 0.593750 0.025000
vt 0.593750 0.225000
vt 0.968750 0.475000
vt 0.593750 0.025000
vt 0.968750 0.275000
vt 0.593750 0.225000
vt 0.968750 0.475000
s 0
f 528/674/1034 531/677/1035 527/673/1036
f 529/675/1037 528/674/1037 527/673/1037
f 527/673/1035 530/676/1038 529/675/1038
f 530/676/1038 527/673/1035 531/677/1035
f 531/677/1035 528/674/1034 532/678/1039
f 533/679/1040 532/678/1034 528/674/1041
f 532/678/1034 533/679/1040 534/680/1040
f 533/679/1040 535/681/1042 534/680/1040
f 535/681/1042 533/679/1043 537/686/1042
f 535/682/1044 536/683/1044 538/687/1044
f 536/683/1044 535/682/1044 537/685/1044
f 536/684/1045 530/676/1046 538/688/1045
f 533/679/1037 536/684/1037 537/686/1037
f 530/676/1038 536/684/1045 529/675/1038
f 533/679/1037 529/675/1037 536/684/1037
f 528/674/1037 529/675/1037 533/679/1037
g vehicle-monster-truck.005_Mesh
v 0.250000 -0.125000 0.600000
v 0.250000 -0.125000 0.462500
v 0.125000 -0.125000 0.600000
v 0.250000 -0.100000 0.625000
v 0.125000 -0.100000 0.625000
v 0.250000 0.100000 0.625000
v 0.125000 0.100000 0.625000
v 0.125000 0.125000 0.600000
v 0.225000 0.125000 0.437500
v 0.250000 0.125000 0.600000
v 0.125000 0.125000 0.437500
v 0.225000 -0.125000 0.437500
v 0.125000 -0.125000 0.437500
v -0.125000 0.125000 0.437500
v 0.125000 0.125000 0.625000
v 0.088187 0.125000 0.725000
v 0.125000 0.075000 0.625000
v 0.125000 -0.125000 0.625000
v 0.088187 -0.125000 0.725000
v 0.125000 -0.075000 0.625000
v 0.096257 -0.075000 0.703078
v 0.096257 0.075000 0.703078
v 0.096257 -0.075000 0.703078
v 0.096257 0.075000 0.703078
v 0.078984 0.100000 0.750000
v -0.125000 -0.125000 0.437500
v 0.078984 -0.100000 0.750000
v -0.125000 -0.125000 0.725000
v -0.125000 0.125000 0.725000
v -0.125000 -0.100000 0.750000
v -0.125000 0.100000 0.750000
v -0.125000 -0.125000 0.600000
v -0.225000 -0.125000 0.437500
v -0.225000 0.125000 0.437500
v -0.250000 -0.125000 0.600000
v -0.250000 -0.100000 0.625000
v -0.250000 -0.125000 0.462500
v -0.250000 0.125000 0.462500
v -0.250000 0.125000 0.600000
v -0.125000 0.100000 0.625000
v -0.250000 0.100000 0.625000
v -0.125000 0.125000 0.600000
v -0.125000 -0.100000 0.625000
v 0.250000 0.125000 0.462500
vn -0.0000 -0.9239 0.3827
vn -0.0000 -1.0000 -0.0000
vn -0.0000 -0.3827 0.9239
vn -0.0000 0.3827 0.9239
vn -0.0001 -0.3827 0.9239
vn 0.0001 0.3827 0.9239
vn -0.0000 0.9239 0.3827
vn -0.0000 1.0000 -0.0000
vn -0.0000 -0.0000 -1.0000
vn 1.0000 -0.0000 -0.0000
vn 0.9384 -0.0000 0.3455
vn -0.0000 0.9507 0.3100
vn -0.0000 -1.0000 0.0001
vn -0.0000 1.0000 -0.0001
vn -0.0000 -0.9507 0.3100
vn 0.0001 -1.0000 -0.0000
vn -0.0001 1.0000 -0.0000
vn 0.0001 -0.9239 0.3827
vn -0.0000 -0.4112 0.9116
vn -1.0000 -0.0000 -0.0000
vn -0.0000 0.4112 0.9116
vn -0.0001 -0.4112 0.9116
vn 0.0001 0.9239 0.3827
vn -0.3827 -0.0000 -0.9239
vn -0.3827 -0.0001 -0.9239
vn -0.0001 -0.9239 0.3827
vn -0.9239 -0.0000 -0.3827
vn -0.9239 0.0001 -0.3827
vn 0.0002 0.9239 0.3827
vn -0.0002 -0.9239 0.3827
vt 0.968750 0.448333
vt 0.968750 0.301667
vt 0.968750 0.448333
vt 0.968750 0.475000
vt 0.968750 0.475000
vt 0.968750 0.475000
vt 0.968750 0.475000
vt 0.968750 0.448333
vt 0.968750 0.275000
vt 0.968750 0.448333
vt 0.968750 0.275000
vt 0.968750 0.275000
vt 0.968750 0.275000
vt 0.968750 0.275000
vt 0.343750 0.145000
vt 0.968750 0.395000
vt 0.343750 0.209000
vt 0.968750 0.459000
vt 0.968750 0.395000
vt 0.843750 0.325000
vt 0.343750 0.145000
vt 0.343750 0.145000
vt 0.968750 0.395000
vt 0.343750 0.209000
vt 0.968750 0.459000
vt 0.968750 0.395000
vt 0.343750 0.145000
vt 0.843750 0.325000
vt 0.343750 0.194970
vt 0.843750 0.425000
vt 0.843750 0.425000
vt 0.343750 0.194970
vt 0.343750 0.225000
vt 0.968750 0.475000
vt 0.968750 0.275000
vt 0.343750 0.225000
vt 0.968750 0.475000
vt 0.968750 0.459000
vt 0.968750 0.459000
vt 0.968750 0.475000
vt 0.968750 0.475000
vt 0.968750 0.448333
vt 0.968750 0.275000
vt 0.968750 0.275000
vt 0.968750 0.448333
vt 0.968750 0.475000
vt 0.968750 0.301667
vt 0.968750 0.301667
vt 0.968750 0.448333
vt 0.968750 0.475000
vt 0.968750 0.475000
vt 0.968750 0.448333
vt 0.968750 0.475000
vt 0.968750 0.301667
s 0
f 541/691/1047 540/690/1048 539/689/1047
f 539/689/1047 543/693/1049 541/691/1047
f 543/693/1049 539/689/1047 542/692/1049
f 544/694/1050 543/693/1049 542/692/1051
f 543/693/1049 544/694/1050 545/695/1052
f 544/694/1050 546/696/1053 545/695/1050
f 546/696/1053 547/697/1054 549/699/1054
f 548/698/1053 547/697/1054 546/696/1053
f 546/696/1053 544/694/1050 548/698/1053
f 550/700/1055 549/699/1055 547/697/1055
f 549/699/1055 550/700/1055 551/701/1055
f 553/704/1056 551/701/1056 549/699/1056
f 551/701/1055 552/702/1055 549/699/1055
f 552/702/1054 553/704/1054 549/699/1054
f 554/705/1057 555/709/1057 553/703/1057
f 553/704/1054 552/702/1054 554/706/1058
f 556/711/1059 553/704/1060 555/707/1054
f 551/701/1056 553/704/1056 556/711/1056
f 558/715/1057 557/712/1057 556/710/1057
f 557/713/1061 551/701/1048 556/711/1048
f 556/711/1062 555/707/1063 558/714/1054
f 557/712/1057 558/715/1057 559/717/1057
f 558/716/1057 560/718/1057 561/719/1057
f 560/718/1057 558/716/1057 555/708/1057
f 557/712/1057 559/717/1057 554/705/1057
f 562/720/1057 554/705/1057 559/717/1057
f 555/709/1057 554/705/1057 562/720/1057
f 557/712/1057 563/721/1057 565/724/1057
f 557/712/1057 554/705/1057 563/721/1057
f 564/723/1048 557/713/1061 566/726/1064
f 551/701/1048 557/713/1061 564/723/1048
f 565/725/1065 566/726/1047 557/713/1061
f 566/726/1066 552/702/1066 564/723/1066
f 552/702/1066 566/726/1066 567/727/1066
f 567/727/1066 566/726/1066 568/728/1066
f 566/726/1047 565/725/1065 568/728/1049
f 567/727/1066 568/728/1066 569/729/1066
f 568/728/1049 563/722/1067 569/729/1052
f 563/722/1067 568/728/1049 565/725/1068
f 554/706/1058 569/729/1050 563/722/1067
f 569/729/1050 554/706/1058 567/727/1069
f 554/706/1058 552/702/1054 567/727/1053
f 573/733/1047 564/723/1048 570/730/1047
f 564/723/1048 573/733/1047 571/731/1048
f 572/732/1070 564/723/1055 571/731/1070
f 564/723/1055 572/732/1071 552/702/1055
f 552/702/1055 551/701/1055 564/723/1055
f 570/730/1047 574/734/1049 573/733/1047
f 577/737/1066 573/733/1066 574/734/1066
f 571/731/1048 573/733/1072 575/735/1048
f 573/733/1066 576/736/1073 575/735/1074
f 576/736/1073 573/733/1066 577/737/1066
f 577/737/1066 574/734/1066 579/739/1066
f 578/738/1050 577/737/1053 579/739/1050
f 577/737/1053 578/738/1050 580/740/1053
f 577/737/1053 572/732/1054 576/736/1054
f 580/740/1053 572/732/1054 577/737/1053
f 572/732/1054 580/740/1075 552/702/1054
f 574/734/1049 578/738/1050 579/739/1052
f 578/738/1050 574/734/1049 581/741/1051
f 574/734/1049 570/730/1047 581/741/1049
f 572/732/1070 575/735/1073 576/736/1073
f 575/735/1073 572/732/1070 571/731/1070
f 550/700/1048 541/691/1076 551/701/1048
f 540/690/1048 541/691/1047 550/700/1048
f 547/697/1054 548/698/1069 582/742/1054
g vehicle-monster-truck.006_Mesh
v 0.138910 -0.125000 0.546635
v 0.046881 -0.125000 0.508515
v 0.230940 -0.125000 0.508515
v 0.230940 -0.162500 0.508515
v 0.138910 -0.162500 0.546635
v 0.138910 -0.187500 0.519575
v 0.046881 -0.162500 0.508515
v 0.066015 -0.187500 0.489381
v 0.027821 -0.162500 0.462500
v 0.085563 -0.125000 0.438582
v 0.027821 -0.125000 0.462500
v 0.050918 -0.187500 0.452933
v 0.138910 -0.187500 0.478985
v 0.094716 -0.187500 0.460679
v 0.085563 -0.187500 0.438582
v 0.094716 -0.125000 0.460679
v 0.138910 -0.125000 0.478985
v 0.250000 -0.125000 0.462500
v 0.183105 -0.125000 0.460679
v 0.183105 -0.187500 0.460679
v 0.192257 -0.187500 0.438582
v 0.226903 -0.187500 0.452933
v 0.211806 -0.187500 0.489381
v 0.192257 -0.125000 0.438582
v 0.250000 -0.162500 0.462500
vn -0.7071 -0.0000 0.7071
vn -0.0000 -0.2681 0.9634
vn -0.0000 -0.0000 1.0000
vn -0.0000 1.0000 -0.0000
vn 0.6812 -0.2681 0.6812
vn 0.7071 -0.0000 0.7071
vn -0.0000 -0.2682 0.9634
vn -0.6812 -0.2681 0.6812
vn -0.6812 -0.2682 0.6812
vn -0.0000 -0.8767 0.4810
vn 0.6812 -0.2682 0.6812
vn -0.8827 -0.2952 0.3656
vn -0.3401 -0.8767 0.3401
vn -0.9239 -0.0000 0.3827
vn -0.3827 -0.0000 -0.9239
vn -0.3944 -0.9043 0.1634
vn -0.0000 -1.0000 -0.0000
vn -0.3945 -0.9043 0.1634
vn 0.9239 -0.0000 -0.3827
vn 0.7071 -0.0000 -0.7071
vn -0.0000 -0.0000 -1.0000
vn -0.7071 -0.0000 -0.7071
vn -0.9239 -0.0000 -0.3827
vn 0.3945 -0.9042 0.1634
vn 0.3945 -0.9043 0.1634
vn 0.8827 -0.2952 0.3656
vn 0.3401 -0.8767 0.3401
vn 0.3944 -0.9043 0.1634
vn 0.3827 -0.0000 -0.9239
vn 0.8828 -0.2952 0.3655
vn 0.9239 -0.0000 0.3827
vt 0.968750 0.275000
vt 0.968750 0.275000
vt 0.968750 0.275000
vt 0.968750 0.395000
vt 0.968750 0.395000
vt 0.968750 0.475000
vt 0.968750 0.395000
vt 0.968750 0.475000
vt 0.968750 0.395000
vt 0.968750 0.275000
vt 0.968750 0.275000
vt 0.968750 0.475000
vt 0.968750 0.475000
vt 0.968750 0.475000
vt 0.968750 0.475000
vt 0.968750 0.275000
vt 0.968750 0.275000
vt 0.968750 0.275000
vt 0.968750 0.275000
vt 0.968750 0.475000
vt 0.968750 0.475000
vt 0.968750 0.475000
vt 0.968750 0.475000
vt 0.968750 0.275000
vt 0.968750 0.395000
s 0
f 584/744/1077 587/747/1078 583/743/1079
f 585/745/1080 584/744/1080 583/743/1080
f 583/743/1079 586/746/1081 585/745/1082
f 586/746/1081 583/743/1079 587/747/1078
f 587/747/1083 584/744/1077 589/749/1084
f 589/749/1085 588/748/1086 587/747/1083
f 588/748/1086 586/746/1087 587/747/1083
f 584/744/1077 591/751/1088 589/749/1084
f 588/748/1086 589/749/1085 590/750/1089
f 591/751/1088 590/750/1089 589/749/1085
f 591/751/1088 584/744/1077 593/753/1090
f 591/751/1091 592/752/1091 594/754/1091
f 592/752/1091 591/751/1091 593/753/1091
f 590/750/1089 591/751/1088 594/754/1092
f 594/754/1091 592/752/1091 597/757/1091
f 595/755/1093 590/750/1089 594/754/1094
f 595/755/1093 594/754/1094 596/756/1093
f 596/756/1093 594/754/1092 597/757/1093
f 592/752/1095 596/756/1096 597/757/1095
f 598/758/1096 595/755/1097 596/756/1096
f 596/756/1096 592/752/1095 598/758/1096
f 593/753/1080 598/758/1080 592/752/1080
f 595/755/1097 598/758/1096 599/759/1097
f 593/753/1080 599/759/1080 598/758/1080
f 599/759/1080 593/753/1080 584/744/1080
f 584/744/1080 600/760/1080 599/759/1080
f 599/759/1080 600/760/1080 601/761/1080
f 599/759/1097 602/762/1098 595/755/1097
f 602/762/1098 599/759/1097 601/761/1098
f 601/761/1098 603/763/1099 602/762/1098
f 604/764/1100 602/762/1093 603/763/1093
f 604/764/1101 595/755/1093 602/762/1093
f 607/767/1102 605/765/1103 604/764/1104
f 595/755/1093 604/764/1100 605/765/1103
f 604/764/1105 600/760/1105 607/767/1105
f 604/764/1105 606/766/1105 600/760/1105
f 606/766/1105 604/764/1105 603/763/1105
f 607/767/1102 585/745/1082 586/746/1081
f 585/745/1082 607/767/1106 600/760/1107
f 605/765/1103 607/767/1102 586/746/1087
f 601/761/1080 600/760/1080 606/766/1080
f 603/763/1099 601/761/1098 606/766/1099
f 586/746/1087 588/748/1086 605/765/1103
f 590/750/1089 605/765/1103 588/748/1086
f 605/765/1103 590/750/1089 595/755/1093
f 584/744/1080 585/745/1080 600/760/1080
g vehicle-monster-truck.007_Mesh
v -0.138911 -0.125000 0.546635
v -0.230940 -0.125000 0.508515
v -0.046881 -0.125000 0.508515
v -0.138911 -0.162500 0.546635
v -0.046881 -0.162500 0.508515
v -0.138911 -0.187500 0.519575
v -0.066015 -0.187500 0.489381
v -0.027821 -0.162500 0.462500
v -0.050918 -0.187500 0.452933
v -0.027821 -0.125000 0.462500
v -0.085564 -0.125000 0.438582
v -0.138911 -0.125000 0.478985
v -0.094716 -0.125000 0.460679
v -0.085564 -0.187500 0.438582
v -0.094716 -0.187500 0.460679
v -0.138911 -0.187500 0.478985
v -0.211806 -0.187500 0.489381
v -0.226903 -0.187500 0.452933
v -0.183105 -0.187500 0.460679
v -0.183105 -0.125000 0.460679
v -0.192258 -0.187500 0.438582
v -0.192258 -0.125000 0.438582
v -0.250000 -0.162500 0.462500
v -0.250000 -0.125000 0.462500
v -0.230940 -0.162500 0.508515
vn -0.7071 -0.0000 0.7071
vn -0.0000 -0.2681 0.9634
vn -0.0000 -0.0000 1.0000
vn -0.0000 1.0000 -0.0000
vn 0.6812 -0.2681 0.6812
vn 0.7071 -0.0000 0.7071
vn 0.6812 -0.2682 0.6812
vn -0.0000 -0.8767 0.4810
vn 0.3401 -0.8767 0.3401
vn -0.0000 -0.2682 0.9634
vn 0.8827 -0.2952 0.3656
vn 0.3944 -0.9043 0.1634
vn 0.3827 -0.0000 -0.9239
vn 0.8828 -0.2952 0.3655
vn 0.9239 -0.0000 0.3827
vn -0.9239 -0.0000 -0.3827
vn -0.7071 -0.0000 -0.7071
vn 0.3945 -0.9042 0.1634
vn -0.0000 -1.0000 -0.0000
vn 0.3945 -0.9043 0.1634
vn -0.0000 -0.0000 -1.0000
vn -0.3401 -0.8767 0.3401
vn 0.7071 -0.0000 -0.7071
vn -0.3945 -0.9043 0.1634
vn 0.9239 -0.0000 -0.3827
vn -0.3827 -0.0000 -0.9239
vn -0.8827 -0.2952 0.3656
vn -0.9239 -0.0000 0.3827
vn -0.6812 -0.2681 0.6812
vn -0.3944 -0.9043 0.1634
vn -0.6812 -0.2682 0.6812
vt 0.968750 0.275000
vt 0.968750 0.275000
vt 0.968750 0.275000
vt 0.968750 0.395000
vt 0.968750 0.395000
vt 0.968750 0.475000
vt 0.968750 0.475000
vt 0.968750 0.395000
vt 0.968750 0.475000
vt 0.968750 0.275000
vt 0.968750 0.275000
vt 0.968750 0.275000
vt 0.968750 0.275000
vt 0.968750 0.475000
vt 0.968750 0.475000
vt 0.968750 0.475000
vt 0.968750 0.475000
vt 0.968750 0.475000
vt 0.968750 0.475000
vt 0.968750 0.275000
vt 0.968750 0.475000
vt 0.968750 0.275000
vt 0.968750 0.395000
vt 0.968750 0.275000
vt 0.968750 0.395000
s 0
f 609/769/1108 611/771/1109 608/768/1110
f 610/770/1111 609/769/1111 608/768/1111
f 608/768/1110 612/772/1112 610/770/1113
f 612/772/1112 608/768/1110 611/771/1109
f 612/772/1114 613/773/1115 614/774/1116
f 613/773/1115 612/772/1114 611/771/1117
f 615/775/1118 610/770/1113 612/772/1112
f 614/774/1116 615/775/1118 612/772/1114
f 615/775/1118 614/774/1116 616/776/1119
f 616/776/1120 617/777/1120 615/775/1120
f 610/770/1113 615/775/1121 617/777/1122
f 609/769/1111 617/777/1111 619/779/1111
f 609/769/1111 610/770/1111 617/777/1111
f 617/777/1120 621/781/1120 618/778/1120
f 620/780/1111 617/777/1111 618/778/1111
f 619/779/1111 617/777/1111 620/780/1111
f 621/781/1120 617/777/1120 616/776/1120
f 621/781/1123 620/780/1124 618/778/1123
f 616/776/1125 622/782/1126 621/781/1126
f 620/780/1124 621/781/1123 622/782/1124
f 616/776/1127 623/783/1126 622/782/1126
f 623/783/1128 620/780/1124 622/782/1124
f 623/783/1126 616/776/1127 614/774/1116
f 614/774/1116 624/784/1129 623/783/1126
f 626/786/1130 619/779/1128 623/783/1128
f 620/780/1124 623/783/1128 619/779/1128
f 623/783/1126 624/784/1129 625/785/1131
f 623/783/1126 625/785/1131 626/786/1126
f 619/779/1128 626/786/1130 627/787/1130
f 626/786/1130 629/789/1132 627/787/1130
f 629/789/1132 626/786/1130 628/788/1132
f 626/786/1126 625/785/1131 628/788/1126
f 631/791/1111 627/787/1111 629/789/1111
f 625/785/1133 629/789/1133 628/788/1133
f 630/790/1133 629/789/1133 625/785/1133
f 629/789/1133 630/790/1133 631/791/1133
f 630/790/1134 609/769/1108 631/791/1135
f 619/779/1111 631/791/1111 609/769/1111
f 631/791/1111 619/779/1111 627/787/1111
f 609/769/1108 630/790/1134 632/792/1136
f 624/784/1129 630/790/1134 625/785/1137
f 630/790/1134 624/784/1129 632/792/1138
f 611/771/1117 609/769/1108 632/792/1136
f 613/773/1115 632/792/1138 624/784/1129
f 632/792/1138 613/773/1115 611/771/1117
f 624/784/1129 614/774/1116 613/773/1115
g vehicle-monster-truck.008_Mesh
v 0.138910 0.125000 0.546635
v 0.230940 0.125000 0.508515
v 0.046881 0.125000 0.508515
v 0.138910 0.162500 0.546635
v 0.046881 0.162500 0.508515
v 0.138910 0.187500 0.519575
v 0.066015 0.187500 0.489381
v 0.027821 0.162500 0.462500
v 0.050918 0.187500 0.452933
v 0.027821 0.125000 0.462500
v 0.138910 0.125000 0.478985
v 0.094716 0.125000 0.460679
v 0.085563 0.125000 0.438582
v 0.085563 0.187500 0.438582
v 0.094716 0.187500 0.460679
v 0.138910 0.187500 0.478985
v 0.211806 0.187500 0.489381
v 0.226903 0.187500 0.452933
v 0.183105 0.187500 0.460679
v 0.183105 0.125000 0.460679
v 0.192257 0.187500 0.438582
v 0.192257 0.125000 0.438582
v 0.250000 0.162500 0.462500
v 0.250000 0.125000 0.462500
v 0.230940 0.162500 0.508515
vn 0.7071 -0.0000 0.7071
vn -0.0000 0.2681 0.9634
vn -0.0000 -0.0000 1.0000
vn -0.0000 -1.0000 -0.0000
vn -0.6812 0.2681 0.6812
vn -0.7071 -0.0000 0.7071
vn -0.0000 0.8767 0.4810
vn -0.6812 0.2682 0.6812
vn -0.0000 0.2682 0.9634
vn -0.8827 0.2952 0.3656
vn -0.3401 0.8767 0.3401
vn -0.3944 0.9043 0.1634
vn -0.3827 -0.0000 -0.9239
vn -0.8828 0.2952 0.3655
vn -0.9239 -0.0000 0.3827
vn 0.7071 -0.0000 -0.7071
vn 0.9239 -0.0000 -0.3827
vn -0.3945 0.9043 0.1634
vn -0.0000 1.0000 -0.0000
vn -0.0000 -0.0000 -1.0000
vn 0.3401 0.8767 0.3401
vn 0.3945 0.9042 0.1634
vn -0.7071 -0.0000 -0.7071
vn 0.3945 0.9043 0.1634
vn 0.3944 0.9042 0.1635
vn -0.9239 -0.0000 -0.3827
vn 0.3827 -0.0000 -0.9239
vn 0.8827 0.2952 0.3656
vn 0.9239 -0.0000 0.3827
vn 0.3944 0.9043 0.1634
vn 0.6812 0.2681 0.6812
vn 0.6812 0.2682 0.6812
vt 0.968750 0.275000
vt 0.968750 0.275000
vt 0.968750 0.275000
vt 0.968750 0.395000
vt 0.968750 0.395000
vt 0.968750 0.475000
vt 0.968750 0.475000
vt 0.968750 0.395000
vt 0.968750 0.475000
vt 0.968750 0.275000
vt 0.968750 0.275000
vt 0.968750 0.275000
vt 0.968750 0.275000
vt 0.968750 0.475000
vt 0.968750 0.475000
vt 0.968750 0.475000
vt 0.968750 0.475000
vt 0.968750 0.475000
vt 0.968750 0.475000
vt 0.968750 0.275000
vt 0.968750 0.475000
vt 0.968750 0.275000
vt 0.968750 0.395000
vt 0.968750 0.275000
vt 0.968750 0.395000
s 0
f 634/794/1139 636/796/1140 633/793/1141
f 635/795/1142 634/794/1142 633/793/1142
f 633/793/1141 637/797/1143 635/795/1144
f 637/797/1143 633/793/1141 636/796/1140
f 638/798/1145 637/797/1146 636/796/1147
f 640/800/1148 635/795/1144 637/797/1143
f 637/797/1146 638/798/1145 639/799/1149
f 639/799/1149 640/800/1148 637/797/1146
f 640/800/1148 639/799/1149 641/801/1150
f 641/801/1151 642/802/1151 640/800/1151
f 635/795/1144 640/800/1152 642/802/1153
f 634/794/1142 642/802/1142 643/803/1142
f 634/794/1142 635/795/1142 642/802/1142
f 646/806/1151 642/802/1151 641/801/1151
f 643/803/1142 642/802/1142 644/804/1142
f 644/804/1142 642/802/1142 645/805/1142
f 642/802/1151 646/806/1151 645/805/1151
f 644/804/1154 646/806/1155 647/807/1154
f 646/806/1155 644/804/1154 645/805/1155
f 641/801/1156 647/807/1157 646/806/1157
f 648/808/1158 644/804/1154 647/807/1154
f 641/801/1156 648/808/1157 647/807/1157
f 644/804/1154 648/808/1158 643/803/1158
f 648/808/1157 641/801/1156 639/799/1149
f 639/799/1149 649/809/1159 648/808/1157
f 648/808/1157 649/809/1159 650/810/1160
f 651/811/1161 643/803/1158 648/808/1158
f 648/808/1157 650/810/1162 651/811/1157
f 651/811/1157 650/810/1163 653/813/1157
f 643/803/1158 651/811/1161 652/812/1161
f 651/811/1161 654/814/1164 652/812/1161
f 654/814/1164 651/811/1161 653/813/1164
f 656/816/1142 652/812/1142 654/814/1142
f 650/810/1165 654/814/1165 653/813/1165
f 655/815/1165 654/814/1165 650/810/1165
f 654/814/1165 655/815/1165 656/816/1165
f 655/815/1166 634/794/1139 656/816/1167
f 643/803/1142 656/816/1142 634/794/1142
f 656/816/1142 643/803/1142 652/812/1142
f 649/809/1159 655/815/1166 650/810/1168
f 634/794/1139 655/815/1166 657/817/1169
f 655/815/1166 649/809/1159 657/817/1170
f 657/817/1170 638/798/1145 636/796/1147
f 636/796/1147 634/794/1139 657/817/1169
f 638/798/1145 657/817/1170 649/809/1159
f 649/809/1159 639/799/1149 638/798/1145
g vehicle-monster-truck.009_Mesh
v 0.125000 0.200000 0.575000
v 0.125000 0.200000 0.600000
v 0.100000 0.200000 0.550000
v 0.125000 0.125000 0.575000
v 0.100000 0.125000 0.550000
v 0.050000 0.125000 0.550000
v 0.050000 0.200000 0.550000
v 0.100000 0.200000 0.625000
v 0.050000 0.200000 0.625000
v 0.050000 0.125000 0.625000
v 0.100000 0.125000 0.625000
v 0.125000 0.125000 0.600000
vn 0.9239 -0.0000 0.3827
vn 0.9239 -0.0000 -0.3827
vn 0.9239 -0.0001 -0.3827
vn -0.0000 1.0000 -0.0000
vn 0.3827 -0.0000 -0.9239
vn -0.0000 -0.0000 -1.0000
vn 0.3827 -0.0001 -0.9239
vn -1.0000 -0.0000 -0.0000
vn -0.0000 -0.0000 1.0000
vn 0.3827 0.0001 0.9239
vn 0.3827 -0.0000 0.9239
vn 0.9239 0.0001 0.3827
vn 0.9239 -0.0002 0.3827
vt 0.968750 0.341667
vt 0.968750 0.408333
vt 0.968750 0.275000
vt 0.968750 0.341667
vt 0.968750 0.275000
vt 0.968750 0.275000
vt 0.593750 0.025000
vt 0.968750 0.275000
vt 0.593750 0.025000
vt 0.968750 0.475000
vt 0.593750 0.225000
vt 0.968750 0.475000
vt 0.593750 0.225000
vt 0.968750 0.475000
vt 0.968750 0.475000
vt 0.968750 0.408333
s 0
f 659/819/1171 661/821/1172 658/818/1173
f 660/820/1174 659/819/1174 658/818/1174
f 658/818/1172 662/822/1175 660/820/1175
f 662/822/1175 658/818/1172 661/821/1172
f 662/822/1175 664/825/1176 660/820/1175
f 664/825/1176 662/822/1177 663/823/1176
f 665/827/1174 660/820/1174 664/825/1174
f 665/827/1174 664/825/1174 666/829/1174
f 664/826/1178 667/830/1178 666/828/1178
f 667/830/1178 664/826/1178 663/824/1178
f 667/831/1179 665/827/1180 666/829/1179
f 665/827/1181 667/831/1179 668/832/1181
f 669/833/1171 665/827/1181 668/832/1181
f 661/821/1172 659/819/1171 669/833/1182
f 665/827/1181 669/833/1171 659/819/1183
f 659/819/1174 660/820/1174 665/827/1174
g vehicle-monster-truck.010_Mesh
v -0.138911 0.125000 0.546635
v -0.046881 0.125000 0.508515
v -0.230940 0.125000 0.508515
v -0.230940 0.162500 0.508515
v -0.138911 0.162500 0.546635
v -0.046881 0.162500 0.508515
v -0.138911 0.187500 0.519575
v -0.211806 0.187500 0.489381
v -0.066015 0.187500 0.489381
v -0.138911 0.187500 0.478985
v -0.050918 0.187500 0.452933
v -0.027821 0.162500 0.462500
v -0.085564 0.125000 0.438582
v -0.027821 0.125000 0.462500
v -0.138911 0.125000 0.478985
v -0.094716 0.125000 0.460679
v -0.094716 0.187500 0.460679
v -0.085564 0.187500 0.438582
v -0.250000 0.125000 0.462500
v -0.183105 0.125000 0.460679
v -0.183105 0.187500 0.460679
v -0.226903 0.187500 0.452933
v -0.192258 0.187500 0.438582
v -0.192258 0.125000 0.438582
v -0.250000 0.162500 0.462500
vn 0.7071 -0.0000 0.7071
vn -0.0000 0.2681 0.9634
vn -0.0000 -0.0000 1.0000
vn -0.0000 -1.0000 -0.0000
vn -0.6812 0.2681 0.6812
vn -0.7071 0.0001 0.7071
vn 0.6812 0.2682 0.6812
vn -0.0000 0.8767 0.4810
vn -0.0000 0.2682 0.9634
vn 0.6812 0.2681 0.6812
vn -0.6812 0.2682 0.6812
vn -0.3401 0.8767 0.3401
vn 0.3401 0.8767 0.3401
vn -0.0000 1.0000 -0.0000
vn 0.3945 0.9043 0.1634
vn 0.8827 0.2952 0.3656
vn 0.3944 0.9043 0.1634
vn 0.9239 -0.0000 0.3827
vn 0.3827 -0.0000 -0.9239
vn -0.7071 -0.0000 -0.7071
vn -0.9239 -0.0000 -0.3827
vn -0.0000 -0.0000 -1.0000
vn 0.7071 -0.0000 -0.7071
vn -0.3945 0.9043 0.1634
vn 0.9239 -0.0000 -0.3827
vn -0.3827 -0.0000 -0.9239
vn -0.8827 0.2952 0.3656
vn -0.3944 0.9043 0.1634
vn -0.7071 -0.0000 0.7071
vn -0.8828 0.2952 0.3655
vn -0.9239 -0.0000 0.3827
vt 0.968750 0.275000
vt 0.968750 0.275000
vt 0.968750 0.275000
vt 0.968750 0.395000
vt 0.968750 0.395000
vt 0.968750 0.395000
vt 0.968750 0.475000
vt 0.968750 0.475000
vt 0.968750 0.475000
vt 0.968750 0.475000
vt 0.968750 0.475000
vt 0.968750 0.395000
vt 0.968750 0.275000
vt 0.968750 0.275000
vt 0.968750 0.275000
vt 0.968750 0.275000
vt 0.968750 0.475000
vt 0.968750 0.475000
vt 0.968750 0.275000
vt 0.968750 0.275000
vt 0.968750 0.475000
vt 0.968750 0.475000
vt 0.968750 0.475000
vt 0.968750 0.275000
vt 0.968750 0.395000
s 0
f 671/835/1184 674/838/1185 670/834/1186
f 672/836/1187 671/835/1187 670/834/1187
f 670/834/1186 673/837/1188 672/836/1189
f 673/837/1188 670/834/1186 674/838/1185
f 675/839/1190 676/840/1191 674/838/1192
f 674/838/1192 671/835/1184 675/839/1193
f 676/840/1191 673/837/1194 674/838/1192
f 673/837/1194 676/840/1191 677/841/1195
f 678/842/1196 677/841/1195 676/840/1191
f 676/840/1191 675/839/1190 678/842/1196
f 677/841/1195 678/842/1196 679/843/1197
f 679/843/1197 678/842/1196 680/844/1198
f 678/842/1196 681/845/1199 680/844/1200
f 681/845/1199 678/842/1196 675/839/1190
f 671/835/1184 681/845/1199 675/839/1193
f 681/845/1199 671/835/1184 683/847/1201
f 681/845/1202 682/846/1202 680/844/1202
f 682/846/1202 681/845/1202 683/847/1202
f 684/848/1187 683/847/1187 671/835/1187
f 683/847/1187 684/848/1187 685/849/1187
f 683/847/1187 685/849/1187 682/846/1187
f 686/850/1203 682/846/1204 685/849/1203
f 679/843/1205 685/849/1203 684/848/1205
f 685/849/1203 679/843/1205 686/850/1203
f 682/846/1204 686/850/1203 687/851/1204
f 686/850/1197 680/844/1200 687/851/1197
f 679/843/1197 680/844/1198 686/850/1197
f 680/844/1202 682/846/1202 687/851/1202
f 671/835/1187 688/852/1187 684/848/1187
f 684/848/1187 688/852/1187 689/853/1187
f 684/848/1205 690/854/1206 679/843/1205
f 690/854/1206 684/848/1205 689/853/1206
f 691/855/1207 690/854/1197 692/856/1197
f 691/855/1207 679/843/1197 690/854/1197
f 689/853/1206 692/856/1208 690/854/1206
f 693/857/1209 691/855/1209 692/856/1209
f 692/856/1208 689/853/1206 693/857/1208
f 691/855/1209 693/857/1209 688/852/1209
f 689/853/1187 688/852/1187 693/857/1187
f 694/858/1210 677/841/1195 691/855/1211
f 691/855/1209 688/852/1209 694/858/1209
f 679/843/1197 691/855/1207 677/841/1195
f 694/858/1210 672/836/1212 673/837/1188
f 672/836/1212 694/858/1213 688/852/1214
f 677/841/1195 694/858/1210 673/837/1194
f 671/835/1187 672/836/1187 688/852/1187
g vehicle-monster-truck.011_Mesh
v -0.312500 -0.125000 0.687500
v -0.312500 0.125000 0.687500
v -0.212500 -0.125000 0.687500
v -0.312500 -0.125000 0.625000
v -0.187500 -0.125000 0.662500
v -0.187500 0.125000 0.625000
v -0.187500 0.125000 0.662500
v -0.187500 -0.125000 0.625000
v -0.212500 0.125000 0.687500
v -0.312500 0.125000 0.625000
vn -1.0000 -0.0000 -0.0000
vn 0.3827 -0.0000 0.9239
vn -0.0000 -0.0000 1.0000
vn -0.0000 -1.0000 -0.0000
vn 0.9239 -0.0000 0.3827
vn 1.0000 -0.0000 -0.0000
vn 0.9239 0.0001 0.3827
vn -0.0000 -0.0000 -1.0000
vn -0.0000 1.0000 -0.0000
vn 0.3827 -0.0001 0.9239
vt 0.218750 0.225000
vt 0.218750 0.225000
vt 0.218750 0.225000
vt 0.218750 0.025000
vt 0.218750 0.145000
vt 0.218750 0.025000
vt 0.218750 0.145000
vt 0.218750 0.025000
vt 0.218750 0.225000
vt 0.218750 0.025000
s 0
f 696/860/1215 698/862/1215 695/859/1215
f 697/861/1216 696/860/1217 695/859/1217
f 695/859/1218 699/863/1218 697/861/1218
f 698/862/1218 699/863/1218 695/859/1218
f 699/863/1219 700/864/1220 701/865/1219
f 700/864/1220 699/863/1221 702/866/1220
f 701/865/1219 697/861/1216 699/863/1219
f 699/863/1218 698/862/1218 702/866/1218
f 698/862/1222 700/864/1222 702/866/1222
f 700/864/1223 696/860/1223 701/865/1223
f 701/865/1223 696/860/1223 703/867/1223
f 697/861/1216 701/865/1221 703/867/1216
f 696/860/1217 697/861/1216 703/867/1224
f 696/860/1223 700/864/1223 704/868/1223
f 700/864/1222 698/862/1222 704/868/1222
f 698/862/1215 696/860/1215 704/868/1215
g vehicle-monster-truck.012_Mesh
v -0.281250 -0.218750 0.156250
v -0.218750 -0.218750 0.156250
v -0.281250 0.218750 0.156250
v -0.281250 -0.218750 0.218750
v -0.218750 -0.218750 0.218750
v -0.218750 0.218750 0.218750
v -0.281250 0.218750 0.218750
v -0.218750 0.218750 0.156250
vn -0.7071 -0.0000 -0.7071
vn 0.7071 0.0003 -0.7071
vn -0.7071 -0.0000 0.7071
vn -0.7071 0.0003 -0.7071
vn 0.7071 -0.0000 0.7071
vn -0.7071 0.0003 0.7071
vn 0.7071 -0.0003 0.7071
vn -0.7071 -0.0003 0.7071
vn 0.7071 -0.0000 -0.7071
vn 0.7071 0.0003 0.7071
vn 0.7071 -0.0003 -0.7071
vn -0.7071 -0.0003 -0.7071
vt 0.218750 0.025000
vt 0.218750 0.025000
vt 0.218750 0.025000
vt 0.218750 0.225000
vt 0.218750 0.225000
vt 0.218750 0.225000
vt 0.218750 0.225000
vt 0.218750 0.025000
s 0
f 707/871/1225 706/870/1226 705/869/1225
f 708/872/1227 707/871/1225 705/869/1228
f 710/874/1229 708/872/1230 709/873/1229
f 708/872/1227 710/874/1231 711/875/1227
f 707/871/1225 708/872/1227 711/875/1232
f 706/870/1233 710/874/1229 709/873/1234
f 710/874/1229 706/870/1233 712/876/1235
f 706/870/1233 707/871/1236 712/876/1233
g vehicle-monster-truck.013_Mesh
v 0.250000 -0.125000 0.600000
v 0.250000 -0.100000 0.625000
v 0.312500 -0.125000 0.600000
v 0.312500 -0.125000 0.462500
v 0.287500 -0.125000 0.437500
v 0.250000 -0.125000 0.462500
v 0.225000 -0.125000 0.437500
v 0.225000 0.125000 0.437500
v 0.287500 0.125000 0.437500
v 0.250000 0.125000 0.462500
v 0.250000 0.125000 0.600000
v 0.250000 0.100000 0.625000
v 0.312500 0.100000 0.625000
v 0.312500 0.125000 0.600000
v 0.312500 0.125000 0.462500
v 0.312500 -0.100000 0.625000
vn -0.0000 -0.9239 0.3827
vn -0.0000 -0.3827 0.9239
vn -0.0000 -1.0000 -0.0000
vn -0.0001 -0.9239 0.3827
vn -0.0000 -0.0000 -1.0000
vn 0.3827 -0.0001 -0.9239
vn 0.3827 -0.0000 -0.9239
vn -0.0000 1.0000 -0.0000
vn -0.0000 0.9239 0.3827
vn -0.0000 0.3827 0.9239
vn 1.0000 -0.0000 -0.0000
vn 0.9239 -0.0000 -0.3827
vn 0.9239 -0.0001 -0.3827
vn 0.0001 0.9239 0.3827
vn 0.9239 0.0002 -0.3827
vn 0.0002 -0.3827 0.9239
vn -0.0002 0.3827 0.9239
vt 0.218750 0.198333
vt 0.218750 0.225000
vt 0.218750 0.198333
vt 0.218750 0.051667
vt 0.218750 0.025000
vt 0.218750 0.051667
vt 0.218750 0.025000
vt 0.218750 0.025000
vt 0.218750 0.025000
vt 0.218750 0.051667
vt 0.218750 0.198333
vt 0.218750 0.225000
vt 0.218750 0.225000
vt 0.218750 0.198333
vt 0.218750 0.051667
vt 0.218750 0.225000
s 0
f 715/879/1237 714/878/1238 713/877/1237
f 713/877/1237 716/880/1239 715/879/1237
f 716/880/1239 713/877/1237 717/881/1239
f 717/881/1239 713/877/1240 718/882/1239
f 717/881/1239 718/882/1239 719/883/1239
f 720/884/1241 717/881/1242 719/883/1241
f 717/881/1243 720/884/1241 721/885/1243
f 720/884/1244 722/886/1244 721/885/1244
f 723/887/1245 721/885/1244 722/886/1244
f 726/890/1245 721/885/1244 723/887/1245
f 725/889/1246 723/887/1245 724/888/1246
f 723/887/1245 725/889/1246 726/890/1245
f 715/879/1247 726/890/1247 725/889/1247
f 716/880/1248 726/890/1247 715/879/1247
f 726/890/1247 716/880/1248 727/891/1249
f 721/885/1244 726/890/1250 727/891/1244
f 717/881/1243 727/891/1248 716/880/1251
f 727/891/1248 717/881/1243 721/885/1243
f 724/888/1246 728/892/1252 725/889/1246
f 715/879/1247 725/889/1247 728/892/1247
f 728/892/1238 724/888/1253 714/878/1238
f 714/878/1238 715/879/1237 728/892/1238
g vehicle-monster-truck.014_Mesh
v 0.218750 -0.218750 0.156250
v 0.281250 -0.218750 0.156250
v 0.218750 0.218750 0.156250
v 0.218750 -0.218750 0.218750
v 0.218750 0.218750 0.218750
v 0.281250 -0.218750 0.218750
v 0.281250 0.218750 0.218750
v 0.281250 0.218750 0.156250
vn -0.7071 -0.0000 -0.7071
vn 0.7071 0.0003 -0.7071
vn -0.7071 -0.0000 0.7071
vn -0.7071 0.0003 -0.7071
vn 0.7071 -0.0003 0.7071
vn -0.7071 -0.0003 0.7071
vn 0.7071 -0.0000 0.7071
vn -0.7071 0.0003 0.7071
vn 0.7071 -0.0000 -0.7071
vn 0.7071 0.0003 0.7071
vn 0.7071 -0.0003 -0.7071
vn -0.7071 -0.0003 -0.7071
vt 0.218750 0.025000
vt 0.218750 0.025000
vt 0.218750 0.025000
vt 0.218750 0.225000
vt 0.218750 0.225000
vt 0.218750 0.225000
vt 0.218750 0.225000
vt 0.218750 0.025000
s 0
f 731/895/1254 730/894/1255 729/893/1254
f 732/896/1256 731/895/1254 729/893/1257
f 732/896/1256 735/899/1258 733/897/1256
f 731/895/1254 732/896/1256 733/897/1259
f 735/899/1260 732/896/1261 734/898/1260
f 730/894/1262 735/899/1260 734/898/1263
f 735/899/1260 730/894/1262 736/900/1264
f 730/894/1262 731/895/1265 736/900/1262
g vehicle-monster-truck.015_Mesh
v 0.218750 -0.031250 0.156250
v 0.218750 0.031250 0.156250
v -0.218750 -0.031250 0.156250
v 0.218750 -0.031250 0.218750
v -0.218750 -0.031250 0.218750
v 0.218750 0.031250 0.218750
v -0.218750 0.031250 0.218750
v -0.218750 0.031250 0.156250
vn -0.0000 -0.7071 -0.7071
vn -0.0003 0.7071 -0.7071
vn 0.0003 -0.7071 0.7071
vn -0.0000 -0.7071 0.7071
vn -0.0003 -0.7071 -0.7071
vn -0.0000 0.7071 0.7071
vn -0.0003 -0.7071 0.7071
vn 0.0003 0.7071 0.7071
vn 0.0003 0.7071 -0.7071
vn -0.0000 0.7071 -0.7071
vn -0.0003 0.7071 0.7071
vn 0.0003 -0.7071 -0.7071
vt 0.218750 0.025000
vt 0.218750 0.025000
vt 0.218750 0.025000
vt 0.218750 0.225000
vt 0.218750 0.225000
vt 0.218750 0.225000
vt 0.218750 0.225000
vt 0.218750 0.025000
s 0
f 739/903/1266 738/902/1267 737/901/1266
f 737/901/1266 741/905/1268 739/903/1266
f 741/905/1269 737/901/1270 740/904/1269
f 742/906/1271 741/905/1269 740/904/1272
f 741/905/1269 742/906/1271 743/907/1273
f 742/906/1271 744/908/1274 743/907/1271
f 744/908/1275 742/906/1276 738/902/1275
f 738/902/1275 739/903/1277 744/908/1275
g vehicle-monster-truck.016_Mesh
v -0.125000 -0.031250 0.437500
v -0.187500 -0.031250 0.437500
v -0.218750 -0.031250 0.218750
v -0.125000 -0.093750 0.437500
v -0.218750 -0.093750 0.218750
v -0.187500 -0.093750 0.437500
v -0.281250 -0.093750 0.218750
v -0.281250 -0.031250 0.218750
vn -0.0000 -0.0000 1.0000
vn 0.5720 0.7828 -0.2452
vn -0.5720 0.7828 0.2452
vn 0.7381 0.5960 -0.3163
vn 0.5720 -0.7828 -0.2451
vn 0.5720 0.7828 -0.2451
vn 0.5720 -0.7828 -0.2452
vn 0.7381 -0.5960 -0.3163
vn -0.5720 -0.7828 0.2452
vn -0.7381 -0.5960 0.3163
vn -0.0000 -0.0000 -1.0000
vn -0.7381 0.5960 0.3163
vn -0.5720 0.7828 0.2451
vn -0.5720 -0.7828 0.2451
vt 0.218750 0.025000
vt 0.218750 0.025000
vt 0.218750 0.225000
vt 0.218750 0.025000
vt 0.218750 0.225000
vt 0.218750 0.025000
vt 0.218750 0.225000
vt 0.218750 0.225000
s 0
f 746/910/1278 748/912/1278 745/909/1278
f 747/911/1279 746/910/1280 745/909/1281
f 745/909/1281 749/913/1282 747/911/1283
f 749/913/1284 745/909/1281 748/912/1285
f 750/914/1286 749/913/1284 748/912/1285
f 749/913/1284 750/914/1286 751/915/1287
f 752/916/1288 749/913/1288 751/915/1288
f 749/913/1288 752/916/1288 747/911/1288
f 751/915/1287 746/910/1280 752/916/1289
f 746/910/1280 747/911/1279 752/916/1289
f 746/910/1290 751/915/1287 750/914/1291
f 748/912/1278 746/910/1278 750/914/1278
g vehicle-monster-truck.017_Mesh
v 0.218750 -0.093750 0.218750
v 0.218750 -0.031250 0.218750
v 0.125000 -0.093750 0.437500
v 0.281250 -0.093750 0.218750
v 0.187500 -0.093750 0.437500
v 0.281250 -0.031250 0.218750
v 0.187500 -0.031250 0.437500
v 0.125000 -0.031250 0.437500
vn -0.0000 -0.0000 -1.0000
vn -0.7381 -0.5960 -0.3163
vn -0.5720 0.7828 -0.2451
vn -0.5720 -0.7828 -0.2451
vn -0.5720 -0.7828 -0.2452
vn 0.5720 -0.7828 0.2452
vn 0.7381 -0.5960 0.3163
vn 0.5720 -0.7828 0.2451
vn 0.7381 0.5960 0.3163
vn 0.5720 0.7828 0.2451
vn -0.0000 -0.0000 1.0000
vn -0.5720 0.7828 -0.2452
vn 0.5720 0.7828 0.2452
vn -0.7381 0.5960 -0.3163
vt 0.218750 0.225000
vt 0.218750 0.225000
vt 0.218750 0.025000
vt 0.218750 0.225000
vt 0.218750 0.025000
vt 0.218750 0.225000
vt 0.218750 0.025000
vt 0.218750 0.025000
s 0
f 754/918/1292 756/920/1292 753/917/1292
f 755/919/1293 754/918/1294 753/917/1295
f 753/917/1296 757/921/1297 755/919/1293
f 757/921/1297 753/917/1296 756/920/1298
f 757/921/1299 758/922/1300 759/923/1301
f 758/922/1300 757/921/1297 756/920/1298
f 759/923/1302 755/919/1302 757/921/1302
f 754/918/1303 759/923/1304 758/922/1300
f 759/923/1304 754/918/1303 760/924/1305
f 755/919/1302 759/923/1302 760/924/1302
f 754/918/1303 755/919/1293 760/924/1305
f 756/920/1292 754/918/1292 758/922/1292
g vehicle-monster-truck.018_Mesh
v 0.218750 0.031250 0.218750
v 0.281250 0.031250 0.218750
v 0.218750 0.093750 0.218750
v 0.187500 0.031250 0.437500
v 0.125000 0.031250 0.437500
v 0.187500 0.093750 0.437500
v 0.125000 0.093750 0.437500
v 0.281250 0.093750 0.218750
vn 0.5720 -0.7828 0.2452
vn -0.5720 -0.7828 -0.2452
vn 0.7381 -0.5960 0.3163
vn -0.0000 -0.0000 -1.0000
vn -0.7381 -0.5960 -0.3163
vn -0.5720 0.7828 -0.2451
vn -0.5720 -0.7828 -0.2451
vn -0.0000 -0.0000 1.0000
vn -0.5720 0.7828 -0.2452
vn -0.7381 0.5960 -0.3163
vn 0.5720 0.7828 0.2452
vn 0.5720 -0.7828 0.2451
vn 0.7381 0.5960 0.3163
vn 0.5720 0.7828 0.2451
vt 0.218750 0.225000
vt 0.218750 0.225000
vt 0.218750 0.225000
vt 0.218750 0.025000
vt 0.218750 0.025000
vt 0.218750 0.025000
vt 0.218750 0.025000
vt 0.218750 0.225000
s 0
f 764/928/1306 761/925/1307 762/926/1308
f 763/927/1309 762/926/1309 761/925/1309
f 765/929/1310 763/927/1311 761/925/1312
f 761/925/1307 764/928/1306 765/929/1310
f 765/929/1313 766/930/1313 767/931/1313
f 766/930/1313 765/929/1313 764/928/1313
f 763/927/1314 765/929/1310 767/931/1315
f 766/930/1316 763/927/1314 767/931/1315
f 764/928/1317 768/932/1318 766/930/1319
f 763/927/1314 766/930/1316 768/932/1318
f 768/932/1318 764/928/1306 762/926/1308
f 762/926/1309 763/927/1309 768/932/1309
g vehicle-monster-truck.019_Mesh
v -0.187500 0.031250 0.437500
v -0.187500 0.093750 0.437500
v -0.125000 0.031250 0.437500
v -0.218750 0.031250 0.218750
v -0.281250 0.031250 0.218750
v -0.281250 0.093750 0.218750
v -0.218750 0.093750 0.218750
v -0.125000 0.093750 0.437500
vn -0.5720 0.7828 0.2451
vn -0.7381 -0.5960 0.3163
vn -0.5720 -0.7828 0.2451
vn -0.0000 -0.0000 1.0000
vn -0.5720 -0.7828 0.2452
vn 0.5720 -0.7828 -0.2452
vn 0.7381 -0.5960 -0.3163
vn -0.0000 -0.0000 -1.0000
vn -0.5720 0.7828 0.2452
vn -0.7381 0.5960 0.3163
vn 0.5720 0.7828 -0.2452
vn 0.7381 0.5960 -0.3163
vn 0.5720 -0.7828 -0.2451
vn 0.5720 0.7828 -0.2451
vt 0.218750 0.025000
vt 0.218750 0.025000
vt 0.218750 0.025000
vt 0.218750 0.225000
vt 0.218750 0.225000
vt 0.218750 0.225000
vt 0.218750 0.225000
vt 0.218750 0.025000
s 0
f 770/934/1320 773/937/1321 769/933/1322
f 771/935/1323 770/934/1323 769/933/1323
f 769/933/1324 772/936/1325 771/935/1326
f 772/936/1325 769/933/1324 773/937/1321
f 774/938/1327 772/936/1327 773/937/1327
f 773/937/1321 770/934/1328 774/938/1329
f 772/936/1327 774/938/1327 775/939/1327
f 770/934/1328 775/939/1330 774/938/1329
f 776/940/1331 772/936/1332 775/939/1333
f 775/939/1330 770/934/1328 776/940/1331
f 770/934/1323 771/935/1323 776/940/1323
f 772/936/1325 776/940/1331 771/935/1326
