# Blender 3.3.1
# www.blender.org
mtllib Vehicle_Ambulance.mtl
g ambulance_Mesh
v -0.387343 -0.182000 0.224000
v -0.387343 -0.154000 0.224000
v -0.387343 -0.182000 0.252000
v -0.387343 -0.154000 0.420000
v -0.387343 -0.182000 0.308000
v -0.387343 -0.182000 0.448000
v -0.387343 0.154000 0.420000
v -0.387343 0.182000 0.448000
v -0.387343 0.182000 0.308000
v -0.387343 0.182000 0.252000
v -0.387343 0.182000 0.224000
v -0.387343 0.154000 0.224000
v 0.277069 -0.210000 0.196000
v 0.277069 -0.210000 0.252000
v 0.305069 -0.210000 0.196000
v 0.305069 -0.210000 0.252000
v 0.305069 -0.154000 0.196000
v 0.277069 -0.154000 0.196000
v 0.305069 -0.154000 0.224000
v 0.305069 -0.148400 0.252000
v 0.480657 -0.154000 0.168000
v 0.480657 -0.154000 0.140000
v 0.452657 -0.154000 0.168000
v 0.436952 -0.154000 0.140000
v 0.466657 -0.154000 0.199500
v 0.420673 -0.154000 0.161216
v 0.398057 -0.154000 0.178570
v 0.371719 -0.154000 0.189479
v 0.368657 -0.154000 0.224000
v 0.343457 -0.154000 0.193200
v 0.338580 -0.154000 0.224000
v 0.315193 -0.154000 0.189479
v 0.288857 -0.154000 0.178570
v 0.266241 -0.154000 0.161216
v 0.277069 -0.154000 0.224000
v 0.249961 -0.154000 0.140000
v 0.185795 -0.154000 0.140000
v 0.185795 -0.154000 0.224000
v 0.277069 0.210000 0.252000
v 0.277069 0.210000 0.196000
v 0.305069 0.210000 0.252000
v 0.305069 0.210000 0.196000
v 0.305069 0.154000 0.196000
v 0.305069 0.154000 0.224000
v 0.305069 0.148400 0.252000
v 0.277069 0.148400 0.252000
v 0.277069 0.154000 0.196000
v 0.277069 -0.148400 0.252000
v -0.285327 0.182000 0.252000
v 0.171795 0.182000 0.224000
v -0.061327 0.182000 0.252000
v 0.171795 0.182000 0.252000
v 0.185795 0.168000 0.224000
v 0.185795 0.154000 0.224000
v 0.185795 0.168000 0.252000
v 0.185795 0.148400 0.252000
v 0.171795 -0.182000 0.224000
v -0.285327 -0.182000 0.252000
v -0.061327 -0.182000 0.252000
v 0.171795 -0.182000 0.252000
v -0.061327 -0.182000 0.308000
v -0.061327 -0.182000 0.322000
v 0.171795 -0.182000 0.308000
v -0.061327 -0.182000 0.336000
v -0.075327 -0.182000 0.336000
v 0.171795 -0.182000 0.448000
v -0.271327 -0.182000 0.336000
v -0.285327 -0.182000 0.336000
v -0.285327 -0.182000 0.322000
v -0.285327 -0.182000 0.308000
v -0.331343 -0.182000 0.420000
v -0.359343 -0.182000 0.420000
v -0.331343 -0.182000 0.392000
v -0.359343 -0.182000 0.392000
v 0.185795 -0.168000 0.224000
v 0.185795 -0.148400 0.252000
v 0.185795 -0.168000 0.252000
v 0.185795 0.168000 0.308000
v 0.185795 0.137200 0.308000
v 0.185795 0.168000 0.448000
v 0.185795 0.154000 0.392000
v 0.185795 0.131491 0.336544
v 0.185795 0.126000 0.364000
v 0.185795 -0.154000 0.392000
v 0.185795 -0.126000 0.364000
v 0.185795 -0.131491 0.336544
v 0.185795 0.154000 0.420000
v 0.185795 0.126000 0.392000
v 0.185795 0.126000 0.420000
v 0.185795 -0.126000 0.392000
v 0.185795 -0.126000 0.420000
v 0.185795 -0.154000 0.420000
v 0.185795 -0.168000 0.448000
v 0.185795 -0.168000 0.308000
v 0.185795 -0.137200 0.308000
v 0.171795 0.182000 0.448000
v 0.171795 0.182000 0.308000
v -0.061327 0.182000 0.308000
v -0.061327 0.182000 0.322000
v -0.061327 0.182000 0.336000
v -0.075327 0.182000 0.336000
v -0.271327 0.182000 0.336000
v -0.285327 0.182000 0.336000
v -0.285327 0.182000 0.322000
v -0.285327 0.182000 0.308000
v -0.331343 0.182000 0.392000
v -0.359343 0.182000 0.392000
v -0.331343 0.182000 0.420000
v -0.359343 0.182000 0.420000
v 0.185795 0.154000 0.140000
v 0.277069 0.154000 0.224000
v 0.249961 0.154000 0.140000
v 0.266241 0.154000 0.161216
v 0.288857 0.154000 0.178570
v 0.315193 0.154000 0.189479
v 0.338580 0.154000 0.224000
v 0.343457 0.154000 0.193200
v 0.368657 0.154000 0.224000
v 0.371719 0.154000 0.189479
v 0.466657 0.154000 0.199500
v 0.398057 0.154000 0.178570
v 0.420673 0.154000 0.161216
v 0.436952 0.154000 0.140000
v 0.452657 0.154000 0.168000
v 0.480657 0.154000 0.140000
v 0.480657 0.154000 0.168000
v 0.480657 0.077000 0.181569
v 0.480657 -0.077000 0.181569
v 0.466657 0.077000 0.199500
v 0.466657 -0.077000 0.199500
v 0.466657 -0.014000 0.199500
v 0.368657 0.125521 0.224000
v 0.368657 -0.125521 0.224000
v 0.293562 -0.131491 0.336544
v 0.312657 -0.126000 0.364000
v 0.312657 0.126000 0.364000
v 0.293562 0.131491 0.336544
v 0.438027 0.153533 0.138600
v 0.448936 0.144754 0.112263
v 0.448970 0.144667 0.112000
v 0.471323 0.144667 0.112000
v 0.185795 0.135333 0.084000
v 0.248887 0.153533 0.138600
v 0.237977 0.144754 0.112263
v 0.234257 0.135333 0.084000
v 0.323056 0.102721 0.338003
v 0.323056 -0.102721 0.338003
v 0.185795 -0.135333 0.084000
v 0.234257 -0.135333 0.084000
v 0.237977 -0.144754 0.112263
v 0.248887 -0.153533 0.138600
v 0.438026 -0.153533 0.138600
v 0.448936 -0.144754 0.112263
v 0.448970 -0.144667 0.112000
v 0.471323 -0.144667 0.112000
v -0.387343 -0.154000 0.112000
v -0.387343 -0.182000 0.112000
v -0.379142 -0.173799 0.112000
v -0.359343 -0.182000 0.112000
v -0.387343 0.154000 0.112000
v -0.379142 0.173799 0.112000
v -0.387343 0.182000 0.112000
v -0.359343 0.182000 0.112000
v 0.228657 0.112000 0.364000
v 0.284657 0.112000 0.364000
v 0.228657 0.062860 0.364000
v 0.228657 -0.062860 0.364000
v 0.228657 -0.112000 0.364000
v 0.284657 -0.112000 0.364000
v 0.284657 0.062860 0.364000
v 0.284657 -0.062860 0.364000
v -0.359343 -0.182000 0.392000
v -0.359343 -0.182000 0.420000
v -0.331343 -0.182000 0.420000
v -0.359343 0.182000 0.420000
v -0.359343 0.182000 0.392000
v -0.331343 0.182000 0.420000
v -0.387343 -0.154000 0.112000
v -0.387343 -0.154000 0.224000
v 0.185795 -0.135333 0.084000
v 0.185795 -0.168000 0.084000
v 0.185795 -0.154000 0.140000
v 0.185795 -0.168000 0.224000
v 0.185795 -0.154000 0.224000
v 0.171795 -0.182000 0.084000
v 0.171795 -0.182000 0.224000
v -0.359343 -0.182000 0.112000
v -0.248743 -0.182000 0.178570
v -0.222406 -0.182000 0.189479
v -0.194143 -0.182000 0.193200
v -0.165880 -0.182000 0.189479
v -0.271360 -0.182000 0.161216
v -0.288713 -0.182000 0.138600
v -0.299622 -0.182000 0.112263
v -0.299657 -0.182000 0.112000
v -0.139543 -0.182000 0.178570
v -0.116927 -0.182000 0.161216
v -0.099573 -0.182000 0.138600
v -0.088664 -0.182000 0.112263
v -0.084943 -0.182000 0.084000
v 0.129795 -0.182000 0.084000
v -0.387343 -0.154000 0.084000
v -0.387343 0.154000 0.084000
v 0.398057 -0.182000 0.178570
v 0.420673 -0.182000 0.161216
v -0.194143 0.098000 0.168000
v -0.215884 0.154000 0.165138
v -0.194143 0.154000 0.168000
v -0.215884 0.098000 0.165138
v 0.266241 0.182000 0.161216
v 0.288857 0.182000 0.178570
v -0.236143 0.098000 0.156746
v -0.253540 0.154000 0.143397
v -0.236143 0.154000 0.156746
v -0.253540 0.098000 0.143397
v 0.266241 -0.182000 0.161216
v 0.288857 -0.182000 0.178570
v 0.343457 0.182000 0.193200
v 0.371719 0.182000 0.189479
v 0.237977 -0.182000 0.112263
v 0.248887 -0.182000 0.138600
v -0.134746 0.098000 0.143397
v -0.152143 0.154000 0.156746
v -0.134746 0.154000 0.143397
v -0.152143 0.098000 0.156746
v 0.315193 0.182000 0.189479
v 0.448936 0.182000 0.112263
v 0.438027 0.182000 0.138600
v 0.448936 -0.182000 0.112263
v 0.438026 -0.182000 0.138600
v 0.234257 -0.182000 0.084000
v -0.115598 0.098000 0.112000
v -0.121397 0.154000 0.126000
v -0.115598 0.154000 0.112000
v -0.121397 0.098000 0.126000
v 0.398057 0.182000 0.178570
v 0.420673 0.182000 0.161216
v 0.237977 0.182000 0.112263
v 0.248887 0.182000 0.138600
v 0.315193 -0.182000 0.189479
v 0.343457 -0.182000 0.193200
v 0.371719 -0.182000 0.189479
v 0.448970 -0.182000 0.112000
v 0.448970 0.182000 0.112000
v 0.234257 0.182000 0.084000
v -0.172403 0.098000 0.165138
v -0.172403 0.154000 0.165138
v -0.266890 -0.098000 0.126000
v -0.272688 -0.154000 0.112000
v -0.272688 -0.098000 0.112000
v -0.266890 -0.154000 0.126000
v -0.194143 -0.154000 0.168000
v -0.215884 -0.098000 0.165138
v -0.194143 -0.098000 0.168000
v -0.215884 -0.154000 0.165138
v -0.115598 -0.154000 0.112000
v -0.121397 -0.098000 0.126000
v -0.115598 -0.098000 0.112000
v -0.121397 -0.154000 0.126000
v 0.480657 -0.077000 0.168000
v 0.480657 0.077000 0.168000
v 0.228657 0.062860 0.392000
v 0.284657 0.062860 0.392000
v 0.228657 -0.062860 0.392000
v 0.284657 -0.062860 0.392000
v 0.088657 0.154000 0.420000
v 0.088657 -0.154000 0.420000
v -0.359343 -0.182000 0.084000
v -0.278143 -0.182000 0.084000
v -0.299657 -0.182000 0.112000
v -0.271360 -0.182000 0.161216
v -0.275281 -0.182000 0.105741
v -0.266890 -0.182000 0.126000
v -0.253540 -0.182000 0.143397
v -0.236143 -0.182000 0.156746
v -0.222406 -0.182000 0.189479
v -0.215884 -0.182000 0.165138
v -0.194143 -0.182000 0.168000
v -0.172403 -0.182000 0.165138
v -0.165880 -0.182000 0.189479
v -0.152143 -0.182000 0.156746
v -0.139543 -0.182000 0.178570
v -0.134746 -0.182000 0.143397
v -0.116927 -0.182000 0.161216
v -0.121397 -0.182000 0.126000
v -0.113006 -0.182000 0.105741
v -0.099573 -0.182000 0.138600
v -0.110143 -0.182000 0.084000
v -0.110143 -0.182000 0.056000
v -0.084943 -0.182000 0.084000
v -0.088664 -0.182000 0.112263
v 0.129795 -0.182000 0.056000
v 0.129795 -0.182000 0.084000
v -0.278143 -0.098000 0.056000
v -0.278143 0.098000 0.056000
v -0.278143 -0.098000 0.084000
v -0.278143 0.098000 0.084000
v 0.088657 -0.154000 0.112000
v 0.088657 0.154000 0.112000
v -0.272688 0.154000 0.112000
v -0.266890 0.154000 0.126000
v -0.152143 -0.154000 0.156746
v -0.172403 -0.098000 0.165138
v -0.152143 -0.098000 0.156746
v -0.172403 -0.154000 0.165138
v -0.253540 -0.154000 0.143397
v -0.236143 -0.154000 0.156746
v -0.134746 -0.154000 0.143397
v -0.266890 0.098000 0.126000
v -0.134746 -0.098000 0.143397
v -0.272688 0.098000 0.112000
v -0.236143 -0.098000 0.156746
v -0.253540 -0.098000 0.143397
v 0.427457 0.098000 0.056000
v 0.259457 0.098000 0.056000
v 0.427456 -0.098000 0.056000
v -0.110143 -0.098000 0.056000
v 0.259457 -0.098000 0.056000
v 0.259457 -0.210000 0.056000
v 0.129795 -0.210000 0.056000
v -0.110143 0.098000 0.056000
v 0.129795 0.182000 0.056000
v -0.110143 0.182000 0.056000
v 0.259457 0.210000 0.056000
v 0.129795 0.210000 0.056000
v 0.427457 0.098000 0.084000
v 0.427456 -0.098000 0.084000
v 0.259457 0.182000 0.084000
v 0.262319 0.182000 0.105741
v 0.270710 0.182000 0.126000
v 0.284060 0.182000 0.143397
v 0.301457 0.182000 0.156746
v 0.321716 0.182000 0.165138
v 0.343457 0.182000 0.168000
v 0.365197 0.182000 0.165138
v 0.385457 0.182000 0.156746
v 0.402853 0.182000 0.143397
v 0.416203 0.182000 0.126000
v 0.424594 0.182000 0.105741
v 0.427457 0.182000 0.084000
v 0.466657 0.182000 0.084000
v 0.466657 0.182000 0.112000
v -0.359343 0.182000 0.084000
v -0.299657 0.182000 0.112000
v -0.278143 0.182000 0.084000
v -0.299622 0.182000 0.112263
v -0.288713 0.182000 0.138600
v -0.271360 0.182000 0.161216
v -0.275281 0.182000 0.105741
v -0.266890 0.182000 0.126000
v -0.248743 0.182000 0.178570
v -0.253540 0.182000 0.143397
v -0.236143 0.182000 0.156746
v -0.222406 0.182000 0.189479
v -0.215884 0.182000 0.165138
v -0.194143 0.182000 0.193200
v -0.194143 0.182000 0.168000
v -0.165880 0.182000 0.189479
v -0.172403 0.182000 0.165138
v -0.152143 0.182000 0.156746
v -0.139543 0.182000 0.178570
v -0.134746 0.182000 0.143397
v -0.116927 0.182000 0.161216
v -0.121397 0.182000 0.126000
v -0.113006 0.182000 0.105741
v -0.099573 0.182000 0.138600
v -0.110143 0.182000 0.084000
v -0.084943 0.182000 0.084000
v -0.088664 0.182000 0.112263
v 0.129795 0.182000 0.084000
v 0.259457 -0.182000 0.084000
v 0.262319 -0.182000 0.105741
v 0.270710 -0.182000 0.126000
v 0.284060 -0.182000 0.143397
v 0.301457 -0.182000 0.156746
v 0.321716 -0.182000 0.165138
v 0.343457 -0.182000 0.168000
v 0.365197 -0.182000 0.165138
v 0.385457 -0.182000 0.156746
v 0.402853 -0.182000 0.143397
v 0.416203 -0.182000 0.126000
v 0.424594 -0.182000 0.105741
v 0.427456 -0.182000 0.084000
v 0.466657 -0.182000 0.084000
v 0.466657 -0.182000 0.112000
v 0.129795 -0.210000 0.084000
v 0.259457 -0.210000 0.084000
v 0.185795 -0.168000 0.084000
v 0.171795 -0.182000 0.084000
v 0.129795 0.210000 0.084000
v 0.259457 0.210000 0.084000
v 0.171795 0.182000 0.084000
v 0.185795 0.168000 0.084000
v -0.379142 0.173799 0.084000
v -0.379142 -0.173799 0.084000
v 0.486456 0.173799 0.084000
v 0.494657 0.154000 0.084000
v 0.486456 0.173799 0.112000
v 0.494657 0.154000 0.112000
v 0.494657 -0.154000 0.084000
v 0.494657 -0.154000 0.112000
v 0.486456 -0.173799 0.112000
v 0.486456 -0.173799 0.084000
v -0.285327 0.168000 0.252000
v -0.285327 0.168000 0.322000
v -0.061327 0.168000 0.252000
v -0.285327 -0.168000 0.252000
v -0.061327 -0.168000 0.252000
v -0.061327 -0.168000 0.322000
v -0.061327 0.168000 0.322000
v -0.075327 0.168000 0.336000
v -0.271327 0.168000 0.336000
v -0.075327 -0.168000 0.336000
v -0.271327 -0.168000 0.336000
v -0.285327 -0.168000 0.322000
v 0.385457 0.098000 0.156746
v 0.365197 0.098000 0.165138
v 0.259457 0.098000 0.084000
v 0.262319 0.098000 0.105741
v 0.270710 0.098000 0.126000
v 0.424594 0.098000 0.105741
v -0.110143 -0.098000 0.084000
v 0.402853 0.098000 0.143397
v 0.343457 0.098000 0.168000
v 0.416203 0.098000 0.126000
v 0.321716 0.098000 0.165138
v 0.301457 0.098000 0.156746
v -0.113006 0.098000 0.105741
v 0.284060 0.098000 0.143397
v 0.259457 -0.098000 0.084000
v 0.343457 -0.098000 0.168000
v 0.321716 -0.098000 0.165138
v 0.424594 -0.098000 0.105741
v 0.262319 -0.098000 0.105741
v 0.270710 -0.098000 0.126000
v 0.284060 -0.098000 0.143397
v 0.301457 -0.098000 0.156746
v 0.365197 -0.098000 0.165138
v 0.385457 -0.098000 0.156746
v 0.402853 -0.098000 0.143397
v 0.416203 -0.098000 0.126000
v -0.110143 0.098000 0.084000
v -0.275281 0.098000 0.105741
v -0.275281 -0.098000 0.105741
v -0.113006 -0.098000 0.105741
vn -1.0000 -0.0000 -0.0000
vn -0.0000 -1.0000 -0.0000
vn 0.0004 -0.7071 0.7071
vn -0.0000 -0.7071 0.7071
vn -0.0000 -0.0000 -1.0000
vn 1.0000 -0.0000 -0.0000
vn -0.0000 0.7071 0.7071
vn -0.0000 1.0000 -0.0000
vn -0.0004 0.7071 0.7071
vn -0.0000 -0.0000 1.0000
vn 0.0003 0.7071 0.7071
vn -0.0003 -0.7071 0.7071
vn 0.9239 0.3827 -0.0000
vn -0.0000 -0.0000 -0.0000
vn 0.9239 -0.3827 -0.0000
vn 0.7071 0.7071 -0.0000
vn 0.9239 0.3827 0.0001
vn 0.7071 -0.7071 -0.0000
vn 0.9239 -0.3827 -0.0002
vn 0.4459 -0.0000 0.8951
vn 0.9456 -0.0000 0.3254
vn 0.4459 0.0001 0.8951
vn 0.5450 -0.0000 0.8384
vn 0.2425 -0.0000 0.9701
vn 0.4460 -0.0000 0.8950
vn -0.0000 -0.9806 0.1961
vn -0.0000 0.9806 0.1961
vn -0.0000 0.9486 -0.3164
vn -0.0000 0.9487 -0.3162
vn -0.0000 0.9486 -0.3163
vn 0.5912 0.0001 0.8065
vn 0.9285 -0.0000 0.3714
vn 0.5912 -0.0000 0.8065
vn -0.0000 -0.9487 -0.3162
vn -0.0000 -0.9486 -0.3164
vn 0.9487 -0.0000 -0.3162
vn 0.5912 -0.0000 0.8066
vn -0.0000 -1.0000 -0.0001
vn 0.5000 -0.0000 0.8660
vn 0.7071 -0.0000 0.7071
vn 0.5000 0.0001 0.8660
vn -0.2588 -0.0000 0.9659
vn -0.7071 -0.0000 0.7071
vn -0.5000 -0.0000 0.8660
vn -0.7071 0.0001 0.7071
vn 0.2588 -0.0000 0.9659
vn -0.0000 0.0001 1.0000
vn -0.8660 -0.0000 0.5000
vn -0.9723 -0.0000 0.2339
vn -0.9659 -0.0000 0.2588
vn -0.8773 -0.0000 0.4799
vn 0.8660 -0.0000 0.5000
vn 0.9723 -0.0000 0.2339
vn 0.9659 -0.0000 0.2588
vn 0.8773 -0.0000 0.4799
vn -0.9914 -0.0000 0.1305
vn 0.9239 -0.0000 0.3827
vn -0.2588 0.0001 0.9659
vn 0.2588 -0.0001 0.9659
vn 0.6593 -0.0000 0.7519
vn 0.5819 -0.0000 0.8132
vn 0.6594 -0.0000 0.7518
vn 0.9659 0.0001 0.2588
vn 0.5819 -0.0000 0.8133
vn 0.7932 -0.0000 0.6090
vn 0.7934 -0.0000 0.6088
vn 0.7934 -0.0000 0.6087
vn -0.7934 -0.0000 0.6087
vn -0.7934 -0.0000 0.6088
vn -0.7933 -0.0000 0.6088
vn 0.2588 0.0001 0.9659
vn -0.9239 -0.0000 0.3826
vn 0.9456 0.0001 0.3254
vn 0.7071 -0.0004 0.7071
vn -0.7071 0.0004 0.7071
vn 0.7071 0.0003 0.7071
vn 0.8660 -0.0001 0.5000
vn -0.0000 -1.0000 0.0001
vn -0.7071 -0.0003 0.7071
vn -0.7071 -0.7071 -0.0000
vn -0.9239 -0.3827 -0.0000
vn -0.3827 -0.9239 -0.0000
vn -0.9239 0.3827 -0.0000
vn -0.7071 0.7071 -0.0000
vn -0.3827 0.9239 -0.0000
vn 0.9808 0.1951 -0.0000
vn 0.3827 0.9239 -0.0000
vn 0.9808 -0.1951 -0.0000
vn 0.3827 -0.9239 -0.0000
vn 0.6593 -0.0000 0.7518
vn 0.9239 -0.0000 -0.3827
vn -0.9239 -0.0000 -0.3827
vn -0.3827 -0.0000 -0.9239
vn 0.3827 -0.0000 -0.9239
vn -0.5000 -0.0000 -0.8660
vn -0.2588 -0.0000 -0.9659
vn -0.8660 -0.0000 -0.5000
vn -0.7071 -0.0000 -0.7071
vn 0.9979 -0.0000 -0.0654
vn 0.9990 -0.0000 -0.0436
vn 0.2588 -0.0000 -0.9659
vn 0.7071 -0.0000 -0.7071
vn 0.5000 -0.0000 -0.8660
vn 0.8660 -0.0000 -0.5000
vn 0.9659 -0.0000 -0.2588
vn -0.9914 -0.0000 -0.1306
vn -0.9659 -0.0000 -0.2588
vn -0.9239 -0.0000 -0.3826
vn 0.9991 -0.0000 -0.0436
vn -0.9914 -0.0000 -0.1305
vn 0.9239 -0.0000 -0.3826
vn 0.9914 -0.0000 -0.1305
vt 0.093750 0.355000
vt 0.093750 0.675000
vt 0.093750 0.355000
vt 0.718750 0.105000
vt 0.093750 0.368333
vt 0.093750 0.448333
vt 0.718750 0.198333
vt 0.093750 0.395000
vt 0.093750 0.461667
vt 0.093750 0.448333
vt 0.718750 0.198333
vt 0.093750 0.461667
vt 0.093750 0.395000
vt 0.093750 0.368333
vt 0.093750 0.355000
vt 0.093750 0.355000
vt 0.718750 0.105000
vt 0.093750 0.341667
vt 0.093750 0.368333
vt 0.093750 0.341667
vt 0.093750 0.368333
vt 0.093750 0.341667
vt 0.093750 0.341667
vt 0.093750 0.355000
vt 0.093750 0.368333
vt 0.093750 0.328333
vt 0.718750 0.078333
vt 0.093750 0.315000
vt 0.093750 0.565000
vt 0.718750 0.065000
vt 0.093750 0.328333
vt 0.093750 0.315000
vt 0.093750 0.565000
vt 0.718750 0.065000
vt 0.093750 0.343333
vt 0.093750 0.325103
vt 0.718750 0.075103
vt 0.093750 0.333367
vt 0.718750 0.083367
vt 0.093750 0.338562
vt 0.718750 0.088561
vt 0.093750 0.355000
vt 0.093750 0.605000
vt 0.093750 0.340333
vt 0.718750 0.090333
vt 0.093750 0.355000
vt 0.093750 0.605000
vt 0.093750 0.338562
vt 0.718750 0.088561
vt 0.093750 0.333367
vt 0.718750 0.083367
vt 0.093750 0.325103
vt 0.718750 0.075103
vt 0.093750 0.355000
vt 0.093750 0.315000
vt 0.093750 0.565000
vt 0.718750 0.065000
vt 0.093750 0.315000
vt 0.093750 0.565000
vt 0.093750 0.355000
vt 0.093750 0.368333
vt 0.093750 0.341667
vt 0.093750 0.368333
vt 0.093750 0.341667
vt 0.093750 0.341667
vt 0.093750 0.355000
vt 0.093750 0.368333
vt 0.093750 0.368333
vt 0.093750 0.341667
vt 0.093750 0.368333
vt 0.093750 0.368333
vt 0.718750 0.118333
vt 0.093750 0.355000
vt 0.093750 0.368333
vt 0.718750 0.118333
vt 0.093750 0.368333
vt 0.093750 0.355000
vt 0.093750 0.355000
vt 0.093750 0.368333
vt 0.093750 0.368333
vt 0.093750 0.355000
vt 0.093750 0.368333
vt 0.718750 0.118333
vt 0.093750 0.368333
vt 0.718750 0.118333
vt 0.093750 0.368333
vt 0.093750 0.395000
vt 0.718750 0.145000
vt 0.093750 0.401667
vt 0.718750 0.151667
vt 0.093750 0.395000
vt 0.093750 0.408333
vt 0.093750 0.408333
vt 0.718750 0.158333
vt 0.093750 0.461667
vt 0.093750 0.408333
vt 0.718750 0.158333
vt 0.093750 0.408333
vt 0.093750 0.401667
vt 0.718750 0.151667
vt 0.093750 0.395000
vt 0.718750 0.145000
vt 0.093750 0.448333
vt 0.093750 0.448333
vt 0.093750 0.435000
vt 0.093750 0.525000
vt 0.093750 0.435000
vt 0.093750 0.355000
vt 0.093750 0.368333
vt 0.093750 0.368333
vt 0.093750 0.395000
vt 0.093750 0.395000
vt 0.093750 0.461667
vt 0.093750 0.435000
vt 0.093750 0.408592
vt 0.093750 0.658592
vt 0.093750 0.421667
vt 0.093750 0.671667
vt 0.093750 0.435000
vt 0.093750 0.421667
vt 0.093750 0.671667
vt 0.093750 0.408592
vt 0.093750 0.658592
vt 0.093750 0.448333
vt 0.093750 0.435000
vt 0.093750 0.448333
vt 0.093750 0.435000
vt 0.093750 0.448333
vt 0.093750 0.448333
vt 0.093750 0.461667
vt 0.093750 0.395000
vt 0.093750 0.395000
vt 0.093750 0.461667
vt 0.093750 0.395000
vt 0.093750 0.395000
vt 0.718750 0.145000
vt 0.093750 0.401667
vt 0.718750 0.151667
vt 0.093750 0.408333
vt 0.093750 0.408333
vt 0.718750 0.158333
vt 0.093750 0.408333
vt 0.718750 0.158333
vt 0.093750 0.408333
vt 0.093750 0.401667
vt 0.718750 0.151667
vt 0.093750 0.395000
vt 0.718750 0.145000
vt 0.093750 0.435000
vt 0.093750 0.525000
vt 0.093750 0.435000
vt 0.093750 0.448333
vt 0.093750 0.448333
vt 0.093750 0.315000
vt 0.093750 0.565000
vt 0.093750 0.355000
vt 0.093750 0.315000
vt 0.093750 0.565000
vt 0.718750 0.065000
vt 0.093750 0.325103
vt 0.718750 0.075103
vt 0.093750 0.333367
vt 0.718750 0.083367
vt 0.093750 0.338562
vt 0.718750 0.088561
vt 0.093750 0.355000
vt 0.093750 0.605000
vt 0.093750 0.340333
vt 0.718750 0.090333
vt 0.093750 0.355000
vt 0.093750 0.605000
vt 0.093750 0.338562
vt 0.718750 0.088561
vt 0.093750 0.343333
vt 0.093750 0.333367
vt 0.718750 0.083367
vt 0.093750 0.325103
vt 0.718750 0.075103
vt 0.093750 0.315000
vt 0.093750 0.565000
vt 0.718750 0.065000
vt 0.093750 0.328333
vt 0.093750 0.315000
vt 0.093750 0.565000
vt 0.718750 0.065000
vt 0.093750 0.328333
vt 0.718750 0.078333
vt 0.093750 0.334795
vt 0.718750 0.084795
vt 0.093750 0.334795
vt 0.718750 0.084795
vt 0.093750 0.343333
vt 0.093750 0.343333
vt 0.093750 0.343333
vt 0.093750 0.355000
vt 0.093750 0.605000
vt 0.093750 0.355000
vt 0.093750 0.605000
vt 0.093750 0.658592
vt 0.093750 0.671667
vt 0.093750 0.671667
vt 0.093750 0.658592
vt 0.093750 0.564333
vt 0.718750 0.064333
vt 0.093750 0.551792
vt 0.718750 0.051792
vt 0.093750 0.551667
vt 0.718750 0.051667
vt 0.093750 0.551667
vt 0.718750 0.051667
vt 0.093750 0.538333
vt 0.718750 0.038333
vt 0.093750 0.564333
vt 0.718750 0.064333
vt 0.093750 0.551792
vt 0.718750 0.051792
vt 0.093750 0.538333
vt 0.718750 0.038333
vt 0.093750 0.659287
vt 0.093750 0.659287
vt 0.093750 0.538333
vt 0.718750 0.038333
vt 0.093750 0.538333
vt 0.718750 0.038333
vt 0.093750 0.551792
vt 0.718750 0.051792
vt 0.093750 0.564333
vt 0.718750 0.064333
vt 0.093750 0.564333
vt 0.718750 0.064333
vt 0.093750 0.551792
vt 0.718750 0.051792
vt 0.093750 0.551667
vt 0.718750 0.051667
vt 0.093750 0.551667
vt 0.718750 0.051667
vt 0.093750 0.551667
vt 0.718750 0.051667
vt 0.093750 0.551667
vt 0.093750 0.595000
vt 0.093750 0.551667
vt 0.718750 0.051667
vt 0.093750 0.551667
vt 0.718750 0.051667
vt 0.093750 0.551667
vt 0.718750 0.051667
vt 0.093750 0.551667
vt 0.718750 0.051667
vt 0.093750 0.551667
vt 0.093750 0.551667
vt 0.718750 0.051667
vt 0.093750 0.671667
vt 0.093750 0.671667
vt 0.093750 0.671667
vt 0.718750 0.171667
vt 0.093750 0.671667
vt 0.718750 0.171667
vt 0.093750 0.671667
vt 0.093750 0.671667
vt 0.093750 0.671667
vt 0.718750 0.171667
vt 0.093750 0.671667
vt 0.718750 0.171667
vt 0.093750 0.525000
vt 0.093750 0.725000
vt 0.093750 0.725000
vt 0.093750 0.725000
vt 0.093750 0.525000
vt 0.093750 0.725000
vt 0.093750 0.595000
vt 0.093750 0.675000
vt 0.093750 0.575000
vt 0.093750 0.575000
vt 0.093750 0.615000
vt 0.093750 0.675000
vt 0.093750 0.675000
vt 0.093750 0.575000
vt 0.093750 0.675000
vt 0.093750 0.595000
vt 0.093750 0.642550
vt 0.718750 0.083367
vt 0.093750 0.650342
vt 0.093750 0.653000
vt 0.718750 0.090333
vt 0.093750 0.650342
vt 0.093750 0.630154
vt 0.093750 0.614000
vt 0.718750 0.064333
vt 0.093750 0.595188
vt 0.718750 0.051792
vt 0.093750 0.595000
vt 0.093750 0.642550
vt 0.093750 0.630154
vt 0.093750 0.614000
vt 0.093750 0.595188
vt 0.093750 0.575000
vt 0.093750 0.575000
vt 0.718750 0.038333
vt 0.718750 0.038333
vt 0.718750 0.083367
vt 0.718750 0.075103
vt 0.718750 0.078333
vt 0.593750 0.078333
vt 0.718750 0.076970
vt 0.593750 0.076970
vt 0.718750 0.078333
vt 0.593750 0.078333
vt 0.718750 0.076970
vt 0.593750 0.076970
vt 0.718750 0.075103
vt 0.718750 0.083367
vt 0.718750 0.072974
vt 0.593750 0.072974
vt 0.718750 0.066618
vt 0.593750 0.066618
vt 0.718750 0.072974
vt 0.593750 0.072974
vt 0.718750 0.066618
vt 0.593750 0.066618
vt 0.718750 0.075103
vt 0.718750 0.083367
vt 0.718750 0.090333
vt 0.718750 0.088561
vt 0.718750 0.051792
vt 0.718750 0.064333
vt 0.718750 0.066618
vt 0.593750 0.066618
vt 0.718750 0.072974
vt 0.593750 0.072974
vt 0.718750 0.066618
vt 0.593750 0.066618
vt 0.718750 0.072974
vt 0.593750 0.072974
vt 0.718750 0.088561
vt 0.718750 0.051792
vt 0.718750 0.064333
vt 0.718750 0.051792
vt 0.718750 0.064333
vt 0.718750 0.038333
vt 0.718750 0.051667
vt 0.593750 0.051667
vt 0.718750 0.058333
vt 0.593750 0.058333
vt 0.718750 0.051667
vt 0.593750 0.051667
vt 0.718750 0.058333
vt 0.593750 0.058333
vt 0.718750 0.083367
vt 0.718750 0.075103
vt 0.718750 0.051792
vt 0.718750 0.064333
vt 0.718750 0.088561
vt 0.718750 0.090333
vt 0.718750 0.088561
vt 0.718750 0.051667
vt 0.718750 0.051667
vt 0.718750 0.038333
vt 0.718750 0.076970
vt 0.593750 0.076970
vt 0.718750 0.076970
vt 0.593750 0.076970
vt 0.718750 0.058333
vt 0.593750 0.058333
vt 0.718750 0.051667
vt 0.593750 0.051667
vt 0.718750 0.051667
vt 0.593750 0.051667
vt 0.718750 0.058333
vt 0.593750 0.058333
vt 0.718750 0.078333
vt 0.593750 0.078333
vt 0.718750 0.076970
vt 0.593750 0.076970
vt 0.718750 0.078333
vt 0.593750 0.078333
vt 0.718750 0.076970
vt 0.593750 0.076970
vt 0.718750 0.051667
vt 0.593750 0.051667
vt 0.718750 0.058333
vt 0.593750 0.058333
vt 0.718750 0.051667
vt 0.593750 0.051667
vt 0.718750 0.058333
vt 0.593750 0.058333
vt 0.718750 0.078333
vt 0.718750 0.078333
vt 0.718750 0.185000
vt 0.718750 0.185000
vt 0.718750 0.185000
vt 0.718750 0.185000
vt 0.718750 0.198333
vt 0.718750 0.198333
vt 0.718750 0.038333
vt 0.718750 0.038333
vt 0.593750 0.038333
vt 0.718750 0.051667
vt 0.718750 0.075103
vt 0.718750 0.048686
vt 0.593750 0.048686
vt 0.718750 0.058333
vt 0.593750 0.058333
vt 0.718750 0.066618
vt 0.593750 0.066618
vt 0.718750 0.072974
vt 0.593750 0.072974
vt 0.718750 0.088561
vt 0.718750 0.076970
vt 0.593750 0.076970
vt 0.718750 0.078333
vt 0.593750 0.078333
vt 0.718750 0.076970
vt 0.593750 0.076970
vt 0.718750 0.088561
vt 0.718750 0.072974
vt 0.593750 0.072974
vt 0.718750 0.083367
vt 0.718750 0.066618
vt 0.593750 0.066618
vt 0.718750 0.075103
vt 0.718750 0.058333
vt 0.593750 0.058333
vt 0.718750 0.048686
vt 0.593750 0.048686
vt 0.718750 0.064333
vt 0.718750 0.038333
vt 0.593750 0.038333
vt 0.718750 0.025000
vt 0.593750 0.025000
vt 0.718750 0.038333
vt 0.718750 0.051792
vt 0.718750 0.025000
vt 0.718750 0.038333
vt 0.718750 0.025000
vt 0.593750 0.025000
vt 0.718750 0.025000
vt 0.593750 0.025000
vt 0.718750 0.038333
vt 0.593750 0.038333
vt 0.718750 0.038333
vt 0.593750 0.038333
vt 0.718750 0.051667
vt 0.718750 0.051667
vt 0.718750 0.051667
vt 0.593750 0.051667
vt 0.718750 0.058333
vt 0.593750 0.058333
vt 0.718750 0.072974
vt 0.593750 0.072974
vt 0.718750 0.076970
vt 0.593750 0.076970
vt 0.718750 0.072974
vt 0.593750 0.072974
vt 0.718750 0.076970
vt 0.593750 0.076970
vt 0.718750 0.066618
vt 0.593750 0.066618
vt 0.718750 0.072974
vt 0.593750 0.072974
vt 0.718750 0.066618
vt 0.593750 0.066618
vt 0.718750 0.058333
vt 0.593750 0.058333
vt 0.718750 0.066618
vt 0.593750 0.066618
vt 0.718750 0.051667
vt 0.593750 0.051667
vt 0.718750 0.072974
vt 0.593750 0.072974
vt 0.718750 0.066618
vt 0.593750 0.066618
vt 0.718750 0.025000
vt 0.593750 0.025000
vt 0.718750 0.025000
vt 0.593750 0.025000
vt 0.718750 0.025000
vt 0.593750 0.025000
vt 0.718750 0.025000
vt 0.593750 0.025000
vt 0.718750 0.025000
vt 0.593750 0.025000
vt 0.718750 0.025000
vt 0.593750 0.025000
vt 0.718750 0.025000
vt 0.718750 0.025000
vt 0.593750 0.025000
vt 0.718750 0.025000
vt 0.718750 0.025000
vt 0.593750 0.025000
vt 0.718750 0.025000
vt 0.593750 0.025000
vt 0.718750 0.025000
vt 0.718750 0.038333
vt 0.593750 0.038333
vt 0.718750 0.038333
vt 0.593750 0.038333
vt 0.718750 0.038333
vt 0.593750 0.038333
vt 0.718750 0.048686
vt 0.593750 0.048686
vt 0.718750 0.058333
vt 0.593750 0.058333
vt 0.718750 0.066618
vt 0.593750 0.066618
vt 0.718750 0.072974
vt 0.593750 0.072974
vt 0.718750 0.076970
vt 0.593750 0.076970
vt 0.718750 0.078333
vt 0.593750 0.078333
vt 0.718750 0.076970
vt 0.593750 0.076970
vt 0.718750 0.072974
vt 0.593750 0.072974
vt 0.718750 0.066618
vt 0.593750 0.066618
vt 0.718750 0.058333
vt 0.593750 0.058333
vt 0.718750 0.048686
vt 0.593750 0.048686
vt 0.718750 0.038333
vt 0.593750 0.038333
vt 0.718750 0.038333
vt 0.718750 0.051667
vt 0.718750 0.038333
vt 0.718750 0.051667
vt 0.718750 0.038333
vt 0.593750 0.038333
vt 0.718750 0.051792
vt 0.718750 0.064333
vt 0.718750 0.075103
vt 0.718750 0.048686
vt 0.593750 0.048686
vt 0.718750 0.058333
vt 0.593750 0.058333
vt 0.718750 0.083367
vt 0.718750 0.066618
vt 0.593750 0.066618
vt 0.718750 0.072974
vt 0.593750 0.072974
vt 0.718750 0.088561
vt 0.718750 0.076970
vt 0.593750 0.076970
vt 0.718750 0.090333
vt 0.718750 0.078333
vt 0.593750 0.078333
vt 0.718750 0.088561
vt 0.718750 0.076970
vt 0.593750 0.076970
vt 0.718750 0.072974
vt 0.593750 0.072974
vt 0.718750 0.083367
vt 0.718750 0.066618
vt 0.593750 0.066618
vt 0.718750 0.075103
vt 0.718750 0.058333
vt 0.593750 0.058333
vt 0.718750 0.048686
vt 0.593750 0.048686
vt 0.718750 0.064333
vt 0.718750 0.038333
vt 0.593750 0.038333
vt 0.718750 0.038333
vt 0.718750 0.051792
vt 0.718750 0.038333
vt 0.718750 0.038333
vt 0.593750 0.038333
vt 0.718750 0.048686
vt 0.593750 0.048686
vt 0.718750 0.058333
vt 0.593750 0.058333
vt 0.718750 0.066618
vt 0.593750 0.066618
vt 0.718750 0.072974
vt 0.593750 0.072974
vt 0.718750 0.076970
vt 0.593750 0.076970
vt 0.718750 0.078333
vt 0.593750 0.078333
vt 0.718750 0.076970
vt 0.593750 0.076970
vt 0.718750 0.072974
vt 0.593750 0.072974
vt 0.718750 0.066618
vt 0.593750 0.066618
vt 0.718750 0.058333
vt 0.593750 0.058333
vt 0.718750 0.048686
vt 0.593750 0.048686
vt 0.718750 0.038333
vt 0.593750 0.038333
vt 0.718750 0.038333
vt 0.718750 0.051667
vt 0.718750 0.038333
vt 0.718750 0.038333
vt 0.593750 0.038333
vt 0.718750 0.038333
vt 0.718750 0.038333
vt 0.718750 0.038333
vt 0.718750 0.038333
vt 0.593750 0.038333
vt 0.718750 0.038333
vt 0.718750 0.038333
vt 0.718750 0.038333
vt 0.718750 0.038333
vt 0.718750 0.038333
vt 0.718750 0.038333
vt 0.718750 0.051667
vt 0.718750 0.051667
vt 0.718750 0.038333
vt 0.718750 0.051667
vt 0.718750 0.051667
vt 0.718750 0.038333
vt 0.718750 0.118333
vt 0.093750 0.118333
vt 0.718750 0.151667
vt 0.093750 0.151667
vt 0.718750 0.118333
vt 0.093750 0.118333
vt 0.718750 0.118333
vt 0.093750 0.118333
vt 0.718750 0.118333
vt 0.093750 0.118333
vt 0.718750 0.151667
vt 0.093750 0.151667
vt 0.718750 0.151667
vt 0.093750 0.151667
vt 0.718750 0.158333
vt 0.093750 0.158333
vt 0.718750 0.158333
vt 0.093750 0.158333
vt 0.718750 0.158333
vt 0.093750 0.158333
vt 0.718750 0.158333
vt 0.093750 0.158333
vt 0.718750 0.151667
vt 0.093750 0.151667
vt 0.593750 0.072974
vt 0.593750 0.076970
vt 0.593750 0.038333
vt 0.593750 0.048686
vt 0.593750 0.058333
vt 0.593750 0.048686
vt 0.593750 0.038333
vt 0.593750 0.066618
vt 0.593750 0.078333
vt 0.593750 0.058333
vt 0.593750 0.076970
vt 0.593750 0.072974
vt 0.593750 0.048686
vt 0.593750 0.066618
vt 0.593750 0.038333
vt 0.593750 0.078333
vt 0.593750 0.076970
vt 0.593750 0.048686
vt 0.593750 0.048686
vt 0.593750 0.058333
vt 0.593750 0.066618
vt 0.593750 0.072974
vt 0.593750 0.076970
vt 0.593750 0.072974
vt 0.593750 0.066618
vt 0.593750 0.058333
vt 0.593750 0.038333
vt 0.593750 0.048686
vt 0.593750 0.048686
vt 0.593750 0.048686
s 0
f 3/5/1 2/3/1 1/1/1
f 2/3/1 3/5/1 4/6/1
f 4/6/1 3/5/1 5/8/1
f 4/6/1 5/8/1 6/9/1
f 4/6/1 6/9/1 7/10/1
f 7/10/1 6/9/1 8/12/1
f 9/13/1 7/10/1 8/12/1
f 10/14/1 7/10/1 9/13/1
f 11/15/1 7/10/1 10/14/1
f 7/10/1 11/15/1 12/16/1
f 15/20/2 14/19/3 13/18/2
f 14/19/4 15/20/2 16/21/4
f 15/20/5 18/23/5 17/22/5
f 18/23/5 15/20/5 13/18/5
f 19/24/6 15/20/6 17/22/6
f 15/20/6 19/24/6 16/21/6
f 16/21/6 19/24/6 20/25/6
f 23/31/2 22/28/2 21/26/2
f 22/28/2 23/31/2 24/32/2
f 25/35/2 24/32/2 23/31/2
f 25/35/2 26/36/2 24/32/2
f 25/35/2 27/38/2 26/36/2
f 25/35/2 28/40/2 27/38/2
f 29/42/2 28/40/2 25/35/2
f 29/42/2 30/44/2 28/40/2
f 31/46/2 30/44/2 29/42/2
f 31/46/2 32/48/2 30/44/2
f 19/24/2 32/48/2 31/46/2
f 17/22/2 32/48/2 19/24/2
f 17/22/2 33/50/2 32/48/2
f 18/23/2 33/50/2 17/22/2
f 33/50/2 18/23/2 34/52/2
f 35/54/2 34/52/2 18/23/2
f 35/54/2 36/55/2 34/52/2
f 35/54/2 37/58/2 36/55/2
f 37/58/2 35/54/2 38/60/2
f 41/63/7 40/62/8 39/61/7
f 40/62/8 41/63/9 42/64/8
f 41/63/6 43/65/6 42/64/6
f 43/65/6 41/63/6 44/66/6
f 44/66/6 41/63/6 45/67/6
f 46/68/10 41/63/7 39/61/11
f 41/63/7 46/68/10 45/67/10
f 43/65/5 40/62/5 42/64/5
f 40/62/5 43/65/5 47/69/5
f 14/19/4 20/25/10 48/70/10
f 20/25/10 14/19/4 16/21/12
f 49/71/8 11/15/8 10/14/8
f 11/15/8 49/71/8 50/73/8
f 50/73/8 49/71/8 51/74/8
f 50/73/8 51/74/8 52/76/8
f 55/79/13 54/78/6 53/77/13
f 54/78/6 55/79/13 56/80/6
f 57/81/2 3/5/2 1/1/2
f 3/5/2 57/81/2 58/82/2
f 58/82/2 57/81/2 59/84/2
f 59/84/2 57/81/2 60/86/2
f 63/91/2 62/89/2 61/87/2
f 62/89/2 63/91/2 64/92/2
f 64/92/2 65/93/2 62/89/2
f 66/95/2 64/92/2 63/91/2
f 66/95/2 65/93/2 64/92/2
f 66/95/2 67/96/2 65/93/2
f 66/95/2 68/98/2 67/96/2
f 67/96/2 68/98/2 69/99/2
f 68/98/14 70/101/14 69/99/14
f 66/95/2 71/103/2 68/98/2
f 68/98/2 71/103/2 70/101/2
f 66/95/2 72/104/2 71/103/2
f 73/105/2 70/101/2 71/103/2
f 6/9/2 72/104/2 66/95/2
f 74/107/2 70/101/2 73/105/2
f 72/104/2 6/9/2 74/107/2
f 74/107/2 5/8/2 70/101/2
f 5/8/2 74/107/2 6/9/2
f 76/109/6 75/108/15 38/60/6
f 75/108/15 76/109/6 77/110/15
f 80/113/13 79/112/6 78/111/13
f 79/112/6 80/113/13 81/114/6
f 79/112/6 81/114/6 82/115/6
f 82/115/6 81/114/6 83/117/6
f 84/119/6 83/117/6 81/114/6
f 84/119/6 85/120/6 83/117/6
f 84/119/6 86/122/6 85/120/6
f 81/114/6 80/113/13 87/124/6
f 84/119/6 81/114/6 88/125/6
f 87/124/6 80/113/13 89/126/6
f 89/126/6 90/127/6 88/125/6
f 84/119/6 88/125/6 90/127/6
f 90/127/6 89/126/6 91/128/6
f 89/126/6 80/113/13 91/128/6
f 91/128/6 80/113/13 92/129/6
f 93/130/15 92/129/6 80/113/13
f 93/130/15 84/119/6 92/129/6
f 94/131/15 84/119/6 93/130/15
f 94/131/15 86/122/6 84/119/6
f 86/122/6 94/131/15 95/132/6
f 6/9/10 96/133/10 8/12/10
f 96/133/10 6/9/10 80/113/10
f 80/113/10 6/9/10 93/130/10
f 93/130/10 6/9/10 66/95/10
f 98/135/8 96/133/8 97/134/8
f 99/137/8 96/133/8 98/135/8
f 100/139/8 96/133/8 99/137/8
f 99/137/8 101/140/8 100/139/8
f 101/140/8 96/133/8 100/139/8
f 102/142/8 96/133/8 101/140/8
f 103/144/8 96/133/8 102/142/8
f 102/142/8 104/145/8 103/144/8
f 105/147/14 103/144/14 104/145/14
f 105/147/8 106/149/8 103/144/8
f 106/149/8 96/133/8 103/144/8
f 105/147/8 107/151/8 106/149/8
f 108/152/8 96/133/8 106/149/8
f 9/13/8 107/151/8 105/147/8
f 109/153/8 96/133/8 108/152/8
f 107/151/8 9/13/8 109/153/8
f 109/153/8 8/12/8 96/133/8
f 8/12/8 109/153/8 9/13/8
f 80/113/13 97/134/16 96/133/16
f 97/134/16 80/113/13 78/111/13
f 55/79/13 50/73/16 52/76/16
f 50/73/16 55/79/13 53/77/17
f 93/130/15 63/91/18 94/131/15
f 63/91/18 93/130/19 66/95/18
f 77/110/15 57/81/18 75/108/15
f 57/81/18 77/110/15 60/86/18
f 111/156/8 110/154/8 54/78/8
f 110/154/8 111/156/8 112/157/8
f 112/157/8 111/156/8 113/160/8
f 113/160/8 111/156/8 47/69/8
f 113/160/8 47/69/8 114/162/8
f 114/162/8 47/69/8 43/65/8
f 114/162/8 43/65/8 115/164/8
f 43/65/8 116/166/8 115/164/8
f 116/166/8 43/65/8 44/66/8
f 115/164/8 116/166/8 117/168/8
f 117/168/8 116/166/8 118/170/8
f 117/168/8 118/170/8 119/172/8
f 119/172/8 118/170/8 120/174/8
f 119/172/8 120/174/8 121/175/8
f 121/175/8 120/174/8 122/177/8
f 122/177/8 120/174/8 123/179/8
f 123/179/8 120/174/8 124/182/8
f 124/182/8 125/183/8 123/179/8
f 125/183/8 124/182/8 126/186/8
f 129/192/20 128/190/21 127/188/21
f 128/190/21 129/192/20 130/193/22
f 130/193/20 129/192/20 131/194/23
f 132/195/24 120/174/24 118/170/24
f 120/174/24 132/195/24 129/192/25
f 129/192/20 132/195/24 133/197/24
f 129/192/25 133/197/24 131/194/23
f 131/194/23 133/197/24 130/193/20
f 130/193/25 133/197/24 25/35/24
f 25/35/24 133/197/24 29/42/24
f 134/199/26 85/121/26 86/123/26
f 85/121/26 134/199/26 135/200/26
f 135/200/26 134/199/26 31/47/26
f 135/200/26 31/47/26 29/43/26
f 136/201/27 82/116/27 83/118/27
f 82/116/27 136/201/27 137/202/27
f 137/202/27 136/201/27 116/167/27
f 116/167/27 136/201/27 118/171/27
f 125/184/28 138/203/28 123/180/28
f 138/203/29 125/184/29 139/205/29
f 139/205/29 125/184/29 140/207/29
f 140/207/29 125/184/29 141/209/29
f 112/158/29 142/211/29 110/155/29
f 142/211/30 112/158/30 143/213/30
f 142/211/29 143/213/29 144/215/29
f 142/211/29 144/215/29 145/217/29
f 136/201/31 132/196/32 118/171/32
f 132/196/32 136/201/33 146/219/32
f 146/219/32 136/201/33 147/220/32
f 135/200/33 147/220/32 136/201/33
f 29/43/32 147/220/32 135/200/33
f 147/220/32 29/43/32 133/198/32
f 149/223/34 37/59/34 148/221/34
f 37/59/34 149/223/34 150/225/34
f 37/59/34 150/225/34 151/227/34
f 37/59/35 151/227/35 36/56/35
f 152/229/35 22/29/35 24/33/35
f 22/29/34 152/229/34 153/231/34
f 22/29/34 153/231/34 154/233/34
f 22/29/34 154/233/34 155/235/34
f 125/184/36 155/235/36 141/209/36
f 155/235/36 125/184/36 22/29/36
f 158/241/5 157/239/5 156/237/5
f 157/239/5 158/241/5 159/243/5
f 162/249/5 161/247/5 160/245/5
f 161/247/5 162/249/5 163/250/5
f 83/118/10 164/252/10 136/201/37
f 164/252/10 83/118/10 85/121/10
f 165/253/10 136/201/37 164/252/10
f 164/252/10 85/121/10 166/254/10
f 136/201/37 165/253/10 135/200/37
f 166/254/10 85/121/10 167/256/10
f 167/256/10 85/121/10 168/258/10
f 168/258/10 85/121/10 169/259/10
f 135/200/37 169/259/10 85/121/10
f 135/200/33 165/253/10 170/260/10
f 135/200/37 171/262/10 169/259/10
f 135/200/37 170/260/10 171/262/10
f 73/106/2 173/265/2 172/264/2
f 173/265/2 73/106/2 174/266/2
f 177/269/8 176/268/8 175/267/8
f 176/268/8 177/269/8 106/150/8
f 157/240/1 179/271/1 178/270/1
f 179/271/1 157/240/1 1/2/1
f 182/274/6 181/273/15 180/272/6
f 181/273/15 182/274/6 183/275/15
f 183/275/15 182/274/6 184/276/6
f 183/275/15 185/277/18 181/273/15
f 185/277/18 183/275/15 186/278/18
f 187/279/2 1/2/2 157/240/2
f 1/2/2 187/279/2 188/280/2
f 1/2/2 188/280/2 189/282/2
f 1/2/2 189/282/2 190/283/2
f 1/2/2 190/283/2 186/278/2
f 186/278/2 190/283/2 191/285/2
f 188/280/2 187/279/2 192/286/2
f 192/286/2 187/279/2 193/287/2
f 193/287/2 187/279/2 194/289/2
f 194/289/38 187/279/38 195/291/38
f 186/278/2 191/285/2 196/292/2
f 186/278/2 196/292/2 197/293/2
f 186/278/2 197/293/2 198/294/2
f 186/278/2 198/294/2 199/295/2
f 186/278/2 199/295/2 200/296/2
f 186/278/2 200/296/2 201/297/2
f 186/278/2 201/297/2 185/277/2
f 156/238/1 203/299/1 202/298/1
f 203/299/1 156/238/1 160/246/1
f 204/300/39 26/37/40 27/39/39
f 26/37/40 204/300/41 205/301/40
f 208/306/10 207/304/42 206/302/10
f 209/308/42 206/302/10 207/304/42
f 113/161/43 211/311/44 210/310/43
f 211/311/44 113/161/43 114/163/44
f 214/316/44 213/314/43 212/312/44
f 215/318/45 212/312/44 213/314/43
f 216/320/43 33/51/44 34/53/43
f 33/51/44 216/320/43 217/321/44
f 117/169/10 219/323/46 218/322/10
f 219/323/46 117/169/47 119/173/46
f 221/325/48 150/226/49 220/324/50
f 150/226/49 221/325/48 151/228/51
f 224/330/40 223/328/39 222/326/40
f 225/332/39 222/326/40 223/328/39
f 115/165/42 218/322/10 226/334/42
f 218/322/10 115/165/42 117/169/10
f 228/336/52 139/206/53 227/335/54
f 139/206/53 228/336/52 138/204/55
f 153/232/53 230/338/52 229/337/54
f 230/338/52 153/232/53 152/230/55
f 220/324/50 149/224/56 231/339/56
f 149/224/56 220/324/50 150/226/49
f 234/344/57 233/342/52 232/340/57
f 235/346/52 232/340/57 233/342/52
f 121/176/39 237/349/40 236/348/39
f 237/349/40 121/176/41 122/178/40
f 114/163/44 226/334/42 211/311/44
f 226/334/42 114/163/44 115/165/42
f 144/216/49 239/351/48 238/350/50
f 239/351/48 144/216/49 143/214/51
f 240/352/42 30/45/10 32/49/42
f 30/45/10 240/352/58 241/353/10
f 242/354/46 27/39/39 28/41/46
f 27/39/39 242/354/46 204/300/39
f 241/353/10 28/41/59 30/45/10
f 28/41/46 241/353/10 242/354/46
f 153/232/53 243/355/60 154/234/61
f 243/355/62 153/232/53 229/337/63
f 217/321/44 32/49/42 33/51/44
f 32/49/42 217/321/44 240/352/42
f 227/335/54 140/208/64 244/356/60
f 140/208/64 227/335/54 139/206/53
f 228/336/52 123/181/65 138/204/55
f 123/181/66 228/336/52 237/349/40
f 123/181/67 237/349/40 122/178/40
f 221/325/48 36/57/68 151/228/51
f 36/57/69 221/325/48 216/320/43
f 36/57/70 216/320/43 34/53/43
f 119/173/46 236/348/39 219/323/46
f 236/348/39 119/173/71 121/176/39
f 24/34/67 230/338/52 152/230/55
f 230/338/52 24/34/67 205/301/40
f 205/301/40 24/34/67 26/37/40
f 112/159/68 239/351/48 143/214/51
f 239/351/48 112/159/69 210/310/43
f 210/310/43 112/159/70 113/161/43
f 144/216/49 245/357/56 145/218/56
f 245/357/56 144/216/49 238/350/50
f 247/360/46 208/306/10 246/358/46
f 206/302/10 246/358/46 208/306/10
f 250/366/72 249/364/72 248/362/48
f 251/368/48 248/362/48 249/364/72
f 254/374/10 253/372/42 252/370/10
f 255/376/42 252/370/10 253/372/42
f 258/382/57 257/380/52 256/378/57
f 259/384/52 256/378/57 257/380/52
f 260/386/6 127/189/21 128/191/73
f 127/189/21 260/386/6 261/387/6
f 21/27/6 261/387/6 260/386/6
f 21/27/6 126/187/6 261/387/6
f 22/30/6 126/187/6 21/27/6
f 126/187/6 22/30/6 125/185/6
f 264/390/43 263/389/74 262/388/43
f 263/389/40 264/390/75 265/391/40
f 263/389/40 171/263/6 170/261/6
f 171/263/6 263/389/40 265/391/76
f 267/393/5 7/11/5 266/392/5
f 7/11/5 267/393/5 4/7/5
f 269/395/2 159/244/2 268/394/2
f 159/244/2 269/395/2 270/397/2
f 270/397/2 269/395/2 194/290/2
f 194/290/2 269/395/2 193/288/2
f 193/288/2 269/395/2 271/398/2
f 271/398/2 269/395/2 272/399/2
f 271/398/2 272/399/2 273/401/2
f 271/398/2 273/401/2 188/281/2
f 188/281/2 273/401/2 274/403/2
f 188/281/2 274/403/2 275/405/2
f 188/281/2 275/405/2 276/407/2
f 276/407/2 275/405/2 277/408/2
f 276/407/2 277/408/2 190/284/2
f 190/284/2 277/408/2 278/410/2
f 190/284/2 278/410/2 279/412/2
f 190/284/2 279/412/2 280/414/2
f 280/414/2 279/412/2 281/415/2
f 280/414/2 281/415/2 282/417/2
f 282/417/2 281/415/2 283/418/2
f 282/417/2 283/418/2 284/420/2
f 284/420/2 283/418/2 285/421/2
f 284/420/2 285/421/2 286/423/2
f 284/420/2 286/423/2 287/425/2
f 287/425/2 286/423/2 288/426/2
f 287/425/2 288/426/2 289/428/2
f 287/425/2 289/428/2 290/430/2
f 287/425/2 290/430/2 291/431/2
f 290/430/2 289/428/2 292/432/2
f 290/430/2 292/432/2 293/433/2
f 296/438/1 295/436/1 294/434/1
f 295/436/1 296/438/1 297/440/1
f 267/393/1 299/443/1 298/442/1
f 299/443/1 267/393/1 266/392/1
f 300/444/2 12/17/2 160/246/2
f 12/17/2 300/444/2 7/11/2
f 7/11/2 300/444/2 301/446/2
f 7/11/2 301/446/2 213/314/2
f 7/11/2 213/314/2 266/392/2
f 266/392/2 213/314/2 214/316/2
f 266/392/2 214/316/2 207/304/2
f 266/392/2 207/304/2 208/306/2
f 266/392/2 208/306/2 247/360/2
f 266/392/2 247/360/2 223/328/2
f 266/392/2 223/328/2 224/330/2
f 266/392/2 224/330/2 233/342/2
f 266/392/2 233/342/2 234/344/2
f 266/392/2 234/344/2 299/443/2
f 304/452/39 303/450/46 302/448/39
f 305/454/46 302/448/39 303/450/46
f 2/4/8 249/364/8 156/238/8
f 249/364/8 2/4/8 4/7/8
f 249/364/8 4/7/8 251/368/8
f 251/368/8 4/7/8 306/456/8
f 306/456/8 4/7/8 267/393/8
f 306/456/8 267/393/8 307/458/8
f 307/458/8 267/393/8 255/376/8
f 255/376/8 267/393/8 252/370/8
f 252/370/8 267/393/8 305/454/8
f 305/454/8 267/393/8 302/448/8
f 302/448/8 267/393/8 308/460/8
f 308/460/8 267/393/8 259/384/8
f 259/384/8 267/393/8 256/378/8
f 256/378/8 267/393/8 298/442/8
f 301/446/48 309/462/48 213/314/43
f 215/318/43 213/314/43 309/462/48
f 259/384/52 257/380/52 308/460/40
f 310/464/40 308/460/40 257/380/77
f 300/444/72 311/466/72 301/446/48
f 309/462/48 301/446/48 311/466/72
f 303/450/46 254/374/10 305/454/46
f 252/370/10 305/454/46 254/374/10
f 233/342/77 224/330/40 235/346/52
f 222/326/40 235/346/52 224/330/40
f 253/372/42 312/468/44 255/376/42
f 307/458/44 255/376/42 312/468/44
f 214/316/44 212/312/44 207/304/42
f 209/308/42 207/304/42 212/312/44
f 310/464/40 304/452/39 308/460/40
f 302/448/39 308/460/40 304/452/39
f 312/468/44 313/470/43 307/458/44
f 306/456/43 307/458/44 313/470/43
f 223/328/39 247/360/46 225/332/39
f 246/358/46 225/332/39 247/360/46
f 251/368/48 306/456/43 248/362/48
f 313/470/43 248/362/48 306/456/43
f 156/238/10 300/444/10 160/246/10
f 300/444/10 156/238/10 311/466/10
f 311/466/10 156/238/10 232/340/10
f 232/340/10 156/238/10 250/366/10
f 250/366/10 156/238/10 249/364/10
f 258/382/10 232/340/10 250/366/10
f 298/442/10 232/340/10 258/382/10
f 298/442/10 258/382/10 256/378/10
f 299/443/10 232/340/10 298/442/10
f 232/340/10 299/443/10 234/344/10
f 248/362/8 258/382/8 250/366/8
f 258/382/8 248/362/8 313/470/8
f 258/382/8 313/470/8 312/468/8
f 258/382/8 312/468/8 253/372/8
f 258/382/8 253/372/8 254/374/8
f 258/382/8 254/374/8 303/450/8
f 258/382/8 303/450/8 304/452/8
f 258/382/8 304/452/8 310/464/8
f 258/382/8 310/464/8 257/380/8
f 232/340/2 309/462/2 311/466/2
f 309/462/2 232/340/2 215/318/2
f 215/318/2 232/340/2 212/312/2
f 212/312/2 232/340/2 209/308/2
f 209/308/2 232/340/2 206/302/2
f 206/302/2 232/340/2 246/358/2
f 246/358/2 232/340/2 225/332/2
f 225/332/2 232/340/2 222/326/2
f 222/326/2 232/340/2 235/346/2
f 316/476/5 315/474/5 314/472/5
f 315/474/5 316/476/5 317/478/5
f 317/478/5 316/476/5 318/480/5
f 317/478/5 318/480/5 289/428/5
f 289/428/5 318/480/5 292/432/5
f 292/432/5 318/480/5 319/482/5
f 292/432/5 319/482/5 320/484/5
f 294/434/5 315/474/5 317/478/5
f 295/436/5 315/474/5 294/434/5
f 321/485/5 315/474/5 295/436/5
f 322/487/5 315/474/5 321/485/5
f 321/485/5 323/488/5 322/487/5
f 322/487/5 324/490/5 315/474/5
f 324/490/5 322/487/5 325/492/5
f 326/493/6 316/476/6 314/472/6
f 316/476/6 326/493/6 327/495/6
f 238/350/8 328/497/8 245/357/8
f 328/497/8 238/350/8 239/351/8
f 328/497/8 239/351/8 210/310/8
f 328/497/8 210/310/8 329/499/8
f 329/499/8 210/310/8 330/501/8
f 330/501/8 210/310/8 211/311/8
f 330/501/8 211/311/8 331/503/8
f 331/503/8 211/311/8 332/505/8
f 332/505/8 211/311/8 226/334/8
f 332/505/8 226/334/8 333/507/8
f 333/507/8 226/334/8 218/322/8
f 333/507/8 218/322/8 334/509/8
f 334/509/8 218/322/8 219/323/8
f 334/509/8 219/323/8 335/511/8
f 335/511/8 219/323/8 336/513/8
f 336/513/8 219/323/8 236/348/8
f 336/513/8 236/348/8 337/515/8
f 337/515/8 236/348/8 237/349/8
f 337/515/8 237/349/8 338/517/8
f 338/517/8 237/349/8 339/519/8
f 339/519/8 237/349/8 228/336/8
f 339/519/8 228/336/8 340/521/8
f 340/521/8 228/336/8 244/356/8
f 244/356/8 228/336/8 227/335/8
f 340/521/8 244/356/8 341/523/8
f 341/523/8 244/356/8 342/524/8
f 344/526/8 343/525/8 163/251/8
f 343/525/8 344/526/8 345/527/8
f 345/527/8 344/526/8 346/529/8
f 345/527/8 346/529/8 347/530/8
f 345/527/8 347/530/8 348/531/8
f 345/527/8 348/531/8 349/532/8
f 349/532/8 348/531/8 350/534/8
f 350/534/8 348/531/8 351/536/8
f 350/534/8 351/536/8 352/537/8
f 352/537/8 351/536/8 353/539/8
f 353/539/8 351/536/8 354/541/8
f 353/539/8 354/541/8 355/542/8
f 355/542/8 354/541/8 356/544/8
f 355/542/8 356/544/8 357/545/8
f 357/545/8 356/544/8 358/547/8
f 357/545/8 358/547/8 359/548/8
f 359/548/8 358/547/8 360/550/8
f 360/550/8 358/547/8 361/552/8
f 360/550/8 361/552/8 362/553/8
f 362/553/8 361/552/8 363/555/8
f 362/553/8 363/555/8 364/556/8
f 364/556/8 363/555/8 365/558/8
f 365/558/8 363/555/8 366/560/8
f 365/558/8 366/560/8 367/561/8
f 367/561/8 366/560/8 323/488/8
f 323/488/8 366/560/8 368/563/8
f 368/563/8 366/560/8 369/564/8
f 323/488/8 368/563/8 322/487/8
f 322/487/8 368/563/8 370/565/8
f 371/566/2 220/324/2 231/339/2
f 220/324/2 371/566/2 221/325/2
f 221/325/2 371/566/2 216/320/2
f 216/320/2 371/566/2 372/568/2
f 216/320/2 372/568/2 373/570/2
f 216/320/2 373/570/2 217/321/2
f 217/321/2 373/570/2 374/572/2
f 217/321/2 374/572/2 375/574/2
f 217/321/2 375/574/2 240/352/2
f 240/352/2 375/574/2 376/576/2
f 240/352/2 376/576/2 241/353/2
f 241/353/2 376/576/2 377/578/2
f 241/353/2 377/578/2 378/580/2
f 241/353/2 378/580/2 242/354/2
f 242/354/2 378/580/2 379/582/2
f 242/354/2 379/582/2 204/300/2
f 204/300/2 379/582/2 380/584/2
f 204/300/2 380/584/2 205/301/2
f 205/301/2 380/584/2 381/586/2
f 205/301/2 381/586/2 382/588/2
f 205/301/2 382/588/2 230/338/2
f 230/338/2 382/588/2 383/590/2
f 230/338/2 383/590/2 243/355/2
f 230/338/78 243/355/78 229/337/78
f 243/355/2 383/590/2 384/592/2
f 243/355/2 384/592/2 385/593/2
f 319/482/2 386/594/2 320/484/2
f 386/594/2 319/482/2 387/595/2
f 320/484/1 293/433/1 292/432/1
f 293/433/1 320/484/1 386/594/1
f 388/597/10 149/224/10 148/222/10
f 149/224/10 388/597/10 231/339/10
f 231/339/10 388/597/10 389/598/10
f 231/339/10 389/598/10 293/433/10
f 231/339/10 293/433/10 371/566/10
f 371/566/10 293/433/10 387/595/10
f 387/595/10 293/433/10 386/594/10
f 391/600/8 325/492/8 390/599/8
f 325/492/8 391/600/8 324/490/8
f 370/565/10 391/600/10 390/599/10
f 391/600/10 370/565/10 392/602/10
f 392/602/10 328/497/10 391/600/10
f 328/497/10 392/602/10 245/357/10
f 393/603/10 245/357/10 392/602/10
f 245/357/10 393/603/10 145/218/10
f 145/218/10 393/603/10 142/212/10
f 322/487/1 390/599/1 325/492/1
f 390/599/1 322/487/1 370/565/1
f 264/390/43 166/255/1 167/257/1
f 166/255/1 264/390/43 262/388/79
f 297/440/5 343/525/5 345/527/5
f 343/525/5 297/440/5 394/604/5
f 394/604/5 297/440/5 203/299/5
f 203/299/5 297/440/5 202/298/5
f 202/298/5 297/440/5 296/438/5
f 202/298/5 296/438/5 269/395/5
f 202/298/5 269/395/5 395/605/5
f 395/605/5 269/395/5 268/394/5
f 158/242/80 202/298/81 395/605/80
f 202/298/81 158/242/80 156/238/81
f 268/394/82 158/242/80 395/605/80
f 158/242/80 268/394/82 159/244/82
f 160/246/83 394/604/84 203/299/83
f 394/604/84 160/246/83 161/248/84
f 163/251/85 394/604/84 161/248/84
f 394/604/84 163/251/85 343/525/85
f 398/608/16 397/607/86 396/606/16
f 397/607/86 398/608/16 399/609/86
f 398/608/16 341/523/87 342/524/87
f 341/523/87 398/608/16 396/606/16
f 399/609/86 400/610/88 397/607/86
f 400/610/88 399/609/86 401/611/88
f 384/592/89 402/612/18 385/593/89
f 402/612/18 384/592/89 403/613/18
f 401/611/88 403/613/18 400/610/88
f 403/613/18 401/611/88 402/612/18
f 243/355/90 155/236/10 154/234/61
f 155/236/10 243/355/90 401/611/10
f 401/611/10 141/210/10 155/236/10
f 401/611/10 243/355/90 402/612/10
f 402/612/10 243/355/90 385/593/10
f 399/609/10 141/210/10 401/611/10
f 399/609/10 140/208/61 141/210/10
f 398/608/10 140/208/61 399/609/10
f 342/524/10 140/208/61 398/608/10
f 140/208/61 342/524/10 244/356/90
f 341/523/5 326/493/5 340/521/5
f 326/493/5 341/523/5 396/606/5
f 326/493/5 396/606/5 397/607/5
f 326/493/5 397/607/5 400/610/5
f 326/493/5 400/610/5 327/495/5
f 327/495/5 400/610/5 383/590/5
f 383/590/5 400/610/5 403/613/5
f 383/590/5 403/613/5 384/592/5
f 105/148/6 404/614/6 49/72/6
f 404/614/6 105/148/6 405/616/91
f 405/616/91 105/148/6 104/146/91
f 404/614/10 51/75/10 49/72/10
f 51/75/10 404/614/10 406/618/10
f 58/83/10 408/622/10 407/620/10
f 408/622/10 58/83/10 59/85/10
f 61/88/1 408/622/1 59/85/1
f 408/622/1 61/88/1 409/624/92
f 409/624/92 61/88/1 62/90/92
f 410/626/92 51/75/1 406/618/1
f 51/75/1 410/626/92 98/136/1
f 98/136/1 410/626/92 99/138/92
f 411/628/93 102/143/94 101/141/93
f 102/143/94 411/628/93 412/630/94
f 412/630/94 104/146/91 102/143/94
f 104/146/91 412/630/94 405/616/91
f 410/626/92 101/141/93 99/138/92
f 101/141/93 410/626/92 411/628/93
f 65/94/93 414/634/94 413/632/93
f 414/634/94 65/94/93 67/97/94
f 415/636/91 58/83/6 407/620/6
f 58/83/6 415/636/91 70/102/6
f 70/102/6 415/636/91 69/100/91
f 67/97/94 415/636/91 414/634/94
f 415/636/91 67/97/94 69/100/91
f 62/90/92 413/632/93 409/624/92
f 413/632/93 62/90/92 65/94/93
f 416/638/95 335/512/96 336/514/95
f 335/512/96 416/638/95 417/639/96
f 233/343/97 362/554/98 364/557/97
f 362/554/98 233/343/97 224/331/98
f 235/347/97 224/331/98 233/343/97
f 224/331/98 235/347/97 222/327/98
f 223/329/95 359/549/96 360/551/95
f 359/549/96 223/329/95 247/361/96
f 225/333/95 247/361/96 223/329/95
f 247/361/96 225/333/95 246/359/96
f 391/601/6 315/475/6 324/491/6
f 315/475/6 391/601/6 418/640/99
f 418/640/99 391/601/6 328/498/100
f 207/305/101 206/303/5 209/309/101
f 206/303/5 207/305/101 208/307/5
f 355/543/101 208/307/5 207/305/101
f 208/307/5 355/543/101 357/546/5
f 213/315/102 212/313/103 215/319/102
f 212/313/103 213/315/102 214/317/103
f 352/538/102 214/317/103 213/315/102
f 214/317/103 352/538/102 353/540/103
f 330/502/104 419/641/105 329/500/105
f 419/641/105 330/502/104 420/642/104
f 326/494/106 339/520/107 340/522/106
f 339/520/107 326/494/106 421/643/107
f 288/427/1 317/479/1 289/429/1
f 317/479/1 288/427/1 422/644/1
f 423/645/98 336/514/95 337/516/98
f 336/514/95 423/645/98 416/638/95
f 417/639/96 334/510/5 335/512/96
f 334/510/5 417/639/96 424/646/5
f 223/329/95 222/327/98 225/333/95
f 222/327/98 223/329/95 224/331/98
f 360/551/95 224/331/98 223/329/95
f 224/331/98 360/551/95 362/554/98
f 425/647/97 337/516/98 338/518/97
f 337/516/98 425/647/97 423/645/98
f 207/305/101 353/540/103 355/543/101
f 353/540/103 207/305/101 214/317/103
f 207/305/101 212/313/103 214/317/103
f 212/313/103 207/305/101 209/309/101
f 426/648/101 332/506/103 333/508/101
f 332/506/103 426/648/101 427/649/103
f 233/343/97 232/341/92 235/347/97
f 232/341/92 233/343/97 234/345/92
f 232/341/108 234/345/108 428/650/107
f 364/557/97 234/345/92 233/343/97
f 234/345/108 365/559/107 428/650/107
f 365/559/107 234/345/92 364/557/97
f 352/538/102 301/447/104 350/535/104
f 301/447/104 352/538/102 213/315/102
f 213/315/102 309/463/104 301/447/104
f 309/463/104 213/315/102 215/319/102
f 427/649/103 331/504/102 332/506/103
f 331/504/102 427/649/103 429/651/102
f 329/500/105 418/640/99 328/498/109
f 418/640/99 329/500/105 419/641/105
f 430/652/99 319/483/6 318/481/6
f 319/483/6 430/652/99 371/567/100
f 319/483/6 371/567/100 387/596/6
f 377/579/5 432/654/101 431/653/5
f 432/654/101 377/579/5 376/577/101
f 424/646/5 333/508/101 334/510/5
f 333/508/101 424/646/5 426/648/101
f 382/589/107 327/496/110 383/591/110
f 327/496/110 382/589/107 433/655/107
f 331/504/102 420/642/104 330/502/104
f 420/642/104 331/504/102 429/651/102
f 421/643/107 338/518/97 339/520/107
f 338/518/97 421/643/107 425/647/97
f 208/307/5 246/359/96 206/303/5
f 246/359/96 208/307/5 247/361/96
f 357/546/5 247/361/96 208/307/5
f 247/361/96 357/546/5 359/549/96
f 316/477/2 430/652/2 318/481/2
f 430/652/2 316/477/2 434/656/2
f 434/656/2 316/477/2 435/657/2
f 435/657/2 316/477/2 436/658/2
f 436/658/2 316/477/2 437/659/2
f 437/659/2 316/477/2 432/654/2
f 432/654/2 316/477/2 431/653/2
f 431/653/2 316/477/2 438/660/2
f 438/660/2 316/477/2 439/661/2
f 439/661/2 316/477/2 440/662/2
f 440/662/2 316/477/2 441/663/2
f 441/663/2 316/477/2 433/655/2
f 433/655/2 316/477/2 327/496/2
f 376/577/101 437/659/103 432/654/101
f 437/659/103 376/577/101 375/575/103
f 435/657/104 372/569/105 434/656/105
f 372/569/105 435/657/104 373/571/104
f 308/461/98 285/422/97 283/419/98
f 285/422/97 308/461/98 259/385/97
f 308/461/98 257/381/97 259/385/97
f 257/381/97 308/461/98 310/465/98
f 307/459/103 277/409/101 275/406/103
f 277/409/101 307/459/103 255/377/101
f 312/469/103 255/377/101 307/459/103
f 255/377/101 312/469/103 253/373/101
f 273/402/104 306/457/102 274/404/102
f 306/457/102 273/402/104 251/369/104
f 248/363/104 306/457/102 251/369/104
f 306/457/102 248/363/104 313/471/102
f 252/371/5 279/413/96 278/411/5
f 279/413/96 252/371/5 305/455/96
f 254/375/5 305/455/96 252/371/5
f 305/455/96 254/375/5 303/451/96
f 380/585/98 441/663/97 381/587/97
f 441/663/97 380/585/98 440/662/98
f 434/656/105 371/567/109 430/652/99
f 371/567/109 434/656/105 372/569/105
f 375/575/103 436/658/102 437/659/103
f 436/658/102 375/575/103 374/573/102
f 252/371/5 253/373/101 254/375/5
f 253/373/101 252/371/5 255/377/101
f 278/411/5 255/377/101 252/371/5
f 255/377/101 278/411/5 277/409/101
f 378/581/96 431/653/5 438/660/96
f 431/653/5 378/581/96 377/579/5
f 419/641/8 315/475/8 418/640/8
f 315/475/8 419/641/8 314/473/8
f 314/473/8 419/641/8 420/642/8
f 314/473/8 420/642/8 429/651/8
f 314/473/8 429/651/8 427/649/8
f 314/473/8 427/649/8 426/648/8
f 314/473/8 426/648/8 424/646/8
f 314/473/8 424/646/8 417/639/8
f 314/473/8 417/639/8 416/638/8
f 314/473/8 416/638/8 423/645/8
f 314/473/8 423/645/8 425/647/8
f 314/473/8 425/647/8 421/643/8
f 314/473/8 421/643/8 326/494/8
f 281/416/95 308/461/98 283/419/98
f 308/461/98 281/416/95 302/449/95
f 304/453/95 308/461/98 302/449/95
f 308/461/98 304/453/95 310/465/98
f 306/457/102 275/406/103 274/404/102
f 275/406/103 306/457/102 307/459/103
f 313/471/102 307/459/103 306/457/102
f 307/459/103 313/471/102 312/469/103
f 305/455/96 281/416/95 279/413/96
f 281/416/95 305/455/96 302/449/95
f 303/451/96 302/449/95 305/455/96
f 302/449/95 303/451/96 304/453/95
f 436/658/102 373/571/104 435/657/104
f 373/571/104 436/658/102 374/573/102
f 442/664/1 323/489/1 321/486/1
f 323/489/1 442/664/1 367/562/1
f 381/587/97 433/655/107 382/589/107
f 433/655/107 381/587/97 441/663/97
f 380/585/98 439/661/95 440/662/98
f 439/661/95 380/585/98 379/583/95
f 379/583/95 438/660/96 439/661/95
f 438/660/96 379/583/95 378/581/96
f 311/467/111 301/447/104 309/463/104
f 301/447/104 311/467/111 300/445/111
f 300/445/111 350/535/104 301/447/104
f 311/467/91 443/665/105 300/445/91
f 300/445/91 349/533/105 350/535/104
f 349/533/105 300/445/91 443/665/105
f 444/666/105 269/396/112 296/439/112
f 269/396/112 444/666/105 272/400/105
f 250/367/91 272/400/105 444/666/105
f 272/400/105 250/367/91 249/365/91
f 248/363/104 249/365/111 250/367/111
f 272/400/105 249/365/91 273/402/104
f 249/365/111 248/363/104 251/369/104
f 273/402/104 249/365/111 251/369/104
f 286/424/107 422/644/106 288/427/106
f 422/644/106 286/424/107 445/667/107
f 317/479/2 296/439/2 294/435/2
f 296/439/2 317/479/2 444/666/2
f 444/666/2 317/479/2 250/367/2
f 250/367/2 317/479/2 258/383/2
f 258/383/2 317/479/2 445/667/2
f 445/667/2 317/479/2 422/644/2
f 442/664/106 365/559/107 367/562/106
f 365/559/107 442/664/106 428/650/107
f 349/533/105 297/441/112 345/528/112
f 297/441/112 349/533/105 443/665/105
f 443/665/8 295/437/8 297/441/8
f 295/437/8 443/665/8 321/486/8
f 321/486/8 443/665/8 311/467/8
f 321/486/8 311/467/8 232/341/8
f 321/486/8 232/341/8 428/650/8
f 321/486/8 428/650/8 442/664/8
f 250/367/2 258/383/2 248/363/2
f 313/471/2 248/363/2 258/383/2
f 312/469/2 313/471/2 258/383/2
f 253/373/2 312/469/2 258/383/2
f 254/375/2 253/373/2 258/383/2
f 303/451/2 254/375/2 258/383/2
f 304/453/2 303/451/2 258/383/2
f 310/465/2 304/453/2 258/383/2
f 257/381/2 310/465/2 258/383/2
f 311/467/8 309/463/8 232/341/8
f 215/319/8 232/341/8 309/463/8
f 212/313/8 232/341/8 215/319/8
f 209/309/8 232/341/8 212/313/8
f 206/303/8 232/341/8 209/309/8
f 246/359/8 232/341/8 206/303/8
f 225/333/8 232/341/8 246/359/8
f 222/327/8 232/341/8 225/333/8
f 235/347/8 232/341/8 222/327/8
f 256/379/92 286/424/107 285/422/97
f 256/379/92 285/422/97 259/385/97
f 286/424/107 256/379/108 445/667/107
f 257/381/97 256/379/92 259/385/97
f 445/667/107 256/379/108 258/383/108
f 256/379/92 257/381/97 258/383/92
f 14/19/1 18/23/1 13/18/1
f 18/23/1 14/19/1 35/54/1
f 35/54/1 14/19/1 48/70/1
f 111/156/1 40/62/1 47/69/1
f 40/62/1 111/156/1 39/61/1
f 39/61/1 111/156/1 46/68/1
f 412/631/8 404/615/8 405/617/8
f 404/615/8 412/631/8 406/619/8
f 406/619/8 412/631/8 411/629/8
f 406/619/8 411/629/8 410/627/8
f 408/623/2 415/637/2 407/621/2
f 415/637/2 408/623/2 414/635/2
f 414/635/2 408/623/2 413/633/2
f 413/633/2 408/623/2 409/625/2
g ambulance.001_Mesh
v -0.275343 0.062860 0.476000
v -0.331343 0.062860 0.476000
v -0.331343 -0.062860 0.476000
v -0.275343 0.097720 0.476000
v -0.275343 -0.062860 0.476000
v -0.275343 0.138600 0.504000
v -0.275343 -0.138600 0.504000
v -0.275343 -0.097720 0.476000
v -0.275343 -0.112000 0.448000
v -0.275343 -0.154000 0.448000
v 0.073795 -0.154000 0.448000
v 0.073795 -0.138600 0.504000
v 0.073795 -0.112000 0.448000
v 0.073795 -0.097720 0.476000
v 0.073795 0.138600 0.504000
v 0.073795 -0.062860 0.476000
v 0.073795 0.062860 0.476000
v 0.073795 0.097720 0.476000
v 0.073795 0.154000 0.448000
v 0.073795 0.112000 0.448000
v -0.275343 0.154000 0.448000
v -0.275343 0.112000 0.448000
v -0.331343 -0.062860 0.448000
v -0.331343 0.062860 0.448000
vn -0.7071 -0.0000 0.7071
vn -0.0000 -0.0000 1.0000
vn -0.7071 0.0004 0.7071
vn -1.0000 -0.0000 -0.0000
vn -0.0000 -0.9642 0.2652
vn -0.0000 -0.6062 0.7953
vn 0.0001 -0.6062 0.7953
vn 1.0000 -0.0000 -0.0000
vn -0.0000 0.9642 0.2652
vn -0.0000 0.6062 0.7953
vn -0.0001 0.6062 0.7953
vn -0.0000 -0.6061 0.7954
vn -0.0000 0.6061 0.7954
vn -0.7071 -0.0003 0.7071
vt 0.718750 0.225000
vt 0.093750 0.375000
vt 0.718750 0.225000
vt 0.718750 0.225000
vt 0.093750 0.375000
vt 0.718750 0.225000
vt 0.093750 0.375000
vt 0.093750 0.425000
vt 0.093750 0.425000
vt 0.093750 0.375000
vt 0.093750 0.325000
vt 0.093750 0.325000
vt 0.093750 0.325000
vt 0.093750 0.425000
vt 0.093750 0.325000
vt 0.093750 0.375000
vt 0.093750 0.425000
vt 0.093750 0.375000
vt 0.093750 0.375000
vt 0.093750 0.375000
vt 0.093750 0.325000
vt 0.093750 0.325000
vt 0.093750 0.325000
vt 0.093750 0.325000
vt 0.718750 0.211667
vt 0.718750 0.211667
s 0
f 448/671/113 446/668/114 447/670/113
f 446/668/114 448/671/115 450/673/114
f 450/674/116 449/672/116 446/669/116
f 451/675/116 449/672/116 450/674/116
f 450/674/116 452/676/116 451/675/116
f 453/677/116 452/676/116 450/674/116
f 454/678/116 452/676/116 453/677/116
f 452/676/116 454/678/116 455/679/116
f 456/680/117 452/676/118 455/679/117
f 452/676/119 456/680/117 457/681/118
f 458/682/120 457/681/120 456/680/120
f 457/681/120 458/682/120 459/683/120
f 457/681/120 459/683/120 460/684/120
f 461/685/120 460/684/120 459/683/120
f 462/686/120 460/684/120 461/685/120
f 463/687/120 460/684/120 462/686/120
f 463/687/120 464/688/120 460/684/120
f 464/688/120 463/687/120 465/689/120
f 466/690/121 460/684/122 464/688/121
f 460/684/123 466/690/121 451/675/122
f 467/691/116 451/675/116 466/690/116
f 451/675/116 467/691/116 449/672/116
f 452/676/124 460/684/125 451/675/125
f 460/684/125 452/676/124 457/681/124
f 448/671/113 469/693/116 468/692/116
f 469/693/116 448/671/113 447/670/126
g ambulance.002_Mesh
v 0.185795 -0.126000 0.392000
v 0.185795 -0.154000 0.392000
v 0.185795 -0.126000 0.420000
v 0.185795 -0.154000 0.420000
vn 1.0000 -0.0000 -0.0000
vt 0.093750 0.525000
vt 0.093750 0.525000
vt 0.093750 0.725000
vt 0.093750 0.725000
s 0
f 472/696/127 471/695/127 470/694/127
f 471/695/127 472/696/127 473/697/127
g ambulance.003_Mesh
v 0.185795 0.154000 0.392000
v 0.185795 0.126000 0.392000
v 0.185795 0.154000 0.420000
v 0.185795 0.126000 0.420000
vn 1.0000 -0.0000 -0.0000
vt 0.093750 0.525000
vt 0.093750 0.525000
vt 0.093750 0.725000
vt 0.093750 0.725000
s 0
f 476/700/128 475/699/128 474/698/128
f 475/699/128 476/700/128 477/701/128
g ambulance.004_Mesh
v -0.387343 -0.182000 0.252000
v -0.387343 -0.182000 0.308000
v -0.285327 -0.182000 0.252000
v -0.285327 -0.182000 0.308000
vn -0.0000 -1.0000 -0.0000
vt 0.093750 0.575000
vt 0.093750 0.675000
vt 0.093750 0.575000
vt 0.093750 0.675000
s 0
f 480/704/129 479/703/129 478/702/129
f 479/703/129 480/704/129 481/705/129
g ambulance.005_Mesh
v -0.061327 -0.182000 0.252000
v -0.061327 -0.182000 0.308000
v 0.171795 -0.182000 0.252000
v 0.171795 -0.182000 0.308000
v 0.185795 -0.168000 0.252000
v 0.185795 -0.168000 0.308000
v 0.185795 -0.137200 0.308000
v 0.185795 -0.148400 0.252000
vn -0.0000 -1.0000 -0.0000
vn 0.7071 -0.7071 -0.0000
vn 0.9239 -0.3827 0.0001
vn 0.9239 -0.3827 -0.0000
vn 1.0000 -0.0000 -0.0000
vn 0.9239 -0.3827 -0.0001
vt 0.093750 0.575000
vt 0.093750 0.675000
vt 0.093750 0.575000
vt 0.093750 0.675000
vt 0.093750 0.575000
vt 0.093750 0.675000
vt 0.093750 0.675000
vt 0.093750 0.575000
s 0
f 484/708/130 483/707/130 482/706/130
f 483/707/130 484/708/130 485/709/130
f 484/708/131 487/711/132 485/709/131
f 487/711/133 484/708/131 486/710/133
f 486/710/133 488/712/134 487/711/133
f 488/712/134 486/710/135 489/713/134
g ambulance.006_Mesh
v -0.061327 0.182000 0.308000
v -0.061327 0.182000 0.252000
v 0.171795 0.182000 0.308000
v 0.171795 0.182000 0.252000
v 0.185795 0.168000 0.308000
v 0.185795 0.168000 0.252000
v 0.185795 0.148400 0.252000
v 0.185795 0.137200 0.308000
vn -0.0000 1.0000 -0.0000
vn 0.9239 0.3827 -0.0000
vn 0.7071 0.7071 -0.0000
vn 0.9239 0.3827 0.0001
vn 1.0000 -0.0000 -0.0000
vt 0.093750 0.675000
vt 0.093750 0.575000
vt 0.093750 0.675000
vt 0.093750 0.575000
vt 0.093750 0.675000
vt 0.093750 0.575000
vt 0.093750 0.575000
vt 0.093750 0.675000
s 0
f 492/716/136 491/715/136 490/714/136
f 491/715/136 492/716/136 493/717/136
f 494/718/137 493/717/138 492/716/138
f 493/717/138 494/718/137 495/719/139
f 494/718/137 496/720/140 495/719/137
f 496/720/140 494/718/139 497/721/140
g ambulance.007_Mesh
v -0.387343 0.182000 0.308000
v -0.387343 0.182000 0.252000
v -0.285327 0.182000 0.308000
v -0.285327 0.182000 0.252000
vn -0.0000 1.0000 -0.0000
vt 0.093750 0.675000
vt 0.093750 0.575000
vt 0.093750 0.675000
vt 0.093750 0.575000
s 0
f 500/724/141 499/723/141 498/722/141
f 499/723/141 500/724/141 501/725/141
g ambulance.008_Mesh
v 0.185795 0.135333 0.084000
v 0.185795 0.154000 0.140000
v 0.185795 0.168000 0.084000
v 0.185795 0.168000 0.224000
v 0.171795 0.182000 0.084000
v 0.129795 0.182000 0.084000
v 0.171795 0.182000 0.224000
v -0.387343 0.182000 0.224000
v -0.194143 0.182000 0.193200
v -0.165880 0.182000 0.189479
v -0.139543 0.182000 0.178570
v -0.116927 0.182000 0.161216
v -0.099573 0.182000 0.138600
v -0.088664 0.182000 0.112263
v -0.084943 0.182000 0.084000
v -0.222406 0.182000 0.189479
v -0.248743 0.182000 0.178570
v -0.359343 0.182000 0.112000
v -0.271360 0.182000 0.161216
v -0.387343 0.182000 0.112000
v -0.387343 0.154000 0.112000
v -0.387343 0.154000 0.224000
v -0.288713 0.182000 0.138600
v -0.299622 0.182000 0.112263
v -0.299657 0.182000 0.112000
v 0.185795 0.154000 0.224000
vn 0.9239 0.3827 -0.0000
vn 1.0000 -0.0000 -0.0000
vn 0.7071 0.7071 -0.0000
vn 0.9239 0.3827 0.0002
vn -0.0000 1.0000 -0.0000
vn -1.0000 -0.0000 -0.0000
vn -0.0000 1.0000 -0.0001
vn 0.9239 0.3827 0.0001
vt 0.093750 0.575000
vt 0.093750 0.615000
vt 0.093750 0.575000
vt 0.093750 0.675000
vt 0.093750 0.575000
vt 0.093750 0.575000
vt 0.093750 0.675000
vt 0.093750 0.675000
vt 0.093750 0.653000
vt 0.093750 0.650342
vt 0.093750 0.642550
vt 0.093750 0.630154
vt 0.093750 0.614000
vt 0.093750 0.595188
vt 0.093750 0.575000
vt 0.093750 0.650342
vt 0.093750 0.642550
vt 0.093750 0.595000
vt 0.093750 0.630154
vt 0.093750 0.595000
vt 0.093750 0.595000
vt 0.093750 0.675000
vt 0.093750 0.614000
vt 0.093750 0.595188
vt 0.093750 0.595000
vt 0.093750 0.675000
s 0
f 504/728/142 503/727/143 502/726/143
f 503/727/143 504/728/142 505/729/142
f 506/730/144 505/729/142 504/728/145
f 505/729/142 506/730/144 508/732/144
f 507/731/146 508/732/146 506/730/146
f 510/734/146 509/733/146 508/732/146
f 510/734/146 508/732/146 511/735/146
f 511/735/146 508/732/146 512/736/146
f 512/736/146 508/732/146 513/737/146
f 513/737/146 508/732/146 514/738/146
f 514/738/146 508/732/146 515/739/146
f 515/739/146 508/732/146 516/740/146
f 516/740/146 508/732/146 507/731/146
f 517/741/146 509/733/146 510/734/146
f 518/742/146 509/733/146 517/741/146
f 521/745/146 518/742/146 519/743/146
f 519/743/146 518/742/146 520/744/146
f 509/733/146 518/742/146 521/745/146
f 521/745/147 523/747/147 509/733/147
f 523/747/147 521/745/147 522/746/147
f 519/743/146 520/744/146 524/748/146
f 519/743/146 524/748/146 525/749/146
f 519/743/148 525/749/148 526/750/148
f 503/727/143 505/729/149 527/751/143
g ambulance.009_Mesh
v 0.129795 0.062860 0.448000
v 0.129795 -0.062860 0.448000
v 0.129795 0.062860 0.476000
v 0.129795 -0.062860 0.476000
v 0.073795 0.062860 0.476000
v 0.073795 -0.062860 0.476000
vn 0.7071 -0.0000 0.7071
vn 1.0000 -0.0000 -0.0000
vn 0.7071 0.0003 0.7071
vn -0.0000 -0.0000 1.0000
vn 0.7071 -0.0004 0.7071
vt 0.718750 0.211667
vt 0.718750 0.211667
vt 0.718750 0.225000
vt 0.718750 0.225000
vt 0.718750 0.225000
vt 0.718750 0.225000
s 0
f 530/754/150 529/753/151 528/752/151
f 529/753/151 530/754/150 531/755/152
f 530/754/150 533/757/153 531/755/150
f 533/757/153 530/754/154 532/756/153
g ambulance.010_Mesh
v 0.508657 0.035000 0.070000
v 0.508657 0.049000 0.084000
v 0.494657 0.035000 0.070000
v 0.508657 -0.035000 0.070000
v 0.494657 -0.035000 0.070000
v 0.494657 -0.049000 0.084000
v 0.494657 0.049000 0.084000
v 0.508657 -0.049000 0.084000
v 0.494657 -0.049000 0.105000
v 0.494657 0.049000 0.105000
v 0.494657 -0.035000 0.119000
v 0.508657 -0.035000 0.119000
v 0.508657 -0.049000 0.105000
v 0.508657 0.049000 0.105000
v 0.508657 0.035000 0.119000
v 0.494657 0.035000 0.119000
vn 1.0000 -0.0000 -0.0000
vn -0.0000 0.3827 -0.9239
vn -0.0000 0.9239 -0.3827
vn 0.0001 -0.3827 -0.9239
vn -0.0000 -0.3827 -0.9239
vn -0.0001 0.3827 -0.9239
vn -1.0000 -0.0000 -0.0000
vn 0.0002 -0.9239 -0.3827
vn -0.0000 -0.9239 -0.3827
vn -0.0001 -0.9239 0.3827
vn -0.0000 -0.9239 0.3827
vn -0.0000 -0.3827 0.9239
vn 0.0002 -0.3827 0.9239
vn 0.0002 -0.9239 0.3827
vn 0.0001 -0.9239 -0.3827
vn -0.0000 0.3827 0.9239
vn 0.0001 0.3827 0.9239
vn -0.0000 0.9239 0.3827
vn -0.0002 0.3827 0.9239
vn -0.0001 -0.3827 0.9239
vn 0.0001 0.9239 0.3827
vn -0.0001 0.9239 -0.3827
vt 0.093750 0.275000
vt 0.718750 0.025000
vt 0.093750 0.332143
vt 0.718750 0.082143
vt 0.718750 0.025000
vt 0.718750 0.025000
vt 0.093750 0.275000
vt 0.718750 0.025000
vt 0.718750 0.082143
vt 0.718750 0.082143
vt 0.718750 0.082143
vt 0.093750 0.332143
vt 0.718750 0.167857
vt 0.718750 0.167857
vt 0.718750 0.225000
vt 0.093750 0.475000
vt 0.718750 0.225000
vt 0.718750 0.167857
vt 0.093750 0.417857
vt 0.093750 0.417857
vt 0.718750 0.167857
vt 0.093750 0.475000
vt 0.718750 0.225000
vt 0.718750 0.225000
s 0
f 535/760/155 537/764/155 534/758/155
f 536/762/156 535/761/157 534/759/156
f 534/759/156 538/765/158 536/762/156
f 538/765/159 534/759/160 537/763/159
f 539/766/161 536/762/161 538/765/161
f 537/763/159 539/766/162 538/765/159
f 536/762/161 539/766/161 540/767/161
f 540/767/161 539/766/161 542/770/161
f 539/766/163 537/763/159 541/768/163
f 541/768/163 542/770/164 539/766/163
f 540/767/161 542/770/161 543/771/161
f 543/771/161 542/770/161 544/772/161
f 542/770/165 545/774/166 544/772/167
f 545/774/166 542/770/165 546/775/168
f 542/770/165 541/768/169 546/775/165
f 546/776/155 547/777/155 548/779/155
f 541/769/155 547/777/155 546/776/155
f 546/776/155 548/779/155 545/773/155
f 544/772/166 548/780/170 549/781/171
f 547/778/172 549/781/170 548/780/173
f 548/780/170 544/772/166 545/774/174
f 549/781/170 547/778/172 543/771/175
f 543/771/161 544/772/161 549/781/161
f 541/769/155 535/760/155 547/777/155
f 540/767/157 547/778/175 535/761/157
f 547/778/172 540/767/176 543/771/172
f 537/764/155 535/760/155 541/769/155
f 535/761/157 536/762/156 540/767/157
g ambulance.011_Mesh
v -0.401343 -0.035000 0.059500
v -0.401343 -0.049000 0.073500
v -0.387343 -0.035000 0.059500
v -0.401343 0.035000 0.059500
v -0.387343 0.035000 0.059500
v -0.387343 0.049000 0.073500
v -0.387343 -0.049000 0.073500
v -0.401343 0.049000 0.073500
v -0.387343 0.049000 0.094500
v -0.387343 -0.049000 0.094500
v -0.387343 0.035000 0.108500
v -0.401343 0.035000 0.108500
v -0.401343 0.049000 0.094500
v -0.401343 -0.049000 0.094500
v -0.401343 -0.035000 0.108500
v -0.387343 -0.035000 0.108500
vn -1.0000 -0.0000 -0.0000
vn -0.0000 -0.3827 -0.9239
vn 0.0002 -0.9239 -0.3827
vn -0.0001 0.3827 -0.9239
vn -0.0000 0.3827 -0.9239
vn 0.0001 -0.3827 -0.9239
vn 1.0000 -0.0000 -0.0000
vn -0.0002 0.9239 -0.3827
vn -0.0000 0.9239 -0.3827
vn 0.0002 0.3827 -0.9239
vn 0.0001 0.9239 0.3827
vn -0.0000 0.9239 0.3827
vn -0.0000 0.3827 0.9239
vn -0.0002 0.3827 0.9239
vn -0.0001 0.9239 -0.3827
vn -0.0000 -0.3827 0.9239
vn -0.0001 -0.3827 0.9239
vn -0.0000 -0.9239 0.3827
vn 0.0002 -0.3827 0.9239
vn 0.0001 0.3827 0.9239
vn -0.0001 -0.9239 0.3827
vn -0.0000 -0.9239 -0.3827
vn 0.0001 -0.9239 -0.3827
vn -0.0002 -0.3827 -0.9239
vt 0.093750 0.275000
vt 0.718750 0.025000
vt 0.093750 0.332143
vt 0.718750 0.082143
vt 0.718750 0.025000
vt 0.718750 0.025000
vt 0.093750 0.275000
vt 0.718750 0.025000
vt 0.718750 0.082143
vt 0.718750 0.082143
vt 0.718750 0.082143
vt 0.093750 0.332143
vt 0.718750 0.167857
vt 0.718750 0.167857
vt 0.718750 0.225000
vt 0.093750 0.475000
vt 0.718750 0.225000
vt 0.718750 0.167857
vt 0.093750 0.417857
vt 0.093750 0.417857
vt 0.718750 0.167857
vt 0.093750 0.475000
vt 0.718750 0.225000
vt 0.718750 0.225000
s 0
f 551/784/177 553/788/177 550/782/177
f 552/786/178 551/785/179 550/783/178
f 550/783/178 554/789/180 552/786/178
f 554/789/181 550/783/182 553/787/181
f 555/790/183 552/786/183 554/789/183
f 553/787/181 555/790/184 554/789/181
f 552/786/183 555/790/183 556/791/183
f 556/791/183 555/790/183 558/794/183
f 555/790/185 553/787/186 557/792/185
f 557/792/185 558/794/187 555/790/185
f 556/791/183 558/794/183 559/795/183
f 559/795/183 558/794/183 560/796/183
f 558/794/188 561/798/189 560/796/190
f 561/798/189 558/794/188 562/799/187
f 558/794/188 557/792/191 562/799/188
f 562/800/177 563/801/177 564/803/177
f 557/793/177 563/801/177 562/800/177
f 562/800/177 564/803/177 561/797/177
f 560/796/189 564/804/192 565/805/193
f 563/802/194 565/805/192 564/804/195
f 564/804/192 560/796/189 561/798/196
f 565/805/192 563/802/194 559/795/197
f 559/795/183 560/796/183 565/805/183
f 557/793/177 551/784/177 563/801/177
f 556/791/198 563/802/197 551/785/198
f 563/802/194 556/791/199 559/795/194
f 553/788/177 551/784/177 557/793/177
f 551/785/198 552/786/200 556/791/198
g ambulance.012_Mesh
v 0.305069 -0.154000 0.224000
v 0.305069 -0.148400 0.252000
v 0.338580 -0.154000 0.224000
v 0.293562 -0.131491 0.336544
v 0.277069 -0.148400 0.252000
v 0.185795 -0.131491 0.336544
v 0.277069 -0.154000 0.224000
v 0.185795 -0.137200 0.308000
v 0.185795 -0.148400 0.252000
v 0.185795 -0.154000 0.224000
vn -0.0000 -0.9806 0.1961
vt 0.093750 0.025000
vt 0.093750 0.074122
vt 0.093750 0.025000
vt 0.093750 0.222441
vt 0.093750 0.074122
vt 0.093750 0.222441
vt 0.093750 0.025000
vt 0.093750 0.172365
vt 0.093750 0.074122
vt 0.093750 0.025000
s 0
f 568/808/201 567/807/201 566/806/201
f 569/809/201 567/807/201 568/808/201
f 571/811/201 570/810/201 569/809/201
f 569/809/201 570/810/201 567/807/201
f 571/811/201 572/812/201 570/810/201
f 573/813/201 572/812/201 571/811/201
f 574/814/201 572/812/201 573/813/201
f 572/812/201 574/814/201 575/815/201
g ambulance.013_Mesh
v 0.185795 0.131491 0.336544
v 0.185795 0.137200 0.308000
v 0.293562 0.131491 0.336544
v 0.185795 0.148400 0.252000
v 0.185795 0.154000 0.224000
v 0.277069 0.148400 0.252000
v 0.305069 0.148400 0.252000
v 0.338580 0.154000 0.224000
v 0.305069 0.154000 0.224000
v 0.277069 0.154000 0.224000
vn -0.0000 0.9806 0.1961
vt 0.093750 0.222441
vt 0.093750 0.172365
vt 0.093750 0.222441
vt 0.093750 0.074122
vt 0.093750 0.025000
vt 0.093750 0.074122
vt 0.093750 0.074122
vt 0.093750 0.025000
vt 0.093750 0.025000
vt 0.093750 0.025000
s 0
f 578/818/202 577/817/202 576/816/202
f 577/817/202 578/818/202 579/819/202
f 579/819/202 578/818/202 580/820/202
f 580/820/202 578/818/202 581/821/202
f 581/821/202 578/818/202 582/822/202
f 582/822/202 578/818/202 583/823/202
f 582/822/202 583/823/202 584/824/202
f 585/825/202 580/820/202 581/821/202
g ambulance.014_Mesh
v 0.368657 0.125521 0.224000
v 0.368657 -0.125521 0.224000
v 0.323055 0.102721 0.338003
v 0.323055 -0.102721 0.338003
vn 0.9285 -0.0000 0.3714
vt 0.093750 0.025000
vt 0.093750 0.025000
vt 0.093750 0.225000
vt 0.093750 0.225000
s 0
f 588/828/203 587/827/203 586/826/203
f 587/827/203 588/828/203 589/829/203
g ambulance.015_Mesh
v 0.480657 -0.077000 0.168000
v 0.480657 -0.154000 0.168000
v 0.480657 -0.077000 0.181569
v 0.480657 -0.154000 0.181569
v 0.466657 -0.077000 0.199500
v 0.466657 -0.154000 0.199500
v 0.452657 -0.154000 0.168000
vn 0.9456 -0.0000 0.3254
vn 1.0000 -0.0000 -0.0000
vn 0.9456 0.0002 0.3254
vn 0.7882 -0.0000 0.6154
vn -0.0000 -1.0000 -0.0000
vt 0.218750 0.025000
vt 0.218750 0.025000
vt 0.218750 0.111153
vt 0.218750 0.111153
vt 0.218750 0.225000
vt 0.218750 0.225000
vt 0.218750 0.025000
s 0
f 592/832/204 591/831/205 590/830/205
f 591/831/205 592/832/204 593/833/206
f 594/834/207 593/833/204 592/832/204
f 593/833/204 594/834/207 595/835/207
f 595/835/208 591/831/208 593/833/208
f 591/831/208 595/835/208 596/836/208
g ambulance.016_Mesh
v 0.480657 0.154000 0.168000
v 0.480657 0.077000 0.168000
v 0.480657 0.154000 0.181569
v 0.466657 0.154000 0.199500
v 0.452657 0.154000 0.168000
v 0.480657 0.077000 0.181569
v 0.466657 0.077000 0.199500
vn 0.9456 -0.0000 0.3254
vn 1.0000 -0.0000 -0.0000
vn -0.0000 1.0000 -0.0000
vn 0.7882 -0.0000 0.6154
vn 0.9456 0.0002 0.3254
vt 0.218750 0.025000
vt 0.218750 0.025000
vt 0.218750 0.111153
vt 0.218750 0.225000
vt 0.218750 0.025000
vt 0.218750 0.111153
vt 0.218750 0.225000
s 0
f 599/839/209 598/838/210 597/837/210
f 597/837/211 600/840/211 599/839/211
f 600/840/211 597/837/211 601/841/211
f 600/840/212 602/842/209 599/839/209
f 602/842/209 600/840/212 603/843/212
f 598/838/210 599/839/209 602/842/213
g ambulance.017_Mesh
v 0.284657 0.112000 0.364000
v 0.284657 0.062860 0.364000
v 0.284657 0.097720 0.392000
v 0.228657 0.112000 0.364000
v 0.228657 0.062860 0.392000
v 0.228657 0.097720 0.392000
v 0.228657 0.062860 0.364000
v 0.284657 0.062860 0.392000
vn 1.0000 -0.0000 -0.0000
vn -0.0000 0.8908 0.4543
vn -0.0000 0.5223 0.8528
vn -1.0000 -0.0000 -0.0000
vn -0.0000 -0.0000 1.0000
vn -0.0000 0.5224 0.8527
vt 0.468750 0.025000
vt 0.468750 0.025000
vt 0.468750 0.225000
vt 0.468750 0.025000
vt 0.468750 0.225000
vt 0.468750 0.225000
vt 0.468750 0.025000
vt 0.468750 0.225000
s 0
f 606/846/214 605/845/214 604/844/214
f 607/847/215 606/846/216 604/844/215
f 607/847/217 608/848/217 609/849/217
f 608/848/217 607/847/217 610/850/217
f 606/846/216 607/847/215 609/849/216
f 608/848/218 606/846/219 609/849/219
f 606/846/219 608/848/218 611/851/218
f 605/845/214 606/846/214 611/851/214
g ambulance.018_Mesh
v 0.228657 -0.062860 0.392000
v 0.284657 -0.062860 0.392000
v 0.228657 -0.097720 0.392000
v 0.228657 -0.112000 0.364000
v 0.228657 -0.062860 0.364000
v 0.284657 -0.112000 0.364000
v 0.284657 -0.062860 0.364000
v 0.284657 -0.097720 0.392000
vn -0.0000 -0.5224 0.8527
vn -0.0000 -0.0000 1.0000
vn -1.0000 -0.0000 -0.0000
vn -0.0000 -0.8908 0.4543
vn -0.0000 -0.5223 0.8528
vn 1.0000 -0.0000 -0.0000
vt 0.468750 0.225000
vt 0.468750 0.225000
vt 0.468750 0.225000
vt 0.468750 0.025000
vt 0.468750 0.025000
vt 0.468750 0.025000
vt 0.468750 0.025000
vt 0.468750 0.225000
s 0
f 614/854/220 613/853/221 612/852/221
f 612/852/222 615/855/222 614/854/222
f 615/855/222 612/852/222 616/856/222
f 617/857/223 614/854/224 615/855/223
f 613/853/225 617/857/225 618/858/225
f 617/857/225 613/853/225 619/859/225
f 614/854/224 617/857/223 619/859/224
f 613/853/221 614/854/220 619/859/220
g ambulance.019_Mesh
v 0.073795 -0.112000 0.448000
v 0.073795 -0.097720 0.476000
v 0.129795 -0.112000 0.448000
v 0.129795 -0.097720 0.476000
v 0.129795 -0.062860 0.448000
v 0.129795 -0.062860 0.476000
v 0.073795 -0.062860 0.476000
vn -0.0000 -0.8908 0.4543
vn -0.0000 -0.5223 0.8528
vn 1.0000 -0.0000 -0.0000
vn -0.0000 -0.5224 0.8527
vn -0.0000 -0.0000 1.0000
vt 0.468750 0.025000
vt 0.468750 0.225000
vt 0.468750 0.025000
vt 0.468750 0.225000
vt 0.468750 0.025000
vt 0.468750 0.225000
vt 0.468750 0.225000
s 0
f 622/862/226 621/861/227 620/860/226
f 621/861/227 622/862/226 623/863/227
f 622/862/228 625/865/228 623/863/228
f 625/865/228 622/862/228 624/864/228
f 621/861/229 625/865/230 626/866/230
f 625/865/230 621/861/229 623/863/229
g ambulance.020_Mesh
v 0.073795 0.097720 0.476000
v 0.129795 0.097720 0.476000
v 0.073795 0.062860 0.476000
v 0.073795 0.112000 0.448000
v 0.129795 0.112000 0.448000
v 0.129795 0.062860 0.448000
v 0.129795 0.062860 0.476000
vn -0.0000 0.5223 0.8528
vn -0.0000 0.8908 0.4543
vn -0.0000 -0.0000 1.0000
vn -0.0000 0.5224 0.8527
vn 1.0000 -0.0000 -0.0000
vt 0.468750 0.225000
vt 0.468750 0.225000
vt 0.468750 0.225000
vt 0.468750 0.025000
vt 0.468750 0.025000
vt 0.468750 0.025000
vt 0.468750 0.225000
s 0
f 628/868/231 630/870/232 627/867/231
f 629/869/233 628/868/234 627/867/234
f 630/870/232 628/868/231 631/871/232
f 628/868/235 632/872/235 631/871/235
f 632/872/235 628/868/235 633/873/235
f 628/868/234 629/869/233 633/873/233
g ambulance.021_Mesh
v -0.331343 0.112000 0.448000
v -0.331343 0.097720 0.476000
v -0.331343 0.062860 0.448000
v -0.275343 0.097720 0.476000
v -0.275343 0.112000 0.448000
v -0.275343 0.062860 0.476000
v -0.331343 0.062860 0.476000
vn -0.0000 0.5223 0.8528
vn -0.0000 0.8908 0.4543
vn -1.0000 -0.0000 -0.0000
vn -0.0000 0.5224 0.8527
vn -0.0000 -0.0000 1.0000
vt 0.468750 0.025000
vt 0.468750 0.225000
vt 0.468750 0.025000
vt 0.468750 0.225000
vt 0.468750 0.025000
vt 0.468750 0.225000
vt 0.468750 0.225000
s 0
f 637/877/236 634/874/237 635/875/236
f 636/876/238 635/875/238 634/874/238
f 634/874/237 637/877/239 638/878/237
f 637/877/239 640/880/240 639/879/240
f 640/880/240 637/877/239 635/875/239
f 635/875/238 636/876/238 640/880/238
g ambulance.022_Mesh
v -0.331343 -0.062860 0.448000
v -0.331343 -0.062860 0.476000
v -0.331343 -0.112000 0.448000
v -0.331343 -0.097720 0.476000
v -0.275343 -0.112000 0.448000
v -0.275343 -0.097720 0.476000
v -0.275343 -0.062860 0.476000
vn -1.0000 -0.0000 -0.0000
vn -0.0000 -0.8908 0.4543
vn -0.0000 -0.5223 0.8528
vn -0.0000 -0.0000 1.0000
vn -0.0000 -0.5224 0.8527
vt 0.468750 0.025000
vt 0.468750 0.225000
vt 0.468750 0.025000
vt 0.468750 0.225000
vt 0.468750 0.025000
vt 0.468750 0.225000
vt 0.468750 0.225000
s 0
f 643/883/241 642/882/241 641/881/241
f 642/882/241 643/883/241 644/884/241
f 645/885/242 644/884/243 643/883/242
f 644/884/243 645/885/242 646/886/243
f 647/887/244 644/884/245 646/886/245
f 644/884/245 647/887/244 642/882/244
g ambulance.023_Mesh
v -0.359343 0.154000 0.420000
v -0.345343 0.154000 0.420000
v -0.359343 -0.000000 0.420000
v -0.359343 0.154000 0.112000
v -0.359343 0.126000 0.224000
v -0.359343 0.126000 0.140000
v -0.359343 0.126000 0.392000
v -0.359343 0.028000 0.392000
v -0.359343 0.028000 0.224000
v -0.359343 0.028000 0.140000
v -0.359343 -0.000000 0.112000
v -0.345343 -0.000000 0.420000
v -0.345343 -0.000000 0.112000
v -0.359343 -0.028000 0.140000
v -0.359343 -0.126000 0.140000
v -0.359343 -0.154000 0.112000
v -0.345343 -0.154000 0.112000
v -0.359343 -0.154000 0.420000
v -0.345343 -0.154000 0.420000
v -0.359343 -0.028000 0.392000
v -0.359343 -0.126000 0.392000
v -0.359343 -0.126000 0.224000
v -0.359343 -0.028000 0.224000
v -0.345343 0.154000 0.112000
vn -0.0000 1.0000 -0.0000
vn -0.0000 -0.0000 1.0000
vn -1.0000 -0.0000 -0.0000
vn -0.0000 -1.0000 -0.0000
vn -0.0000 -0.0000 -1.0000
vn 1.0000 -0.0000 -0.0000
vt 0.093750 0.475000
vt 0.718750 0.225000
vt 0.093750 0.475000
vt 0.093750 0.475000
vt 0.093750 0.275000
vt 0.093750 0.347727
vt 0.093750 0.293182
vt 0.093750 0.456818
vt 0.093750 0.456818
vt 0.093750 0.347727
vt 0.093750 0.293182
vt 0.093750 0.275000
vt 0.718750 0.225000
vt 0.093750 0.475000
vt 0.718750 0.025000
vt 0.093750 0.275000
vt 0.093750 0.293182
vt 0.093750 0.293182
vt 0.093750 0.275000
vt 0.093750 0.275000
vt 0.718750 0.025000
vt 0.093750 0.475000
vt 0.718750 0.225000
vt 0.093750 0.475000
vt 0.093750 0.456818
vt 0.093750 0.456818
vt 0.093750 0.347727
vt 0.093750 0.347727
vt 0.718750 0.025000
vt 0.093750 0.275000
s 0
f 649/890/246 651/892/246 648/888/246
f 650/891/247 649/890/247 648/888/247
f 648/888/248 654/895/248 650/891/248
f 651/892/248 653/894/248 648/888/248
f 648/888/248 652/893/248 654/895/248
f 648/888/248 653/894/248 652/893/248
f 655/896/248 650/891/248 654/895/248
f 656/897/248 650/891/248 655/896/248
f 657/898/248 650/891/248 656/897/248
f 653/894/248 651/892/248 657/898/248
f 657/898/248 658/899/248 650/891/248
f 658/899/248 657/898/248 651/892/248
f 658/899/248 661/904/248 650/891/248
f 660/903/249 650/891/249 658/899/249
f 659/901/246 658/899/246 650/891/246
f 658/899/246 659/901/246 660/903/246
f 651/892/250 660/903/250 658/899/250
f 664/907/250 658/899/250 660/903/250
f 661/904/248 658/899/248 662/905/248
f 663/906/248 662/905/248 658/899/248
f 658/899/250 664/907/250 663/906/250
f 665/909/249 664/907/249 666/911/249
f 664/907/249 665/909/249 663/906/249
f 660/902/251 666/910/251 664/908/251
f 666/910/251 660/902/251 659/900/251
f 659/901/247 665/909/247 666/911/247
f 650/891/248 667/912/248 665/909/248
f 665/909/247 659/901/247 650/891/247
f 662/905/248 663/906/248 665/909/248
f 668/913/248 665/909/248 667/912/248
f 669/914/248 665/909/248 668/913/248
f 662/905/248 665/909/248 669/914/248
f 650/891/248 670/915/248 667/912/248
f 650/891/248 661/904/248 670/915/248
f 650/891/249 660/903/249 659/901/249
f 671/916/251 659/900/251 660/902/251
f 660/903/250 651/892/250 671/917/250
f 659/900/251 671/916/251 649/889/251
f 651/892/246 649/890/246 671/917/246
f 649/890/247 650/891/247 659/901/247
g ambulance.024_Mesh
v -0.359343 0.028000 0.140000
v -0.359343 0.126000 0.140000
v -0.359343 0.028000 0.224000
v -0.359343 0.126000 0.224000
v -0.359343 0.028000 0.392000
v -0.359343 0.126000 0.392000
vn -1.0000 -0.0000 -0.0000
vt 0.093750 0.525000
vt 0.093750 0.525000
vt 0.093750 0.725000
vt 0.093750 0.025000
vt 0.093750 0.725000
vt 0.093750 0.025000
vt 0.093750 0.225000
vt 0.093750 0.225000
s 0
f 674/920/252 673/919/252 672/918/252
f 673/919/252 674/920/252 675/922/252
f 676/924/252 675/923/252 674/921/252
f 675/923/252 676/924/252 677/925/252
g ambulance.025_Mesh
v -0.359343 -0.126000 0.140000
v -0.359343 -0.028000 0.140000
v -0.359343 -0.126000 0.224000
v -0.359343 -0.028000 0.224000
v -0.359343 -0.126000 0.392000
v -0.359343 -0.028000 0.392000
vn -1.0000 -0.0000 -0.0000
vt 0.093750 0.525000
vt 0.093750 0.525000
vt 0.093750 0.725000
vt 0.093750 0.025000
vt 0.093750 0.725000
vt 0.093750 0.025000
vt 0.093750 0.225000
vt 0.093750 0.225000
s 0
f 680/928/253 679/927/253 678/926/253
f 679/927/253 680/928/253 681/930/253
f 682/932/253 681/931/253 680/929/253
f 681/931/253 682/932/253 683/933/253
g ambulance.026_Mesh
v -0.181597 0.168000 0.087362
v -0.182895 0.168000 0.090494
v -0.177850 0.154000 0.088366
v -0.182895 0.168000 0.077506
v -0.181597 0.168000 0.080638
v -0.181155 0.168000 0.084000
v -0.177275 0.154000 0.084000
v -0.174627 0.154000 0.064484
v -0.174627 0.154000 0.103516
v -0.177850 0.154000 0.079634
v -0.179535 0.154000 0.075566
v -0.180343 0.154000 0.060097
v -0.182216 0.154000 0.072072
v -0.184959 0.168000 0.074816
v -0.187649 0.168000 0.072751
v -0.187649 0.168000 0.095249
v -0.184959 0.168000 0.093184
v -0.182216 0.154000 0.095928
v -0.179535 0.154000 0.092434
v -0.180343 0.154000 0.107903
v -0.187000 0.154000 0.110660
v -0.185709 0.154000 0.098609
v -0.190782 0.168000 0.096546
v -0.189778 0.154000 0.100294
v -0.194143 0.168000 0.096989
v -0.194143 0.154000 0.100869
v -0.194143 0.154000 0.111600
v -0.201287 0.154000 0.110660
v -0.198509 0.154000 0.100294
v -0.202578 0.154000 0.098609
v -0.200638 0.168000 0.095249
v -0.197505 0.168000 0.096546
v -0.200638 0.168000 0.072751
v -0.197505 0.168000 0.071454
v -0.194143 0.168000 0.071011
v -0.194143 0.154000 0.067132
v -0.198509 0.154000 0.067706
v -0.202578 0.154000 0.069392
v -0.201287 0.154000 0.057340
v -0.194143 0.154000 0.056400
v -0.189778 0.154000 0.067706
v -0.187000 0.154000 0.057340
v -0.185709 0.154000 0.069392
v -0.190782 0.168000 0.071454
v -0.206071 0.154000 0.072072
v -0.207944 0.154000 0.060097
v -0.213660 0.154000 0.064484
v -0.208752 0.154000 0.075566
v -0.213660 0.154000 0.103516
v -0.210437 0.154000 0.079634
v -0.211012 0.154000 0.084000
v -0.206690 0.168000 0.080638
v -0.207132 0.168000 0.084000
v -0.206690 0.168000 0.087362
v -0.210437 0.154000 0.088366
v -0.207944 0.154000 0.107903
v -0.206071 0.154000 0.095928
v -0.208752 0.154000 0.092434
v -0.205392 0.168000 0.090494
v -0.203328 0.168000 0.093184
v -0.203328 0.168000 0.074816
v -0.205392 0.168000 0.077506
v -0.218046 0.154000 0.097800
v -0.220803 0.154000 0.091144
v -0.218046 0.154000 0.070200
v -0.220803 0.154000 0.076857
v -0.221744 0.154000 0.084000
v -0.170241 0.154000 0.070200
v -0.170241 0.154000 0.097800
v -0.167483 0.154000 0.076857
v -0.167483 0.154000 0.091144
v -0.166543 0.154000 0.084000
vn 0.9308 0.2671 0.2494
vn 0.8346 0.2671 0.4818
vn -0.0000 1.0000 -0.0000
vn 0.9637 0.2671 -0.0000
vn 0.9308 0.2671 -0.2494
vn 0.8346 0.2671 -0.4819
vn 0.8346 0.2671 -0.4818
vn 0.6814 0.2671 -0.6814
vn 0.8345 0.2671 -0.4819
vn 0.4818 0.2671 -0.8346
vn 0.6814 0.2671 0.6814
vn 0.4818 0.2671 0.8346
vn 0.8345 0.2671 0.4819
vn 0.8346 0.2671 0.4819
vn 0.2494 0.2671 0.9308
vn 0.4819 0.2671 0.8345
vn -0.0000 0.2671 0.9637
vn -0.2494 0.2671 0.9308
vn -0.4818 0.2671 0.8346
vn -0.4819 0.2671 0.8346
vn -0.2494 0.2670 0.9309
vn -0.0000 0.2671 -0.9637
vn -0.2494 0.2671 -0.9308
vn -0.2494 0.2670 -0.9309
vn -0.4819 0.2671 -0.8346
vn -0.4818 0.2671 -0.8346
vn 0.2494 0.2671 -0.9308
vn 0.4819 0.2671 -0.8346
vn -0.0000 1.0000 0.0002
vn -0.9308 0.2671 -0.2494
vn -0.9637 0.2671 -0.0000
vn -0.9308 0.2671 0.2494
vn -0.0000 1.0000 -0.0002
vn -0.8346 0.2671 0.4818
vn -0.8345 0.2671 0.4819
vn -0.6814 0.2671 0.6814
vn -0.8346 0.2671 0.4819
vn -0.4819 0.2671 0.8345
vn -0.8345 0.2671 -0.4819
vn -0.6814 0.2671 -0.6814
vn -0.4819 0.2671 -0.8345
vn -0.8346 0.2671 -0.4818
vn -0.8346 0.2671 -0.4819
vn -0.8346 0.2670 -0.4819
vt 0.718750 0.033004
vt 0.718750 0.040463
vt 0.718750 0.035395
vt 0.968750 0.035395
vt 0.718750 0.025000
vt 0.718750 0.025000
vt 0.718750 0.025000
vt 0.968750 0.025000
vt 0.718750 0.025000
vt 0.968750 0.025000
vt 0.968750 0.071468
vt 0.718750 0.025000
vt 0.968750 0.025000
vt 0.968750 0.025000
vt 0.718750 0.025000
vt 0.968750 0.025000
vt 0.718750 0.025000
vt 0.968750 0.025000
vt 0.718750 0.025000
vt 0.718750 0.025000
vt 0.718750 0.051782
vt 0.718750 0.046868
vt 0.968750 0.053400
vt 0.718750 0.053400
vt 0.718750 0.045081
vt 0.968750 0.045081
vt 0.968750 0.081911
vt 0.968750 0.088476
vt 0.718750 0.059782
vt 0.968750 0.059782
vt 0.718750 0.054872
vt 0.718750 0.063794
vt 0.968750 0.063794
vt 0.718750 0.055925
vt 0.968750 0.065163
vt 0.718750 0.065163
vt 0.968750 0.090715
vt 0.968750 0.088476
vt 0.968750 0.063794
vt 0.718750 0.063794
vt 0.718750 0.059782
vt 0.968750 0.059782
vt 0.718750 0.051782
vt 0.718750 0.054872
vt 0.718750 0.025000
vt 0.718750 0.025000
vt 0.718750 0.025000
vt 0.968750 0.025000
vt 0.718750 0.025000
vt 0.718750 0.025000
vt 0.968750 0.025000
vt 0.968750 0.025000
vt 0.718750 0.025000
vt 0.968750 0.025000
vt 0.968750 0.025000
vt 0.968750 0.025000
vt 0.718750 0.025000
vt 0.968750 0.025000
vt 0.718750 0.025000
vt 0.968750 0.025000
vt 0.718750 0.025000
vt 0.968750 0.025000
vt 0.718750 0.025000
vt 0.968750 0.025000
vt 0.968750 0.025000
vt 0.968750 0.025000
vt 0.718750 0.025000
vt 0.968750 0.071468
vt 0.968750 0.025000
vt 0.718750 0.025000
vt 0.718750 0.025000
vt 0.968750 0.025000
vt 0.718750 0.025000
vt 0.718750 0.025000
vt 0.718750 0.033004
vt 0.968750 0.035395
vt 0.718750 0.035395
vt 0.968750 0.081911
vt 0.718750 0.053400
vt 0.968750 0.053400
vt 0.968750 0.045081
vt 0.718750 0.045081
vt 0.718750 0.040463
vt 0.718750 0.046868
vt 0.718750 0.025000
vt 0.718750 0.025000
vt 0.968750 0.057858
vt 0.968750 0.042008
vt 0.968750 0.025000
vt 0.968750 0.025000
vt 0.968750 0.025000
vt 0.968750 0.025000
vt 0.968750 0.057858
vt 0.968750 0.025000
vt 0.968750 0.042008
vt 0.968750 0.025000
s 0
f 684/934/254 685/935/255 686/936/254
f 684/934/256 687/938/256 685/935/256
f 686/936/254 690/942/257 684/934/254
f 688/939/256 687/938/256 684/934/256
f 689/940/256 688/939/256 684/934/256
f 689/940/257 684/934/254 690/942/257
f 689/940/257 690/942/257 688/939/258
f 690/941/256 691/943/256 693/946/256
f 691/943/256 690/941/256 692/944/256
f 690/941/256 686/937/256 692/944/256
f 693/945/258 688/939/258 690/942/257
f 694/948/259 687/938/259 693/945/258
f 688/939/258 693/945/258 687/938/260
f 693/946/256 691/943/256 694/947/256
f 694/947/256 695/949/256 696/951/256
f 691/943/256 695/949/256 694/947/256
f 696/950/261 697/952/261 694/948/260
f 687/938/262 694/948/262 697/952/261
f 697/952/256 698/953/256 699/954/256
f 697/952/261 696/950/261 698/953/263
f 700/955/256 697/952/256 699/954/256
f 687/938/256 697/952/256 700/955/256
f 700/955/264 699/954/265 701/957/264
f 685/935/256 687/938/256 700/955/256
f 685/935/266 700/955/264 702/958/266
f 701/957/264 702/958/267 700/955/264
f 702/958/255 686/936/254 685/935/255
f 686/937/256 702/959/256 692/944/256
f 702/959/256 701/956/256 703/960/256
f 692/944/256 702/959/256 703/960/256
f 703/960/256 705/963/256 704/961/256
f 701/956/256 705/963/256 703/960/256
f 707/965/268 705/962/269 706/964/268
f 699/954/265 706/964/268 705/962/265
f 705/962/269 701/957/264 699/954/269
f 705/963/256 707/966/256 704/961/256
f 709/969/270 707/965/268 708/967/270
f 706/964/268 708/967/270 707/965/268
f 707/966/256 709/968/256 710/970/256
f 704/961/256 707/966/256 710/970/256
f 709/968/256 712/972/256 710/970/256
f 710/970/256 712/972/256 711/971/256
f 712/973/271 709/969/270 715/977/271
f 712/972/256 713/975/256 711/971/256
f 713/974/272 712/973/271 714/976/272
f 715/977/271 714/976/273 712/973/274
f 715/977/256 716/978/256 714/976/256
f 717/979/256 716/978/256 715/977/256
f 708/967/256 717/979/256 715/977/256
f 708/967/270 715/977/271 709/969/270
f 718/980/256 717/979/256 708/967/256
f 718/980/275 719/982/275 717/979/276
f 717/979/276 720/983/277 716/978/278
f 720/983/276 717/979/276 719/982/275
f 720/984/256 722/987/256 721/985/256
f 721/986/279 716/978/279 720/983/276
f 723/988/256 722/987/256 720/984/256
f 719/981/256 723/988/256 720/984/256
f 724/989/256 723/988/256 719/981/256
f 725/991/256 723/988/256 724/989/256
f 726/993/256 725/991/256 724/989/256
f 695/949/256 725/991/256 726/993/256
f 724/990/280 727/994/280 726/992/263
f 698/953/281 726/992/281 727/994/280
f 726/992/263 698/953/263 696/950/261
f 696/951/256 695/949/256 726/993/256
f 727/994/280 724/990/280 718/980/275
f 727/994/256 718/980/256 708/967/256
f 706/964/256 727/994/256 708/967/256
f 698/953/256 727/994/256 706/964/256
f 719/982/275 718/980/275 724/990/280
f 722/987/256 729/997/256 728/995/256
f 721/985/256 722/987/256 728/995/256
f 728/995/256 729/997/256 731/999/256
f 729/997/256 730/998/256 732/1001/256
f 731/999/256 729/997/256 733/1002/256
f 734/1005/256 729/997/256 732/1001/256
f 733/1002/282 729/997/282 734/1005/282
f 733/1003/283 734/1004/284 735/1006/283
f 736/1007/284 735/1006/283 734/1004/284
f 736/1007/284 734/1004/284 737/1008/285
f 738/1010/285 737/1008/285 734/1004/284
f 738/1009/286 734/1005/286 739/1011/286
f 732/1001/256 739/1011/256 734/1005/256
f 740/1013/256 741/1014/256 739/1011/256
f 711/971/256 740/1013/256 739/1011/256
f 741/1014/256 738/1009/256 739/1011/256
f 741/1015/287 742/1016/287 738/1010/285
f 742/1016/288 741/1015/288 743/1017/289
f 740/1012/289 743/1017/289 741/1015/290
f 743/1017/256 744/1018/256 742/1016/256
f 716/978/256 744/1018/256 743/1017/256
f 714/976/256 716/978/256 743/1017/256
f 714/976/272 743/1017/289 713/974/272
f 740/1012/289 713/974/291 743/1017/289
f 744/1018/256 745/1019/256 742/1016/256
f 745/1019/292 744/1018/293 731/1000/292
f 716/978/294 721/986/294 744/1018/293
f 728/996/293 744/1018/293 721/986/279
f 728/996/293 731/1000/295 744/1018/293
f 742/1016/256 745/1019/256 737/1008/256
f 731/1000/296 733/1003/283 745/1019/297
f 735/1006/283 745/1019/295 733/1003/283
f 745/1019/256 735/1006/256 737/1008/256
f 737/1008/285 738/1010/285 742/1016/287
f 713/975/256 740/1013/256 711/971/256
f 736/1007/256 737/1008/256 735/1006/256
f 732/1001/256 730/998/256 746/1020/256
f 746/1020/256 748/1022/256 747/1021/256
f 730/998/256 748/1022/256 746/1020/256
f 748/1022/256 749/1023/256 747/1021/256
f 750/1024/256 747/1021/256 749/1023/256
f 699/954/256 698/953/256 706/964/256
f 751/1025/256 691/943/256 692/944/256
f 752/1026/256 751/1025/256 692/944/256
f 753/1027/256 751/1025/256 752/1026/256
f 754/1028/256 753/1027/256 752/1026/256
f 755/1029/256 753/1027/256 754/1028/256
g ambulance.027_Mesh
v -0.134746 0.140000 0.024603
v -0.134746 0.112000 0.024603
v -0.143656 0.168000 0.033513
v -0.121397 0.140000 0.042000
v -0.152143 0.140000 0.011254
v -0.158443 0.168000 0.022166
v -0.121397 0.112000 0.042000
v -0.113006 0.112000 0.062259
v -0.143656 0.084000 0.033513
v -0.132309 0.084000 0.048300
v -0.132309 0.084000 0.119700
v -0.125176 0.084000 0.102480
v -0.125176 0.084000 0.065520
v -0.110143 0.112000 0.084000
v -0.122743 0.084000 0.084000
v -0.110143 0.140000 0.084000
v -0.113006 0.112000 0.105741
v -0.113006 0.140000 0.062259
v -0.125176 0.168000 0.065520
v -0.132309 0.168000 0.048300
v -0.132309 0.168000 0.119700
v -0.143656 0.168000 0.134487
v -0.121397 0.140000 0.126000
v -0.134746 0.140000 0.143397
v -0.158443 0.168000 0.145834
v -0.156721 0.168000 0.105606
v -0.152404 0.168000 0.095184
v -0.150932 0.168000 0.084000
v -0.152404 0.168000 0.072816
v -0.156721 0.168000 0.062394
v -0.163588 0.168000 0.053445
v -0.172537 0.168000 0.046578
v -0.175664 0.168000 0.015033
v -0.182959 0.168000 0.042261
v -0.194143 0.168000 0.040788
v -0.205327 0.168000 0.042261
v -0.194143 0.168000 0.012600
v -0.172403 0.140000 0.002862
v -0.194143 0.140000 0.000000
v -0.212623 0.168000 0.015033
v -0.224699 0.168000 0.053445
v -0.229843 0.168000 0.022166
v -0.215884 0.140000 0.002862
v -0.215749 0.168000 0.046578
v -0.236143 0.140000 0.011254
v -0.215884 0.112000 0.002862
v -0.194143 0.112000 0.000000
v -0.194143 0.084000 0.012600
v -0.172403 0.112000 0.002862
v -0.175664 0.084000 0.015033
v -0.175664 0.084000 0.152967
v -0.158443 0.084000 0.022166
v -0.158443 0.084000 0.145834
v -0.152143 0.112000 0.156746
v -0.172403 0.112000 0.165138
v -0.143656 0.084000 0.134487
v -0.134746 0.112000 0.143397
v -0.121397 0.112000 0.126000
v -0.113006 0.140000 0.105741
v -0.122743 0.168000 0.084000
v -0.125176 0.168000 0.102480
v -0.152143 0.140000 0.156746
v -0.175664 0.168000 0.152967
v -0.172403 0.140000 0.165138
v -0.194143 0.140000 0.168000
v -0.194143 0.168000 0.155400
v -0.194143 0.168000 0.127212
v -0.182959 0.168000 0.125739
v -0.212623 0.168000 0.152967
v -0.205327 0.168000 0.125739
v -0.215749 0.168000 0.121423
v -0.224699 0.168000 0.114555
v -0.229843 0.168000 0.145834
v -0.231566 0.168000 0.105606
v -0.235883 0.168000 0.095184
v -0.237355 0.168000 0.084000
v -0.244631 0.168000 0.134487
v -0.235883 0.168000 0.072816
v -0.231566 0.168000 0.062394
v -0.255977 0.168000 0.119700
v -0.244631 0.168000 0.033513
v -0.266890 0.140000 0.126000
v -0.253540 0.140000 0.143397
v -0.236143 0.140000 0.156746
v -0.236143 0.112000 0.156746
v -0.215884 0.112000 0.165138
v -0.215884 0.140000 0.165138
v -0.194143 0.112000 0.168000
v -0.194143 0.084000 0.155400
v -0.212623 0.084000 0.152967
v -0.212623 0.084000 0.015033
v -0.236143 0.112000 0.011254
v -0.229843 0.084000 0.022166
v -0.244631 0.084000 0.033513
v -0.229843 0.084000 0.145834
v -0.253540 0.112000 0.024603
v -0.266890 0.140000 0.042000
v -0.266890 0.112000 0.042000
v -0.253540 0.140000 0.024603
v -0.275281 0.140000 0.062259
v -0.275281 0.112000 0.062259
v -0.255978 0.084000 0.048300
v -0.263110 0.084000 0.065520
v -0.263110 0.084000 0.102480
v -0.255977 0.084000 0.119700
v -0.244631 0.084000 0.134487
v -0.266890 0.112000 0.126000
v -0.253540 0.112000 0.143397
v -0.275281 0.112000 0.105741
v -0.278143 0.112000 0.084000
v -0.275281 0.140000 0.105741
v -0.265543 0.084000 0.084000
v -0.278143 0.140000 0.084000
v -0.263110 0.168000 0.102480
v -0.255977 0.168000 0.048300
v -0.263110 0.168000 0.065520
v -0.265543 0.168000 0.084000
v -0.172537 0.168000 0.121423
v -0.163588 0.168000 0.114555
v -0.152143 0.112000 0.011254
vn 0.7071 -0.0000 -0.7071
vn 0.8660 -0.0000 -0.5000
vn 0.5000 0.0001 -0.8660
vn 0.6448 0.4104 -0.6448
vn 0.7897 0.4104 -0.4560
vn 0.4560 0.4104 -0.7897
vn 0.9659 -0.0000 -0.2588
vn 0.7898 -0.4104 -0.4559
vn 0.8808 -0.4104 -0.2360
vn 0.6448 -0.4104 -0.6448
vn 0.7897 -0.4104 -0.4560
vn -0.0000 -1.0000 -0.0000
vn 0.8809 -0.4104 -0.2360
vn 0.9119 -0.4104 -0.0000
vn 0.8808 -0.4104 0.2360
vn 1.0000 -0.0000 -0.0000
vn 0.9659 -0.0000 0.2588
vn 0.8809 -0.4104 0.2360
vn 0.7898 0.4104 -0.4559
vn 0.8808 0.4104 -0.2360
vn 0.8809 0.4104 -0.2360
vn 0.9119 0.4104 -0.0000
vn -0.0000 1.0000 -0.0000
vn 0.7897 0.4104 0.4560
vn 0.6448 0.4104 0.6448
vn 0.4560 0.4104 0.7897
vn -0.0000 0.4104 -0.9119
vn 0.2360 0.4104 -0.8808
vn -0.2360 0.4104 -0.8808
vn -0.4559 0.4104 -0.7898
vn -0.2360 0.4104 -0.8809
vn -0.2588 -0.0000 -0.9659
vn -0.5000 -0.0000 -0.8660
vn -0.0000 -0.0000 -1.0000
vn -0.0000 -0.4104 -0.9119
vn -0.2360 -0.4104 -0.8808
vn 0.2360 -0.4104 -0.8808
vn 0.2588 -0.0001 -0.9659
vn 0.4559 -0.4104 -0.7898
vn 0.4559 -0.4104 0.7898
vn 0.2360 -0.4104 0.8808
vn 0.4560 -0.4104 0.7897
vn 0.6448 -0.4104 0.6448
vn 0.7897 -0.4104 0.4560
vn 0.8660 -0.0000 0.5000
vn 0.7071 -0.0000 0.7071
vn 0.7898 -0.4104 0.4559
vn 0.7898 0.4104 0.4559
vn 0.8808 0.4104 0.2360
vn 0.8809 0.4104 0.2360
vn 0.5000 -0.0000 0.8660
vn 0.2360 0.4104 0.8808
vn 0.4559 0.4104 0.7898
vn 0.2360 0.4104 0.8809
vn 0.5000 -0.0001 0.8660
vn 0.2588 -0.0000 0.9659
vn -0.0000 -0.0000 1.0000
vn -0.0000 0.4104 0.9119
vn -0.2360 0.4104 0.8808
vn -0.7897 0.4104 0.4560
vn -0.6448 0.4104 0.6448
vn -0.7898 0.4104 0.4559
vn -0.4560 0.4104 0.7897
vn -0.4559 0.4104 0.7898
vn -0.5000 -0.0000 0.8660
vn -0.2588 -0.0000 0.9659
vn -0.7071 -0.0000 0.7071
vn -0.2360 0.4104 0.8809
vn -0.0000 -0.4104 0.9119
vn -0.2360 -0.4104 0.8809
vn -0.2360 -0.4104 0.8808
vn -0.4559 -0.4104 -0.7898
vn -0.2360 -0.4104 -0.8809
vn -0.6448 -0.4104 -0.6448
vn -0.4560 -0.4104 -0.7897
vn -0.7071 -0.0000 -0.7071
vn -0.8660 -0.0000 -0.5000
vn -0.7898 -0.4104 -0.4559
vn -0.5000 0.0001 -0.8660
vn -0.7071 0.0001 -0.7071
vn -0.6448 0.4104 -0.6448
vn -0.4560 0.4104 -0.7897
vn -0.7898 0.4104 -0.4559
vn -0.9659 0.0001 -0.2588
vn -0.9659 -0.0000 -0.2588
vn -0.8660 -0.0001 -0.5000
vn -0.7897 -0.4104 -0.4560
vn -0.8808 -0.4104 -0.2360
vn -0.7897 -0.4104 0.4560
vn -0.6448 -0.4104 0.6448
vn -0.7898 -0.4104 0.4559
vn -0.4559 -0.4104 0.7898
vn -0.8660 -0.0000 0.5000
vn -0.4560 -0.4104 0.7897
vn -0.8808 -0.4104 0.2360
vn -0.9659 -0.0001 0.2588
vn -0.9119 -0.4104 -0.0000
vn -0.9659 -0.0000 0.2588
vn -1.0000 -0.0000 -0.0000
vn -0.8660 0.0001 0.5000
vn -0.8809 -0.4104 0.2360
vn -0.8808 0.4104 0.2360
vn -0.9119 0.4104 -0.0000
vn -0.8808 0.4104 -0.2360
vn -0.8809 0.4104 -0.2360
vn -0.7897 0.4104 -0.4560
vn -0.8809 -0.4104 -0.2360
vn 0.4560 -0.4104 -0.7897
vn 0.2588 -0.0000 -0.9659
vn 0.5000 -0.0000 -0.8660
vn 0.4559 0.4104 -0.7898
vt 0.593750 0.025000
vt 0.593750 0.025000
vt 0.593750 0.025000
vt 0.593750 0.025000
vt 0.593750 0.025000
vt 0.593750 0.025000
vt 0.593750 0.025000
vt 0.593750 0.025000
vt 0.593750 0.025000
vt 0.593750 0.025000
vt 0.593750 0.110000
vt 0.593750 0.068999
vt 0.593750 0.025000
vt 0.593750 0.025000
vt 0.593750 0.025000
vt 0.593750 0.025000
vt 0.593750 0.076764
vt 0.593750 0.025000
vt 0.593750 0.025000
vt 0.593750 0.025000
vt 0.593750 0.110000
vt 0.593750 0.145208
vt 0.593750 0.125000
vt 0.593750 0.166421
vt 0.593750 0.172224
vt 0.593750 0.076443
vt 0.593750 0.051629
vt 0.593750 0.025000
vt 0.593750 0.025000
vt 0.593750 0.025000
vt 0.593750 0.025000
vt 0.593750 0.025000
vt 0.593750 0.025000
vt 0.593750 0.025000
vt 0.593750 0.025000
vt 0.593750 0.025000
vt 0.593750 0.025000
vt 0.593750 0.025000
vt 0.593750 0.025000
vt 0.593750 0.025000
vt 0.593750 0.025000
vt 0.593750 0.025000
vt 0.593750 0.025000
vt 0.593750 0.025000
vt 0.593750 0.025000
vt 0.593750 0.025000
vt 0.593750 0.025000
vt 0.593750 0.025000
vt 0.593750 0.025000
vt 0.593750 0.025000
vt 0.593750 0.189207
vt 0.593750 0.025000
vt 0.593750 0.172224
vt 0.593750 0.198205
vt 0.593750 0.218185
vt 0.593750 0.145208
vt 0.593750 0.166421
vt 0.593750 0.125000
vt 0.593750 0.076764
vt 0.593750 0.025000
vt 0.593750 0.068999
vt 0.593750 0.198205
vt 0.593750 0.189207
vt 0.593750 0.218185
vt 0.593750 0.225000
vt 0.593750 0.195000
vt 0.593750 0.127885
vt 0.593750 0.124380
vt 0.593750 0.189207
vt 0.593750 0.124380
vt 0.593750 0.114101
vt 0.593750 0.097751
vt 0.593750 0.172224
vt 0.593750 0.076443
vt 0.593750 0.051629
vt 0.593750 0.025000
vt 0.593750 0.145208
vt 0.593750 0.025000
vt 0.593750 0.025000
vt 0.593750 0.110000
vt 0.593750 0.025000
vt 0.593750 0.125000
vt 0.593750 0.166421
vt 0.593750 0.198205
vt 0.593750 0.198205
vt 0.593750 0.218185
vt 0.593750 0.218185
vt 0.593750 0.225000
vt 0.593750 0.195000
vt 0.593750 0.189207
vt 0.593750 0.025000
vt 0.593750 0.025000
vt 0.593750 0.025000
vt 0.593750 0.025000
vt 0.593750 0.172224
vt 0.593750 0.025000
vt 0.593750 0.025000
vt 0.593750 0.025000
vt 0.593750 0.025000
vt 0.593750 0.025000
vt 0.593750 0.025000
vt 0.593750 0.025000
vt 0.593750 0.025000
vt 0.593750 0.068999
vt 0.593750 0.110000
vt 0.593750 0.145208
vt 0.593750 0.125000
vt 0.593750 0.166421
vt 0.593750 0.076764
vt 0.593750 0.025000
vt 0.593750 0.076764
vt 0.593750 0.025000
vt 0.593750 0.025000
vt 0.593750 0.068999
vt 0.593750 0.025000
vt 0.593750 0.025000
vt 0.593750 0.025000
vt 0.593750 0.114101
vt 0.593750 0.097751
vt 0.593750 0.025000
s 0
f 757/1031/298 756/1030/298 762/1036/299
f 756/1030/298 757/1031/298 760/1034/300
f 756/1030/301 758/1032/301 759/1033/302
f 758/1032/301 756/1030/301 761/1035/303
f 759/1033/299 762/1036/299 756/1030/298
f 760/1034/303 761/1035/303 756/1030/301
f 762/1036/299 759/1033/299 763/1037/304
f 762/1036/305 763/1037/306 765/1039/305
f 757/1031/307 762/1036/308 764/1038/307
f 765/1039/308 764/1038/307 762/1036/308
f 768/1042/306 765/1039/305 763/1037/306
f 765/1039/309 766/1040/309 764/1038/309
f 767/1041/309 766/1040/309 765/1039/309
f 768/1042/309 767/1041/309 765/1039/309
f 763/1037/310 769/1043/311 768/1042/310
f 770/1044/311 768/1042/306 769/1043/311
f 770/1044/309 767/1041/309 768/1042/309
f 770/1044/311 769/1043/311 767/1041/312
f 771/1045/313 769/1043/313 773/1047/304
f 769/1043/313 771/1045/313 772/1046/314
f 763/1037/304 773/1047/304 769/1043/313
f 772/1046/315 767/1041/315 769/1043/311
f 759/1033/316 775/1049/316 773/1047/317
f 773/1047/304 763/1037/304 759/1033/299
f 773/1047/318 774/1048/318 771/1045/319
f 774/1048/317 773/1047/317 775/1049/316
f 775/1049/302 759/1033/302 758/1032/301
f 775/1049/320 758/1032/320 777/1051/320
f 776/1050/320 775/1049/320 777/1051/320
f 774/1048/320 775/1049/320 776/1050/320
f 776/1050/321 777/1051/322 778/1052/321
f 779/1053/322 778/1052/321 777/1051/322
f 777/1051/322 780/1054/323 779/1053/322
f 777/1051/320 781/1055/320 780/1054/320
f 782/1056/320 781/1055/320 777/1051/320
f 783/1057/320 782/1056/320 777/1051/320
f 758/1032/320 783/1057/320 777/1051/320
f 783/1057/320 758/1032/320 784/1058/320
f 784/1058/320 758/1032/320 785/1059/320
f 785/1059/320 761/1035/320 786/1060/320
f 758/1032/320 761/1035/320 785/1059/320
f 786/1060/320 761/1035/320 787/1061/320
f 787/1061/320 788/1062/320 789/1063/320
f 761/1035/320 788/1062/320 787/1061/320
f 789/1063/320 788/1062/320 790/1064/320
f 790/1064/320 792/1066/320 791/1065/320
f 788/1062/320 792/1066/320 790/1064/320
f 792/1066/320 795/1069/320 791/1065/320
f 794/1068/324 792/1066/324 793/1067/325
f 788/1062/325 793/1067/325 792/1066/324
f 792/1066/324 794/1068/324 795/1069/326
f 795/1069/320 797/1071/320 796/1070/320
f 799/1073/320 795/1069/320 796/1070/320
f 795/1069/326 798/1072/326 797/1071/327
f 798/1072/326 795/1069/328 794/1068/324
f 791/1065/320 795/1069/320 799/1073/320
f 798/1072/329 801/1075/329 800/1074/330
f 800/1074/327 797/1071/327 798/1072/326
f 801/1075/329 798/1072/329 802/1076/331
f 794/1068/331 802/1076/331 798/1072/329
f 802/1076/332 803/1077/332 801/1075/333
f 803/1077/332 802/1076/332 805/1079/334
f 802/1076/331 794/1068/331 804/1078/335
f 804/1078/334 805/1079/334 802/1076/332
f 805/1079/309 806/1080/309 803/1077/309
f 808/1082/309 806/1080/309 805/1079/309
f 807/1081/309 808/1082/309 805/1079/309
f 805/1079/334 804/1078/334 807/1081/336
f 809/1083/337 810/1084/338 808/1082/337
f 808/1082/339 811/1085/340 809/1083/339
f 806/1080/338 808/1082/337 810/1084/338
f 811/1085/309 808/1082/309 807/1081/309
f 764/1038/309 811/1085/309 807/1081/309
f 766/1040/309 811/1085/309 764/1038/309
f 766/1040/341 813/1087/341 811/1085/340
f 812/1086/340 809/1083/339 811/1085/340
f 812/1086/340 811/1085/340 813/1087/341
f 778/1052/342 813/1087/342 814/1088/314
f 813/1087/342 778/1052/342 812/1086/343
f 772/1046/314 814/1088/314 813/1087/342
f 813/1087/344 766/1040/344 772/1046/312
f 778/1052/345 814/1088/346 776/1050/345
f 814/1088/314 772/1046/314 771/1045/313
f 771/1045/319 815/1089/319 814/1088/347
f 816/1090/346 814/1088/346 815/1089/319
f 816/1090/346 776/1050/345 814/1088/346
f 815/1089/320 774/1048/320 816/1090/320
f 816/1090/320 774/1048/320 776/1050/320
f 815/1089/319 771/1045/319 774/1048/317
f 779/1053/343 812/1086/343 778/1052/342
f 779/1053/343 817/1091/348 812/1086/343
f 809/1083/348 812/1086/343 817/1091/348
f 817/1091/323 779/1053/322 780/1054/323
f 819/1093/349 817/1091/350 818/1092/349
f 780/1054/350 818/1092/351 817/1091/350
f 817/1091/352 819/1093/353 809/1083/348
f 819/1093/353 820/1094/354 810/1084/353
f 810/1084/353 809/1083/348 819/1093/353
f 820/1094/355 819/1093/349 821/1095/355
f 818/1092/349 821/1095/355 819/1093/349
f 822/1096/320 825/1099/320 821/1095/320
f 823/1097/320 822/1096/320 821/1095/320
f 818/1092/320 823/1097/320 821/1095/320
f 821/1095/320 825/1099/320 824/1098/320
f 821/1095/355 824/1098/356 820/1094/355
f 825/1099/320 826/1100/320 824/1098/320
f 826/1100/320 827/1101/320 824/1098/320
f 827/1101/320 829/1103/320 828/1102/320
f 824/1098/320 827/1101/320 828/1102/320
f 829/1103/320 830/1104/320 828/1102/320
f 830/1104/320 831/1105/320 828/1102/320
f 831/1105/320 797/1071/320 832/1106/320
f 832/1106/320 828/1102/320 831/1105/320
f 833/1107/320 797/1071/320 831/1105/320
f 834/1108/320 797/1071/320 833/1107/320
f 796/1070/320 797/1071/320 834/1108/320
f 832/1106/320 836/1110/320 835/1109/320
f 835/1109/357 837/1111/357 832/1106/358
f 797/1071/320 836/1110/320 832/1106/320
f 838/1112/358 832/1106/358 837/1111/359
f 828/1102/360 832/1106/358 839/1113/360
f 838/1112/358 839/1113/361 832/1106/358
f 840/1114/362 841/1115/363 839/1113/362
f 839/1113/362 838/1112/364 840/1114/362
f 842/1116/363 839/1113/362 841/1115/363
f 839/1113/361 842/1116/356 828/1102/361
f 824/1098/356 828/1102/361 842/1116/356
f 842/1116/356 820/1094/355 824/1098/365
f 841/1115/363 843/1117/354 842/1116/363
f 820/1094/354 842/1116/363 843/1117/354
f 844/1118/366 806/1080/338 843/1117/366
f 843/1117/366 841/1115/367 844/1118/366
f 810/1084/338 843/1117/366 806/1080/338
f 843/1117/354 810/1084/353 820/1094/354
f 803/1077/309 844/1118/309 846/1120/309
f 806/1080/309 844/1118/309 803/1077/309
f 844/1118/309 845/1119/309 846/1120/309
f 845/1119/368 844/1118/366 841/1115/367
f 848/1122/369 847/1121/369 846/1120/333
f 801/1075/333 846/1120/333 847/1121/369
f 846/1120/333 801/1075/370 803/1077/332
f 846/1120/309 845/1119/309 848/1122/309
f 848/1122/309 850/1124/309 849/1123/309
f 849/1123/371 851/1125/371 848/1122/369
f 845/1119/309 850/1124/309 848/1122/309
f 847/1121/372 848/1122/372 851/1125/371
f 854/1128/373 851/1125/373 852/1126/374
f 853/1127/374 852/1126/374 851/1125/373
f 851/1125/371 849/1123/371 853/1127/375
f 851/1125/373 854/1128/373 847/1121/376
f 800/1074/330 847/1121/330 854/1128/377
f 854/1128/378 836/1110/378 800/1074/379
f 854/1128/378 852/1126/380 836/1110/378
f 852/1126/374 853/1127/374 855/1129/381
f 856/1130/382 855/1129/382 853/1127/383
f 857/1131/384 853/1127/384 849/1123/371
f 853/1127/384 857/1131/384 856/1130/385
f 857/1131/309 859/1133/309 858/1132/309
f 858/1132/385 856/1130/385 857/1131/375
f 860/1134/309 859/1133/309 857/1131/309
f 861/1135/309 860/1134/309 857/1131/309
f 849/1123/309 861/1135/309 857/1131/309
f 860/1134/386 861/1135/387 862/1136/386
f 863/1137/387 862/1136/388 861/1135/387
f 861/1135/387 850/1124/389 863/1137/387
f 850/1124/309 861/1135/309 849/1123/309
f 863/1137/364 838/1112/364 862/1136/390
f 840/1114/391 863/1137/387 850/1124/391
f 863/1137/364 840/1114/362 838/1112/364
f 862/1136/386 864/1138/392 860/1134/386
f 862/1136/390 837/1111/390 864/1138/393
f 837/1111/390 862/1136/390 838/1112/364
f 865/1139/394 867/1141/394 864/1138/392
f 864/1138/395 866/1140/395 865/1139/396
f 866/1140/395 864/1138/395 837/1111/397
f 859/1133/392 864/1138/398 867/1141/394
f 859/1133/392 860/1134/388 864/1138/392
f 867/1141/309 858/1132/309 859/1133/309
f 867/1141/394 865/1139/394 858/1132/385
f 869/1143/399 866/1140/399 835/1109/359
f 837/1111/357 835/1109/357 866/1140/399
f 866/1140/399 869/1143/399 868/1142/400
f 868/1142/396 865/1139/396 866/1140/395
f 870/1144/320 871/1145/320 869/1143/320
f 835/1109/320 870/1144/320 869/1143/320
f 872/1146/320 869/1143/320 871/1145/320
f 872/1146/400 868/1142/400 869/1143/399
f 872/1146/400 871/1145/401 868/1142/400
f 871/1145/401 870/1144/380 855/1129/401
f 855/1129/401 868/1142/400 871/1145/402
f 870/1144/403 836/1110/378 852/1126/403
f 852/1126/403 855/1129/401 870/1144/403
f 836/1110/320 870/1144/320 835/1109/320
f 855/1129/382 856/1130/382 868/1142/396
f 865/1139/396 868/1142/396 856/1130/382
f 856/1130/385 858/1132/404 865/1139/394
f 850/1124/389 845/1119/368 840/1114/389
f 847/1121/330 800/1074/330 801/1075/329
f 841/1115/368 840/1114/389 845/1119/368
f 797/1071/327 800/1074/327 836/1110/378
f 873/1147/320 823/1097/320 818/1092/320
f 780/1054/320 873/1147/320 818/1092/320
f 874/1148/320 873/1147/320 780/1054/320
f 781/1055/320 874/1148/320 780/1054/320
f 807/1081/405 875/1149/405 764/1038/307
f 875/1149/336 807/1081/336 804/1078/334
f 804/1078/406 793/1067/406 875/1149/407
f 760/1034/407 875/1149/407 793/1067/406
f 875/1149/407 760/1034/407 757/1031/298
f 757/1031/307 764/1038/307 875/1149/405
f 793/1067/406 804/1078/406 794/1068/331
f 793/1067/325 788/1062/325 760/1034/408
f 761/1035/408 760/1034/408 788/1062/325
f 767/1041/312 772/1046/312 766/1040/344
g ambulance.028_Mesh
v -0.186235 0.168000 0.054486
v -0.187000 0.154000 0.057340
v -0.178866 0.168000 0.057538
v -0.194143 0.168000 0.040788
v -0.182959 0.168000 0.042261
v -0.194143 0.168000 0.053445
v -0.201287 0.154000 0.057340
v -0.194143 0.154000 0.056400
v -0.205327 0.168000 0.042261
v -0.202052 0.168000 0.054486
v -0.209421 0.168000 0.057538
v -0.207944 0.154000 0.060097
v -0.215749 0.168000 0.062394
v -0.215749 0.168000 0.046578
v -0.224699 0.168000 0.053445
v -0.224699 0.168000 0.084000
v -0.220605 0.168000 0.068722
v -0.223658 0.168000 0.076092
v -0.231566 0.168000 0.062394
v -0.231566 0.168000 0.105606
v -0.235883 0.168000 0.095184
v -0.224699 0.168000 0.114555
v -0.220605 0.168000 0.099278
v -0.215749 0.168000 0.105606
v -0.223658 0.168000 0.091908
v -0.215749 0.168000 0.121423
v -0.209421 0.168000 0.110462
v -0.205327 0.168000 0.125739
v -0.202052 0.168000 0.113514
v -0.194143 0.168000 0.127212
v -0.194143 0.168000 0.114555
v -0.201287 0.154000 0.110660
v -0.186235 0.168000 0.113514
v -0.187000 0.154000 0.110660
v -0.194143 0.154000 0.111600
v -0.178866 0.168000 0.110462
v -0.180343 0.154000 0.107903
v -0.172537 0.168000 0.105606
v -0.174627 0.154000 0.103516
v -0.170241 0.154000 0.097800
v -0.167682 0.168000 0.099278
v -0.164629 0.168000 0.091908
v -0.172537 0.168000 0.121423
v -0.163588 0.168000 0.114555
v -0.182959 0.168000 0.125739
v -0.163588 0.168000 0.053445
v -0.156721 0.168000 0.062394
v -0.156721 0.168000 0.105606
v -0.163588 0.168000 0.084000
v -0.164629 0.168000 0.076092
v -0.167483 0.154000 0.076857
v -0.166543 0.154000 0.084000
v -0.167483 0.154000 0.091144
v -0.170241 0.154000 0.070200
v -0.174627 0.154000 0.064484
v -0.167682 0.168000 0.068722
v -0.172537 0.168000 0.046578
v -0.172537 0.168000 0.062394
v -0.180343 0.154000 0.060097
v -0.152404 0.168000 0.072816
v -0.152404 0.168000 0.095184
v -0.150932 0.168000 0.084000
v -0.207944 0.154000 0.107903
v -0.213660 0.154000 0.103516
v -0.218046 0.154000 0.097800
v -0.220803 0.154000 0.091144
v -0.221744 0.154000 0.084000
v -0.220803 0.154000 0.076857
v -0.218046 0.154000 0.070200
v -0.213660 0.154000 0.064484
v -0.237355 0.168000 0.084000
v -0.235883 0.168000 0.072816
vn -0.2533 0.2065 0.9451
vn -0.4892 0.2065 0.8474
vn -0.2532 0.2065 0.9451
vn -0.0000 0.2065 0.9784
vn -0.0000 1.0000 -0.0000
vn 0.2532 0.2065 0.9451
vn 0.2533 0.2065 0.9451
vn 0.4892 0.2065 0.8474
vn 0.6919 0.2065 0.6919
vn 0.2532 0.2065 -0.9451
vn -0.0000 0.2065 -0.9784
vn -0.2532 0.2065 -0.9451
vn -0.2533 0.2065 -0.9451
vn -0.4892 0.2065 -0.8474
vn -0.4892 0.2065 -0.8473
vn -0.6919 0.2065 -0.6919
vn -0.6918 0.2065 -0.6919
vn -0.8473 0.2065 -0.4892
vn -0.6919 0.2065 -0.6918
vn -0.8474 0.2065 -0.4892
vn -0.9451 0.2065 -0.2533
vn -0.0000 -0.0000 -0.0000
vn -0.9451 0.2065 0.2532
vn -0.9784 0.2065 -0.0000
vn -0.9451 0.2065 -0.2532
vn -0.9451 0.2065 0.2533
vn -0.8474 0.2065 0.4892
vn -0.6919 0.2065 0.6919
vn -0.6919 0.2065 0.6918
vn -0.4892 0.2065 0.8473
vn -0.6918 0.2065 0.6919
vn 0.2533 0.2065 -0.9451
vn 0.4892 0.2065 -0.8474
vn 0.4892 0.2065 -0.8473
vn 0.6918 0.2065 -0.6919
vn 0.8474 0.2065 -0.4892
vn 0.6919 0.2065 -0.6918
vn 0.6919 0.2065 -0.6919
vn 0.9451 0.2065 -0.2532
vn 0.9451 0.2065 -0.2533
vn 0.9784 0.2065 -0.0000
vn 0.9451 0.2065 0.2532
vn 0.9451 0.2065 0.2533
vn 0.8474 0.2065 0.4892
vn 0.6919 0.2065 0.6918
vn 0.4892 0.2065 0.8473
vt 0.968750 0.056699
vt 0.968750 0.063304
vt 0.968750 0.063763
vt 0.968750 0.025000
vt 0.968750 0.028407
vt 0.968750 0.054289
vt 0.968750 0.063304
vt 0.968750 0.061128
vt 0.968750 0.028407
vt 0.968750 0.056699
vt 0.968750 0.063763
vt 0.968750 0.069685
vt 0.968750 0.075000
vt 0.968750 0.038397
vt 0.968750 0.054289
vt 0.968750 0.125000
vt 0.968750 0.089645
vt 0.968750 0.106699
vt 0.968750 0.075000
vt 0.968750 0.175000
vt 0.968750 0.150882
vt 0.968750 0.195711
vt 0.968750 0.160355
vt 0.968750 0.175000
vt 0.968750 0.143301
vt 0.968750 0.211602
vt 0.968750 0.186237
vt 0.968750 0.221593
vt 0.968750 0.193301
vt 0.968750 0.225000
vt 0.968750 0.195711
vt 0.968750 0.186696
vt 0.968750 0.193301
vt 0.968750 0.186696
vt 0.968750 0.188872
vt 0.968750 0.186237
vt 0.968750 0.180315
vt 0.968750 0.175000
vt 0.968750 0.170165
vt 0.968750 0.156936
vt 0.968750 0.160355
vt 0.968750 0.143301
vt 0.968750 0.211602
vt 0.968750 0.195711
vt 0.968750 0.221593
vt 0.968750 0.054289
vt 0.968750 0.075000
vt 0.968750 0.175000
vt 0.968750 0.125000
vt 0.968750 0.106699
vt 0.968750 0.108469
vt 0.968750 0.125000
vt 0.968750 0.141531
vt 0.968750 0.093064
vt 0.968750 0.079835
vt 0.968750 0.089645
vt 0.968750 0.038397
vt 0.968750 0.075000
vt 0.968750 0.069685
vt 0.968750 0.099118
vt 0.968750 0.150882
vt 0.968750 0.125000
vt 0.968750 0.180315
vt 0.968750 0.170165
vt 0.968750 0.156936
vt 0.968750 0.141531
vt 0.968750 0.125000
vt 0.968750 0.108469
vt 0.968750 0.093064
vt 0.968750 0.079835
vt 0.968750 0.125000
vt 0.968750 0.099118
s 0
f 876/1150/409 877/1151/409 878/1152/410
f 876/1150/411 881/1155/412 877/1151/411
f 876/1150/413 878/1152/413 880/1154/413
f 881/1155/413 876/1150/413 879/1153/413
f 879/1153/413 876/1150/413 880/1154/413
f 885/1159/414 882/1156/414 881/1155/412
f 883/1157/412 881/1155/412 882/1156/414
f 883/1157/412 877/1151/411 881/1155/412
f 885/1159/413 881/1155/413 884/1158/413
f 884/1158/413 881/1155/413 879/1153/413
f 885/1159/415 886/1160/416 882/1156/415
f 886/1160/413 885/1159/413 884/1158/413
f 887/1161/416 882/1156/415 886/1160/416
f 886/1160/416 888/1162/417 887/1161/416
f 888/1162/413 886/1160/413 889/1163/413
f 889/1163/413 886/1160/413 884/1158/413
f 890/1164/413 888/1162/413 889/1163/413
f 890/1164/413 895/1169/413 891/1165/413
f 891/1165/413 893/1167/413 890/1164/413
f 893/1167/413 892/1166/413 890/1164/413
f 892/1166/413 888/1162/413 890/1164/413
f 894/1168/413 895/1169/413 890/1164/413
f 895/1169/413 897/1171/413 891/1165/413
f 896/1170/413 895/1169/413 894/1168/413
f 900/1174/413 897/1171/413 898/1172/413
f 898/1172/413 897/1171/413 899/1173/413
f 891/1165/413 897/1171/413 900/1174/413
f 897/1171/413 901/1175/413 899/1173/413
f 899/1173/413 901/1175/413 902/1176/413
f 901/1175/413 903/1177/413 902/1176/413
f 902/1176/413 903/1177/413 904/1178/413
f 904/1178/413 903/1177/413 906/1180/413
f 903/1177/413 905/1179/413 906/1180/413
f 904/1178/418 906/1180/419 907/1181/418
f 910/1184/419 907/1181/418 906/1180/419
f 908/1182/420 909/1183/420 906/1180/419
f 906/1180/413 905/1179/413 908/1182/413
f 910/1184/419 906/1180/419 909/1183/420
f 908/1182/421 911/1185/422 909/1183/421
f 912/1186/422 909/1183/421 911/1185/422
f 911/1185/423 913/1187/424 912/1186/423
f 914/1188/425 912/1186/423 913/1187/425
f 915/1189/426 914/1188/427 916/1190/428
f 913/1187/427 916/1190/428 914/1188/427
f 916/1190/428 917/1191/429 915/1189/428
f 916/1190/413 918/1192/413 917/1191/413
f 913/1187/413 918/1192/413 916/1190/413
f 920/1194/413 918/1192/413 913/1187/413
f 918/1192/413 919/1193/413 917/1191/413
f 911/1185/413 920/1194/413 913/1187/413
f 905/1179/413 920/1194/413 908/1182/413
f 908/1182/413 920/1194/413 911/1185/413
f 924/1198/430 919/1193/430 921/1195/430
f 921/1195/413 919/1193/413 922/1196/413
f 924/1198/413 917/1191/413 919/1193/413
f 919/1193/413 923/1197/413 922/1196/413
f 925/1199/431 926/1200/431 924/1198/432
f 925/1199/413 924/1198/413 921/1195/413
f 927/1201/432 924/1198/432 926/1200/431
f 927/1201/432 928/1202/433 924/1198/432
f 917/1191/433 924/1198/432 928/1202/433
f 928/1202/429 915/1189/428 917/1191/429
f 926/1200/434 925/1199/434 929/1203/435
f 929/1203/435 931/1205/435 930/1204/436
f 931/1205/435 929/1203/435 925/1199/434
f 933/1207/436 930/1204/437 931/1205/435
f 931/1205/413 925/1199/413 932/1206/413
f 933/1207/413 931/1205/413 932/1206/413
f 933/1207/436 878/1152/438 930/1204/439
f 878/1152/413 933/1207/413 880/1154/413
f 880/1154/413 933/1207/413 932/1206/413
f 932/1206/413 925/1199/413 921/1195/413
f 934/1208/438 930/1204/436 878/1152/438
f 934/1208/410 878/1152/410 877/1151/409
f 922/1196/413 923/1197/413 935/1209/413
f 923/1197/413 936/1210/413 935/1209/413
f 937/1211/413 935/1209/413 936/1210/413
f 907/1181/440 938/1212/441 904/1178/440
f 902/1176/441 904/1178/440 938/1212/441
f 938/1212/442 939/1213/443 902/1176/442
f 940/1214/444 898/1172/444 939/1213/445
f 899/1173/445 939/1213/445 898/1172/444
f 899/1173/446 902/1176/441 939/1213/446
f 898/1172/444 940/1214/444 900/1174/447
f 941/1215/448 900/1174/448 940/1214/444
f 941/1215/447 942/1216/449 900/1174/447
f 891/1165/449 900/1174/448 942/1216/449
f 942/1216/449 943/1217/450 891/1165/449
f 943/1217/451 944/1218/452 893/1167/451
f 893/1167/451 891/1165/449 943/1217/451
f 892/1166/452 893/1167/450 944/1218/452
f 944/1218/452 945/1219/417 892/1166/452
f 888/1162/453 892/1166/452 945/1219/453
f 945/1219/417 887/1161/454 888/1162/417
f 946/1220/413 896/1170/413 947/1221/413
f 947/1221/413 896/1170/413 894/1168/413
g ambulance.029_Mesh
v -0.206690 -0.168000 0.087362
v -0.205392 -0.168000 0.090494
v -0.210437 -0.154000 0.088366
v -0.205392 -0.168000 0.077506
v -0.206690 -0.168000 0.080638
v -0.207132 -0.168000 0.084000
v -0.211012 -0.154000 0.084000
v -0.213660 -0.154000 0.064484
v -0.213660 -0.154000 0.103516
v -0.210437 -0.154000 0.079634
v -0.208752 -0.154000 0.075566
v -0.206071 -0.154000 0.072072
v -0.207944 -0.154000 0.060097
v -0.203328 -0.168000 0.074816
v -0.200638 -0.168000 0.072751
v -0.200638 -0.168000 0.095249
v -0.203328 -0.168000 0.093184
v -0.206071 -0.154000 0.095928
v -0.208752 -0.154000 0.092434
v -0.207944 -0.154000 0.107903
v -0.201287 -0.154000 0.110660
v -0.202578 -0.154000 0.098609
v -0.197505 -0.168000 0.096546
v -0.198509 -0.154000 0.100294
v -0.194143 -0.168000 0.096989
v -0.194143 -0.154000 0.100869
v -0.194143 -0.154000 0.111600
v -0.189778 -0.154000 0.100294
v -0.187000 -0.154000 0.110660
v -0.182216 -0.154000 0.095928
v -0.180343 -0.154000 0.107903
v -0.185709 -0.154000 0.098609
v -0.184959 -0.168000 0.093184
v -0.187649 -0.168000 0.095249
v -0.187649 -0.168000 0.072751
v -0.190782 -0.168000 0.096546
v -0.190782 -0.168000 0.071454
v -0.194143 -0.168000 0.071011
v -0.189778 -0.154000 0.067706
v -0.194143 -0.154000 0.067132
v -0.194143 -0.154000 0.056400
v -0.198509 -0.154000 0.067706
v -0.197505 -0.168000 0.071454
v -0.202578 -0.154000 0.069392
v -0.201287 -0.154000 0.057340
v -0.187000 -0.154000 0.057340
v -0.182216 -0.154000 0.072072
v -0.185709 -0.154000 0.069392
v -0.180343 -0.154000 0.060097
v -0.174627 -0.154000 0.064484
v -0.179535 -0.154000 0.075566
v -0.174627 -0.154000 0.103516
v -0.177850 -0.154000 0.079634
v -0.177275 -0.154000 0.084000
v -0.181597 -0.168000 0.080638
v -0.181155 -0.168000 0.084000
v -0.181597 -0.168000 0.087362
v -0.177850 -0.154000 0.088366
v -0.182895 -0.168000 0.090494
v -0.179535 -0.154000 0.092434
v -0.182895 -0.168000 0.077506
v -0.184959 -0.168000 0.074816
v -0.170241 -0.154000 0.097800
v -0.167483 -0.154000 0.091144
v -0.170241 -0.154000 0.070200
v -0.167483 -0.154000 0.076857
v -0.166543 -0.154000 0.084000
v -0.218046 -0.154000 0.070200
v -0.218046 -0.154000 0.097800
v -0.220803 -0.154000 0.076857
v -0.220803 -0.154000 0.091144
v -0.221744 -0.154000 0.084000
vn -0.9308 -0.2671 0.2494
vn -0.8346 -0.2671 0.4818
vn -0.0000 -1.0000 -0.0000
vn -0.9637 -0.2671 -0.0000
vn -0.9308 -0.2671 -0.2494
vn -0.8346 -0.2671 -0.4819
vn -0.8346 -0.2670 -0.4819
vn -0.8346 -0.2671 -0.4818
vn -0.6814 -0.2671 -0.6814
vn -0.8345 -0.2671 -0.4819
vn -0.4818 -0.2671 -0.8346
vn -0.6814 -0.2671 0.6814
vn -0.4818 -0.2671 0.8346
vn -0.8345 -0.2671 0.4819
vn -0.8346 -0.2671 0.4819
vn -0.2494 -0.2671 0.9308
vn -0.4819 -0.2671 0.8345
vn -0.0000 -0.2671 0.9637
vn 0.6814 -0.2671 0.6814
vn 0.4819 -0.2671 0.8345
vn 0.4818 -0.2671 0.8346
vn 0.2494 -0.2671 0.9308
vn 0.4819 -0.2671 0.8346
vn -0.0000 -0.2671 -0.9637
vn 0.2494 -0.2671 -0.9308
vn 0.4819 -0.2671 -0.8346
vn -0.2494 -0.2671 -0.9308
vn -0.2494 -0.2671 -0.9309
vn -0.4819 -0.2671 -0.8346
vn 0.9308 -0.2671 -0.2494
vn 0.9637 -0.2671 -0.0000
vn 0.9308 -0.2671 0.2494
vn 0.8346 -0.2671 0.4818
vn 0.8345 -0.2671 0.4819
vn 0.8346 -0.2671 0.4819
vn 0.8345 -0.2671 -0.4819
vn 0.6814 -0.2671 -0.6814
vn 0.4818 -0.2671 -0.8346
vn 0.8346 -0.2671 -0.4818
vn 0.8346 -0.2671 -0.4819
vn 0.4818 -0.2670 -0.8346
vt 0.718750 0.033004
vt 0.718750 0.040463
vt 0.718750 0.035395
vt 0.968750 0.035395
vt 0.718750 0.025000
vt 0.718750 0.025000
vt 0.718750 0.025000
vt 0.968750 0.025000
vt 0.718750 0.025000
vt 0.968750 0.025000
vt 0.968750 0.071468
vt 0.718750 0.025000
vt 0.968750 0.025000
vt 0.968750 0.025000
vt 0.718750 0.025000
vt 0.718750 0.025000
vt 0.968750 0.025000
vt 0.968750 0.025000
vt 0.718750 0.025000
vt 0.718750 0.025000
vt 0.718750 0.051782
vt 0.718750 0.046868
vt 0.968750 0.053400
vt 0.718750 0.053400
vt 0.718750 0.045081
vt 0.968750 0.045081
vt 0.968750 0.081911
vt 0.968750 0.088476
vt 0.718750 0.059782
vt 0.968750 0.059782
vt 0.718750 0.054872
vt 0.718750 0.063794
vt 0.968750 0.063794
vt 0.718750 0.055925
vt 0.968750 0.065163
vt 0.718750 0.065163
vt 0.968750 0.090715
vt 0.968750 0.063794
vt 0.718750 0.063794
vt 0.968750 0.088476
vt 0.718750 0.053400
vt 0.968750 0.053400
vt 0.968750 0.081911
vt 0.968750 0.059782
vt 0.718750 0.059782
vt 0.718750 0.046868
vt 0.718750 0.051782
vt 0.718750 0.025000
vt 0.718750 0.054872
vt 0.718750 0.025000
vt 0.718750 0.025000
vt 0.968750 0.025000
vt 0.718750 0.025000
vt 0.968750 0.025000
vt 0.718750 0.025000
vt 0.968750 0.025000
vt 0.718750 0.025000
vt 0.968750 0.025000
vt 0.718750 0.025000
vt 0.718750 0.025000
vt 0.968750 0.025000
vt 0.968750 0.025000
vt 0.968750 0.025000
vt 0.968750 0.025000
vt 0.718750 0.025000
vt 0.968750 0.025000
vt 0.718750 0.025000
vt 0.968750 0.025000
vt 0.968750 0.025000
vt 0.968750 0.025000
vt 0.718750 0.025000
vt 0.968750 0.071468
vt 0.968750 0.025000
vt 0.718750 0.025000
vt 0.968750 0.025000
vt 0.718750 0.025000
vt 0.718750 0.025000
vt 0.718750 0.025000
vt 0.718750 0.033004
vt 0.718750 0.035395
vt 0.968750 0.035395
vt 0.718750 0.040463
vt 0.718750 0.045081
vt 0.968750 0.045081
vt 0.718750 0.025000
vt 0.718750 0.025000
vt 0.968750 0.057858
vt 0.968750 0.042008
vt 0.968750 0.025000
vt 0.968750 0.025000
vt 0.968750 0.025000
vt 0.968750 0.025000
vt 0.968750 0.057858
vt 0.968750 0.025000
vt 0.968750 0.042008
vt 0.968750 0.025000
s 0
f 948/1222/455 949/1223/456 950/1224/455
f 948/1222/457 951/1226/457 949/1223/457
f 950/1224/455 954/1230/458 948/1222/455
f 952/1227/457 951/1226/457 948/1222/457
f 953/1228/457 952/1227/457 948/1222/457
f 953/1228/458 948/1222/455 954/1230/458
f 953/1228/458 954/1230/458 952/1227/459
f 954/1229/457 955/1231/457 957/1234/457
f 955/1231/457 954/1229/457 956/1232/457
f 954/1229/457 950/1225/457 956/1232/457
f 957/1233/459 952/1227/459 954/1230/458
f 958/1236/460 951/1226/461 957/1233/459
f 952/1227/459 957/1233/459 951/1226/462
f 957/1234/457 955/1231/457 958/1235/457
f 958/1235/457 960/1239/457 959/1238/457
f 959/1237/463 961/1240/463 958/1236/462
f 955/1231/457 960/1239/457 958/1235/457
f 951/1226/464 958/1236/464 961/1240/463
f 961/1240/457 962/1241/457 963/1242/457
f 961/1240/463 959/1237/463 962/1241/465
f 964/1243/457 961/1240/457 963/1242/457
f 951/1226/457 961/1240/457 964/1243/457
f 964/1243/466 963/1242/467 965/1245/466
f 949/1223/457 951/1226/457 964/1243/457
f 949/1223/468 964/1243/466 966/1246/468
f 965/1245/466 966/1246/469 964/1243/466
f 966/1246/456 950/1224/455 949/1223/456
f 950/1225/457 966/1247/457 956/1232/457
f 966/1247/457 965/1244/457 967/1248/457
f 956/1232/457 966/1247/457 967/1248/457
f 967/1248/457 969/1251/457 968/1249/457
f 965/1244/457 969/1251/457 967/1248/457
f 971/1253/470 969/1250/467 970/1252/470
f 963/1242/467 970/1252/470 969/1250/467
f 969/1250/471 965/1245/466 963/1242/471
f 969/1251/457 971/1254/457 968/1249/457
f 973/1257/472 971/1253/470 972/1255/472
f 970/1252/470 972/1255/472 971/1253/470
f 971/1254/457 973/1256/457 974/1258/457
f 968/1249/457 971/1254/457 974/1258/457
f 973/1256/457 975/1259/457 974/1258/457
f 974/1258/457 975/1259/457 976/1261/457
f 976/1261/457 977/1263/457 978/1264/457
f 979/1265/457 977/1263/457 976/1261/457
f 975/1259/457 979/1265/457 976/1261/457
f 977/1262/473 979/1266/474 980/1267/473
f 981/1268/475 980/1267/473 979/1266/475
f 979/1266/475 975/1260/476 981/1268/475
f 981/1268/457 982/1269/457 980/1267/457
f 983/1270/457 982/1269/457 981/1268/457
f 983/1270/476 981/1268/477 975/1260/476
f 984/1271/457 982/1269/457 983/1270/457
f 972/1255/457 984/1271/457 983/1270/457
f 972/1255/472 983/1270/476 973/1257/472
f 975/1260/476 973/1257/472 983/1270/476
f 985/1272/457 984/1271/457 972/1255/457
f 985/1272/478 987/1276/478 984/1271/479
f 984/1271/479 986/1274/479 982/1269/480
f 986/1274/479 984/1271/479 987/1276/478
f 987/1275/457 988/1277/457 986/1273/457
f 989/1279/457 988/1277/457 987/1275/457
f 987/1276/478 985/1272/478 989/1278/481
f 990/1280/481 989/1278/481 985/1272/478
f 989/1278/481 990/1280/482 991/1281/465
f 991/1282/457 992/1283/457 989/1279/457
f 992/1283/457 988/1277/457 989/1279/457
f 960/1239/457 992/1283/457 991/1282/457
f 962/1241/483 991/1281/483 990/1280/481
f 991/1281/465 962/1241/465 959/1237/463
f 959/1238/457 960/1239/457 991/1282/457
f 990/1280/457 985/1272/457 972/1255/457
f 970/1252/457 990/1280/457 972/1255/457
f 962/1241/457 990/1280/457 970/1252/457
f 988/1277/457 993/1284/457 986/1273/457
f 993/1284/457 996/1289/457 994/1285/457
f 995/1287/457 993/1284/457 994/1285/457
f 986/1273/457 993/1284/457 995/1287/457
f 994/1285/457 996/1289/457 998/1291/457
f 996/1289/457 997/1290/457 999/1293/457
f 998/1291/457 996/1289/457 1000/1294/457
f 1001/1296/457 996/1289/457 999/1293/457
f 1000/1294/457 996/1289/457 1001/1296/457
f 1000/1295/484 1001/1297/485 1002/1298/484
f 999/1293/457 978/1264/457 1001/1296/457
f 1005/1302/457 1001/1296/457 978/1264/457
f 1003/1299/485 1002/1298/484 1001/1297/485
f 1003/1299/485 1001/1297/485 1004/1300/486
f 1005/1301/486 1004/1300/486 1001/1297/485
f 1004/1300/486 1005/1301/486 1006/1303/487
f 1007/1304/487 1006/1303/487 1005/1301/486
f 1007/1305/457 1005/1302/457 978/1264/457
f 1006/1303/488 1007/1304/488 980/1267/473
f 977/1262/473 980/1267/473 1007/1304/489
f 977/1263/457 1007/1305/457 978/1264/457
f 1006/1303/457 1008/1306/457 1004/1300/457
f 1009/1307/457 1008/1306/457 1006/1303/457
f 980/1267/457 1009/1307/457 1006/1303/457
f 1008/1306/490 1009/1307/491 998/1292/490
f 982/1269/457 1009/1307/457 980/1267/457
f 982/1269/492 995/1288/492 1009/1307/491
f 994/1286/491 1009/1307/491 995/1288/492
f 994/1286/491 998/1292/493 1009/1307/491
f 998/1292/494 1000/1295/484 1008/1306/494
f 1002/1298/484 1008/1306/493 1000/1295/484
f 1008/1306/457 1002/1298/457 1004/1300/457
f 1003/1299/457 1004/1300/457 1002/1298/457
f 999/1293/457 997/1290/457 1010/1308/457
f 1010/1308/457 1012/1310/457 1011/1309/457
f 997/1290/457 1012/1310/457 1010/1308/457
f 1012/1310/457 1013/1311/457 1011/1309/457
f 1014/1312/457 1011/1309/457 1013/1311/457
f 995/1288/492 982/1269/495 986/1274/479
f 963/1242/457 962/1241/457 970/1252/457
f 1015/1313/457 955/1231/457 956/1232/457
f 1016/1314/457 1015/1313/457 956/1232/457
f 1017/1315/457 1015/1313/457 1016/1314/457
f 1018/1316/457 1017/1315/457 1016/1314/457
f 1019/1317/457 1017/1315/457 1018/1316/457
g ambulance.030_Mesh
v -0.253540 -0.140000 0.024603
v -0.244631 -0.168000 0.033513
v -0.266890 -0.140000 0.042000
v -0.236143 -0.140000 0.011254
v -0.229843 -0.168000 0.022166
v -0.266890 -0.112000 0.042000
v -0.253540 -0.112000 0.024603
v -0.236143 -0.112000 0.011254
v -0.244631 -0.084000 0.033513
v -0.229843 -0.084000 0.022166
v -0.244631 -0.084000 0.134487
v -0.255978 -0.084000 0.119700
v -0.255978 -0.084000 0.048300
v -0.275281 -0.112000 0.062259
v -0.263111 -0.084000 0.102480
v -0.263111 -0.084000 0.065520
v -0.278143 -0.112000 0.084000
v -0.265543 -0.084000 0.084000
v -0.278143 -0.140000 0.084000
v -0.275281 -0.112000 0.105741
v -0.275281 -0.140000 0.062259
v -0.263111 -0.168000 0.065520
v -0.255978 -0.168000 0.048300
v -0.255978 -0.168000 0.119700
v -0.244631 -0.168000 0.134487
v -0.266890 -0.140000 0.126000
v -0.253540 -0.140000 0.143397
v -0.229843 -0.168000 0.145834
v -0.231566 -0.168000 0.105606
v -0.235883 -0.168000 0.095184
v -0.237355 -0.168000 0.084000
v -0.235883 -0.168000 0.072816
v -0.231566 -0.168000 0.062394
v -0.224699 -0.168000 0.053445
v -0.215749 -0.168000 0.046578
v -0.212623 -0.168000 0.015033
v -0.205327 -0.168000 0.042261
v -0.194143 -0.168000 0.040788
v -0.182959 -0.168000 0.042261
v -0.194143 -0.168000 0.012600
v -0.215884 -0.140000 0.002862
v -0.194143 -0.140000 -0.000000
v -0.175664 -0.168000 0.015033
v -0.163588 -0.168000 0.053445
v -0.172403 -0.140000 0.002862
v -0.158443 -0.168000 0.022166
v -0.172538 -0.168000 0.046578
v -0.143656 -0.168000 0.033513
v -0.152143 -0.140000 0.011254
v -0.143656 -0.168000 0.134487
v -0.150932 -0.168000 0.084000
v -0.152404 -0.168000 0.072816
v -0.156721 -0.168000 0.062394
v -0.158443 -0.168000 0.145834
v -0.152404 -0.168000 0.095184
v -0.156721 -0.168000 0.105606
v -0.163588 -0.168000 0.114555
v -0.175664 -0.168000 0.152967
v -0.172538 -0.168000 0.121423
v -0.182959 -0.168000 0.125739
v -0.194143 -0.168000 0.127212
v -0.194143 -0.168000 0.155400
v -0.205327 -0.168000 0.125739
v -0.194143 -0.140000 0.168000
v -0.215884 -0.140000 0.165138
v -0.212623 -0.168000 0.152967
v -0.236143 -0.140000 0.156746
v -0.215749 -0.168000 0.121423
v -0.224699 -0.168000 0.114555
v -0.236143 -0.112000 0.156746
v -0.253540 -0.112000 0.143397
v -0.266890 -0.112000 0.126000
v -0.275281 -0.140000 0.105741
v -0.265543 -0.168000 0.084000
v -0.263111 -0.168000 0.102480
v -0.229843 -0.084000 0.145834
v -0.215884 -0.112000 0.165138
v -0.194143 -0.112000 0.168000
v -0.212623 -0.084000 0.152967
v -0.194143 -0.084000 0.012600
v -0.194143 -0.084000 0.155400
v -0.212623 -0.084000 0.015033
v -0.194143 -0.112000 -0.000000
v -0.215884 -0.112000 0.002862
v -0.172403 -0.112000 0.002862
v -0.152143 -0.112000 0.011254
v -0.175664 -0.084000 0.015033
v -0.158443 -0.084000 0.022166
v -0.175664 -0.084000 0.152967
v -0.158443 -0.084000 0.145834
v -0.152143 -0.112000 0.156746
v -0.172403 -0.112000 0.165138
v -0.152143 -0.140000 0.156746
v -0.172403 -0.140000 0.165138
v -0.134746 -0.140000 0.143397
v -0.121397 -0.112000 0.126000
v -0.121397 -0.140000 0.126000
v -0.134746 -0.112000 0.143397
v -0.143656 -0.084000 0.134487
v -0.132309 -0.084000 0.048300
v -0.132309 -0.084000 0.119700
v -0.143656 -0.084000 0.033513
v -0.134746 -0.112000 0.024603
v -0.121397 -0.112000 0.042000
v -0.121397 -0.140000 0.042000
v -0.113006 -0.140000 0.062259
v -0.113006 -0.112000 0.062259
v -0.110143 -0.140000 0.084000
v -0.125176 -0.084000 0.065520
v -0.110143 -0.112000 0.084000
v -0.113006 -0.112000 0.105741
v -0.113006 -0.140000 0.105741
v -0.122743 -0.084000 0.084000
v -0.125176 -0.084000 0.102480
v -0.132309 -0.168000 0.119700
v -0.125176 -0.168000 0.102480
v -0.122743 -0.168000 0.084000
v -0.132309 -0.168000 0.048300
v -0.125176 -0.168000 0.065520
v -0.134746 -0.140000 0.024603
vn -0.6448 -0.4104 -0.6448
vn -0.7898 -0.4104 -0.4559
vn -0.4559 -0.4104 -0.7898
vn -0.8660 -0.0000 -0.5000
vn -0.7071 -0.0000 -0.7071
vn -0.4560 -0.4104 -0.7897
vn -0.5000 0.0001 -0.8660
vn -0.5000 -0.0000 -0.8660
vn -0.7071 0.0001 -0.7071
vn -0.6448 0.4104 -0.6448
vn -0.7898 0.4104 -0.4559
vn -0.4560 0.4104 -0.7897
vn -0.0000 1.0000 -0.0000
vn -0.4559 0.4104 -0.7898
vn -0.7897 0.4104 -0.4560
vn -0.8808 0.4104 -0.2360
vn -0.8809 0.4104 -0.2360
vn -0.9119 0.4104 -0.0000
vn -0.8808 0.4104 0.2360
vn -1.0000 -0.0000 -0.0000
vn -0.9659 -0.0000 -0.2588
vn -0.9659 -0.0000 0.2588
vn -0.7897 -0.4104 -0.4560
vn -0.8808 -0.4104 -0.2360
vn -0.8660 -0.0001 -0.5000
vn -0.8809 -0.4104 -0.2360
vn -0.9119 -0.4104 -0.0000
vn -0.0000 -1.0000 -0.0000
vn -0.7897 -0.4104 0.4560
vn -0.6448 -0.4104 0.6448
vn -0.7898 -0.4104 0.4559
vn -0.4559 -0.4104 0.7898
vn -0.0000 -0.4104 -0.9119
vn -0.2360 -0.4104 -0.8808
vn -0.2360 -0.4104 -0.8809
vn 0.2360 -0.4104 -0.8808
vn 0.4559 -0.4104 -0.7898
vn 0.4560 -0.4104 -0.7897
vn 0.6448 -0.4104 -0.6448
vn -0.0000 -0.4104 0.9119
vn 0.2360 -0.4104 0.8808
vn -0.2360 -0.4104 0.8809
vn -0.2360 -0.4104 0.8808
vn -0.7071 -0.0000 0.7071
vn -0.5000 -0.0000 0.8660
vn -0.4560 -0.4104 0.7897
vn -0.2588 -0.0000 0.9659
vn -0.8660 -0.0000 0.5000
vn -0.6448 0.4104 0.6448
vn -0.4559 0.4104 0.7898
vn -0.7898 0.4104 0.4559
vn -0.9659 -0.0001 0.2588
vn -0.8660 0.0001 0.5000
vn -0.7897 0.4104 0.4560
vn -0.8808 -0.4104 0.2360
vn -0.2360 0.4104 0.8808
vn -0.0000 -0.0000 1.0000
vn -0.0000 0.4104 0.9119
vn -0.2360 0.4104 0.8809
vn -0.4560 0.4104 0.7897
vn -0.0000 0.4104 -0.9119
vn -0.2360 0.4104 -0.8808
vn -0.2360 0.4104 -0.8809
vn -0.2588 -0.0000 -0.9659
vn -0.0000 -0.0000 -1.0000
vn -0.2588 0.0001 -0.9659
vn 0.2360 0.4104 -0.8808
vn 0.2588 -0.0001 -0.9659
vn 0.2588 -0.0000 -0.9659
vn 0.5000 -0.0000 -0.8660
vn 0.4559 0.4104 -0.7898
vn 0.4559 0.4104 0.7898
vn 0.2360 0.4104 0.8808
vn 0.2588 -0.0000 0.9659
vn 0.5000 -0.0001 0.8660
vn 0.5000 -0.0000 0.8660
vn 0.4559 -0.4104 0.7898
vn 0.7071 -0.0000 0.7071
vn 0.6448 -0.4104 0.6448
vn 0.4560 -0.4104 0.7897
vn 0.8660 -0.0000 0.5000
vn 0.7897 -0.4104 0.4560
vn 0.6448 0.4104 0.6448
vn 0.7897 0.4104 0.4560
vn 0.4560 0.4104 0.7897
vn 0.6448 0.4104 -0.6448
vn 0.4560 0.4104 -0.7897
vn 0.7897 0.4104 -0.4560
vn 0.8660 -0.0000 -0.5000
vn 0.9659 -0.0000 -0.2588
vn 0.7071 -0.0000 -0.7071
vn 0.7898 0.4104 -0.4559
vn 0.8808 0.4104 -0.2360
vn 1.0000 -0.0000 -0.0000
vn 0.8809 0.4104 -0.2360
vn 0.9119 0.4104 -0.0000
vn 0.8809 0.4104 0.2360
vn 0.9659 -0.0000 0.2588
vn 0.8808 0.4104 0.2360
vn 0.7898 0.4104 0.4559
vn 0.8808 -0.4104 0.2360
vn 0.7898 -0.4104 0.4559
vn 0.8660 -0.0001 0.5000
vn 0.8809 -0.4104 0.2360
vn 0.9119 -0.4104 -0.0000
vn 0.8808 -0.4104 -0.2360
vn 0.7898 -0.4104 -0.4559
vn 0.8809 -0.4104 -0.2360
vn 0.7897 -0.4104 -0.4560
vn 0.5000 0.0001 -0.8660
vn 0.7071 0.0001 -0.7071
vn -0.9659 0.0001 -0.2588
vt 0.593750 0.025000
vt 0.593750 0.025000
vt 0.593750 0.025000
vt 0.593750 0.025000
vt 0.593750 0.025000
vt 0.593750 0.025000
vt 0.593750 0.025000
vt 0.593750 0.025000
vt 0.593750 0.025000
vt 0.593750 0.025000
vt 0.593750 0.145208
vt 0.593750 0.110000
vt 0.593750 0.025000
vt 0.593750 0.025000
vt 0.593750 0.068999
vt 0.593750 0.025000
vt 0.593750 0.025000
vt 0.593750 0.025000
vt 0.593750 0.025000
vt 0.593750 0.076764
vt 0.593750 0.025000
vt 0.593750 0.025000
vt 0.593750 0.025000
vt 0.593750 0.110000
vt 0.593750 0.145208
vt 0.593750 0.125000
vt 0.593750 0.166421
vt 0.593750 0.172224
vt 0.593750 0.076443
vt 0.593750 0.051629
vt 0.593750 0.025000
vt 0.593750 0.025000
vt 0.593750 0.025000
vt 0.593750 0.025000
vt 0.593750 0.025000
vt 0.593750 0.025000
vt 0.593750 0.025000
vt 0.593750 0.025000
vt 0.593750 0.025000
vt 0.593750 0.025000
vt 0.593750 0.025000
vt 0.593750 0.025000
vt 0.593750 0.025000
vt 0.593750 0.025000
vt 0.593750 0.025000
vt 0.593750 0.025000
vt 0.593750 0.025000
vt 0.593750 0.025000
vt 0.593750 0.025000
vt 0.593750 0.145208
vt 0.593750 0.025000
vt 0.593750 0.025000
vt 0.593750 0.025000
vt 0.593750 0.172224
vt 0.593750 0.051629
vt 0.593750 0.076443
vt 0.593750 0.097751
vt 0.593750 0.189207
vt 0.593750 0.114101
vt 0.593750 0.124380
vt 0.593750 0.127885
vt 0.593750 0.195000
vt 0.593750 0.124380
vt 0.593750 0.225000
vt 0.593750 0.218185
vt 0.593750 0.189207
vt 0.593750 0.198205
vt 0.593750 0.114101
vt 0.593750 0.097751
vt 0.593750 0.198205
vt 0.593750 0.166421
vt 0.593750 0.125000
vt 0.593750 0.076764
vt 0.593750 0.025000
vt 0.593750 0.068999
vt 0.593750 0.172224
vt 0.593750 0.218185
vt 0.593750 0.225000
vt 0.593750 0.189207
vt 0.593750 0.025000
vt 0.593750 0.195000
vt 0.593750 0.025000
vt 0.593750 0.025000
vt 0.593750 0.025000
vt 0.593750 0.025000
vt 0.593750 0.025000
vt 0.593750 0.025000
vt 0.593750 0.025000
vt 0.593750 0.189207
vt 0.593750 0.172224
vt 0.593750 0.198205
vt 0.593750 0.218185
vt 0.593750 0.198205
vt 0.593750 0.218185
vt 0.593750 0.166421
vt 0.593750 0.125000
vt 0.593750 0.125000
vt 0.593750 0.166421
vt 0.593750 0.145208
vt 0.593750 0.025000
vt 0.593750 0.110000
vt 0.593750 0.025000
vt 0.593750 0.025000
vt 0.593750 0.025000
vt 0.593750 0.025000
vt 0.593750 0.025000
vt 0.593750 0.025000
vt 0.593750 0.025000
vt 0.593750 0.025000
vt 0.593750 0.025000
vt 0.593750 0.076764
vt 0.593750 0.076764
vt 0.593750 0.025000
vt 0.593750 0.068999
vt 0.593750 0.110000
vt 0.593750 0.068999
vt 0.593750 0.025000
vt 0.593750 0.025000
vt 0.593750 0.025000
vt 0.593750 0.025000
s 0
f 1020/1318/496 1021/1319/496 1022/1320/497
f 1021/1319/496 1020/1318/496 1024/1322/498
f 1022/1320/499 1025/1323/499 1020/1318/500
f 1023/1321/501 1024/1322/501 1020/1318/496
f 1020/1318/500 1026/1324/500 1023/1321/502
f 1026/1324/500 1020/1318/500 1025/1323/499
f 1027/1325/503 1023/1321/503 1026/1324/504
f 1026/1324/505 1025/1323/506 1028/1326/505
f 1026/1324/505 1028/1326/505 1027/1325/507
f 1028/1326/508 1030/1328/508 1029/1327/508
f 1029/1327/509 1027/1325/509 1028/1326/505
f 1031/1329/508 1030/1328/508 1028/1326/508
f 1032/1330/508 1031/1329/508 1028/1326/508
f 1032/1330/510 1028/1326/505 1025/1323/510
f 1025/1323/510 1033/1331/511 1032/1330/510
f 1035/1333/511 1032/1330/506 1033/1331/511
f 1034/1332/508 1031/1329/508 1032/1330/508
f 1035/1333/508 1034/1332/508 1032/1330/508
f 1033/1331/512 1036/1334/513 1035/1333/512
f 1037/1335/513 1035/1333/511 1036/1334/513
f 1037/1335/508 1034/1332/508 1035/1333/508
f 1037/1335/513 1036/1334/513 1034/1332/514
f 1038/1336/515 1036/1334/515 1040/1338/516
f 1036/1334/515 1038/1336/515 1039/1337/517
f 1033/1331/516 1040/1338/516 1036/1334/515
f 1039/1337/514 1034/1332/514 1036/1334/513
f 1022/1320/518 1042/1340/518 1040/1338/519
f 1040/1338/516 1033/1331/516 1022/1320/520
f 1040/1338/521 1041/1339/521 1038/1336/522
f 1041/1339/519 1040/1338/519 1042/1340/497
f 1042/1340/518 1022/1320/518 1021/1319/496
f 1042/1340/523 1021/1319/523 1044/1342/523
f 1043/1341/523 1042/1340/523 1044/1342/523
f 1041/1339/523 1042/1340/523 1043/1341/523
f 1043/1341/524 1044/1342/525 1045/1343/524
f 1046/1344/525 1045/1343/526 1044/1342/525
f 1044/1342/525 1047/1345/527 1046/1344/525
f 1044/1342/523 1048/1346/523 1047/1345/523
f 1049/1347/523 1048/1346/523 1044/1342/523
f 1050/1348/523 1049/1347/523 1044/1342/523
f 1021/1319/523 1050/1348/523 1044/1342/523
f 1050/1348/523 1021/1319/523 1051/1349/523
f 1051/1349/523 1021/1319/523 1052/1350/523
f 1021/1319/523 1024/1322/523 1052/1350/523
f 1052/1350/523 1024/1322/523 1053/1351/523
f 1053/1351/523 1024/1322/523 1054/1352/523
f 1054/1352/523 1055/1353/523 1056/1354/523
f 1024/1322/523 1055/1353/523 1054/1352/523
f 1056/1354/523 1055/1353/523 1057/1355/523
f 1057/1355/523 1059/1357/523 1058/1356/523
f 1055/1353/523 1059/1357/523 1057/1355/523
f 1061/1359/528 1059/1357/528 1060/1358/529
f 1055/1353/529 1060/1358/530 1059/1357/528
f 1059/1357/523 1062/1360/523 1058/1356/523
f 1059/1357/528 1061/1359/528 1062/1360/531
f 1062/1360/523 1065/1363/523 1063/1361/523
f 1066/1364/523 1062/1360/523 1063/1361/523
f 1062/1360/531 1064/1362/531 1065/1363/532
f 1064/1362/531 1062/1360/531 1061/1359/528
f 1058/1356/523 1062/1360/523 1066/1364/523
f 1065/1363/523 1067/1365/523 1069/1367/523
f 1065/1363/533 1068/1366/533 1067/1365/534
f 1068/1366/532 1065/1363/532 1064/1362/531
f 1070/1368/523 1065/1363/523 1069/1367/523
f 1071/1369/523 1065/1363/523 1070/1368/523
f 1072/1370/523 1065/1363/523 1071/1369/523
f 1063/1361/523 1065/1363/523 1072/1370/523
f 1069/1367/523 1073/1371/523 1070/1368/523
f 1074/1372/523 1070/1368/523 1073/1371/523
f 1075/1373/523 1074/1372/523 1073/1371/523
f 1076/1374/523 1075/1373/523 1073/1371/523
f 1077/1375/523 1076/1374/523 1073/1371/523
f 1078/1376/523 1076/1374/523 1077/1375/523
f 1079/1377/523 1078/1376/523 1077/1375/523
f 1081/1379/523 1079/1377/523 1077/1375/523
f 1080/1378/523 1079/1377/523 1081/1379/523
f 1082/1380/523 1080/1378/523 1081/1379/523
f 1085/1383/523 1082/1380/523 1081/1379/523
f 1081/1379/535 1077/1375/536 1083/1381/535
f 1083/1381/535 1084/1382/537 1081/1379/535
f 1085/1383/538 1081/1379/535 1084/1382/537
f 1084/1382/538 1086/1384/527 1085/1383/538
f 1047/1345/527 1085/1383/538 1086/1384/527
f 1087/1385/523 1082/1380/523 1085/1383/523
f 1047/1345/523 1087/1385/523 1085/1383/523
f 1088/1386/523 1087/1385/523 1047/1345/523
f 1048/1346/523 1088/1386/523 1047/1345/523
f 1046/1344/539 1086/1384/540 1090/1388/539
f 1086/1384/541 1046/1344/525 1047/1345/541
f 1089/1387/540 1090/1388/539 1086/1384/540
f 1086/1384/540 1084/1382/542 1089/1387/540
f 1091/1389/543 1045/1343/543 1090/1388/539
f 1046/1344/539 1090/1388/539 1045/1343/543
f 1090/1388/544 1089/1387/545 1030/1328/544
f 1090/1388/544 1030/1328/544 1091/1389/546
f 1045/1343/543 1091/1389/543 1092/1390/547
f 1039/1337/517 1092/1390/517 1091/1389/548
f 1091/1389/549 1031/1329/549 1039/1337/514
f 1031/1329/549 1091/1389/549 1030/1328/544
f 1045/1343/524 1092/1390/550 1043/1341/524
f 1092/1390/517 1039/1337/517 1038/1336/515
f 1038/1336/522 1093/1391/522 1092/1390/550
f 1094/1392/550 1092/1390/550 1093/1391/522
f 1094/1392/550 1043/1341/526 1092/1390/550
f 1093/1391/523 1041/1339/523 1094/1392/523
f 1094/1392/523 1041/1339/523 1043/1341/523
f 1093/1391/522 1038/1336/522 1041/1339/519
f 1089/1387/545 1096/1394/551 1095/1393/545
f 1095/1393/545 1030/1328/544 1089/1387/545
f 1096/1394/542 1089/1387/540 1084/1382/542
f 1097/1395/552 1096/1394/542 1083/1381/552
f 1096/1394/551 1097/1395/553 1098/1396/554
f 1098/1396/551 1095/1393/555 1096/1394/551
f 1084/1382/542 1083/1381/552 1096/1394/542
f 1098/1396/508 1100/1398/508 1099/1397/508
f 1101/1399/508 1098/1396/508 1099/1397/508
f 1100/1398/553 1098/1396/551 1097/1395/553
f 1095/1393/508 1098/1396/508 1101/1399/508
f 1099/1397/556 1102/1400/556 1101/1399/557
f 1103/1401/557 1101/1399/558 1102/1400/556
f 1101/1399/557 1103/1401/557 1029/1327/509
f 1029/1327/508 1095/1393/508 1101/1399/508
f 1103/1401/559 1060/1358/559 1027/1325/503
f 1060/1358/559 1103/1401/559 1061/1359/560
f 1102/1400/560 1061/1359/560 1103/1401/561
f 1027/1325/509 1029/1327/509 1103/1401/557
f 1102/1400/556 1099/1397/556 1104/1402/562
f 1061/1359/560 1102/1400/560 1064/1362/563
f 1104/1402/564 1064/1362/564 1102/1400/560
f 1105/1403/565 1068/1366/565 1104/1402/563
f 1104/1402/562 1106/1404/562 1105/1403/566
f 1064/1362/564 1104/1402/564 1068/1366/565
f 1106/1404/562 1104/1402/562 1099/1397/556
f 1107/1405/566 1105/1403/566 1106/1404/562
f 1099/1397/508 1100/1398/508 1106/1404/508
f 1106/1404/508 1108/1406/508 1107/1405/508
f 1100/1398/508 1108/1406/508 1106/1404/508
f 1108/1406/508 1109/1407/508 1107/1405/508
f 1109/1407/567 1108/1406/568 1110/1408/567
f 1108/1406/568 1100/1398/553 1111/1409/568
f 1111/1409/568 1110/1408/567 1108/1406/568
f 1097/1395/553 1111/1409/568 1100/1398/553
f 1111/1409/569 1097/1395/552 1113/1411/569
f 1110/1408/570 1111/1409/569 1112/1410/571
f 1113/1411/569 1112/1410/571 1111/1409/569
f 1112/1410/572 1113/1411/536 1073/1371/572
f 1077/1375/536 1073/1371/572 1113/1411/536
f 1113/1411/536 1083/1381/535 1077/1375/536
f 1083/1381/552 1113/1411/569 1097/1395/552
f 1112/1410/571 1114/1412/573 1110/1408/571
f 1114/1412/574 1112/1410/575 1069/1367/574
f 1073/1371/575 1069/1367/574 1112/1410/575
f 1116/1414/576 1115/1413/576 1114/1412/573
f 1117/1415/573 1114/1412/573 1115/1413/576
f 1114/1412/574 1069/1367/574 1116/1414/577
f 1117/1415/573 1110/1408/571 1114/1412/573
f 1117/1415/578 1115/1413/579 1118/1416/578
f 1118/1416/578 1109/1407/580 1117/1415/578
f 1110/1408/580 1117/1415/578 1109/1407/580
f 1120/1418/579 1118/1416/578 1115/1413/579
f 1118/1416/508 1120/1418/508 1119/1417/508
f 1121/1419/508 1118/1416/508 1119/1417/508
f 1109/1407/508 1118/1416/508 1121/1419/508
f 1107/1405/508 1109/1407/508 1121/1419/508
f 1121/1419/581 1122/1420/581 1107/1405/582
f 1122/1420/581 1121/1419/581 1123/1421/583
f 1119/1417/583 1123/1421/583 1121/1419/581
f 1124/1422/584 1123/1421/584 1125/1423/585
f 1123/1421/584 1124/1422/584 1122/1420/586
f 1126/1424/585 1125/1423/585 1123/1421/584
f 1123/1421/587 1119/1417/587 1126/1424/588
f 1125/1423/585 1126/1424/585 1127/1425/589
f 1129/1427/589 1127/1425/589 1126/1424/585
f 1128/1426/588 1126/1424/588 1119/1417/587
f 1126/1424/590 1128/1426/590 1129/1427/591
f 1129/1427/591 1132/1430/591 1130/1428/592
f 1130/1428/593 1131/1429/593 1129/1427/589
f 1127/1425/589 1129/1427/589 1131/1429/593
f 1132/1430/591 1129/1427/591 1128/1426/588
f 1132/1430/508 1128/1426/508 1133/1431/508
f 1133/1431/594 1130/1428/594 1132/1430/591
f 1119/1417/508 1133/1431/508 1128/1426/508
f 1120/1418/508 1133/1431/508 1119/1417/508
f 1133/1431/594 1120/1418/595 1130/1428/594
f 1135/1433/596 1131/1429/596 1134/1432/597
f 1116/1414/597 1134/1432/597 1131/1429/596
f 1131/1429/593 1130/1428/593 1116/1414/598
f 1131/1429/599 1135/1433/599 1127/1425/600
f 1136/1434/600 1127/1425/600 1135/1433/596
f 1136/1434/523 1135/1433/523 1138/1436/523
f 1137/1435/523 1138/1436/523 1135/1433/523
f 1134/1432/523 1137/1435/523 1135/1433/523
f 1138/1436/601 1137/1435/602 1125/1423/601
f 1136/1434/600 1138/1436/601 1127/1425/600
f 1125/1423/603 1127/1425/600 1138/1436/603
f 1137/1435/604 1067/1365/534 1124/1422/604
f 1124/1422/602 1125/1423/601 1137/1435/602
f 1067/1365/523 1137/1435/523 1134/1432/523
f 1134/1432/577 1116/1414/577 1069/1367/574
f 1069/1367/523 1067/1365/523 1134/1432/523
f 1115/1413/576 1116/1414/576 1130/1428/593
f 1115/1413/595 1130/1428/594 1120/1418/595
f 1139/1437/534 1124/1422/604 1067/1365/534
f 1139/1437/586 1122/1420/586 1124/1422/584
f 1122/1420/586 1139/1437/586 1105/1403/605
f 1068/1366/565 1105/1403/565 1139/1437/606
f 1139/1437/534 1067/1365/534 1068/1366/533
f 1105/1403/582 1107/1405/582 1122/1420/581
f 1030/1328/508 1095/1393/508 1029/1327/508
f 1060/1358/529 1055/1353/529 1023/1321/498
f 1023/1321/503 1027/1325/503 1060/1358/559
f 1024/1322/498 1023/1321/498 1055/1353/529
f 1034/1332/514 1039/1337/514 1031/1329/546
f 1025/1323/499 1022/1320/499 1033/1331/607
g ambulance.031_Mesh
v -0.202052 -0.168000 0.054486
v -0.201287 -0.154000 0.057340
v -0.209421 -0.168000 0.057538
v -0.194143 -0.168000 0.053445
v -0.194143 -0.168000 0.040788
v -0.205327 -0.168000 0.042261
v -0.215749 -0.168000 0.046578
v -0.215749 -0.168000 0.062394
v -0.213660 -0.154000 0.064484
v -0.220605 -0.168000 0.068722
v -0.218046 -0.154000 0.070200
v -0.223658 -0.168000 0.076092
v -0.220803 -0.154000 0.076857
v -0.224699 -0.168000 0.084000
v -0.224699 -0.168000 0.053445
v -0.224699 -0.168000 0.114555
v -0.231566 -0.168000 0.062394
v -0.231566 -0.168000 0.105606
v -0.235883 -0.168000 0.072816
v -0.235883 -0.168000 0.095184
v -0.237355 -0.168000 0.084000
v -0.215749 -0.168000 0.121423
v -0.223658 -0.168000 0.091908
v -0.220803 -0.154000 0.091144
v -0.218046 -0.154000 0.097800
v -0.220605 -0.168000 0.099278
v -0.213660 -0.154000 0.103516
v -0.215749 -0.168000 0.105606
v -0.205327 -0.168000 0.125739
v -0.209421 -0.168000 0.110462
v -0.207944 -0.154000 0.107903
v -0.201287 -0.154000 0.110660
v -0.202052 -0.168000 0.113514
v -0.194143 -0.168000 0.114555
v -0.194143 -0.154000 0.111600
v -0.187000 -0.154000 0.110660
v -0.186235 -0.168000 0.113514
v -0.180343 -0.154000 0.107903
v -0.178866 -0.168000 0.110462
v -0.174627 -0.154000 0.103516
v -0.167682 -0.168000 0.099278
v -0.172538 -0.168000 0.105606
v -0.170241 -0.154000 0.097800
v -0.164629 -0.168000 0.091908
v -0.167483 -0.154000 0.091144
v -0.166543 -0.154000 0.084000
v -0.163588 -0.168000 0.084000
v -0.167483 -0.154000 0.076857
v -0.164629 -0.168000 0.076092
v -0.170241 -0.154000 0.070200
v -0.167682 -0.168000 0.068722
v -0.174627 -0.154000 0.064484
v -0.180343 -0.154000 0.060097
v -0.172538 -0.168000 0.062394
v -0.178866 -0.168000 0.057538
v -0.163588 -0.168000 0.053445
v -0.172538 -0.168000 0.046578
v -0.182959 -0.168000 0.042261
v -0.186235 -0.168000 0.054486
v -0.187000 -0.154000 0.057340
v -0.194143 -0.154000 0.056400
v -0.156721 -0.168000 0.062394
v -0.156721 -0.168000 0.105606
v -0.152404 -0.168000 0.095184
v -0.163588 -0.168000 0.114555
v -0.172538 -0.168000 0.121423
v -0.182959 -0.168000 0.125739
v -0.194143 -0.168000 0.127212
v -0.150932 -0.168000 0.084000
v -0.152404 -0.168000 0.072816
v -0.221744 -0.154000 0.084000
v -0.207944 -0.154000 0.060097
vn 0.2533 -0.2065 0.9451
vn 0.4892 -0.2065 0.8474
vn 0.2532 -0.2065 0.9451
vn -0.0000 -0.2065 0.9784
vn -0.0000 -1.0000 -0.0000
vn 0.6919 -0.2065 0.6919
vn 0.6918 -0.2065 0.6919
vn 0.6919 -0.2065 0.6918
vn 0.8474 -0.2065 0.4892
vn 0.9451 -0.2065 0.2532
vn 0.9451 -0.2065 0.2533
vn 0.9784 -0.2065 -0.0000
vn -0.0000 -0.0000 -0.0000
vn 0.9451 -0.2065 -0.2533
vn 0.8474 -0.2065 -0.4892
vn 0.9451 -0.2065 -0.2532
vn 0.6919 -0.2065 -0.6918
vn 0.4892 -0.2065 -0.8474
vn 0.6919 -0.2065 -0.6919
vn 0.6918 -0.2065 -0.6919
vn 0.2533 -0.2065 -0.9451
vn 0.2532 -0.2065 -0.9451
vn -0.0000 -0.2065 -0.9784
vn -0.2532 -0.2065 -0.9451
vn -0.2533 -0.2065 -0.9451
vn -0.4892 -0.2065 -0.8474
vn -0.4892 -0.2065 -0.8473
vn -0.6919 -0.2065 -0.6919
vn -0.8473 -0.2065 -0.4892
vn -0.8474 -0.2065 -0.4892
vn -0.6919 -0.2065 -0.6918
vn -0.9451 -0.2065 -0.2533
vn -0.9451 -0.2065 -0.2532
vn -0.9784 -0.2065 -0.0000
vn -0.9451 -0.2065 0.2532
vn -0.9451 -0.2065 0.2533
vn -0.8474 -0.2065 0.4892
vn -0.6919 -0.2065 0.6919
vn -0.6919 -0.2065 0.6918
vn -0.4892 -0.2065 0.8473
vn -0.4892 -0.2065 0.8474
vn -0.2533 -0.2065 0.9451
vn -0.2532 -0.2065 0.9451
vn 0.4892 -0.2065 0.8473
vt 0.968750 0.056699
vt 0.968750 0.063304
vt 0.968750 0.063763
vt 0.968750 0.054289
vt 0.968750 0.025000
vt 0.968750 0.028407
vt 0.968750 0.038397
vt 0.968750 0.075000
vt 0.968750 0.079835
vt 0.968750 0.089645
vt 0.968750 0.093064
vt 0.968750 0.106699
vt 0.968750 0.108469
vt 0.968750 0.125000
vt 0.968750 0.054289
vt 0.968750 0.195711
vt 0.968750 0.075000
vt 0.968750 0.175000
vt 0.968750 0.099118
vt 0.968750 0.150882
vt 0.968750 0.125000
vt 0.968750 0.211602
vt 0.968750 0.143301
vt 0.968750 0.141531
vt 0.968750 0.156936
vt 0.968750 0.160355
vt 0.968750 0.170165
vt 0.968750 0.175000
vt 0.968750 0.221593
vt 0.968750 0.186237
vt 0.968750 0.180315
vt 0.968750 0.186696
vt 0.968750 0.193301
vt 0.968750 0.195711
vt 0.968750 0.188872
vt 0.968750 0.186696
vt 0.968750 0.193301
vt 0.968750 0.180315
vt 0.968750 0.186237
vt 0.968750 0.170165
vt 0.968750 0.160355
vt 0.968750 0.175000
vt 0.968750 0.156936
vt 0.968750 0.143301
vt 0.968750 0.141531
vt 0.968750 0.125000
vt 0.968750 0.125000
vt 0.968750 0.108469
vt 0.968750 0.106699
vt 0.968750 0.093064
vt 0.968750 0.089645
vt 0.968750 0.079835
vt 0.968750 0.069685
vt 0.968750 0.075000
vt 0.968750 0.063763
vt 0.968750 0.054289
vt 0.968750 0.038397
vt 0.968750 0.028407
vt 0.968750 0.056699
vt 0.968750 0.063304
vt 0.968750 0.061128
vt 0.968750 0.075000
vt 0.968750 0.175000
vt 0.968750 0.150882
vt 0.968750 0.195711
vt 0.968750 0.211602
vt 0.968750 0.221593
vt 0.968750 0.225000
vt 0.968750 0.125000
vt 0.968750 0.099118
vt 0.968750 0.125000
vt 0.968750 0.069685
s 0
f 1140/1438/608 1141/1439/608 1142/1440/609
f 1140/1438/610 1143/1441/611 1141/1439/610
f 1140/1438/612 1142/1440/612 1145/1443/612
f 1143/1441/612 1140/1438/612 1144/1442/612
f 1144/1442/612 1140/1438/612 1145/1443/612
f 1142/1440/612 1147/1445/612 1145/1443/612
f 1145/1443/612 1147/1445/612 1146/1444/612
f 1147/1445/613 1142/1440/609 1148/1446/614
f 1147/1445/615 1148/1446/615 1149/1447/616
f 1147/1445/612 1149/1447/612 1146/1444/612
f 1150/1448/616 1149/1447/616 1148/1446/613
f 1149/1447/616 1150/1448/616 1151/1449/617
f 1149/1447/612 1151/1449/612 1146/1444/612
f 1151/1449/618 1152/1450/618 1153/1451/619
f 1152/1450/618 1151/1449/618 1150/1448/616
f 1151/1449/612 1153/1451/612 1154/1452/612
f 1146/1444/612 1151/1449/612 1154/1452/612
f 1153/1451/620 1155/1453/620 1154/1452/620
f 1154/1452/612 1155/1453/612 1156/1454/612
f 1155/1453/612 1157/1455/612 1156/1454/612
f 1156/1454/612 1157/1455/612 1158/1456/612
f 1157/1455/612 1159/1457/612 1158/1456/612
f 1160/1458/612 1158/1456/612 1159/1457/612
f 1161/1459/612 1155/1453/612 1162/1460/612
f 1153/1451/612 1162/1460/612 1155/1453/612
f 1162/1460/621 1153/1451/619 1163/1461/621
f 1163/1461/621 1164/1462/622 1162/1460/621
f 1165/1463/622 1162/1460/623 1164/1462/622
f 1165/1463/612 1161/1459/612 1162/1460/612
f 1164/1462/622 1166/1464/624 1165/1463/622
f 1167/1465/624 1165/1463/622 1166/1464/624
f 1167/1465/612 1161/1459/612 1165/1463/612
f 1169/1467/612 1168/1466/612 1167/1465/612
f 1168/1466/612 1161/1459/612 1167/1465/612
f 1169/1467/625 1167/1465/626 1170/1468/625
f 1166/1464/627 1170/1468/625 1167/1465/627
f 1170/1468/625 1171/1469/628 1169/1467/625
f 1172/1470/629 1171/1469/629 1173/1471/630
f 1172/1470/628 1169/1467/625 1171/1469/628
f 1174/1472/630 1173/1471/630 1171/1469/629
f 1174/1472/630 1175/1473/631 1173/1471/630
f 1175/1473/632 1177/1475/633 1176/1474/632
f 1176/1474/631 1173/1471/630 1175/1473/631
f 1178/1476/633 1176/1474/632 1177/1475/633
f 1177/1475/634 1179/1477/635 1178/1476/634
f 1182/1480/636 1180/1478/637 1179/1477/638
f 1181/1479/638 1179/1477/638 1180/1478/637
f 1181/1479/635 1178/1476/633 1179/1477/635
f 1180/1478/637 1182/1480/637 1183/1481/639
f 1184/1482/639 1183/1481/639 1182/1480/637
f 1184/1482/640 1185/1483/641 1183/1481/640
f 1186/1484/641 1183/1481/640 1185/1483/641
f 1185/1483/641 1187/1485/642 1186/1484/641
f 1187/1485/643 1189/1487/644 1188/1486/643
f 1188/1486/642 1186/1484/641 1187/1485/642
f 1190/1488/644 1188/1486/643 1189/1487/644
f 1189/1487/644 1191/1489/645 1190/1488/644
f 1193/1491/645 1190/1488/644 1191/1489/646
f 1191/1489/645 1192/1490/647 1193/1491/645
f 1194/1492/648 1193/1491/645 1192/1490/648
f 1193/1491/612 1194/1492/612 1196/1494/612
f 1190/1488/612 1193/1491/612 1195/1493/612
f 1195/1493/612 1193/1491/612 1196/1494/612
f 1196/1494/612 1194/1492/612 1197/1495/612
f 1194/1492/612 1198/1496/612 1197/1495/612
f 1197/1495/612 1143/1441/612 1144/1442/612
f 1198/1496/612 1143/1441/612 1197/1495/612
f 1198/1496/649 1194/1492/648 1199/1497/649
f 1198/1496/650 1199/1497/650 1143/1441/611
f 1192/1490/648 1199/1497/649 1194/1492/648
f 1200/1498/611 1143/1441/611 1199/1497/650
f 1200/1498/611 1141/1439/610 1143/1441/611
f 1195/1493/612 1202/1500/612 1186/1484/612
f 1186/1484/612 1188/1486/612 1195/1493/612
f 1188/1486/612 1190/1488/612 1195/1493/612
f 1201/1499/612 1202/1500/612 1195/1493/612
f 1202/1500/612 1204/1502/612 1186/1484/612
f 1203/1501/612 1202/1500/612 1201/1499/612
f 1183/1481/612 1204/1502/612 1180/1478/612
f 1180/1478/612 1204/1502/612 1181/1479/612
f 1186/1484/612 1204/1502/612 1183/1481/612
f 1204/1502/612 1205/1503/612 1181/1479/612
f 1205/1503/612 1206/1504/612 1178/1476/612
f 1181/1479/612 1205/1503/612 1178/1476/612
f 1178/1476/612 1206/1504/612 1176/1474/612
f 1176/1474/612 1206/1504/612 1173/1471/612
f 1206/1504/612 1207/1505/612 1173/1471/612
f 1173/1471/612 1207/1505/612 1172/1470/612
f 1207/1505/612 1168/1466/612 1172/1470/612
f 1208/1506/612 1203/1501/612 1209/1507/612
f 1209/1507/612 1203/1501/612 1201/1499/612
f 1172/1470/612 1168/1466/612 1169/1467/612
f 1210/1508/619 1163/1461/623 1153/1451/619
f 1210/1508/619 1153/1451/619 1152/1450/617
f 1211/1509/651 1148/1446/613 1142/1440/651
f 1211/1509/609 1142/1440/609 1141/1439/608
g ambulance.032_Mesh
v 0.356003 0.168000 0.087362
v 0.354705 0.168000 0.090494
v 0.359750 0.154000 0.088366
v 0.354705 0.168000 0.077506
v 0.356003 0.168000 0.080638
v 0.356445 0.168000 0.084000
v 0.360325 0.154000 0.084000
v 0.362973 0.154000 0.064484
v 0.362973 0.154000 0.103516
v 0.359750 0.154000 0.079634
v 0.358065 0.154000 0.075566
v 0.357257 0.154000 0.060097
v 0.355384 0.154000 0.072072
v 0.352641 0.168000 0.074816
v 0.349951 0.168000 0.072751
v 0.349951 0.168000 0.095248
v 0.352641 0.168000 0.093184
v 0.355384 0.154000 0.095928
v 0.358065 0.154000 0.092434
v 0.357257 0.154000 0.107903
v 0.350600 0.154000 0.110660
v 0.351891 0.154000 0.098608
v 0.346818 0.168000 0.096546
v 0.347822 0.154000 0.100294
v 0.343457 0.168000 0.096989
v 0.343457 0.154000 0.100868
v 0.343457 0.154000 0.111600
v 0.339091 0.154000 0.100294
v 0.336313 0.154000 0.110660
v 0.331529 0.154000 0.095928
v 0.329656 0.154000 0.107903
v 0.335022 0.154000 0.098608
v 0.334272 0.168000 0.093184
v 0.336962 0.168000 0.095248
v 0.336962 0.168000 0.072751
v 0.340095 0.168000 0.096546
v 0.340095 0.168000 0.071454
v 0.343457 0.168000 0.071011
v 0.339091 0.154000 0.067706
v 0.343457 0.154000 0.067132
v 0.343457 0.154000 0.056400
v 0.347822 0.154000 0.067706
v 0.351891 0.154000 0.069391
v 0.350600 0.154000 0.057340
v 0.346818 0.168000 0.071454
v 0.336313 0.154000 0.057340
v 0.331529 0.154000 0.072072
v 0.335022 0.154000 0.069391
v 0.329656 0.154000 0.060097
v 0.323940 0.154000 0.064484
v 0.323940 0.154000 0.103516
v 0.328848 0.154000 0.075566
v 0.327163 0.154000 0.079634
v 0.326588 0.154000 0.084000
v 0.330910 0.168000 0.080638
v 0.330468 0.168000 0.084000
v 0.327163 0.154000 0.088366
v 0.330910 0.168000 0.087362
v 0.332208 0.168000 0.077506
v 0.332208 0.168000 0.090494
v 0.334272 0.168000 0.074816
v 0.328848 0.154000 0.092434
v 0.319554 0.154000 0.097800
v 0.316797 0.154000 0.091143
v 0.319554 0.154000 0.070200
v 0.316797 0.154000 0.076856
v 0.315856 0.154000 0.084000
v 0.367359 0.154000 0.097800
v 0.367359 0.154000 0.070200
v 0.370116 0.154000 0.076856
v 0.370116 0.154000 0.091143
v 0.371057 0.154000 0.084000
vn 0.9308 0.2671 0.2494
vn 0.8346 0.2671 0.4818
vn -0.0000 1.0000 -0.0000
vn 0.9637 0.2671 -0.0000
vn 0.9308 0.2671 -0.2494
vn 0.9309 0.2670 -0.2494
vn 0.8346 0.2671 -0.4818
vn 0.6814 0.2671 -0.6814
vn 0.4818 0.2671 -0.8346
vn 0.6814 0.2671 0.6814
vn 0.4818 0.2671 0.8346
vn 0.8346 0.2671 0.4819
vn 0.2494 0.2671 0.9308
vn 0.4819 0.2671 0.8345
vn 0.4818 0.2670 0.8346
vn -0.0000 0.2671 0.9637
vn -0.6814 0.2671 0.6814
vn -0.4819 0.2671 0.8346
vn -0.4819 0.2671 0.8345
vn -0.4818 0.2671 0.8346
vn -0.2494 0.2671 0.9308
vn -0.2494 0.2670 0.9309
vn -0.0000 0.2671 -0.9637
vn -0.2494 0.2671 -0.9308
vn -0.4818 0.2671 -0.8346
vn 0.2494 0.2671 -0.9308
vn 0.4819 0.2671 -0.8345
vn 0.4818 0.2670 -0.8346
vn -0.0000 1.0000 0.0002
vn -0.9308 0.2671 -0.2494
vn -0.9637 0.2671 -0.0000
vn -0.9308 0.2671 0.2494
vn -0.0000 1.0000 -0.0002
vn -0.8346 0.2671 0.4818
vn -0.8345 0.2671 0.4819
vn -0.8345 0.2671 -0.4819
vn -0.6814 0.2671 -0.6814
vn -0.4819 0.2671 -0.8345
vn -0.4819 0.2671 -0.8346
vn -0.8346 0.2671 -0.4818
vn -0.8346 0.2671 -0.4819
vt 0.718750 0.033004
vt 0.718750 0.040463
vt 0.718750 0.035395
vt 0.968750 0.035395
vt 0.718750 0.025000
vt 0.718750 0.025000
vt 0.718750 0.025000
vt 0.968750 0.025000
vt 0.718750 0.025000
vt 0.968750 0.025000
vt 0.968750 0.071468
vt 0.718750 0.025000
vt 0.968750 0.025000
vt 0.968750 0.025000
vt 0.718750 0.025000
vt 0.968750 0.025000
vt 0.718750 0.025000
vt 0.968750 0.025000
vt 0.718750 0.025000
vt 0.718750 0.025000
vt 0.718750 0.051782
vt 0.718750 0.046868
vt 0.968750 0.053400
vt 0.718750 0.053400
vt 0.718750 0.045081
vt 0.968750 0.045081
vt 0.968750 0.081911
vt 0.968750 0.088476
vt 0.718750 0.059782
vt 0.968750 0.059782
vt 0.718750 0.054872
vt 0.718750 0.063794
vt 0.968750 0.063794
vt 0.718750 0.055925
vt 0.968750 0.065163
vt 0.718750 0.065163
vt 0.968750 0.090715
vt 0.968750 0.063794
vt 0.718750 0.063794
vt 0.968750 0.088476
vt 0.718750 0.053400
vt 0.968750 0.053400
vt 0.968750 0.081911
vt 0.968750 0.059782
vt 0.718750 0.059782
vt 0.718750 0.046868
vt 0.718750 0.051782
vt 0.718750 0.025000
vt 0.718750 0.054872
vt 0.718750 0.025000
vt 0.718750 0.025000
vt 0.968750 0.025000
vt 0.718750 0.025000
vt 0.968750 0.025000
vt 0.718750 0.025000
vt 0.968750 0.025000
vt 0.718750 0.025000
vt 0.968750 0.025000
vt 0.718750 0.025000
vt 0.968750 0.025000
vt 0.968750 0.025000
vt 0.718750 0.025000
vt 0.968750 0.025000
vt 0.968750 0.025000
vt 0.718750 0.025000
vt 0.968750 0.025000
vt 0.718750 0.025000
vt 0.968750 0.025000
vt 0.968750 0.025000
vt 0.968750 0.071468
vt 0.968750 0.025000
vt 0.718750 0.025000
vt 0.968750 0.025000
vt 0.718750 0.025000
vt 0.718750 0.025000
vt 0.968750 0.025000
vt 0.718750 0.025000
vt 0.718750 0.025000
vt 0.718750 0.035395
vt 0.968750 0.035395
vt 0.718750 0.033004
vt 0.718750 0.025000
vt 0.718750 0.040463
vt 0.718750 0.025000
vt 0.718750 0.045081
vt 0.968750 0.045081
vt 0.968750 0.057858
vt 0.968750 0.042008
vt 0.968750 0.025000
vt 0.968750 0.025000
vt 0.968750 0.025000
vt 0.968750 0.057858
vt 0.968750 0.025000
vt 0.968750 0.025000
vt 0.968750 0.042008
vt 0.968750 0.025000
s 0
f 1212/1510/652 1213/1511/653 1214/1512/652
f 1212/1510/654 1215/1514/654 1213/1511/654
f 1214/1512/652 1218/1518/655 1212/1510/652
f 1216/1515/654 1215/1514/654 1212/1510/654
f 1217/1516/654 1216/1515/654 1212/1510/654
f 1217/1516/655 1212/1510/652 1218/1518/655
f 1217/1516/655 1218/1518/655 1216/1515/656
f 1218/1517/654 1219/1519/654 1221/1522/654
f 1219/1519/654 1218/1517/654 1220/1520/654
f 1218/1517/654 1214/1513/654 1220/1520/654
f 1221/1521/656 1216/1515/657 1218/1518/655
f 1222/1524/658 1215/1514/658 1221/1521/656
f 1216/1515/656 1221/1521/656 1215/1514/658
f 1221/1522/654 1219/1519/654 1222/1523/654
f 1222/1523/654 1223/1525/654 1224/1527/654
f 1219/1519/654 1223/1525/654 1222/1523/654
f 1224/1526/659 1225/1528/659 1222/1524/658
f 1215/1514/658 1222/1524/658 1225/1528/659
f 1225/1528/654 1226/1529/654 1227/1530/654
f 1225/1528/659 1224/1526/659 1226/1529/660
f 1228/1531/654 1225/1528/654 1227/1530/654
f 1215/1514/654 1225/1528/654 1228/1531/654
f 1228/1531/661 1227/1530/662 1229/1533/661
f 1213/1511/654 1215/1514/654 1228/1531/654
f 1213/1511/653 1228/1531/661 1230/1534/653
f 1229/1533/661 1230/1534/663 1228/1531/661
f 1230/1534/653 1214/1512/652 1213/1511/653
f 1214/1513/654 1230/1535/654 1220/1520/654
f 1230/1535/654 1229/1532/654 1231/1536/654
f 1220/1520/654 1230/1535/654 1231/1536/654
f 1231/1536/654 1233/1539/654 1232/1537/654
f 1229/1532/654 1233/1539/654 1231/1536/654
f 1235/1541/664 1233/1538/665 1234/1540/664
f 1227/1530/662 1234/1540/664 1233/1538/662
f 1233/1538/662 1229/1533/661 1227/1530/666
f 1233/1539/654 1235/1542/654 1232/1537/654
f 1237/1545/667 1235/1541/664 1236/1543/667
f 1234/1540/664 1236/1543/667 1235/1541/664
f 1235/1542/654 1237/1544/654 1238/1546/654
f 1232/1537/654 1235/1542/654 1238/1546/654
f 1237/1544/654 1239/1547/654 1238/1546/654
f 1238/1546/654 1239/1547/654 1240/1549/654
f 1240/1549/654 1241/1551/654 1242/1552/654
f 1243/1553/654 1241/1551/654 1240/1549/654
f 1239/1547/654 1243/1553/654 1240/1549/654
f 1241/1550/668 1243/1554/669 1244/1555/668
f 1245/1556/670 1244/1555/668 1243/1554/670
f 1243/1554/671 1239/1548/672 1245/1556/671
f 1245/1556/654 1246/1557/654 1244/1555/654
f 1247/1558/654 1246/1557/654 1245/1556/654
f 1247/1558/672 1245/1556/671 1239/1548/672
f 1248/1559/654 1246/1557/654 1247/1558/654
f 1236/1543/654 1248/1559/654 1247/1558/654
f 1236/1543/667 1247/1558/672 1237/1545/667
f 1239/1548/672 1237/1545/667 1247/1558/673
f 1249/1560/654 1248/1559/654 1236/1543/654
f 1249/1560/674 1251/1564/674 1248/1559/675
f 1248/1559/675 1250/1562/675 1246/1557/676
f 1250/1562/675 1248/1559/675 1251/1564/674
f 1251/1563/654 1252/1565/654 1250/1561/654
f 1253/1567/654 1252/1565/654 1251/1563/654
f 1251/1564/674 1249/1560/674 1253/1566/677
f 1256/1571/677 1253/1566/677 1249/1560/674
f 1254/1569/654 1255/1570/654 1253/1567/654
f 1253/1566/677 1256/1571/677 1254/1568/678
f 1255/1570/654 1252/1565/654 1253/1567/654
f 1256/1571/654 1249/1560/654 1236/1543/654
f 1226/1529/660 1254/1568/660 1256/1571/677
f 1234/1540/654 1256/1571/654 1236/1543/654
f 1226/1529/654 1256/1571/654 1234/1540/654
f 1223/1525/654 1255/1570/654 1254/1569/654
f 1254/1568/660 1226/1529/679 1224/1526/659
f 1224/1527/654 1223/1525/654 1254/1569/654
f 1252/1565/654 1257/1572/654 1250/1561/654
f 1257/1572/654 1260/1577/654 1258/1573/654
f 1259/1575/654 1257/1572/654 1258/1573/654
f 1250/1561/654 1257/1572/654 1259/1575/654
f 1258/1573/654 1260/1577/654 1263/1580/654
f 1260/1577/654 1261/1578/654 1262/1579/654
f 1265/1585/654 1260/1577/654 1262/1579/654
f 1263/1580/654 1260/1577/654 1264/1582/654
f 1264/1582/680 1260/1577/680 1265/1585/680
f 1264/1583/681 1265/1584/682 1266/1586/681
f 1267/1587/682 1266/1586/681 1265/1584/682
f 1267/1587/682 1265/1584/682 1269/1590/683
f 1268/1589/684 1265/1585/684 1242/1552/684
f 1268/1588/683 1269/1590/683 1265/1584/682
f 1262/1579/654 1242/1552/654 1265/1585/654
f 1267/1587/654 1269/1590/654 1266/1586/654
f 1270/1591/654 1266/1586/654 1269/1590/654
f 1271/1592/654 1270/1591/654 1269/1590/654
f 1269/1590/683 1268/1588/683 1271/1592/685
f 1272/1593/654 1270/1591/654 1271/1592/654
f 1244/1555/654 1272/1593/654 1271/1592/654
f 1271/1592/686 1273/1594/686 1244/1555/668
f 1273/1594/685 1271/1592/685 1268/1588/683
f 1241/1550/668 1244/1555/668 1273/1594/685
f 1273/1595/654 1268/1589/654 1242/1552/654
f 1241/1551/654 1273/1595/654 1242/1552/654
f 1270/1591/687 1272/1593/688 1263/1581/687
f 1258/1574/688 1272/1593/688 1259/1576/676
f 1246/1557/689 1259/1576/690 1272/1593/688
f 1246/1557/654 1272/1593/654 1244/1555/654
f 1258/1574/688 1263/1581/691 1272/1593/688
f 1263/1581/692 1264/1583/681 1270/1591/692
f 1266/1586/681 1270/1591/691 1264/1583/681
f 1262/1579/654 1261/1578/654 1274/1596/654
f 1274/1596/654 1276/1598/654 1275/1597/654
f 1261/1578/654 1276/1598/654 1274/1596/654
f 1276/1598/654 1277/1599/654 1275/1597/654
f 1278/1600/654 1275/1597/654 1277/1599/654
f 1259/1576/676 1246/1557/676 1250/1562/675
f 1227/1530/654 1226/1529/654 1234/1540/654
f 1280/1602/654 1219/1519/654 1220/1520/654
f 1279/1601/654 1280/1602/654 1220/1520/654
f 1281/1603/654 1280/1602/654 1279/1601/654
f 1282/1604/654 1281/1603/654 1279/1601/654
f 1283/1605/654 1281/1603/654 1282/1604/654
g ambulance.033_Mesh
v 0.402853 0.140000 0.024603
v 0.385457 0.140000 0.011254
v 0.379157 0.168000 0.022166
v 0.402853 0.112000 0.024603
v 0.416203 0.112000 0.042000
v 0.393944 0.168000 0.033513
v 0.416203 0.140000 0.042000
v 0.424594 0.140000 0.062259
v 0.424594 0.112000 0.062259
v 0.405291 0.168000 0.048300
v 0.405291 0.168000 0.119700
v 0.393944 0.168000 0.134487
v 0.412424 0.168000 0.065520
v 0.427457 0.140000 0.084000
v 0.414857 0.168000 0.084000
v 0.412424 0.168000 0.102480
v 0.424594 0.140000 0.105741
v 0.416203 0.140000 0.126000
v 0.424594 0.112000 0.105741
v 0.416203 0.112000 0.126000
v 0.402853 0.112000 0.143397
v 0.405291 0.084000 0.119700
v 0.393944 0.084000 0.134487
v 0.379157 0.084000 0.022166
v 0.393944 0.084000 0.033513
v 0.385457 0.112000 0.156746
v 0.379157 0.084000 0.145834
v 0.365197 0.112000 0.165138
v 0.361936 0.084000 0.152967
v 0.361936 0.084000 0.015033
v 0.343457 0.084000 0.012600
v 0.343457 0.112000 0.000000
v 0.365197 0.112000 0.002862
v 0.365197 0.140000 0.002862
v 0.343457 0.140000 0.000000
v 0.385457 0.112000 0.011254
v 0.343457 0.168000 0.012600
v 0.321716 0.140000 0.002862
v 0.324977 0.168000 0.015033
v 0.312901 0.168000 0.053445
v 0.307757 0.168000 0.022166
v 0.321851 0.168000 0.046577
v 0.332272 0.168000 0.042261
v 0.343457 0.168000 0.040788
v 0.361936 0.168000 0.015033
v 0.354641 0.168000 0.042261
v 0.365062 0.168000 0.046577
v 0.374012 0.168000 0.053445
v 0.380879 0.168000 0.062394
v 0.385196 0.168000 0.072816
v 0.386668 0.168000 0.084000
v 0.385196 0.168000 0.095184
v 0.380879 0.168000 0.105606
v 0.379157 0.168000 0.145834
v 0.374012 0.168000 0.114555
v 0.365062 0.168000 0.121422
v 0.354641 0.168000 0.125739
v 0.361936 0.168000 0.152967
v 0.365197 0.140000 0.165138
v 0.385457 0.140000 0.156746
v 0.343457 0.168000 0.155400
v 0.343457 0.168000 0.127212
v 0.324977 0.168000 0.152967
v 0.343457 0.140000 0.168000
v 0.332272 0.168000 0.125739
v 0.321851 0.168000 0.121422
v 0.312901 0.168000 0.114555
v 0.307757 0.168000 0.145834
v 0.306034 0.168000 0.105606
v 0.301717 0.168000 0.095184
v 0.300245 0.168000 0.084000
v 0.292969 0.168000 0.134487
v 0.301717 0.168000 0.072816
v 0.306034 0.168000 0.062394
v 0.281622 0.168000 0.119700
v 0.292969 0.168000 0.033513
v 0.270710 0.140000 0.126000
v 0.284060 0.140000 0.143397
v 0.301457 0.140000 0.156746
v 0.301457 0.112000 0.156746
v 0.321716 0.112000 0.165138
v 0.321716 0.140000 0.165138
v 0.343457 0.112000 0.168000
v 0.343457 0.084000 0.155400
v 0.324977 0.084000 0.152967
v 0.324977 0.084000 0.015033
v 0.301457 0.112000 0.011254
v 0.321716 0.112000 0.002862
v 0.307757 0.084000 0.022166
v 0.292969 0.084000 0.033513
v 0.307757 0.084000 0.145834
v 0.284060 0.112000 0.024603
v 0.270710 0.140000 0.042000
v 0.270710 0.112000 0.042000
v 0.284060 0.140000 0.024603
v 0.301457 0.140000 0.011254
v 0.262319 0.140000 0.062259
v 0.262319 0.112000 0.062259
v 0.281622 0.084000 0.048300
v 0.274489 0.084000 0.065520
v 0.274489 0.084000 0.102480
v 0.281622 0.084000 0.119700
v 0.292969 0.084000 0.134487
v 0.270710 0.112000 0.126000
v 0.284060 0.112000 0.143397
v 0.262319 0.112000 0.105741
v 0.262319 0.140000 0.105741
v 0.259457 0.112000 0.084000
v 0.272057 0.084000 0.084000
v 0.259457 0.140000 0.084000
v 0.272057 0.168000 0.084000
v 0.274489 0.168000 0.065520
v 0.274489 0.168000 0.102480
v 0.281622 0.168000 0.048300
v 0.402853 0.140000 0.143397
v 0.405291 0.084000 0.048300
v 0.412424 0.084000 0.102480
v 0.412424 0.084000 0.065520
v 0.427457 0.112000 0.084000
v 0.414857 0.084000 0.084000
vn 0.4560 0.4104 -0.7897
vn 0.6448 0.4104 -0.6448
vn 0.7071 -0.0000 -0.7071
vn 0.5000 0.0001 -0.8660
vn 0.4559 0.4104 -0.7898
vn 0.8660 -0.0000 -0.5000
vn 0.7898 0.4104 -0.4559
vn 0.7897 0.4104 -0.4560
vn 0.8808 0.4104 -0.2360
vn 0.9659 -0.0000 -0.2588
vn 0.8660 0.0001 -0.5000
vn 0.9659 -0.0001 -0.2588
vn -0.0000 1.0000 -0.0000
vn 0.9119 0.4104 -0.0000
vn 0.8808 0.4104 0.2360
vn 0.7897 0.4104 0.4560
vn 0.8660 -0.0000 0.5000
vn 0.9659 0.0001 0.2588
vn 0.9659 -0.0000 0.2588
vn 0.8660 -0.0001 0.5000
vn 1.0000 -0.0000 -0.0000
vn 0.7071 -0.0000 0.7071
vn 0.7897 -0.4104 0.4560
vn 0.8808 -0.4104 0.2360
vn 0.6448 -0.4104 0.6448
vn 0.7898 -0.4104 0.4559
vn -0.0000 -1.0000 -0.0000
vn 0.4560 -0.4104 0.7897
vn 0.4559 -0.4104 0.7898
vn 0.2360 -0.4104 0.8809
vn 0.2360 -0.4104 0.8808
vn -0.0000 -0.4104 -0.9119
vn 0.2360 -0.4104 -0.8808
vn 0.4559 -0.4104 -0.7898
vn -0.0000 -0.0000 -1.0000
vn 0.2588 -0.0000 -0.9659
vn 0.5000 -0.0000 -0.8660
vn 0.7071 0.0001 -0.7071
vn 0.6448 -0.4104 -0.6448
vn 0.4560 -0.4104 -0.7897
vn -0.2588 -0.0000 -0.9659
vn -0.0000 0.4104 -0.9119
vn 0.2360 0.4104 -0.8808
vn -0.2360 0.4104 -0.8808
vn -0.2360 0.4104 -0.8809
vn -0.4559 0.4104 -0.7898
vn 0.2360 0.4104 0.8808
vn 0.4559 0.4104 0.7898
vn -0.0000 0.4104 0.9119
vn 0.2360 0.4104 0.8809
vn -0.2360 0.4104 0.8808
vn -0.7897 0.4104 0.4560
vn -0.6448 0.4104 0.6448
vn -0.4560 0.4104 0.7897
vn -0.5000 -0.0000 0.8660
vn -0.2588 -0.0000 0.9659
vn -0.7071 -0.0000 0.7071
vn -0.4559 0.4104 0.7898
vn -0.0000 -0.0000 1.0000
vn -0.0000 -0.4104 0.9119
vn -0.2360 -0.4104 0.8808
vn 0.2588 -0.0000 0.9659
vn -0.2360 -0.4104 0.8809
vn -0.4559 -0.4104 -0.7898
vn -0.2360 -0.4104 -0.8808
vn -0.2360 -0.4104 -0.8809
vn -0.6448 -0.4104 -0.6448
vn -0.4560 -0.4104 -0.7897
vn -0.7071 -0.0000 -0.7071
vn -0.8660 -0.0000 -0.5000
vn -0.7897 -0.4104 -0.4560
vn -0.5000 -0.0000 -0.8660
vn -0.6448 0.4104 -0.6448
vn -0.4560 0.4104 -0.7897
vn -0.7897 0.4104 -0.4560
vn -0.9659 -0.0000 -0.2588
vn -0.7898 -0.4104 -0.4559
vn -0.8808 -0.4104 -0.2360
vn -0.7897 -0.4104 0.4560
vn -0.6448 -0.4104 0.6448
vn -0.4559 -0.4104 0.7898
vn -0.8660 -0.0000 0.5000
vn -0.4560 -0.4104 0.7897
vn -0.7898 -0.4104 0.4559
vn -0.8808 -0.4104 0.2360
vn -0.9659 -0.0000 0.2588
vn -1.0000 -0.0000 -0.0000
vn -0.9119 -0.4104 -0.0000
vn -0.8809 -0.4104 0.2360
vn -0.8809 -0.4104 -0.2360
vn -0.8809 0.4104 0.2360
vn -0.9119 0.4104 -0.0000
vn -0.8808 0.4104 0.2360
vn -0.8808 0.4104 -0.2360
vn -0.8809 0.4104 -0.2360
vn -0.7898 0.4104 0.4559
vn -0.7898 0.4104 -0.4559
vn 0.7071 -0.0001 0.7071
vn 0.5000 -0.0000 0.8660
vn 0.4560 0.4104 0.7897
vn 0.6448 0.4104 0.6448
vn 0.5000 0.0001 0.8660
vn 0.7898 0.4104 0.4559
vn 0.2360 0.4104 -0.8809
vn 0.7898 -0.4104 -0.4559
vn 0.7897 -0.4104 -0.4560
vn 0.8808 -0.4104 -0.2360
vn 0.9119 -0.4104 -0.0000
vn 1.0000 0.0001 -0.0000
vt 0.593750 0.025000
vt 0.593750 0.025000
vt 0.593750 0.025000
vt 0.593750 0.025000
vt 0.593750 0.025000
vt 0.593750 0.025000
vt 0.593750 0.025000
vt 0.593750 0.025000
vt 0.593750 0.025000
vt 0.593750 0.025000
vt 0.593750 0.110000
vt 0.593750 0.145208
vt 0.593750 0.025000
vt 0.593750 0.025000
vt 0.593750 0.025000
vt 0.593750 0.068999
vt 0.593750 0.076764
vt 0.593750 0.125000
vt 0.593750 0.076764
vt 0.593750 0.125000
vt 0.593750 0.166421
vt 0.593750 0.110000
vt 0.593750 0.145208
vt 0.593750 0.025000
vt 0.593750 0.025000
vt 0.593750 0.198205
vt 0.593750 0.172224
vt 0.593750 0.218185
vt 0.593750 0.189207
vt 0.593750 0.025000
vt 0.593750 0.025000
vt 0.593750 0.025000
vt 0.593750 0.025000
vt 0.593750 0.025000
vt 0.593750 0.025000
vt 0.593750 0.025000
vt 0.593750 0.025000
vt 0.593750 0.025000
vt 0.593750 0.025000
vt 0.593750 0.025000
vt 0.593750 0.025000
vt 0.593750 0.025000
vt 0.593750 0.025000
vt 0.593750 0.025000
vt 0.593750 0.025000
vt 0.593750 0.025000
vt 0.593750 0.025000
vt 0.593750 0.025000
vt 0.593750 0.025000
vt 0.593750 0.025000
vt 0.593750 0.025000
vt 0.593750 0.051629
vt 0.593750 0.076443
vt 0.593750 0.172224
vt 0.593750 0.097751
vt 0.593750 0.114101
vt 0.593750 0.124380
vt 0.593750 0.189207
vt 0.593750 0.218185
vt 0.593750 0.198205
vt 0.593750 0.195000
vt 0.593750 0.127885
vt 0.593750 0.189207
vt 0.593750 0.225000
vt 0.593750 0.124380
vt 0.593750 0.114101
vt 0.593750 0.097751
vt 0.593750 0.172224
vt 0.593750 0.076443
vt 0.593750 0.051629
vt 0.593750 0.025000
vt 0.593750 0.145208
vt 0.593750 0.025000
vt 0.593750 0.025000
vt 0.593750 0.110000
vt 0.593750 0.025000
vt 0.593750 0.125000
vt 0.593750 0.166421
vt 0.593750 0.198205
vt 0.593750 0.198205
vt 0.593750 0.218185
vt 0.593750 0.218185
vt 0.593750 0.225000
vt 0.593750 0.195000
vt 0.593750 0.189207
vt 0.593750 0.025000
vt 0.593750 0.025000
vt 0.593750 0.025000
vt 0.593750 0.025000
vt 0.593750 0.025000
vt 0.593750 0.172224
vt 0.593750 0.025000
vt 0.593750 0.025000
vt 0.593750 0.025000
vt 0.593750 0.025000
vt 0.593750 0.025000
vt 0.593750 0.025000
vt 0.593750 0.025000
vt 0.593750 0.025000
vt 0.593750 0.025000
vt 0.593750 0.068999
vt 0.593750 0.110000
vt 0.593750 0.145208
vt 0.593750 0.125000
vt 0.593750 0.166421
vt 0.593750 0.076764
vt 0.593750 0.076764
vt 0.593750 0.025000
vt 0.593750 0.025000
vt 0.593750 0.025000
vt 0.593750 0.025000
vt 0.593750 0.025000
vt 0.593750 0.068999
vt 0.593750 0.025000
vt 0.593750 0.166421
vt 0.593750 0.025000
vt 0.593750 0.068999
vt 0.593750 0.025000
vt 0.593750 0.025000
vt 0.593750 0.025000
s 0
f 1285/1607/693 1286/1608/693 1284/1606/694
f 1284/1606/695 1287/1609/695 1285/1607/696
f 1289/1611/694 1284/1606/694 1286/1608/697
f 1287/1609/695 1284/1606/695 1288/1610/698
f 1290/1612/698 1288/1610/698 1284/1606/695
f 1284/1606/694 1289/1611/694 1290/1612/699
f 1293/1615/699 1290/1612/699 1289/1611/694
f 1290/1612/700 1293/1615/700 1291/1613/701
f 1291/1613/702 1292/1614/702 1290/1612/703
f 1288/1610/698 1290/1612/698 1292/1614/704
f 1293/1615/705 1289/1611/705 1295/1617/705
f 1294/1616/705 1293/1615/705 1295/1617/705
f 1296/1618/705 1293/1615/705 1294/1616/705
f 1296/1618/701 1291/1613/701 1293/1615/700
f 1291/1613/701 1296/1618/701 1297/1619/706
f 1299/1621/705 1296/1618/705 1294/1616/705
f 1298/1620/706 1297/1619/706 1296/1618/701
f 1298/1620/705 1296/1618/705 1299/1621/705
f 1299/1621/707 1300/1622/707 1298/1620/706
f 1299/1621/707 1294/1616/708 1300/1622/707
f 1301/1623/709 1303/1625/709 1300/1622/710
f 1301/1623/708 1300/1622/707 1294/1616/708
f 1302/1624/711 1300/1622/711 1303/1625/712
f 1300/1622/711 1302/1624/711 1297/1619/713
f 1297/1619/706 1298/1620/706 1300/1622/707
f 1303/1625/709 1301/1623/709 1304/1626/714
f 1303/1625/715 1305/1627/715 1302/1624/716
f 1304/1626/717 1306/1628/717 1303/1625/718
f 1305/1627/718 1303/1625/718 1306/1628/717
f 1306/1628/719 1310/1632/719 1307/1629/719
f 1308/1630/719 1306/1628/719 1307/1629/719
f 1305/1627/719 1306/1628/719 1308/1630/719
f 1310/1632/720 1306/1628/717 1309/1631/720
f 1304/1626/717 1309/1631/721 1306/1628/717
f 1309/1631/721 1311/1633/722 1310/1632/721
f 1312/1634/723 1310/1632/721 1311/1633/723
f 1310/1632/719 1312/1634/719 1313/1635/719
f 1307/1629/719 1310/1632/719 1313/1635/719
f 1313/1635/719 1312/1634/719 1314/1636/719
f 1314/1636/724 1315/1637/724 1313/1635/725
f 1316/1638/725 1313/1635/725 1315/1637/724
f 1313/1635/725 1316/1638/725 1307/1629/726
f 1315/1637/727 1318/1640/727 1316/1638/728
f 1316/1638/728 1317/1639/728 1319/1641/729
f 1317/1639/728 1316/1638/728 1318/1640/727
f 1319/1641/726 1307/1629/726 1316/1638/725
f 1285/1607/729 1319/1641/729 1317/1639/728
f 1319/1641/729 1285/1607/729 1287/1609/730
f 1287/1609/731 1308/1630/731 1319/1641/732
f 1307/1629/726 1319/1641/726 1308/1630/731
f 1318/1640/727 1315/1637/727 1321/1643/733
f 1318/1640/734 1320/1642/734 1317/1639/735
f 1320/1642/734 1318/1640/734 1322/1644/736
f 1321/1643/736 1322/1644/737 1318/1640/734
f 1322/1644/705 1324/1646/705 1323/1645/705
f 1325/1647/705 1322/1644/705 1323/1645/705
f 1322/1644/736 1321/1643/736 1324/1646/738
f 1326/1648/705 1322/1644/705 1325/1647/705
f 1320/1642/705 1322/1644/705 1326/1648/705
f 1327/1649/705 1320/1642/705 1326/1648/705
f 1328/1650/705 1320/1642/705 1327/1649/705
f 1329/1651/705 1328/1650/705 1327/1649/705
f 1330/1652/705 1328/1650/705 1329/1651/705
f 1331/1653/705 1286/1608/705 1330/1652/705
f 1286/1608/705 1328/1650/705 1330/1652/705
f 1332/1654/705 1286/1608/705 1331/1653/705
f 1289/1611/705 1286/1608/705 1332/1654/705
f 1333/1655/705 1289/1611/705 1332/1654/705
f 1334/1656/705 1289/1611/705 1333/1655/705
f 1334/1656/705 1335/1657/705 1295/1617/705
f 1289/1611/705 1334/1656/705 1295/1617/705
f 1335/1657/705 1336/1658/705 1295/1617/705
f 1336/1658/705 1338/1660/705 1337/1659/705
f 1295/1617/705 1336/1658/705 1337/1659/705
f 1338/1660/705 1339/1661/705 1337/1659/705
f 1337/1659/705 1339/1661/705 1341/1663/705
f 1339/1661/705 1340/1662/705 1341/1663/705
f 1342/1664/739 1343/1665/740 1341/1663/739
f 1341/1663/739 1344/1666/741 1342/1664/739
f 1337/1659/740 1341/1663/742 1343/1665/740
f 1341/1663/705 1340/1662/705 1344/1666/705
f 1345/1667/705 1348/1670/705 1344/1666/705
f 1340/1662/705 1345/1667/705 1344/1666/705
f 1344/1666/705 1348/1670/705 1346/1668/705
f 1344/1666/741 1346/1668/743 1347/1669/741
f 1347/1669/741 1342/1664/739 1344/1666/741
f 1348/1670/705 1349/1671/705 1346/1668/705
f 1349/1671/705 1350/1672/705 1346/1668/705
f 1350/1672/705 1352/1674/705 1351/1673/705
f 1346/1668/705 1350/1672/705 1351/1673/705
f 1352/1674/705 1353/1675/705 1351/1673/705
f 1353/1675/705 1354/1676/705 1351/1673/705
f 1354/1676/705 1324/1646/705 1355/1677/705
f 1355/1677/705 1351/1673/705 1354/1676/705
f 1356/1678/705 1324/1646/705 1354/1676/705
f 1357/1679/705 1324/1646/705 1356/1678/705
f 1323/1645/705 1324/1646/705 1357/1679/705
f 1355/1677/705 1359/1681/705 1358/1680/705
f 1358/1680/744 1360/1682/744 1355/1677/745
f 1324/1646/705 1359/1681/705 1355/1677/705
f 1361/1683/745 1355/1677/745 1360/1682/744
f 1351/1673/746 1355/1677/745 1362/1684/746
f 1361/1683/745 1362/1684/746 1355/1677/745
f 1363/1685/747 1364/1686/748 1362/1684/747
f 1362/1684/747 1361/1683/749 1363/1685/747
f 1365/1687/748 1362/1684/747 1364/1686/748
f 1362/1684/750 1365/1687/743 1351/1673/750
f 1346/1668/743 1351/1673/750 1365/1687/743
f 1365/1687/743 1347/1669/741 1346/1668/743
f 1364/1686/748 1366/1688/751 1365/1687/748
f 1347/1669/751 1365/1687/748 1366/1688/751
f 1366/1688/752 1364/1686/753 1367/1689/752
f 1367/1689/752 1312/1634/723 1366/1688/752
f 1311/1633/723 1366/1688/752 1312/1634/723
f 1366/1688/751 1311/1633/754 1347/1669/751
f 1314/1636/719 1367/1689/719 1369/1691/719
f 1312/1634/719 1367/1689/719 1314/1636/719
f 1367/1689/719 1368/1690/719 1369/1691/719
f 1368/1690/753 1367/1689/752 1364/1686/755
f 1372/1694/756 1370/1692/756 1369/1691/757
f 1371/1693/757 1369/1691/757 1370/1692/756
f 1369/1691/757 1371/1693/758 1314/1636/724
f 1369/1691/719 1368/1690/719 1372/1694/719
f 1372/1694/719 1374/1696/719 1373/1695/719
f 1373/1695/759 1375/1697/759 1372/1694/760
f 1368/1690/719 1374/1696/719 1372/1694/719
f 1370/1692/760 1372/1694/760 1375/1697/759
f 1378/1700/761 1375/1697/761 1376/1698/762
f 1377/1699/762 1376/1698/762 1375/1697/761
f 1375/1697/759 1373/1695/759 1377/1699/763
f 1375/1697/761 1378/1700/761 1370/1692/764
f 1379/1701/764 1370/1692/764 1378/1700/761
f 1378/1700/765 1359/1681/765 1379/1701/766
f 1378/1700/765 1376/1698/767 1359/1681/765
f 1370/1692/764 1379/1701/764 1371/1693/733
f 1321/1643/733 1371/1693/733 1379/1701/764
f 1379/1701/738 1324/1646/738 1321/1643/736
f 1324/1646/766 1379/1701/766 1359/1681/765
f 1376/1698/762 1377/1699/762 1380/1702/768
f 1381/1703/768 1380/1702/768 1377/1699/762
f 1377/1699/769 1382/1704/769 1381/1703/770
f 1382/1704/763 1377/1699/763 1373/1695/759
f 1382/1704/719 1384/1706/719 1383/1705/719
f 1383/1705/770 1381/1703/770 1382/1704/769
f 1385/1707/719 1384/1706/719 1382/1704/719
f 1386/1708/719 1385/1707/719 1382/1704/719
f 1373/1695/719 1386/1708/719 1382/1704/719
f 1385/1707/771 1386/1708/772 1387/1709/771
f 1388/1710/772 1387/1709/771 1386/1708/772
f 1386/1708/772 1374/1696/773 1388/1710/772
f 1374/1696/719 1386/1708/719 1373/1695/719
f 1388/1710/749 1361/1683/749 1387/1709/774
f 1363/1685/775 1388/1710/772 1374/1696/775
f 1388/1710/749 1363/1685/747 1361/1683/749
f 1387/1709/776 1389/1711/777 1385/1707/776
f 1387/1709/774 1360/1682/774 1389/1711/778
f 1360/1682/774 1387/1709/774 1361/1683/749
f 1390/1712/778 1389/1711/778 1360/1682/774
f 1389/1711/778 1390/1712/778 1391/1713/779
f 1391/1713/780 1392/1714/780 1389/1711/781
f 1384/1706/781 1389/1711/777 1392/1714/780
f 1384/1706/777 1385/1707/776 1389/1711/777
f 1392/1714/719 1383/1705/719 1384/1706/719
f 1392/1714/780 1391/1713/780 1383/1705/770
f 1393/1715/779 1391/1713/779 1390/1712/778
f 1381/1703/782 1383/1705/782 1391/1713/780
f 1391/1713/779 1393/1715/779 1381/1703/768
f 1390/1712/783 1396/1718/783 1393/1715/784
f 1394/1716/784 1393/1715/784 1396/1718/785
f 1394/1716/784 1395/1717/786 1393/1715/784
f 1380/1702/787 1393/1715/784 1395/1717/787
f 1380/1702/768 1381/1703/768 1393/1715/779
f 1394/1716/705 1396/1718/705 1395/1717/705
f 1397/1719/705 1395/1717/705 1396/1718/705
f 1358/1680/705 1397/1719/705 1396/1718/705
f 1396/1718/785 1390/1712/785 1358/1680/788
f 1397/1719/767 1359/1681/765 1376/1698/767
f 1376/1698/789 1380/1702/786 1397/1719/789
f 1359/1681/705 1397/1719/705 1358/1680/705
f 1395/1717/786 1397/1719/789 1380/1702/786
f 1360/1682/788 1358/1680/788 1390/1712/785
f 1374/1696/773 1368/1690/753 1363/1685/773
f 1371/1693/733 1321/1643/733 1315/1637/727
f 1315/1637/724 1314/1636/724 1371/1693/757
f 1364/1686/753 1363/1685/773 1368/1690/753
f 1342/1664/754 1347/1669/751 1311/1633/754
f 1398/1720/790 1343/1665/791 1304/1626/714
f 1343/1665/792 1398/1720/793 1337/1659/792
f 1343/1665/791 1342/1664/754 1309/1631/791
f 1309/1631/794 1304/1626/714 1343/1665/791
f 1398/1720/793 1301/1623/795 1295/1617/793
f 1295/1617/793 1337/1659/740 1398/1720/793
f 1398/1720/714 1304/1626/714 1301/1623/709
f 1311/1633/754 1309/1631/791 1342/1664/754
f 1317/1639/735 1328/1650/735 1285/1607/697
f 1328/1650/735 1317/1639/796 1320/1642/734
f 1286/1608/697 1285/1607/697 1328/1650/735
f 1399/1721/719 1305/1627/719 1308/1630/719
f 1399/1721/797 1308/1630/731 1288/1610/797
f 1287/1609/731 1288/1610/797 1308/1630/731
f 1288/1610/798 1292/1614/799 1399/1721/798
f 1401/1723/799 1399/1721/798 1292/1614/799
f 1400/1722/719 1305/1627/719 1399/1721/719
f 1401/1723/719 1400/1722/719 1399/1721/719
f 1292/1614/799 1402/1724/800 1401/1723/799
f 1403/1725/800 1401/1723/799 1402/1724/800
f 1403/1725/719 1400/1722/719 1401/1723/719
f 1403/1725/800 1402/1724/800 1400/1722/716
f 1297/1619/713 1402/1724/713 1291/1613/702
f 1402/1724/713 1297/1619/713 1302/1624/711
f 1292/1614/702 1291/1613/702 1402/1724/801
f 1302/1624/716 1400/1722/716 1402/1724/800
f 1400/1722/716 1302/1624/716 1305/1627/715
f 1294/1616/795 1295/1617/793 1301/1623/795
g ambulance.034_Mesh
v 0.351365 0.168000 0.054486
v 0.350600 0.154000 0.057340
v 0.358734 0.168000 0.057538
v 0.343457 0.168000 0.053445
v 0.343457 0.168000 0.040788
v 0.354641 0.168000 0.042261
v 0.365062 0.168000 0.046577
v 0.365062 0.168000 0.062394
v 0.362973 0.154000 0.064484
v 0.369918 0.168000 0.068722
v 0.372971 0.168000 0.076092
v 0.367359 0.154000 0.070200
v 0.370116 0.154000 0.076856
v 0.374012 0.168000 0.084000
v 0.371057 0.154000 0.084000
v 0.370116 0.154000 0.091143
v 0.372971 0.168000 0.091908
v 0.367359 0.154000 0.097800
v 0.369918 0.168000 0.099278
v 0.362973 0.154000 0.103516
v 0.365062 0.168000 0.105606
v 0.357257 0.154000 0.107903
v 0.358734 0.168000 0.110462
v 0.350600 0.154000 0.110660
v 0.351365 0.168000 0.113514
v 0.343457 0.168000 0.114555
v 0.343457 0.154000 0.111600
v 0.336313 0.154000 0.110660
v 0.335548 0.168000 0.113514
v 0.329656 0.154000 0.107903
v 0.328179 0.168000 0.110462
v 0.323940 0.154000 0.103516
v 0.316995 0.168000 0.099278
v 0.321851 0.168000 0.105606
v 0.319554 0.154000 0.097800
v 0.313942 0.168000 0.091908
v 0.316797 0.154000 0.091143
v 0.315856 0.154000 0.084000
v 0.312901 0.168000 0.084000
v 0.316797 0.154000 0.076856
v 0.313942 0.168000 0.076092
v 0.319554 0.154000 0.070200
v 0.316995 0.168000 0.068722
v 0.323940 0.154000 0.064484
v 0.329656 0.154000 0.060097
v 0.321851 0.168000 0.062394
v 0.328179 0.168000 0.057538
v 0.312901 0.168000 0.053445
v 0.321851 0.168000 0.046577
v 0.332272 0.168000 0.042261
v 0.335548 0.168000 0.054486
v 0.336313 0.154000 0.057340
v 0.343457 0.154000 0.056400
v 0.306034 0.168000 0.062394
v 0.306034 0.168000 0.105606
v 0.301717 0.168000 0.095184
v 0.312901 0.168000 0.114555
v 0.321851 0.168000 0.121422
v 0.332272 0.168000 0.125739
v 0.343457 0.168000 0.127212
v 0.354641 0.168000 0.125739
v 0.365062 0.168000 0.121422
v 0.374012 0.168000 0.114555
v 0.374012 0.168000 0.053445
v 0.380879 0.168000 0.062394
v 0.380879 0.168000 0.105606
v 0.385196 0.168000 0.072816
v 0.385196 0.168000 0.095184
v 0.386668 0.168000 0.084000
v 0.300245 0.168000 0.084000
v 0.301717 0.168000 0.072816
v 0.357257 0.154000 0.060097
vn -0.2533 0.2065 0.9451
vn -0.4892 0.2065 0.8474
vn -0.2532 0.2065 0.9451
vn -0.0000 0.2065 0.9784
vn -0.0000 1.0000 -0.0000
vn -0.6918 0.2065 0.6919
vn -0.8474 0.2065 0.4892
vn -0.6919 0.2065 0.6918
vn -0.9451 0.2065 0.2533
vn -0.9451 0.2065 0.2532
vn -0.8473 0.2065 0.4892
vn -0.9784 0.2065 -0.0000
vn -0.9451 0.2065 -0.2532
vn -0.9451 0.2065 -0.2533
vn -0.8473 0.2065 -0.4892
vn -0.8474 0.2065 -0.4892
vn -0.6919 0.2065 -0.6918
vn -0.6918 0.2065 -0.6919
vn -0.6919 0.2065 -0.6919
vn -0.4892 0.2065 -0.8474
vn -0.2532 0.2065 -0.9451
vn -0.0000 0.2065 -0.9784
vn -0.2533 0.2065 -0.9451
vn 0.2532 0.2065 -0.9451
vn 0.2533 0.2065 -0.9451
vn 0.4892 0.2065 -0.8474
vn 0.6918 0.2065 -0.6919
vn 0.4892 0.2065 -0.8473
vn 0.8474 0.2065 -0.4892
vn 0.6919 0.2065 -0.6918
vn 0.6919 0.2065 -0.6919
vn 0.9451 0.2065 -0.2533
vn 0.9451 0.2065 -0.2532
vn 0.9784 0.2065 -0.0000
vn 0.9451 0.2065 0.2532
vn 0.9451 0.2065 0.2533
vn 0.8474 0.2065 0.4892
vn 0.6919 0.2065 0.6918
vn 0.6919 0.2065 0.6919
vn 0.6918 0.2065 0.6919
vn 0.4892 0.2065 0.8473
vn 0.4892 0.2065 0.8474
vn 0.2533 0.2065 0.9451
vn 0.2532 0.2065 0.9451
vn -0.0000 -0.0000 -0.0000
vn -0.6919 0.2065 0.6919
vt 0.968750 0.056699
vt 0.968750 0.063304
vt 0.968750 0.063763
vt 0.968750 0.054289
vt 0.968750 0.025000
vt 0.968750 0.028407
vt 0.968750 0.038397
vt 0.968750 0.075000
vt 0.968750 0.079835
vt 0.968750 0.089645
vt 0.968750 0.106699
vt 0.968750 0.093064
vt 0.968750 0.108469
vt 0.968750 0.125000
vt 0.968750 0.125000
vt 0.968750 0.141531
vt 0.968750 0.143301
vt 0.968750 0.156936
vt 0.968750 0.160355
vt 0.968750 0.170165
vt 0.968750 0.175000
vt 0.968750 0.180315
vt 0.968750 0.186237
vt 0.968750 0.186696
vt 0.968750 0.193301
vt 0.968750 0.195711
vt 0.968750 0.188872
vt 0.968750 0.186696
vt 0.968750 0.193301
vt 0.968750 0.180315
vt 0.968750 0.186237
vt 0.968750 0.170165
vt 0.968750 0.160355
vt 0.968750 0.175000
vt 0.968750 0.156936
vt 0.968750 0.143301
vt 0.968750 0.141531
vt 0.968750 0.125000
vt 0.968750 0.125000
vt 0.968750 0.108469
vt 0.968750 0.106699
vt 0.968750 0.093064
vt 0.968750 0.089645
vt 0.968750 0.079835
vt 0.968750 0.069685
vt 0.968750 0.075000
vt 0.968750 0.063763
vt 0.968750 0.054289
vt 0.968750 0.038397
vt 0.968750 0.028407
vt 0.968750 0.056699
vt 0.968750 0.063304
vt 0.968750 0.061128
vt 0.968750 0.075000
vt 0.968750 0.175000
vt 0.968750 0.150882
vt 0.968750 0.195711
vt 0.968750 0.211602
vt 0.968750 0.221593
vt 0.968750 0.225000
vt 0.968750 0.221593
vt 0.968750 0.211602
vt 0.968750 0.195711
vt 0.968750 0.054289
vt 0.968750 0.075000
vt 0.968750 0.175000
vt 0.968750 0.099118
vt 0.968750 0.150882
vt 0.968750 0.125000
vt 0.968750 0.125000
vt 0.968750 0.099118
vt 0.968750 0.069685
s 0
f 1404/1726/802 1405/1727/802 1406/1728/803
f 1404/1726/804 1407/1729/805 1405/1727/804
f 1404/1726/806 1406/1728/806 1409/1731/806
f 1407/1729/806 1404/1726/806 1408/1730/806
f 1408/1730/806 1404/1726/806 1409/1731/806
f 1406/1728/806 1411/1733/806 1409/1731/806
f 1409/1731/806 1411/1733/806 1410/1732/806
f 1411/1733/807 1406/1728/803 1412/1734/807
f 1411/1733/807 1412/1734/807 1413/1735/808
f 1411/1733/806 1413/1735/806 1410/1732/806
f 1415/1737/808 1413/1735/808 1412/1734/809
f 1413/1735/808 1415/1737/808 1414/1736/810
f 1413/1735/806 1414/1736/806 1410/1732/806
f 1416/1738/811 1414/1736/811 1415/1737/812
f 1414/1736/810 1416/1738/810 1417/1739/813
f 1418/1740/813 1417/1739/813 1416/1738/811
f 1418/1740/813 1419/1741/814 1417/1739/813
f 1420/1742/815 1417/1739/813 1419/1741/815
f 1419/1741/814 1421/1743/816 1420/1742/814
f 1422/1744/817 1420/1742/814 1421/1743/817
f 1421/1743/817 1423/1745/818 1422/1744/817
f 1424/1746/819 1422/1744/817 1423/1745/819
f 1423/1745/820 1425/1747/821 1424/1746/820
f 1426/1748/821 1424/1746/819 1425/1747/821
f 1425/1747/821 1427/1749/822 1426/1748/821
f 1428/1750/822 1427/1749/822 1429/1751/823
f 1428/1750/824 1426/1748/821 1427/1749/824
f 1430/1752/823 1429/1751/823 1427/1749/822
f 1430/1752/823 1431/1753/825 1429/1751/823
f 1431/1753/826 1433/1755/827 1432/1754/826
f 1432/1754/825 1429/1751/823 1431/1753/825
f 1434/1756/827 1432/1754/826 1433/1755/827
f 1433/1755/827 1435/1757/828 1434/1756/829
f 1438/1760/830 1436/1758/830 1435/1757/831
f 1437/1759/832 1435/1757/832 1436/1758/830
f 1437/1759/832 1434/1756/827 1435/1757/832
f 1436/1758/830 1438/1760/830 1439/1761/833
f 1440/1762/833 1439/1761/833 1438/1760/830
f 1440/1762/834 1441/1763/835 1439/1761/834
f 1442/1764/835 1439/1761/834 1441/1763/835
f 1441/1763/835 1443/1765/836 1442/1764/835
f 1443/1765/837 1445/1767/838 1444/1766/837
f 1444/1766/836 1442/1764/835 1443/1765/836
f 1446/1768/838 1444/1766/837 1445/1767/838
f 1445/1767/838 1447/1769/839 1446/1768/838
f 1449/1771/840 1446/1768/838 1447/1769/840
f 1447/1769/841 1448/1770/842 1449/1771/841
f 1450/1772/843 1449/1771/840 1448/1770/843
f 1449/1771/806 1450/1772/806 1452/1774/806
f 1446/1768/806 1449/1771/806 1451/1773/806
f 1451/1773/806 1449/1771/806 1452/1774/806
f 1452/1774/806 1450/1772/806 1453/1775/806
f 1450/1772/806 1454/1776/806 1453/1775/806
f 1453/1775/806 1407/1729/806 1408/1730/806
f 1454/1776/806 1407/1729/806 1453/1775/806
f 1454/1776/844 1450/1772/843 1455/1777/844
f 1454/1776/845 1455/1777/845 1407/1729/805
f 1448/1770/843 1455/1777/844 1450/1772/843
f 1456/1778/805 1407/1729/805 1455/1777/845
f 1456/1778/805 1405/1727/804 1407/1729/805
f 1451/1773/806 1458/1780/806 1442/1764/806
f 1442/1764/806 1444/1766/806 1451/1773/806
f 1444/1766/806 1446/1768/806 1451/1773/806
f 1457/1779/806 1458/1780/806 1451/1773/806
f 1458/1780/806 1460/1782/806 1442/1764/806
f 1459/1781/806 1458/1780/806 1457/1779/806
f 1439/1761/806 1460/1782/806 1436/1758/806
f 1436/1758/806 1460/1782/806 1437/1759/806
f 1442/1764/806 1460/1782/806 1439/1761/806
f 1460/1782/806 1461/1783/806 1437/1759/806
f 1461/1783/806 1462/1784/806 1434/1756/806
f 1437/1759/806 1461/1783/806 1434/1756/806
f 1434/1756/806 1462/1784/806 1432/1754/806
f 1432/1754/806 1462/1784/806 1429/1751/806
f 1462/1784/806 1463/1785/806 1429/1751/806
f 1429/1751/806 1463/1785/806 1428/1750/806
f 1463/1785/806 1464/1786/806 1428/1750/806
f 1426/1748/806 1464/1786/806 1424/1746/806
f 1464/1786/806 1465/1787/806 1424/1746/806
f 1428/1750/806 1464/1786/806 1426/1748/806
f 1424/1746/806 1465/1787/806 1422/1744/806
f 1465/1787/806 1466/1788/806 1420/1742/806
f 1422/1744/806 1465/1787/806 1420/1742/806
f 1417/1739/846 1466/1788/846 1467/1789/846
f 1467/1789/806 1466/1788/806 1468/1790/806
f 1417/1739/806 1420/1742/806 1466/1788/806
f 1466/1788/806 1469/1791/806 1468/1790/806
f 1468/1790/806 1469/1791/806 1470/1792/806
f 1469/1791/806 1471/1793/806 1470/1792/806
f 1472/1794/806 1470/1792/806 1471/1793/806
f 1410/1732/806 1414/1736/806 1467/1789/806
f 1414/1736/806 1417/1739/806 1467/1789/806
f 1473/1795/806 1459/1781/806 1474/1796/806
f 1474/1796/806 1459/1781/806 1457/1779/806
f 1475/1797/803 1412/1734/847 1406/1728/803
f 1475/1797/803 1406/1728/803 1405/1727/804
g ambulance.035_Mesh
v 0.330910 -0.168000 0.087362
v 0.332208 -0.168000 0.090494
v 0.327163 -0.154000 0.088366
v 0.332208 -0.168000 0.077506
v 0.330910 -0.168000 0.080638
v 0.330468 -0.168000 0.084000
v 0.326588 -0.154000 0.084000
v 0.323940 -0.154000 0.064484
v 0.323940 -0.154000 0.103516
v 0.327163 -0.154000 0.079634
v 0.328848 -0.154000 0.075566
v 0.331529 -0.154000 0.072072
v 0.329656 -0.154000 0.060097
v 0.334272 -0.168000 0.074816
v 0.336962 -0.168000 0.072751
v 0.336962 -0.168000 0.095248
v 0.334272 -0.168000 0.093184
v 0.331529 -0.154000 0.095928
v 0.328848 -0.154000 0.092434
v 0.329656 -0.154000 0.107903
v 0.336313 -0.154000 0.110660
v 0.335022 -0.154000 0.098608
v 0.340095 -0.168000 0.096546
v 0.339091 -0.154000 0.100294
v 0.343457 -0.168000 0.096989
v 0.343457 -0.154000 0.100868
v 0.343457 -0.154000 0.111600
v 0.347822 -0.154000 0.100294
v 0.350600 -0.154000 0.110660
v 0.355384 -0.154000 0.095928
v 0.357257 -0.154000 0.107903
v 0.351891 -0.154000 0.098608
v 0.352641 -0.168000 0.093184
v 0.349951 -0.168000 0.095248
v 0.349951 -0.168000 0.072751
v 0.346818 -0.168000 0.096546
v 0.346818 -0.168000 0.071454
v 0.343457 -0.168000 0.071011
v 0.343457 -0.154000 0.067132
v 0.347822 -0.154000 0.067706
v 0.351891 -0.154000 0.069391
v 0.350600 -0.154000 0.057340
v 0.343457 -0.154000 0.056400
v 0.339091 -0.154000 0.067706
v 0.336313 -0.154000 0.057340
v 0.335022 -0.154000 0.069391
v 0.340095 -0.168000 0.071454
v 0.355384 -0.154000 0.072072
v 0.357257 -0.154000 0.060097
v 0.362973 -0.154000 0.064484
v 0.362973 -0.154000 0.103516
v 0.358065 -0.154000 0.075566
v 0.359750 -0.154000 0.079634
v 0.360325 -0.154000 0.084000
v 0.356003 -0.168000 0.080638
v 0.356445 -0.168000 0.084000
v 0.356003 -0.168000 0.087362
v 0.359750 -0.154000 0.088366
v 0.354705 -0.168000 0.090494
v 0.358065 -0.154000 0.092434
v 0.354705 -0.168000 0.077506
v 0.352641 -0.168000 0.074816
v 0.367359 -0.154000 0.097800
v 0.370116 -0.154000 0.091143
v 0.367359 -0.154000 0.070200
v 0.370116 -0.154000 0.076856
v 0.371057 -0.154000 0.084000
v 0.319554 -0.154000 0.070200
v 0.319554 -0.154000 0.097800
v 0.316797 -0.154000 0.076856
v 0.316797 -0.154000 0.091143
v 0.315856 -0.154000 0.084000
vn -0.9308 -0.2671 0.2494
vn -0.8346 -0.2671 0.4818
vn -0.0000 -1.0000 -0.0000
vn -0.9637 -0.2671 -0.0000
vn -0.9308 -0.2671 -0.2494
vn -0.8346 -0.2671 -0.4819
vn -0.8346 -0.2671 -0.4818
vn -0.6814 -0.2671 -0.6814
vn -0.8345 -0.2671 -0.4819
vn -0.4819 -0.2671 -0.8346
vn -0.6814 -0.2671 0.6814
vn -0.4819 -0.2671 0.8345
vn -0.8345 -0.2671 0.4819
vn -0.2494 -0.2671 0.9308
vn -0.4818 -0.2671 0.8346
vn -0.4819 -0.2671 0.8346
vn -0.0000 -0.2671 0.9637
vn 0.6814 -0.2671 0.6814
vn 0.4818 -0.2671 0.8346
vn 0.4819 -0.2671 0.8345
vn 0.2494 -0.2671 0.9308
vn 0.2494 -0.2670 0.9309
vn -0.0000 -0.2671 -0.9637
vn 0.2494 -0.2671 -0.9308
vn 0.4818 -0.2671 -0.8346
vn 0.2494 -0.2670 -0.9309
vn 0.4819 -0.2671 -0.8345
vn 0.4819 -0.2671 -0.8346
vn -0.2494 -0.2671 -0.9308
vn -0.4818 -0.2671 -0.8346
vn -0.4819 -0.2671 -0.8345
vn -0.0000 -1.0000 0.0002
vn 0.9308 -0.2671 -0.2494
vn 0.9637 -0.2671 -0.0000
vn 0.9309 -0.2670 -0.2494
vn 0.9308 -0.2671 0.2494
vn -0.0000 -1.0000 -0.0002
vn 0.8346 -0.2671 0.4818
vn 0.8346 -0.2671 0.4819
vn 0.8346 -0.2671 -0.4818
vn 0.6814 -0.2671 -0.6814
vt 0.718750 0.033004
vt 0.718750 0.040463
vt 0.718750 0.035395
vt 0.968750 0.035395
vt 0.718750 0.025000
vt 0.718750 0.025000
vt 0.718750 0.025000
vt 0.968750 0.025000
vt 0.718750 0.025000
vt 0.968750 0.025000
vt 0.968750 0.071468
vt 0.718750 0.025000
vt 0.968750 0.025000
vt 0.968750 0.025000
vt 0.718750 0.025000
vt 0.718750 0.025000
vt 0.968750 0.025000
vt 0.968750 0.025000
vt 0.718750 0.025000
vt 0.718750 0.025000
vt 0.718750 0.051782
vt 0.718750 0.046868
vt 0.968750 0.053400
vt 0.718750 0.053400
vt 0.718750 0.045081
vt 0.968750 0.045081
vt 0.968750 0.081911
vt 0.968750 0.088476
vt 0.968750 0.059782
vt 0.718750 0.059782
vt 0.718750 0.054872
vt 0.718750 0.063794
vt 0.968750 0.063794
vt 0.718750 0.055925
vt 0.968750 0.065163
vt 0.718750 0.065163
vt 0.968750 0.090715
vt 0.968750 0.063794
vt 0.718750 0.063794
vt 0.968750 0.088476
vt 0.718750 0.053400
vt 0.968750 0.053400
vt 0.968750 0.081911
vt 0.968750 0.059782
vt 0.718750 0.059782
vt 0.718750 0.046868
vt 0.718750 0.051782
vt 0.718750 0.025000
vt 0.718750 0.054872
vt 0.718750 0.025000
vt 0.718750 0.025000
vt 0.968750 0.025000
vt 0.718750 0.025000
vt 0.718750 0.025000
vt 0.968750 0.025000
vt 0.968750 0.025000
vt 0.718750 0.025000
vt 0.968750 0.025000
vt 0.968750 0.025000
vt 0.968750 0.025000
vt 0.718750 0.025000
vt 0.968750 0.025000
vt 0.718750 0.025000
vt 0.968750 0.025000
vt 0.718750 0.025000
vt 0.968750 0.025000
vt 0.718750 0.025000
vt 0.968750 0.025000
vt 0.968750 0.025000
vt 0.968750 0.071468
vt 0.968750 0.025000
vt 0.718750 0.025000
vt 0.968750 0.025000
vt 0.718750 0.025000
vt 0.718750 0.025000
vt 0.968750 0.025000
vt 0.718750 0.025000
vt 0.718750 0.025000
vt 0.718750 0.033004
vt 0.718750 0.035395
vt 0.968750 0.035395
vt 0.718750 0.040463
vt 0.718750 0.045081
vt 0.968750 0.045081
vt 0.718750 0.025000
vt 0.718750 0.025000
vt 0.968750 0.057858
vt 0.968750 0.042008
vt 0.968750 0.025000
vt 0.968750 0.025000
vt 0.968750 0.025000
vt 0.968750 0.025000
vt 0.968750 0.057858
vt 0.968750 0.025000
vt 0.968750 0.042008
vt 0.968750 0.025000
s 0
f 1476/1798/848 1477/1799/849 1478/1800/848
f 1476/1798/850 1479/1802/850 1477/1799/850
f 1478/1800/848 1482/1806/851 1476/1798/848
f 1480/1803/850 1479/1802/850 1476/1798/850
f 1481/1804/850 1480/1803/850 1476/1798/850
f 1481/1804/851 1476/1798/848 1482/1806/851
f 1481/1804/851 1482/1806/851 1480/1803/852
f 1482/1805/850 1483/1807/850 1485/1810/850
f 1483/1807/850 1482/1805/850 1484/1808/850
f 1482/1805/850 1478/1801/850 1484/1808/850
f 1485/1809/852 1480/1803/852 1482/1806/851
f 1486/1812/853 1479/1802/853 1485/1809/852
f 1480/1803/852 1485/1809/852 1479/1802/854
f 1485/1810/850 1483/1807/850 1486/1811/850
f 1486/1811/850 1488/1815/850 1487/1814/850
f 1487/1813/855 1489/1816/855 1486/1812/854
f 1483/1807/850 1488/1815/850 1486/1811/850
f 1479/1802/856 1486/1812/856 1489/1816/855
f 1489/1816/850 1490/1817/850 1491/1818/850
f 1489/1816/855 1487/1813/855 1490/1817/857
f 1492/1819/850 1489/1816/850 1491/1818/850
f 1479/1802/850 1489/1816/850 1492/1819/850
f 1492/1819/858 1491/1818/859 1493/1821/858
f 1477/1799/850 1479/1802/850 1492/1819/850
f 1477/1799/860 1492/1819/858 1494/1822/860
f 1493/1821/858 1494/1822/849 1492/1819/858
f 1494/1822/849 1478/1800/848 1477/1799/849
f 1478/1801/850 1494/1823/850 1484/1808/850
f 1494/1823/850 1493/1820/850 1495/1824/850
f 1484/1808/850 1494/1823/850 1495/1824/850
f 1495/1824/850 1497/1826/850 1496/1825/850
f 1493/1820/850 1497/1826/850 1495/1824/850
f 1499/1829/861 1497/1827/862 1498/1828/861
f 1491/1818/862 1498/1828/861 1497/1827/862
f 1497/1826/850 1499/1830/850 1496/1825/850
f 1497/1827/863 1493/1821/858 1491/1818/863
f 1501/1833/864 1499/1829/861 1500/1831/864
f 1498/1828/861 1500/1831/864 1499/1829/861
f 1499/1830/850 1501/1832/850 1502/1834/850
f 1496/1825/850 1499/1830/850 1502/1834/850
f 1501/1832/850 1503/1835/850 1502/1834/850
f 1502/1834/850 1503/1835/850 1504/1837/850
f 1504/1837/850 1505/1839/850 1506/1840/850
f 1507/1841/850 1505/1839/850 1504/1837/850
f 1503/1835/850 1507/1841/850 1504/1837/850
f 1505/1838/865 1507/1842/866 1508/1843/865
f 1509/1844/866 1508/1843/865 1507/1842/866
f 1507/1842/867 1503/1836/868 1509/1844/867
f 1509/1844/850 1510/1845/850 1508/1843/850
f 1511/1846/850 1510/1845/850 1509/1844/850
f 1511/1846/868 1509/1844/866 1503/1836/868
f 1512/1847/850 1510/1845/850 1511/1846/850
f 1500/1831/850 1512/1847/850 1511/1846/850
f 1500/1831/864 1511/1846/868 1501/1833/864
f 1503/1836/868 1501/1833/864 1511/1846/869
f 1513/1848/850 1512/1847/850 1500/1831/850
f 1513/1848/870 1514/1850/870 1512/1847/871
f 1512/1847/871 1515/1851/871 1510/1845/872
f 1515/1851/871 1512/1847/873 1514/1850/870
f 1515/1852/850 1517/1855/850 1516/1853/850
f 1516/1854/874 1510/1845/875 1515/1851/871
f 1518/1856/850 1517/1855/850 1515/1852/850
f 1514/1849/850 1518/1856/850 1515/1852/850
f 1519/1857/850 1518/1856/850 1514/1849/850
f 1520/1859/850 1518/1856/850 1519/1857/850
f 1521/1861/850 1520/1859/850 1519/1857/850
f 1488/1815/850 1520/1859/850 1521/1861/850
f 1519/1858/876 1522/1862/876 1521/1860/877
f 1490/1817/877 1521/1860/877 1522/1862/876
f 1521/1860/878 1490/1817/878 1487/1813/855
f 1487/1814/850 1488/1815/850 1521/1861/850
f 1522/1862/876 1519/1858/876 1513/1848/870
f 1522/1862/850 1513/1848/850 1500/1831/850
f 1498/1828/850 1522/1862/850 1500/1831/850
f 1490/1817/850 1522/1862/850 1498/1828/850
f 1514/1850/870 1513/1848/870 1519/1858/876
f 1517/1855/850 1524/1865/850 1523/1863/850
f 1516/1853/850 1517/1855/850 1523/1863/850
f 1524/1865/850 1525/1866/850 1526/1867/850
f 1523/1863/850 1524/1865/850 1527/1868/850
f 1529/1873/850 1524/1865/850 1526/1867/850
f 1527/1868/850 1524/1865/850 1528/1870/850
f 1528/1870/879 1524/1865/879 1529/1873/879
f 1528/1871/880 1529/1872/881 1530/1874/882
f 1531/1875/881 1530/1874/880 1529/1872/881
f 1531/1875/881 1529/1872/881 1532/1876/883
f 1533/1877/883 1532/1876/883 1529/1872/881
f 1533/1878/884 1529/1873/884 1506/1840/884
f 1526/1867/850 1506/1840/850 1529/1873/850
f 1532/1876/883 1533/1877/883 1534/1879/885
f 1535/1880/885 1534/1879/885 1533/1877/883
f 1535/1881/850 1533/1878/850 1506/1840/850
f 1534/1879/885 1535/1880/885 1508/1843/865
f 1505/1838/865 1508/1843/865 1535/1880/886
f 1505/1839/850 1535/1881/850 1506/1840/850
f 1534/1879/850 1536/1882/850 1532/1876/850
f 1537/1883/850 1536/1882/850 1534/1879/850
f 1508/1843/850 1537/1883/850 1534/1879/850
f 1536/1882/887 1537/1883/888 1527/1869/887
f 1510/1845/850 1537/1883/850 1508/1843/850
f 1523/1864/888 1537/1883/888 1516/1854/872
f 1510/1845/872 1516/1854/872 1537/1883/888
f 1523/1864/888 1527/1869/887 1537/1883/888
f 1527/1869/887 1528/1871/880 1536/1882/887
f 1530/1874/880 1536/1882/887 1528/1871/880
f 1536/1882/850 1530/1874/850 1532/1876/850
f 1531/1875/850 1532/1876/850 1530/1874/850
f 1526/1867/850 1525/1866/850 1538/1884/850
f 1538/1884/850 1540/1886/850 1539/1885/850
f 1525/1866/850 1540/1886/850 1538/1884/850
f 1540/1886/850 1541/1887/850 1539/1885/850
f 1542/1888/850 1539/1885/850 1541/1887/850
f 1491/1818/850 1490/1817/850 1498/1828/850
f 1543/1889/850 1483/1807/850 1484/1808/850
f 1544/1890/850 1543/1889/850 1484/1808/850
f 1545/1891/850 1543/1889/850 1544/1890/850
f 1546/1892/850 1545/1891/850 1544/1890/850
f 1547/1893/850 1545/1891/850 1546/1892/850
g ambulance.036_Mesh
v 0.284060 -0.140000 0.024603
v 0.270710 -0.112000 0.042000
v 0.301457 -0.140000 0.011254
v 0.307757 -0.168000 0.022166
v 0.284060 -0.112000 0.024603
v 0.292969 -0.168000 0.033513
v 0.270710 -0.140000 0.042000
v 0.281622 -0.168000 0.048300
v 0.262319 -0.140000 0.062259
v 0.262319 -0.112000 0.062259
v 0.259457 -0.112000 0.084000
v 0.281622 -0.084000 0.048300
v 0.274489 -0.084000 0.065520
v 0.274489 -0.084000 0.102480
v 0.272057 -0.084000 0.084000
v 0.262319 -0.112000 0.105741
v 0.281622 -0.084000 0.119700
v 0.292969 -0.084000 0.134487
v 0.292969 -0.084000 0.033513
v 0.270710 -0.112000 0.126000
v 0.270710 -0.140000 0.126000
v 0.262319 -0.140000 0.105741
v 0.284060 -0.112000 0.143397
v 0.284060 -0.140000 0.143397
v 0.301457 -0.112000 0.156746
v 0.301457 -0.140000 0.156746
v 0.321716 -0.140000 0.165138
v 0.307757 -0.168000 0.145834
v 0.324977 -0.168000 0.152967
v 0.343457 -0.168000 0.155400
v 0.332272 -0.168000 0.125739
v 0.321851 -0.168000 0.121422
v 0.312901 -0.168000 0.114555
v 0.306034 -0.168000 0.105606
v 0.301717 -0.168000 0.095184
v 0.292969 -0.168000 0.134487
v 0.300245 -0.168000 0.084000
v 0.281622 -0.168000 0.119700
v 0.274489 -0.168000 0.065520
v 0.274489 -0.168000 0.102480
v 0.272057 -0.168000 0.084000
v 0.259457 -0.140000 0.084000
v 0.301717 -0.168000 0.072816
v 0.306034 -0.168000 0.062394
v 0.312901 -0.168000 0.053445
v 0.321851 -0.168000 0.046577
v 0.324977 -0.168000 0.015033
v 0.332272 -0.168000 0.042261
v 0.343457 -0.168000 0.040788
v 0.354641 -0.168000 0.042261
v 0.343457 -0.168000 0.012600
v 0.321716 -0.140000 0.002862
v 0.343457 -0.140000 -0.000000
v 0.361936 -0.168000 0.015033
v 0.374012 -0.168000 0.053445
v 0.365197 -0.140000 0.002862
v 0.379157 -0.168000 0.022166
v 0.365062 -0.168000 0.046577
v 0.393944 -0.168000 0.033513
v 0.385457 -0.140000 0.011254
v 0.393944 -0.168000 0.134487
v 0.386668 -0.168000 0.084000
v 0.385196 -0.168000 0.072816
v 0.380879 -0.168000 0.062394
v 0.385196 -0.168000 0.095184
v 0.379157 -0.168000 0.145834
v 0.361936 -0.168000 0.152967
v 0.365197 -0.140000 0.165138
v 0.380879 -0.168000 0.105606
v 0.374012 -0.168000 0.114555
v 0.385457 -0.140000 0.156746
v 0.385457 -0.112000 0.156746
v 0.365197 -0.112000 0.165138
v 0.402853 -0.140000 0.143397
v 0.416203 -0.140000 0.126000
v 0.402853 -0.112000 0.143397
v 0.416203 -0.112000 0.126000
v 0.405291 -0.084000 0.119700
v 0.393944 -0.084000 0.134487
v 0.424594 -0.112000 0.105741
v 0.427456 -0.112000 0.084000
v 0.424594 -0.140000 0.105741
v 0.414856 -0.084000 0.084000
v 0.412424 -0.084000 0.102480
v 0.412424 -0.084000 0.065520
v 0.405291 -0.084000 0.048300
v 0.416203 -0.112000 0.042000
v 0.393944 -0.084000 0.033513
v 0.424594 -0.112000 0.062259
v 0.424594 -0.140000 0.062259
v 0.427456 -0.140000 0.084000
v 0.414856 -0.168000 0.084000
v 0.412424 -0.168000 0.065520
v 0.412424 -0.168000 0.102480
v 0.405291 -0.168000 0.048300
v 0.405291 -0.168000 0.119700
v 0.416203 -0.140000 0.042000
v 0.402853 -0.112000 0.024603
v 0.402853 -0.140000 0.024603
v 0.385457 -0.112000 0.011254
v 0.365197 -0.112000 0.002862
v 0.361936 -0.084000 0.015033
v 0.379157 -0.084000 0.022166
v 0.379157 -0.084000 0.145834
v 0.361936 -0.084000 0.152967
v 0.343457 -0.084000 0.155400
v 0.343457 -0.084000 0.012600
v 0.343457 -0.112000 0.168000
v 0.324977 -0.084000 0.152967
v 0.321716 -0.112000 0.165138
v 0.324977 -0.084000 0.015033
v 0.307757 -0.084000 0.145834
v 0.307757 -0.084000 0.022166
v 0.321716 -0.112000 0.002862
v 0.301457 -0.112000 0.011254
v 0.343457 -0.112000 -0.000000
v 0.343457 -0.140000 0.168000
v 0.365062 -0.168000 0.121422
v 0.354641 -0.168000 0.125739
v 0.343457 -0.168000 0.127212
vn -0.7071 -0.0000 -0.7071
vn -0.8660 -0.0000 -0.5000
vn -0.4560 -0.4104 -0.7897
vn -0.6448 -0.4104 -0.6448
vn -0.5000 -0.0000 -0.8660
vn -0.7897 -0.4104 -0.4560
vn -0.7898 -0.4104 -0.4559
vn -0.8808 -0.4104 -0.2360
vn -0.9659 -0.0000 -0.2588
vn -1.0000 -0.0000 -0.0000
vn -0.8809 0.4104 -0.2360
vn -0.9119 0.4104 -0.0000
vn -0.7898 0.4104 -0.4559
vn -0.8808 0.4104 -0.2360
vn -0.0000 1.0000 -0.0000
vn -0.8808 0.4104 0.2360
vn -0.8809 0.4104 0.2360
vn -0.7898 0.4104 0.4559
vn -0.7897 0.4104 0.4560
vn -0.6448 0.4104 0.6448
vn -0.8660 -0.0000 0.5000
vn -0.9659 -0.0000 0.2588
vn -0.7071 -0.0000 0.7071
vn -0.5000 -0.0000 0.8660
vn -0.4559 0.4104 0.7898
vn -0.4560 -0.4104 0.7897
vn -0.6448 -0.4104 0.6448
vn -0.2360 -0.4104 0.8808
vn -0.4559 -0.4104 0.7898
vn -0.2588 -0.0000 0.9659
vn -0.0000 -0.4104 0.9119
vn -0.2360 -0.4104 0.8809
vn -0.0000 -1.0000 -0.0000
vn -0.7897 -0.4104 0.4560
vn -0.7898 -0.4104 0.4559
vn -0.8808 -0.4104 0.2360
vn -0.9119 -0.4104 -0.0000
vn -0.8809 -0.4104 0.2360
vn -0.8809 -0.4104 -0.2360
vn -0.0000 -0.4104 -0.9119
vn -0.2360 -0.4104 -0.8808
vn -0.2360 -0.4104 -0.8809
vn 0.2360 -0.4104 -0.8808
vn 0.4559 -0.4104 -0.7898
vn 0.6448 -0.4104 -0.6448
vn 0.2360 -0.4104 -0.8809
vn 0.2360 -0.4104 0.8808
vn 0.4559 -0.4104 0.7898
vn 0.6448 -0.4104 0.6448
vn 0.5000 -0.0000 0.8660
vn 0.2588 -0.0000 0.9659
vn 0.5000 0.0001 0.8660
vn 0.7071 -0.0000 0.7071
vn 0.4560 -0.4104 0.7897
vn 0.7898 -0.4104 0.4559
vn 0.8660 -0.0000 0.5000
vn 0.6448 0.4104 0.6448
vn 0.7898 0.4104 0.4559
vn 0.7897 0.4104 0.4560
vn 0.8808 0.4104 0.2360
vn 0.9659 0.0001 0.2588
vn 0.9119 0.4104 -0.0000
vn 0.9659 -0.0000 0.2588
vn 1.0000 -0.0000 -0.0000
vn 0.8660 -0.0001 0.5000
vn 0.8809 0.4104 0.2360
vn 0.8808 0.4104 -0.2360
vn 0.7897 0.4104 -0.4560
vn 0.7898 0.4104 -0.4559
vn 0.6448 0.4104 -0.6448
vn 0.9659 -0.0000 -0.2588
vn 0.8660 0.0001 -0.5000
vn 0.8808 -0.4104 0.2360
vn 0.9119 -0.4104 -0.0000
vn 0.8808 -0.4104 -0.2360
vn 0.7897 -0.4104 0.4560
vn 0.7898 -0.4104 -0.4559
vn 0.7897 -0.4104 -0.4560
vn 0.8660 -0.0000 -0.5000
vn 0.9659 -0.0001 -0.2588
vn 0.7071 -0.0000 -0.7071
vn 0.5000 0.0001 -0.8660
vn 0.5000 -0.0000 -0.8660
vn 0.4560 -0.4104 -0.7897
vn 0.2588 -0.0000 -0.9659
vn 0.2360 0.4104 -0.8808
vn 0.4559 0.4104 -0.7898
vn 0.4560 0.4104 -0.7897
vn 0.4559 0.4104 0.7898
vn 0.2360 0.4104 0.8808
vn -0.0000 0.4104 0.9119
vn -0.2360 0.4104 0.8808
vn -0.4560 0.4104 0.7897
vn -0.4560 0.4104 -0.7897
vn -0.6448 0.4104 -0.6448
vn -0.2360 0.4104 -0.8808
vn -0.4559 0.4104 -0.7898
vn -0.2588 -0.0000 -0.9659
vn -0.0000 -0.0000 -1.0000
vn -0.2360 0.4104 -0.8809
vn -0.0000 0.4104 -0.9119
vn -0.0000 -0.0000 1.0000
vn 0.4560 0.4104 0.7897
vn -0.4559 -0.4104 -0.7898
vn -0.7897 0.4104 -0.4560
vt 0.593750 0.025000
vt 0.593750 0.025000
vt 0.593750 0.025000
vt 0.593750 0.025000
vt 0.593750 0.025000
vt 0.593750 0.025000
vt 0.593750 0.025000
vt 0.593750 0.025000
vt 0.593750 0.025000
vt 0.593750 0.025000
vt 0.593750 0.025000
vt 0.593750 0.025000
vt 0.593750 0.025000
vt 0.593750 0.068999
vt 0.593750 0.025000
vt 0.593750 0.076764
vt 0.593750 0.110000
vt 0.593750 0.145208
vt 0.593750 0.025000
vt 0.593750 0.125000
vt 0.593750 0.125000
vt 0.593750 0.076764
vt 0.593750 0.166421
vt 0.593750 0.166421
vt 0.593750 0.198205
vt 0.593750 0.198205
vt 0.593750 0.218185
vt 0.593750 0.172224
vt 0.593750 0.189207
vt 0.593750 0.195000
vt 0.593750 0.124380
vt 0.593750 0.114101
vt 0.593750 0.097751
vt 0.593750 0.076443
vt 0.593750 0.051629
vt 0.593750 0.145208
vt 0.593750 0.025000
vt 0.593750 0.110000
vt 0.593750 0.025000
vt 0.593750 0.068999
vt 0.593750 0.025000
vt 0.593750 0.025000
vt 0.593750 0.025000
vt 0.593750 0.025000
vt 0.593750 0.025000
vt 0.593750 0.025000
vt 0.593750 0.025000
vt 0.593750 0.025000
vt 0.593750 0.025000
vt 0.593750 0.025000
vt 0.593750 0.025000
vt 0.593750 0.025000
vt 0.593750 0.025000
vt 0.593750 0.025000
vt 0.593750 0.025000
vt 0.593750 0.025000
vt 0.593750 0.025000
vt 0.593750 0.025000
vt 0.593750 0.025000
vt 0.593750 0.025000
vt 0.593750 0.145208
vt 0.593750 0.025000
vt 0.593750 0.025000
vt 0.593750 0.025000
vt 0.593750 0.051629
vt 0.593750 0.172224
vt 0.593750 0.189207
vt 0.593750 0.218185
vt 0.593750 0.076443
vt 0.593750 0.097751
vt 0.593750 0.198205
vt 0.593750 0.198205
vt 0.593750 0.218185
vt 0.593750 0.166421
vt 0.593750 0.125000
vt 0.593750 0.166421
vt 0.593750 0.125000
vt 0.593750 0.110000
vt 0.593750 0.145208
vt 0.593750 0.076764
vt 0.593750 0.025000
vt 0.593750 0.076764
vt 0.593750 0.025000
vt 0.593750 0.068999
vt 0.593750 0.025000
vt 0.593750 0.025000
vt 0.593750 0.025000
vt 0.593750 0.025000
vt 0.593750 0.025000
vt 0.593750 0.025000
vt 0.593750 0.025000
vt 0.593750 0.025000
vt 0.593750 0.025000
vt 0.593750 0.068999
vt 0.593750 0.025000
vt 0.593750 0.110000
vt 0.593750 0.025000
vt 0.593750 0.025000
vt 0.593750 0.025000
vt 0.593750 0.025000
vt 0.593750 0.025000
vt 0.593750 0.025000
vt 0.593750 0.025000
vt 0.593750 0.172224
vt 0.593750 0.189207
vt 0.593750 0.195000
vt 0.593750 0.025000
vt 0.593750 0.225000
vt 0.593750 0.189207
vt 0.593750 0.218185
vt 0.593750 0.025000
vt 0.593750 0.172224
vt 0.593750 0.025000
vt 0.593750 0.025000
vt 0.593750 0.025000
vt 0.593750 0.025000
vt 0.593750 0.225000
vt 0.593750 0.114101
vt 0.593750 0.124380
vt 0.593750 0.127885
s 0
f 1552/1898/889 1548/1894/889 1549/1895/890
f 1554/1900/890 1549/1895/890 1548/1894/889
f 1550/1896/891 1551/1897/891 1548/1894/892
f 1548/1894/889 1552/1898/889 1550/1896/893
f 1553/1899/892 1548/1894/892 1551/1897/891
f 1548/1894/892 1553/1899/892 1554/1900/894
f 1555/1901/894 1554/1900/894 1553/1899/892
f 1554/1900/895 1555/1901/895 1556/1902/896
f 1556/1902/897 1557/1903/897 1554/1900/890
f 1549/1895/890 1554/1900/890 1557/1903/897
f 1557/1903/897 1556/1902/897 1558/1904/898
f 1557/1903/899 1558/1904/900 1560/1906/899
f 1549/1895/901 1557/1903/902 1559/1905/901
f 1560/1906/902 1559/1905/901 1557/1903/902
f 1562/1908/900 1560/1906/902 1558/1904/900
f 1560/1906/903 1561/1907/903 1559/1905/903
f 1562/1908/903 1561/1907/903 1560/1906/903
f 1562/1908/900 1558/1904/900 1561/1907/904
f 1563/1909/905 1561/1907/905 1558/1904/900
f 1561/1907/904 1563/1909/904 1564/1910/906
f 1561/1907/903 1564/1910/903 1559/1905/903
f 1564/1910/903 1565/1911/903 1566/1912/903
f 1564/1910/907 1567/1913/907 1565/1911/908
f 1559/1905/903 1564/1910/903 1566/1912/903
f 1567/1913/906 1564/1910/906 1563/1909/904
f 1568/1914/909 1567/1913/909 1569/1915/910
f 1567/1913/909 1568/1914/909 1570/1916/911
f 1563/1909/910 1569/1915/910 1567/1913/909
f 1570/1916/908 1565/1911/908 1567/1913/907
f 1571/1917/911 1570/1916/911 1568/1914/909
f 1571/1917/911 1573/1919/912 1570/1916/911
f 1572/1918/912 1570/1916/911 1573/1919/912
f 1570/1916/908 1572/1918/913 1565/1911/908
f 1573/1919/914 1571/1917/915 1575/1921/914
f 1574/1920/916 1573/1919/917 1576/1922/916
f 1573/1919/912 1574/1920/918 1572/1918/912
f 1575/1921/917 1576/1922/916 1573/1919/917
f 1576/1922/916 1577/1923/919 1574/1920/920
f 1575/1921/921 1579/1925/921 1576/1922/921
f 1576/1922/921 1578/1924/921 1577/1923/921
f 1579/1925/921 1578/1924/921 1576/1922/921
f 1580/1926/921 1579/1925/921 1575/1921/921
f 1581/1927/921 1580/1926/921 1575/1921/921
f 1582/1928/921 1581/1927/921 1583/1929/921
f 1583/1929/921 1581/1927/921 1575/1921/921
f 1585/1931/922 1583/1929/915 1568/1914/922
f 1571/1917/915 1568/1914/922 1583/1929/915
f 1583/1929/915 1575/1921/914 1571/1917/915
f 1584/1930/921 1582/1928/921 1583/1929/921
f 1553/1899/921 1584/1930/921 1583/1929/921
f 1555/1901/921 1553/1899/921 1583/1929/921
f 1585/1931/921 1555/1901/921 1583/1929/921
f 1586/1932/921 1555/1901/921 1585/1931/921
f 1568/1914/923 1569/1915/924 1585/1931/923
f 1587/1933/924 1585/1931/923 1569/1915/924
f 1587/1933/921 1586/1932/921 1585/1931/921
f 1588/1934/921 1586/1932/921 1587/1933/921
f 1587/1933/924 1569/1915/924 1588/1934/925
f 1588/1934/925 1589/1935/925 1586/1932/896
f 1589/1935/925 1588/1934/925 1569/1915/926
f 1589/1935/898 1558/1904/898 1556/1902/897
f 1558/1904/898 1589/1935/898 1563/1909/910
f 1569/1915/910 1563/1909/910 1589/1935/898
f 1556/1902/927 1586/1932/927 1589/1935/925
f 1586/1932/896 1556/1902/896 1555/1901/895
f 1584/1930/921 1553/1899/921 1590/1936/921
f 1590/1936/921 1553/1899/921 1591/1937/921
f 1553/1899/921 1551/1897/921 1591/1937/921
f 1591/1937/921 1551/1897/921 1592/1938/921
f 1592/1938/921 1551/1897/921 1593/1939/921
f 1593/1939/921 1594/1940/921 1595/1941/921
f 1551/1897/921 1594/1940/921 1593/1939/921
f 1595/1941/921 1594/1940/921 1596/1942/921
f 1596/1942/921 1598/1944/921 1597/1943/921
f 1594/1940/921 1598/1944/921 1596/1942/921
f 1598/1944/921 1601/1947/921 1597/1943/921
f 1600/1946/928 1598/1944/928 1599/1945/929
f 1594/1940/929 1599/1945/930 1598/1944/928
f 1598/1944/928 1600/1946/928 1601/1947/931
f 1601/1947/921 1604/1950/921 1602/1948/921
f 1605/1951/921 1601/1947/921 1602/1948/921
f 1601/1947/931 1603/1949/931 1604/1950/932
f 1603/1949/931 1601/1947/931 1600/1946/928
f 1597/1943/921 1601/1947/921 1605/1951/921
f 1604/1950/921 1606/1952/921 1608/1954/921
f 1604/1950/932 1607/1953/932 1606/1952/933
f 1607/1953/932 1604/1950/932 1603/1949/934
f 1609/1955/921 1604/1950/921 1608/1954/921
f 1610/1956/921 1604/1950/921 1609/1955/921
f 1611/1957/921 1604/1950/921 1610/1956/921
f 1602/1948/921 1604/1950/921 1611/1957/921
f 1608/1954/921 1613/1959/921 1609/1955/921
f 1612/1958/921 1609/1955/921 1613/1959/921
f 1614/1960/921 1617/1963/921 1613/1959/921
f 1614/1960/935 1613/1959/936 1615/1961/935
f 1618/1964/936 1615/1961/935 1613/1959/936
f 1616/1962/921 1612/1958/921 1613/1959/921
f 1617/1963/921 1616/1962/921 1613/1959/921
f 1613/1959/936 1608/1954/937 1618/1964/936
f 1619/1965/938 1620/1966/939 1618/1964/938
f 1618/1964/940 1621/1967/941 1619/1965/938
f 1615/1961/939 1618/1964/938 1620/1966/939
f 1621/1967/937 1618/1964/942 1608/1954/937
f 1621/1967/937 1608/1954/937 1622/1968/943
f 1622/1968/944 1624/1970/944 1621/1967/941
f 1623/1969/941 1621/1967/941 1624/1970/944
f 1623/1969/941 1619/1965/938 1621/1967/941
f 1623/1969/945 1624/1970/946 1626/1972/945
f 1625/1971/946 1626/1972/945 1624/1970/946
f 1624/1970/947 1627/1973/948 1625/1971/947
f 1624/1970/944 1622/1968/944 1627/1973/949
f 1628/1974/950 1630/1976/950 1627/1973/948
f 1627/1973/951 1629/1975/951 1628/1974/952
f 1629/1975/951 1627/1973/951 1622/1968/953
f 1631/1977/954 1627/1973/948 1630/1976/950
f 1631/1977/948 1625/1971/947 1627/1973/948
f 1630/1976/903 1632/1978/903 1631/1977/903
f 1633/1979/903 1631/1977/903 1632/1978/903
f 1625/1971/903 1631/1977/903 1633/1979/903
f 1632/1978/955 1636/1982/955 1633/1979/956
f 1626/1972/903 1625/1971/903 1633/1979/903
f 1635/1981/903 1626/1972/903 1633/1979/903
f 1634/1980/956 1633/1979/956 1636/1982/955
f 1633/1979/957 1634/1980/957 1635/1981/958
f 1636/1982/959 1637/1983/959 1634/1980/960
f 1637/1983/959 1636/1982/959 1638/1984/952
f 1628/1974/952 1638/1984/952 1636/1982/959
f 1636/1982/955 1632/1978/955 1628/1974/950
f 1629/1975/961 1641/1987/961 1638/1984/962
f 1638/1984/952 1628/1974/952 1629/1975/951
f 1639/1985/962 1638/1984/962 1641/1987/961
f 1639/1985/962 1640/1986/963 1638/1984/962
f 1637/1983/963 1638/1984/962 1640/1986/963
f 1642/1988/921 1640/1986/921 1641/1987/921
f 1643/1989/921 1642/1988/921 1641/1987/921
f 1639/1985/921 1641/1987/921 1640/1986/921
f 1641/1987/961 1629/1975/961 1643/1989/964
f 1622/1968/964 1643/1989/964 1629/1975/961
f 1606/1952/921 1642/1988/921 1643/1989/921
f 1643/1989/943 1622/1968/943 1608/1954/937
f 1608/1954/921 1606/1952/921 1643/1989/921
f 1642/1988/965 1606/1952/933 1644/1990/965
f 1644/1990/966 1637/1983/963 1642/1988/966
f 1640/1986/963 1642/1988/966 1637/1983/963
f 1646/1992/933 1644/1990/965 1606/1952/933
f 1644/1990/967 1634/1980/967 1637/1983/968
f 1634/1980/967 1644/1990/967 1645/1991/969
f 1646/1992/969 1645/1991/969 1644/1990/967
f 1645/1991/969 1646/1992/969 1647/1993/970
f 1607/1953/971 1647/1993/971 1646/1992/969
f 1646/1992/933 1606/1952/933 1607/1953/972
f 1647/1993/971 1607/1953/971 1648/1994/973
f 1648/1994/974 1649/1995/974 1647/1993/975
f 1650/1996/975 1647/1993/975 1649/1995/974
f 1647/1993/976 1650/1996/976 1645/1991/958
f 1650/1996/903 1651/1997/903 1635/1981/903
f 1635/1981/958 1645/1991/958 1650/1996/975
f 1652/1998/903 1651/1997/903 1650/1996/903
f 1649/1995/903 1652/1998/903 1650/1996/903
f 1651/1997/977 1652/1998/978 1619/1965/977
f 1653/1999/903 1652/1998/903 1649/1995/903
f 1652/1998/978 1653/1999/979 1620/1966/978
f 1620/1966/978 1619/1965/977 1652/1998/978
f 1654/2000/903 1653/1999/903 1649/1995/903
f 1656/2002/903 1653/1999/903 1654/2000/903
f 1653/1999/979 1656/2002/980 1655/2001/979
f 1655/2001/979 1620/1966/978 1653/1999/979
f 1658/2004/903 1656/2002/903 1654/2000/903
f 1657/2003/980 1655/2001/979 1656/2002/980
f 1656/2002/980 1659/2005/913 1657/2003/980
f 1659/2005/903 1656/2002/903 1658/2004/903
f 1572/1918/913 1657/2003/980 1659/2005/913
f 1659/2005/981 1565/1911/908 1572/1918/981
f 1660/2006/903 1659/2005/903 1658/2004/903
f 1565/1911/903 1659/2005/903 1660/2006/903
f 1566/1912/903 1565/1911/903 1660/2006/903
f 1660/2006/982 1662/2008/982 1566/1912/983
f 1658/2004/984 1661/2007/984 1660/2006/985
f 1662/2008/985 1660/2006/985 1661/2007/984
f 1661/2007/986 1599/1945/986 1662/2008/893
f 1550/1896/893 1662/2008/893 1599/1945/986
f 1662/2008/893 1550/1896/893 1552/1898/889
f 1552/1898/983 1566/1912/983 1662/2008/982
f 1599/1945/986 1661/2007/986 1600/1946/987
f 1663/2009/987 1600/1946/987 1661/2007/986
f 1661/2007/984 1658/2004/988 1663/2009/989
f 1663/2009/989 1654/2000/989 1648/1994/974
f 1654/2000/989 1663/2009/989 1658/2004/984
f 1600/1946/987 1663/2009/987 1603/1949/973
f 1648/1994/973 1603/1949/973 1663/2009/987
f 1655/2001/990 1657/2003/918 1664/2010/990
f 1574/1920/918 1664/2010/990 1657/2003/918
f 1657/2003/918 1572/1918/912 1574/1920/918
f 1664/2010/990 1615/1961/939 1655/2001/990
f 1664/2010/919 1574/1920/916 1577/1923/919
f 1615/1961/935 1664/2010/919 1614/1960/935
f 1577/1923/919 1614/1960/935 1664/2010/919
f 1620/1966/939 1655/2001/990 1615/1961/939
f 1649/1995/974 1648/1994/974 1654/2000/989
f 1651/1997/903 1626/1972/903 1635/1981/903
f 1626/1972/945 1651/1997/977 1623/1969/945
f 1619/1965/991 1623/1969/945 1651/1997/991
f 1603/1949/973 1648/1994/973 1607/1953/971
f 1645/1991/958 1635/1981/958 1634/1980/957
f 1630/1976/950 1628/1974/950 1632/1978/955
f 1665/2011/921 1617/1963/921 1614/1960/921
f 1666/2012/921 1665/2011/921 1614/1960/921
f 1577/1923/921 1666/2012/921 1614/1960/921
f 1667/2013/921 1666/2012/921 1577/1923/921
f 1578/1924/921 1667/2013/921 1577/1923/921
f 1599/1945/929 1594/1940/929 1550/1896/992
f 1551/1897/992 1550/1896/992 1594/1940/929
f 1559/1905/993 1566/1912/983 1549/1895/993
f 1552/1898/983 1549/1895/993 1566/1912/983
g ambulance.037_Mesh
v 0.335548 -0.168000 0.054486
v 0.336313 -0.154000 0.057340
v 0.328179 -0.168000 0.057538
v 0.343457 -0.168000 0.053445
v 0.343457 -0.168000 0.040788
v 0.332272 -0.168000 0.042261
v 0.321851 -0.168000 0.046577
v 0.321851 -0.168000 0.062394
v 0.323940 -0.154000 0.064484
v 0.316995 -0.168000 0.068722
v 0.319554 -0.154000 0.070200
v 0.313942 -0.168000 0.076092
v 0.316797 -0.154000 0.076856
v 0.312901 -0.168000 0.084000
v 0.312901 -0.168000 0.053445
v 0.312901 -0.168000 0.114555
v 0.306034 -0.168000 0.062394
v 0.306034 -0.168000 0.105606
v 0.301717 -0.168000 0.072816
v 0.301717 -0.168000 0.095184
v 0.300245 -0.168000 0.084000
v 0.321851 -0.168000 0.121422
v 0.313942 -0.168000 0.091908
v 0.316797 -0.154000 0.091143
v 0.319554 -0.154000 0.097800
v 0.316995 -0.168000 0.099278
v 0.323940 -0.154000 0.103516
v 0.321851 -0.168000 0.105606
v 0.332272 -0.168000 0.125739
v 0.328179 -0.168000 0.110462
v 0.329656 -0.154000 0.107903
v 0.336313 -0.154000 0.110660
v 0.335548 -0.168000 0.113514
v 0.343457 -0.168000 0.114555
v 0.343457 -0.154000 0.111600
v 0.350600 -0.154000 0.110660
v 0.351365 -0.168000 0.113514
v 0.357257 -0.154000 0.107903
v 0.358734 -0.168000 0.110462
v 0.362973 -0.154000 0.103516
v 0.369918 -0.168000 0.099278
v 0.365062 -0.168000 0.105606
v 0.367359 -0.154000 0.097800
v 0.372971 -0.168000 0.091908
v 0.370116 -0.154000 0.091143
v 0.371057 -0.154000 0.084000
v 0.374012 -0.168000 0.084000
v 0.370116 -0.154000 0.076856
v 0.372971 -0.168000 0.076092
v 0.367359 -0.154000 0.070200
v 0.369918 -0.168000 0.068722
v 0.362973 -0.154000 0.064484
v 0.357257 -0.154000 0.060097
v 0.365062 -0.168000 0.062394
v 0.358734 -0.168000 0.057538
v 0.374012 -0.168000 0.053445
v 0.365062 -0.168000 0.046577
v 0.354641 -0.168000 0.042261
v 0.351365 -0.168000 0.054486
v 0.350600 -0.154000 0.057340
v 0.343457 -0.154000 0.056400
v 0.380879 -0.168000 0.062394
v 0.380879 -0.168000 0.105606
v 0.385196 -0.168000 0.095184
v 0.374012 -0.168000 0.114555
v 0.365062 -0.168000 0.121422
v 0.354641 -0.168000 0.125739
v 0.343457 -0.168000 0.127212
v 0.386668 -0.168000 0.084000
v 0.385196 -0.168000 0.072816
v 0.315856 -0.154000 0.084000
v 0.329656 -0.154000 0.060097
vn 0.2533 -0.2065 0.9451
vn 0.4892 -0.2065 0.8474
vn 0.2532 -0.2065 0.9451
vn -0.0000 -0.2065 0.9784
vn -0.0000 -1.0000 -0.0000
vn 0.6919 -0.2065 0.6919
vn 0.8474 -0.2065 0.4892
vn 0.9451 -0.2065 0.2533
vn 0.9451 -0.2065 0.2532
vn 0.9784 -0.2065 -0.0000
vn -0.0000 -0.0000 -1.0000
vn 0.0001 -0.0000 1.0000
vn -0.0001 -0.0000 -1.0000
vn 0.9451 -0.2065 -0.2532
vn 0.9451 -0.2065 -0.2533
vn 0.8474 -0.2065 -0.4892
vn 0.6919 -0.2065 -0.6918
vn 0.6919 -0.2065 -0.6919
vn 0.4892 -0.2065 -0.8474
vn 0.2533 -0.2065 -0.9451
vn 0.2532 -0.2065 -0.9451
vn -0.0000 -0.2065 -0.9784
vn -0.2532 -0.2065 -0.9451
vn -0.4892 -0.2065 -0.8474
vn -0.2533 -0.2065 -0.9451
vn -0.6919 -0.2065 -0.6919
vn -0.8474 -0.2065 -0.4892
vn -0.6919 -0.2065 -0.6918
vn -0.6918 -0.2065 -0.6919
vn -0.9451 -0.2065 -0.2532
vn -0.8473 -0.2065 -0.4892
vn -0.9784 -0.2065 -0.0000
vn -0.9451 -0.2065 -0.2533
vn -0.9451 -0.2065 0.2532
vn -0.8473 -0.2065 0.4892
vn -0.9451 -0.2065 0.2533
vn -0.8474 -0.2065 0.4892
vn -0.6919 -0.2065 0.6918
vn -0.6918 -0.2065 0.6919
vn -0.6919 -0.2065 0.6919
vn -0.4892 -0.2065 0.8474
vn -0.2533 -0.2065 0.9451
vn -0.2532 -0.2065 0.9451
vn 0.4892 -0.2065 0.8473
vt 0.968750 0.056699
vt 0.968750 0.063304
vt 0.968750 0.063763
vt 0.968750 0.054289
vt 0.968750 0.025000
vt 0.968750 0.028407
vt 0.968750 0.038397
vt 0.968750 0.075000
vt 0.968750 0.079835
vt 0.968750 0.089645
vt 0.968750 0.093064
vt 0.968750 0.106699
vt 0.968750 0.108469
vt 0.968750 0.125000
vt 0.968750 0.054289
vt 0.968750 0.195711
vt 0.968750 0.075000
vt 0.968750 0.175000
vt 0.968750 0.099118
vt 0.968750 0.150882
vt 0.968750 0.125000
vt 0.968750 0.211602
vt 0.968750 0.143301
vt 0.968750 0.141531
vt 0.968750 0.156936
vt 0.968750 0.160355
vt 0.968750 0.170165
vt 0.968750 0.175000
vt 0.968750 0.221593
vt 0.968750 0.186237
vt 0.968750 0.180315
vt 0.968750 0.186696
vt 0.968750 0.193301
vt 0.968750 0.195711
vt 0.968750 0.188872
vt 0.968750 0.186696
vt 0.968750 0.193301
vt 0.968750 0.180315
vt 0.968750 0.186237
vt 0.968750 0.170165
vt 0.968750 0.160355
vt 0.968750 0.175000
vt 0.968750 0.156936
vt 0.968750 0.143301
vt 0.968750 0.141531
vt 0.968750 0.125000
vt 0.968750 0.125000
vt 0.968750 0.108469
vt 0.968750 0.106699
vt 0.968750 0.093064
vt 0.968750 0.089645
vt 0.968750 0.079835
vt 0.968750 0.069685
vt 0.968750 0.075000
vt 0.968750 0.063763
vt 0.968750 0.054289
vt 0.968750 0.038397
vt 0.968750 0.028407
vt 0.968750 0.056699
vt 0.968750 0.063304
vt 0.968750 0.061128
vt 0.968750 0.075000
vt 0.968750 0.175000
vt 0.968750 0.150882
vt 0.968750 0.195711
vt 0.968750 0.211602
vt 0.968750 0.221593
vt 0.968750 0.225000
vt 0.968750 0.125000
vt 0.968750 0.099118
vt 0.968750 0.125000
vt 0.968750 0.069685
s 0
f 1668/2014/994 1669/2015/994 1670/2016/995
f 1668/2014/996 1671/2017/997 1669/2015/996
f 1668/2014/998 1670/2016/998 1673/2019/998
f 1671/2017/998 1668/2014/998 1672/2018/998
f 1672/2018/998 1668/2014/998 1673/2019/998
f 1670/2016/998 1675/2021/998 1673/2019/998
f 1673/2019/998 1675/2021/998 1674/2020/998
f 1675/2021/999 1670/2016/995 1676/2022/999
f 1675/2021/999 1676/2022/999 1677/2023/1000
f 1675/2021/998 1677/2023/998 1674/2020/998
f 1678/2024/1000 1677/2023/1000 1676/2022/999
f 1677/2023/1000 1678/2024/1000 1679/2025/1001
f 1677/2023/998 1679/2025/998 1674/2020/998
f 1679/2025/1002 1680/2026/1002 1681/2027/1003
f 1680/2026/1001 1679/2025/1001 1678/2024/1000
f 1679/2025/998 1681/2027/998 1682/2028/998
f 1674/2020/998 1679/2025/998 1682/2028/998
f 1681/2027/1004 1683/2029/1005 1682/2028/1006
f 1682/2028/998 1683/2029/998 1684/2030/998
f 1683/2029/998 1685/2031/998 1684/2030/998
f 1684/2030/998 1685/2031/998 1686/2032/998
f 1685/2031/998 1687/2033/998 1686/2032/998
f 1688/2034/998 1686/2032/998 1687/2033/998
f 1689/2035/998 1683/2029/998 1690/2036/998
f 1681/2027/998 1690/2036/998 1683/2029/998
f 1690/2036/1007 1681/2027/1003 1691/2037/1007
f 1691/2037/1008 1692/2038/1009 1690/2036/1008
f 1693/2039/1009 1690/2036/1008 1692/2038/1009
f 1693/2039/998 1689/2035/998 1690/2036/998
f 1692/2038/1009 1694/2040/1010 1693/2039/1009
f 1695/2041/1011 1693/2039/1009 1694/2040/1011
f 1695/2041/998 1689/2035/998 1693/2039/998
f 1697/2043/998 1696/2042/998 1695/2041/998
f 1696/2042/998 1689/2035/998 1695/2041/998
f 1697/2043/1012 1695/2041/1011 1698/2044/1012
f 1694/2040/1010 1698/2044/1012 1695/2041/1010
f 1698/2044/1012 1699/2045/1013 1697/2043/1012
f 1700/2046/1014 1699/2045/1014 1701/2047/1015
f 1700/2046/1013 1697/2043/1012 1699/2045/1013
f 1702/2048/1015 1701/2047/1015 1699/2045/1014
f 1702/2048/1015 1703/2049/1016 1701/2047/1015
f 1703/2049/1016 1705/2051/1017 1704/2050/1016
f 1704/2050/1016 1701/2047/1015 1703/2049/1016
f 1706/2052/1017 1704/2050/1018 1705/2051/1017
f 1705/2051/1017 1707/2053/1019 1706/2052/1017
f 1710/2056/1020 1708/2054/1020 1707/2053/1021
f 1709/2055/1022 1707/2053/1022 1708/2054/1020
f 1709/2055/1022 1706/2052/1017 1707/2053/1022
f 1708/2054/1020 1710/2056/1020 1711/2057/1023
f 1712/2058/1023 1711/2057/1023 1710/2056/1024
f 1712/2058/1023 1713/2059/1025 1711/2057/1023
f 1714/2060/1025 1711/2057/1026 1713/2059/1025
f 1713/2059/1025 1715/2061/1027 1714/2060/1025
f 1715/2061/1027 1717/2063/1028 1716/2062/1027
f 1716/2062/1029 1714/2060/1025 1715/2061/1029
f 1718/2064/1030 1716/2062/1029 1717/2063/1030
f 1717/2063/1030 1719/2065/1031 1718/2064/1030
f 1721/2067/1032 1718/2064/1030 1719/2065/1032
f 1719/2065/1033 1720/2066/1034 1721/2067/1033
f 1722/2068/1034 1721/2067/1032 1720/2066/1034
f 1721/2067/998 1722/2068/998 1724/2070/998
f 1718/2064/998 1721/2067/998 1723/2069/998
f 1723/2069/998 1721/2067/998 1724/2070/998
f 1724/2070/998 1722/2068/998 1725/2071/998
f 1722/2068/998 1726/2072/998 1725/2071/998
f 1725/2071/998 1671/2017/998 1672/2018/998
f 1726/2072/998 1671/2017/998 1725/2071/998
f 1726/2072/1035 1722/2068/1034 1727/2073/1035
f 1726/2072/1036 1727/2073/1036 1671/2017/997
f 1720/2066/1034 1727/2073/1036 1722/2068/1034
f 1728/2074/997 1671/2017/997 1727/2073/1036
f 1728/2074/997 1669/2015/996 1671/2017/997
f 1723/2069/998 1730/2076/998 1714/2060/998
f 1714/2060/998 1716/2062/998 1723/2069/998
f 1716/2062/998 1718/2064/998 1723/2069/998
f 1729/2075/998 1730/2076/998 1723/2069/998
f 1730/2076/998 1732/2078/998 1714/2060/998
f 1731/2077/998 1730/2076/998 1729/2075/998
f 1711/2057/998 1732/2078/998 1708/2054/998
f 1708/2054/998 1732/2078/998 1709/2055/998
f 1714/2060/998 1732/2078/998 1711/2057/998
f 1732/2078/998 1733/2079/998 1709/2055/998
f 1733/2079/998 1734/2080/998 1706/2052/998
f 1709/2055/998 1733/2079/998 1706/2052/998
f 1706/2052/998 1734/2080/998 1704/2050/998
f 1704/2050/998 1734/2080/998 1701/2047/998
f 1734/2080/998 1735/2081/998 1701/2047/998
f 1735/2081/998 1696/2042/998 1700/2046/998
f 1701/2047/998 1735/2081/998 1700/2046/998
f 1736/2082/998 1731/2077/998 1737/2083/998
f 1737/2083/998 1731/2077/998 1729/2075/998
f 1700/2046/998 1696/2042/998 1697/2043/998
f 1738/2084/1003 1691/2037/1007 1681/2027/1003
f 1738/2084/1003 1681/2027/1003 1680/2026/1002
f 1739/2085/1037 1676/2022/999 1670/2016/1037
f 1739/2085/995 1670/2016/995 1669/2015/994
