# Blender 3.3.1
# www.blender.org
mtllib Vehicle_Taxi.mtl
g taxi_Mesh
v 0.234699 -0.137582 0.202857
v 0.234699 -0.171978 0.202857
v 0.209813 -0.137582 0.192549
v 0.209813 -0.171978 0.192549
v 0.188442 -0.171978 0.030223
v 0.188442 -0.137582 0.030223
v 0.172044 -0.171978 0.051593
v 0.172044 -0.137582 0.051593
v 0.261406 -0.171978 0.206373
v 0.288112 -0.171978 0.202857
v 0.261406 -0.206373 0.190895
v 0.284106 -0.206373 0.187906
v 0.361076 -0.137582 0.076480
v 0.361076 -0.171978 0.076480
v 0.364592 -0.137582 0.103186
v 0.364592 -0.171978 0.103186
v 0.288112 -0.137582 0.003516
v 0.261406 -0.137582 -0.000000
v 0.288112 -0.171978 0.003516
v 0.261406 -0.171978 -0.000000
v 0.312999 -0.171978 0.013824
v 0.305260 -0.206373 0.027229
v 0.284106 -0.206373 0.018467
v 0.188442 -0.137582 0.176150
v 0.188442 -0.171978 0.176150
v 0.312999 -0.137582 0.013824
v 0.176686 -0.103187 0.125887
v 0.185448 -0.103187 0.147041
v 0.161735 -0.137582 0.129893
v 0.172044 -0.137582 0.154780
v 0.238705 -0.206373 0.187906
v 0.217552 -0.206373 0.179144
v 0.261406 -0.137582 0.206373
v 0.261406 -0.206373 0.015478
v 0.334370 -0.171978 0.030223
v 0.323425 -0.206373 0.041167
v 0.350768 -0.171978 0.051593
v 0.337364 -0.206373 0.059332
v 0.334370 -0.171978 0.176150
v 0.323425 -0.206373 0.165206
v 0.312999 -0.171978 0.192549
v 0.305260 -0.206373 0.179144
v 0.334370 -0.137582 0.030223
v 0.350768 -0.137582 0.051593
v 0.161735 -0.171978 0.076480
v 0.161735 -0.137582 0.076480
v 0.346126 -0.206373 0.080486
v 0.349114 -0.206373 0.103186
v 0.199386 -0.206373 0.041167
v 0.185448 -0.206373 0.059332
v 0.334370 -0.137582 0.176150
v 0.312999 -0.137582 0.192549
v 0.288112 -0.137582 0.202857
v 0.361076 -0.171978 0.129893
v 0.346126 -0.206373 0.125887
v 0.234699 -0.137582 0.003516
v 0.234699 -0.171978 0.003516
v 0.209813 -0.171978 0.013824
v 0.238705 -0.206373 0.018467
v 0.217552 -0.206373 0.027229
v 0.173697 -0.206373 0.103186
v 0.158219 -0.171978 0.103186
v 0.176686 -0.206373 0.125887
v 0.161735 -0.171978 0.129893
v 0.176686 -0.206373 0.080486
v 0.361076 -0.137582 0.129893
v 0.209813 -0.137582 0.013824
v 0.350768 -0.137582 0.154780
v 0.350768 -0.171978 0.154780
v 0.172044 -0.171978 0.154780
v 0.337364 -0.206373 0.147041
v 0.185448 -0.206373 0.147041
v 0.199387 -0.206373 0.165206
v 0.158219 -0.137582 0.103186
v 0.199387 -0.103187 0.165206
v 0.284106 -0.103187 0.187906
v 0.261406 -0.103187 0.190895
v 0.305260 -0.103187 0.027229
v 0.284106 -0.103187 0.018467
v 0.185448 -0.103187 0.059332
v 0.176686 -0.103187 0.080486
v 0.217552 -0.103187 0.179144
v 0.323425 -0.103187 0.165206
v 0.305260 -0.103187 0.179144
v 0.346126 -0.103187 0.080486
v 0.349114 -0.103187 0.103186
v 0.261406 -0.103187 0.015478
v 0.238705 -0.103187 0.018467
v 0.204694 -0.206373 0.103186
v 0.206627 -0.206373 0.088508
v 0.206627 -0.206373 0.117864
v 0.212292 -0.206373 0.074831
v 0.221305 -0.206373 0.063085
v 0.212292 -0.206373 0.131542
v 0.221305 -0.206373 0.143287
v 0.233050 -0.206373 0.054073
v 0.246728 -0.206373 0.048407
v 0.261406 -0.206373 0.046475
v 0.233050 -0.206373 0.152300
v 0.246728 -0.206373 0.157965
v 0.276084 -0.206373 0.048407
v 0.289761 -0.206373 0.054073
v 0.261406 -0.206373 0.159898
v 0.276084 -0.206373 0.157965
v 0.289761 -0.206373 0.152300
v 0.301507 -0.206373 0.063085
v 0.310519 -0.206373 0.074831
v 0.301507 -0.206373 0.143287
v 0.310519 -0.206373 0.131542
v 0.316185 -0.206373 0.088508
v 0.316185 -0.206373 0.117864
v 0.318117 -0.206373 0.103186
v 0.217552 -0.103187 0.027229
v 0.199386 -0.103187 0.041167
v 0.346126 -0.103187 0.125887
v 0.337364 -0.103187 0.147041
v 0.337364 -0.103187 0.059332
v 0.238705 -0.103187 0.187906
v 0.173697 -0.103187 0.103186
v 0.323425 -0.103187 0.041167
v 0.288112 0.137582 0.202857
v 0.288112 0.171977 0.202857
v 0.312999 0.137582 0.192549
v 0.312999 0.171977 0.192549
v 0.334370 0.171977 0.030223
v 0.334370 0.137582 0.030223
v 0.350768 0.171977 0.051593
v 0.350768 0.137582 0.051593
v 0.261406 0.171977 0.206373
v 0.234699 0.171977 0.202857
v 0.261406 0.206373 0.190895
v 0.238705 0.206373 0.187906
v 0.161735 0.137582 0.076480
v 0.161735 0.171977 0.076480
v 0.158219 0.137582 0.103186
v 0.158219 0.171977 0.103186
v 0.234699 0.137582 0.003516
v 0.261406 0.137582 0.000000
v 0.234699 0.171977 0.003516
v 0.261406 0.171977 0.000000
v 0.209813 0.171977 0.013824
v 0.217552 0.206373 0.027229
v 0.238705 0.206373 0.018467
v 0.334370 0.137582 0.176150
v 0.334370 0.171977 0.176150
v 0.209813 0.137582 0.013824
v 0.346126 0.103186 0.125887
v 0.337364 0.103186 0.147041
v 0.361076 0.137582 0.129893
v 0.350768 0.137582 0.154780
v 0.284106 0.206373 0.187906
v 0.305260 0.206373 0.179144
v 0.261406 0.137582 0.206373
v 0.261406 0.206373 0.015478
v 0.188442 0.171977 0.030223
v 0.199387 0.206373 0.041167
v 0.172044 0.171977 0.051593
v 0.185448 0.206373 0.059332
v 0.188442 0.171977 0.176150
v 0.199387 0.206373 0.165206
v 0.209813 0.171977 0.192549
v 0.217552 0.206373 0.179144
v 0.188442 0.137582 0.030223
v 0.172044 0.137582 0.051593
v 0.361076 0.171977 0.076480
v 0.361076 0.137582 0.076480
v 0.176686 0.206373 0.080486
v 0.173697 0.206373 0.103186
v 0.323425 0.206373 0.041167
v 0.337364 0.206373 0.059332
v 0.188442 0.137582 0.176150
v 0.209813 0.137582 0.192549
v 0.234699 0.137582 0.202857
v 0.161735 0.171977 0.129893
v 0.176686 0.206373 0.125887
v 0.288112 0.137582 0.003516
v 0.288112 0.171977 0.003516
v 0.312999 0.171977 0.013824
v 0.284106 0.206373 0.018467
v 0.305260 0.206373 0.027229
v 0.349114 0.206373 0.103186
v 0.364592 0.171977 0.103186
v 0.346126 0.206373 0.125887
v 0.361076 0.171977 0.129893
v 0.346126 0.206373 0.080486
v 0.161735 0.137582 0.129893
v 0.312999 0.137582 0.013824
v 0.172044 0.137582 0.154780
v 0.172044 0.171977 0.154780
v 0.350768 0.171977 0.154780
v 0.185448 0.206373 0.147041
v 0.337364 0.206373 0.147041
v 0.323425 0.206373 0.165206
v 0.364592 0.137582 0.103186
v 0.323425 0.103186 0.165206
v 0.238705 0.103186 0.187906
v 0.261406 0.103186 0.190895
v 0.217552 0.103186 0.027229
v 0.238705 0.103186 0.018467
v 0.337364 0.103186 0.059332
v 0.346126 0.103186 0.080486
v 0.305260 0.103186 0.179144
v 0.199387 0.103186 0.165206
v 0.217552 0.103186 0.179144
v 0.176686 0.103186 0.080486
v 0.173697 0.103186 0.103186
v 0.261406 0.103186 0.015478
v 0.284106 0.103186 0.018467
v 0.318117 0.206373 0.103186
v 0.316185 0.206373 0.088508
v 0.316185 0.206373 0.117864
v 0.310519 0.206373 0.074831
v 0.301507 0.206373 0.063085
v 0.310519 0.206373 0.131542
v 0.301507 0.206373 0.143287
v 0.289762 0.206373 0.054073
v 0.276084 0.206373 0.048407
v 0.261406 0.206373 0.046475
v 0.289762 0.206373 0.152300
v 0.276084 0.206373 0.157965
v 0.246728 0.206373 0.048407
v 0.233050 0.206373 0.054073
v 0.261406 0.206373 0.159898
v 0.246728 0.206373 0.157965
v 0.233050 0.206373 0.152300
v 0.221305 0.206373 0.063085
v 0.212292 0.206373 0.074831
v 0.221305 0.206373 0.143287
v 0.212292 0.206373 0.131542
v 0.206627 0.206373 0.088508
v 0.206627 0.206373 0.117864
v 0.204694 0.206373 0.103186
v 0.305260 0.103186 0.027229
v 0.323425 0.103186 0.041167
v 0.176686 0.103186 0.125887
v 0.185448 0.103186 0.147041
v 0.185448 0.103186 0.059332
v 0.284106 0.103186 0.187906
v 0.349114 0.103186 0.103186
v 0.199387 0.103186 0.041167
v -0.288112 -0.137582 0.202857
v -0.288112 -0.171977 0.202857
v -0.312999 -0.137582 0.192549
v -0.312999 -0.171977 0.192549
v -0.334370 -0.171977 0.030223
v -0.334370 -0.137582 0.030223
v -0.350768 -0.171977 0.051593
v -0.350768 -0.137582 0.051593
v -0.261406 -0.171977 0.206373
v -0.234699 -0.171977 0.202857
v -0.261406 -0.206373 0.190895
v -0.238705 -0.206373 0.187906
v -0.161735 -0.137582 0.076480
v -0.161735 -0.171977 0.076480
v -0.158219 -0.137582 0.103187
v -0.158219 -0.171977 0.103187
v -0.234699 -0.137582 0.003516
v -0.261406 -0.137582 -0.000000
v -0.234699 -0.171977 0.003516
v -0.261406 -0.171977 -0.000000
v -0.209813 -0.171977 0.013824
v -0.217552 -0.206373 0.027229
v -0.238705 -0.206373 0.018467
v -0.334370 -0.137582 0.176150
v -0.334370 -0.171977 0.176150
v -0.209813 -0.137582 0.013824
v -0.346126 -0.103186 0.125887
v -0.337364 -0.103186 0.147041
v -0.361076 -0.137582 0.129893
v -0.350768 -0.137582 0.154780
v -0.284106 -0.206373 0.187906
v -0.305260 -0.206373 0.179144
v -0.261406 -0.137582 0.206373
v -0.261406 -0.206373 0.015478
v -0.188442 -0.171977 0.030223
v -0.199387 -0.206373 0.041167
v -0.172044 -0.171977 0.051593
v -0.185448 -0.206373 0.059332
v -0.188442 -0.171977 0.176150
v -0.199386 -0.206373 0.165206
v -0.209813 -0.171977 0.192549
v -0.217552 -0.206373 0.179144
v -0.188442 -0.137582 0.030223
v -0.172044 -0.137582 0.051593
v -0.361076 -0.171977 0.076480
v -0.361076 -0.137582 0.076480
v -0.176686 -0.206373 0.080486
v -0.173697 -0.206373 0.103187
v -0.323425 -0.206373 0.041167
v -0.337364 -0.206373 0.059332
v -0.188442 -0.137582 0.176150
v -0.209813 -0.137582 0.192549
v -0.234699 -0.137582 0.202857
v -0.161735 -0.171977 0.129893
v -0.176686 -0.206373 0.125887
v -0.288112 -0.137582 0.003516
v -0.288112 -0.171977 0.003516
v -0.312999 -0.171977 0.013824
v -0.284106 -0.206373 0.018467
v -0.305260 -0.206373 0.027229
v -0.349114 -0.206373 0.103187
v -0.364592 -0.171977 0.103187
v -0.346126 -0.206373 0.125887
v -0.361076 -0.171977 0.129893
v -0.346126 -0.206373 0.080486
v -0.161735 -0.137582 0.129893
v -0.312999 -0.137582 0.013824
v -0.172044 -0.137582 0.154780
v -0.172044 -0.171977 0.154780
v -0.350768 -0.171977 0.154780
v -0.185448 -0.206373 0.147041
v -0.337364 -0.206373 0.147041
v -0.323425 -0.206373 0.165206
v -0.364592 -0.137582 0.103187
v -0.323425 -0.103186 0.165206
v -0.238705 -0.103186 0.187906
v -0.261406 -0.103186 0.190895
v -0.217552 -0.103186 0.027229
v -0.238705 -0.103186 0.018467
v -0.337364 -0.103186 0.059332
v -0.346126 -0.103186 0.080486
v -0.305260 -0.103186 0.179144
v -0.199386 -0.103186 0.165206
v -0.217552 -0.103186 0.179144
v -0.176686 -0.103186 0.080486
v -0.173697 -0.103186 0.103187
v -0.261406 -0.103186 0.015478
v -0.284106 -0.103186 0.018467
v -0.318117 -0.206373 0.103187
v -0.316185 -0.206373 0.088509
v -0.316185 -0.206373 0.117865
v -0.310519 -0.206373 0.074831
v -0.301507 -0.206373 0.063086
v -0.310519 -0.206373 0.131542
v -0.301507 -0.206373 0.143288
v -0.289761 -0.206373 0.054073
v -0.276084 -0.206373 0.048408
v -0.261406 -0.206373 0.046475
v -0.289761 -0.206373 0.152300
v -0.276084 -0.206373 0.157965
v -0.246728 -0.206373 0.048408
v -0.233050 -0.206373 0.054073
v -0.261406 -0.206373 0.159898
v -0.246728 -0.206373 0.157965
v -0.233050 -0.206373 0.152300
v -0.221305 -0.206373 0.063086
v -0.212292 -0.206373 0.074831
v -0.221305 -0.206373 0.143288
v -0.212292 -0.206373 0.131542
v -0.206627 -0.206373 0.088509
v -0.206627 -0.206373 0.117865
v -0.204694 -0.206373 0.103187
v -0.305260 -0.103186 0.027229
v -0.323425 -0.103186 0.041167
v -0.176686 -0.103186 0.125887
v -0.185448 -0.103186 0.147041
v -0.185448 -0.103186 0.059332
v -0.284106 -0.103186 0.187906
v -0.349114 -0.103186 0.103187
v -0.199386 -0.103186 0.041167
v -0.234699 0.137582 0.202857
v -0.234699 0.171978 0.202857
v -0.209812 0.137582 0.192549
v -0.209812 0.171978 0.192549
v -0.188442 0.171978 0.030223
v -0.188442 0.137582 0.030223
v -0.172044 0.171978 0.051593
v -0.172044 0.137582 0.051593
v -0.261406 0.171978 0.206373
v -0.288112 0.171978 0.202857
v -0.261406 0.206373 0.190895
v -0.284106 0.206373 0.187906
v -0.361076 0.137582 0.076480
v -0.361076 0.171978 0.076480
v -0.364592 0.137582 0.103187
v -0.364592 0.171978 0.103187
v -0.288112 0.137582 0.003516
v -0.261406 0.137582 0.000000
v -0.288112 0.171978 0.003516
v -0.261406 0.171978 0.000000
v -0.312999 0.171978 0.013824
v -0.305260 0.206373 0.027229
v -0.284106 0.206373 0.018467
v -0.188442 0.137582 0.176150
v -0.188442 0.171978 0.176150
v -0.312999 0.137582 0.013824
v -0.176686 0.103187 0.125887
v -0.185448 0.103187 0.147041
v -0.161735 0.137582 0.129893
v -0.172044 0.137582 0.154780
v -0.238705 0.206373 0.187906
v -0.217551 0.206373 0.179144
v -0.261406 0.137582 0.206373
v -0.261406 0.206373 0.015478
v -0.334370 0.171978 0.030223
v -0.323425 0.206373 0.041167
v -0.350768 0.171978 0.051593
v -0.337364 0.206373 0.059332
v -0.334370 0.171978 0.176150
v -0.323425 0.206373 0.165206
v -0.312999 0.171978 0.192549
v -0.305260 0.206373 0.179144
v -0.334370 0.137582 0.030223
v -0.350768 0.137582 0.051593
v -0.161735 0.171978 0.076480
v -0.161735 0.137582 0.076480
v -0.346126 0.206373 0.080486
v -0.349114 0.206373 0.103187
v -0.199386 0.206373 0.041167
v -0.185448 0.206373 0.059332
v -0.334370 0.137582 0.176150
v -0.312999 0.137582 0.192549
v -0.288112 0.137582 0.202857
v -0.361076 0.171978 0.129893
v -0.346126 0.206373 0.125887
v -0.234699 0.137582 0.003516
v -0.234699 0.171978 0.003516
v -0.209813 0.171978 0.013824
v -0.238705 0.206373 0.018467
v -0.217552 0.206373 0.027229
v -0.173697 0.206373 0.103187
v -0.158219 0.171978 0.103187
v -0.176686 0.206373 0.125887
v -0.161735 0.171978 0.129893
v -0.176686 0.206373 0.080486
v -0.361076 0.137582 0.129893
v -0.209813 0.137582 0.013824
v -0.350768 0.137582 0.154780
v -0.350768 0.171978 0.154780
v -0.172044 0.171978 0.154780
v -0.337364 0.206373 0.147041
v -0.185448 0.206373 0.147041
v -0.199386 0.206373 0.165206
v -0.158219 0.137582 0.103187
v -0.199386 0.103187 0.165206
v -0.284106 0.103187 0.187906
v -0.261406 0.103187 0.190895
v -0.305260 0.103187 0.027229
v -0.284106 0.103187 0.018467
v -0.185448 0.103187 0.059332
v -0.176686 0.103187 0.080486
v -0.217551 0.103187 0.179144
v -0.323425 0.103187 0.165206
v -0.305260 0.103187 0.179144
v -0.346126 0.103187 0.080486
v -0.349114 0.103187 0.103187
v -0.261406 0.103187 0.015478
v -0.238705 0.103187 0.018467
v -0.204694 0.206373 0.103187
v -0.206627 0.206373 0.088509
v -0.206627 0.206373 0.117865
v -0.212292 0.206373 0.074831
v -0.221305 0.206373 0.063086
v -0.212292 0.206373 0.131542
v -0.221305 0.206373 0.143288
v -0.233050 0.206373 0.054073
v -0.246728 0.206373 0.048408
v -0.261406 0.206373 0.046475
v -0.233050 0.206373 0.152300
v -0.246728 0.206373 0.157965
v -0.276084 0.206373 0.048408
v -0.289761 0.206373 0.054073
v -0.261406 0.206373 0.159898
v -0.276084 0.206373 0.157965
v -0.289761 0.206373 0.152300
v -0.301507 0.206373 0.063086
v -0.310519 0.206373 0.074831
v -0.301507 0.206373 0.143288
v -0.310519 0.206373 0.131542
v -0.316185 0.206373 0.088509
v -0.316185 0.206373 0.117865
v -0.318117 0.206373 0.103187
v -0.217552 0.103187 0.027229
v -0.199386 0.103187 0.041167
v -0.346126 0.103187 0.125887
v -0.337364 0.103187 0.147041
v -0.337364 0.103187 0.059332
v -0.238705 0.103187 0.187906
v -0.173697 0.103187 0.103187
v -0.323425 0.103187 0.041167
v -0.391020 -0.223571 0.137582
v -0.391020 -0.177710 0.137582
v -0.390977 -0.223571 0.137905
v -0.390977 -0.177818 0.137905
v -0.429944 -0.223571 0.068791
v -0.429944 -0.223571 0.137582
v -0.364592 -0.223571 0.068791
v -0.377577 -0.223571 0.170258
v -0.364592 -0.223571 0.103187
v -0.356259 -0.223571 0.198040
v -0.361076 -0.223571 0.129893
v -0.350768 -0.223571 0.154780
v -0.328477 -0.223571 0.219357
v -0.334370 -0.223571 0.176150
v -0.312999 -0.223571 0.192549
v -0.296124 -0.223571 0.232758
v -0.288112 -0.223571 0.202857
v -0.261406 -0.223571 0.237329
v -0.261406 -0.223571 0.206373
v -0.234699 -0.223571 0.202857
v -0.226687 -0.223571 0.232758
v -0.209813 -0.223571 0.192549
v -0.194335 -0.223571 0.219357
v -0.188442 -0.223571 0.176150
v -0.166553 -0.223571 0.198040
v -0.172044 -0.223571 0.154780
v -0.161735 -0.223571 0.129893
v -0.145235 -0.223571 0.170258
v -0.158219 -0.223571 0.103187
v -0.158219 -0.223571 0.068791
v -0.127263 -0.223571 0.103187
v -0.131834 -0.223571 0.137905
v 0.158219 -0.223571 0.068791
v 0.127263 -0.223571 0.103186
v 0.131834 -0.223571 0.137905
v 0.145235 -0.223571 0.170258
v 0.158219 -0.223571 0.103186
v 0.166553 -0.223571 0.198039
v 0.161735 -0.223571 0.129893
v 0.172044 -0.223571 0.154780
v 0.194335 -0.223571 0.219357
v 0.188442 -0.223571 0.176150
v 0.209813 -0.223571 0.192549
v 0.226687 -0.223571 0.232758
v 0.234699 -0.223571 0.202857
v 0.261406 -0.223571 0.237329
v 0.261406 -0.223571 0.206373
v 0.288112 -0.223571 0.202857
v 0.296124 -0.223571 0.232758
v 0.312999 -0.223571 0.192549
v 0.328477 -0.223571 0.219357
v 0.334370 -0.223571 0.176150
v 0.356259 -0.223571 0.198039
v 0.350768 -0.223571 0.154780
v 0.361076 -0.223571 0.129893
v 0.377577 -0.223571 0.170258
v 0.364592 -0.223571 0.103186
v 0.364592 -0.223571 0.068791
v 0.412746 -0.223571 0.068791
v 0.391020 -0.223571 0.137582
v 0.390977 -0.223571 0.137905
v 0.412746 -0.223571 0.137582
v 0.390977 0.223571 0.137905
v 0.377577 0.223571 0.170258
v 0.391020 0.223571 0.137582
v 0.412746 0.223571 0.068791
v 0.412746 0.223571 0.137582
v 0.364592 0.223571 0.068791
v 0.364592 0.223571 0.103186
v 0.361076 0.223571 0.129893
v 0.356259 0.223571 0.198039
v 0.350768 0.223571 0.154780
v 0.334370 0.223571 0.176150
v 0.328477 0.223571 0.219357
v 0.312999 0.223571 0.192549
v 0.296124 0.223571 0.232758
v 0.288112 0.223571 0.202857
v 0.261406 0.223571 0.206373
v 0.261406 0.223571 0.237329
v 0.234699 0.223571 0.202857
v 0.226687 0.223571 0.232758
v 0.209813 0.223571 0.192549
v 0.194335 0.223571 0.219357
v 0.188442 0.223571 0.176150
v 0.172044 0.223571 0.154780
v 0.166553 0.223571 0.198039
v 0.161735 0.223571 0.129893
v 0.158219 0.223571 0.103186
v 0.145235 0.223571 0.170258
v 0.158219 0.223571 0.068791
v 0.131834 0.223571 0.137905
v 0.127263 0.223571 0.103186
v -0.127263 0.223571 0.103187
v -0.158219 0.223571 0.068791
v -0.145235 0.223571 0.170258
v -0.131834 0.223571 0.137905
v -0.158219 0.223571 0.103187
v -0.161735 0.223571 0.129893
v -0.166553 0.223571 0.198040
v -0.172044 0.223571 0.154780
v -0.188442 0.223571 0.176150
v -0.194334 0.223571 0.219357
v -0.209812 0.223571 0.192549
v -0.226687 0.223571 0.232758
v -0.234699 0.223571 0.202857
v -0.261406 0.223571 0.206373
v -0.261406 0.223571 0.237329
v -0.288112 0.223571 0.202857
v -0.296124 0.223571 0.232758
v -0.312999 0.223571 0.192549
v -0.328477 0.223571 0.219357
v -0.334370 0.223571 0.176150
v -0.350768 0.223571 0.154780
v -0.356259 0.223571 0.198040
v -0.361076 0.223571 0.129893
v -0.364592 0.223571 0.103187
v -0.377577 0.223571 0.170258
v -0.364592 0.223571 0.068791
v -0.390977 0.223571 0.137905
v -0.391020 0.223571 0.137582
v -0.429944 0.223571 0.068791
v -0.429944 0.223571 0.137582
v 0.376257 0.189175 0.171977
v 0.377577 0.188602 0.170258
v 0.429944 0.189175 0.171977
v 0.390977 0.177818 0.137905
v 0.391020 0.177710 0.137582
v 0.418479 0.177710 0.137582
v -0.464339 0.189175 0.171978
v -0.441409 0.177710 0.137582
v -0.429944 0.189175 0.171978
v -0.391020 0.177710 0.137582
v -0.390977 0.177818 0.137905
v -0.377577 0.188602 0.170258
v -0.376257 0.189175 0.171978
v 0.328477 -0.189175 0.219357
v 0.356259 -0.189175 0.198039
v -0.226687 -0.189175 0.232758
v -0.194335 -0.189175 0.219357
v 0.194335 0.189175 0.219357
v 0.226687 0.189175 0.232758
v -0.226687 0.189175 0.232758
v -0.194334 0.189175 0.219357
v -0.356259 0.189175 0.198040
v -0.328477 0.189175 0.219357
v 0.131834 0.177818 0.137905
v 0.145235 0.188602 0.170258
v -0.145235 0.188602 0.170258
v -0.146555 0.189175 0.171978
v -0.166553 0.189175 0.198040
v -0.166553 -0.189175 0.198040
v 0.166553 0.189175 0.198039
v 0.261406 0.189175 0.237329
v 0.296124 0.189175 0.232758
v 0.328477 0.189175 0.219357
v 0.356259 0.189175 0.198039
v -0.261406 -0.189175 0.237329
v -0.261406 0.189175 0.237329
v 0.131834 -0.177818 0.137905
v 0.145235 -0.188602 0.170258
v -0.296124 0.189175 0.232758
v -0.464339 -0.189175 0.171978
v -0.429944 -0.189175 0.171978
v -0.441409 -0.177710 0.137582
v -0.377577 -0.188602 0.170258
v -0.376257 -0.189175 0.171978
v -0.131834 -0.177818 0.137905
v -0.145235 -0.188602 0.170258
v -0.146555 -0.189175 0.171978
v -0.103186 -0.189175 0.171978
v -0.127263 -0.166245 0.103187
v 0.127263 -0.166245 0.103186
v 0.103187 -0.189175 0.171977
v 0.146555 -0.189175 0.171977
v -0.103186 0.189175 0.171978
v -0.131834 0.177818 0.137905
v -0.127263 0.166245 0.103187
v 0.127263 0.166245 0.103186
v 0.103187 0.189175 0.171977
v 0.146555 0.189175 0.171977
v 0.390977 -0.177818 0.137905
v 0.377577 -0.188602 0.170258
v 0.166553 -0.189175 0.198039
v 0.194335 -0.189175 0.219357
v -0.296124 -0.189175 0.232758
v -0.356259 -0.189175 0.198040
v 0.226687 -0.189175 0.232758
v 0.261406 -0.189175 0.237329
v 0.296124 -0.189175 0.232758
v 0.376257 -0.189175 0.171977
v -0.328477 -0.189175 0.219357
v 0.391020 -0.177710 0.137582
v 0.429944 -0.189175 0.171977
v 0.418479 -0.177710 0.137582
v -0.454265 -0.213496 0.137582
v -0.464339 -0.189175 0.137582
v -0.464339 0.189175 0.137582
v -0.454265 0.213497 0.137582
v 0.418479 0.094588 0.137582
v 0.429944 0.094588 0.171977
v 0.418479 -0.094588 0.137582
v 0.429944 -0.094588 0.171977
v 0.447141 -0.189175 0.068791
v 0.437067 -0.213497 0.068791
v 0.447141 -0.189175 0.137582
v 0.437067 -0.213497 0.137582
v 0.437067 0.213496 0.137582
v 0.437067 0.213496 0.068791
v 0.447141 0.189175 0.068791
v 0.447141 0.189175 0.137582
v -0.464339 0.189175 0.068791
v -0.454265 0.213497 0.068791
v -0.454265 -0.213496 0.068791
v -0.464339 -0.189175 0.068791
v -0.158219 0.137582 0.068791
v 0.158219 0.137582 0.068791
v -0.364592 0.137582 0.068791
v -0.364592 -0.137582 0.068791
v -0.158219 -0.137582 0.068791
v 0.364592 -0.137582 0.068791
v 0.158219 -0.137582 0.068791
v 0.364592 0.137582 0.068791
v -0.172044 0.137582 0.154780
v -0.209812 0.137582 0.192549
v 0.312999 0.137582 0.192549
v 0.350768 0.137582 0.154780
v 0.334370 0.137582 0.176150
v -0.158219 -0.137582 0.103187
v -0.288112 0.137582 0.202857
v 0.188442 0.137582 0.176150
v -0.312999 0.137582 0.192549
v -0.334370 0.137582 0.176150
v 0.234699 0.137582 0.202857
v -0.158219 0.137582 0.103187
v 0.234699 -0.137582 0.202857
v 0.350768 -0.137582 0.154780
v 0.334370 -0.137582 0.176150
v 0.188442 -0.137582 0.176150
v 0.312999 -0.137582 0.192549
v -0.334370 -0.137582 0.176150
v -0.312999 -0.137582 0.192549
v -0.288112 -0.137582 0.202857
v -0.209813 -0.137582 0.192549
v -0.172044 -0.137582 0.154780
v 0.429944 0.094588 0.240768
v 0.223571 0.094588 0.275164
v 0.429944 0.094588 0.275164
v 0.429944 -0.094588 0.275164
v 0.223571 -0.094588 0.275164
v 0.429944 -0.094588 0.240768
v 0.179855 0.257966 0.240768
v 0.179855 0.189175 0.240768
v 0.179855 0.257966 0.275164
v 0.179855 0.189175 0.275164
v 0.145459 0.257966 0.275164
v 0.145459 0.189175 0.275164
v 0.145459 0.257966 0.240768
v 0.145459 0.189175 0.240768
v -0.464339 0.189175 0.240769
v -0.292362 0.189175 0.275164
v -0.464339 0.094588 0.240769
v -0.292362 -0.189175 0.275164
v -0.464339 -0.094588 0.240769
v -0.464339 -0.189175 0.240769
v 0.179855 -0.189175 0.240768
v 0.145459 -0.189175 0.240768
v 0.179855 -0.257966 0.240768
v 0.145459 -0.257966 0.240768
v 0.223571 -0.154363 0.275164
v 0.429944 -0.189175 0.275164
v 0.223571 -0.189175 0.275164
v 0.145459 -0.189175 0.275164
v 0.179855 -0.189175 0.275164
v 0.145459 -0.257966 0.275164
v 0.179855 -0.257966 0.275164
v -0.464339 0.094588 0.206373
v -0.464339 -0.094588 0.206373
v -0.464339 0.189175 0.206373
v -0.464339 -0.189175 0.206373
v 0.223571 0.189175 0.275164
v 0.429944 0.189175 0.275164
v 0.103187 0.189175 0.223571
v -0.013837 0.189175 0.275164
v 0.429944 0.189175 0.240768
v -0.103186 0.189175 0.223571
v 0.103187 -0.189175 0.223571
v -0.013837 -0.189175 0.275164
v 0.429944 -0.189175 0.240768
v -0.103186 -0.189175 0.223571
v 0.223571 0.154363 0.275164
v 0.099747 0.158219 0.429944
v 0.107476 0.125339 0.420283
v 0.107476 -0.125339 0.420283
v 0.099747 -0.158219 0.429944
v -0.230450 0.158219 0.429944
v -0.205048 0.154780 0.447141
v -0.230450 -0.158219 0.429944
v -0.205048 -0.154780 0.447141
v 0.063965 0.154780 0.447141
v 0.063965 -0.154780 0.447141
v -0.013837 -0.161525 0.413414
v 0.069255 -0.161525 0.413414
v 0.069255 0.161525 0.413414
v -0.013837 0.161525 0.413414
v -0.154780 -0.034395 0.447141
v -0.154780 0.034396 0.447141
v 0.017198 -0.034395 0.447141
v 0.017198 0.034395 0.447141
v -0.236345 -0.126183 0.415206
v -0.279588 -0.147805 0.307099
v -0.236345 0.126183 0.415206
v -0.279588 0.147805 0.307099
v 0.017198 0.017198 0.515932
v 0.017198 -0.017198 0.515932
v -0.154780 0.017198 0.515932
v -0.154780 -0.017198 0.515932
v 0.103187 -0.189175 0.171977
v 0.103187 -0.189175 0.223571
v 0.103187 0.189175 0.223571
v 0.103187 0.189175 0.171977
v 0.429944 0.189175 0.275164
v 0.429944 0.094588 0.275164
v 0.429944 -0.094588 0.275164
v 0.429944 -0.189175 0.275164
v -0.013837 -0.189175 0.275164
v -0.013837 -0.161525 0.413414
v 0.069255 -0.161525 0.413414
v -0.013837 0.161525 0.413414
v -0.013837 0.189175 0.275164
v 0.069255 0.161525 0.413414
vn -0.4892 0.2064 0.8474
vn -0.2532 -0.2064 0.9451
vn -0.2532 0.2064 0.9451
vn -0.4892 -0.2064 0.8474
vn -0.8474 -0.2064 -0.4892
vn -0.6919 0.2064 -0.6919
vn -0.6919 -0.2064 -0.6919
vn -0.8474 0.2064 -0.4892
vn -0.0000 -0.4104 0.9119
vn 0.2533 -0.2064 0.9451
vn -0.0000 -0.2063 0.9785
vn 0.2360 -0.4104 0.8809
vn 0.9785 0.2064 -0.0000
vn 0.9451 -0.2064 -0.2532
vn 0.9451 0.2064 -0.2533
vn 0.9451 -0.2064 -0.2533
vn 0.9785 -0.2064 -0.0000
vn 0.2533 -0.2064 -0.9451
vn -0.0000 0.2064 -0.9785
vn 0.2533 0.2064 -0.9451
vn -0.0000 -0.2064 -0.9785
vn 0.4559 -0.4104 -0.7898
vn 0.2532 -0.2064 -0.9451
vn 0.4892 -0.2063 -0.8474
vn 0.2360 -0.4104 -0.8808
vn -0.6919 -0.2064 0.6919
vn -0.6919 0.2064 0.6919
vn 0.4892 0.2064 -0.8474
vn 0.2532 0.2064 -0.9451
vn 0.4892 -0.2064 -0.8474
vn -0.9451 0.2064 0.2532
vn -0.7898 0.4104 0.4559
vn -0.8808 0.4104 0.2360
vn -0.8474 0.2063 0.4892
vn -0.4893 -0.2064 0.8474
vn -0.2360 -0.4104 0.8808
vn -0.2532 -0.2063 0.9452
vn -0.4893 -0.2064 0.8473
vn -0.4559 -0.4104 0.7898
vn -0.2533 -0.2064 0.9451
vn -0.0000 0.2064 0.9785
vn -0.2533 0.2064 0.9451
vn -0.0000 -0.2064 0.9785
vn 0.2533 -0.2063 -0.9451
vn 0.2360 -0.4104 -0.8809
vn -0.0000 -0.4104 -0.9119
vn 0.8474 -0.2064 -0.4892
vn 0.6448 -0.4104 -0.6448
vn 0.6919 -0.2063 -0.6919
vn 0.7897 -0.4104 -0.4560
vn 0.4892 -0.2064 0.8474
vn 0.6448 -0.4104 0.6448
vn 0.6919 -0.2063 0.6919
vn 0.4560 -0.4104 0.7897
vn 0.8474 0.2064 -0.4892
vn 0.6919 0.2063 -0.6919
vn -0.9451 -0.2064 -0.2532
vn -0.8474 -0.2064 -0.4893
vn -0.9451 0.2064 -0.2532
vn -0.2360 -0.4104 0.8809
vn 0.8808 -0.4104 -0.2360
vn 0.9452 -0.2063 -0.2532
vn 0.8809 -0.4104 -0.2360
vn 0.9785 -0.2063 -0.0000
vn 0.9119 -0.4104 -0.0000
vn -0.6448 -0.4104 -0.6448
vn -0.6919 -0.2063 -0.6919
vn -0.7897 -0.4104 -0.4560
vn 0.4892 0.2064 0.8474
vn 0.6919 -0.2064 0.6919
vn 0.6919 0.2064 0.6919
vn 0.2533 0.2064 0.9451
vn 0.9451 -0.2064 0.2533
vn 0.8809 -0.4104 0.2360
vn -0.2533 0.2064 -0.9451
vn -0.2533 -0.2064 -0.9451
vn -0.2360 -0.4104 -0.8808
vn -0.4893 -0.2064 -0.8474
vn -0.2532 -0.2063 -0.9452
vn -0.4893 -0.2064 -0.8473
vn -0.4559 -0.4104 -0.7898
vn -0.0000 -0.2063 -0.9785
vn -0.2360 -0.4104 -0.8809
vn -0.8809 -0.4104 0.2360
vn -0.9785 -0.2064 -0.0000
vn -0.9119 -0.4104 -0.0000
vn -0.8808 -0.4104 0.2360
vn -0.9451 -0.2063 0.2533
vn -0.8808 -0.4104 -0.2360
vn -0.9451 -0.2063 -0.2533
vn -0.8809 -0.4104 -0.2360
vn 0.9451 0.2064 0.2533
vn 0.9451 0.2064 0.2532
vn -0.4892 -0.2064 -0.8474
vn -0.4892 0.2064 -0.8474
vn 0.6919 0.2063 0.6919
vn 0.8474 -0.2064 0.4892
vn 0.8474 0.2064 0.4892
vn 0.2532 -0.2064 0.9451
vn 0.2532 0.2064 0.9451
vn -0.8474 0.2064 0.4892
vn -0.8474 -0.2064 0.4892
vn 0.9451 -0.2064 0.2532
vn 0.7898 -0.4104 0.4559
vn 0.8808 -0.4104 0.2360
vn 0.7897 -0.4104 0.4560
vn 0.8474 -0.2063 0.4892
vn 0.9451 0.2064 -0.2532
vn -0.6448 -0.4104 0.6448
vn -0.8474 -0.2063 0.4892
vn -0.7898 -0.4104 0.4559
vn -0.6919 -0.2063 0.6919
vn 0.6919 -0.2064 -0.6919
vn 0.6919 0.2064 -0.6919
vn 0.2360 -0.4104 0.8808
vn 0.4893 -0.2064 0.8474
vn 0.2532 -0.2063 0.9452
vn 0.4559 -0.4104 0.7898
vn -0.9451 -0.2064 0.2533
vn -0.9785 0.2064 -0.0000
vn -0.9451 0.2064 0.2533
vn -0.7897 -0.4104 0.4560
vn -0.9451 -0.2064 0.2532
vn -0.6448 0.4104 0.6448
vn -0.7897 0.4104 0.4560
vn -0.6919 0.2063 0.6919
vn -0.0000 0.4104 0.9119
vn 0.2360 0.4104 0.8809
vn -0.0000 0.2063 0.9785
vn -0.9451 0.2064 -0.2533
vn -0.9451 -0.2064 -0.2533
vn 0.4893 0.2064 -0.8474
vn 0.2360 0.4104 -0.8808
vn 0.4559 0.4104 -0.7898
vn 0.2532 0.2063 -0.9452
vn -0.7898 0.4104 -0.4559
vn -0.8474 0.2063 -0.4892
vn -0.8808 0.4104 -0.2360
vn -0.4560 0.4104 0.7897
vn 0.4559 0.4104 0.7898
vn 0.6448 0.4104 0.6448
vn 0.4560 0.4104 0.7897
vn 0.4892 0.2063 0.8474
vn 0.8808 0.4104 -0.2360
vn 0.9785 0.2063 -0.0000
vn 0.9452 0.2063 -0.2532
vn 0.8809 0.4104 -0.2360
vn 0.9119 0.4104 -0.0000
vn -0.2360 0.4104 -0.8809
vn -0.0000 0.4104 -0.9119
vn -0.2360 0.4104 -0.8808
vn -0.2533 0.2063 -0.9451
vn 0.4560 -0.4104 -0.7897
vn -0.0000 -1.0000 -0.0000
vn -0.7898 -0.4104 -0.4559
vn -0.8474 -0.2063 -0.4892
vn -0.6448 0.4104 -0.6448
vn -0.4560 0.4104 -0.7897
vn -0.6919 0.2063 -0.6919
vn 0.7898 0.4104 0.4559
vn 0.8808 0.4104 0.2360
vn 0.7897 0.4104 0.4560
vn 0.8474 0.2063 0.4892
vn 0.7897 0.4104 -0.4560
vn 0.8474 0.2063 -0.4892
vn -0.7897 0.4104 -0.4560
vn -0.4559 0.4104 0.7898
vn -0.2360 0.4104 0.8808
vn -0.4892 0.2063 0.8474
vn -0.4560 -0.4104 0.7897
vn -0.4560 -0.4104 -0.7897
vn -0.4892 -0.2063 -0.8474
vn -0.9119 0.4104 -0.0000
vn -0.9785 0.2063 -0.0000
vn -0.8809 0.4104 0.2360
vn -0.2532 0.2064 -0.9451
vn -0.4559 0.4104 -0.7898
vn -0.4892 0.2063 -0.8474
vn 0.8474 -0.2063 -0.4892
vn 0.7898 -0.4104 -0.4559
vn 0.6448 0.4104 -0.6448
vn 0.2360 0.4104 0.8808
vn 0.4893 0.2064 0.8474
vn 0.2532 0.2063 0.9452
vn 0.2360 0.4104 -0.8809
vn -0.0000 0.2063 -0.9785
vn -0.8474 0.2064 0.4893
vn -0.0000 1.0000 -0.0000
vn 0.8809 0.4104 0.2360
vn 0.9452 0.2063 0.2532
vn -0.9451 0.2063 -0.2533
vn -0.8809 0.4104 -0.2360
vn -0.2532 -0.2064 -0.9451
vn -0.2360 0.4104 0.8809
vn -0.2533 0.2063 0.9451
vn 0.4560 0.4104 -0.7897
vn 0.4892 0.2063 -0.8474
vn -0.4893 0.2064 0.8474
vn -0.2532 0.2063 0.9452
vn -0.4892 -0.2063 0.8474
vn 0.7898 0.4104 -0.4559
vn 0.4892 -0.2063 0.8474
vn 0.2533 -0.2063 0.9451
vn 0.9451 -0.2063 -0.2533
vn -0.9785 -0.2063 -0.0000
vn -0.9452 -0.2063 0.2532
vn -0.9452 -0.2063 -0.2532
vn 0.8474 0.2064 -0.4893
vn 0.8474 -0.2064 0.4893
vn 0.9451 0.2063 -0.2533
vn 0.9451 0.2063 0.2533
vn -0.9452 0.2063 -0.2532
vn 0.4893 0.2064 -0.8473
vn -0.9659 -0.0000 0.2588
vn -0.5819 -0.0000 0.8133
vn -0.6593 -0.0000 0.7519
vn -0.5819 -0.0000 0.8132
vn -0.9723 -0.0000 0.2339
vn -0.0000 -1.0000 -0.0001
vn -0.0000 0.9487 -0.3162
vn -0.0000 0.9487 -0.3161
vn 0.5000 -0.0000 0.8660
vn 0.7071 -0.0001 0.7071
vn 0.7071 -0.0000 0.7071
vn 0.2588 -0.0000 0.9659
vn -0.5000 -0.0000 0.8660
vn -0.2588 -0.0000 0.9659
vn -0.7071 -0.0000 0.7071
vn -0.7071 0.0001 0.7071
vn -0.8660 -0.0000 0.5000
vn -0.8773 -0.0000 0.4799
vn 0.8660 -0.0000 0.5000
vn 0.7933 -0.0000 0.6088
vn 0.8773 -0.0000 0.4799
vn 0.7934 -0.0000 0.6088
vn -0.5000 -0.0001 0.8660
vn -0.0000 -0.0001 1.0000
vn -0.0000 -0.0000 1.0000
vn -0.0000 0.0001 1.0000
vn 0.2588 -0.0001 0.9659
vn -0.0000 -0.9487 -0.3162
vn -0.0000 -0.9487 -0.3161
vn 0.9659 -0.0000 0.2588
vn 0.9723 -0.0000 0.2339
vn -0.0000 -0.9486 -0.3164
vn -0.9914 -0.0000 0.1305
vn -0.7933 0.0001 0.6088
vn -0.7934 -0.0000 0.6088
vn 0.9914 -0.0000 0.1305
vn 0.7931 -0.0000 0.6090
vn -0.7933 -0.0000 0.6088
vn -0.2588 0.0001 0.9659
vn -0.6593 -0.0000 0.7518
vn -0.6594 -0.0000 0.7518
vn -0.9659 -0.0001 0.2588
vn -0.7931 -0.0000 0.6090
vn -0.7933 -0.0001 0.6088
vn 0.6593 -0.0000 0.7518
vn 0.5819 -0.0000 0.8132
vn 0.6594 -0.0000 0.7518
vn 0.9659 0.0001 0.2588
vn 0.5819 -0.0000 0.8133
vn 0.6593 -0.0000 0.7519
vn -0.8321 -0.0000 -0.5547
vn 0.9487 -0.0000 -0.3162
vn 0.9808 -0.1951 -0.0000
vn 0.7071 -0.7071 -0.0000
vn 0.7071 0.7071 -0.0000
vn 0.3827 0.9239 -0.0000
vn 0.9808 0.1951 -0.0000
vn 0.3827 -0.9239 -0.0000
vn 0.6593 0.0001 0.7518
vn -0.9808 0.1951 -0.0000
vn -0.7071 0.7071 -0.0000
vn -0.9808 0.1951 -0.0001
vn -0.3827 -0.9239 -0.0000
vn -0.7071 -0.7071 -0.0000
vn -0.3827 0.9239 -0.0000
vn -0.7071 0.7071 -0.0001
vn -0.9808 -0.1951 -0.0000
vn -0.0000 -0.0000 -1.0000
vn -0.8660 -0.0000 -0.5000
vn -0.7071 -0.0000 -0.7071
vn -0.5000 -0.0000 -0.8660
vn -0.2588 -0.0000 -0.9659
vn 0.8660 -0.0000 -0.5000
vn 0.9659 -0.0000 -0.2588
vn -0.9979 -0.0000 -0.0654
vn -1.0000 -0.0000 -0.0000
vn 0.2588 -0.0000 -0.9659
vn 0.9979 -0.0000 -0.0654
vn 1.0000 -0.0000 -0.0000
vn 0.5000 -0.0000 -0.8660
vn 0.7071 -0.0000 -0.7071
vn -0.9659 -0.0000 -0.2588
vn 0.1636 -0.1046 0.9810
vn 0.1225 -0.6668 0.7351
vn 0.1225 0.6668 0.7351
vn 0.1636 0.1046 0.9810
vn -0.0000 0.7071 0.7071
vn 0.0003 0.7071 0.7071
vn -0.1961 -0.0000 0.9806
vn -0.6133 -0.0000 0.7898
vn -0.0000 -0.7071 0.7071
vn -0.0003 -0.7071 0.7071
vn 0.0004 -0.7071 0.7071
vn -0.0004 0.7071 0.7071
vn 0.1635 0.1046 0.9810
vn 0.1635 -0.1046 0.9810
vn 0.6359 -0.0000 0.7718
vn 0.7809 -0.0000 0.6247
vn -0.7961 -0.0000 0.6051
vn -0.3032 -0.0000 0.9529
vn 0.2281 -0.0000 0.9736
vn -0.0000 -0.9806 0.1961
vn -0.0000 0.9806 0.1961
vn 0.2281 -0.0001 0.9736
vn -0.9285 -0.0000 0.3714
vn -0.0000 0.9701 0.2425
vn -0.0000 -0.9701 0.2425
vn 0.9871 -0.0000 -0.1602
vt 0.593750 0.218185
vt 0.593750 0.218185
vt 0.593750 0.198205
vt 0.593750 0.085712
vt 0.593750 0.198205
vt 0.593750 0.025000
vt 0.593750 0.025000
vt 0.593750 0.025000
vt 0.593750 0.025000
vt 0.593750 0.225000
vt 0.593750 0.218185
vt 0.593750 0.195000
vt 0.593750 0.189207
vt 0.593750 0.025000
vt 0.593750 0.025000
vt 0.593750 0.025000
vt 0.593750 0.047222
vt 0.593750 0.025000
vt 0.593750 0.025000
vt 0.593750 0.025000
vt 0.593750 0.025000
vt 0.593750 0.025000
vt 0.593750 0.025000
vt 0.593750 0.025000
vt 0.593750 0.025000
vt 0.593750 0.166421
vt 0.593750 0.166421
vt 0.593750 0.025000
vt 0.593750 0.068999
vt 0.593750 0.110000
vt 0.593750 0.076764
vt 0.593750 0.058725
vt 0.593750 0.125000
vt 0.593750 0.069444
vt 0.593750 0.189207
vt 0.593750 0.172224
vt 0.593750 0.225000
vt 0.593750 0.091667
vt 0.593750 0.025000
vt 0.593750 0.025000
vt 0.593750 0.025000
vt 0.593750 0.025000
vt 0.593750 0.025000
vt 0.593750 0.166421
vt 0.593750 0.145208
vt 0.593750 0.198205
vt 0.593750 0.172224
vt 0.593750 0.025000
vt 0.593750 0.025000
vt 0.593750 0.025000
vt 0.593750 0.025000
vt 0.593750 0.025000
vt 0.593750 0.025000
vt 0.593750 0.025000
vt 0.593750 0.025000
vt 0.593750 0.166421
vt 0.593750 0.198205
vt 0.593750 0.218185
vt 0.593750 0.090152
vt 0.593750 0.076764
vt 0.593750 0.068999
vt 0.593750 0.025000
vt 0.593750 0.025000
vt 0.593750 0.025000
vt 0.593750 0.025000
vt 0.593750 0.025000
vt 0.593750 0.025000
vt 0.593750 0.025000
vt 0.593750 0.068999
vt 0.593750 0.076764
vt 0.593750 0.025000
vt 0.593750 0.076764
vt 0.593750 0.058725
vt 0.593750 0.025000
vt 0.593750 0.125000
vt 0.593750 0.125000
vt 0.593750 0.125000
vt 0.593750 0.110000
vt 0.593750 0.110000
vt 0.593750 0.145208
vt 0.593750 0.025000
vt 0.593750 0.047222
vt 0.593750 0.145208
vt 0.593750 0.189207
vt 0.593750 0.195000
vt 0.593750 0.025000
vt 0.593750 0.025000
vt 0.593750 0.025000
vt 0.593750 0.025000
vt 0.593750 0.172224
vt 0.593750 0.145208
vt 0.593750 0.172224
vt 0.593750 0.025000
vt 0.593750 0.025000
vt 0.593750 0.025000
vt 0.593750 0.025000
vt 0.593750 0.025000
vt 0.593750 0.025000
vt 0.593750 0.053449
vt 0.593750 0.025000
vt 0.593750 0.025000
vt 0.593750 0.079960
vt 0.593750 0.102725
vt 0.593750 0.025000
vt 0.593750 0.025000
vt 0.593750 0.025000
vt 0.593750 0.120194
vt 0.593750 0.131175
vt 0.593750 0.025000
vt 0.593750 0.025000
vt 0.593750 0.134920
vt 0.593750 0.131175
vt 0.593750 0.120194
vt 0.593750 0.025000
vt 0.593750 0.025000
vt 0.593750 0.102725
vt 0.593750 0.079960
vt 0.593750 0.025000
vt 0.593750 0.053449
vt 0.593750 0.025000
vt 0.593750 0.025000
vt 0.593750 0.025000
vt 0.593750 0.068999
vt 0.593750 0.110000
vt 0.593750 0.025000
vt 0.593750 0.189207
vt 0.593750 0.025000
vt 0.593750 0.025000
vt 0.593750 0.218185
vt 0.593750 0.090152
vt 0.593750 0.218185
vt 0.593750 0.198205
vt 0.593750 0.198205
vt 0.593750 0.025000
vt 0.593750 0.025000
vt 0.593750 0.025000
vt 0.593750 0.025000
vt 0.593750 0.225000
vt 0.593750 0.218185
vt 0.593750 0.195000
vt 0.593750 0.189207
vt 0.593750 0.025000
vt 0.593750 0.025000
vt 0.593750 0.025000
vt 0.593750 0.047222
vt 0.593750 0.025000
vt 0.593750 0.025000
vt 0.593750 0.025000
vt 0.593750 0.025000
vt 0.593750 0.025000
vt 0.593750 0.025000
vt 0.593750 0.025000
vt 0.593750 0.025000
vt 0.593750 0.166421
vt 0.593750 0.166421
vt 0.593750 0.025000
vt 0.593750 0.068999
vt 0.593750 0.110000
vt 0.593750 0.076764
vt 0.593750 0.058725
vt 0.593750 0.125000
vt 0.593750 0.189207
vt 0.593750 0.172224
vt 0.593750 0.225000
vt 0.593750 0.091667
vt 0.593750 0.025000
vt 0.593750 0.025000
vt 0.593750 0.025000
vt 0.593750 0.025000
vt 0.593750 0.025000
vt 0.593750 0.166421
vt 0.593750 0.145208
vt 0.593750 0.198205
vt 0.593750 0.172224
vt 0.593750 0.025000
vt 0.593750 0.025000
vt 0.593750 0.025000
vt 0.593750 0.025000
vt 0.593750 0.025000
vt 0.593750 0.025000
vt 0.593750 0.025000
vt 0.593750 0.025000
vt 0.593750 0.166421
vt 0.593750 0.198205
vt 0.593750 0.085712
vt 0.593750 0.218185
vt 0.593750 0.076764
vt 0.593750 0.068999
vt 0.593750 0.025000
vt 0.593750 0.025000
vt 0.593750 0.025000
vt 0.593750 0.025000
vt 0.593750 0.025000
vt 0.593750 0.025000
vt 0.593750 0.025000
vt 0.593750 0.068999
vt 0.593750 0.076764
vt 0.593750 0.025000
vt 0.593750 0.076764
vt 0.593750 0.058725
vt 0.593750 0.025000
vt 0.593750 0.125000
vt 0.593750 0.069444
vt 0.593750 0.125000
vt 0.593750 0.125000
vt 0.593750 0.110000
vt 0.593750 0.110000
vt 0.593750 0.145208
vt 0.593750 0.025000
vt 0.593750 0.047222
vt 0.593750 0.145208
vt 0.593750 0.189207
vt 0.593750 0.195000
vt 0.593750 0.025000
vt 0.593750 0.025000
vt 0.593750 0.025000
vt 0.593750 0.025000
vt 0.593750 0.172224
vt 0.593750 0.145208
vt 0.593750 0.172224
vt 0.593750 0.025000
vt 0.593750 0.025000
vt 0.593750 0.025000
vt 0.593750 0.025000
vt 0.593750 0.025000
vt 0.593750 0.025000
vt 0.593750 0.053449
vt 0.593750 0.025000
vt 0.593750 0.025000
vt 0.593750 0.079960
vt 0.593750 0.102725
vt 0.593750 0.025000
vt 0.593750 0.025000
vt 0.593750 0.025000
vt 0.593750 0.120194
vt 0.593750 0.131175
vt 0.593750 0.025000
vt 0.593750 0.025000
vt 0.593750 0.134920
vt 0.593750 0.131175
vt 0.593750 0.120194
vt 0.593750 0.025000
vt 0.593750 0.025000
vt 0.593750 0.102725
vt 0.593750 0.079960
vt 0.593750 0.025000
vt 0.593750 0.053449
vt 0.593750 0.025000
vt 0.593750 0.025000
vt 0.593750 0.025000
vt 0.593750 0.068999
vt 0.593750 0.110000
vt 0.593750 0.025000
vt 0.593750 0.189207
vt 0.593750 0.025000
vt 0.593750 0.025000
vt 0.593750 0.218185
vt 0.593750 0.218185
vt 0.593750 0.198205
vt 0.593750 0.198205
vt 0.593750 0.025000
vt 0.593750 0.025000
vt 0.593750 0.025000
vt 0.593750 0.025000
vt 0.593750 0.225000
vt 0.593750 0.218185
vt 0.593750 0.195000
vt 0.593750 0.189207
vt 0.593750 0.025000
vt 0.593750 0.025000
vt 0.593750 0.025000
vt 0.593750 0.025000
vt 0.593750 0.025000
vt 0.593750 0.025000
vt 0.593750 0.025000
vt 0.593750 0.025000
vt 0.593750 0.025000
vt 0.593750 0.025000
vt 0.593750 0.025000
vt 0.593750 0.166421
vt 0.593750 0.166421
vt 0.593750 0.025000
vt 0.593750 0.068999
vt 0.593750 0.110000
vt 0.593750 0.076764
vt 0.593750 0.058725
vt 0.593750 0.125000
vt 0.593750 0.069444
vt 0.593750 0.189207
vt 0.593750 0.172224
vt 0.593750 0.225000
vt 0.593750 0.091667
vt 0.593750 0.025000
vt 0.593750 0.025000
vt 0.593750 0.025000
vt 0.593750 0.025000
vt 0.593750 0.025000
vt 0.593750 0.166421
vt 0.593750 0.145208
vt 0.593750 0.198205
vt 0.593750 0.172224
vt 0.593750 0.025000
vt 0.593750 0.025000
vt 0.593750 0.025000
vt 0.593750 0.025000
vt 0.593750 0.025000
vt 0.593750 0.025000
vt 0.593750 0.025000
vt 0.593750 0.025000
vt 0.593750 0.166421
vt 0.593750 0.078649
vt 0.593750 0.198205
vt 0.593750 0.218185
vt 0.593750 0.090152
vt 0.593750 0.076764
vt 0.593750 0.068999
vt 0.593750 0.025000
vt 0.593750 0.025000
vt 0.593750 0.025000
vt 0.593750 0.025000
vt 0.593750 0.025000
vt 0.593750 0.025000
vt 0.593750 0.025000
vt 0.593750 0.068999
vt 0.593750 0.076764
vt 0.593750 0.025000
vt 0.593750 0.076764
vt 0.593750 0.058725
vt 0.593750 0.025000
vt 0.593750 0.125000
vt 0.593750 0.125000
vt 0.593750 0.125000
vt 0.593750 0.110000
vt 0.593750 0.110000
vt 0.593750 0.145208
vt 0.593750 0.025000
vt 0.593750 0.047222
vt 0.593750 0.145208
vt 0.593750 0.189207
vt 0.593750 0.195000
vt 0.593750 0.025000
vt 0.593750 0.025000
vt 0.593750 0.025000
vt 0.593750 0.025000
vt 0.593750 0.172224
vt 0.593750 0.145208
vt 0.593750 0.172224
vt 0.593750 0.025000
vt 0.593750 0.025000
vt 0.593750 0.025000
vt 0.593750 0.025000
vt 0.593750 0.025000
vt 0.593750 0.025000
vt 0.593750 0.053449
vt 0.593750 0.025000
vt 0.593750 0.025000
vt 0.593750 0.079960
vt 0.593750 0.102725
vt 0.593750 0.025000
vt 0.593750 0.025000
vt 0.593750 0.025000
vt 0.593750 0.120194
vt 0.593750 0.131175
vt 0.593750 0.025000
vt 0.593750 0.025000
vt 0.593750 0.134920
vt 0.593750 0.131175
vt 0.593750 0.120194
vt 0.593750 0.025000
vt 0.593750 0.025000
vt 0.593750 0.102725
vt 0.593750 0.079960
vt 0.593750 0.025000
vt 0.593750 0.053449
vt 0.593750 0.025000
vt 0.593750 0.025000
vt 0.593750 0.025000
vt 0.593750 0.068999
vt 0.593750 0.110000
vt 0.593750 0.025000
vt 0.593750 0.189207
vt 0.593750 0.025000
vt 0.593750 0.025000
vt 0.593750 0.218185
vt 0.593750 0.090152
vt 0.593750 0.218185
vt 0.593750 0.198205
vt 0.593750 0.198205
vt 0.593750 0.025000
vt 0.593750 0.025000
vt 0.593750 0.025000
vt 0.593750 0.025000
vt 0.593750 0.225000
vt 0.593750 0.218185
vt 0.593750 0.195000
vt 0.593750 0.189207
vt 0.593750 0.025000
vt 0.593750 0.025000
vt 0.593750 0.025000
vt 0.593750 0.047222
vt 0.593750 0.025000
vt 0.593750 0.025000
vt 0.593750 0.025000
vt 0.593750 0.025000
vt 0.593750 0.025000
vt 0.593750 0.025000
vt 0.593750 0.025000
vt 0.593750 0.025000
vt 0.593750 0.166421
vt 0.593750 0.078649
vt 0.593750 0.166421
vt 0.593750 0.025000
vt 0.593750 0.068999
vt 0.593750 0.110000
vt 0.593750 0.076764
vt 0.593750 0.058725
vt 0.593750 0.125000
vt 0.593750 0.189207
vt 0.593750 0.172224
vt 0.593750 0.225000
vt 0.593750 0.091667
vt 0.593750 0.025000
vt 0.593750 0.025000
vt 0.593750 0.025000
vt 0.593750 0.025000
vt 0.593750 0.025000
vt 0.593750 0.166421
vt 0.593750 0.145208
vt 0.593750 0.198205
vt 0.593750 0.172224
vt 0.593750 0.025000
vt 0.593750 0.025000
vt 0.593750 0.025000
vt 0.593750 0.025000
vt 0.593750 0.025000
vt 0.593750 0.025000
vt 0.593750 0.025000
vt 0.593750 0.025000
vt 0.593750 0.166421
vt 0.593750 0.198205
vt 0.593750 0.218185
vt 0.593750 0.076764
vt 0.593750 0.068999
vt 0.593750 0.025000
vt 0.593750 0.025000
vt 0.593750 0.025000
vt 0.593750 0.025000
vt 0.593750 0.025000
vt 0.593750 0.025000
vt 0.593750 0.025000
vt 0.593750 0.068999
vt 0.593750 0.076764
vt 0.593750 0.025000
vt 0.593750 0.076764
vt 0.593750 0.058725
vt 0.593750 0.025000
vt 0.593750 0.125000
vt 0.593750 0.069444
vt 0.593750 0.125000
vt 0.593750 0.125000
vt 0.593750 0.110000
vt 0.593750 0.110000
vt 0.593750 0.145208
vt 0.593750 0.025000
vt 0.593750 0.145208
vt 0.593750 0.189207
vt 0.593750 0.195000
vt 0.593750 0.025000
vt 0.593750 0.025000
vt 0.593750 0.025000
vt 0.593750 0.025000
vt 0.593750 0.172224
vt 0.593750 0.145208
vt 0.593750 0.172224
vt 0.593750 0.025000
vt 0.593750 0.025000
vt 0.593750 0.025000
vt 0.593750 0.025000
vt 0.593750 0.025000
vt 0.593750 0.025000
vt 0.593750 0.053449
vt 0.593750 0.025000
vt 0.593750 0.025000
vt 0.593750 0.079960
vt 0.593750 0.102725
vt 0.593750 0.025000
vt 0.593750 0.025000
vt 0.593750 0.025000
vt 0.593750 0.120194
vt 0.593750 0.131175
vt 0.593750 0.025000
vt 0.593750 0.025000
vt 0.593750 0.134920
vt 0.593750 0.131175
vt 0.593750 0.120194
vt 0.593750 0.025000
vt 0.593750 0.025000
vt 0.593750 0.102725
vt 0.593750 0.079960
vt 0.593750 0.025000
vt 0.593750 0.053449
vt 0.593750 0.025000
vt 0.593750 0.025000
vt 0.593750 0.025000
vt 0.593750 0.068999
vt 0.593750 0.110000
vt 0.593750 0.025000
vt 0.593750 0.189207
vt 0.593750 0.025000
vt 0.593750 0.025000
vt 0.718750 0.062037
vt 0.718750 0.062037
vt 0.718750 0.062176
vt 0.718750 0.062176
vt 0.718750 0.032407
vt 0.718750 0.062037
vt 0.718750 0.032407
vt 0.593750 0.032407
vt 0.718750 0.076111
vt 0.718750 0.047222
vt 0.593750 0.047222
vt 0.718750 0.088077
vt 0.718750 0.058725
vt 0.593750 0.058725
vt 0.718750 0.069444
vt 0.593750 0.069444
vt 0.718750 0.097259
vt 0.718750 0.078649
vt 0.593750 0.078649
vt 0.718750 0.085712
vt 0.593750 0.085712
vt 0.718750 0.103031
vt 0.718750 0.090152
vt 0.593750 0.090152
vt 0.718750 0.105000
vt 0.718750 0.091667
vt 0.593750 0.091667
vt 0.718750 0.090152
vt 0.593750 0.090152
vt 0.718750 0.103031
vt 0.718750 0.085712
vt 0.593750 0.085712
vt 0.718750 0.097259
vt 0.718750 0.078649
vt 0.593750 0.078649
vt 0.718750 0.088077
vt 0.718750 0.069444
vt 0.593750 0.069444
vt 0.718750 0.058725
vt 0.593750 0.058725
vt 0.718750 0.076111
vt 0.718750 0.047222
vt 0.593750 0.047222
vt 0.718750 0.032407
vt 0.593750 0.032407
vt 0.718750 0.047222
vt 0.718750 0.062176
vt 0.718750 0.032407
vt 0.593750 0.032407
vt 0.718750 0.047222
vt 0.718750 0.062176
vt 0.718750 0.076111
vt 0.718750 0.047222
vt 0.593750 0.047222
vt 0.718750 0.088077
vt 0.718750 0.058725
vt 0.593750 0.058725
vt 0.718750 0.069444
vt 0.593750 0.069444
vt 0.718750 0.097259
vt 0.718750 0.078649
vt 0.593750 0.078649
vt 0.718750 0.085712
vt 0.593750 0.085712
vt 0.718750 0.103031
vt 0.718750 0.090152
vt 0.593750 0.090152
vt 0.718750 0.105000
vt 0.718750 0.091667
vt 0.593750 0.091667
vt 0.718750 0.090152
vt 0.593750 0.090152
vt 0.718750 0.103031
vt 0.718750 0.085712
vt 0.593750 0.085712
vt 0.718750 0.097259
vt 0.718750 0.078649
vt 0.593750 0.078649
vt 0.718750 0.088077
vt 0.718750 0.069444
vt 0.593750 0.069444
vt 0.718750 0.058725
vt 0.593750 0.058725
vt 0.718750 0.076111
vt 0.718750 0.047222
vt 0.593750 0.047222
vt 0.718750 0.032407
vt 0.593750 0.032407
vt 0.718750 0.032407
vt 0.718750 0.062037
vt 0.718750 0.062176
vt 0.718750 0.062037
vt 0.718750 0.062176
vt 0.718750 0.076111
vt 0.718750 0.062037
vt 0.718750 0.032407
vt 0.718750 0.062037
vt 0.718750 0.032407
vt 0.593750 0.032407
vt 0.718750 0.047222
vt 0.593750 0.047222
vt 0.718750 0.058725
vt 0.593750 0.058725
vt 0.718750 0.088077
vt 0.718750 0.069444
vt 0.593750 0.069444
vt 0.718750 0.078649
vt 0.593750 0.078649
vt 0.718750 0.097259
vt 0.718750 0.085712
vt 0.593750 0.085712
vt 0.718750 0.103031
vt 0.718750 0.090152
vt 0.593750 0.090152
vt 0.718750 0.091667
vt 0.593750 0.091667
vt 0.718750 0.105000
vt 0.718750 0.090152
vt 0.593750 0.090152
vt 0.718750 0.103031
vt 0.718750 0.085712
vt 0.593750 0.085712
vt 0.718750 0.097259
vt 0.718750 0.078649
vt 0.593750 0.078649
vt 0.718750 0.069444
vt 0.593750 0.069444
vt 0.718750 0.088077
vt 0.718750 0.058725
vt 0.593750 0.058725
vt 0.718750 0.047222
vt 0.593750 0.047222
vt 0.718750 0.076111
vt 0.718750 0.032407
vt 0.593750 0.032407
vt 0.718750 0.062176
vt 0.718750 0.047222
vt 0.718750 0.047222
vt 0.718750 0.032407
vt 0.593750 0.032407
vt 0.718750 0.076111
vt 0.718750 0.062176
vt 0.718750 0.047222
vt 0.593750 0.047222
vt 0.718750 0.058725
vt 0.593750 0.058725
vt 0.718750 0.088077
vt 0.718750 0.069444
vt 0.593750 0.069444
vt 0.718750 0.078649
vt 0.593750 0.078649
vt 0.718750 0.097259
vt 0.718750 0.085712
vt 0.593750 0.085712
vt 0.718750 0.103031
vt 0.718750 0.090152
vt 0.593750 0.090152
vt 0.718750 0.091667
vt 0.593750 0.091667
vt 0.718750 0.105000
vt 0.718750 0.090152
vt 0.593750 0.090152
vt 0.718750 0.103031
vt 0.718750 0.085712
vt 0.593750 0.085712
vt 0.718750 0.097259
vt 0.718750 0.078649
vt 0.593750 0.078649
vt 0.718750 0.069444
vt 0.593750 0.069444
vt 0.718750 0.088077
vt 0.718750 0.058725
vt 0.593750 0.058725
vt 0.718750 0.047222
vt 0.593750 0.047222
vt 0.718750 0.076111
vt 0.718750 0.032407
vt 0.593750 0.032407
vt 0.718750 0.062176
vt 0.718750 0.062037
vt 0.718750 0.032407
vt 0.718750 0.062037
vt 0.718750 0.076852
vt 0.843750 0.326852
vt 0.718750 0.076111
vt 0.718750 0.076852
vt 0.843750 0.326852
vt 0.718750 0.062176
vt 0.718750 0.062037
vt 0.718750 0.062037
vt 0.718750 0.076852
vt 0.843750 0.326852
vt 0.718750 0.062037
vt 0.718750 0.076852
vt 0.843750 0.326852
vt 0.718750 0.062037
vt 0.718750 0.062176
vt 0.718750 0.076111
vt 0.718750 0.076852
vt 0.843750 0.326852
vt 0.718750 0.097259
vt 0.843750 0.347259
vt 0.718750 0.088077
vt 0.843750 0.338077
vt 0.718750 0.103031
vt 0.843750 0.353031
vt 0.718750 0.097259
vt 0.843750 0.347259
vt 0.718750 0.097259
vt 0.843750 0.347259
vt 0.718750 0.103031
vt 0.843750 0.353031
vt 0.718750 0.103031
vt 0.843750 0.353031
vt 0.718750 0.097259
vt 0.843750 0.347259
vt 0.718750 0.088077
vt 0.843750 0.338077
vt 0.718750 0.097259
vt 0.843750 0.347259
vt 0.718750 0.062176
vt 0.718750 0.076111
vt 0.718750 0.076111
vt 0.718750 0.076852
vt 0.843750 0.326852
vt 0.718750 0.088077
vt 0.843750 0.338077
vt 0.718750 0.088077
vt 0.843750 0.338077
vt 0.718750 0.088077
vt 0.843750 0.338077
vt 0.718750 0.105000
vt 0.843750 0.355000
vt 0.718750 0.103031
vt 0.843750 0.353031
vt 0.718750 0.097259
vt 0.843750 0.347259
vt 0.718750 0.088077
vt 0.843750 0.338077
vt 0.718750 0.105000
vt 0.843750 0.355000
vt 0.718750 0.105000
vt 0.843750 0.355000
vt 0.718750 0.062176
vt 0.718750 0.076111
vt 0.718750 0.103031
vt 0.843750 0.353031
vt 0.718750 0.076852
vt 0.843750 0.326852
vt 0.718750 0.076852
vt 0.843750 0.326852
vt 0.718750 0.062037
vt 0.718750 0.076111
vt 0.718750 0.076852
vt 0.843750 0.326852
vt 0.718750 0.062176
vt 0.718750 0.076111
vt 0.718750 0.076852
vt 0.843750 0.326852
vt 0.718750 0.076852
vt 0.843750 0.326852
vt 0.093750 0.275000
vt 0.718750 0.047222
vt 0.718750 0.047222
vt 0.718750 0.076852
vt 0.843750 0.326852
vt 0.718750 0.076852
vt 0.843750 0.326852
vt 0.718750 0.076852
vt 0.843750 0.326852
vt 0.093750 0.275000
vt 0.718750 0.062176
vt 0.718750 0.047222
vt 0.718750 0.047222
vt 0.718750 0.076852
vt 0.843750 0.326852
vt 0.718750 0.076852
vt 0.843750 0.326852
vt 0.718750 0.062176
vt 0.718750 0.076111
vt 0.718750 0.088077
vt 0.843750 0.338077
vt 0.718750 0.097259
vt 0.843750 0.347259
vt 0.718750 0.103031
vt 0.843750 0.353031
vt 0.718750 0.088077
vt 0.843750 0.338077
vt 0.718750 0.103031
vt 0.843750 0.353031
vt 0.718750 0.105000
vt 0.843750 0.355000
vt 0.718750 0.103031
vt 0.843750 0.353031
vt 0.718750 0.076852
vt 0.843750 0.326852
vt 0.718750 0.097259
vt 0.843750 0.347259
vt 0.718750 0.062037
vt 0.718750 0.076852
vt 0.843750 0.326852
vt 0.718750 0.062037
vt 0.718750 0.062037
vt 0.718750 0.062037
vt 0.718750 0.062037
vt 0.718750 0.062037
vt 0.718750 0.062037
vt 0.000000 0.000000
vt 0.718750 0.076852
vt 0.843750 0.326852
vt 0.000000 0.000000
vt 0.718750 0.062037
vt 0.000000 0.000000
vt 0.718750 0.076852
vt 0.843750 0.326852
vt 0.000000 0.000000
vt 0.718750 0.032407
vt 0.718750 0.032407
vt 0.718750 0.062037
vt 0.718750 0.062037
vt 0.718750 0.062037
vt 0.718750 0.032407
vt 0.718750 0.032407
vt 0.718750 0.062037
vt 0.718750 0.032407
vt 0.718750 0.032407
vt 0.718750 0.032407
vt 0.718750 0.032407
vt 0.718750 0.032407
vt 0.593750 0.032407
vt 0.718750 0.032407
vt 0.593750 0.032407
vt 0.718750 0.032407
vt 0.593750 0.032407
vt 0.718750 0.032407
vt 0.593750 0.032407
vt 0.718750 0.032407
vt 0.593750 0.032407
vt 0.718750 0.032407
vt 0.593750 0.032407
vt 0.718750 0.032407
vt 0.593750 0.032407
vt 0.718750 0.032407
vt 0.593750 0.032407
vt 0.593750 0.069444
vt 0.593750 0.085712
vt 0.593750 0.085712
vt 0.593750 0.069444
vt 0.593750 0.078649
vt 0.593750 0.047222
vt 0.593750 0.090152
vt 0.593750 0.078649
vt 0.593750 0.085712
vt 0.593750 0.078649
vt 0.593750 0.090152
vt 0.593750 0.047222
vt 0.593750 0.090152
vt 0.593750 0.069444
vt 0.593750 0.078649
vt 0.593750 0.078649
vt 0.593750 0.085712
vt 0.593750 0.078649
vt 0.593750 0.085712
vt 0.593750 0.090152
vt 0.593750 0.085712
vt 0.593750 0.069444
vt 0.843750 0.356481
vt 0.218750 0.025000
vt 0.000000 0.000000
vt 0.843750 0.371296
vt 0.843750 0.371296
vt 0.843750 0.371296
vt 0.843750 0.371296
vt 0.843750 0.356481
vt 0.218750 0.025000
vt 0.000000 0.000000
vt 0.843750 0.356481
vt 0.843750 0.356481
vt 0.843750 0.371296
vt 0.843750 0.371296
vt 0.093750 0.025000
vt 0.843750 0.371296
vt 0.093750 0.371296
vt 0.843750 0.371296
vt 0.093750 0.371296
vt 0.093750 0.025000
vt 0.843750 0.356481
vt 0.093750 0.356481
vt 0.843750 0.356481
vt 0.093750 0.356481
vt 0.843750 0.356481
vt 0.343750 0.225000
vt 0.843750 0.371296
vt 0.843750 0.356481
vt 0.343750 0.225000
vt 0.843750 0.371296
vt 0.843750 0.356481
vt 0.343750 0.225000
vt 0.843750 0.356481
vt 0.343750 0.225000
vt 0.843750 0.356481
vt 0.843750 0.356481
vt 0.093750 0.356481
vt 0.843750 0.356481
vt 0.843750 0.356481
vt 0.093750 0.356481
vt 0.843750 0.371296
vt 0.843750 0.371296
vt 0.843750 0.371296
vt 0.843750 0.371296
vt 0.093750 0.371296
vt 0.093750 0.025000
vt 0.843750 0.371296
vt 0.093750 0.025000
vt 0.843750 0.371296
vt 0.093750 0.371296
vt 0.843750 0.371296
vt 0.843750 0.341667
vt 0.343750 0.025000
vt 0.843750 0.341667
vt 0.343750 0.025000
vt 0.843750 0.341667
vt 0.343750 0.025000
vt 0.843750 0.341667
vt 0.343750 0.025000
vt 0.843750 0.371296
vt 0.843750 0.371296
vt 0.843750 0.349074
vt 0.843750 0.371296
vt 0.843750 0.356481
vt 0.218750 0.025000
vt 0.843750 0.349074
vt 0.093750 0.475000
vt 0.843750 0.349074
vt 0.843750 0.371296
vt 0.843750 0.356481
vt 0.218750 0.025000
vt 0.843750 0.349074
vt 0.093750 0.475000
vt 0.843750 0.371296
vt 0.843750 0.437963
vt 0.843750 0.433802
vt 0.843750 0.433802
vt 0.843750 0.437963
vt 0.843750 0.437963
vt 0.843750 0.445370
vt 0.843750 0.437963
vt 0.843750 0.445370
vt 0.843750 0.445370
vt 0.843750 0.445370
vt 0.843750 0.430843
vt 0.843750 0.430843
vt 0.843750 0.430843
vt 0.843750 0.430843
vt 0.843750 0.445370
vt 0.093750 0.445370
vt 0.843750 0.445370
vt 0.093750 0.445370
vt 0.843750 0.445370
vt 0.093750 0.445370
vt 0.843750 0.445370
vt 0.093750 0.445370
vt 0.843750 0.431615
vt 0.093750 0.218003
vt 0.843750 0.385051
vt 0.093750 0.069013
vt 0.843750 0.431615
vt 0.093750 0.218003
vt 0.843750 0.385051
vt 0.093750 0.069013
vt 0.093750 0.475000
vt 0.093750 0.475000
vt 0.093750 0.475000
vt 0.093750 0.475000
vt 0.093750 0.275000
vt 0.093750 0.475000
vt 0.093750 0.475000
vt 0.093750 0.275000
vt 0.218750 0.225000
vt 0.218750 0.225000
vt 0.218750 0.225000
vt 0.218750 0.225000
vt 0.093750 0.025000
vt 0.093750 0.215533
vt 0.093750 0.215533
vt 0.093750 0.215533
vt 0.093750 0.025000
vt 0.093750 0.215533
s 0
f 3/3/1 2/2/2 1/1/3
f 2/2/2 3/3/1 4/5/4
f 7/8/5 6/7/6 5/6/7
f 6/7/6 7/8/5 8/9/8
f 11/12/9 10/11/10 9/10/11
f 10/11/10 11/12/9 12/13/12
f 15/16/13 14/15/14 13/14/15
f 14/15/16 15/16/13 16/18/17
f 19/21/18 18/20/19 17/19/20
f 18/20/19 19/21/18 20/22/21
f 22/24/22 19/21/23 21/23/24
f 19/21/23 22/24/22 23/25/25
f 25/27/26 3/3/1 24/26/27
f 3/3/1 25/27/26 4/5/4
f 26/28/28 19/21/23 17/19/29
f 19/21/23 26/28/28 21/23/30
f 29/31/31 28/30/32 27/29/33
f 28/30/32 29/31/31 30/33/34
f 4/5/35 31/35/36 2/2/37
f 31/35/36 4/5/38 32/36/39
f 2/2/40 33/37/41 1/1/42
f 33/37/41 2/2/40 9/10/43
f 23/25/25 20/22/21 19/21/44
f 20/22/21 23/25/45 34/39/46
f 37/42/47 36/41/48 35/40/49
f 36/41/48 37/42/47 38/43/50
f 41/46/51 40/45/52 39/44/53
f 40/45/52 41/46/51 42/47/54
f 44/49/55 35/40/49 43/48/56
f 35/40/49 44/49/55 37/42/47
f 45/50/57 8/9/8 7/8/58
f 8/9/8 45/50/57 46/51/59
f 2/2/40 11/12/9 9/10/11
f 11/12/9 2/2/40 31/35/60
f 16/18/17 47/52/61 14/15/62
f 47/52/63 16/18/64 48/53/65
f 49/54/66 7/8/5 5/6/67
f 7/8/5 49/54/66 50/55/68
f 52/57/69 39/44/70 51/56/71
f 39/44/70 52/57/69 41/46/51
f 33/37/41 10/11/10 53/58/72
f 10/11/10 33/37/41 9/10/43
f 54/60/73 48/53/65 16/18/64
f 48/53/65 54/60/73 55/61/74
f 20/22/21 56/62/75 18/20/19
f 56/62/75 20/22/21 57/63/76
f 59/65/77 58/64/78 57/63/79
f 58/64/80 59/65/77 60/66/81
f 34/39/46 57/63/76 20/22/82
f 57/63/76 34/39/46 59/65/83
f 63/69/84 62/68/85 61/67/86
f 62/68/85 63/69/87 64/70/88
f 65/71/89 62/68/85 45/50/90
f 62/68/85 65/71/91 61/67/86
f 66/72/92 16/18/17 15/16/13
f 16/18/17 66/72/93 54/60/73
f 58/64/94 6/7/6 67/74/95
f 6/7/6 58/64/94 5/6/7
f 51/56/96 69/76/97 68/75/98
f 69/76/97 51/56/96 39/44/53
f 10/11/99 52/57/69 53/58/100
f 52/57/69 10/11/99 41/46/51
f 25/27/26 30/33/101 70/77/102
f 30/33/101 25/27/26 24/26/27
f 54/60/103 71/78/104 55/61/105
f 71/78/106 54/60/103 69/76/107
f 13/14/108 37/42/47 44/49/55
f 37/42/47 13/14/108 14/15/14
f 73/80/109 70/77/110 72/79/111
f 70/77/102 73/80/109 25/27/112
f 35/40/113 26/28/28 43/48/114
f 26/28/28 35/40/113 21/23/30
f 12/13/115 41/46/116 10/11/117
f 41/46/116 12/13/115 42/47/118
f 64/70/119 74/81/120 62/68/85
f 74/81/120 64/70/119 29/31/121
f 72/79/122 64/70/123 63/69/87
f 64/70/123 72/79/111 70/77/110
f 30/33/34 75/83/124 28/30/125
f 75/83/124 30/33/101 24/26/126
f 77/85/127 53/58/72 76/84/128
f 53/58/72 77/85/127 33/37/129
f 62/68/85 46/51/130 45/50/131
f 46/51/130 62/68/85 74/81/120
f 68/75/98 54/60/103 66/72/93
f 54/60/103 68/75/98 69/76/97
f 69/76/97 40/45/52 71/78/104
f 40/45/52 69/76/97 39/44/53
f 26/28/132 79/87/133 78/86/134
f 79/87/133 26/28/132 17/19/135
f 46/51/59 80/88/136 8/9/137
f 80/88/136 46/51/59 81/89/138
f 75/83/124 3/3/1 82/90/139
f 3/3/1 75/83/124 24/26/126
f 84/92/140 51/56/71 83/91/141
f 51/56/71 84/92/142 52/57/143
f 85/93/144 15/16/145 13/14/146
f 15/16/145 85/93/147 86/94/148
f 18/20/19 88/96/149 87/95/150
f 88/96/151 18/20/19 56/62/152
f 36/41/48 21/23/30 35/40/49
f 21/23/30 36/41/48 22/24/153
f 65/71/154 63/69/154 61/67/154
f 63/69/154 65/71/154 50/55/154
f 63/69/154 50/55/154 72/79/154
f 72/79/154 50/55/154 49/54/154
f 72/79/154 49/54/154 73/80/154
f 73/80/154 49/54/154 89/97/154
f 89/97/154 49/54/154 90/98/154
f 91/99/154 73/80/154 89/97/154
f 90/98/154 49/54/154 60/66/154
f 90/98/154 60/66/154 92/100/154
f 92/100/154 60/66/154 93/101/154
f 73/80/154 91/99/154 32/36/154
f 32/36/154 91/99/154 94/102/154
f 32/36/154 94/102/154 95/103/154
f 93/101/154 60/66/154 59/65/154
f 93/101/154 59/65/154 96/104/154
f 96/104/154 59/65/154 97/105/154
f 97/105/154 59/65/154 34/39/154
f 97/105/154 34/39/154 98/106/154
f 32/36/154 95/103/154 31/35/154
f 31/35/154 95/103/154 99/107/154
f 31/35/154 99/107/154 100/108/154
f 98/106/154 34/39/154 23/25/154
f 98/106/154 23/25/154 101/109/154
f 101/109/154 23/25/154 102/110/154
f 31/35/154 100/108/154 11/12/154
f 11/12/154 100/108/154 103/111/154
f 11/12/154 103/111/154 104/112/154
f 11/12/154 104/112/154 12/13/154
f 12/13/154 104/112/154 105/113/154
f 102/110/154 23/25/154 22/24/154
f 102/110/154 22/24/154 106/114/154
f 106/114/154 22/24/154 107/115/154
f 12/13/154 105/113/154 42/47/154
f 42/47/154 105/113/154 108/116/154
f 42/47/154 108/116/154 109/117/154
f 107/115/154 22/24/154 36/41/154
f 42/47/154 109/117/154 40/45/154
f 107/115/154 36/41/154 110/118/154
f 40/45/154 109/117/154 111/119/154
f 110/118/154 36/41/154 112/120/154
f 40/45/154 111/119/154 112/120/154
f 40/45/154 112/120/154 36/41/154
f 40/45/154 36/41/154 38/43/154
f 40/45/154 38/43/154 71/78/154
f 71/78/154 38/43/154 47/52/154
f 71/78/154 47/52/154 55/61/154
f 55/61/154 47/52/154 48/53/154
f 50/55/155 45/50/57 7/8/156
f 45/50/57 50/55/68 65/71/89
f 67/74/95 114/122/157 113/121/158
f 114/122/157 67/74/95 6/7/159
f 116/124/160 66/72/93 115/123/161
f 66/72/93 116/124/162 68/75/163
f 117/125/164 13/14/108 44/49/165
f 13/14/108 117/125/164 85/93/144
f 8/9/8 114/122/157 6/7/159
f 114/122/157 8/9/8 80/88/166
f 82/90/167 1/1/3 118/126/168
f 1/1/3 82/90/167 3/3/169
f 83/91/141 68/75/98 116/124/162
f 68/75/98 83/91/141 51/56/96
f 73/80/109 4/5/4 25/27/112
f 4/5/4 73/80/109 32/36/170
f 60/66/171 5/6/7 58/64/172
f 5/6/67 60/66/171 49/54/66
f 29/31/121 119/127/173 74/81/174
f 119/127/173 29/31/121 27/29/175
f 56/62/176 113/121/177 88/96/151
f 113/121/177 56/62/176 67/74/178
f 14/15/14 38/43/50 37/42/179
f 38/43/180 14/15/14 47/52/61
f 120/128/181 44/49/55 43/48/56
f 44/49/55 120/128/181 117/125/164
f 76/84/182 52/57/183 84/92/140
f 52/57/183 76/84/182 53/58/184
f 17/19/20 87/95/150 79/87/185
f 87/95/150 17/19/20 18/20/186
f 70/77/102 29/31/31 64/70/123
f 29/31/31 70/77/102 30/33/187
f 27/29/188 81/89/188 119/127/188
f 81/89/188 27/29/188 28/30/188
f 81/89/188 28/30/188 80/88/188
f 80/88/188 28/30/188 75/83/188
f 80/88/188 75/83/188 114/122/188
f 114/122/188 75/83/188 82/90/188
f 114/122/188 82/90/188 113/121/188
f 113/121/188 82/90/188 118/126/188
f 113/121/188 118/126/188 88/96/188
f 88/96/188 118/126/188 77/85/188
f 88/96/188 77/85/188 87/95/188
f 87/95/188 77/85/188 76/84/188
f 87/95/188 76/84/188 79/87/188
f 79/87/188 76/84/188 84/92/188
f 79/87/188 84/92/188 78/86/188
f 78/86/188 84/92/188 83/91/188
f 78/86/188 83/91/188 120/128/188
f 120/128/188 83/91/188 116/124/188
f 120/128/188 116/124/188 117/125/188
f 117/125/188 116/124/188 115/123/188
f 117/125/188 115/123/188 85/93/188
f 85/93/188 115/123/188 86/94/188
f 115/123/189 15/16/145 86/94/148
f 15/16/13 115/123/161 66/72/190
f 74/81/120 81/89/138 46/51/191
f 81/89/192 74/81/120 119/127/173
f 57/63/193 67/74/95 56/62/176
f 67/74/95 57/63/193 58/64/94
f 118/126/194 33/37/41 77/85/127
f 33/37/41 118/126/168 1/1/195
f 43/48/114 78/86/196 120/128/181
f 78/86/196 43/48/114 26/28/197
f 123/132/51 122/131/100 121/129/99
f 122/131/100 123/132/51 124/133/69
f 127/136/55 126/135/49 125/134/56
f 126/135/49 127/136/55 128/137/47
f 131/140/127 130/139/42 129/138/129
f 130/139/42 131/140/127 132/141/194
f 135/144/85 134/143/130 133/142/131
f 134/143/130 135/144/85 136/146/120
f 139/149/75 138/148/21 137/147/76
f 138/148/21 139/149/75 140/150/19
f 142/152/177 139/149/176 141/151/178
f 139/149/176 142/152/177 143/153/151
f 145/155/71 123/132/51 144/154/70
f 123/132/51 145/155/71 124/133/69
f 146/156/94 139/149/176 137/147/193
f 139/149/176 146/156/94 141/151/95
f 149/159/103 148/158/106 147/157/105
f 148/158/106 149/159/103 150/161/107
f 124/133/183 151/162/182 122/131/184
f 151/162/182 124/133/183 152/163/140
f 122/131/72 153/164/43 121/129/10
f 153/164/43 122/131/72 129/138/41
f 143/153/149 140/150/19 139/149/152
f 140/150/19 143/153/149 154/166/150
f 157/169/8 156/168/157 155/167/159
f 156/168/157 157/169/137 158/170/166
f 161/173/1 160/172/124 159/171/126
f 160/172/124 161/173/1 162/174/139
f 164/176/5 155/167/6 163/175/7
f 155/167/6 164/176/5 157/169/8
f 165/177/108 128/137/47 127/136/55
f 128/137/47 165/177/108 166/178/14
f 122/131/72 131/140/127 129/138/129
f 131/140/127 122/131/72 151/162/128
f 136/146/120 167/179/138 134/143/191
f 167/179/192 136/146/120 168/180/173
f 169/181/181 127/136/55 125/134/56
f 127/136/55 169/181/181 170/182/164
f 172/184/4 159/171/27 171/183/26
f 159/171/27 172/184/4 161/173/1
f 153/164/43 130/139/42 173/186/40
f 130/139/42 153/164/43 129/138/41
f 174/187/121 168/180/173 136/146/174
f 168/180/173 174/187/121 175/188/175
f 140/150/19 176/189/18 138/148/21
f 176/189/18 140/150/19 177/190/20
f 179/192/133 178/191/132 177/190/135
f 178/191/132 179/192/133 180/193/134
f 154/166/150 177/190/20 140/150/186
f 177/190/20 154/166/150 179/192/185
f 183/196/189 182/195/145 181/194/148
f 182/195/13 183/196/161 184/197/190
f 185/198/144 182/195/145 165/177/146
f 182/195/145 185/198/147 181/194/148
f 186/199/119 136/146/120 135/144/85
f 136/146/120 186/199/119 174/187/121
f 178/191/28 126/135/113 187/201/30
f 126/135/113 178/191/28 125/134/114
f 171/183/26 189/204/101 188/202/102
f 189/204/101 171/183/26 159/171/27
f 130/139/3 172/184/4 173/186/2
f 172/184/4 130/139/3 161/173/1
f 145/155/96 150/161/97 190/205/98
f 150/161/97 145/155/96 144/154/53
f 174/187/31 191/206/32 175/188/33
f 191/206/32 174/187/31 189/204/34
f 133/142/57 157/169/8 164/176/58
f 157/169/8 133/142/57 134/143/59
f 193/208/141 190/205/98 192/207/162
f 190/205/98 193/208/141 145/155/96
f 155/167/6 146/156/94 163/175/7
f 146/156/94 155/167/6 141/151/95
f 132/141/168 161/173/198 130/139/199
f 161/173/198 132/141/168 162/174/167
f 184/197/92 194/209/17 182/195/13
f 194/209/17 184/197/93 149/159/73
f 192/207/160 184/197/93 183/196/161
f 184/197/93 192/207/162 190/205/163
f 150/161/97 195/211/52 148/158/106
f 195/211/52 150/161/97 144/154/53
f 197/213/9 173/186/40 196/212/60
f 173/186/40 197/213/9 153/164/11
f 182/195/13 166/178/14 165/177/15
f 166/178/16 182/195/13 194/209/17
f 188/202/102 174/187/31 186/199/123
f 174/187/31 188/202/102 189/204/187
f 189/204/34 160/172/124 191/206/125
f 160/172/124 189/204/101 159/171/126
f 146/156/78 199/215/77 198/214/81
f 199/215/77 146/156/78 137/147/79
f 166/178/14 200/216/50 128/137/179
f 200/216/180 166/178/14 201/217/61
f 195/211/52 123/132/51 202/218/54
f 123/132/51 195/211/52 144/154/53
f 204/220/170 171/183/26 203/219/109
f 171/183/26 204/220/170 172/184/200
f 205/221/89 135/144/85 133/142/90
f 135/144/85 205/221/91 206/222/86
f 138/148/21 208/224/45 207/223/46
f 208/224/25 138/148/21 176/189/44
f 156/168/157 141/151/95 155/167/159
f 141/151/95 156/168/157 142/152/158
f 185/198/188 183/196/188 181/194/188
f 183/196/188 185/198/188 170/182/188
f 183/196/188 170/182/188 192/207/188
f 192/207/188 170/182/188 169/181/188
f 192/207/188 169/181/188 193/208/188
f 193/208/188 169/181/188 209/225/188
f 209/225/188 169/181/188 210/226/188
f 211/227/188 193/208/188 209/225/188
f 210/226/188 169/181/188 180/193/188
f 210/226/188 180/193/188 212/228/188
f 212/228/188 180/193/188 213/229/188
f 193/208/188 211/227/188 152/163/188
f 152/163/188 211/227/188 214/230/188
f 152/163/188 214/230/188 215/231/188
f 213/229/188 180/193/188 179/192/188
f 213/229/188 179/192/188 216/232/188
f 216/232/188 179/192/188 217/233/188
f 217/233/188 179/192/188 154/166/188
f 217/233/188 154/166/188 218/234/188
f 152/163/188 215/231/188 151/162/188
f 151/162/188 215/231/188 219/235/188
f 151/162/188 219/235/188 220/236/188
f 218/234/188 154/166/188 143/153/188
f 218/234/188 143/153/188 221/237/188
f 221/237/188 143/153/188 222/238/188
f 151/162/188 220/236/188 131/140/188
f 131/140/188 220/236/188 223/239/188
f 131/140/188 223/239/188 224/240/188
f 131/140/188 224/240/188 132/141/188
f 132/141/188 224/240/188 225/241/188
f 222/238/188 143/153/188 142/152/188
f 222/238/188 142/152/188 226/242/188
f 226/242/188 142/152/188 227/243/188
f 132/141/188 225/241/188 162/174/188
f 162/174/188 225/241/188 228/244/188
f 162/174/188 228/244/188 229/245/188
f 227/243/188 142/152/188 156/168/188
f 162/174/188 229/245/188 160/172/188
f 227/243/188 156/168/188 230/246/188
f 160/172/188 229/245/188 231/247/188
f 230/246/188 156/168/188 232/248/188
f 160/172/188 231/247/188 232/248/188
f 160/172/188 232/248/188 156/168/188
f 160/172/188 156/168/188 158/170/188
f 160/172/188 158/170/188 191/206/188
f 191/206/188 158/170/188 167/179/188
f 191/206/188 167/179/188 175/188/188
f 175/188/188 167/179/188 168/180/188
f 170/182/164 165/177/108 127/136/165
f 165/177/108 170/182/201 185/198/144
f 187/201/30 234/250/48 233/249/153
f 234/250/48 187/201/30 126/135/49
f 236/252/111 186/199/123 235/251/87
f 186/199/123 236/252/111 188/202/110
f 237/253/155 133/142/57 164/176/156
f 133/142/57 237/253/155 205/221/89
f 128/137/47 234/250/48 126/135/49
f 234/250/48 128/137/47 200/216/50
f 202/218/118 121/129/99 238/254/115
f 121/129/99 202/218/118 123/132/202
f 203/219/109 188/202/110 236/252/122
f 188/202/102 203/219/109 171/183/112
f 193/208/141 124/133/69 145/155/96
f 124/133/69 193/208/141 152/163/142
f 180/193/196 125/134/114 178/191/197
f 125/134/56 180/193/196 169/181/181
f 149/159/73 239/255/65 194/209/64
f 239/255/65 149/159/73 147/157/74
f 176/189/23 233/249/22 208/224/25
f 233/249/22 176/189/23 187/201/24
f 134/143/59 158/170/136 157/169/137
f 158/170/166 134/143/59 167/179/138
f 240/256/66 164/176/5 163/175/67
f 164/176/5 240/256/66 237/253/68
f 196/212/36 172/184/35 204/220/39
f 172/184/35 196/212/36 173/186/37
f 137/147/76 207/223/46 199/215/83
f 207/223/46 137/147/76 138/148/82
f 190/205/98 149/159/103 184/197/93
f 149/159/103 190/205/98 150/161/97
f 147/157/154 201/217/154 239/255/154
f 201/217/154 147/157/154 148/158/154
f 201/217/154 148/158/154 200/216/154
f 200/216/154 148/158/154 195/211/154
f 200/216/154 195/211/154 234/250/154
f 234/250/154 195/211/154 202/218/154
f 234/250/154 202/218/154 233/249/154
f 233/249/154 202/218/154 238/254/154
f 233/249/154 238/254/154 208/224/154
f 208/224/154 238/254/154 197/213/154
f 208/224/154 197/213/154 207/223/154
f 207/223/154 197/213/154 196/212/154
f 207/223/154 196/212/154 199/215/154
f 199/215/154 196/212/154 204/220/154
f 199/215/154 204/220/154 198/214/154
f 198/214/154 204/220/154 203/219/154
f 198/214/154 203/219/154 240/256/154
f 240/256/154 203/219/154 236/252/154
f 240/256/154 236/252/154 237/253/154
f 237/253/154 236/252/154 235/251/154
f 237/253/154 235/251/154 205/221/154
f 205/221/154 235/251/154 206/222/154
f 235/251/84 135/144/85 206/222/86
f 135/144/85 235/251/87 186/199/88
f 194/209/64 201/217/61 166/178/62
f 201/217/63 194/209/64 239/255/65
f 177/190/29 187/201/30 176/189/23
f 187/201/30 177/190/29 178/191/28
f 238/254/12 153/164/43 197/213/9
f 153/164/43 238/254/115 121/129/203
f 163/175/7 198/214/171 240/256/66
f 198/214/171 163/175/7 146/156/172
f 243/259/1 242/258/2 241/257/3
f 242/258/2 243/259/1 244/260/4
f 247/263/5 246/262/159 245/261/67
f 246/262/159 247/263/5 248/264/8
f 251/267/9 250/266/10 249/265/11
f 250/266/10 251/267/9 252/268/12
f 255/271/13 254/270/16 253/269/15
f 254/270/16 255/271/13 256/272/17
f 259/275/18 258/274/19 257/273/20
f 258/274/19 259/275/18 260/276/21
f 262/278/22 259/275/23 261/277/24
f 259/275/23 262/278/22 263/279/25
f 265/281/26 243/259/1 264/280/27
f 243/259/1 265/281/26 244/260/4
f 266/282/28 259/275/23 257/273/29
f 259/275/23 266/282/28 261/277/30
f 269/285/31 268/284/125 267/283/33
f 268/284/125 269/285/31 270/287/34
f 244/260/35 271/289/36 242/258/37
f 271/289/36 244/260/35 272/290/39
f 242/258/40 273/291/41 241/257/42
f 273/291/41 242/258/40 249/265/43
f 263/279/45 260/276/21 259/275/44
f 260/276/21 263/279/45 274/293/46
f 277/296/47 276/295/48 275/294/49
f 276/295/48 277/296/47 278/297/50
f 281/300/51 280/299/52 279/298/53
f 280/299/52 281/300/51 282/301/54
f 284/303/55 275/294/113 283/302/114
f 275/294/113 284/303/55 277/296/47
f 285/304/57 248/264/8 247/263/5
f 248/264/8 285/304/57 286/305/59
f 242/258/40 251/267/9 249/265/11
f 251/267/9 242/258/40 271/289/60
f 256/272/17 287/306/61 254/270/204
f 287/306/63 256/272/17 288/307/65
f 289/308/66 247/263/5 245/261/67
f 247/263/5 289/308/66 290/309/68
f 292/312/69 279/298/70 291/310/71
f 279/298/70 292/312/69 281/300/51
f 273/291/41 250/266/10 293/313/72
f 250/266/10 273/291/41 249/265/43
f 294/315/73 288/307/65 256/272/64
f 288/307/65 294/315/73 295/316/74
f 260/276/21 296/317/75 258/274/19
f 296/317/75 260/276/21 297/318/76
f 299/320/77 298/319/78 297/318/79
f 298/319/78 299/320/77 300/321/81
f 274/293/46 297/318/76 260/276/82
f 297/318/76 274/293/46 299/320/83
f 303/324/84 302/323/205 301/322/86
f 302/323/85 303/324/87 304/325/206
f 305/326/89 302/323/205 285/304/207
f 302/323/205 305/326/91 301/322/86
f 306/327/92 256/272/17 255/271/13
f 256/272/17 306/327/92 294/315/73
f 298/319/94 246/262/6 307/329/95
f 246/262/6 298/319/94 245/261/7
f 291/310/71 309/331/97 308/330/98
f 309/331/97 291/310/71 279/298/70
f 250/266/99 292/312/69 293/313/100
f 292/312/69 250/266/99 281/300/51
f 265/281/112 270/287/101 310/332/102
f 270/287/101 265/281/112 264/280/126
f 294/315/103 311/333/104 295/316/105
f 311/333/104 294/315/103 309/331/107
f 253/269/108 277/296/47 284/303/208
f 277/296/47 253/269/108 254/270/14
f 313/335/109 310/332/102 312/334/122
f 310/332/102 313/335/109 265/281/112
f 275/294/113 266/282/28 283/302/114
f 266/282/28 275/294/113 261/277/30
f 252/268/115 281/300/116 250/266/117
f 281/300/116 252/268/115 282/301/118
f 304/325/119 314/336/120 302/323/85
f 314/336/120 304/325/123 269/285/121
f 312/334/111 304/325/123 303/324/87
f 304/325/123 312/334/122 310/332/110
f 270/287/101 315/338/124 268/284/125
f 315/338/124 270/287/101 264/280/126
f 317/340/127 293/313/72 316/339/128
f 293/313/72 317/340/127 273/291/129
f 302/323/85 286/305/59 285/304/131
f 286/305/130 302/323/85 314/336/120
f 308/330/98 294/315/103 306/327/93
f 294/315/103 308/330/98 309/331/209
f 309/331/107 280/299/52 311/333/106
f 280/299/52 309/331/97 279/298/53
f 266/282/132 319/342/133 318/341/134
f 319/342/133 266/282/132 257/273/135
f 286/305/59 320/343/166 248/264/137
f 320/343/136 286/305/59 321/344/138
f 315/338/124 243/259/1 322/345/139
f 243/259/1 315/338/124 264/280/126
f 324/347/142 291/310/71 323/346/141
f 291/310/71 324/347/142 292/312/143
f 325/348/144 255/271/13 253/269/210
f 255/271/13 325/348/147 326/349/148
f 258/274/19 328/351/149 327/350/150
f 328/351/151 258/274/19 296/317/152
f 276/295/48 261/277/30 275/294/49
f 261/277/30 276/295/48 262/278/153
f 305/326/154 303/324/154 301/322/154
f 303/324/154 305/326/154 290/309/154
f 303/324/154 290/309/154 312/334/154
f 312/334/154 290/309/154 289/308/154
f 312/334/154 289/308/154 313/335/154
f 313/335/154 289/308/154 329/352/154
f 329/352/154 289/308/154 330/353/154
f 331/354/154 313/335/154 329/352/154
f 330/353/154 289/308/154 300/321/154
f 330/353/154 300/321/154 332/355/154
f 332/355/154 300/321/154 333/356/154
f 313/335/154 331/354/154 272/290/154
f 272/290/154 331/354/154 334/357/154
f 272/290/154 334/357/154 335/358/154
f 333/356/154 300/321/154 299/320/154
f 333/356/154 299/320/154 336/359/154
f 336/359/154 299/320/154 337/360/154
f 337/360/154 299/320/154 274/293/154
f 337/360/154 274/293/154 338/361/154
f 272/290/154 335/358/154 271/289/154
f 271/289/154 335/358/154 339/362/154
f 271/289/154 339/362/154 340/363/154
f 338/361/154 274/293/154 263/279/154
f 338/361/154 263/279/154 341/364/154
f 341/364/154 263/279/154 342/365/154
f 271/289/154 340/363/154 251/267/154
f 251/267/154 340/363/154 343/366/154
f 251/267/154 343/366/154 344/367/154
f 251/267/154 344/367/154 252/268/154
f 252/268/154 344/367/154 345/368/154
f 342/365/154 263/279/154 262/278/154
f 342/365/154 262/278/154 346/369/154
f 346/369/154 262/278/154 347/370/154
f 252/268/154 345/368/154 282/301/154
f 282/301/154 345/368/154 348/371/154
f 282/301/154 348/371/154 349/372/154
f 347/370/154 262/278/154 276/295/154
f 282/301/154 349/372/154 280/299/154
f 347/370/154 276/295/154 350/373/154
f 280/299/154 349/372/154 351/374/154
f 350/373/154 276/295/154 352/375/154
f 280/299/154 351/374/154 352/375/154
f 280/299/154 352/375/154 276/295/154
f 280/299/154 276/295/154 278/297/154
f 280/299/154 278/297/154 311/333/154
f 311/333/154 278/297/154 287/306/154
f 311/333/154 287/306/154 295/316/154
f 295/316/154 287/306/154 288/307/154
f 290/309/68 285/304/57 247/263/156
f 285/304/57 290/309/155 305/326/89
f 307/329/95 354/377/157 353/376/158
f 354/377/157 307/329/95 246/262/159
f 356/379/160 306/327/93 355/378/161
f 306/327/93 356/379/160 308/330/163
f 357/380/201 253/269/108 284/303/165
f 253/269/108 357/380/201 325/348/144
f 248/264/8 354/377/157 246/262/159
f 354/377/157 248/264/8 320/343/166
f 322/345/167 241/257/3 358/381/168
f 241/257/3 322/345/167 243/259/169
f 323/346/141 308/330/163 356/379/162
f 308/330/98 323/346/141 291/310/96
f 313/335/109 244/260/4 265/281/112
f 244/260/4 313/335/109 272/290/170
f 300/321/171 245/261/7 298/319/172
f 245/261/67 300/321/171 289/308/66
f 269/285/121 359/382/173 314/336/174
f 359/382/173 269/285/121 267/283/175
f 296/317/176 353/376/177 328/351/151
f 353/376/177 296/317/176 307/329/178
f 254/270/14 278/297/180 277/296/179
f 278/297/50 254/270/14 287/306/61
f 360/383/181 284/303/55 283/302/56
f 284/303/55 360/383/181 357/380/164
f 316/339/182 292/312/183 324/347/140
f 292/312/183 316/339/182 293/313/184
f 257/273/20 327/350/150 319/342/185
f 327/350/150 257/273/20 258/274/186
f 310/332/102 269/285/31 304/325/123
f 269/285/31 310/332/102 270/287/101
f 267/283/188 321/344/188 359/382/188
f 321/344/188 267/283/188 268/284/188
f 321/344/188 268/284/188 320/343/188
f 320/343/188 268/284/188 315/338/188
f 320/343/188 315/338/188 354/377/188
f 354/377/188 315/338/188 322/345/188
f 354/377/188 322/345/188 353/376/188
f 353/376/188 322/345/188 358/381/188
f 353/376/188 358/381/188 328/351/188
f 328/351/188 358/381/188 317/340/188
f 328/351/188 317/340/188 327/350/188
f 327/350/188 317/340/188 316/339/188
f 327/350/188 316/339/188 319/342/188
f 319/342/188 316/339/188 324/347/188
f 319/342/188 324/347/188 318/341/188
f 318/341/188 324/347/188 323/346/188
f 318/341/188 323/346/188 360/383/188
f 360/383/188 323/346/188 356/379/188
f 360/383/188 356/379/188 357/380/188
f 357/380/188 356/379/188 355/378/188
f 357/380/188 355/378/188 325/348/188
f 325/348/188 355/378/188 326/349/188
f 355/378/189 255/271/13 326/349/148
f 255/271/13 355/378/161 306/327/211
f 314/336/174 321/344/138 286/305/212
f 321/344/192 314/336/174 359/382/173
f 297/318/193 307/329/95 296/317/176
f 307/329/95 297/318/193 298/319/94
f 358/381/194 273/291/41 317/340/127
f 273/291/41 358/381/168 241/257/195
f 283/302/114 318/341/196 360/383/181
f 318/341/196 283/302/114 266/282/197
f 363/387/51 362/386/100 361/384/99
f 362/386/100 363/387/51 364/388/69
f 367/391/55 366/390/113 365/389/114
f 366/390/113 367/391/55 368/392/47
f 371/395/127 370/394/42 369/393/129
f 370/394/42 371/395/127 372/396/194
f 375/399/85 374/398/59 373/397/131
f 374/398/130 375/399/85 376/401/120
f 379/404/75 378/403/21 377/402/76
f 378/403/21 379/404/75 380/405/19
f 382/407/177 379/404/176 381/406/178
f 379/404/176 382/407/177 383/408/151
f 385/411/71 363/387/51 384/409/70
f 363/387/51 385/411/71 364/388/69
f 386/412/94 379/404/176 377/402/193
f 379/404/176 386/412/94 381/406/95
f 389/415/103 388/414/104 387/413/105
f 388/414/104 389/415/103 390/417/107
f 364/388/183 391/418/182 362/386/184
f 391/418/128 364/388/183 392/419/140
f 362/386/72 393/420/43 361/384/10
f 393/420/43 362/386/72 369/393/41
f 383/408/151 380/405/19 379/404/152
f 380/405/19 383/408/149 394/422/150
f 397/425/8 396/424/157 395/423/159
f 396/424/157 397/425/8 398/426/166
f 401/429/1 400/428/124 399/427/126
f 400/428/124 401/429/1 402/430/139
f 404/432/5 395/423/159 403/431/67
f 395/423/159 404/432/5 397/425/8
f 405/433/108 368/392/47 367/391/208
f 368/392/47 405/433/108 406/434/14
f 362/386/72 371/395/127 369/393/129
f 371/395/127 362/386/72 391/418/128
f 376/401/120 407/435/138 374/398/212
f 407/435/192 376/401/174 408/436/173
f 409/437/181 367/391/55 365/389/56
f 367/391/55 409/437/181 410/438/164
f 412/440/4 399/427/27 411/439/26
f 399/427/27 412/440/4 401/429/1
f 393/420/43 370/394/42 413/441/40
f 370/394/42 393/420/43 369/393/41
f 414/442/121 408/436/173 376/401/174
f 408/436/173 414/442/121 415/443/175
f 380/405/19 416/444/18 378/403/21
f 416/444/18 380/405/19 417/445/20
f 419/447/133 418/446/132 417/445/135
f 418/446/213 419/447/133 420/448/134
f 394/422/150 417/445/20 380/405/186
f 417/445/20 394/422/150 419/447/185
f 423/451/189 422/450/13 421/449/148
f 422/450/13 423/451/161 424/452/211
f 425/453/144 422/450/13 405/433/210
f 422/450/13 425/453/147 421/449/148
f 426/454/119 376/401/120 375/399/85
f 376/401/120 426/454/123 414/442/121
f 418/446/28 366/390/113 427/456/30
f 366/390/113 418/446/28 365/389/114
f 411/439/112 429/459/101 428/457/102
f 429/459/101 411/439/112 399/427/126
f 370/394/3 412/440/4 413/441/2
f 412/440/4 370/394/3 401/429/1
f 385/411/71 390/417/97 430/460/98
f 390/417/97 385/411/71 384/409/70
f 414/442/31 431/461/32 415/443/33
f 431/461/125 414/442/31 429/459/34
f 373/397/57 397/425/8 404/432/5
f 397/425/8 373/397/57 374/398/59
f 433/463/141 430/460/163 432/462/160
f 430/460/98 433/463/141 385/411/96
f 395/423/6 386/412/94 403/431/7
f 386/412/94 395/423/6 381/406/95
f 372/396/168 401/429/198 370/394/199
f 401/429/198 372/396/168 402/430/167
f 424/452/92 434/464/17 422/450/13
f 434/464/17 424/452/92 389/415/73
f 432/462/162 424/452/93 423/451/161
f 424/452/93 432/462/160 430/460/163
f 390/417/107 435/465/52 388/414/106
f 435/465/52 390/417/97 384/409/53
f 437/467/9 413/441/40 436/466/60
f 413/441/40 437/467/9 393/420/11
f 422/450/13 406/434/16 405/433/15
f 406/434/16 422/450/13 434/464/17
f 428/457/102 414/442/31 426/454/123
f 414/442/31 428/457/102 429/459/101
f 429/459/101 400/428/124 431/461/32
f 400/428/124 429/459/101 399/427/126
f 386/412/78 439/469/77 438/468/81
f 439/469/77 386/412/78 377/402/79
f 406/434/14 440/470/180 368/392/179
f 440/470/180 406/434/14 441/471/61
f 435/465/52 363/387/51 442/472/54
f 363/387/51 435/465/52 384/409/53
f 444/474/39 411/439/26 443/473/109
f 411/439/26 444/474/170 412/440/200
f 445/475/89 375/399/205 373/397/207
f 375/399/205 445/475/91 446/476/86
f 378/403/21 448/478/45 447/477/46
f 448/478/25 378/403/21 416/444/44
f 396/424/157 381/406/95 395/423/159
f 381/406/95 396/424/157 382/407/158
f 425/453/188 423/451/188 421/449/188
f 423/451/188 425/453/188 410/438/188
f 423/451/188 410/438/188 432/462/188
f 432/462/188 410/438/188 409/437/188
f 432/462/188 409/437/188 433/463/188
f 433/463/188 409/437/188 449/479/188
f 449/479/188 409/437/188 450/480/188
f 451/481/188 433/463/188 449/479/188
f 450/480/188 409/437/188 420/448/188
f 450/480/188 420/448/188 452/482/188
f 452/482/188 420/448/188 453/483/188
f 433/463/188 451/481/188 392/419/188
f 392/419/188 451/481/188 454/484/188
f 392/419/188 454/484/188 455/485/188
f 453/483/188 420/448/188 419/447/188
f 453/483/188 419/447/188 456/486/188
f 456/486/188 419/447/188 457/487/188
f 457/487/188 419/447/188 394/422/188
f 457/487/188 394/422/188 458/488/188
f 392/419/188 455/485/188 391/418/188
f 391/418/188 455/485/188 459/489/188
f 391/418/188 459/489/188 460/490/188
f 458/488/188 394/422/188 383/408/188
f 458/488/188 383/408/188 461/491/188
f 461/491/188 383/408/188 462/492/188
f 391/418/188 460/490/188 371/395/188
f 371/395/188 460/490/188 463/493/188
f 371/395/188 463/493/188 464/494/188
f 371/395/188 464/494/188 372/396/188
f 372/396/188 464/494/188 465/495/188
f 462/492/188 383/408/188 382/407/188
f 462/492/188 382/407/188 466/496/188
f 466/496/188 382/407/188 467/497/188
f 372/396/188 465/495/188 402/430/188
f 402/430/188 465/495/188 468/498/188
f 402/430/188 468/498/188 469/499/188
f 467/497/188 382/407/188 396/424/188
f 402/430/188 469/499/188 400/428/188
f 467/497/188 396/424/188 470/500/188
f 400/428/188 469/499/188 471/501/188
f 470/500/188 396/424/188 472/502/188
f 400/428/188 471/501/188 472/502/188
f 400/428/188 472/502/188 396/424/188
f 400/428/188 396/424/188 398/426/188
f 400/428/188 398/426/188 431/461/188
f 431/461/188 398/426/188 407/435/188
f 431/461/188 407/435/188 415/443/188
f 415/443/188 407/435/188 408/436/188
f 410/438/201 405/433/108 367/391/165
f 405/433/108 410/438/164 425/453/144
f 427/456/30 474/504/48 473/503/153
f 474/504/48 427/456/30 366/390/49
f 476/506/111 426/454/123 475/505/87
f 426/454/123 476/506/122 428/457/110
f 477/507/68 373/397/57 404/432/156
f 373/397/57 477/507/68 445/475/89
f 368/392/47 474/504/48 366/390/49
f 474/504/48 368/392/47 440/470/50
f 442/472/118 361/384/99 478/508/115
f 361/384/99 442/472/118 363/387/202
f 443/473/109 428/457/102 476/506/122
f 428/457/102 443/473/109 411/439/112
f 433/463/141 364/388/69 385/411/96
f 364/388/69 433/463/141 392/419/142
f 420/448/196 365/389/114 418/446/197
f 365/389/56 420/448/196 409/437/181
f 389/415/73 479/509/65 434/464/64
f 479/509/65 389/415/73 387/413/74
f 416/444/23 473/503/22 448/478/25
f 473/503/22 416/444/23 427/456/24
f 374/398/59 398/426/166 397/425/137
f 398/426/136 374/398/59 407/435/138
f 480/510/66 404/432/5 403/431/67
f 404/432/5 480/510/66 477/507/68
f 436/466/36 412/440/35 444/474/39
f 412/440/35 436/466/36 413/441/37
f 377/402/76 447/477/46 439/469/83
f 447/477/46 377/402/76 378/403/82
f 430/460/98 389/415/103 424/452/93
f 389/415/103 430/460/98 390/417/97
f 387/413/154 441/471/154 479/509/154
f 441/471/154 387/413/154 388/414/154
f 441/471/154 388/414/154 440/470/154
f 440/470/154 388/414/154 435/465/154
f 440/470/154 435/465/154 474/504/154
f 474/504/154 435/465/154 442/472/154
f 474/504/154 442/472/154 473/503/154
f 473/503/154 442/472/154 478/508/154
f 473/503/154 478/508/154 448/478/154
f 448/478/154 478/508/154 437/467/154
f 448/478/154 437/467/154 447/477/154
f 447/477/154 437/467/154 436/466/154
f 447/477/154 436/466/154 439/469/154
f 439/469/154 436/466/154 444/474/154
f 439/469/154 444/474/154 438/468/154
f 438/468/154 444/474/154 443/473/154
f 438/468/154 443/473/154 480/510/154
f 480/510/154 443/473/154 476/506/154
f 480/510/154 476/506/154 477/507/154
f 477/507/154 476/506/154 475/505/154
f 477/507/154 475/505/154 445/475/154
f 445/475/154 475/505/154 446/476/154
f 475/505/84 375/399/205 446/476/86
f 375/399/85 475/505/87 426/454/206
f 434/464/17 441/471/61 406/434/204
f 441/471/63 434/464/17 479/509/65
f 417/445/29 427/456/30 416/444/23
f 427/456/30 417/445/29 418/446/28
f 478/508/12 393/420/43 437/467/9
f 393/420/43 478/508/115 361/384/203
f 403/431/7 438/468/171 480/510/66
f 438/468/171 403/431/7 386/412/172
f 483/513/214 482/512/215 481/511/216
f 482/512/217 483/513/214 484/514/218
f 487/517/154 486/516/154 485/515/154
f 486/516/154 487/517/154 481/511/154
f 481/511/154 487/517/154 483/513/154
f 483/513/154 487/517/154 488/519/154
f 488/519/154 487/517/154 489/520/154
f 488/519/154 489/520/154 490/522/154
f 490/522/154 489/520/154 491/523/154
f 490/522/154 491/523/154 492/525/154
f 490/522/154 492/525/154 493/527/154
f 493/527/154 492/525/154 494/528/154
f 493/527/154 494/528/154 495/530/154
f 493/527/154 495/530/154 496/532/154
f 496/532/154 495/530/154 497/533/154
f 496/532/154 497/533/154 498/535/154
f 498/535/154 497/533/154 499/536/154
f 498/535/154 499/536/154 500/538/154
f 498/535/154 500/538/154 501/540/154
f 501/540/154 500/538/154 502/541/154
f 501/540/154 502/541/154 503/543/154
f 503/543/154 502/541/154 504/544/154
f 503/543/154 504/544/154 505/546/154
f 505/546/154 504/544/154 506/547/154
f 505/546/154 506/547/154 507/549/154
f 505/546/154 507/549/154 508/551/154
f 508/551/154 507/549/154 509/552/154
f 508/551/154 509/552/154 510/554/154
f 508/551/154 510/554/154 511/556/154
f 508/551/154 511/556/154 512/557/154
f 511/556/154 510/554/154 513/558/154
f 511/556/154 513/558/154 514/560/154
f 514/560/154 513/558/154 515/561/154
f 515/561/154 513/558/154 516/562/154
f 516/562/154 513/558/154 517/563/154
f 516/562/154 517/563/154 518/565/154
f 518/565/154 517/563/154 519/566/154
f 518/565/154 519/566/154 520/568/154
f 518/565/154 520/568/154 521/570/154
f 521/570/154 520/568/154 522/571/154
f 521/570/154 522/571/154 523/573/154
f 521/570/154 523/573/154 524/575/154
f 524/575/154 523/573/154 525/576/154
f 524/575/154 525/576/154 526/578/154
f 526/578/154 525/576/154 527/579/154
f 526/578/154 527/579/154 528/581/154
f 526/578/154 528/581/154 529/583/154
f 529/583/154 528/581/154 530/584/154
f 529/583/154 530/584/154 531/586/154
f 531/586/154 530/584/154 532/587/154
f 531/586/154 532/587/154 533/589/154
f 533/589/154 532/587/154 534/590/154
f 533/589/154 534/590/154 535/592/154
f 533/589/154 535/592/154 536/594/154
f 536/594/154 535/592/154 537/595/154
f 536/594/154 537/595/154 538/597/154
f 536/594/154 538/597/154 539/599/154
f 536/594/154 539/599/154 540/600/154
f 536/594/219 540/600/219 541/601/219
f 540/600/154 539/599/154 542/602/154
f 545/605/188 544/604/188 543/603/188
f 546/606/188 544/604/188 545/605/188
f 546/606/188 545/605/188 547/607/188
f 548/608/188 544/604/188 546/606/188
f 549/610/188 544/604/188 548/608/188
f 550/612/188 544/604/188 549/610/188
f 550/612/188 551/614/188 544/604/188
f 552/615/188 551/614/188 550/612/188
f 553/617/188 551/614/188 552/615/188
f 553/617/188 554/619/188 551/614/188
f 555/620/188 554/619/188 553/617/188
f 555/620/188 556/622/188 554/619/188
f 557/623/188 556/622/188 555/620/188
f 558/625/188 556/622/188 557/623/188
f 558/625/188 559/627/188 556/622/188
f 560/628/188 559/627/188 558/625/188
f 560/628/188 561/630/188 559/627/188
f 562/631/188 561/630/188 560/628/188
f 562/631/188 563/633/188 561/630/188
f 564/634/188 563/633/188 562/631/188
f 565/636/188 563/633/188 564/634/188
f 565/636/188 566/638/188 563/633/188
f 567/639/188 566/638/188 565/636/188
f 568/641/188 566/638/188 567/639/188
f 566/638/188 568/641/188 569/643/188
f 570/644/188 569/643/188 568/641/188
f 570/644/188 571/646/188 569/643/188
f 570/644/188 572/647/188 571/646/188
f 570/644/188 573/648/188 572/647/188
f 574/649/188 573/648/188 570/644/188
f 574/649/188 575/651/188 573/648/188
f 573/648/188 575/651/188 576/652/188
f 577/653/188 575/651/188 574/649/188
f 578/655/188 575/651/188 577/653/188
f 578/655/188 579/657/188 575/651/188
f 580/658/188 579/657/188 578/655/188
f 581/660/188 579/657/188 580/658/188
f 581/660/188 582/662/188 579/657/188
f 583/663/188 582/662/188 581/660/188
f 583/663/188 584/665/188 582/662/188
f 585/666/188 584/665/188 583/663/188
f 586/668/188 584/665/188 585/666/188
f 586/668/188 587/670/188 584/665/188
f 588/671/188 587/670/188 586/668/188
f 588/671/188 589/673/188 587/670/188
f 590/674/188 589/673/188 588/671/188
f 590/674/188 591/676/188 589/673/188
f 592/677/188 591/676/188 590/674/188
f 593/679/188 591/676/188 592/677/188
f 593/679/188 594/681/188 591/676/188
f 595/682/188 594/681/188 593/679/188
f 596/684/188 594/681/188 595/682/188
f 594/681/188 596/684/188 597/686/188
f 598/687/188 597/686/188 596/684/188
f 598/687/188 599/689/188 597/686/188
f 598/687/188 600/690/188 599/689/188
f 601/691/188 600/690/188 598/687/188
f 600/690/188 601/691/188 602/692/188
f 605/696/220 604/695/220 603/693/220
f 604/695/220 605/696/220 606/698/220
f 606/698/220 605/696/220 607/699/220
f 607/699/220 605/696/220 608/700/220
f 611/704/220 610/703/220 609/701/220
f 610/703/220 611/704/220 612/706/220
f 612/706/220 611/704/220 613/707/220
f 613/707/220 611/704/220 614/708/220
f 614/708/221 611/704/221 615/709/221
f 531/586/222 617/713/223 616/711/222
f 617/713/224 531/586/222 533/589/224
f 501/540/225 619/717/222 618/715/225
f 619/717/222 501/540/225 503/543/222
f 620/719/226 561/630/227 563/633/226
f 561/630/227 620/719/226 621/721/227
f 622/723/225 582/662/222 584/665/225
f 582/662/222 622/723/225 623/725/222
f 624/727/228 591/676/226 594/681/228
f 591/676/226 624/727/229 625/729/226
f 626/731/218 569/643/230 571/646/214
f 569/643/230 626/731/218 627/732/231
f 575/651/232 629/734/233 628/733/234
f 629/734/235 575/651/232 579/657/224
f 629/734/235 579/657/224 630/736/224
f 503/543/222 631/738/224 619/717/222
f 631/738/224 503/543/222 505/546/224
f 632/740/228 563/633/236 566/638/228
f 563/633/226 632/740/228 620/719/226
f 623/725/222 579/657/224 582/662/222
f 579/657/224 623/725/222 630/736/224
f 621/721/227 559/627/237 561/630/227
f 559/627/238 621/721/227 633/742/238
f 633/742/238 556/622/225 559/627/238
f 556/622/225 633/742/238 634/744/225
f 635/746/222 551/614/224 554/619/222
f 551/614/224 635/746/222 636/748/224
f 498/535/238 618/715/225 637/750/238
f 618/715/225 498/535/239 501/540/225
f 638/752/238 584/665/240 587/670/238
f 584/665/225 638/752/238 622/723/225
f 516/562/230 639/754/218 515/561/214
f 639/754/218 516/562/230 640/755/231
f 625/729/226 589/673/227 591/676/226
f 589/673/227 625/729/226 641/756/227
f 644/762/241 643/760/241 642/758/241
f 643/760/241 644/762/241 482/512/241
f 643/760/241 482/512/241 484/514/241
f 643/760/241 484/514/241 645/763/241
f 643/760/242 645/763/242 646/764/242
f 648/767/234 512/557/243 647/766/244
f 512/557/243 648/767/234 508/551/232
f 648/767/245 650/770/245 649/768/245
f 650/770/241 648/767/241 647/766/241
f 650/770/241 647/766/241 651/773/241
f 650/770/241 651/773/241 652/774/241
f 650/770/241 652/774/241 653/775/241
f 653/775/241 652/774/241 639/754/241
f 653/775/241 639/754/241 640/755/241
f 653/775/241 640/755/241 654/777/241
f 544/604/232 606/698/244 543/603/243
f 606/698/244 544/604/232 604/695/234
f 655/779/221 628/733/221 629/734/221
f 628/733/220 655/779/220 656/782/220
f 656/782/220 655/779/220 657/783/220
f 657/783/220 655/779/220 658/784/220
f 658/784/220 655/779/220 659/785/220
f 658/784/220 659/785/220 626/731/220
f 626/731/220 659/785/220 627/732/220
f 627/732/220 659/785/220 660/787/220
f 661/789/244 536/594/232 541/601/243
f 536/594/232 661/789/244 662/790/234
f 518/565/228 664/793/226 663/791/228
f 664/793/226 518/565/228 521/570/226
f 496/532/227 637/750/238 665/795/227
f 637/750/238 496/532/227 498/535/238
f 488/519/230 484/514/218 483/513/214
f 484/514/218 488/519/230 645/763/231
f 515/561/214 652/774/246 514/560/246
f 652/774/246 515/561/214 639/754/218
f 576/652/243 628/733/234 656/782/244
f 628/733/234 576/652/243 575/651/232
f 490/522/228 645/763/231 488/519/230
f 645/763/231 490/522/228 646/764/247
f 646/764/248 490/522/228 666/797/228
f 573/648/249 656/782/244 657/783/249
f 656/782/244 573/648/249 576/652/243
f 524/575/227 668/801/238 667/799/227
f 668/801/238 524/575/227 526/578/238
f 544/604/232 603/693/250 604/695/234
f 603/693/233 544/604/232 551/614/224
f 603/693/235 551/614/224 636/748/224
f 660/787/251 569/643/230 627/732/231
f 569/643/230 660/787/251 566/638/228
f 566/638/228 660/787/248 632/740/228
f 626/731/218 572/647/246 658/784/246
f 572/647/246 626/731/218 571/646/214
f 529/583/225 616/711/222 669/803/225
f 616/711/222 529/583/225 531/586/222
f 649/768/233 508/551/232 648/767/234
f 508/551/232 649/768/235 505/546/224
f 505/546/224 649/768/235 631/738/224
f 670/805/233 536/594/232 662/790/234
f 536/594/232 670/805/233 533/589/224
f 533/589/224 670/805/235 617/713/224
f 641/756/227 587/670/238 589/673/227
f 587/670/238 641/756/252 638/752/238
f 526/578/238 669/803/225 668/801/238
f 669/803/225 526/578/238 529/583/225
f 613/707/218 600/690/253 612/706/217
f 600/690/254 613/707/218 599/689/255
f 651/773/238 514/560/238 652/774/238
f 514/560/238 651/773/238 511/556/238
f 493/527/226 665/795/227 671/807/226
f 665/795/227 493/527/226 496/532/227
f 613/707/218 597/686/230 599/689/214
f 597/686/230 613/707/218 614/708/231
f 647/766/244 511/556/249 651/773/249
f 511/556/249 647/766/244 512/557/243
f 516/562/230 654/777/256 640/755/231
f 654/777/251 516/562/230 518/565/228
f 654/777/248 518/565/228 663/791/228
f 521/570/226 667/799/227 664/793/226
f 667/799/227 521/570/226 524/575/227
f 614/708/231 594/681/228 597/686/230
f 594/681/228 614/708/231 615/709/257
f 594/681/228 615/709/248 624/727/228
f 657/783/238 572/647/238 573/648/238
f 572/647/238 657/783/238 658/784/238
f 634/744/225 554/619/222 556/622/225
f 554/619/222 634/744/225 635/746/222
f 661/789/244 540/600/258 672/809/259
f 540/600/260 661/789/244 541/601/261
f 490/522/228 671/807/226 666/797/228
f 671/807/226 490/522/228 493/527/226
f 662/790/241 673/810/241 670/805/241
f 673/810/241 662/790/241 661/789/241
f 673/810/241 661/789/241 672/809/241
f 673/810/241 672/809/241 674/812/241
f 543/603/243 607/699/262 545/605/263
f 607/699/259 543/603/243 606/698/244
f 481/511/253 675/813/238 486/516/238
f 481/511/253 676/814/238 675/813/238
f 482/512/217 676/814/238 481/511/253
f 644/762/238 676/814/238 482/512/217
f 610/703/238 676/814/238 644/762/238
f 676/814/238 610/703/238 677/815/238
f 612/706/217 677/815/238 610/703/238
f 612/706/217 678/816/238 677/815/238
f 600/690/253 678/816/238 612/706/217
f 678/816/238 600/690/253 602/692/238
f 642/758/264 610/703/264 644/762/264
f 610/703/264 642/758/264 609/701/264
f 605/696/265 679/817/265 608/700/265
f 679/817/265 605/696/265 680/819/265
f 682/824/265 674/812/265 681/822/265
f 674/812/265 682/824/265 673/810/265
f 685/829/266 684/828/267 683/827/266
f 684/828/267 685/829/266 686/830/267
f 687/831/268 546/606/269 547/607/269
f 546/606/269 687/831/268 688/832/268
f 690/834/270 683/827/266 689/833/270
f 683/827/266 690/834/270 685/829/266
f 687/831/268 689/833/270 688/832/268
f 689/833/270 687/831/268 690/834/270
f 684/828/267 542/602/271 539/599/271
f 542/602/271 684/828/267 686/830/267
f 540/600/272 674/812/238 672/809/259
f 674/812/238 540/600/258 685/829/238
f 685/829/238 681/822/238 674/812/238
f 685/829/238 679/817/238 681/822/238
f 685/829/238 608/700/238 679/817/238
f 685/829/238 540/600/258 686/830/238
f 686/830/238 540/600/258 542/602/238
f 690/834/238 608/700/238 685/829/238
f 690/834/238 607/699/259 608/700/238
f 687/831/238 607/699/259 690/834/238
f 547/607/238 607/699/259 687/831/238
f 607/699/259 547/607/238 545/605/258
f 677/815/273 692/836/274 691/835/273
f 692/836/274 677/815/275 678/816/274
f 485/515/276 675/813/277 693/837/277
f 675/813/277 485/515/276 486/516/276
f 602/692/278 692/836/274 678/816/279
f 692/836/274 602/692/278 601/691/278
f 676/814/280 691/835/273 694/838/280
f 691/835/273 676/814/280 677/815/273
f 675/813/277 694/838/280 693/837/277
f 694/838/280 675/813/277 676/814/280
f 570/644/281 695/839/281 574/649/281
f 695/839/281 570/644/281 696/841/281
f 695/839/238 696/841/238 697/843/238
f 694/838/281 697/843/281 696/841/281
f 691/835/281 697/843/281 694/838/281
f 692/836/281 697/843/281 691/835/281
f 601/691/281 697/843/281 692/836/281
f 697/843/281 601/691/281 598/687/281
f 694/838/281 696/841/281 698/845/281
f 694/838/281 698/845/281 487/517/281
f 694/838/281 487/517/281 693/837/281
f 693/837/281 487/517/281 485/515/281
f 698/845/281 696/841/281 699/847/281
f 696/841/281 700/849/281 699/847/281
f 701/851/238 699/847/238 700/849/238
f 699/847/281 701/851/281 510/554/281
f 510/554/281 701/851/281 513/558/281
f 696/841/281 683/827/281 700/849/281
f 700/849/281 683/827/281 538/597/281
f 702/853/281 683/827/281 696/841/281
f 538/597/281 683/827/281 684/828/281
f 538/597/281 684/828/281 539/599/281
f 702/853/281 689/833/281 683/827/281
f 702/853/281 688/832/281 689/833/281
f 702/853/281 546/606/281 688/832/281
f 546/606/281 702/853/281 548/608/281
f 703/855/282 581/661/283 580/659/282
f 581/661/283 703/855/282 384/410/283
f 704/856/284 585/667/285 583/664/284
f 585/667/285 704/856/284 361/385/285
f 593/680/286 426/455/287 595/683/287
f 426/455/287 593/680/286 428/458/286
f 705/857/284 557/624/285 555/621/284
f 557/624/285 705/857/284 121/130/285
f 706/858/282 553/618/283 552/616/282
f 553/618/283 706/858/282 707/859/283
f 509/553/288 699/848/289 510/555/289
f 699/848/289 509/553/288 708/860/288
f 393/421/281 588/672/290 586/669/281
f 588/672/290 393/421/281 709/861/290
f 568/642/291 696/842/292 570/645/292
f 696/842/292 568/642/291 135/145/291
f 596/685/291 697/844/292 598/688/292
f 697/844/292 596/685/291 375/400/291
f 707/859/283 555/621/284 553/618/283
f 555/621/284 707/859/283 705/857/284
f 172/185/293 564/635/294 562/632/293
f 564/635/294 172/185/293 710/862/294
f 711/863/293 592/678/294 590/675/293
f 592/678/294 711/863/293 712/864/294
f 121/130/285 558/626/281 557/624/285
f 558/626/281 121/130/285 153/165/281
f 713/865/290 562/632/293 560/629/290
f 562/632/293 713/865/290 172/185/293
f 592/678/294 428/458/286 593/680/286
f 428/458/286 592/678/294 712/864/294
f 384/410/283 583/664/284 581/661/283
f 583/664/284 384/410/283 704/856/284
f 567/640/287 135/145/291 568/642/291
f 135/145/291 567/640/287 186/200/287
f 389/416/295 580/659/282 578/656/295
f 580/659/282 389/416/295 703/855/282
f 714/866/288 578/656/295 577/654/288
f 578/656/295 714/866/288 389/416/295
f 595/683/287 375/400/291 596/685/291
f 375/400/291 595/683/287 426/455/287
f 709/861/290 590/675/293 588/672/290
f 590/675/293 709/861/290 711/863/293
f 565/637/286 186/200/287 567/640/287
f 186/200/287 565/637/286 188/203/286
f 194/210/288 550/613/295 549/611/288
f 550/613/295 194/210/288 149/160/295
f 564/635/294 188/203/286 565/637/286
f 188/203/286 564/635/294 710/862/294
f 149/160/295 552/616/282 550/613/295
f 552/616/282 149/160/295 706/858/282
f 361/385/285 586/669/281 585/667/285
f 586/669/281 361/385/285 393/421/281
f 537/596/288 700/850/289 538/598/289
f 700/850/289 537/596/288 15/17/288
f 153/165/281 560/629/290 558/626/281
f 560/629/290 153/165/281 713/865/290
f 535/593/295 15/17/288 537/596/288
f 15/17/288 535/593/295 66/73/295
f 74/82/291 513/559/292 701/852/292
f 513/559/292 74/82/291 517/564/291
f 527/580/281 715/867/290 33/38/281
f 715/867/290 527/580/281 525/577/290
f 525/577/290 3/4/293 715/867/290
f 3/4/293 525/577/290 523/574/293
f 532/588/283 716/868/282 534/591/282
f 716/868/282 532/588/283 717/869/283
f 29/32/287 517/564/291 74/82/291
f 517/564/291 29/32/287 519/567/287
f 718/870/294 520/569/286 30/34/286
f 520/569/286 718/870/294 522/572/294
f 30/34/286 519/567/287 29/32/287
f 519/567/287 30/34/286 520/569/286
f 523/574/293 718/870/294 3/4/293
f 718/870/294 523/574/293 522/572/294
f 532/588/283 719/871/284 717/869/283
f 719/871/284 532/588/283 530/585/284
f 528/582/285 33/38/281 53/59/285
f 33/38/281 528/582/285 527/580/281
f 534/591/282 66/73/295 535/593/295
f 66/73/295 534/591/282 716/868/282
f 530/585/284 53/59/285 719/871/284
f 53/59/285 530/585/284 528/582/285
f 700/850/154 74/82/154 701/852/154
f 74/82/154 700/850/154 29/32/154
f 29/32/154 700/850/154 30/34/154
f 30/34/154 700/850/154 718/870/154
f 718/870/154 700/850/154 3/4/154
f 3/4/154 700/850/154 715/867/154
f 715/867/154 700/850/154 33/38/154
f 33/38/154 700/850/154 53/59/154
f 53/59/154 700/850/154 719/871/154
f 719/871/154 700/850/154 717/869/154
f 717/869/154 700/850/154 716/868/154
f 716/868/154 700/850/154 66/73/154
f 66/73/154 700/850/154 15/17/154
f 186/200/188 696/842/188 135/145/188
f 696/842/188 186/200/188 702/854/188
f 702/854/188 186/200/188 188/203/188
f 702/854/188 188/203/188 710/862/188
f 702/854/188 710/862/188 172/185/188
f 702/854/188 172/185/188 713/865/188
f 702/854/188 713/865/188 153/165/188
f 702/854/188 153/165/188 121/130/188
f 702/854/188 121/130/188 705/857/188
f 702/854/188 705/857/188 707/859/188
f 702/854/188 707/859/188 706/858/188
f 702/854/188 706/858/188 149/160/188
f 702/854/188 149/160/188 194/210/188
f 194/210/288 548/609/289 702/854/289
f 548/609/289 194/210/288 549/611/288
f 426/455/188 697/844/188 375/400/188
f 697/844/188 426/455/188 695/840/188
f 695/840/188 426/455/188 428/458/188
f 695/840/188 428/458/188 712/864/188
f 695/840/188 712/864/188 711/863/188
f 695/840/188 711/863/188 709/861/188
f 695/840/188 709/861/188 393/421/188
f 695/840/188 393/421/188 361/385/188
f 695/840/188 361/385/188 704/856/188
f 695/840/188 704/856/188 384/410/188
f 695/840/188 384/410/188 703/855/188
f 695/840/188 703/855/188 389/416/188
f 695/840/188 389/416/188 714/866/188
f 699/848/154 314/337/154 698/846/154
f 314/337/154 699/848/154 269/286/154
f 269/286/154 699/848/154 270/288/154
f 270/288/154 699/848/154 720/872/154
f 720/872/154 699/848/154 721/873/154
f 721/873/154 699/848/154 722/874/154
f 722/874/154 699/848/154 273/292/154
f 273/292/154 699/848/154 293/314/154
f 293/314/154 699/848/154 723/875/154
f 723/875/154 699/848/154 291/311/154
f 291/311/154 699/848/154 724/876/154
f 724/876/154 699/848/154 306/328/154
f 306/328/154 699/848/154 708/860/154
f 714/866/288 574/650/289 695/840/289
f 574/650/289 714/866/288 577/654/288
f 507/550/295 708/860/288 509/553/288
f 708/860/288 507/550/295 306/328/295
f 314/337/291 487/518/292 698/846/292
f 487/518/292 314/337/291 489/521/291
f 499/537/281 722/874/290 273/292/281
f 722/874/290 499/537/281 497/534/290
f 497/534/290 721/873/293 722/874/290
f 721/873/293 497/534/290 495/531/293
f 506/548/282 291/311/283 724/876/282
f 291/311/283 506/548/282 504/545/283
f 269/286/287 489/521/291 314/337/291
f 489/521/291 269/286/287 491/524/287
f 720/872/294 492/526/286 270/288/286
f 492/526/286 720/872/294 494/529/294
f 270/288/286 491/524/287 269/286/287
f 491/524/287 270/288/286 492/526/286
f 504/545/283 723/875/284 291/311/283
f 723/875/284 504/545/283 502/542/284
f 500/539/285 273/292/281 293/314/285
f 273/292/281 500/539/285 499/537/281
f 495/531/293 720/872/294 721/873/293
f 720/872/294 495/531/293 494/529/294
f 506/548/282 306/328/295 507/550/295
f 306/328/295 506/548/282 724/876/282
f 502/542/284 293/314/285 723/875/284
f 293/314/285 502/542/284 500/539/285
f 727/881/154 726/880/296 725/877/297
f 730/884/298 729/883/299 728/882/188
f 733/889/292 732/888/292 731/887/292
f 732/888/292 733/889/292 734/890/292
f 736/894/238 733/889/300 735/892/301
f 733/889/300 736/894/238 734/890/238
f 732/888/281 737/897/281 731/887/281
f 737/897/281 732/888/281 738/899/281
f 741/904/302 740/903/303 739/901/302
f 740/903/303 741/904/302 742/906/303
f 742/906/303 741/904/302 743/907/302
f 742/906/303 743/907/302 744/909/302
f 747/914/281 746/912/281 745/911/281
f 746/912/281 747/914/281 748/915/281
f 749/917/238 728/882/238 729/883/238
f 728/882/238 749/917/238 750/918/238
f 750/918/238 749/917/238 751/919/238
f 754/925/304 753/923/238 752/920/238
f 753/923/238 754/925/304 755/927/305
f 756/928/289 743/907/289 741/904/289
f 743/907/289 756/928/289 757/930/289
f 758/932/289 757/930/289 756/928/289
f 758/932/289 759/934/289 757/930/289
f 609/702/289 759/934/289 758/932/289
f 759/934/289 609/702/289 642/759/289
f 753/923/292 747/914/292 745/911/292
f 747/914/292 753/923/292 755/927/292
f 747/914/154 754/925/306 748/915/154
f 754/925/304 747/914/154 755/927/304
f 760/936/188 732/888/188 734/890/188
f 732/888/188 760/936/188 620/720/188
f 620/720/188 760/936/188 621/722/188
f 621/722/188 760/936/188 761/937/188
f 632/741/188 732/888/188 620/720/188
f 660/788/188 732/888/188 632/741/188
f 660/788/188 738/899/188 732/888/188
f 659/786/188 738/899/188 660/788/188
f 659/786/188 736/894/188 738/899/188
f 762/938/188 736/894/188 659/786/188
f 621/722/188 761/937/188 633/743/188
f 762/938/188 763/939/188 736/894/188
f 633/743/188 761/937/188 634/745/188
f 634/745/188 761/937/188 635/747/188
f 635/747/188 761/937/188 636/749/188
f 636/749/188 761/937/188 603/694/188
f 603/694/188 761/937/188 605/697/188
f 605/697/188 761/937/188 764/940/188
f 765/942/188 763/939/188 762/938/188
f 630/737/188 763/939/188 765/942/188
f 630/737/188 765/942/188 629/735/188
f 655/780/188 629/735/188 765/942/188
f 623/726/188 763/939/188 630/737/188
f 622/724/188 763/939/188 623/726/188
f 638/753/188 763/939/188 622/724/188
f 638/753/188 740/903/188 763/939/188
f 641/757/188 740/903/188 638/753/188
f 625/730/188 740/903/188 641/757/188
f 624/728/188 740/903/188 625/730/188
f 611/705/188 740/903/188 624/728/188
f 611/705/188 624/728/188 615/710/188
f 609/702/188 740/903/188 611/705/188
f 758/932/188 740/903/188 609/702/188
f 740/903/188 758/932/188 739/901/188
f 733/889/300 737/897/188 735/892/300
f 737/897/188 733/889/307 731/887/188
f 654/778/154 766/944/154 653/776/154
f 766/944/154 654/778/154 746/912/154
f 752/920/154 766/944/154 746/912/154
f 746/912/154 654/778/154 745/911/154
f 745/911/154 654/778/154 663/792/154
f 767/945/154 766/944/154 752/920/154
f 745/911/154 663/792/154 664/794/154
f 745/911/154 664/794/154 753/923/154
f 753/923/154 664/794/154 751/919/154
f 751/919/154 664/794/154 667/800/154
f 751/919/154 667/800/154 750/918/154
f 750/918/154 667/800/154 668/802/154
f 750/918/154 668/802/154 669/804/154
f 750/918/154 669/804/154 616/712/154
f 750/918/154 616/712/154 617/714/154
f 750/918/154 617/714/154 670/806/154
f 750/918/154 670/806/154 673/811/154
f 750/918/154 673/811/154 768/946/154
f 767/945/154 769/948/154 766/944/154
f 767/945/154 631/739/154 769/948/154
f 769/948/154 631/739/154 649/769/154
f 769/948/154 649/769/154 650/771/154
f 767/945/154 619/718/154 631/739/154
f 767/945/154 618/716/154 619/718/154
f 767/945/154 637/751/154 618/716/154
f 742/906/154 637/751/154 767/945/154
f 742/906/154 665/796/154 637/751/154
f 742/906/154 671/808/154 665/796/154
f 742/906/154 666/798/154 671/808/154
f 742/906/154 643/761/154 666/798/154
f 666/798/154 643/761/154 646/765/154
f 744/909/154 643/761/154 742/906/154
f 759/934/154 643/761/154 744/909/154
f 643/761/154 759/934/154 642/759/154
f 770/950/238 761/937/238 760/936/238
f 761/937/238 770/950/238 727/881/238
f 727/881/238 770/950/238 726/880/238
f 764/940/292 680/820/292 605/697/292
f 680/820/292 764/940/292 725/877/292
f 729/883/308 725/877/297 726/880/309
f 725/877/297 729/883/308 730/884/298
f 771/951/310 770/950/311 760/936/311
f 770/950/311 771/951/310 772/952/311
f 772/952/311 771/951/310 773/953/311
f 774/954/310 773/953/311 771/951/310
f 751/919/311 773/953/311 774/954/310
f 773/953/311 751/919/311 749/917/311
f 730/884/292 673/811/292 682/825/292
f 673/811/292 730/884/292 768/946/292
f 777/957/312 776/956/313 775/955/312
f 776/956/313 777/957/312 778/958/313
f 779/959/314 774/954/310 771/951/310
f 774/954/310 779/959/314 780/960/314
f 767/945/315 777/957/315 742/906/315
f 777/957/315 767/945/315 778/958/315
f 778/958/315 767/945/315 781/961/315
f 778/958/315 781/961/315 780/960/315
f 780/960/315 781/961/315 782/962/315
f 780/960/315 782/962/315 774/954/315
f 774/954/315 782/962/315 753/923/315
f 774/954/315 753/923/315 751/919/315
f 734/890/316 771/951/316 760/936/316
f 783/963/316 771/951/316 734/890/316
f 783/963/316 779/959/316 771/951/316
f 784/964/316 779/959/316 783/963/316
f 779/959/316 784/964/316 776/956/316
f 763/939/316 776/956/316 784/964/316
f 763/939/316 775/955/316 776/956/316
f 775/955/316 763/939/316 740/903/316
f 786/967/238 778/958/313 785/965/238
f 785/965/238 778/958/313 787/969/238
f 786/967/238 776/956/313 778/958/313
f 787/969/238 778/958/313 780/960/314
f 776/956/313 786/967/238 779/959/317
f 780/960/314 788/971/238 787/969/238
f 779/959/314 788/971/238 780/960/314
f 788/971/238 779/959/314 786/967/238
f 790/975/318 777/957/312 789/973/318
f 789/973/318 777/957/312 791/977/318
f 790/975/318 742/906/303 777/957/312
f 775/955/312 791/977/318 777/957/312
f 742/906/303 790/975/318 740/903/303
f 775/955/312 792/979/318 791/977/318
f 740/903/303 792/979/318 775/955/312
f 792/979/318 740/903/303 790/975/318
f 736/895/289 737/898/289 738/900/289
f 737/898/289 736/895/289 735/893/289
f 754/926/289 746/913/289 748/916/289
f 746/913/289 754/926/289 752/921/289
f 793/981/292 787/970/292 788/972/292
f 787/970/292 793/981/292 794/982/292
f 793/981/319 786/968/319 795/983/319
f 786/968/319 793/981/319 788/972/319
f 796/984/289 786/968/289 785/966/289
f 786/968/289 796/984/289 795/983/289
f 796/984/238 793/981/238 795/983/238
f 793/981/238 796/984/238 794/982/238
f 787/970/320 796/984/320 785/966/320
f 796/984/320 787/970/320 794/982/320
f 797/985/154 769/949/154 650/772/154
f 769/949/154 797/985/154 798/986/154
f 799/987/188 655/781/188 765/943/188
f 655/781/188 799/987/188 800/988/188
f 801/989/292 725/878/292 764/941/292
f 725/878/292 801/989/292 802/990/292
f 803/991/292 768/947/292 730/885/292
f 768/947/292 803/991/292 804/992/292
f 725/879/292 682/826/321 680/821/321
f 682/826/321 725/879/292 730/886/292
f 680/821/321 681/823/265 679/818/265
f 681/823/265 680/821/321 682/826/321
f 744/910/289 757/931/289 759/935/289
f 757/931/289 744/910/289 743/908/289
f 741/905/289 758/933/289 756/929/289
f 758/933/289 741/905/289 739/902/289
f 752/922/315 806/994/315 805/993/315
f 806/994/315 752/922/315 807/995/315
f 807/995/315 752/922/315 753/924/315
f 789/974/318 792/980/318 790/976/318
f 792/980/318 789/974/318 791/978/318
f 810/998/316 809/997/316 808/996/316
f 809/997/316 810/998/316 736/896/316
f 736/896/316 810/998/316 734/891/316
g taxi.001_Mesh
v 0.241427 -0.171978 0.083208
v 0.247279 -0.171978 0.078718
v 0.234768 -0.206373 0.076548
v 0.241427 -0.171978 0.123165
v 0.236937 -0.171978 0.117313
v 0.228781 -0.206373 0.084351
v 0.236937 -0.171978 0.089060
v 0.225018 -0.206373 0.093436
v 0.234115 -0.171978 0.095874
v 0.234115 -0.171978 0.110499
v 0.233152 -0.171978 0.103186
v 0.223734 -0.206373 0.103186
v 0.225018 -0.206373 0.112937
v 0.228781 -0.206373 0.122022
v 0.234768 -0.206373 0.129824
v 0.242570 -0.206373 0.135811
v 0.247279 -0.171978 0.127655
v 0.251656 -0.206373 0.139575
v 0.254093 -0.171978 0.130478
v 0.261406 -0.206373 0.140858
v 0.261406 -0.171978 0.131440
v 0.271156 -0.206373 0.139575
v 0.268718 -0.171978 0.130478
v 0.280242 -0.206373 0.135811
v 0.275533 -0.171978 0.127655
v 0.288044 -0.206373 0.129824
v 0.281384 -0.171978 0.123165
v 0.294031 -0.206373 0.122022
v 0.285874 -0.171978 0.117313
v 0.297794 -0.206373 0.112937
v 0.288697 -0.171978 0.110499
v 0.299078 -0.206373 0.103186
v 0.297794 -0.206373 0.093436
v 0.288697 -0.171978 0.095874
v 0.289660 -0.171978 0.103186
v 0.285874 -0.171978 0.089060
v 0.294031 -0.206373 0.084351
v 0.281384 -0.171978 0.083208
v 0.275533 -0.171978 0.078718
v 0.280242 -0.206373 0.070562
v 0.288044 -0.206373 0.076548
v 0.271156 -0.206373 0.066798
v 0.268718 -0.171978 0.075895
v 0.261406 -0.206373 0.065515
v 0.261406 -0.171978 0.074933
v 0.254093 -0.171978 0.075895
v 0.251656 -0.206373 0.066798
v 0.242570 -0.206373 0.070562
vn -0.0000 -1.0000 -0.0000
vn 0.6820 -0.2641 0.6820
vn 0.4822 -0.2641 0.8353
vn 0.8353 -0.2641 0.4822
vn 0.9316 -0.2641 0.2496
vn 0.8353 -0.2641 0.4823
vn 0.9316 -0.2641 -0.2496
vn 0.9645 -0.2641 -0.0000
vn 0.8353 -0.2641 -0.4823
vn 0.6820 -0.2641 -0.6820
vn 0.8353 -0.2641 -0.4822
vn 0.4822 -0.2641 -0.8353
vn 0.4823 -0.2641 -0.8353
vn 0.2496 -0.2641 -0.9316
vn -0.0000 -0.2641 -0.9645
vn -0.2496 -0.2641 -0.9316
vn -0.4823 -0.2641 -0.8353
vn -0.4822 -0.2641 -0.8353
vn -0.6820 -0.2641 -0.6820
vn -0.8353 -0.2641 -0.4822
vn -0.8353 -0.2641 -0.4823
vn -0.9316 -0.2641 -0.2496
vn -0.9645 -0.2641 -0.0000
vn -0.9316 -0.2641 0.2496
vn -0.8353 -0.2641 0.4823
vn -0.6820 -0.2641 0.6820
vn -0.8353 -0.2641 0.4822
vn -0.4822 -0.2641 0.8353
vn -0.4823 -0.2641 0.8352
vn -0.2496 -0.2641 0.9316
vn -0.4823 -0.2641 0.8353
vn -0.0000 -0.2641 0.9645
vn 0.2496 -0.2641 0.9316
vn 0.4823 -0.2641 0.8353
vt 0.718750 0.025000
vt 0.718750 0.025000
vt 0.718750 0.025000
vt 0.718750 0.063723
vt 0.718750 0.052381
vt 0.718750 0.025000
vt 0.718750 0.025000
vt 0.718750 0.025000
vt 0.718750 0.025000
vt 0.718750 0.039174
vt 0.718750 0.025000
vt 0.718750 0.025000
vt 0.718750 0.043898
vt 0.718750 0.061508
vt 0.718750 0.076631
vt 0.718750 0.088235
vt 0.718750 0.072426
vt 0.718750 0.095529
vt 0.718750 0.077897
vt 0.718750 0.098017
vt 0.718750 0.079763
vt 0.718750 0.095529
vt 0.718750 0.077897
vt 0.718750 0.088235
vt 0.718750 0.072426
vt 0.718750 0.076631
vt 0.718750 0.063723
vt 0.718750 0.061508
vt 0.718750 0.052381
vt 0.718750 0.043898
vt 0.718750 0.039174
vt 0.718750 0.025000
vt 0.718750 0.025000
vt 0.718750 0.025000
vt 0.718750 0.025000
vt 0.718750 0.025000
vt 0.718750 0.025000
vt 0.718750 0.025000
vt 0.718750 0.025000
vt 0.718750 0.025000
vt 0.718750 0.025000
vt 0.718750 0.025000
vt 0.718750 0.025000
vt 0.718750 0.025000
vt 0.718750 0.025000
vt 0.718750 0.025000
vt 0.718750 0.025000
vt 0.718750 0.025000
s 0
f 814/1002/322 811/999/322 812/1000/322
f 813/1001/323 812/1000/324 811/999/323
f 811/999/323 816/1004/325 813/1001/323
f 815/1003/322 811/999/322 814/1002/322
f 815/1003/322 817/1005/322 811/999/322
f 816/1004/325 811/999/323 817/1005/325
f 818/1006/326 817/1005/327 819/1007/326
f 817/1005/327 818/1006/326 816/1004/327
f 820/1008/322 819/1007/322 817/1005/322
f 820/1008/322 817/1005/322 815/1003/322
f 819/1007/322 820/1008/322 821/1009/322
f 820/1008/328 822/1010/329 821/1009/329
f 822/1010/329 820/1008/328 823/1011/328
f 815/1003/330 823/1011/328 820/1008/328
f 823/1011/328 815/1003/330 824/1012/330
f 814/1002/331 824/1012/332 815/1003/332
f 824/1012/332 814/1002/331 825/1013/331
f 814/1002/331 826/1014/333 825/1013/331
f 827/1015/334 828/1016/335 826/1014/334
f 826/1014/333 814/1002/331 827/1015/333
f 828/1016/335 827/1015/334 829/1017/335
f 829/1017/335 830/1018/336 828/1016/335
f 830/1018/336 829/1017/335 831/1019/336
f 831/1019/336 832/1020/337 830/1018/336
f 833/1021/337 834/1022/338 832/1020/337
f 832/1020/337 831/1019/336 833/1021/337
f 834/1022/338 833/1021/337 835/1023/338
f 835/1023/339 836/1024/340 834/1022/339
f 836/1024/340 835/1023/339 837/1025/340
f 837/1025/340 838/1026/341 836/1024/340
f 838/1026/341 837/1025/340 839/1027/341
f 839/1027/342 840/1028/343 838/1026/342
f 841/1029/343 842/1030/344 840/1028/343
f 840/1028/343 839/1027/342 841/1029/343
f 842/1030/344 844/1032/345 843/1031/345
f 844/1032/345 842/1030/344 845/1033/344
f 842/1030/344 841/1029/343 845/1033/344
f 841/1029/322 844/1032/322 845/1033/322
f 846/1034/346 843/1031/345 844/1032/345
f 839/1027/322 844/1032/322 841/1029/322
f 839/1027/322 846/1034/322 844/1032/322
f 837/1025/322 846/1034/322 839/1027/322
f 848/1036/347 847/1035/348 846/1034/348
f 843/1031/345 846/1034/346 847/1035/346
f 837/1025/322 848/1036/322 846/1034/322
f 835/1023/322 849/1037/322 848/1036/322
f 850/1038/349 848/1036/347 849/1037/349
f 848/1036/347 850/1038/349 851/1039/347
f 847/1035/348 848/1036/347 851/1039/347
f 835/1023/322 848/1036/322 837/1025/322
f 849/1037/350 852/1040/351 850/1038/352
f 852/1040/351 849/1037/352 853/1041/351
f 853/1041/351 854/1042/353 852/1040/351
f 856/1044/354 854/1042/353 855/1043/353
f 854/1042/353 853/1041/351 855/1043/353
f 854/1042/353 856/1044/354 857/1045/354
f 856/1044/354 858/1046/355 857/1045/354
f 858/1046/355 856/1044/354 812/1000/355
f 812/1000/324 813/1001/323 858/1046/324
f 829/1017/322 856/1044/322 855/1043/322
f 827/1015/322 812/1000/322 856/1044/322
f 827/1015/322 856/1044/322 829/1017/322
f 831/1019/322 855/1043/322 853/1041/322
f 829/1017/322 855/1043/322 831/1019/322
f 833/1021/322 853/1041/322 849/1037/322
f 831/1019/322 853/1041/322 833/1021/322
f 833/1021/322 849/1037/322 835/1023/322
f 814/1002/322 812/1000/322 827/1015/322
f 822/1010/329 819/1007/326 821/1009/329
f 819/1007/326 822/1010/329 818/1006/326
g taxi.002_Mesh
v 0.318117 -0.206373 0.103186
v 0.316185 -0.206373 0.088508
v 0.316185 -0.206373 0.117864
v 0.310519 -0.206373 0.131542
v 0.310519 -0.206373 0.074831
v 0.301507 -0.206373 0.063085
v 0.301507 -0.206373 0.143287
v 0.299078 -0.206373 0.103186
v 0.297794 -0.206373 0.112937
v 0.289761 -0.206373 0.152300
v 0.294031 -0.206373 0.122022
v 0.288044 -0.206373 0.129824
v 0.276084 -0.206373 0.157965
v 0.280242 -0.206373 0.135811
v 0.271156 -0.206373 0.139575
v 0.261406 -0.206373 0.159898
v 0.261406 -0.206373 0.140858
v 0.246728 -0.206373 0.157965
v 0.251656 -0.206373 0.139575
v 0.242570 -0.206373 0.135811
v 0.233050 -0.206373 0.152300
v 0.234768 -0.206373 0.129824
v 0.228781 -0.206373 0.122022
v 0.221305 -0.206373 0.143287
v 0.221305 -0.206373 0.063085
v 0.225018 -0.206373 0.112937
v 0.223734 -0.206373 0.103186
v 0.212292 -0.206373 0.131542
v 0.212292 -0.206373 0.074831
v 0.206627 -0.206373 0.117864
v 0.206627 -0.206373 0.088508
v 0.204694 -0.206373 0.103186
v 0.225018 -0.206373 0.093436
v 0.228781 -0.206373 0.084351
v 0.233050 -0.206373 0.054073
v 0.234768 -0.206373 0.076548
v 0.242570 -0.206373 0.070562
v 0.251656 -0.206373 0.066798
v 0.246728 -0.206373 0.048407
v 0.261406 -0.206373 0.046475
v 0.261406 -0.206373 0.065515
v 0.276084 -0.206373 0.048407
v 0.271156 -0.206373 0.066798
v 0.280242 -0.206373 0.070562
v 0.288044 -0.206373 0.076548
v 0.289761 -0.206373 0.054073
v 0.294031 -0.206373 0.084351
v 0.297794 -0.206373 0.093436
vn -0.0000 -1.0000 -0.0000
vt 0.718750 0.125000
vt 0.718750 0.099118
vt 0.718750 0.150882
vt 0.718750 0.175000
vt 0.718750 0.075000
vt 0.718750 0.054289
vt 0.718750 0.195711
vt 0.718750 0.125000
vt 0.718750 0.142193
vt 0.718750 0.211602
vt 0.718750 0.158214
vt 0.718750 0.171971
vt 0.718750 0.221593
vt 0.718750 0.182528
vt 0.718750 0.189164
vt 0.718750 0.225000
vt 0.718750 0.191427
vt 0.718750 0.221593
vt 0.718750 0.189164
vt 0.718750 0.182528
vt 0.718750 0.211602
vt 0.718750 0.171971
vt 0.718750 0.158214
vt 0.718750 0.195711
vt 0.718750 0.054289
vt 0.718750 0.142193
vt 0.718750 0.125000
vt 0.718750 0.175000
vt 0.718750 0.075000
vt 0.718750 0.150882
vt 0.718750 0.099118
vt 0.718750 0.125000
vt 0.718750 0.107807
vt 0.718750 0.091786
vt 0.718750 0.038397
vt 0.718750 0.078029
vt 0.718750 0.067472
vt 0.718750 0.060836
vt 0.718750 0.028407
vt 0.718750 0.025000
vt 0.718750 0.058573
vt 0.718750 0.028407
vt 0.718750 0.060836
vt 0.718750 0.067472
vt 0.718750 0.078029
vt 0.718750 0.038397
vt 0.718750 0.091786
vt 0.718750 0.107807
s 0
f 861/1049/356 860/1048/356 859/1047/356
f 860/1048/356 861/1049/356 862/1050/356
f 860/1048/356 862/1050/356 863/1051/356
f 863/1051/356 862/1050/356 864/1052/356
f 864/1052/356 862/1050/356 865/1053/356
f 864/1052/356 865/1053/356 866/1054/356
f 865/1053/356 867/1055/356 866/1054/356
f 867/1055/356 865/1053/356 868/1056/356
f 867/1055/356 868/1056/356 869/1057/356
f 869/1057/356 868/1056/356 870/1058/356
f 870/1058/356 868/1056/356 871/1059/356
f 872/1060/356 871/1059/356 873/1061/356
f 870/1058/356 871/1059/356 872/1060/356
f 873/1061/356 871/1059/356 874/1062/356
f 873/1061/356 874/1062/356 875/1063/356
f 875/1063/356 874/1062/356 876/1064/356
f 877/1065/356 876/1064/356 878/1066/356
f 875/1063/356 876/1064/356 877/1065/356
f 878/1066/356 876/1064/356 879/1067/356
f 880/1068/356 879/1067/356 881/1069/356
f 878/1066/356 879/1067/356 880/1068/356
f 881/1069/356 879/1067/356 882/1070/356
f 881/1069/356 882/1070/356 884/1072/356
f 883/1071/356 882/1070/356 886/1074/356
f 883/1071/356 885/1073/356 882/1070/356
f 884/1072/356 882/1070/356 885/1073/356
f 887/1075/356 886/1074/356 888/1076/356
f 883/1071/356 886/1074/356 887/1075/356
f 887/1075/356 888/1076/356 889/1077/356
f 889/1077/356 888/1076/356 890/1078/356
f 883/1071/356 891/1079/356 885/1073/356
f 883/1071/356 892/1080/356 891/1079/356
f 893/1081/356 892/1080/356 883/1071/356
f 893/1081/356 894/1082/356 892/1080/356
f 893/1081/356 895/1083/356 894/1082/356
f 897/1085/356 896/1084/356 895/1083/356
f 897/1085/356 895/1083/356 893/1081/356
f 898/1086/356 896/1084/356 897/1085/356
f 898/1086/356 899/1087/356 896/1084/356
f 898/1086/356 901/1089/356 899/1087/356
f 900/1088/356 901/1089/356 898/1086/356
f 900/1088/356 902/1090/356 901/1089/356
f 900/1088/356 903/1091/356 902/1090/356
f 904/1092/356 903/1091/356 900/1088/356
f 904/1092/356 905/1093/356 903/1091/356
f 904/1092/356 906/1094/356 905/1093/356
f 864/1052/356 906/1094/356 904/1092/356
f 864/1052/356 866/1054/356 906/1094/356
g taxi.003_Mesh
v 0.281384 0.171977 0.083208
v 0.275533 0.171977 0.078718
v 0.288044 0.206373 0.076548
v 0.281384 0.171977 0.123165
v 0.285874 0.171977 0.117313
v 0.294031 0.206373 0.084351
v 0.285874 0.171977 0.089060
v 0.297794 0.206373 0.093436
v 0.288697 0.171977 0.095874
v 0.288697 0.171977 0.110499
v 0.289660 0.171977 0.103186
v 0.299078 0.206373 0.103186
v 0.297794 0.206373 0.112937
v 0.294031 0.206373 0.122022
v 0.288044 0.206373 0.129824
v 0.280242 0.206373 0.135811
v 0.275533 0.171977 0.127655
v 0.271156 0.206373 0.139575
v 0.268718 0.171977 0.130478
v 0.261406 0.206373 0.140858
v 0.261406 0.171977 0.131440
v 0.251656 0.206373 0.139575
v 0.254093 0.171977 0.130478
v 0.242570 0.206373 0.135811
v 0.247279 0.171977 0.127655
v 0.234768 0.206373 0.129824
v 0.241427 0.171977 0.123165
v 0.228781 0.206373 0.122022
v 0.236937 0.171977 0.117313
v 0.225018 0.206373 0.112937
v 0.234115 0.171977 0.110499
v 0.223734 0.206373 0.103186
v 0.225018 0.206373 0.093436
v 0.234115 0.171977 0.095874
v 0.233152 0.171977 0.103186
v 0.236937 0.171977 0.089060
v 0.228781 0.206373 0.084351
v 0.241427 0.171977 0.083208
v 0.247279 0.171977 0.078718
v 0.242570 0.206373 0.070562
v 0.234768 0.206373 0.076548
v 0.251656 0.206373 0.066798
v 0.254093 0.171977 0.075895
v 0.261406 0.206373 0.065515
v 0.261406 0.171977 0.074933
v 0.268718 0.171977 0.075895
v 0.271156 0.206373 0.066798
v 0.280242 0.206373 0.070562
vn -0.0000 1.0000 -0.0000
vn -0.6820 0.2641 0.6820
vn -0.4822 0.2641 0.8353
vn -0.8353 0.2641 0.4822
vn -0.9316 0.2641 0.2496
vn -0.8353 0.2641 0.4823
vn -0.9316 0.2641 -0.2496
vn -0.9645 0.2641 -0.0000
vn -0.8353 0.2641 -0.4823
vn -0.6820 0.2641 -0.6820
vn -0.8353 0.2641 -0.4822
vn -0.4822 0.2641 -0.8353
vn -0.4823 0.2641 -0.8353
vn -0.2496 0.2641 -0.9316
vn -0.0000 0.2641 -0.9645
vn 0.2496 0.2641 -0.9316
vn 0.4823 0.2641 -0.8353
vn 0.4822 0.2641 -0.8353
vn 0.6820 0.2641 -0.6820
vn 0.8353 0.2641 -0.4822
vn 0.8353 0.2641 -0.4823
vn 0.9316 0.2641 -0.2496
vn 0.9645 0.2641 -0.0000
vn 0.9316 0.2641 0.2496
vn 0.8353 0.2641 0.4823
vn 0.6820 0.2641 0.6820
vn 0.8353 0.2641 0.4822
vn 0.4822 0.2641 0.8353
vn 0.4823 0.2641 0.8353
vn 0.2496 0.2641 0.9316
vn -0.0000 0.2641 0.9645
vn -0.2496 0.2641 0.9316
vn -0.4823 0.2641 0.8353
vt 0.718750 0.025000
vt 0.718750 0.025000
vt 0.718750 0.025000
vt 0.718750 0.063723
vt 0.718750 0.052381
vt 0.718750 0.025000
vt 0.718750 0.025000
vt 0.718750 0.025000
vt 0.718750 0.025000
vt 0.718750 0.039174
vt 0.718750 0.025000
vt 0.718750 0.025000
vt 0.718750 0.043898
vt 0.718750 0.061508
vt 0.718750 0.076631
vt 0.718750 0.088235
vt 0.718750 0.072426
vt 0.718750 0.095529
vt 0.718750 0.077897
vt 0.718750 0.098017
vt 0.718750 0.079763
vt 0.718750 0.095529
vt 0.718750 0.077897
vt 0.718750 0.088235
vt 0.718750 0.072426
vt 0.718750 0.076631
vt 0.718750 0.063723
vt 0.718750 0.061508
vt 0.718750 0.052381
vt 0.718750 0.043898
vt 0.718750 0.039174
vt 0.718750 0.025000
vt 0.718750 0.025000
vt 0.718750 0.025000
vt 0.718750 0.025000
vt 0.718750 0.025000
vt 0.718750 0.025000
vt 0.718750 0.025000
vt 0.718750 0.025000
vt 0.718750 0.025000
vt 0.718750 0.025000
vt 0.718750 0.025000
vt 0.718750 0.025000
vt 0.718750 0.025000
vt 0.718750 0.025000
vt 0.718750 0.025000
vt 0.718750 0.025000
vt 0.718750 0.025000
s 0
f 910/1098/357 907/1095/357 908/1096/357
f 909/1097/358 908/1096/359 907/1095/358
f 907/1095/358 912/1100/360 909/1097/358
f 911/1099/357 907/1095/357 910/1098/357
f 911/1099/357 913/1101/357 907/1095/357
f 912/1100/360 907/1095/358 913/1101/360
f 914/1102/361 913/1101/362 915/1103/361
f 913/1101/362 914/1102/361 912/1100/362
f 916/1104/357 915/1103/357 913/1101/357
f 916/1104/357 913/1101/357 911/1099/357
f 915/1103/357 916/1104/357 917/1105/357
f 916/1104/363 918/1106/364 917/1105/364
f 918/1106/364 916/1104/363 919/1107/363
f 911/1099/365 919/1107/363 916/1104/363
f 919/1107/363 911/1099/365 920/1108/365
f 910/1098/366 920/1108/367 911/1099/367
f 920/1108/367 910/1098/366 921/1109/366
f 910/1098/366 922/1110/368 921/1109/366
f 923/1111/369 924/1112/370 922/1110/369
f 922/1110/368 910/1098/366 923/1111/368
f 924/1112/370 923/1111/369 925/1113/370
f 925/1113/370 926/1114/371 924/1112/370
f 926/1114/371 925/1113/370 927/1115/371
f 927/1115/371 928/1116/372 926/1114/371
f 929/1117/372 930/1118/373 928/1116/372
f 928/1116/372 927/1115/371 929/1117/372
f 930/1118/373 929/1117/372 931/1119/373
f 931/1119/374 932/1120/375 930/1118/374
f 932/1120/375 931/1119/374 933/1121/375
f 933/1121/375 934/1122/376 932/1120/375
f 934/1122/376 933/1121/375 935/1123/376
f 935/1123/377 936/1124/378 934/1122/377
f 937/1125/378 938/1126/379 936/1124/378
f 936/1124/378 935/1123/377 937/1125/378
f 938/1126/379 940/1128/380 939/1127/380
f 940/1128/380 938/1126/379 941/1129/379
f 938/1126/379 937/1125/378 941/1129/379
f 937/1125/357 940/1128/357 941/1129/357
f 942/1130/381 939/1127/380 940/1128/380
f 935/1123/357 940/1128/357 937/1125/357
f 935/1123/357 942/1130/357 940/1128/357
f 933/1121/357 942/1130/357 935/1123/357
f 944/1132/382 943/1131/383 942/1130/383
f 939/1127/380 942/1130/381 943/1131/381
f 933/1121/357 944/1132/357 942/1130/357
f 931/1119/357 945/1133/357 944/1132/357
f 946/1134/384 944/1132/382 945/1133/384
f 944/1132/382 946/1134/384 947/1135/382
f 943/1131/383 944/1132/382 947/1135/382
f 931/1119/357 944/1132/357 933/1121/357
f 945/1133/385 948/1136/386 946/1134/385
f 948/1136/386 945/1133/385 949/1137/386
f 949/1137/386 950/1138/387 948/1136/386
f 952/1140/388 950/1138/387 951/1139/387
f 950/1138/387 949/1137/386 951/1139/387
f 950/1138/387 952/1140/388 953/1141/388
f 952/1140/388 954/1142/389 953/1141/388
f 954/1142/389 952/1140/388 908/1096/389
f 908/1096/359 909/1097/358 954/1142/359
f 925/1113/357 952/1140/357 951/1139/357
f 923/1111/357 908/1096/357 952/1140/357
f 923/1111/357 952/1140/357 925/1113/357
f 927/1115/357 951/1139/357 949/1137/357
f 925/1113/357 951/1139/357 927/1115/357
f 929/1117/357 949/1137/357 945/1133/357
f 927/1115/357 949/1137/357 929/1117/357
f 929/1117/357 945/1133/357 931/1119/357
f 910/1098/357 908/1096/357 923/1111/357
f 918/1106/364 915/1103/361 917/1105/364
f 915/1103/361 918/1106/364 914/1102/361
g taxi.004_Mesh
v 0.204694 0.206373 0.103186
v 0.206627 0.206373 0.088508
v 0.206627 0.206373 0.117864
v 0.212292 0.206373 0.131542
v 0.212292 0.206373 0.074831
v 0.221305 0.206373 0.063085
v 0.221305 0.206373 0.143287
v 0.223734 0.206373 0.103186
v 0.225018 0.206373 0.112937
v 0.233050 0.206373 0.152300
v 0.228781 0.206373 0.122022
v 0.234768 0.206373 0.129824
v 0.246728 0.206373 0.157965
v 0.242570 0.206373 0.135811
v 0.251656 0.206373 0.139575
v 0.261406 0.206373 0.159898
v 0.261406 0.206373 0.140858
v 0.276084 0.206373 0.157965
v 0.271156 0.206373 0.139575
v 0.280242 0.206373 0.135811
v 0.289762 0.206373 0.152300
v 0.288044 0.206373 0.129824
v 0.294031 0.206373 0.122022
v 0.301507 0.206373 0.143287
v 0.301507 0.206373 0.063085
v 0.297794 0.206373 0.112937
v 0.299078 0.206373 0.103186
v 0.310519 0.206373 0.131542
v 0.310519 0.206373 0.074831
v 0.316185 0.206373 0.117864
v 0.316185 0.206373 0.088508
v 0.318117 0.206373 0.103186
v 0.297794 0.206373 0.093436
v 0.294031 0.206373 0.084351
v 0.289762 0.206373 0.054073
v 0.288044 0.206373 0.076548
v 0.280242 0.206373 0.070562
v 0.271156 0.206373 0.066798
v 0.276084 0.206373 0.048407
v 0.261406 0.206373 0.046475
v 0.261406 0.206373 0.065515
v 0.246728 0.206373 0.048407
v 0.251656 0.206373 0.066798
v 0.242570 0.206373 0.070562
v 0.234768 0.206373 0.076548
v 0.233050 0.206373 0.054073
v 0.228781 0.206373 0.084351
v 0.225018 0.206373 0.093436
vn -0.0000 1.0000 -0.0000
vt 0.718750 0.125000
vt 0.718750 0.099118
vt 0.718750 0.150882
vt 0.718750 0.175000
vt 0.718750 0.075000
vt 0.718750 0.054289
vt 0.718750 0.195711
vt 0.718750 0.125000
vt 0.718750 0.142193
vt 0.718750 0.211602
vt 0.718750 0.158214
vt 0.718750 0.171971
vt 0.718750 0.221593
vt 0.718750 0.182528
vt 0.718750 0.189164
vt 0.718750 0.225000
vt 0.718750 0.191427
vt 0.718750 0.221593
vt 0.718750 0.189164
vt 0.718750 0.182528
vt 0.718750 0.211602
vt 0.718750 0.171971
vt 0.718750 0.158214
vt 0.718750 0.195711
vt 0.718750 0.054289
vt 0.718750 0.142193
vt 0.718750 0.125000
vt 0.718750 0.175000
vt 0.718750 0.075000
vt 0.718750 0.150882
vt 0.718750 0.099118
vt 0.718750 0.125000
vt 0.718750 0.107807
vt 0.718750 0.091786
vt 0.718750 0.038397
vt 0.718750 0.078029
vt 0.718750 0.067472
vt 0.718750 0.060836
vt 0.718750 0.028407
vt 0.718750 0.025000
vt 0.718750 0.058573
vt 0.718750 0.028407
vt 0.718750 0.060836
vt 0.718750 0.067472
vt 0.718750 0.078029
vt 0.718750 0.038397
vt 0.718750 0.091786
vt 0.718750 0.107807
s 0
f 957/1145/390 956/1144/390 955/1143/390
f 956/1144/390 957/1145/390 958/1146/390
f 956/1144/390 958/1146/390 959/1147/390
f 959/1147/390 958/1146/390 960/1148/390
f 960/1148/390 958/1146/390 961/1149/390
f 960/1148/390 961/1149/390 962/1150/390
f 961/1149/390 963/1151/390 962/1150/390
f 963/1151/390 961/1149/390 964/1152/390
f 963/1151/390 964/1152/390 965/1153/390
f 965/1153/390 964/1152/390 966/1154/390
f 966/1154/390 964/1152/390 967/1155/390
f 968/1156/390 967/1155/390 969/1157/390
f 966/1154/390 967/1155/390 968/1156/390
f 969/1157/390 967/1155/390 970/1158/390
f 969/1157/390 970/1158/390 971/1159/390
f 971/1159/390 970/1158/390 972/1160/390
f 973/1161/390 972/1160/390 974/1162/390
f 971/1159/390 972/1160/390 973/1161/390
f 974/1162/390 972/1160/390 975/1163/390
f 976/1164/390 975/1163/390 977/1165/390
f 974/1162/390 975/1163/390 976/1164/390
f 977/1165/390 975/1163/390 978/1166/390
f 977/1165/390 978/1166/390 980/1168/390
f 979/1167/390 978/1166/390 982/1170/390
f 979/1167/390 981/1169/390 978/1166/390
f 980/1168/390 978/1166/390 981/1169/390
f 983/1171/390 982/1170/390 984/1172/390
f 979/1167/390 982/1170/390 983/1171/390
f 983/1171/390 984/1172/390 985/1173/390
f 985/1173/390 984/1172/390 986/1174/390
f 979/1167/390 987/1175/390 981/1169/390
f 979/1167/390 988/1176/390 987/1175/390
f 989/1177/390 988/1176/390 979/1167/390
f 989/1177/390 990/1178/390 988/1176/390
f 989/1177/390 991/1179/390 990/1178/390
f 993/1181/390 992/1180/390 991/1179/390
f 993/1181/390 991/1179/390 989/1177/390
f 994/1182/390 992/1180/390 993/1181/390
f 994/1182/390 995/1183/390 992/1180/390
f 994/1182/390 997/1185/390 995/1183/390
f 996/1184/390 997/1185/390 994/1182/390
f 996/1184/390 998/1186/390 997/1185/390
f 996/1184/390 999/1187/390 998/1186/390
f 1000/1188/390 999/1187/390 996/1184/390
f 1000/1188/390 1001/1189/390 999/1187/390
f 1000/1188/390 1002/1190/390 1001/1189/390
f 960/1148/390 1002/1190/390 1000/1188/390
f 960/1148/390 962/1150/390 1002/1190/390
g taxi.005_Mesh
v -0.281384 -0.171977 0.083208
v -0.275533 -0.171977 0.078718
v -0.288044 -0.206373 0.076549
v -0.281384 -0.171977 0.123165
v -0.285874 -0.171977 0.117313
v -0.294031 -0.206373 0.084351
v -0.285874 -0.171977 0.089060
v -0.297794 -0.206373 0.093436
v -0.288697 -0.171977 0.095874
v -0.288697 -0.171977 0.110499
v -0.289660 -0.171977 0.103187
v -0.299078 -0.206373 0.103187
v -0.297794 -0.206373 0.112937
v -0.294031 -0.206373 0.122022
v -0.288044 -0.206373 0.129825
v -0.280242 -0.206373 0.135811
v -0.275533 -0.171977 0.127655
v -0.271156 -0.206373 0.139575
v -0.268718 -0.171977 0.130478
v -0.261406 -0.206373 0.140858
v -0.261406 -0.171977 0.131440
v -0.251656 -0.206373 0.139575
v -0.254093 -0.171977 0.130478
v -0.242570 -0.206373 0.135811
v -0.247279 -0.171977 0.127655
v -0.234768 -0.206373 0.129825
v -0.241427 -0.171977 0.123165
v -0.228781 -0.206373 0.122022
v -0.236937 -0.171977 0.117313
v -0.225018 -0.206373 0.112937
v -0.234115 -0.171977 0.110499
v -0.223734 -0.206373 0.103187
v -0.225018 -0.206373 0.093436
v -0.234115 -0.171977 0.095874
v -0.233152 -0.171977 0.103187
v -0.236937 -0.171977 0.089060
v -0.228781 -0.206373 0.084351
v -0.241427 -0.171977 0.083208
v -0.247279 -0.171977 0.078718
v -0.242570 -0.206373 0.070562
v -0.234768 -0.206373 0.076549
v -0.251656 -0.206373 0.066798
v -0.254093 -0.171977 0.075895
v -0.261406 -0.206373 0.065515
v -0.261406 -0.171977 0.074933
v -0.268718 -0.171977 0.075895
v -0.271156 -0.206373 0.066798
v -0.280242 -0.206373 0.070562
vn -0.0000 -1.0000 -0.0000
vn 0.6820 -0.2641 0.6820
vn 0.4822 -0.2641 0.8353
vn 0.8353 -0.2641 0.4822
vn 0.9316 -0.2641 0.2496
vn 0.8353 -0.2641 0.4823
vn 0.9316 -0.2641 -0.2496
vn 0.9645 -0.2641 -0.0000
vn 0.8353 -0.2641 -0.4823
vn 0.6820 -0.2641 -0.6820
vn 0.8353 -0.2641 -0.4822
vn 0.4822 -0.2641 -0.8353
vn 0.4823 -0.2641 -0.8353
vn 0.2496 -0.2641 -0.9316
vn -0.0000 -0.2641 -0.9645
vn -0.2496 -0.2641 -0.9316
vn -0.4823 -0.2641 -0.8353
vn -0.4822 -0.2641 -0.8353
vn -0.6820 -0.2641 -0.6820
vn -0.8353 -0.2641 -0.4822
vn -0.8353 -0.2641 -0.4823
vn -0.9316 -0.2641 -0.2496
vn -0.9645 -0.2641 -0.0000
vn -0.9316 -0.2641 0.2496
vn -0.8353 -0.2641 0.4823
vn -0.6820 -0.2641 0.6820
vn -0.8353 -0.2641 0.4822
vn -0.4822 -0.2641 0.8353
vn -0.4823 -0.2641 0.8353
vn -0.2496 -0.2641 0.9316
vn -0.0000 -0.2641 0.9645
vn 0.2496 -0.2641 0.9316
vn 0.4823 -0.2641 0.8353
vt 0.718750 0.025000
vt 0.718750 0.025000
vt 0.718750 0.025000
vt 0.718750 0.063723
vt 0.718750 0.052381
vt 0.718750 0.025000
vt 0.718750 0.025000
vt 0.718750 0.025000
vt 0.718750 0.025000
vt 0.718750 0.039174
vt 0.718750 0.025000
vt 0.718750 0.025000
vt 0.718750 0.043898
vt 0.718750 0.061508
vt 0.718750 0.076631
vt 0.718750 0.088235
vt 0.718750 0.072426
vt 0.718750 0.095529
vt 0.718750 0.077897
vt 0.718750 0.098017
vt 0.718750 0.079763
vt 0.718750 0.095529
vt 0.718750 0.077897
vt 0.718750 0.088235
vt 0.718750 0.072426
vt 0.718750 0.076631
vt 0.718750 0.063723
vt 0.718750 0.061508
vt 0.718750 0.052381
vt 0.718750 0.043898
vt 0.718750 0.039174
vt 0.718750 0.025000
vt 0.718750 0.025000
vt 0.718750 0.025000
vt 0.718750 0.025000
vt 0.718750 0.025000
vt 0.718750 0.025000
vt 0.718750 0.025000
vt 0.718750 0.025000
vt 0.718750 0.025000
vt 0.718750 0.025000
vt 0.718750 0.025000
vt 0.718750 0.025000
vt 0.718750 0.025000
vt 0.718750 0.025000
vt 0.718750 0.025000
vt 0.718750 0.025000
vt 0.718750 0.025000
s 0
f 1006/1194/391 1003/1191/391 1004/1192/391
f 1005/1193/392 1004/1192/393 1003/1191/392
f 1003/1191/392 1008/1196/394 1005/1193/392
f 1007/1195/391 1003/1191/391 1006/1194/391
f 1007/1195/391 1009/1197/391 1003/1191/391
f 1008/1196/394 1003/1191/392 1009/1197/394
f 1010/1198/395 1009/1197/396 1011/1199/395
f 1009/1197/396 1010/1198/395 1008/1196/396
f 1012/1200/391 1011/1199/391 1009/1197/391
f 1012/1200/391 1009/1197/391 1007/1195/391
f 1011/1199/391 1012/1200/391 1013/1201/391
f 1012/1200/397 1014/1202/398 1013/1201/398
f 1014/1202/398 1012/1200/397 1015/1203/397
f 1007/1195/399 1015/1203/397 1012/1200/397
f 1015/1203/397 1007/1195/399 1016/1204/399
f 1006/1194/400 1016/1204/401 1007/1195/401
f 1016/1204/401 1006/1194/400 1017/1205/400
f 1006/1194/400 1018/1206/402 1017/1205/400
f 1019/1207/403 1020/1208/404 1018/1206/403
f 1018/1206/402 1006/1194/400 1019/1207/402
f 1020/1208/404 1019/1207/403 1021/1209/404
f 1021/1209/404 1022/1210/405 1020/1208/404
f 1022/1210/405 1021/1209/404 1023/1211/405
f 1023/1211/405 1024/1212/406 1022/1210/405
f 1025/1213/406 1026/1214/407 1024/1212/406
f 1024/1212/406 1023/1211/405 1025/1213/406
f 1026/1214/407 1025/1213/406 1027/1215/407
f 1027/1215/408 1028/1216/409 1026/1214/408
f 1028/1216/409 1027/1215/408 1029/1217/409
f 1029/1217/409 1030/1218/410 1028/1216/409
f 1030/1218/410 1029/1217/409 1031/1219/410
f 1031/1219/411 1032/1220/412 1030/1218/411
f 1033/1221/412 1034/1222/413 1032/1220/412
f 1032/1220/412 1031/1219/411 1033/1221/412
f 1034/1222/413 1036/1224/414 1035/1223/414
f 1036/1224/414 1034/1222/413 1037/1225/413
f 1034/1222/413 1033/1221/412 1037/1225/413
f 1033/1221/391 1036/1224/391 1037/1225/391
f 1038/1226/415 1035/1223/414 1036/1224/414
f 1031/1219/391 1036/1224/391 1033/1221/391
f 1031/1219/391 1038/1226/391 1036/1224/391
f 1029/1217/391 1038/1226/391 1031/1219/391
f 1040/1228/416 1039/1227/417 1038/1226/417
f 1035/1223/414 1038/1226/415 1039/1227/415
f 1029/1217/391 1040/1228/391 1038/1226/391
f 1027/1215/391 1041/1229/391 1040/1228/391
f 1042/1230/418 1040/1228/416 1041/1229/418
f 1040/1228/416 1042/1230/418 1043/1231/416
f 1039/1227/417 1040/1228/416 1043/1231/416
f 1027/1215/391 1040/1228/391 1029/1217/391
f 1041/1229/419 1044/1232/420 1042/1230/419
f 1044/1232/420 1041/1229/419 1045/1233/420
f 1045/1233/420 1046/1234/421 1044/1232/420
f 1048/1236/422 1046/1234/421 1047/1235/421
f 1046/1234/421 1045/1233/420 1047/1235/421
f 1046/1234/421 1048/1236/422 1049/1237/422
f 1048/1236/422 1050/1238/423 1049/1237/422
f 1050/1238/423 1048/1236/422 1004/1192/423
f 1004/1192/393 1005/1193/392 1050/1238/393
f 1021/1209/391 1048/1236/391 1047/1235/391
f 1019/1207/391 1004/1192/391 1048/1236/391
f 1019/1207/391 1048/1236/391 1021/1209/391
f 1023/1211/391 1047/1235/391 1045/1233/391
f 1021/1209/391 1047/1235/391 1023/1211/391
f 1025/1213/391 1045/1233/391 1041/1229/391
f 1023/1211/391 1045/1233/391 1025/1213/391
f 1025/1213/391 1041/1229/391 1027/1215/391
f 1006/1194/391 1004/1192/391 1019/1207/391
f 1014/1202/398 1011/1199/395 1013/1201/398
f 1011/1199/395 1014/1202/398 1010/1198/395
g taxi.006_Mesh
v -0.204694 -0.206373 0.103187
v -0.206627 -0.206373 0.088509
v -0.206627 -0.206373 0.117865
v -0.212292 -0.206373 0.131542
v -0.212292 -0.206373 0.074831
v -0.221305 -0.206373 0.063086
v -0.221305 -0.206373 0.143288
v -0.223734 -0.206373 0.103187
v -0.225018 -0.206373 0.112937
v -0.233050 -0.206373 0.152300
v -0.228781 -0.206373 0.122022
v -0.234768 -0.206373 0.129825
v -0.246728 -0.206373 0.157965
v -0.242570 -0.206373 0.135811
v -0.251656 -0.206373 0.139575
v -0.261406 -0.206373 0.159898
v -0.261406 -0.206373 0.140858
v -0.276084 -0.206373 0.157965
v -0.271156 -0.206373 0.139575
v -0.280242 -0.206373 0.135811
v -0.289761 -0.206373 0.152300
v -0.288044 -0.206373 0.129825
v -0.294031 -0.206373 0.122022
v -0.301507 -0.206373 0.143288
v -0.301507 -0.206373 0.063086
v -0.297794 -0.206373 0.112937
v -0.299078 -0.206373 0.103187
v -0.310519 -0.206373 0.131542
v -0.310519 -0.206373 0.074831
v -0.316185 -0.206373 0.117865
v -0.316185 -0.206373 0.088509
v -0.318117 -0.206373 0.103187
v -0.297794 -0.206373 0.093436
v -0.294031 -0.206373 0.084351
v -0.289761 -0.206373 0.054073
v -0.288044 -0.206373 0.076549
v -0.280242 -0.206373 0.070562
v -0.271156 -0.206373 0.066798
v -0.276084 -0.206373 0.048408
v -0.261406 -0.206373 0.046475
v -0.261406 -0.206373 0.065515
v -0.246728 -0.206373 0.048408
v -0.251656 -0.206373 0.066798
v -0.242570 -0.206373 0.070562
v -0.234768 -0.206373 0.076549
v -0.233050 -0.206373 0.054073
v -0.228781 -0.206373 0.084351
v -0.225018 -0.206373 0.093436
vn -0.0000 -1.0000 -0.0000
vt 0.718750 0.125000
vt 0.718750 0.099118
vt 0.718750 0.150882
vt 0.718750 0.175000
vt 0.718750 0.075000
vt 0.718750 0.054289
vt 0.718750 0.195711
vt 0.718750 0.125000
vt 0.718750 0.142193
vt 0.718750 0.211602
vt 0.718750 0.158214
vt 0.718750 0.171971
vt 0.718750 0.221593
vt 0.718750 0.182528
vt 0.718750 0.189164
vt 0.718750 0.225000
vt 0.718750 0.191427
vt 0.718750 0.221593
vt 0.718750 0.189164
vt 0.718750 0.182528
vt 0.718750 0.211602
vt 0.718750 0.171971
vt 0.718750 0.158214
vt 0.718750 0.195711
vt 0.718750 0.054289
vt 0.718750 0.142193
vt 0.718750 0.125000
vt 0.718750 0.175000
vt 0.718750 0.075000
vt 0.718750 0.150882
vt 0.718750 0.099118
vt 0.718750 0.125000
vt 0.718750 0.107807
vt 0.718750 0.091786
vt 0.718750 0.038397
vt 0.718750 0.078029
vt 0.718750 0.067472
vt 0.718750 0.060836
vt 0.718750 0.028407
vt 0.718750 0.025000
vt 0.718750 0.058573
vt 0.718750 0.028407
vt 0.718750 0.060836
vt 0.718750 0.067472
vt 0.718750 0.078029
vt 0.718750 0.038397
vt 0.718750 0.091786
vt 0.718750 0.107807
s 0
f 1053/1241/424 1052/1240/424 1051/1239/424
f 1052/1240/424 1053/1241/424 1054/1242/424
f 1052/1240/424 1054/1242/424 1055/1243/424
f 1055/1243/424 1054/1242/424 1056/1244/424
f 1056/1244/424 1054/1242/424 1057/1245/424
f 1056/1244/424 1057/1245/424 1058/1246/424
f 1057/1245/424 1059/1247/424 1058/1246/424
f 1059/1247/424 1057/1245/424 1060/1248/424
f 1059/1247/424 1060/1248/424 1061/1249/424
f 1061/1249/424 1060/1248/424 1062/1250/424
f 1062/1250/424 1060/1248/424 1063/1251/424
f 1064/1252/424 1063/1251/424 1065/1253/424
f 1062/1250/424 1063/1251/424 1064/1252/424
f 1065/1253/424 1063/1251/424 1066/1254/424
f 1065/1253/424 1066/1254/424 1067/1255/424
f 1067/1255/424 1066/1254/424 1068/1256/424
f 1069/1257/424 1068/1256/424 1070/1258/424
f 1067/1255/424 1068/1256/424 1069/1257/424
f 1070/1258/424 1068/1256/424 1071/1259/424
f 1072/1260/424 1071/1259/424 1073/1261/424
f 1070/1258/424 1071/1259/424 1072/1260/424
f 1073/1261/424 1071/1259/424 1074/1262/424
f 1073/1261/424 1074/1262/424 1076/1264/424
f 1075/1263/424 1074/1262/424 1078/1266/424
f 1075/1263/424 1077/1265/424 1074/1262/424
f 1076/1264/424 1074/1262/424 1077/1265/424
f 1079/1267/424 1078/1266/424 1080/1268/424
f 1075/1263/424 1078/1266/424 1079/1267/424
f 1079/1267/424 1080/1268/424 1081/1269/424
f 1081/1269/424 1080/1268/424 1082/1270/424
f 1075/1263/424 1083/1271/424 1077/1265/424
f 1075/1263/424 1084/1272/424 1083/1271/424
f 1085/1273/424 1084/1272/424 1075/1263/424
f 1085/1273/424 1086/1274/424 1084/1272/424
f 1085/1273/424 1087/1275/424 1086/1274/424
f 1089/1277/424 1088/1276/424 1087/1275/424
f 1089/1277/424 1087/1275/424 1085/1273/424
f 1090/1278/424 1088/1276/424 1089/1277/424
f 1090/1278/424 1091/1279/424 1088/1276/424
f 1090/1278/424 1093/1281/424 1091/1279/424
f 1092/1280/424 1093/1281/424 1090/1278/424
f 1092/1280/424 1094/1282/424 1093/1281/424
f 1092/1280/424 1095/1283/424 1094/1282/424
f 1096/1284/424 1095/1283/424 1092/1280/424
f 1096/1284/424 1097/1285/424 1095/1283/424
f 1096/1284/424 1098/1286/424 1097/1285/424
f 1056/1244/424 1098/1286/424 1096/1284/424
f 1056/1244/424 1058/1246/424 1098/1286/424
g taxi.007_Mesh
v -0.241427 0.171978 0.083208
v -0.247279 0.171978 0.078718
v -0.234768 0.206373 0.076549
v -0.241427 0.171978 0.123165
v -0.236937 0.171978 0.117313
v -0.228781 0.206373 0.084351
v -0.236937 0.171978 0.089060
v -0.225018 0.206373 0.093436
v -0.234115 0.171978 0.095874
v -0.234115 0.171978 0.110499
v -0.233152 0.171978 0.103187
v -0.223734 0.206373 0.103187
v -0.225018 0.206373 0.112937
v -0.228781 0.206373 0.122022
v -0.234768 0.206373 0.129825
v -0.242570 0.206373 0.135811
v -0.247279 0.171978 0.127655
v -0.251656 0.206373 0.139575
v -0.254093 0.171978 0.130478
v -0.261406 0.206373 0.140858
v -0.261406 0.171978 0.131440
v -0.271156 0.206373 0.139575
v -0.268718 0.171978 0.130478
v -0.280242 0.206373 0.135811
v -0.275533 0.171978 0.127655
v -0.288044 0.206373 0.129825
v -0.281384 0.171978 0.123165
v -0.294030 0.206373 0.122022
v -0.285874 0.171978 0.117313
v -0.297794 0.206373 0.112937
v -0.288697 0.171978 0.110499
v -0.299078 0.206373 0.103187
v -0.297794 0.206373 0.093436
v -0.288697 0.171978 0.095874
v -0.289660 0.171978 0.103187
v -0.285874 0.171978 0.089060
v -0.294030 0.206373 0.084351
v -0.281384 0.171978 0.083208
v -0.275533 0.171978 0.078718
v -0.280242 0.206373 0.070562
v -0.288044 0.206373 0.076549
v -0.271156 0.206373 0.066798
v -0.268718 0.171978 0.075895
v -0.261406 0.206373 0.065515
v -0.261406 0.171978 0.074933
v -0.254093 0.171978 0.075895
v -0.251656 0.206373 0.066798
v -0.242570 0.206373 0.070562
vn -0.0000 1.0000 -0.0000
vn -0.6820 0.2641 0.6820
vn -0.4822 0.2641 0.8353
vn -0.8353 0.2641 0.4822
vn -0.9316 0.2641 0.2496
vn -0.8353 0.2641 0.4823
vn -0.9316 0.2641 -0.2496
vn -0.9645 0.2641 -0.0000
vn -0.8353 0.2641 -0.4823
vn -0.6820 0.2641 -0.6820
vn -0.8353 0.2641 -0.4822
vn -0.4822 0.2641 -0.8353
vn -0.4823 0.2641 -0.8353
vn -0.2496 0.2641 -0.9316
vn -0.0000 0.2641 -0.9645
vn 0.2496 0.2641 -0.9316
vn 0.4823 0.2641 -0.8353
vn 0.4822 0.2641 -0.8353
vn 0.6820 0.2641 -0.6820
vn 0.8353 0.2641 -0.4822
vn 0.8353 0.2641 -0.4823
vn 0.9316 0.2641 -0.2496
vn 0.9645 0.2641 -0.0000
vn 0.9316 0.2641 0.2496
vn 0.8353 0.2641 0.4823
vn 0.6820 0.2641 0.6820
vn 0.8353 0.2641 0.4822
vn 0.4822 0.2641 0.8353
vn 0.4823 0.2641 0.8352
vn 0.2496 0.2641 0.9316
vn 0.4823 0.2641 0.8353
vn -0.0000 0.2641 0.9645
vn -0.2496 0.2641 0.9316
vn -0.4823 0.2641 0.8353
vt 0.718750 0.025000
vt 0.718750 0.025000
vt 0.718750 0.025000
vt 0.718750 0.063723
vt 0.718750 0.052381
vt 0.718750 0.025000
vt 0.718750 0.025000
vt 0.718750 0.025000
vt 0.718750 0.025000
vt 0.718750 0.039174
vt 0.718750 0.025000
vt 0.718750 0.025000
vt 0.718750 0.043898
vt 0.718750 0.061508
vt 0.718750 0.076631
vt 0.718750 0.088235
vt 0.718750 0.072426
vt 0.718750 0.095529
vt 0.718750 0.077897
vt 0.718750 0.098017
vt 0.718750 0.079763
vt 0.718750 0.095529
vt 0.718750 0.077897
vt 0.718750 0.088235
vt 0.718750 0.072426
vt 0.718750 0.076631
vt 0.718750 0.063723
vt 0.718750 0.061508
vt 0.718750 0.052381
vt 0.718750 0.043898
vt 0.718750 0.039174
vt 0.718750 0.025000
vt 0.718750 0.025000
vt 0.718750 0.025000
vt 0.718750 0.025000
vt 0.718750 0.025000
vt 0.718750 0.025000
vt 0.718750 0.025000
vt 0.718750 0.025000
vt 0.718750 0.025000
vt 0.718750 0.025000
vt 0.718750 0.025000
vt 0.718750 0.025000
vt 0.718750 0.025000
vt 0.718750 0.025000
vt 0.718750 0.025000
vt 0.718750 0.025000
vt 0.718750 0.025000
s 0
f 1102/1290/425 1099/1287/425 1100/1288/425
f 1101/1289/426 1100/1288/427 1099/1287/426
f 1099/1287/426 1104/1292/428 1101/1289/426
f 1103/1291/425 1099/1287/425 1102/1290/425
f 1103/1291/425 1105/1293/425 1099/1287/425
f 1104/1292/428 1099/1287/426 1105/1293/428
f 1106/1294/429 1105/1293/430 1107/1295/429
f 1105/1293/430 1106/1294/429 1104/1292/430
f 1108/1296/425 1107/1295/425 1105/1293/425
f 1108/1296/425 1105/1293/425 1103/1291/425
f 1107/1295/425 1108/1296/425 1109/1297/425
f 1108/1296/431 1110/1298/432 1109/1297/432
f 1110/1298/432 1108/1296/431 1111/1299/431
f 1103/1291/433 1111/1299/431 1108/1296/431
f 1111/1299/431 1103/1291/433 1112/1300/433
f 1102/1290/434 1112/1300/435 1103/1291/435
f 1112/1300/435 1102/1290/434 1113/1301/434
f 1102/1290/434 1114/1302/436 1113/1301/434
f 1115/1303/437 1116/1304/438 1114/1302/437
f 1114/1302/436 1102/1290/434 1115/1303/436
f 1116/1304/438 1115/1303/437 1117/1305/438
f 1117/1305/438 1118/1306/439 1116/1304/438
f 1118/1306/439 1117/1305/438 1119/1307/439
f 1119/1307/439 1120/1308/440 1118/1306/439
f 1121/1309/440 1122/1310/441 1120/1308/440
f 1120/1308/440 1119/1307/439 1121/1309/440
f 1122/1310/441 1121/1309/440 1123/1311/441
f 1123/1311/442 1124/1312/443 1122/1310/442
f 1124/1312/443 1123/1311/442 1125/1313/443
f 1125/1313/443 1126/1314/444 1124/1312/443
f 1126/1314/444 1125/1313/443 1127/1315/444
f 1127/1315/445 1128/1316/446 1126/1314/445
f 1129/1317/446 1130/1318/447 1128/1316/446
f 1128/1316/446 1127/1315/445 1129/1317/446
f 1130/1318/447 1132/1320/448 1131/1319/448
f 1132/1320/448 1130/1318/447 1133/1321/447
f 1130/1318/447 1129/1317/446 1133/1321/447
f 1129/1317/425 1132/1320/425 1133/1321/425
f 1134/1322/449 1131/1319/448 1132/1320/448
f 1127/1315/425 1132/1320/425 1129/1317/425
f 1127/1315/425 1134/1322/425 1132/1320/425
f 1125/1313/425 1134/1322/425 1127/1315/425
f 1136/1324/450 1135/1323/451 1134/1322/451
f 1131/1319/448 1134/1322/449 1135/1323/449
f 1125/1313/425 1136/1324/425 1134/1322/425
f 1123/1311/425 1137/1325/425 1136/1324/425
f 1138/1326/452 1136/1324/450 1137/1325/452
f 1136/1324/450 1138/1326/452 1139/1327/450
f 1135/1323/451 1136/1324/450 1139/1327/450
f 1123/1311/425 1136/1324/425 1125/1313/425
f 1137/1325/453 1140/1328/454 1138/1326/455
f 1140/1328/454 1137/1325/455 1141/1329/454
f 1141/1329/454 1142/1330/456 1140/1328/454
f 1144/1332/457 1142/1330/456 1143/1331/456
f 1142/1330/456 1141/1329/454 1143/1331/456
f 1142/1330/456 1144/1332/457 1145/1333/457
f 1144/1332/457 1146/1334/458 1145/1333/457
f 1146/1334/458 1144/1332/457 1100/1288/458
f 1100/1288/427 1101/1289/426 1146/1334/427
f 1117/1305/425 1144/1332/425 1143/1331/425
f 1115/1303/425 1100/1288/425 1144/1332/425
f 1115/1303/425 1144/1332/425 1117/1305/425
f 1119/1307/425 1143/1331/425 1141/1329/425
f 1117/1305/425 1143/1331/425 1119/1307/425
f 1121/1309/425 1141/1329/425 1137/1325/425
f 1119/1307/425 1141/1329/425 1121/1309/425
f 1121/1309/425 1137/1325/425 1123/1311/425
f 1102/1290/425 1100/1288/425 1115/1303/425
f 1110/1298/432 1107/1295/429 1109/1297/432
f 1107/1295/429 1110/1298/432 1106/1294/429
g taxi.008_Mesh
v -0.318117 0.206373 0.103187
v -0.316185 0.206373 0.088509
v -0.316185 0.206373 0.117865
v -0.310519 0.206373 0.131542
v -0.310519 0.206373 0.074831
v -0.301507 0.206373 0.063086
v -0.301507 0.206373 0.143288
v -0.299078 0.206373 0.103187
v -0.297794 0.206373 0.112937
v -0.289761 0.206373 0.152300
v -0.294030 0.206373 0.122022
v -0.288044 0.206373 0.129825
v -0.276084 0.206373 0.157965
v -0.280242 0.206373 0.135811
v -0.271156 0.206373 0.139575
v -0.261406 0.206373 0.159898
v -0.261406 0.206373 0.140858
v -0.246728 0.206373 0.157965
v -0.251656 0.206373 0.139575
v -0.242570 0.206373 0.135811
v -0.233050 0.206373 0.152300
v -0.234768 0.206373 0.129825
v -0.228781 0.206373 0.122022
v -0.221305 0.206373 0.143288
v -0.221305 0.206373 0.063086
v -0.225018 0.206373 0.112937
v -0.223734 0.206373 0.103187
v -0.212292 0.206373 0.131542
v -0.212292 0.206373 0.074831
v -0.206627 0.206373 0.117865
v -0.206627 0.206373 0.088509
v -0.204694 0.206373 0.103187
v -0.225018 0.206373 0.093436
v -0.228781 0.206373 0.084351
v -0.233050 0.206373 0.054073
v -0.234768 0.206373 0.076549
v -0.242570 0.206373 0.070562
v -0.251656 0.206373 0.066798
v -0.246728 0.206373 0.048408
v -0.261406 0.206373 0.046475
v -0.261406 0.206373 0.065515
v -0.276084 0.206373 0.048408
v -0.271156 0.206373 0.066798
v -0.280242 0.206373 0.070562
v -0.288044 0.206373 0.076549
v -0.289761 0.206373 0.054073
v -0.294030 0.206373 0.084351
v -0.297794 0.206373 0.093436
vn -0.0000 1.0000 -0.0000
vt 0.718750 0.125000
vt 0.718750 0.099118
vt 0.718750 0.150882
vt 0.718750 0.175000
vt 0.718750 0.075000
vt 0.718750 0.054289
vt 0.718750 0.195711
vt 0.718750 0.125000
vt 0.718750 0.142193
vt 0.718750 0.211602
vt 0.718750 0.158214
vt 0.718750 0.171971
vt 0.718750 0.221593
vt 0.718750 0.182528
vt 0.718750 0.189164
vt 0.718750 0.225000
vt 0.718750 0.191427
vt 0.718750 0.221593
vt 0.718750 0.189164
vt 0.718750 0.182528
vt 0.718750 0.211602
vt 0.718750 0.171971
vt 0.718750 0.158214
vt 0.718750 0.195711
vt 0.718750 0.054289
vt 0.718750 0.142193
vt 0.718750 0.125000
vt 0.718750 0.175000
vt 0.718750 0.075000
vt 0.718750 0.150882
vt 0.718750 0.099118
vt 0.718750 0.125000
vt 0.718750 0.107807
vt 0.718750 0.091786
vt 0.718750 0.038397
vt 0.718750 0.078029
vt 0.718750 0.067472
vt 0.718750 0.060836
vt 0.718750 0.028407
vt 0.718750 0.025000
vt 0.718750 0.058573
vt 0.718750 0.028407
vt 0.718750 0.060836
vt 0.718750 0.067472
vt 0.718750 0.078029
vt 0.718750 0.038397
vt 0.718750 0.091786
vt 0.718750 0.107807
s 0
f 1149/1337/459 1148/1336/459 1147/1335/459
f 1148/1336/459 1149/1337/459 1150/1338/459
f 1148/1336/459 1150/1338/459 1151/1339/459
f 1151/1339/459 1150/1338/459 1152/1340/459
f 1152/1340/459 1150/1338/459 1153/1341/459
f 1152/1340/459 1153/1341/459 1154/1342/459
f 1153/1341/459 1155/1343/459 1154/1342/459
f 1155/1343/459 1153/1341/459 1156/1344/459
f 1155/1343/459 1156/1344/459 1157/1345/459
f 1157/1345/459 1156/1344/459 1158/1346/459
f 1158/1346/459 1156/1344/459 1159/1347/459
f 1160/1348/459 1159/1347/459 1161/1349/459
f 1158/1346/459 1159/1347/459 1160/1348/459
f 1161/1349/459 1159/1347/459 1162/1350/459
f 1161/1349/459 1162/1350/459 1163/1351/459
f 1163/1351/459 1162/1350/459 1164/1352/459
f 1165/1353/459 1164/1352/459 1166/1354/459
f 1163/1351/459 1164/1352/459 1165/1353/459
f 1166/1354/459 1164/1352/459 1167/1355/459
f 1168/1356/459 1167/1355/459 1169/1357/459
f 1166/1354/459 1167/1355/459 1168/1356/459
f 1169/1357/459 1167/1355/459 1170/1358/459
f 1169/1357/459 1170/1358/459 1172/1360/459
f 1171/1359/459 1170/1358/459 1174/1362/459
f 1171/1359/459 1173/1361/459 1170/1358/459
f 1172/1360/459 1170/1358/459 1173/1361/459
f 1175/1363/459 1174/1362/459 1176/1364/459
f 1171/1359/459 1174/1362/459 1175/1363/459
f 1175/1363/459 1176/1364/459 1177/1365/459
f 1177/1365/459 1176/1364/459 1178/1366/459
f 1171/1359/459 1179/1367/459 1173/1361/459
f 1171/1359/459 1180/1368/459 1179/1367/459
f 1181/1369/459 1180/1368/459 1171/1359/459
f 1181/1369/459 1182/1370/459 1180/1368/459
f 1181/1369/459 1183/1371/459 1182/1370/459
f 1185/1373/459 1184/1372/459 1183/1371/459
f 1185/1373/459 1183/1371/459 1181/1369/459
f 1186/1374/459 1184/1372/459 1185/1373/459
f 1186/1374/459 1187/1375/459 1184/1372/459
f 1186/1374/459 1189/1377/459 1187/1375/459
f 1188/1376/459 1189/1377/459 1186/1374/459
f 1188/1376/459 1190/1378/459 1189/1377/459
f 1188/1376/459 1191/1379/459 1190/1378/459
f 1192/1380/459 1191/1379/459 1188/1376/459
f 1192/1380/459 1193/1381/459 1191/1379/459
f 1192/1380/459 1194/1382/459 1193/1381/459
f 1152/1340/459 1194/1382/459 1192/1380/459
f 1152/1340/459 1154/1342/459 1194/1382/459
g taxi.009_Mesh
v 0.464339 0.042994 0.051593
v 0.464339 0.060192 0.068791
v 0.447141 0.042994 0.051593
v 0.464339 -0.042994 0.051593
v 0.447141 -0.042994 0.051593
v 0.447141 -0.060192 0.068791
v 0.447141 0.060192 0.068791
v 0.464339 -0.060192 0.068791
v 0.447141 -0.060192 0.094588
v 0.447141 0.060192 0.094588
v 0.447141 -0.042994 0.111785
v 0.464339 -0.042994 0.111785
v 0.464339 -0.060192 0.094588
v 0.464339 0.060192 0.094588
v 0.464339 0.042994 0.111785
v 0.447141 0.042994 0.111785
vn 1.0000 -0.0000 -0.0000
vn -0.0000 0.3827 -0.9239
vn -0.0002 0.9239 -0.3827
vn 0.0001 -0.3827 -0.9239
vn -0.0000 -0.3827 -0.9239
vn -0.0001 0.3827 -0.9239
vn -1.0000 -0.0000 -0.0000
vn 0.0002 -0.9239 -0.3827
vn -0.0000 -0.9239 -0.3827
vn -0.0002 -0.3827 -0.9239
vn -0.0001 -0.9239 0.3827
vn -0.0000 -0.9239 0.3827
vn -0.0000 -0.3827 0.9239
vn 0.0001 -0.3827 0.9239
vn 0.0003 -0.9239 0.3827
vn 0.0001 -0.9239 -0.3827
vn -0.0000 0.3827 0.9239
vn 0.0001 0.3827 0.9239
vn -0.0000 0.9239 0.3827
vn -0.0001 0.3827 0.9239
vn -0.0001 -0.3827 0.9239
vn -0.0001 0.9239 -0.3827
vn -0.0000 0.9239 -0.3827
vn 0.0001 0.9239 0.3827
vn 0.0002 0.3827 -0.9239
vt 0.093750 0.275000
vt 0.718750 0.025000
vt 0.093750 0.332143
vt 0.718750 0.082143
vt 0.718750 0.025000
vt 0.718750 0.025000
vt 0.093750 0.275000
vt 0.718750 0.025000
vt 0.718750 0.082143
vt 0.718750 0.082143
vt 0.718750 0.082143
vt 0.093750 0.332143
vt 0.718750 0.167857
vt 0.718750 0.167857
vt 0.718750 0.225000
vt 0.093750 0.475000
vt 0.718750 0.225000
vt 0.718750 0.167857
vt 0.093750 0.417857
vt 0.718750 0.167857
vt 0.093750 0.417857
vt 0.093750 0.475000
vt 0.718750 0.225000
vt 0.718750 0.225000
s 0
f 1196/1385/460 1198/1389/460 1195/1383/460
f 1197/1387/461 1196/1386/462 1195/1384/461
f 1195/1384/461 1199/1390/463 1197/1387/461
f 1199/1390/464 1195/1384/465 1198/1388/464
f 1200/1391/466 1197/1387/466 1199/1390/466
f 1198/1388/464 1200/1391/467 1199/1390/464
f 1197/1387/466 1200/1391/466 1201/1392/466
f 1201/1392/466 1200/1391/466 1203/1395/466
f 1200/1391/468 1198/1388/469 1202/1393/468
f 1202/1393/468 1203/1395/470 1200/1391/468
f 1204/1396/466 1203/1395/466 1205/1397/466
f 1201/1392/466 1203/1395/466 1204/1396/466
f 1203/1395/471 1206/1399/472 1205/1397/473
f 1206/1399/472 1203/1395/471 1207/1400/474
f 1203/1395/471 1202/1393/475 1207/1400/471
f 1207/1401/460 1208/1403/460 1209/1404/460
f 1202/1394/460 1208/1403/460 1207/1401/460
f 1207/1401/460 1209/1404/460 1206/1398/460
f 1205/1397/472 1209/1405/476 1210/1406/477
f 1208/1402/478 1210/1406/476 1209/1405/479
f 1209/1405/476 1205/1397/472 1206/1399/480
f 1210/1406/476 1208/1402/478 1204/1396/478
f 1204/1396/466 1205/1397/466 1210/1406/466
f 1208/1402/478 1201/1392/481 1204/1396/478
f 1201/1392/482 1208/1402/483 1196/1386/482
f 1202/1394/460 1196/1385/460 1208/1403/460
f 1198/1389/460 1196/1385/460 1202/1394/460
f 1196/1386/482 1197/1387/484 1201/1392/482
g taxi.010_Mesh
v -0.481537 -0.042994 0.051593
v -0.481537 -0.060192 0.068791
v -0.464339 -0.042994 0.051593
v -0.481537 0.042994 0.051593
v -0.464339 0.042994 0.051593
v -0.464339 0.060192 0.068791
v -0.464339 -0.060192 0.068791
v -0.481537 0.060192 0.068791
v -0.464339 0.060192 0.094588
v -0.464339 -0.060192 0.094588
v -0.464339 0.042994 0.111785
v -0.481537 0.042994 0.111785
v -0.481537 0.060192 0.094588
v -0.481537 -0.060192 0.094588
v -0.481537 -0.042994 0.111785
v -0.464339 -0.042994 0.111785
vn -1.0000 -0.0000 -0.0000
vn -0.0000 -0.3827 -0.9239
vn 0.0002 -0.9239 -0.3827
vn -0.0001 0.3827 -0.9239
vn -0.0000 0.3827 -0.9239
vn 0.0001 -0.3827 -0.9239
vn 1.0000 -0.0000 -0.0000
vn -0.0002 0.9239 -0.3827
vn -0.0000 0.9239 -0.3827
vn 0.0002 0.3827 -0.9239
vn 0.0001 0.9239 0.3827
vn -0.0000 0.9239 0.3827
vn -0.0000 0.3827 0.9239
vn -0.0002 0.3827 0.9239
vn -0.0001 0.9239 -0.3827
vn -0.0000 -0.3827 0.9239
vn -0.0001 -0.3827 0.9239
vn -0.0000 -0.9239 0.3827
vn 0.0001 0.3827 0.9239
vn -0.0001 -0.9239 0.3827
vn 0.0001 -0.9239 -0.3827
vn -0.0000 -0.9239 -0.3827
vn -0.0002 -0.3827 -0.9239
vt 0.093750 0.275000
vt 0.718750 0.025000
vt 0.093750 0.332143
vt 0.718750 0.082143
vt 0.718750 0.025000
vt 0.718750 0.025000
vt 0.093750 0.275000
vt 0.718750 0.025000
vt 0.718750 0.082143
vt 0.718750 0.082143
vt 0.718750 0.082143
vt 0.093750 0.332143
vt 0.718750 0.167857
vt 0.718750 0.167857
vt 0.718750 0.225000
vt 0.093750 0.475000
vt 0.718750 0.225000
vt 0.718750 0.167857
vt 0.093750 0.417857
vt 0.718750 0.167857
vt 0.093750 0.417857
vt 0.093750 0.475000
vt 0.718750 0.225000
vt 0.718750 0.225000
s 0
f 1212/1409/485 1214/1413/485 1211/1407/485
f 1213/1411/486 1212/1410/487 1211/1408/486
f 1211/1408/486 1215/1414/488 1213/1411/486
f 1215/1414/489 1211/1408/490 1214/1412/489
f 1216/1415/491 1213/1411/491 1215/1414/491
f 1214/1412/489 1216/1415/492 1215/1414/489
f 1213/1411/491 1216/1415/491 1217/1416/491
f 1217/1416/491 1216/1415/491 1219/1419/491
f 1216/1415/493 1214/1412/494 1218/1417/493
f 1218/1417/493 1219/1419/495 1216/1415/493
f 1217/1416/491 1219/1419/491 1220/1420/491
f 1220/1420/491 1219/1419/491 1221/1421/491
f 1219/1419/496 1222/1423/497 1221/1421/498
f 1222/1423/497 1219/1419/496 1223/1424/495
f 1219/1419/496 1218/1417/499 1223/1424/496
f 1223/1425/485 1224/1427/485 1225/1428/485
f 1218/1418/485 1224/1427/485 1223/1425/485
f 1223/1425/485 1225/1428/485 1222/1422/485
f 1221/1421/497 1225/1429/500 1226/1430/501
f 1224/1426/502 1226/1430/500 1225/1429/500
f 1225/1429/500 1221/1421/497 1222/1423/503
f 1226/1430/500 1224/1426/502 1220/1420/504
f 1220/1420/491 1221/1421/491 1226/1430/491
f 1224/1426/502 1217/1416/505 1220/1420/502
f 1217/1416/506 1224/1426/504 1212/1410/506
f 1218/1418/485 1212/1409/485 1224/1427/485
f 1214/1413/485 1212/1409/485 1218/1418/485
f 1212/1410/506 1213/1411/507 1217/1416/506
g taxi.011_Mesh
v 0.223571 0.154363 0.275164
v 0.223571 0.094588 0.275164
v 0.107476 0.125339 0.420283
v 0.223571 -0.094588 0.275164
v 0.223571 -0.154363 0.275164
v 0.107476 -0.125339 0.420283
vn 0.7809 -0.0000 0.6247
vt 0.093750 0.025000
vt 0.093750 0.025000
vt 0.093750 0.225000
vt 0.093750 0.025000
vt 0.093750 0.025000
vt 0.093750 0.225000
s 0
f 1229/1433/508 1228/1432/508 1227/1431/508
f 1228/1432/508 1229/1433/508 1230/1434/508
f 1230/1434/508 1229/1433/508 1231/1435/508
f 1231/1435/508 1229/1433/508 1232/1436/508
