# Blender 3.3.1
# www.blender.org
mtllib Vehicle_Police.mtl
g police_Mesh
v 0.286817 0.129248 0.190569
v 0.286817 0.161560 0.190569
v 0.310196 0.129248 0.180885
v 0.310196 0.161560 0.180885
v 0.330272 0.161560 0.028392
v 0.330272 0.129248 0.028392
v 0.345677 0.161560 0.048468
v 0.345677 0.129248 0.048468
v 0.261728 0.161560 0.193872
v 0.236639 0.161560 0.190569
v 0.261728 0.193872 0.179332
v 0.240402 0.193872 0.176524
v 0.168095 0.129248 0.071847
v 0.168095 0.161560 0.071847
v 0.164792 0.129248 0.096936
v 0.164792 0.161560 0.096936
v 0.236639 0.129248 0.003303
v 0.261728 0.129248 0.000000
v 0.236639 0.161560 0.003303
v 0.261728 0.161560 0.000000
v 0.213260 0.161560 0.012987
v 0.220530 0.193872 0.025579
v 0.240402 0.193872 0.017348
v 0.330272 0.129248 0.165480
v 0.330272 0.161560 0.165480
v 0.213260 0.129248 0.012987
v 0.341316 0.096936 0.118262
v 0.333085 0.096936 0.138134
v 0.355361 0.129248 0.122025
v 0.345677 0.129248 0.145404
v 0.283053 0.193872 0.176524
v 0.302926 0.193872 0.168293
v 0.261728 0.129248 0.193872
v 0.261728 0.193872 0.014540
v 0.193184 0.161560 0.028392
v 0.203465 0.193872 0.038674
v 0.177779 0.161560 0.048468
v 0.190371 0.193872 0.055738
v 0.193184 0.161560 0.165480
v 0.203465 0.193872 0.155199
v 0.213260 0.161560 0.180886
v 0.220530 0.193872 0.168293
v 0.193184 0.129248 0.028392
v 0.177779 0.129248 0.048468
v 0.355361 0.161560 0.071847
v 0.355361 0.129248 0.071847
v 0.182140 0.193872 0.075611
v 0.179332 0.193872 0.096936
v 0.319991 0.193872 0.038674
v 0.333085 0.193872 0.055738
v 0.193184 0.129248 0.165480
v 0.213260 0.129248 0.180886
v 0.236639 0.129248 0.190569
v 0.168095 0.161560 0.122025
v 0.182140 0.193872 0.118262
v 0.286817 0.129248 0.003303
v 0.286817 0.161560 0.003303
v 0.310196 0.161560 0.012987
v 0.283053 0.193872 0.017348
v 0.302926 0.193872 0.025579
v 0.344124 0.193872 0.096936
v 0.358664 0.161560 0.096936
v 0.341316 0.193872 0.118262
v 0.355361 0.161560 0.122025
v 0.341316 0.193872 0.075611
v 0.168095 0.129248 0.122025
v 0.310196 0.129248 0.012987
v 0.177779 0.129248 0.145404
v 0.177779 0.161560 0.145404
v 0.345677 0.161560 0.145404
v 0.190371 0.193872 0.138134
v 0.333085 0.193872 0.138134
v 0.319991 0.193872 0.155199
v 0.358664 0.129248 0.096936
v 0.319991 0.096936 0.155199
v 0.240402 0.096936 0.176524
v 0.261728 0.096936 0.179332
v 0.220530 0.096936 0.025579
v 0.240402 0.096936 0.017348
v 0.333085 0.096936 0.055738
v 0.341316 0.096936 0.075611
v 0.302926 0.096936 0.168293
v 0.203465 0.096936 0.155199
v 0.220530 0.096936 0.168293
v 0.182140 0.096936 0.075611
v 0.179332 0.096936 0.096936
v 0.261728 0.096936 0.014540
v 0.283053 0.096936 0.017348
v 0.315004 0.193872 0.096936
v 0.313189 0.193872 0.083147
v 0.313189 0.193872 0.110725
v 0.307866 0.193872 0.070298
v 0.299400 0.193872 0.059264
v 0.307866 0.193872 0.123574
v 0.299400 0.193872 0.134608
v 0.288366 0.193872 0.050798
v 0.275517 0.193872 0.045475
v 0.261728 0.193872 0.043660
v 0.288366 0.193872 0.143075
v 0.275517 0.193872 0.148397
v 0.247939 0.193872 0.045475
v 0.235090 0.193872 0.050798
v 0.261728 0.193872 0.150212
v 0.247939 0.193872 0.148397
v 0.235090 0.193872 0.143075
v 0.224056 0.193872 0.059264
v 0.215589 0.193872 0.070298
v 0.224056 0.193872 0.134608
v 0.215589 0.193872 0.123574
v 0.210267 0.193872 0.083147
v 0.210267 0.193872 0.110725
v 0.208452 0.193872 0.096936
v 0.302926 0.096936 0.025579
v 0.319991 0.096936 0.038674
v 0.182140 0.096936 0.118262
v 0.190371 0.096936 0.138134
v 0.190371 0.096936 0.055738
v 0.283053 0.096936 0.176524
v 0.344124 0.096936 0.096936
v 0.203465 0.096936 0.038674
vn 0.4892 -0.2064 0.8474
vn 0.2532 0.2064 0.9451
vn 0.2532 -0.2064 0.9451
vn 0.4892 0.2064 0.8474
vn 0.8474 0.2064 -0.4892
vn 0.6919 -0.2064 -0.6919
vn 0.6919 0.2064 -0.6919
vn 0.6919 -0.2063 -0.6919
vn 0.8474 -0.2064 -0.4892
vn -0.0000 0.4104 0.9119
vn -0.2533 0.2064 0.9451
vn -0.0000 0.2063 0.9785
vn -0.2360 0.4104 0.8809
vn -0.9785 -0.2064 -0.0000
vn -0.9451 0.2064 -0.2533
vn -0.9451 -0.2064 -0.2533
vn -0.9785 0.2064 -0.0000
vn -0.2533 0.2064 -0.9451
vn -0.0000 -0.2064 -0.9785
vn -0.2533 -0.2064 -0.9451
vn -0.0000 0.2064 -0.9785
vn -0.4559 0.4104 -0.7898
vn -0.2532 0.2064 -0.9451
vn -0.4892 0.2063 -0.8474
vn -0.2360 0.4104 -0.8808
vn 0.6919 0.2064 0.6919
vn 0.6919 -0.2064 0.6919
vn -0.4892 -0.2064 -0.8474
vn -0.2532 -0.2064 -0.9451
vn -0.4893 0.2064 -0.8474
vn 0.9451 -0.2064 0.2532
vn 0.7898 -0.4104 0.4559
vn 0.8809 -0.4104 0.2360
vn 0.9451 -0.2063 0.2533
vn 0.8474 -0.2063 0.4892
vn 0.4893 0.2064 0.8474
vn 0.2360 0.4104 0.8808
vn 0.2532 0.2063 0.9452
vn 0.4893 0.2064 0.8473
vn 0.4559 0.4104 0.7898
vn 0.2533 0.2064 0.9451
vn -0.0000 -0.2064 0.9785
vn 0.2533 -0.2064 0.9451
vn -0.0000 0.2064 0.9785
vn -0.2360 0.4104 -0.8809
vn -0.2533 0.2063 -0.9451
vn -0.0000 0.4104 -0.9119
vn -0.8474 0.2064 -0.4892
vn -0.6448 0.4104 -0.6448
vn -0.6919 0.2063 -0.6919
vn -0.7897 0.4104 -0.4560
vn -0.4892 0.2064 0.8474
vn -0.6448 0.4104 0.6448
vn -0.6919 0.2063 0.6919
vn -0.4560 0.4104 0.7897
vn -0.8474 -0.2064 -0.4892
vn -0.6919 0.2064 -0.6919
vn -0.6919 -0.2064 -0.6919
vn 0.9451 0.2064 -0.2532
vn 0.9451 -0.2064 -0.2532
vn 0.2360 0.4104 0.8809
vn -0.8808 0.4104 -0.2360
vn -0.9451 0.2063 -0.2533
vn -0.8809 0.4104 -0.2360
vn -0.9119 0.4104 -0.0000
vn 0.6448 0.4104 -0.6448
vn 0.6919 0.2063 -0.6919
vn 0.7897 0.4104 -0.4560
vn -0.4892 -0.2064 0.8474
vn -0.6919 0.2064 0.6919
vn -0.6919 -0.2064 0.6919
vn -0.2533 -0.2064 0.9451
vn -0.9451 0.2064 0.2533
vn -0.9785 0.2063 -0.0000
vn -0.8809 0.4104 0.2360
vn 0.2533 -0.2064 -0.9451
vn 0.2533 0.2064 -0.9451
vn 0.2360 0.4104 -0.8808
vn 0.4893 0.2064 -0.8474
vn 0.2532 0.2063 -0.9452
vn 0.4893 0.2064 -0.8473
vn 0.4559 0.4104 -0.7898
vn -0.0000 0.2063 -0.9785
vn 0.2360 0.4104 -0.8809
vn 0.8809 0.4104 0.2360
vn 0.9785 0.2063 -0.0000
vn 0.9119 0.4104 -0.0000
vn 0.9785 0.2064 -0.0000
vn 0.8808 0.4104 0.2360
vn 0.9452 0.2063 0.2532
vn 0.8808 0.4104 -0.2360
vn 0.9452 0.2063 -0.2532
vn 0.8809 0.4104 -0.2360
vn -0.9451 -0.2064 0.2533
vn 0.4892 0.2064 -0.8474
vn 0.4892 -0.2064 -0.8474
vn -0.8474 0.2064 0.4892
vn -0.8474 -0.2064 0.4892
vn -0.2532 0.2064 0.9451
vn -0.2532 -0.2064 0.9451
vn 0.6919 0.2063 0.6919
vn 0.8474 -0.2064 0.4892
vn 0.8474 0.2064 0.4892
vn 0.6919 -0.2063 0.6919
vn -0.9451 0.2064 0.2532
vn -0.7898 0.4104 0.4559
vn -0.8808 0.4104 0.2360
vn -0.8474 0.2063 0.4892
vn -0.9451 -0.2064 -0.2532
vn -0.8474 -0.2064 -0.4893
vn -0.9451 0.2064 -0.2532
vn 0.6448 0.4104 0.6448
vn 0.7897 0.4104 0.4560
vn -0.4892 0.2064 -0.8474
vn -0.2360 0.4104 0.8808
vn -0.4893 0.2064 0.8474
vn -0.2532 0.2063 0.9452
vn -0.4559 0.4104 0.7898
vn 0.9451 0.2064 0.2533
vn 0.9785 -0.2064 -0.0000
vn 0.9451 0.2064 0.2532
vn 0.9451 -0.2064 0.2533
vn 0.7898 0.4104 0.4559
vn 0.8474 0.2063 0.4892
vn 0.6448 -0.4104 0.6448
vn 0.7897 -0.4104 0.4560
vn -0.0000 -0.4104 0.9119
vn -0.2360 -0.4104 0.8809
vn -0.0000 -0.2063 0.9785
vn 0.9451 0.2064 -0.2533
vn 0.9451 -0.2064 -0.2533
vn -0.9451 -0.2064 0.2532
vn -0.8474 0.2064 0.4893
vn -0.7897 0.4104 0.4560
vn -0.4893 -0.2064 -0.8474
vn -0.2360 -0.4104 -0.8808
vn -0.4559 -0.4104 -0.7898
vn -0.2532 -0.2063 -0.9452
vn 0.9451 -0.2063 -0.2533
vn 0.7898 -0.4104 -0.4559
vn 0.8474 -0.2063 -0.4892
vn 0.8809 -0.4104 -0.2360
vn 0.4560 -0.4104 0.7897
vn -0.4560 -0.4104 0.7897
vn -0.6448 -0.4104 0.6448
vn -0.4892 -0.2063 0.8474
vn -0.8808 -0.4104 -0.2360
vn -0.9451 -0.2063 -0.2533
vn -0.8809 -0.4104 -0.2360
vn -0.9119 -0.4104 -0.0000
vn 0.2360 -0.4104 -0.8809
vn -0.0000 -0.4104 -0.9119
vn 0.2360 -0.4104 -0.8808
vn 0.2533 -0.2063 -0.9451
vn -0.4560 0.4104 -0.7897
vn -0.0000 1.0000 -0.0000
vn 0.7898 0.4104 -0.4559
vn 0.9451 0.2063 -0.2533
vn 0.8474 0.2063 -0.4892
vn 0.4892 -0.2063 -0.8474
vn 0.6448 -0.4104 -0.6448
vn 0.4560 -0.4104 -0.7897
vn -0.7898 -0.4104 0.4559
vn -0.9452 -0.2063 0.2532
vn -0.8808 -0.4104 0.2360
vn -0.8474 -0.2063 0.4892
vn -0.7898 -0.4104 -0.4559
vn -0.8474 -0.2063 -0.4892
vn -0.9452 -0.2063 -0.2532
vn 0.7897 -0.4104 -0.4560
vn 0.4559 -0.4104 0.7898
vn 0.2360 -0.4104 0.8808
vn 0.4892 -0.2063 0.8474
vn -0.7897 -0.4104 0.4560
vn -0.6919 -0.2063 0.6919
vn 0.4560 0.4104 0.7897
vn 0.4560 0.4104 -0.7897
vn 0.4892 0.2063 -0.8474
vn 0.9119 -0.4104 -0.0000
vn 0.9785 -0.2063 -0.0000
vn 0.2532 -0.2064 -0.9451
vn 0.4559 -0.4104 -0.7898
vn -0.7898 0.4104 -0.4559
vn -0.8474 0.2063 -0.4892
vn -0.6448 -0.4104 -0.6448
vn -0.6919 -0.2063 -0.6919
vn -0.7897 -0.4104 -0.4560
vn -0.2360 -0.4104 0.8808
vn -0.4893 -0.2064 0.8474
vn -0.4559 -0.4104 0.7898
vn -0.2532 -0.2063 0.9452
vn -0.2360 -0.4104 -0.8809
vn -0.0000 -0.2063 -0.9785
vn -0.0000 -1.0000 -0.0000
vn -0.8809 -0.4104 0.2360
vn -0.9451 -0.2063 0.2533
vn 0.8808 -0.4104 -0.2360
vn 0.9452 -0.2063 -0.2532
vn 0.2532 0.2064 -0.9451
vn 0.2360 -0.4104 0.8809
vn 0.2533 -0.2063 0.9451
vn -0.4560 -0.4104 -0.7897
vn -0.4892 -0.2063 -0.8474
vt 0.593750 0.218185
vt 0.593750 0.218185
vt 0.593750 0.198205
vt 0.593750 0.198205
vt 0.593750 0.025000
vt 0.593750 0.025000
vt 0.593750 0.025000
vt 0.593750 0.025000
vt 0.593750 0.225000
vt 0.593750 0.218185
vt 0.593750 0.195000
vt 0.593750 0.189207
vt 0.593750 0.025000
vt 0.593750 0.025000
vt 0.593750 0.025000
vt 0.593750 0.025000
vt 0.593750 0.025000
vt 0.593750 0.025000
vt 0.593750 0.025000
vt 0.593750 0.025000
vt 0.593750 0.025000
vt 0.593750 0.025000
vt 0.593750 0.025000
vt 0.593750 0.166421
vt 0.593750 0.166421
vt 0.593750 0.025000
vt 0.593750 0.068999
vt 0.593750 0.110000
vt 0.593750 0.076764
vt 0.593750 0.125000
vt 0.593750 0.189207
vt 0.593750 0.172224
vt 0.593750 0.225000
vt 0.593750 0.025000
vt 0.593750 0.025000
vt 0.593750 0.025000
vt 0.593750 0.025000
vt 0.593750 0.025000
vt 0.593750 0.166421
vt 0.593750 0.145208
vt 0.593750 0.198205
vt 0.593750 0.172224
vt 0.593750 0.025000
vt 0.593750 0.025000
vt 0.593750 0.025000
vt 0.593750 0.025000
vt 0.593750 0.025000
vt 0.593750 0.025000
vt 0.593750 0.025000
vt 0.593750 0.025000
vt 0.593750 0.166421
vt 0.593750 0.198205
vt 0.593750 0.218185
vt 0.593750 0.076764
vt 0.593750 0.068999
vt 0.593750 0.025000
vt 0.593750 0.025000
vt 0.593750 0.025000
vt 0.593750 0.025000
vt 0.593750 0.025000
vt 0.593750 0.025000
vt 0.593750 0.025000
vt 0.593750 0.068999
vt 0.593750 0.076764
vt 0.593750 0.025000
vt 0.593750 0.076764
vt 0.593750 0.025000
vt 0.593750 0.125000
vt 0.593750 0.125000
vt 0.593750 0.125000
vt 0.593750 0.110000
vt 0.593750 0.110000
vt 0.593750 0.145208
vt 0.593750 0.025000
vt 0.593750 0.145208
vt 0.593750 0.189207
vt 0.593750 0.195000
vt 0.593750 0.025000
vt 0.593750 0.025000
vt 0.593750 0.025000
vt 0.593750 0.025000
vt 0.593750 0.172224
vt 0.593750 0.145208
vt 0.593750 0.172224
vt 0.593750 0.025000
vt 0.593750 0.025000
vt 0.593750 0.025000
vt 0.593750 0.025000
vt 0.593750 0.025000
vt 0.593750 0.025000
vt 0.593750 0.053449
vt 0.593750 0.025000
vt 0.593750 0.025000
vt 0.593750 0.079960
vt 0.593750 0.102725
vt 0.593750 0.025000
vt 0.593750 0.025000
vt 0.593750 0.025000
vt 0.593750 0.120194
vt 0.593750 0.131175
vt 0.593750 0.025000
vt 0.593750 0.025000
vt 0.593750 0.134920
vt 0.593750 0.131175
vt 0.593750 0.120194
vt 0.593750 0.025000
vt 0.593750 0.025000
vt 0.593750 0.102725
vt 0.593750 0.079960
vt 0.593750 0.025000
vt 0.593750 0.053449
vt 0.593750 0.025000
vt 0.593750 0.025000
vt 0.593750 0.025000
vt 0.593750 0.068999
vt 0.593750 0.110000
vt 0.593750 0.025000
vt 0.593750 0.189207
vt 0.593750 0.025000
vt 0.593750 0.025000
s 0
f 3/3/1 2/2/2 1/1/3
f 2/2/2 3/3/1 4/4/4
f 7/7/5 6/6/6 5/5/7
f 6/6/8 7/7/5 8/8/9
f 11/11/10 10/10/11 9/9/12
f 10/10/11 11/11/10 12/12/13
f 15/15/14 14/14/15 13/13/16
f 14/14/15 15/15/14 16/16/17
f 19/19/18 18/18/19 17/17/20
f 18/18/19 19/19/18 20/20/21
f 22/22/22 19/19/23 21/21/24
f 19/19/23 22/22/22 23/23/25
f 25/25/26 3/3/1 24/24/27
f 3/3/1 25/25/26 4/4/4
f 26/26/28 19/19/23 17/17/29
f 19/19/23 26/26/28 21/21/30
f 29/29/31 28/28/32 27/27/33
f 28/28/32 29/29/34 30/30/35
f 4/4/36 31/31/37 2/2/38
f 31/31/37 4/4/39 32/32/40
f 2/2/41 33/33/42 1/1/43
f 33/33/42 2/2/41 9/9/44
f 23/23/45 20/20/21 19/19/46
f 20/20/21 23/23/45 34/34/47
f 37/37/48 36/36/49 35/35/50
f 36/36/49 37/37/48 38/38/51
f 41/41/52 40/40/53 39/39/54
f 40/40/53 41/41/52 42/42/55
f 44/44/56 35/35/57 43/43/58
f 35/35/57 44/44/56 37/37/48
f 45/45/59 8/8/9 7/7/5
f 8/8/9 45/45/59 46/46/60
f 2/2/41 11/11/10 9/9/12
f 11/11/10 2/2/41 31/31/61
f 16/16/17 47/47/62 14/14/63
f 47/47/64 16/16/17 48/48/65
f 49/49/66 7/7/5 5/5/67
f 7/7/5 49/49/66 50/50/68
f 52/52/69 39/39/70 51/51/71
f 39/39/70 52/52/69 41/41/52
f 33/33/42 10/10/11 53/53/72
f 10/10/11 33/33/42 9/9/44
f 54/54/73 48/48/65 16/16/74
f 48/48/65 54/54/73 55/55/75
f 20/20/21 56/56/76 18/18/19
f 56/56/76 20/20/21 57/57/77
f 59/59/78 58/58/79 57/57/80
f 58/58/81 59/59/78 60/60/82
f 34/34/47 57/57/77 20/20/83
f 57/57/77 34/34/47 59/59/84
f 63/63/85 62/62/86 61/61/87
f 62/62/88 63/63/89 64/64/90
f 65/65/91 62/62/86 45/45/92
f 62/62/86 65/65/93 61/61/87
f 66/66/94 16/16/17 15/15/14
f 16/16/17 66/66/94 54/54/73
f 58/58/95 6/6/6 67/67/96
f 6/6/6 58/58/95 5/5/7
f 51/51/71 69/69/97 68/68/98
f 69/69/97 51/51/71 39/39/70
f 10/10/99 52/52/69 53/53/100
f 52/52/69 10/10/99 41/41/52
f 25/25/101 30/30/102 70/70/103
f 30/30/102 25/25/101 24/24/104
f 54/54/105 71/71/106 55/55/107
f 71/71/106 54/54/105 69/69/108
f 13/13/109 37/37/48 44/44/110
f 37/37/48 13/13/109 14/14/111
f 73/73/112 70/70/103 72/72/113
f 70/70/103 73/73/112 25/25/26
f 35/35/57 26/26/28 43/43/58
f 26/26/28 35/35/57 21/21/114
f 12/12/115 41/41/116 10/10/117
f 41/41/116 12/12/115 42/42/118
f 64/64/119 74/74/120 62/62/88
f 74/74/120 64/64/121 29/29/122
f 72/72/123 64/64/121 63/63/85
f 64/64/121 72/72/123 70/70/124
f 30/30/102 75/75/125 28/28/126
f 75/75/125 30/30/102 24/24/27
f 77/77/127 53/53/72 76/76/128
f 53/53/72 77/77/127 33/33/129
f 62/62/88 46/46/60 45/45/130
f 46/46/131 62/62/88 74/74/120
f 68/68/98 54/54/105 66/66/132
f 54/54/105 68/68/98 69/69/133
f 69/69/97 40/40/53 71/71/134
f 40/40/53 69/69/97 39/39/54
f 26/26/135 79/79/136 78/78/137
f 79/79/136 26/26/135 17/17/138
f 46/46/139 80/80/140 8/8/141
f 80/80/140 46/46/60 81/81/142
f 75/75/125 3/3/1 82/82/143
f 3/3/1 75/75/125 24/24/104
f 84/84/144 51/51/71 83/83/145
f 51/51/71 84/84/144 52/52/146
f 85/85/147 15/15/14 13/13/148
f 15/15/14 85/85/149 86/86/150
f 18/18/19 88/88/151 87/87/152
f 88/88/153 18/18/19 56/56/154
f 36/36/49 21/21/114 35/35/50
f 21/21/114 36/36/49 22/22/155
f 65/65/156 63/63/156 61/61/156
f 63/63/156 65/65/156 50/50/156
f 63/63/156 50/50/156 72/72/156
f 72/72/156 50/50/156 49/49/156
f 72/72/156 49/49/156 73/73/156
f 73/73/156 49/49/156 89/89/156
f 89/89/156 49/49/156 90/90/156
f 91/91/156 73/73/156 89/89/156
f 90/90/156 49/49/156 60/60/156
f 90/90/156 60/60/156 92/92/156
f 92/92/156 60/60/156 93/93/156
f 73/73/156 91/91/156 32/32/156
f 32/32/156 91/91/156 94/94/156
f 32/32/156 94/94/156 95/95/156
f 93/93/156 60/60/156 59/59/156
f 93/93/156 59/59/156 96/96/156
f 96/96/156 59/59/156 97/97/156
f 97/97/156 59/59/156 34/34/156
f 97/97/156 34/34/156 98/98/156
f 32/32/156 95/95/156 31/31/156
f 31/31/156 95/95/156 99/99/156
f 31/31/156 99/99/156 100/100/156
f 98/98/156 34/34/156 23/23/156
f 98/98/156 23/23/156 101/101/156
f 101/101/156 23/23/156 102/102/156
f 31/31/156 100/100/156 11/11/156
f 11/11/156 100/100/156 103/103/156
f 11/11/156 103/103/156 104/104/156
f 11/11/156 104/104/156 12/12/156
f 12/12/156 104/104/156 105/105/156
f 102/102/156 23/23/156 22/22/156
f 102/102/156 22/22/156 106/106/156
f 106/106/156 22/22/156 107/107/156
f 12/12/156 105/105/156 42/42/156
f 42/42/156 105/105/156 108/108/156
f 42/42/156 108/108/156 109/109/156
f 107/107/156 22/22/156 36/36/156
f 42/42/156 109/109/156 40/40/156
f 107/107/156 36/36/156 110/110/156
f 40/40/156 109/109/156 111/111/156
f 110/110/156 36/36/156 112/112/156
f 40/40/156 111/111/156 112/112/156
f 40/40/156 112/112/156 36/36/156
f 40/40/156 36/36/156 38/38/156
f 40/40/156 38/38/156 71/71/156
f 71/71/156 38/38/156 47/47/156
f 71/71/156 47/47/156 55/55/156
f 55/55/156 47/47/156 48/48/156
f 50/50/157 45/45/158 7/7/159
f 45/45/59 50/50/157 65/65/93
f 67/67/160 114/114/161 113/113/162
f 114/114/161 67/67/96 6/6/8
f 116/116/163 66/66/164 115/115/165
f 66/66/132 116/116/163 68/68/166
f 117/117/167 13/13/109 44/44/168
f 13/13/169 117/117/167 85/85/147
f 8/8/9 114/114/161 6/6/8
f 114/114/161 8/8/9 80/80/170
f 82/82/171 1/1/3 118/118/172
f 1/1/3 82/82/171 3/3/173
f 83/83/145 68/68/98 116/116/174
f 68/68/98 83/83/145 51/51/175
f 73/73/112 4/4/4 25/25/101
f 4/4/4 73/73/112 32/32/176
f 60/60/177 5/5/7 58/58/178
f 5/5/7 60/60/177 49/49/66
f 29/29/122 119/119/179 74/74/180
f 119/119/179 29/29/122 27/27/33
f 56/56/181 113/113/182 88/88/153
f 113/113/182 56/56/181 67/67/160
f 14/14/111 38/38/183 37/37/184
f 38/38/183 14/14/111 47/47/62
f 120/120/185 44/44/56 43/43/186
f 44/44/56 120/120/185 117/117/187
f 76/76/188 52/52/189 84/84/190
f 52/52/189 76/76/188 53/53/191
f 17/17/20 87/87/152 79/79/192
f 87/87/152 17/17/20 18/18/193
f 70/70/103 29/29/31 64/64/121
f 29/29/31 70/70/103 30/30/102
f 27/27/194 81/81/194 119/119/194
f 81/81/194 27/27/194 28/28/194
f 81/81/194 28/28/194 80/80/194
f 80/80/194 28/28/194 75/75/194
f 80/80/194 75/75/194 114/114/194
f 114/114/194 75/75/194 82/82/194
f 114/114/194 82/82/194 113/113/194
f 113/113/194 82/82/194 118/118/194
f 113/113/194 118/118/194 88/88/194
f 88/88/194 118/118/194 77/77/194
f 88/88/194 77/77/194 87/87/194
f 87/87/194 77/77/194 76/76/194
f 87/87/194 76/76/194 79/79/194
f 79/79/194 76/76/194 84/84/194
f 79/79/194 84/84/194 78/78/194
f 78/78/194 84/84/194 83/83/194
f 78/78/194 83/83/194 120/120/194
f 120/120/194 83/83/194 116/116/194
f 120/120/194 116/116/194 117/117/194
f 117/117/194 116/116/194 115/115/194
f 117/117/194 115/115/194 85/85/194
f 85/85/194 115/115/194 86/86/194
f 115/115/195 15/15/14 86/86/150
f 15/15/14 115/115/195 66/66/196
f 74/74/120 81/81/197 46/46/198
f 81/81/142 74/74/180 119/119/179
f 57/57/199 67/67/96 56/56/181
f 67/67/96 57/57/199 58/58/95
f 118/118/200 33/33/42 77/77/127
f 33/33/42 118/118/172 1/1/201
f 43/43/58 78/78/202 120/120/185
f 78/78/202 43/43/58 26/26/203
g police.001_Mesh
v 0.280496 0.161560 0.078168
v 0.274999 0.161560 0.073950
v 0.286752 0.193872 0.071912
v 0.280496 0.161560 0.115705
v 0.284714 0.161560 0.110207
v 0.292376 0.193872 0.079241
v 0.284714 0.161560 0.083665
v 0.295912 0.193872 0.087777
v 0.287366 0.161560 0.090067
v 0.287366 0.161560 0.103806
v 0.288270 0.161560 0.096936
v 0.297118 0.193872 0.096936
v 0.295912 0.193872 0.106096
v 0.292376 0.193872 0.114631
v 0.286752 0.193872 0.121961
v 0.279423 0.193872 0.127585
v 0.274999 0.161560 0.119923
v 0.270887 0.193872 0.131120
v 0.268598 0.161560 0.122574
v 0.261728 0.193872 0.132326
v 0.261728 0.161560 0.123479
v 0.252568 0.193872 0.131120
v 0.254858 0.161560 0.122574
v 0.244033 0.193872 0.127585
v 0.248457 0.161560 0.119923
v 0.236703 0.193872 0.121961
v 0.242960 0.161560 0.115705
v 0.231079 0.193872 0.114631
v 0.238741 0.161560 0.110207
v 0.227544 0.193872 0.106096
v 0.236090 0.161560 0.103806
v 0.226338 0.193872 0.096936
v 0.227544 0.193872 0.087777
v 0.236090 0.161560 0.090067
v 0.235185 0.161560 0.096936
v 0.238741 0.161560 0.083665
v 0.231079 0.193872 0.079241
v 0.242960 0.161560 0.078168
v 0.248457 0.161560 0.073950
v 0.244033 0.193872 0.066288
v 0.236703 0.193872 0.071912
v 0.252568 0.193872 0.062752
v 0.254858 0.161560 0.071298
v 0.261728 0.193872 0.061546
v 0.261728 0.161560 0.070394
v 0.268598 0.161560 0.071298
v 0.270887 0.193872 0.062752
v 0.279423 0.193872 0.066288
vn -0.0000 1.0000 -0.0000
vn -0.6820 0.2641 0.6820
vn -0.4822 0.2641 0.8353
vn -0.8353 0.2641 0.4822
vn -0.9316 0.2641 0.2496
vn -0.8353 0.2641 0.4823
vn -0.9316 0.2641 -0.2496
vn -0.9645 0.2641 -0.0000
vn -0.8353 0.2641 -0.4823
vn -0.6820 0.2641 -0.6820
vn -0.8353 0.2641 -0.4822
vn -0.4822 0.2641 -0.8353
vn -0.4823 0.2641 -0.8353
vn -0.2496 0.2641 -0.9316
vn -0.0000 0.2641 -0.9645
vn 0.2496 0.2641 -0.9316
vn 0.4823 0.2641 -0.8353
vn 0.4822 0.2641 -0.8353
vn 0.6820 0.2641 -0.6820
vn 0.8353 0.2641 -0.4822
vn 0.8353 0.2641 -0.4823
vn 0.9316 0.2641 -0.2496
vn 0.9645 0.2641 -0.0000
vn 0.9316 0.2641 0.2496
vn 0.8353 0.2641 0.4823
vn 0.6820 0.2641 0.6820
vn 0.8353 0.2641 0.4822
vn 0.4822 0.2641 0.8353
vn 0.4823 0.2641 0.8353
vn 0.2496 0.2641 0.9316
vn -0.0000 0.2641 0.9645
vn -0.2496 0.2641 0.9316
vn -0.4823 0.2641 0.8353
vt 0.718750 0.025000
vt 0.718750 0.025000
vt 0.718750 0.025000
vt 0.718750 0.063723
vt 0.718750 0.052381
vt 0.718750 0.025000
vt 0.718750 0.025000
vt 0.718750 0.025000
vt 0.718750 0.025000
vt 0.718750 0.039174
vt 0.718750 0.025000
vt 0.718750 0.025000
vt 0.718750 0.043898
vt 0.718750 0.061508
vt 0.718750 0.076631
vt 0.718750 0.088235
vt 0.718750 0.072426
vt 0.718750 0.095529
vt 0.718750 0.077897
vt 0.718750 0.098017
vt 0.718750 0.079763
vt 0.718750 0.095529
vt 0.718750 0.077897
vt 0.718750 0.088235
vt 0.718750 0.072426
vt 0.718750 0.076631
vt 0.718750 0.063723
vt 0.718750 0.061508
vt 0.718750 0.052381
vt 0.718750 0.043898
vt 0.718750 0.039174
vt 0.718750 0.025000
vt 0.718750 0.025000
vt 0.718750 0.025000
vt 0.718750 0.025000
vt 0.718750 0.025000
vt 0.718750 0.025000
vt 0.718750 0.025000
vt 0.718750 0.025000
vt 0.718750 0.025000
vt 0.718750 0.025000
vt 0.718750 0.025000
vt 0.718750 0.025000
vt 0.718750 0.025000
vt 0.718750 0.025000
vt 0.718750 0.025000
vt 0.718750 0.025000
vt 0.718750 0.025000
s 0
f 124/124/204 121/121/204 122/122/204
f 123/123/205 122/122/206 121/121/205
f 121/121/205 126/126/207 123/123/205
f 125/125/204 121/121/204 124/124/204
f 125/125/204 127/127/204 121/121/204
f 126/126/207 121/121/205 127/127/207
f 128/128/208 127/127/209 129/129/208
f 127/127/209 128/128/208 126/126/209
f 130/130/204 129/129/204 127/127/204
f 130/130/204 127/127/204 125/125/204
f 129/129/204 130/130/204 131/131/204
f 130/130/210 132/132/211 131/131/211
f 132/132/211 130/130/210 133/133/210
f 125/125/212 133/133/210 130/130/210
f 133/133/210 125/125/212 134/134/212
f 124/124/213 134/134/214 125/125/214
f 134/134/214 124/124/213 135/135/213
f 124/124/213 136/136/215 135/135/213
f 137/137/216 138/138/217 136/136/216
f 136/136/215 124/124/213 137/137/215
f 138/138/217 137/137/216 139/139/217
f 139/139/217 140/140/218 138/138/217
f 140/140/218 139/139/217 141/141/218
f 141/141/218 142/142/219 140/140/218
f 143/143/219 144/144/220 142/142/219
f 142/142/219 141/141/218 143/143/219
f 144/144/220 143/143/219 145/145/220
f 145/145/221 146/146/222 144/144/221
f 146/146/222 145/145/221 147/147/222
f 147/147/222 148/148/223 146/146/222
f 148/148/223 147/147/222 149/149/223
f 149/149/224 150/150/225 148/148/224
f 151/151/225 152/152/226 150/150/225
f 150/150/225 149/149/224 151/151/225
f 152/152/226 154/154/227 153/153/227
f 154/154/227 152/152/226 155/155/226
f 152/152/226 151/151/225 155/155/226
f 151/151/204 154/154/204 155/155/204
f 156/156/228 153/153/227 154/154/227
f 149/149/204 154/154/204 151/151/204
f 149/149/204 156/156/204 154/154/204
f 147/147/204 156/156/204 149/149/204
f 158/158/229 157/157/230 156/156/230
f 153/153/227 156/156/228 157/157/228
f 147/147/204 158/158/204 156/156/204
f 145/145/204 159/159/204 158/158/204
f 160/160/231 158/158/229 159/159/231
f 158/158/229 160/160/231 161/161/229
f 157/157/230 158/158/229 161/161/229
f 145/145/204 158/158/204 147/147/204
f 159/159/232 162/162/233 160/160/232
f 162/162/233 159/159/232 163/163/233
f 163/163/233 164/164/234 162/162/233
f 166/166/235 164/164/234 165/165/234
f 164/164/234 163/163/233 165/165/234
f 164/164/234 166/166/235 167/167/235
f 166/166/235 168/168/236 167/167/235
f 168/168/236 166/166/235 122/122/236
f 122/122/206 123/123/205 168/168/206
f 139/139/204 166/166/204 165/165/204
f 137/137/204 122/122/204 166/166/204
f 137/137/204 166/166/204 139/139/204
f 141/141/204 165/165/204 163/163/204
f 139/139/204 165/165/204 141/141/204
f 143/143/204 163/163/204 159/159/204
f 141/141/204 163/163/204 143/143/204
f 143/143/204 159/159/204 145/145/204
f 124/124/204 122/122/204 137/137/204
f 132/132/211 129/129/208 131/131/211
f 129/129/208 132/132/211 128/128/208
g police.002_Mesh
v 0.208452 0.193872 0.096936
v 0.210267 0.193872 0.083147
v 0.210267 0.193872 0.110725
v 0.215589 0.193872 0.123574
v 0.215589 0.193872 0.070298
v 0.224056 0.193872 0.059264
v 0.224056 0.193872 0.134608
v 0.226338 0.193872 0.096936
v 0.227544 0.193872 0.106096
v 0.235090 0.193872 0.143075
v 0.231079 0.193872 0.114631
v 0.236703 0.193872 0.121961
v 0.247939 0.193872 0.148397
v 0.244033 0.193872 0.127585
v 0.252568 0.193872 0.131120
v 0.261728 0.193872 0.150212
v 0.261728 0.193872 0.132326
v 0.275517 0.193872 0.148397
v 0.270887 0.193872 0.131120
v 0.279423 0.193872 0.127585
v 0.288366 0.193872 0.143075
v 0.286752 0.193872 0.121961
v 0.292376 0.193872 0.114631
v 0.299400 0.193872 0.134608
v 0.299400 0.193872 0.059264
v 0.295912 0.193872 0.106096
v 0.297118 0.193872 0.096936
v 0.307866 0.193872 0.123574
v 0.307866 0.193872 0.070298
v 0.313189 0.193872 0.110725
v 0.313189 0.193872 0.083147
v 0.315004 0.193872 0.096936
v 0.295912 0.193872 0.087777
v 0.292376 0.193872 0.079241
v 0.288366 0.193872 0.050798
v 0.286752 0.193872 0.071912
v 0.279423 0.193872 0.066288
v 0.270887 0.193872 0.062752
v 0.275517 0.193872 0.045475
v 0.261728 0.193872 0.043660
v 0.261728 0.193872 0.061546
v 0.247939 0.193872 0.045475
v 0.252568 0.193872 0.062752
v 0.244033 0.193872 0.066288
v 0.236703 0.193872 0.071912
v 0.235090 0.193872 0.050798
v 0.231079 0.193872 0.079241
v 0.227544 0.193872 0.087777
vn -0.0000 1.0000 -0.0000
vt 0.718750 0.125000
vt 0.718750 0.099118
vt 0.718750 0.150882
vt 0.718750 0.175000
vt 0.718750 0.075000
vt 0.718750 0.054289
vt 0.718750 0.195711
vt 0.718750 0.125000
vt 0.718750 0.142193
vt 0.718750 0.211602
vt 0.718750 0.158214
vt 0.718750 0.171971
vt 0.718750 0.221593
vt 0.718750 0.182528
vt 0.718750 0.189164
vt 0.718750 0.225000
vt 0.718750 0.191427
vt 0.718750 0.221593
vt 0.718750 0.189164
vt 0.718750 0.182528
vt 0.718750 0.211602
vt 0.718750 0.171971
vt 0.718750 0.158214
vt 0.718750 0.195711
vt 0.718750 0.054289
vt 0.718750 0.142193
vt 0.718750 0.125000
vt 0.718750 0.175000
vt 0.718750 0.075000
vt 0.718750 0.150882
vt 0.718750 0.099118
vt 0.718750 0.125000
vt 0.718750 0.107807
vt 0.718750 0.091786
vt 0.718750 0.038397
vt 0.718750 0.078029
vt 0.718750 0.067472
vt 0.718750 0.060836
vt 0.718750 0.028407
vt 0.718750 0.025000
vt 0.718750 0.058573
vt 0.718750 0.028407
vt 0.718750 0.060836
vt 0.718750 0.067472
vt 0.718750 0.078029
vt 0.718750 0.038397
vt 0.718750 0.091786
vt 0.718750 0.107807
s 0
f 171/171/237 170/170/237 169/169/237
f 170/170/237 171/171/237 172/172/237
f 170/170/237 172/172/237 173/173/237
f 173/173/237 172/172/237 174/174/237
f 174/174/237 172/172/237 175/175/237
f 174/174/237 175/175/237 176/176/237
f 175/175/237 177/177/237 176/176/237
f 177/177/237 175/175/237 178/178/237
f 177/177/237 178/178/237 179/179/237
f 179/179/237 178/178/237 180/180/237
f 180/180/237 178/178/237 181/181/237
f 182/182/237 181/181/237 183/183/237
f 180/180/237 181/181/237 182/182/237
f 183/183/237 181/181/237 184/184/237
f 183/183/237 184/184/237 185/185/237
f 185/185/237 184/184/237 186/186/237
f 187/187/237 186/186/237 188/188/237
f 185/185/237 186/186/237 187/187/237
f 188/188/237 186/186/237 189/189/237
f 190/190/237 189/189/237 191/191/237
f 188/188/237 189/189/237 190/190/237
f 191/191/237 189/189/237 192/192/237
f 191/191/237 192/192/237 194/194/237
f 193/193/237 192/192/237 196/196/237
f 193/193/237 195/195/237 192/192/237
f 194/194/237 192/192/237 195/195/237
f 197/197/237 196/196/237 198/198/237
f 193/193/237 196/196/237 197/197/237
f 197/197/237 198/198/237 199/199/237
f 199/199/237 198/198/237 200/200/237
f 193/193/237 201/201/237 195/195/237
f 193/193/237 202/202/237 201/201/237
f 203/203/237 202/202/237 193/193/237
f 203/203/237 204/204/237 202/202/237
f 203/203/237 205/205/237 204/204/237
f 207/207/237 206/206/237 205/205/237
f 207/207/237 205/205/237 203/203/237
f 208/208/237 206/206/237 207/207/237
f 208/208/237 209/209/237 206/206/237
f 208/208/237 211/211/237 209/209/237
f 210/210/237 211/211/237 208/208/237
f 210/210/237 212/212/237 211/211/237
f 210/210/237 213/213/237 212/212/237
f 214/214/237 213/213/237 210/210/237
f 214/214/237 215/215/237 213/213/237
f 214/214/237 216/216/237 215/215/237
f 174/174/237 216/216/237 214/214/237
f 174/174/237 176/176/237 216/216/237
g police.003_Mesh
v -0.383491 -0.210028 0.129248
v -0.383491 -0.166946 0.129248
v -0.383451 -0.210028 0.129552
v -0.452369 -0.210028 0.129248
v -0.358664 -0.210028 0.096936
v -0.484681 -0.177716 0.129248
v -0.475217 -0.200565 0.129248
v -0.452369 -0.210028 0.096936
v -0.484681 -0.177716 0.096936
v -0.475217 -0.200565 0.096936
v -0.484681 0.177716 0.096936
v -0.358664 -0.129248 0.096936
v -0.358664 0.129248 0.096936
v -0.355361 0.129248 0.122025
v -0.475217 0.200565 0.096936
v -0.358664 0.129248 0.064624
v -0.355361 0.129248 0.071847
v -0.355361 0.161560 0.071847
v -0.358664 0.161560 0.096936
v -0.341316 0.096936 0.075611
v -0.344124 0.096936 0.096936
v -0.341316 0.096936 0.118262
v -0.355361 0.210029 0.122025
v -0.358664 0.210029 0.096936
v -0.350836 0.210029 0.186044
v -0.370862 0.210029 0.159945
v -0.383451 0.210029 0.129552
v -0.383491 0.210029 0.129248
v -0.452369 0.210029 0.096936
v -0.452369 0.210029 0.129248
v -0.475217 0.200565 0.129248
v -0.484681 0.177716 0.129248
v -0.383491 0.166946 0.129248
v -0.383451 0.167047 0.129552
v -0.420057 0.177716 0.161560
v -0.463140 0.166946 0.129248
v -0.463140 -0.166946 0.129248
v -0.484681 -0.177716 0.161560
v -0.484681 0.177716 0.161560
v -0.484681 0.177716 0.210029
v -0.484681 -0.177716 0.210029
v -0.468525 0.177716 0.258497
v -0.290809 0.177716 0.258497
v -0.484681 0.113092 0.242341
v -0.468525 0.113092 0.258497
v -0.484681 0.177716 0.242341
v -0.484681 -0.113092 0.242341
v -0.290809 -0.177716 0.258497
v -0.468525 -0.113092 0.258497
v -0.468525 -0.177716 0.258497
v -0.484681 -0.177716 0.242341
v -0.420057 -0.177716 0.161560
v -0.370862 -0.177178 0.159945
v -0.383451 -0.167047 0.129552
v -0.369622 -0.177716 0.161560
v -0.350836 -0.177716 0.186044
v -0.350836 -0.210028 0.186044
v -0.324736 -0.177716 0.206070
v -0.324736 -0.210028 0.206070
v -0.294343 -0.177716 0.218659
v -0.261728 -0.177716 0.222953
v -0.294343 -0.210029 0.218659
v -0.310196 -0.210028 0.180886
v -0.286817 -0.210029 0.190570
v -0.261728 -0.210029 0.222953
v -0.261728 -0.210029 0.193873
v -0.236639 -0.210029 0.190570
v -0.229112 -0.210029 0.218659
v -0.229112 -0.177716 0.218659
v -0.177716 -0.177716 0.258497
v -0.198719 -0.177716 0.206070
v -0.177716 -0.177716 0.189954
v -0.198719 -0.210029 0.206070
v -0.213260 -0.210029 0.180886
v -0.172620 -0.177716 0.186044
v -0.193184 -0.210029 0.165481
v -0.172620 -0.210029 0.186044
v -0.153834 -0.177716 0.161560
v -0.177779 -0.210029 0.145404
v -0.168095 -0.210029 0.122025
v -0.152594 -0.210029 0.159945
v -0.152594 -0.177178 0.159945
v -0.164792 -0.210029 0.096936
v -0.164792 -0.210029 0.064624
v -0.135711 -0.210029 0.096936
v -0.140005 -0.210029 0.129552
v -0.140005 -0.167047 0.129552
v 0.153834 -0.177716 0.161560
v -0.135711 -0.156175 0.096936
v 0.140005 -0.167047 0.129552
v 0.152594 -0.177178 0.159945
v 0.135711 -0.156175 0.096936
v 0.135711 -0.210029 0.096936
v 0.140005 -0.210029 0.129552
v 0.152594 -0.210029 0.159945
v 0.164792 -0.210029 0.064624
v 0.164792 -0.129248 0.064624
v 0.164792 -0.129248 0.096936
v 0.164792 -0.210029 0.096936
v 0.172620 -0.210029 0.186044
v 0.168095 -0.210029 0.122025
v 0.168095 -0.129248 0.122025
v 0.177779 -0.129248 0.145404
v 0.358664 -0.129248 0.064624
v 0.358664 -0.210029 0.064624
v 0.164792 0.129248 0.064624
v -0.164792 -0.129248 0.064624
v 0.436213 -0.177716 0.064624
v 0.358664 -0.210029 0.096936
v 0.358664 -0.129248 0.096936
v 0.355361 -0.129248 0.122025
v 0.261728 -0.129248 0.193872
v 0.236639 -0.129248 0.190569
v 0.213260 -0.129248 0.180885
v 0.345677 -0.129248 0.145404
v 0.193184 -0.129248 0.165480
v 0.310196 -0.129248 0.180885
v 0.286817 -0.129248 0.190569
v 0.330272 -0.129248 0.165480
v 0.330272 -0.210029 0.165480
v 0.310196 -0.210029 0.180885
v 0.324736 -0.210029 0.206070
v 0.350836 -0.210029 0.186044
v 0.345677 -0.210029 0.145404
v 0.355361 -0.210029 0.122025
v 0.370862 -0.210029 0.159945
v 0.403901 -0.210029 0.064624
v 0.383491 -0.210029 0.129248
v 0.383451 -0.210029 0.129552
v 0.383451 -0.167047 0.129552
v 0.370862 -0.177178 0.159945
v 0.369622 -0.177716 0.161560
v 0.350836 -0.177716 0.186044
v 0.387745 -0.177716 0.161560
v 0.387745 -0.177716 0.193872
v 0.420057 -0.177716 0.193872
v 0.420057 -0.177716 0.226185
v 0.324736 -0.177716 0.206070
v 0.226185 0.144903 0.258497
v 0.261728 -0.177716 0.222953
v 0.420057 0.177716 0.226185
v 0.294344 -0.177716 0.218659
v 0.226185 -0.177716 0.258497
v 0.226185 -0.144903 0.258497
v 0.119784 -0.118303 0.364897
v 0.096936 0.145404 0.387745
v 0.119784 0.118303 0.364897
v 0.096936 -0.145404 0.387745
v -0.208122 -0.145404 0.387745
v -0.064624 -0.153241 0.356398
v 0.083264 -0.153241 0.356398
v 0.181165 -0.177716 0.258497
v 0.064624 -0.046598 0.387745
v 0.064624 0.046598 0.387745
v 0.064624 -0.113092 0.387745
v 0.064624 0.113092 0.387745
v -0.000000 0.113092 0.387745
v -0.193872 0.113092 0.387745
v -0.208121 0.145404 0.387745
v -0.193872 -0.113092 0.387745
v -0.000000 -0.113092 0.387745
v -0.177716 0.177716 0.258497
v -0.234263 0.149443 0.371589
v -0.064624 0.153241 0.356398
v -0.234263 -0.149443 0.371589
v -0.240635 -0.119520 0.358844
v -0.276358 -0.137381 0.287398
v -0.276358 0.137381 0.287398
v -0.240635 0.119520 0.358844
v -0.064624 0.177716 0.258497
v 0.083264 0.153241 0.356398
v 0.181165 0.177716 0.258497
v 0.226185 0.177716 0.258497
v 0.185117 0.177716 0.258497
v 0.185117 0.226185 0.226185
v 0.185117 0.177716 0.226185
v 0.185117 0.242341 0.258497
v 0.185117 0.242341 0.242341
v 0.226185 0.242341 0.258497
v 0.226185 0.242341 0.242341
v 0.226185 0.226185 0.226185
v 0.226185 0.177716 0.226185
v 0.261728 0.177716 0.222953
v 0.229112 0.177716 0.218659
v 0.226185 0.177716 0.217447
v 0.198719 0.177716 0.206070
v 0.172620 0.177716 0.186044
v 0.229112 0.210029 0.218659
v 0.198719 0.210029 0.206070
v 0.213260 0.210029 0.180885
v 0.193184 0.210029 0.165480
v 0.177779 0.210029 0.145404
v 0.172620 0.210029 0.186044
v 0.168095 0.210029 0.122025
v 0.164792 0.210029 0.096936
v 0.152594 0.210029 0.159945
v 0.153834 0.177716 0.161560
v 0.152594 0.177178 0.159945
v -0.152594 0.177178 0.159945
v -0.140005 0.167047 0.129552
v -0.153833 0.177716 0.161560
v -0.135711 0.156175 0.096936
v 0.135711 0.210029 0.096936
v 0.140005 0.167047 0.129552
v 0.135711 0.156175 0.096936
v -0.135711 0.210029 0.096936
v 0.164792 0.210029 0.064624
v -0.164792 0.210029 0.064624
v -0.152594 0.210029 0.159945
v -0.140005 0.210029 0.129552
v -0.164792 0.210029 0.096936
v -0.168095 0.210029 0.122025
v -0.172620 0.210029 0.186044
v -0.177779 0.210029 0.145404
v -0.193184 0.210029 0.165481
v -0.198719 0.210029 0.206070
v -0.198719 0.177716 0.206070
v -0.172620 0.177716 0.186044
v -0.177716 0.177716 0.189954
v -0.229112 0.177716 0.218659
v -0.229112 0.210029 0.218659
v -0.261728 0.177716 0.222953
v -0.294343 0.177716 0.218659
v -0.261728 0.210029 0.222953
v -0.261728 0.210029 0.193873
v -0.286817 0.210029 0.190570
v -0.294343 0.210029 0.218659
v -0.310196 0.210029 0.180886
v -0.324736 0.210029 0.206070
v -0.324736 0.177716 0.206070
v -0.350836 0.177716 0.186044
v -0.369622 0.177716 0.161560
v -0.370862 0.177178 0.159945
v -0.330272 0.210029 0.165481
v -0.345677 0.210029 0.145404
v -0.345677 0.129248 0.145404
v -0.330272 0.129248 0.165481
v -0.164792 0.129248 0.064624
v -0.261728 0.129248 0.193873
v -0.168095 0.129248 0.122025
v -0.164792 0.129248 0.096936
v -0.286817 0.129248 0.190570
v -0.177779 0.129248 0.145404
v -0.193184 0.129248 0.165481
v -0.213260 0.129248 0.180886
v -0.236639 0.129248 0.190570
v -0.310196 0.129248 0.180886
v -0.236639 0.210029 0.190570
v -0.213260 0.210029 0.180886
v -0.286817 0.161560 0.190570
v -0.310196 0.129248 0.180886
v -0.283053 0.096936 0.176525
v -0.261728 0.096936 0.179332
v -0.261728 0.096936 0.014540
v -0.240402 0.096936 0.017348
v -0.240402 0.096936 0.176525
v -0.220530 0.096936 0.025579
v -0.220530 0.096936 0.168293
v -0.236639 0.129248 0.190570
v -0.236639 0.161560 0.190570
v -0.213260 0.129248 0.180886
v -0.203465 0.096936 0.155199
v -0.213260 0.161560 0.180886
v -0.193184 0.129248 0.165481
v -0.193184 0.161560 0.165481
v -0.177779 0.129248 0.145404
v -0.177779 0.161560 0.145404
v -0.203465 0.193873 0.155199
v -0.190371 0.193873 0.138134
v -0.208452 0.193873 0.096936
v -0.210267 0.193873 0.110725
v -0.220530 0.193873 0.168293
v -0.203465 0.193873 0.038674
v -0.193184 0.161560 0.028392
v -0.220530 0.193873 0.025579
v -0.190371 0.193873 0.055738
v -0.177779 0.161560 0.048468
v -0.210267 0.193873 0.083147
v -0.215589 0.193873 0.070298
v -0.224056 0.193873 0.059264
v -0.240402 0.193873 0.017348
v -0.235090 0.193873 0.050798
v -0.247939 0.193873 0.045475
v -0.261728 0.193873 0.043660
v -0.261728 0.193873 0.014540
v -0.261728 0.161560 0.000000
v -0.283053 0.193873 0.017348
v -0.236639 0.161560 0.003303
v -0.236639 0.129248 0.003303
v -0.213260 0.161560 0.012987
v -0.213260 0.129248 0.012987
v -0.193184 0.129248 0.028392
v -0.203465 0.096936 0.038674
v -0.190371 0.096936 0.055738
v -0.177779 0.129248 0.048468
v -0.168095 0.161560 0.071847
v -0.168095 0.129248 0.071847
v -0.164792 0.161560 0.096936
v -0.164792 0.129248 0.096936
v -0.182140 0.096936 0.075611
v -0.190371 0.096936 0.138134
v -0.179332 0.096936 0.096936
v -0.182140 0.096936 0.118262
v -0.168095 0.129248 0.122025
v -0.168095 0.161560 0.122025
v -0.182140 0.193873 0.118262
v -0.182140 0.193873 0.075611
v -0.179332 0.193873 0.096936
v -0.261728 0.129248 0.000000
v -0.286817 0.129248 0.003303
v -0.286817 0.161560 0.003303
v -0.310196 0.161560 0.012987
v -0.302926 0.193873 0.025579
v -0.310196 0.129248 0.012987
v -0.330272 0.129248 0.028392
v -0.330272 0.161560 0.028392
v -0.302926 0.096936 0.025579
v -0.283053 0.096936 0.017348
v -0.302926 0.096936 0.168293
v -0.319990 0.096936 0.155199
v -0.330272 0.129248 0.165481
v -0.330272 0.161560 0.165481
v -0.345677 0.129248 0.145404
v -0.345677 0.161560 0.145404
v -0.355361 0.161560 0.122025
v -0.319990 0.193873 0.155199
v -0.333085 0.193873 0.138134
v -0.341316 0.193873 0.118262
v -0.333085 0.193873 0.055738
v -0.341316 0.193873 0.075611
v -0.344124 0.193873 0.096936
v -0.345677 0.161560 0.048468
v -0.319990 0.193873 0.038674
v -0.307866 0.193873 0.070298
v -0.313189 0.193873 0.083147
v -0.315004 0.193873 0.096936
v -0.313189 0.193873 0.110725
v -0.307866 0.193873 0.123574
v -0.299400 0.193873 0.134608
v -0.302926 0.193873 0.168293
v -0.283053 0.193873 0.176525
v -0.310196 0.161560 0.180886
v -0.288366 0.193873 0.143075
v -0.275517 0.193873 0.148397
v -0.261728 0.193873 0.179332
v -0.261728 0.193873 0.150213
v -0.247939 0.193873 0.148397
v -0.240402 0.193873 0.176525
v -0.235090 0.193873 0.143075
v -0.224056 0.193873 0.134608
v -0.215589 0.193873 0.123574
v -0.261728 0.161560 0.193873
v -0.299400 0.193873 0.059264
v -0.288366 0.193873 0.050798
v -0.275517 0.193873 0.045475
v -0.345677 0.129248 0.048468
v -0.333085 0.096936 0.055738
v -0.319991 0.096936 0.038674
v -0.333085 0.096936 0.138134
v 0.140005 0.210029 0.129552
v 0.164792 0.129248 0.096936
v 0.168095 0.129248 0.122025
v 0.177779 0.129248 0.145404
v 0.358664 0.129248 0.064624
v 0.345677 0.129248 0.145404
v 0.358664 0.129248 0.096936
v 0.330272 0.129248 0.165480
v 0.261728 0.129248 0.193872
v 0.236639 0.129248 0.190569
v 0.355361 0.129248 0.122025
v 0.403901 0.210028 0.064624
v 0.213260 0.129248 0.180885
v 0.436213 0.177716 0.064624
v 0.310196 0.129248 0.180885
v 0.193184 0.129248 0.165480
v 0.426749 0.200565 0.064624
v 0.358664 0.210028 0.064624
v 0.286817 0.129248 0.190569
v 0.261728 0.210029 0.193872
v 0.286817 0.210029 0.190569
v 0.310196 0.210028 0.180885
v 0.294344 0.210029 0.218659
v 0.324737 0.210028 0.206070
v 0.261728 0.210029 0.222953
v 0.294344 0.177716 0.218659
v 0.324737 0.177716 0.206070
v 0.350836 0.210028 0.186044
v 0.350836 0.177716 0.186044
v 0.387745 0.177716 0.193872
v 0.369622 0.177716 0.161560
v 0.370862 0.210028 0.159945
v 0.387745 0.177716 0.161560
v 0.370862 0.177178 0.159945
v 0.383451 0.167047 0.129552
v 0.383491 0.166946 0.129248
v 0.383451 0.210028 0.129552
v 0.383491 0.210028 0.129248
v 0.403901 0.210028 0.129248
v 0.426749 0.200565 0.129248
v 0.436213 0.177716 0.129248
v 0.436213 -0.177716 0.129248
v 0.409287 0.166946 0.129248
v 0.409286 -0.166946 0.129248
v 0.420057 0.177716 0.161560
v 0.420057 -0.177716 0.161560
v 0.420057 0.177716 0.193872
v 0.420057 0.113092 0.161560
v 0.387745 0.177716 0.161560
v 0.387745 0.177716 0.193872
v 0.420057 -0.113092 0.161560
v 0.420057 0.113092 0.193872
v 0.420057 -0.113092 0.193872
v 0.387745 -0.177716 0.161560
v 0.387745 -0.177716 0.193872
v 0.383491 -0.166946 0.129248
v 0.426749 -0.200565 0.129248
v 0.426749 -0.200565 0.064624
v 0.403901 -0.210029 0.129248
v 0.358664 0.210028 0.096936
v 0.355361 0.210028 0.122025
v 0.345677 0.210028 0.145404
v 0.330272 0.210028 0.165480
v 0.236639 0.210029 0.190569
v 0.064624 0.046598 0.420057
v 0.064624 -0.046598 0.420057
v -0.000000 -0.046598 0.420057
v -0.000000 0.046598 0.420057
v -0.000000 -0.046598 0.387745
v -0.000000 0.046598 0.387745
v 0.185117 -0.177716 0.258497
v 0.185117 -0.177716 0.226185
v 0.185117 -0.242341 0.258497
v 0.185117 -0.242341 0.242341
v 0.226185 -0.242341 0.242341
v 0.185117 -0.226185 0.226185
v 0.226185 -0.226185 0.226185
v 0.226185 -0.177716 0.226185
v 0.229112 -0.177716 0.218659
v 0.226185 -0.177716 0.217447
v 0.198719 -0.177716 0.206070
v 0.198719 -0.210029 0.206070
v 0.177779 -0.210029 0.145404
v 0.193184 -0.210029 0.165480
v 0.213260 -0.210029 0.180885
v 0.229112 -0.210029 0.218659
v 0.236639 -0.210029 0.190569
v 0.261728 -0.210029 0.222953
v 0.261728 -0.210029 0.193872
v 0.286817 -0.210029 0.190569
v 0.294344 -0.210029 0.218659
v 0.172620 -0.177716 0.186044
v 0.226185 -0.242341 0.258497
v -0.064624 -0.177716 0.258497
v -0.358664 -0.129248 0.064624
v -0.193184 -0.129248 0.165481
v -0.355361 -0.129248 0.122025
v -0.213260 -0.129248 0.180886
v -0.164792 -0.129248 0.096936
v -0.168095 -0.129248 0.122025
v -0.261728 -0.129248 0.193873
v -0.286817 -0.129248 0.190570
v -0.310196 -0.129248 0.180886
v -0.177779 -0.129248 0.145404
v -0.345677 -0.129248 0.145404
v -0.330272 -0.129248 0.165481
v -0.236639 -0.129248 0.190570
v -0.345677 -0.210028 0.145404
v -0.330272 -0.210028 0.165481
v -0.355361 -0.210028 0.122025
v -0.286817 -0.161560 0.190570
v -0.310196 -0.129248 0.180886
v -0.302926 -0.096936 0.168293
v -0.283053 -0.096936 0.176525
v -0.261728 -0.096936 0.179332
v -0.283053 -0.096936 0.017348
v -0.302926 -0.096936 0.025579
v -0.310196 -0.129248 0.012987
v -0.286817 -0.129248 0.003303
v -0.319991 -0.096936 0.038674
v -0.345677 -0.129248 0.048468
v -0.319990 -0.096936 0.155199
v -0.333085 -0.096936 0.055738
v -0.330272 -0.129248 0.028392
v -0.330272 -0.161560 0.028392
v -0.310196 -0.161560 0.012987
v -0.345677 -0.161560 0.048468
v -0.355361 -0.161560 0.071847
v -0.319991 -0.193872 0.038674
v -0.333085 -0.193872 0.055738
v -0.341316 -0.193872 0.118262
v -0.341316 -0.193872 0.075611
v -0.333085 -0.193872 0.138134
v -0.345677 -0.161560 0.145404
v -0.355361 -0.161560 0.122025
v -0.319991 -0.193872 0.155199
v -0.330272 -0.161560 0.165481
v -0.310196 -0.161560 0.180886
v -0.315004 -0.193872 0.096936
v -0.313189 -0.193872 0.110725
v -0.302926 -0.193872 0.168293
v -0.283053 -0.193872 0.176525
v -0.307866 -0.193872 0.123574
v -0.299400 -0.193872 0.134608
v -0.288366 -0.193872 0.143075
v -0.275517 -0.193872 0.148397
v -0.261728 -0.193872 0.150213
v -0.261728 -0.193872 0.179332
v -0.261728 -0.161560 0.193873
v -0.236639 -0.161560 0.190570
v -0.240402 -0.193872 0.176525
v -0.247939 -0.193872 0.148397
v -0.235090 -0.193872 0.143075
v -0.220530 -0.193872 0.168293
v -0.224056 -0.193872 0.134608
v -0.215589 -0.193872 0.123574
v -0.210267 -0.193872 0.110725
v -0.203465 -0.193872 0.155199
v -0.203465 -0.193872 0.038674
v -0.190371 -0.193872 0.055738
v -0.193184 -0.161560 0.165481
v -0.213260 -0.161560 0.180886
v -0.177779 -0.161560 0.145404
v -0.190371 -0.193872 0.138134
v -0.208452 -0.193872 0.096936
v -0.210267 -0.193872 0.083147
v -0.215589 -0.193872 0.070298
v -0.220530 -0.193872 0.025579
v -0.224056 -0.193872 0.059264
v -0.235090 -0.193872 0.050798
v -0.247939 -0.193872 0.045475
v -0.240402 -0.193872 0.017348
v -0.236639 -0.161560 0.003303
v -0.261728 -0.161560 -0.000000
v -0.261728 -0.193872 0.014540
v -0.261728 -0.193872 0.043660
v -0.275517 -0.193872 0.045475
v -0.283053 -0.193872 0.017348
v -0.288366 -0.193872 0.050798
v -0.299400 -0.193872 0.059264
v -0.307866 -0.193872 0.070298
v -0.302926 -0.193872 0.025579
v -0.313189 -0.193872 0.083147
v -0.286817 -0.161560 0.003303
v -0.261728 -0.129248 -0.000000
v -0.236639 -0.129248 0.003303
v -0.261728 -0.096936 0.014540
v -0.240402 -0.096936 0.176525
v -0.240402 -0.096936 0.017348
v -0.213260 -0.129248 0.012987
v -0.220530 -0.096936 0.025579
v -0.220530 -0.096936 0.168293
v -0.203465 -0.096936 0.155199
v -0.193184 -0.129248 0.165481
v -0.213260 -0.129248 0.180886
v -0.236639 -0.129248 0.190570
v -0.177779 -0.129248 0.145404
v -0.168095 -0.129248 0.122025
v -0.190371 -0.096936 0.138134
v -0.168095 -0.161560 0.122025
v -0.164792 -0.161560 0.096936
v -0.182140 -0.193872 0.118262
v -0.179332 -0.193872 0.096936
v -0.182140 -0.193872 0.075611
v -0.168095 -0.161560 0.071847
v -0.168095 -0.129248 0.071847
v -0.177779 -0.161560 0.048468
v -0.164792 -0.129248 0.096936
v -0.182140 -0.096936 0.075611
v -0.179332 -0.096936 0.096936
v -0.182140 -0.096936 0.118262
v -0.190371 -0.096936 0.055738
v -0.203465 -0.096936 0.038674
v -0.177779 -0.129248 0.048468
v -0.193184 -0.129248 0.028392
v -0.193184 -0.161560 0.028392
v -0.213260 -0.161560 0.012987
v -0.330272 -0.129248 0.165481
v -0.345677 -0.129248 0.145404
v -0.333085 -0.096936 0.138134
v -0.341316 -0.096936 0.118262
v -0.341316 -0.096936 0.075611
v -0.355361 -0.129248 0.071847
v -0.344124 -0.096936 0.096936
v -0.358664 -0.161560 0.096936
v -0.344124 -0.193872 0.096936
v -0.370862 -0.210028 0.159945
v -0.484681 0.113092 0.210029
v -0.484681 -0.113092 0.210029
vn -0.0000 -0.0000 1.0000
vn -0.9659 -0.0000 0.2588
vn -0.9915 -0.0000 0.1304
vn -0.0000 -1.0000 -0.0000
vn -0.7071 -0.7071 -0.0000
vn -0.3827 -0.9239 -0.0000
vn -0.9239 -0.3827 -0.0000
vn -0.0000 -0.0000 -1.0000
vn -1.0000 -0.0000 -0.0000
vn -0.9785 -0.2063 -0.0000
vn -0.8808 -0.4104 0.2360
vn -0.9451 -0.2063 0.2533
vn 0.9914 -0.0000 -0.1305
vn 0.9659 -0.0000 -0.2588
vn -0.0000 1.0000 -0.0000
vn -0.9451 -0.2064 0.2533
vn -0.9785 0.2064 -0.0000
vn -0.9785 -0.2064 -0.0000
vn -0.8808 -0.4104 -0.2360
vn -0.9452 -0.2063 -0.2532
vn -0.9451 0.2064 -0.2532
vn -0.9451 -0.2064 -0.2533
vn -0.9451 0.2064 -0.2533
vn -0.8809 -0.4104 -0.2360
vn -0.9119 -0.4104 -0.0000
vn -0.8809 -0.4104 0.2360
vn -0.7071 0.7071 -0.0000
vn -0.3827 0.9239 -0.0000
vn -0.9239 0.3827 -0.0000
vn -0.9723 -0.0000 0.2339
vn 0.0001 0.9487 -0.3162
vn 0.0001 0.9487 -0.3161
vn -0.0000 0.9487 -0.3162
vn -0.8321 -0.0000 -0.5547
vn -0.3827 -0.0000 0.9239
vn -0.8629 -0.0000 0.5054
vn -0.7071 -0.0000 0.7071
vn -0.3827 0.0001 0.9239
vn -0.0000 -0.9487 -0.3163
vn 0.0001 -0.9487 -0.3162
vn -0.0000 -0.9487 -0.3162
vn -0.0000 -0.9487 -0.3161
vn -0.5000 -0.0000 0.8660
vn -0.7934 -0.0000 0.6087
vn -0.2588 -0.0000 0.9659
vn -0.5000 0.0001 0.8660
vn -0.2588 0.0001 0.9659
vn 0.2588 -0.0000 0.9659
vn -0.0000 0.0001 1.0000
vn 0.5000 -0.0001 0.8660
vn 0.5000 -0.0000 0.8660
vn 0.6088 -0.0000 0.7934
vn 0.6087 -0.0000 0.7934
vn 0.7071 -0.0000 0.7071
vn 0.7934 -0.0000 0.6087
vn 0.8660 -0.0000 0.5000
vn 0.7934 -0.0000 0.6088
vn 0.7932 -0.0000 0.6090
vn 0.8773 -0.0000 0.4799
vn 0.9659 -0.0000 0.2588
vn 0.9914 -0.0000 0.1305
vn 0.9723 -0.0000 0.2339
vn -0.0000 -0.9486 -0.3165
vn -0.0000 -0.9486 -0.3163
vn -0.0000 -0.9487 -0.3160
vn -0.9914 -0.0000 0.1305
vn -0.8660 -0.0000 0.5000
vn 0.9979 -0.0000 -0.0654
vn 1.0000 -0.0000 -0.0000
vn 0.8660 -0.0000 -0.5000
vn -0.9979 -0.0000 -0.0654
vn -0.7071 -0.0000 -0.7071
vn -0.5000 -0.0000 -0.8660
vn -0.8660 -0.0000 -0.5000
vn -0.9659 -0.0000 -0.2588
vn 0.7935 -0.0000 0.6086
vn 0.1644 -0.0000 0.9864
vn -0.2841 -0.0000 0.9588
vn -0.0000 -0.9701 0.2425
vn -0.2842 -0.0000 0.9588
vn -0.0000 0.9701 0.2425
vn -0.7586 -0.0000 0.6515
vn -0.8944 -0.0000 0.4472
vn -0.0001 0.9239 -0.3827
vn -0.0000 0.9239 -0.3827
vn -0.0000 0.3827 -0.9239
vn -0.0001 0.3827 -0.9239
vn -0.5001 -0.0000 0.8660
vn -0.7934 -0.0000 0.6088
vn -0.0000 0.9487 -0.3160
vn -0.7932 -0.0000 0.6090
vn -0.8773 -0.0000 0.4799
vn -0.0000 0.9487 -0.3161
vn 0.9659 -0.0001 0.2588
vn 0.7070 -0.0000 0.7072
vn 0.5001 -0.0000 0.8660
vn 0.6088 -0.0000 0.7933
vn -0.7071 0.0001 0.7071
vn -0.7933 -0.0000 0.6088
vn 0.7071 -0.0000 -0.7071
vn 0.5000 -0.0000 -0.8660
vn 0.2588 -0.0000 -0.9659
vn -0.2588 -0.0000 -0.9659
vn -0.2533 -0.2064 0.9451
vn -0.0000 -0.4104 0.9119
vn -0.0000 -0.2063 0.9785
vn -0.0000 -0.2064 0.9785
vn -0.2533 0.2064 0.9451
vn -0.2532 0.2064 0.9451
vn -0.4892 -0.2064 0.8474
vn -0.2532 -0.2064 0.9451
vn -0.4893 -0.2064 0.8474
vn -0.2360 -0.4104 0.8808
vn -0.2532 -0.2063 0.9452
vn -0.2360 -0.4104 0.8809
vn 0.2360 -0.4104 0.8809
vn 0.2533 -0.2063 0.9451
vn 0.4559 -0.4104 0.7898
vn 0.2532 -0.2064 0.9451
vn 0.2360 -0.4104 0.8808
vn 0.2533 0.2064 0.9451
vn 0.2533 -0.2064 0.9451
vn 0.4892 -0.2064 0.8474
vn 0.2532 0.2064 0.9451
vn 0.4892 -0.2063 0.8474
vn 0.6448 -0.4104 0.6448
vn 0.6919 -0.2063 0.6919
vn 0.4560 -0.4104 0.7897
vn 0.6919 0.2064 0.6919
vn 0.4892 0.2064 0.8474
vn 0.6919 -0.2064 0.6919
vn 0.6448 0.4104 0.6448
vn 0.6919 0.2063 0.6919
vn 0.8474 -0.2064 0.4892
vn 0.8474 0.2064 0.4892
vn 0.7897 0.4104 0.4560
vn 0.4560 0.4104 0.7897
vn 0.6919 0.2064 -0.6919
vn 0.4560 0.4104 -0.7897
vn 0.6448 0.4104 -0.6448
vn 0.8474 0.2064 -0.4892
vn 0.6919 0.2063 -0.6919
vn 0.7897 0.4104 -0.4560
vn -0.0000 0.4104 -0.9119
vn 0.2533 0.2064 -0.9451
vn -0.0000 0.2063 -0.9785
vn -0.0000 0.2064 -0.9785
vn -0.2360 0.4104 -0.8809
vn 0.2360 0.4104 -0.8809
vn 0.2533 -0.2064 -0.9451
vn 0.2532 0.2064 -0.9451
vn 0.4892 -0.2064 -0.8474
vn 0.2532 -0.2064 -0.9451
vn 0.4892 0.2064 -0.8474
vn 0.2360 0.4104 -0.8808
vn 0.4893 0.2064 -0.8474
vn 0.2532 0.2063 -0.9452
vn 0.4559 -0.4104 -0.7898
vn 0.4892 -0.2063 -0.8474
vn 0.6448 -0.4104 -0.6448
vn 0.6919 -0.2063 -0.6919
vn 0.6919 -0.2064 -0.6919
vn 0.4560 -0.4104 -0.7897
vn 0.8474 -0.2064 -0.4892
vn 0.7897 -0.4104 -0.4560
vn 0.9451 0.2064 -0.2532
vn 0.8474 0.2064 -0.4893
vn 0.9451 -0.2064 -0.2532
vn 0.7898 -0.4104 -0.4559
vn 0.8474 -0.2063 -0.4892
vn 0.9785 0.2064 -0.0000
vn 0.9451 -0.2064 -0.2533
vn 0.9451 0.2064 -0.2533
vn 0.9785 -0.2064 -0.0000
vn 0.8808 -0.4104 -0.2360
vn 0.9451 -0.2063 -0.2533
vn 0.8809 -0.4104 -0.2360
vn 0.9119 -0.4104 -0.0000
vn 0.9451 -0.2064 0.2532
vn 0.7898 -0.4104 0.4559
vn 0.8808 -0.4104 0.2360
vn 0.9451 -0.2064 0.2533
vn 0.8809 -0.4104 0.2360
vn 0.8474 -0.2063 0.4892
vn 0.8474 -0.2064 0.4893
vn 0.9451 0.2064 0.2532
vn 0.9785 -0.2063 -0.0000
vn 0.9451 0.2064 0.2533
vn 0.8808 0.4104 0.2360
vn 0.9451 0.2063 0.2533
vn 0.7898 0.4104 0.4559
vn 0.9452 0.2063 0.2532
vn 0.8474 0.2063 0.4892
vn 0.8809 0.4104 0.2360
vn 0.9119 0.4104 -0.0000
vn 0.8809 0.4104 -0.2360
vn 0.9452 0.2063 -0.2532
vn 0.7898 0.4104 -0.4559
vn 0.8808 0.4104 -0.2360
vn 0.9451 0.2063 -0.2533
vn 0.7897 -0.4104 0.4560
vn 0.8474 0.2063 -0.4892
vn 0.4892 0.2063 -0.8474
vn 0.4559 0.4104 -0.7898
vn -0.0000 -0.2064 -0.9785
vn 0.2360 -0.4104 -0.8808
vn 0.2360 -0.4104 -0.8809
vn 0.2533 -0.2063 -0.9451
vn -0.0000 -0.4104 -0.9119
vn -0.2533 -0.2064 -0.9451
vn -0.0000 -0.2063 -0.9785
vn -0.2533 0.2064 -0.9451
vn -0.4892 -0.2064 -0.8474
vn -0.2532 0.2064 -0.9451
vn -0.2532 -0.2064 -0.9451
vn -0.2360 0.4104 -0.8808
vn -0.2533 0.2063 -0.9451
vn -0.4893 0.2064 -0.8474
vn -0.4559 0.4104 -0.7898
vn -0.4892 0.2063 -0.8474
vn -0.6919 0.2064 -0.6919
vn -0.4892 0.2064 -0.8474
vn -0.2360 -0.4104 -0.8808
vn -0.4893 -0.2064 -0.8474
vn -0.2532 -0.2063 -0.9452
vn -0.4560 -0.4104 -0.7897
vn -0.6919 -0.2064 -0.6919
vn -0.4892 -0.2063 -0.8474
vn -0.4893 -0.2064 -0.8473
vn -0.4559 -0.4104 -0.7898
vn -0.2360 -0.4104 -0.8809
vn -0.4560 -0.4104 0.7897
vn -0.6919 -0.2064 0.6919
vn -0.6448 -0.4104 0.6448
vn -0.4893 -0.2064 0.8473
vn -0.4559 -0.4104 0.7898
vn -0.4892 -0.2063 0.8474
vn -0.8474 0.2064 0.4892
vn -0.6919 -0.2063 0.6919
vn -0.6919 0.2063 0.6919
vn -0.6919 0.2064 0.6919
vn -0.8474 -0.2064 0.4892
vn -0.9451 0.2064 0.2532
vn -0.7898 0.4104 0.4559
vn -0.9451 0.2063 0.2533
vn -0.8474 0.2063 0.4892
vn -0.6448 0.4104 0.6448
vn -0.7897 0.4104 0.4560
vn -0.8808 0.4104 0.2360
vn -0.7898 0.4104 -0.4559
vn -0.8809 0.4104 -0.2360
vn -0.9785 0.2063 -0.0000
vn -0.9119 0.4104 -0.0000
vn -0.8808 0.4104 -0.2360
vn -0.9452 0.2063 -0.2532
vn -0.9451 0.2064 0.2533
vn -0.8809 0.4104 0.2360
vn -0.9451 0.2063 -0.2533
vn -0.8474 0.2063 -0.4892
vn -0.6448 0.4104 -0.6448
vn -0.8474 0.2064 -0.4892
vn -0.7897 0.4104 -0.4560
vn -0.4560 0.4104 -0.7897
vn -0.6919 0.2063 -0.6919
vn -0.4893 0.2064 0.8474
vn -0.2360 0.4104 0.8808
vn -0.4559 0.4104 0.7898
vn -0.4892 0.2064 0.8474
vn -0.4560 0.4104 0.7897
vn -0.0000 0.4104 0.9119
vn 0.2360 0.4104 0.8809
vn 0.2360 0.4104 0.8808
vn 0.4893 0.2064 0.8474
vn 0.4559 0.4104 0.7898
vn 0.2532 0.2063 0.9452
vn -0.2360 0.4104 0.8809
vn -0.0000 0.2063 0.9785
vn -0.0000 0.2064 0.9785
vn -0.2532 0.2063 0.9452
vn -0.9451 -0.2064 -0.2532
vn -0.8474 -0.2064 -0.4892
vn -0.7898 -0.4104 -0.4559
vn -0.9451 -0.2063 -0.2533
vn -0.8474 -0.2063 -0.4892
vn -0.6448 -0.4104 -0.6448
vn -0.6919 -0.2063 -0.6919
vn -0.7897 -0.4104 -0.4560
vn -0.9451 -0.2064 0.2532
vn -0.7898 -0.4104 0.4559
vn -0.8474 -0.2063 0.4892
vn -0.7897 -0.4104 0.4560
vn -0.0001 0.9486 -0.3164
vn 0.5819 -0.0000 0.8132
vn -0.0000 1.0000 -0.0002
vn 0.6594 -0.0000 0.7518
vn 0.6593 -0.0000 0.7518
vn 0.7071 0.7071 -0.0000
vn 0.3827 0.9239 -0.0000
vn 0.5819 0.0001 0.8132
vn 0.7071 0.7071 0.0002
vn 0.9808 0.1951 -0.0000
vn 0.9808 -0.1951 -0.0000
vn 0.9487 -0.0000 -0.3162
vn -0.0000 -1.0000 0.0001
vn -0.0000 1.0000 -0.0001
vn 0.7071 0.7071 0.0003
vn 0.0001 -1.0000 -0.0000
vn -0.0001 1.0000 -0.0000
vn 0.7071 0.7071 -0.0004
vn 0.7071 -0.7071 -0.0000
vn 0.7071 -0.7071 0.0004
vn 0.7071 -0.7071 -0.0003
vn 0.6593 0.0001 0.7518
vn -0.0001 -0.9486 -0.3164
vn 0.3827 -0.9239 -0.0000
vn -0.0000 -0.0001 1.0000
vn 0.7071 0.0003 0.7071
vn -0.7071 0.0004 0.7071
vn -0.7071 -0.0003 0.7071
vn 0.7071 -0.0004 0.7071
vn 1.0000 -0.0001 -0.0000
vn -1.0000 0.0001 -0.0000
vn -0.0000 -0.3827 -0.9239
vn -0.0000 -0.9239 -0.3827
vn 0.0002 -0.9239 -0.3827
vn 0.0001 -0.3827 -0.9239
vn -0.3826 -0.0001 0.9239
vn 0.0001 -0.9239 -0.3827
vn 0.7071 -0.0001 0.7071
vn -0.2533 0.2063 0.9451
vn -0.4892 0.2063 0.8474
vn 0.4892 0.2063 0.8474
vn 0.4893 -0.2064 0.8474
vn 0.2532 -0.2063 0.9452
vn -0.9452 -0.2063 0.2532
vn -0.7933 -0.0001 0.6088
vn -0.8629 -0.0000 0.5055
vn -0.0000 1.0000 0.0001
vn -0.0000 -1.0000 -0.0001
vt 0.093750 0.311364
vt 0.718750 0.061364
vt 0.093750 0.311364
vt 0.093750 0.311534
vt 0.093750 0.311364
vt 0.718750 0.043182
vt 0.093750 0.293182
vt 0.093750 0.311364
vt 0.093750 0.311364
vt 0.718750 0.043182
vt 0.093750 0.293182
vt 0.093750 0.293182
vt 0.718750 0.043182
vt 0.093750 0.293182
vt 0.718750 0.043182
vt 0.718750 0.043182
vt 0.093750 0.293182
vt 0.593750 0.043182
vt 0.593750 0.025000
vt 0.093750 0.293182
vt 0.718750 0.043182
vt 0.593750 0.043182
vt 0.718750 0.043182
vt 0.593750 0.025000
vt 0.093750 0.293182
vt 0.093750 0.307299
vt 0.593750 0.057299
vt 0.593750 0.076764
vt 0.718750 0.043182
vt 0.093750 0.293182
vt 0.593750 0.025000
vt 0.718750 0.025000
vt 0.593750 0.025000
vt 0.593750 0.025000
vt 0.593750 0.025000
vt 0.593750 0.025000
vt 0.593750 0.025000
vt 0.593750 0.068999
vt 0.093750 0.307299
vt 0.718750 0.043182
vt 0.093750 0.293182
vt 0.093750 0.343322
vt 0.093750 0.328636
vt 0.093750 0.311534
vt 0.093750 0.311364
vt 0.718750 0.043182
vt 0.093750 0.293182
vt 0.093750 0.311364
vt 0.093750 0.311364
vt 0.093750 0.311364
vt 0.093750 0.311364
vt 0.718750 0.061364
vt 0.718750 0.061534
vt 0.093750 0.311534
vt 0.718750 0.079545
vt 0.093750 0.311364
vt 0.718750 0.061364
vt 0.718750 0.061364
vt 0.093750 0.311364
vt 0.718750 0.079545
vt 0.718750 0.079545
vt 0.718750 0.106818
vt 0.718750 0.106818
vt 0.718750 0.134091
vt 0.718750 0.134091
vt 0.718750 0.125000
vt 0.718750 0.134091
vt 0.718750 0.125000
vt 0.718750 0.125000
vt 0.718750 0.134091
vt 0.718750 0.134091
vt 0.718750 0.134091
vt 0.718750 0.125000
vt 0.718750 0.079545
vt 0.718750 0.078636
vt 0.093750 0.328636
vt 0.718750 0.061534
vt 0.093750 0.311534
vt 0.718750 0.079545
vt 0.093750 0.329545
vt 0.093750 0.343322
vt 0.718750 0.093322
vt 0.093750 0.343322
vt 0.718750 0.104591
vt 0.093750 0.354591
vt 0.093750 0.354591
vt 0.718750 0.111675
vt 0.093750 0.361675
vt 0.093750 0.364091
vt 0.718750 0.114091
vt 0.093750 0.361675
vt 0.093750 0.340420
vt 0.093750 0.345869
vt 0.093750 0.364091
vt 0.093750 0.347727
vt 0.093750 0.345869
vt 0.093750 0.361675
vt 0.093750 0.361675
vt 0.718750 0.111675
vt 0.718750 0.134091
vt 0.718750 0.104591
vt 0.093750 0.354591
vt 0.718750 0.095522
vt 0.093750 0.345522
vt 0.093750 0.354591
vt 0.093750 0.340420
vt 0.093750 0.343322
vt 0.093750 0.331751
vt 0.093750 0.343322
vt 0.093750 0.329545
vt 0.093750 0.320455
vt 0.093750 0.307299
vt 0.093750 0.328636
vt 0.093750 0.328636
vt 0.093750 0.293182
vt 0.093750 0.275000
vt 0.718750 0.025000
vt 0.093750 0.293182
vt 0.093750 0.311534
vt 0.093750 0.311534
vt 0.093750 0.329545
vt 0.093750 0.293182
vt 0.093750 0.311534
vt 0.093750 0.328636
vt 0.093750 0.293182
vt 0.093750 0.293182
vt 0.093750 0.311534
vt 0.093750 0.328636
vt 0.718750 0.025000
vt 0.093750 0.275000
vt 0.093750 0.275000
vt 0.593750 0.025000
vt 0.718750 0.025000
vt 0.093750 0.293182
vt 0.593750 0.043182
vt 0.093750 0.293182
vt 0.093750 0.343322
vt 0.093750 0.307299
vt 0.093750 0.307299
vt 0.593750 0.057299
vt 0.593750 0.070455
vt 0.093750 0.320455
vt 0.718750 0.025000
vt 0.093750 0.275000
vt 0.593750 0.025000
vt 0.093750 0.275000
vt 0.718750 0.025000
vt 0.093750 0.275000
vt 0.593750 0.025000
vt 0.718750 0.025000
vt 0.093750 0.275000
vt 0.718750 0.025000
vt 0.593750 0.025000
vt 0.093750 0.275000
vt 0.718750 0.025000
vt 0.093750 0.293182
vt 0.593750 0.043182
vt 0.093750 0.293182
vt 0.593750 0.057299
vt 0.093750 0.307299
vt 0.593750 0.097727
vt 0.093750 0.347727
vt 0.593750 0.095869
vt 0.093750 0.345869
vt 0.593750 0.090420
vt 0.093750 0.340420
vt 0.593750 0.070455
vt 0.093750 0.320455
vt 0.593750 0.081751
vt 0.093750 0.331751
vt 0.593750 0.090420
vt 0.093750 0.340420
vt 0.593750 0.095869
vt 0.093750 0.345869
vt 0.593750 0.081751
vt 0.093750 0.331751
vt 0.093750 0.331751
vt 0.093750 0.340420
vt 0.093750 0.354591
vt 0.093750 0.343322
vt 0.093750 0.320455
vt 0.093750 0.307299
vt 0.093750 0.328636
vt 0.718750 0.025000
vt 0.093750 0.275000
vt 0.093750 0.311364
vt 0.093750 0.311534
vt 0.718750 0.061534
vt 0.093750 0.311534
vt 0.093750 0.328636
vt 0.718750 0.078636
vt 0.093750 0.329545
vt 0.718750 0.079545
vt 0.718750 0.093322
vt 0.093750 0.343322
vt 0.718750 0.079545
vt 0.718750 0.097727
vt 0.718750 0.097727
vt 0.218750 0.225000
vt 0.718750 0.115909
vt 0.718750 0.104591
vt 0.093750 0.354591
vt 0.718750 0.134091
vt 0.093750 0.364091
vt 0.718750 0.114091
vt 0.718750 0.115909
vt 0.718750 0.111675
vt 0.093750 0.361675
vt 0.718750 0.134091
vt 0.718750 0.134091
vt 0.718750 0.193962
vt 0.718750 0.206818
vt 0.718750 0.193962
vt 0.718750 0.206818
vt 0.718750 0.206818
vt 0.718750 0.189179
vt 0.718750 0.189179
vt 0.718750 0.134091
vt 0.718750 0.206818
vt 0.593750 0.206818
vt 0.718750 0.206818
vt 0.593750 0.206818
vt 0.718750 0.206818
vt 0.718750 0.206818
vt 0.718750 0.206818
vt 0.718750 0.206818
vt 0.718750 0.206818
vt 0.718750 0.206818
vt 0.718750 0.206818
vt 0.718750 0.134091
vt 0.718750 0.197727
vt 0.718750 0.189179
vt 0.718750 0.197727
vt 0.718750 0.190556
vt 0.718750 0.150353
vt 0.718750 0.150353
vt 0.718750 0.190556
vt 0.718750 0.134091
vt 0.718750 0.189179
vt 0.718750 0.134091
vt 0.718750 0.134091
vt 0.093750 0.384091
vt 0.718750 0.134091
vt 0.093750 0.365909
vt 0.718750 0.115909
vt 0.093750 0.365909
vt 0.718750 0.115909
vt 0.093750 0.384091
vt 0.718750 0.134091
vt 0.093750 0.375000
vt 0.718750 0.125000
vt 0.718750 0.134091
vt 0.718750 0.125000
vt 0.718750 0.115909
vt 0.718750 0.115909
vt 0.718750 0.114091
vt 0.093750 0.364091
vt 0.718750 0.111675
vt 0.093750 0.361675
vt 0.718750 0.110992
vt 0.093750 0.360992
vt 0.093750 0.354591
vt 0.093750 0.343322
vt 0.093750 0.361675
vt 0.093750 0.354591
vt 0.093750 0.340420
vt 0.093750 0.331751
vt 0.093750 0.320455
vt 0.093750 0.343322
vt 0.093750 0.307299
vt 0.093750 0.293182
vt 0.093750 0.328636
vt 0.093750 0.329545
vt 0.093750 0.328636
vt 0.093750 0.328636
vt 0.093750 0.311534
vt 0.093750 0.329545
vt 0.093750 0.293182
vt 0.093750 0.293182
vt 0.093750 0.311534
vt 0.093750 0.293182
vt 0.093750 0.293182
vt 0.718750 0.025000
vt 0.093750 0.275000
vt 0.718750 0.025000
vt 0.093750 0.275000
vt 0.093750 0.328636
vt 0.093750 0.311534
vt 0.093750 0.293182
vt 0.093750 0.307299
vt 0.093750 0.343322
vt 0.093750 0.320455
vt 0.093750 0.331751
vt 0.093750 0.354591
vt 0.093750 0.354591
vt 0.718750 0.104591
vt 0.093750 0.343322
vt 0.093750 0.345522
vt 0.718750 0.095522
vt 0.093750 0.361675
vt 0.718750 0.111675
vt 0.093750 0.361675
vt 0.718750 0.114091
vt 0.093750 0.364091
vt 0.093750 0.361675
vt 0.718750 0.111675
vt 0.093750 0.364091
vt 0.093750 0.347727
vt 0.093750 0.345869
vt 0.093750 0.361675
vt 0.093750 0.340420
vt 0.093750 0.354591
vt 0.093750 0.354591
vt 0.718750 0.104591
vt 0.093750 0.343322
vt 0.718750 0.093322
vt 0.718750 0.079545
vt 0.093750 0.329545
vt 0.718750 0.078636
vt 0.093750 0.328636
vt 0.093750 0.331751
vt 0.093750 0.320455
vt 0.093750 0.320455
vt 0.593750 0.070455
vt 0.593750 0.081751
vt 0.093750 0.331751
vt 0.093750 0.275000
vt 0.718750 0.025000
vt 0.593750 0.025000
vt 0.593750 0.097727
vt 0.593750 0.225000
vt 0.093750 0.347727
vt 0.593750 0.057299
vt 0.093750 0.307299
vt 0.593750 0.043182
vt 0.093750 0.293182
vt 0.593750 0.095869
vt 0.093750 0.345869
vt 0.593750 0.218185
vt 0.593750 0.070455
vt 0.093750 0.320455
vt 0.593750 0.081751
vt 0.093750 0.331751
vt 0.593750 0.090420
vt 0.093750 0.340420
vt 0.593750 0.095869
vt 0.093750 0.345869
vt 0.593750 0.090420
vt 0.093750 0.340420
vt 0.093750 0.345869
vt 0.093750 0.340420
vt 0.593750 0.218185
vt 0.593750 0.198205
vt 0.593750 0.189207
vt 0.593750 0.195000
vt 0.593750 0.025000
vt 0.593750 0.025000
vt 0.593750 0.189207
vt 0.593750 0.025000
vt 0.593750 0.172224
vt 0.593750 0.218185
vt 0.593750 0.218185
vt 0.593750 0.198205
vt 0.593750 0.145208
vt 0.593750 0.198205
vt 0.593750 0.166421
vt 0.593750 0.166421
vt 0.593750 0.125000
vt 0.593750 0.125000
vt 0.593750 0.145208
vt 0.593750 0.110000
vt 0.593750 0.025000
vt 0.593750 0.053449
vt 0.593750 0.172224
vt 0.593750 0.025000
vt 0.593750 0.025000
vt 0.593750 0.025000
vt 0.593750 0.025000
vt 0.593750 0.025000
vt 0.593750 0.025000
vt 0.593750 0.025000
vt 0.593750 0.025000
vt 0.593750 0.025000
vt 0.593750 0.025000
vt 0.593750 0.025000
vt 0.593750 0.025000
vt 0.593750 0.025000
vt 0.593750 0.025000
vt 0.593750 0.025000
vt 0.593750 0.025000
vt 0.593750 0.025000
vt 0.593750 0.025000
vt 0.593750 0.025000
vt 0.593750 0.025000
vt 0.593750 0.025000
vt 0.593750 0.025000
vt 0.593750 0.025000
vt 0.593750 0.025000
vt 0.593750 0.025000
vt 0.593750 0.025000
vt 0.593750 0.025000
vt 0.593750 0.025000
vt 0.593750 0.110000
vt 0.593750 0.025000
vt 0.593750 0.068999
vt 0.593750 0.076764
vt 0.593750 0.076764
vt 0.593750 0.068999
vt 0.593750 0.025000
vt 0.593750 0.025000
vt 0.593750 0.025000
vt 0.593750 0.025000
vt 0.593750 0.025000
vt 0.593750 0.025000
vt 0.593750 0.025000
vt 0.593750 0.025000
vt 0.593750 0.025000
vt 0.593750 0.025000
vt 0.593750 0.025000
vt 0.593750 0.025000
vt 0.593750 0.172224
vt 0.593750 0.145208
vt 0.593750 0.166421
vt 0.593750 0.166421
vt 0.593750 0.125000
vt 0.593750 0.125000
vt 0.593750 0.076764
vt 0.593750 0.145208
vt 0.593750 0.110000
vt 0.593750 0.068999
vt 0.593750 0.025000
vt 0.593750 0.025000
vt 0.593750 0.025000
vt 0.593750 0.025000
vt 0.593750 0.025000
vt 0.593750 0.025000
vt 0.593750 0.025000
vt 0.593750 0.025000
vt 0.593750 0.053449
vt 0.593750 0.079960
vt 0.593750 0.102725
vt 0.593750 0.172224
vt 0.593750 0.189207
vt 0.593750 0.198205
vt 0.593750 0.120194
vt 0.593750 0.131175
vt 0.593750 0.195000
vt 0.593750 0.134920
vt 0.593750 0.131175
vt 0.593750 0.189207
vt 0.593750 0.120194
vt 0.593750 0.102725
vt 0.593750 0.079960
vt 0.593750 0.225000
vt 0.593750 0.025000
vt 0.593750 0.025000
vt 0.593750 0.025000
vt 0.593750 0.025000
vt 0.593750 0.025000
vt 0.593750 0.025000
vt 0.593750 0.110000
vt 0.093750 0.311534
vt 0.093750 0.293182
vt 0.593750 0.043182
vt 0.093750 0.307299
vt 0.593750 0.057299
vt 0.593750 0.070455
vt 0.093750 0.320455
vt 0.093750 0.275000
vt 0.718750 0.025000
vt 0.593750 0.025000
vt 0.593750 0.070455
vt 0.093750 0.320455
vt 0.593750 0.043182
vt 0.093750 0.293182
vt 0.593750 0.081751
vt 0.093750 0.331751
vt 0.593750 0.097727
vt 0.093750 0.347727
vt 0.593750 0.095869
vt 0.093750 0.345869
vt 0.593750 0.057299
vt 0.093750 0.307299
vt 0.718750 0.025000
vt 0.093750 0.275000
vt 0.593750 0.090420
vt 0.093750 0.340420
vt 0.718750 0.025000
vt 0.093750 0.275000
vt 0.593750 0.090420
vt 0.093750 0.340420
vt 0.593750 0.081751
vt 0.093750 0.331751
vt 0.718750 0.025000
vt 0.093750 0.275000
vt 0.718750 0.025000
vt 0.093750 0.275000
vt 0.593750 0.095869
vt 0.093750 0.345869
vt 0.093750 0.347727
vt 0.093750 0.345869
vt 0.093750 0.340420
vt 0.093750 0.361675
vt 0.093750 0.354591
vt 0.093750 0.364091
vt 0.718750 0.111675
vt 0.093750 0.361675
vt 0.093750 0.354591
vt 0.718750 0.104591
vt 0.093750 0.343322
vt 0.093750 0.343322
vt 0.718750 0.093322
vt 0.718750 0.097727
vt 0.093750 0.329545
vt 0.718750 0.079545
vt 0.093750 0.328636
vt 0.718750 0.079545
vt 0.718750 0.078636
vt 0.093750 0.328636
vt 0.718750 0.061534
vt 0.093750 0.311534
vt 0.093750 0.311364
vt 0.718750 0.061364
vt 0.093750 0.311534
vt 0.093750 0.311364
vt 0.093750 0.311364
vt 0.093750 0.311364
vt 0.093750 0.311364
vt 0.093750 0.311364
vt 0.093750 0.311364
vt 0.718750 0.061364
vt 0.718750 0.061364
vt 0.093750 0.311364
vt 0.718750 0.079545
vt 0.218750 0.025000
vt 0.718750 0.079545
vt 0.218750 0.025000
vt 0.218750 0.225000
vt 0.718750 0.097727
vt 0.718750 0.079545
vt 0.218750 0.025000
vt 0.218750 0.025000
vt 0.218750 0.225000
vt 0.718750 0.079545
vt 0.218750 0.025000
vt 0.218750 0.225000
vt 0.718750 0.097727
vt 0.718750 0.097727
vt 0.218750 0.225000
vt 0.218750 0.025000
vt 0.218750 0.225000
vt 0.718750 0.061364
vt 0.093750 0.311364
vt 0.093750 0.311364
vt 0.718750 0.025000
vt 0.093750 0.275000
vt 0.093750 0.311364
vt 0.093750 0.293182
vt 0.093750 0.307299
vt 0.093750 0.320455
vt 0.093750 0.331751
vt 0.093750 0.345869
vt 0.593750 0.225000
vt 0.593750 0.225000
vt 0.593750 0.225000
vt 0.593750 0.225000
vt 0.593750 0.206818
vt 0.593750 0.206818
vt 0.093750 0.384091
vt 0.718750 0.134091
vt 0.093750 0.365909
vt 0.718750 0.115909
vt 0.093750 0.384091
vt 0.718750 0.134091
vt 0.093750 0.375000
vt 0.718750 0.125000
vt 0.718750 0.125000
vt 0.093750 0.365909
vt 0.718750 0.115909
vt 0.718750 0.115909
vt 0.718750 0.115909
vt 0.093750 0.361675
vt 0.718750 0.111675
vt 0.718750 0.110992
vt 0.093750 0.360992
vt 0.093750 0.354591
vt 0.093750 0.354591
vt 0.093750 0.320455
vt 0.093750 0.331751
vt 0.093750 0.340420
vt 0.093750 0.361675
vt 0.093750 0.345869
vt 0.093750 0.364091
vt 0.093750 0.347727
vt 0.093750 0.345869
vt 0.093750 0.361675
vt 0.093750 0.343322
vt 0.718750 0.134091
vt 0.718750 0.134091
vt 0.593750 0.025000
vt 0.718750 0.025000
vt 0.593750 0.081751
vt 0.093750 0.331751
vt 0.593750 0.057299
vt 0.593750 0.076764
vt 0.093750 0.307299
vt 0.593750 0.090420
vt 0.093750 0.340420
vt 0.593750 0.043182
vt 0.093750 0.293182
vt 0.593750 0.057299
vt 0.093750 0.307299
vt 0.593750 0.097727
vt 0.593750 0.225000
vt 0.093750 0.347727
vt 0.593750 0.095869
vt 0.093750 0.345869
vt 0.593750 0.218185
vt 0.593750 0.090420
vt 0.093750 0.340420
vt 0.593750 0.070455
vt 0.093750 0.320455
vt 0.593750 0.070455
vt 0.093750 0.320455
vt 0.593750 0.081751
vt 0.093750 0.331751
vt 0.593750 0.095869
vt 0.093750 0.345869
vt 0.093750 0.320455
vt 0.093750 0.331751
vt 0.093750 0.307299
vt 0.593750 0.218185
vt 0.593750 0.198205
vt 0.593750 0.172224
vt 0.593750 0.189207
vt 0.593750 0.195000
vt 0.593750 0.025000
vt 0.593750 0.025000
vt 0.593750 0.025000
vt 0.593750 0.025000
vt 0.593750 0.025000
vt 0.593750 0.025000
vt 0.593750 0.145208
vt 0.593750 0.025000
vt 0.593750 0.025000
vt 0.593750 0.025000
vt 0.593750 0.025000
vt 0.593750 0.025000
vt 0.593750 0.025000
vt 0.593750 0.025000
vt 0.593750 0.025000
vt 0.593750 0.068999
vt 0.593750 0.025000
vt 0.593750 0.110000
vt 0.593750 0.125000
vt 0.593750 0.076764
vt 0.593750 0.145208
vt 0.593750 0.166421
vt 0.593750 0.198205
vt 0.593750 0.025000
vt 0.593750 0.053449
vt 0.593750 0.172224
vt 0.593750 0.189207
vt 0.593750 0.079960
vt 0.593750 0.102725
vt 0.593750 0.120194
vt 0.593750 0.131175
vt 0.593750 0.134920
vt 0.593750 0.195000
vt 0.593750 0.225000
vt 0.593750 0.218185
vt 0.593750 0.189207
vt 0.593750 0.131175
vt 0.593750 0.120194
vt 0.593750 0.172224
vt 0.593750 0.102725
vt 0.593750 0.079960
vt 0.593750 0.053449
vt 0.593750 0.145208
vt 0.593750 0.025000
vt 0.593750 0.025000
vt 0.593750 0.166421
vt 0.593750 0.198205
vt 0.593750 0.125000
vt 0.593750 0.110000
vt 0.593750 0.025000
vt 0.593750 0.025000
vt 0.593750 0.025000
vt 0.593750 0.025000
vt 0.593750 0.025000
vt 0.593750 0.025000
vt 0.593750 0.025000
vt 0.593750 0.025000
vt 0.593750 0.025000
vt 0.593750 0.025000
vt 0.593750 0.025000
vt 0.593750 0.025000
vt 0.593750 0.025000
vt 0.593750 0.025000
vt 0.593750 0.025000
vt 0.593750 0.025000
vt 0.593750 0.025000
vt 0.593750 0.025000
vt 0.593750 0.025000
vt 0.593750 0.025000
vt 0.593750 0.025000
vt 0.593750 0.025000
vt 0.593750 0.025000
vt 0.593750 0.189207
vt 0.593750 0.025000
vt 0.593750 0.025000
vt 0.593750 0.025000
vt 0.593750 0.172224
vt 0.593750 0.145208
vt 0.593750 0.166421
vt 0.593750 0.198205
vt 0.593750 0.218185
vt 0.593750 0.125000
vt 0.593750 0.076764
vt 0.593750 0.110000
vt 0.593750 0.076764
vt 0.593750 0.025000
vt 0.593750 0.068999
vt 0.593750 0.025000
vt 0.593750 0.025000
vt 0.593750 0.025000
vt 0.593750 0.025000
vt 0.593750 0.025000
vt 0.593750 0.025000
vt 0.593750 0.025000
vt 0.593750 0.025000
vt 0.593750 0.068999
vt 0.593750 0.025000
vt 0.593750 0.025000
vt 0.593750 0.025000
vt 0.593750 0.025000
vt 0.593750 0.025000
vt 0.593750 0.025000
vt 0.593750 0.166421
vt 0.593750 0.125000
vt 0.593750 0.110000
vt 0.593750 0.068999
vt 0.593750 0.025000
vt 0.593750 0.025000
vt 0.593750 0.025000
vt 0.593750 0.025000
vt 0.593750 0.025000
vt 0.093750 0.328636
vt 0.718750 0.106818
vt 0.718750 0.106818
s 0
f 218/219/238 222/224/238 217/217/238
f 219/220/239 218/219/240 217/217/240
f 217/217/241 221/223/241 219/220/241
f 217/217/238 223/225/238 220/221/238
f 220/221/241 221/223/241 217/217/241
f 217/217/238 222/224/238 223/225/238
f 223/225/242 224/227/243 220/221/243
f 224/227/243 223/225/242 226/230/242
f 225/228/244 223/225/242 222/224/244
f 223/225/242 225/228/244 226/230/242
f 226/231/245 221/222/245 224/226/245
f 225/229/245 221/222/245 226/231/245
f 227/232/245 229/239/245 225/229/245
f 222/224/246 227/233/246 225/228/246
f 225/229/245 228/237/245 221/222/245
f 225/229/245 229/239/245 228/237/245
f 229/240/247 238/254/248 230/244/249
f 229/241/250 239/255/251 230/242/251
f 230/243/252 232/247/252 229/238/252
f 230/244/253 235/251/254 229/240/255
f 232/248/246 228/237/246 229/239/246
f 231/245/245 229/239/245 227/232/245
f 231/245/245 240/256/245 229/239/245
f 236/252/256 229/240/247 233/249/257
f 229/240/255 234/250/258 233/249/259
f 234/250/260 229/240/255 235/251/254
f 229/240/247 236/252/261 237/253/262
f 238/254/263 229/240/247 237/253/262
f 239/255/251 229/241/250 240/257/250
f 240/257/252 242/259/252 241/258/252
f 240/257/252 241/258/252 239/255/252
f 240/256/245 231/245/245 245/262/245
f 240/257/252 243/260/252 242/259/252
f 240/257/252 244/261/252 243/260/252
f 245/263/252 244/261/252 240/257/252
f 244/261/252 245/263/252 246/264/252
f 231/246/264 246/264/265 245/263/265
f 247/265/238 244/261/238 246/264/238
f 246/264/265 231/246/264 247/265/264
f 249/267/238 247/265/238 248/266/238
f 231/246/264 248/266/266 247/265/264
f 244/261/238 247/265/238 249/267/238
f 249/267/238 248/266/238 252/272/238
f 250/270/267 244/261/240 249/267/240
f 249/268/268 251/271/268 250/269/269
f 252/273/270 251/271/270 249/268/270
f 222/224/238 252/272/238 248/266/238
f 254/276/271 252/273/271 253/274/271
f 252/272/238 222/224/238 253/275/238
f 252/273/271 254/276/271 255/277/271
f 251/271/270 252/273/270 255/277/270
f 257/279/246 255/277/246 254/276/246
f 256/278/252 258/280/252 255/277/252
f 255/277/246 257/279/246 256/278/246
f 255/277/252 258/280/252 251/271/252
f 251/271/252 258/280/252 259/281/252
f 261/283/272 259/281/238 258/280/272
f 260/282/273 258/280/272 262/284/274
f 258/280/272 260/282/273 261/283/272
f 258/280/252 256/278/252 262/284/252
f 259/281/238 261/283/272 264/286/238
f 263/285/273 261/283/272 260/282/273
f 261/283/272 263/285/273 265/287/272
f 264/286/238 261/283/272 265/287/272
f 267/289/274 265/287/272 263/285/273
f 264/286/238 265/287/272 266/288/275
f 265/287/272 267/289/274 266/288/272
f 267/289/241 268/290/241 266/288/241
f 257/279/241 268/290/241 267/289/241
f 268/290/241 257/279/241 254/276/241
f 266/288/241 268/290/241 264/286/241
f 268/290/276 218/218/277 270/293/276
f 268/290/278 253/274/278 218/218/278
f 268/290/279 269/291/279 271/295/279
f 268/290/278 270/293/278 269/291/278
f 253/274/278 268/290/278 254/276/278
f 264/286/241 268/290/241 272/298/241
f 272/298/241 268/290/241 271/295/241
f 273/299/274 274/301/280 272/297/274
f 271/296/281 273/299/274 272/297/274
f 264/286/241 272/298/241 274/300/241
f 274/301/280 273/299/274 275/302/280
f 264/286/241 274/300/241 276/303/241
f 275/302/280 276/304/282 274/301/280
f 276/304/282 275/302/283 278/307/282
f 264/286/241 276/303/241 277/306/241
f 278/307/282 277/305/238 276/304/282
f 275/302/241 279/308/241 278/307/241
f 278/307/241 279/308/241 280/309/241
f 278/307/241 280/309/241 281/310/241
f 277/305/238 278/307/284 281/310/238
f 281/310/241 282/311/241 283/312/241
f 281/310/241 280/309/241 282/311/241
f 281/310/241 283/312/241 284/313/241
f 285/314/285 281/310/286 284/313/285
f 281/310/238 285/314/285 277/305/238
f 284/313/285 287/318/287 285/314/285
f 286/316/241 285/315/241 287/317/241
f 286/316/241 277/306/241 285/315/241
f 287/318/288 284/313/285 289/321/288
f 286/316/241 287/317/241 288/319/241
f 289/321/288 288/320/289 287/318/288
f 284/313/241 290/322/241 289/321/241
f 289/321/241 290/322/241 292/324/241
f 288/320/290 289/321/288 291/323/291
f 291/323/291 289/321/288 293/325/291
f 289/321/241 292/324/241 293/325/241
f 293/325/241 292/324/241 295/327/241
f 293/325/291 294/326/292 291/323/291
f 297/329/293 294/326/294 293/325/291
f 293/325/241 295/327/241 296/328/241
f 293/325/241 296/328/241 297/329/241
f 297/329/241 296/328/241 299/331/241
f 294/326/295 297/329/293 298/330/296
f 302/335/297 298/330/296 297/329/293
f 297/329/241 299/331/241 300/332/241
f 297/329/241 300/332/241 301/334/241
f 297/329/241 301/334/241 302/335/241
f 301/334/298 303/336/299 302/335/297
f 298/330/296 302/335/297 303/336/299
f 304/337/278 298/330/278 303/336/278
f 304/337/278 303/336/278 305/338/278
f 303/336/299 301/334/298 305/338/298
f 306/339/278 305/338/278 308/341/278
f 307/340/278 305/338/278 306/339/278
f 304/337/300 305/338/301 307/340/302
f 301/334/238 308/341/238 305/338/238
f 308/341/238 301/334/238 309/342/238
f 310/343/239 308/341/303 309/342/303
f 308/341/303 310/343/239 306/339/267
f 309/342/241 312/346/241 310/343/241
f 311/344/304 306/339/267 310/343/239
f 310/343/241 312/346/241 311/344/241
f 300/333/245 313/349/245 312/345/245
f 301/334/241 300/332/241 312/346/241
f 301/334/241 312/346/241 309/342/241
f 314/350/305 312/346/306 313/347/306
f 312/346/306 314/350/305 315/352/305
f 311/344/241 312/346/241 315/352/241
f 311/344/241 315/352/241 316/353/241
f 318/355/251 315/352/305 314/350/305
f 316/353/241 315/352/241 317/354/241
f 315/352/305 318/355/251 317/354/251
f 318/356/241 320/361/241 319/357/241
f 319/358/307 317/354/251 318/355/251
f 314/351/241 320/361/241 318/356/241
f 320/359/245 324/371/245 321/363/245
f 325/372/308 320/360/246 321/362/246
f 322/366/245 320/359/245 323/368/245
f 322/366/245 324/371/245 320/359/245
f 313/349/238 323/368/238 320/359/238
f 320/361/241 314/351/241 313/348/241
f 320/360/246 325/372/308 326/374/308
f 327/375/241 320/361/241 326/373/241
f 331/383/241 320/361/241 327/375/241
f 328/377/241 320/361/241 334/389/241
f 329/379/241 320/361/241 328/377/241
f 330/381/241 320/361/241 329/379/241
f 332/385/241 320/361/241 330/381/241
f 335/391/241 320/361/241 331/383/241
f 319/357/241 320/361/241 332/385/241
f 333/387/241 320/361/241 335/391/241
f 334/389/241 320/361/241 333/387/241
f 336/393/309 333/388/310 335/392/309
f 331/384/311 336/393/309 335/392/309
f 333/388/310 336/393/309 337/394/310
f 338/395/241 337/394/241 336/393/241
f 338/395/241 336/393/241 339/396/241
f 339/396/241 336/393/241 340/397/241
f 336/393/309 331/384/311 340/397/311
f 339/396/241 340/397/241 341/398/241
f 340/397/311 327/376/312 341/398/312
f 327/376/312 340/397/311 331/384/311
f 339/396/241 341/398/241 342/399/241
f 342/399/241 341/398/241 325/372/241
f 341/398/312 326/374/308 325/372/308
f 326/374/308 341/398/312 327/376/312
f 342/399/293 348/408/294 339/396/291
f 342/399/241 325/372/241 321/362/241
f 342/399/241 321/362/241 343/401/241
f 342/399/241 343/401/241 344/402/241
f 342/399/241 344/402/241 345/403/241
f 346/405/299 342/399/293 345/403/297
f 342/399/293 346/405/299 347/406/296
f 348/408/313 342/399/293 347/406/296
f 351/413/241 349/410/241 348/409/241
f 339/396/291 348/408/292 349/411/291
f 347/407/279 350/412/279 348/409/279
f 351/413/241 348/409/241 350/412/241
f 353/416/241 349/410/241 351/413/241
f 353/416/241 351/413/241 352/414/241
f 353/416/241 354/417/241 349/410/241
f 353/416/241 358/423/241 354/417/241
f 353/416/314 355/419/314 360/426/314
f 357/422/314 355/419/314 353/416/314
f 353/416/241 356/421/241 358/423/241
f 359/425/241 356/421/241 353/416/241
f 352/414/306 357/422/306 353/416/306
f 353/416/314 360/426/314 359/425/314
f 361/427/291 359/425/291 360/426/291
f 364/430/291 361/427/291 362/428/291
f 363/429/291 362/428/291 361/427/291
f 359/425/291 361/427/291 364/430/291
f 362/428/238 372/440/238 364/430/238
f 364/430/238 371/439/238 365/431/315
f 365/431/316 366/432/316 364/430/316
f 364/430/316 368/434/316 359/425/316
f 364/430/316 366/432/316 367/433/316
f 364/430/316 367/433/316 368/434/316
f 364/430/238 369/435/238 371/439/238
f 364/430/238 370/437/238 369/435/238
f 364/430/238 372/440/238 370/437/238
f 372/440/238 362/428/238 373/441/238
f 362/428/238 374/442/238 373/441/238
f 375/443/315 374/442/238 362/428/238
f 374/442/238 375/443/317 365/431/317
f 374/442/238 365/431/315 376/444/238
f 376/444/238 365/431/315 377/445/238
f 377/445/238 365/431/315 371/439/238
f 378/446/318 375/443/318 380/448/318
f 378/446/318 379/447/318 375/443/318
f 380/448/318 375/443/318 362/428/318
f 381/449/319 375/443/317 379/447/319
f 375/443/317 381/449/319 365/431/317
f 383/451/320 264/286/320 381/449/319
f 286/316/316 381/449/316 264/286/316
f 381/449/316 286/316/316 365/431/316
f 379/447/319 382/450/320 381/449/319
f 383/451/320 381/449/319 382/450/320
f 264/286/320 383/451/320 259/281/320
f 259/281/320 383/451/320 384/452/320
f 384/452/320 379/447/319 259/281/320
f 379/447/319 384/452/320 385/453/320
f 379/447/319 385/453/320 382/450/320
f 386/454/318 378/446/318 380/448/318
f 380/448/318 362/428/318 387/455/318
f 387/455/318 362/428/318 388/456/318
f 388/456/245 389/457/245 390/459/245
f 388/456/318 362/428/318 389/457/318
f 395/468/238 390/459/238 389/457/238
f 391/460/246 390/458/246 394/466/246
f 390/458/246 391/460/246 392/462/246
f 394/466/246 390/458/246 393/464/246
f 390/459/238 395/468/238 393/465/238
f 389/457/306 396/469/306 395/468/306
f 395/468/252 394/467/321 393/465/252
f 394/467/322 395/468/252 396/469/322
f 398/471/306 396/469/306 389/457/306
f 396/469/306 398/471/306 397/470/306
f 391/461/323 396/469/322 397/470/323
f 396/469/322 391/461/323 394/467/322
f 357/422/252 398/471/252 389/457/252
f 398/471/252 399/472/252 400/474/252
f 398/471/252 357/422/252 399/472/252
f 398/471/252 400/474/252 401/476/252
f 398/471/245 391/461/323 397/470/324
f 391/461/323 398/471/245 392/463/245
f 400/475/282 402/478/325 401/477/272
f 404/480/282 402/478/283 400/475/282
f 405/481/280 403/479/274 402/478/280
f 402/478/280 404/480/282 405/481/280
f 406/482/252 405/481/252 404/480/252
f 407/483/252 405/481/252 406/482/252
f 408/484/252 405/481/252 407/483/252
f 408/484/252 409/485/252 405/481/252
f 403/479/274 405/481/280 409/485/274
f 411/487/252 409/485/252 410/486/252
f 410/486/252 409/485/252 408/484/252
f 409/485/252 411/487/252 412/488/252
f 412/488/304 413/489/326 409/485/274
f 409/485/274 413/489/281 403/479/274
f 418/494/327 413/489/327 414/490/327
f 413/489/328 412/488/304 414/490/329
f 415/491/270 413/489/270 416/492/270
f 413/489/330 415/491/330 417/493/330
f 416/492/270 413/489/270 418/494/270
f 418/494/270 414/490/270 420/496/270
f 422/498/298 416/492/299 418/494/298
f 419/495/238 418/494/238 421/497/238
f 418/494/238 419/495/238 422/498/238
f 418/494/270 420/496/270 421/497/270
f 424/502/252 422/498/252 423/500/252
f 423/500/252 422/498/252 419/495/252
f 424/502/252 425/503/252 422/498/252
f 422/498/252 425/503/252 426/504/252
f 416/492/299 422/498/298 426/504/297
f 415/491/296 426/504/331 425/503/293
f 426/504/297 415/491/296 416/492/299
f 427/505/252 425/503/252 424/502/252
f 428/506/252 425/503/252 427/505/252
f 428/506/252 429/507/252 425/503/252
f 417/493/294 425/503/293 429/507/291
f 425/503/293 417/493/292 415/491/296
f 430/508/252 429/507/252 428/506/252
f 431/509/252 429/507/252 430/508/252
f 431/509/252 432/510/252 429/507/252
f 433/511/288 429/507/291 432/510/288
f 429/507/291 433/511/288 434/513/291
f 417/493/294 429/507/291 434/513/291
f 434/513/332 433/511/333 435/514/334
f 433/512/252 378/446/252 435/515/252
f 432/510/288 436/516/285 433/511/288
f 436/517/252 378/446/252 433/512/252
f 436/516/285 432/510/287 437/518/285
f 437/518/285 438/520/286 436/516/285
f 438/519/252 378/446/252 436/517/252
f 439/522/252 259/281/252 438/519/252
f 440/523/238 439/521/282 438/520/238
f 438/519/252 259/281/252 378/446/252
f 438/520/238 437/518/285 440/523/238
f 441/524/252 440/523/252 437/518/252
f 442/525/252 440/523/252 441/524/252
f 442/525/252 443/526/252 440/523/252
f 439/521/282 440/523/238 443/526/282
f 444/527/252 443/526/252 442/525/252
f 444/527/252 445/528/252 443/526/252
f 446/529/280 443/526/282 445/528/280
f 443/526/282 446/529/283 439/521/282
f 445/528/280 447/531/335 446/529/280
f 447/532/252 259/281/252 446/530/252
f 446/530/252 259/281/252 439/522/252
f 447/531/274 445/528/280 241/258/274
f 241/258/274 448/534/281 447/531/274
f 251/271/252 447/532/252 448/533/252
f 251/271/252 259/281/252 447/532/252
f 449/535/330 251/271/330 448/533/330
f 241/258/274 449/536/329 448/534/336
f 250/269/270 251/271/270 449/535/270
f 242/259/304 250/270/267 449/536/329
f 449/536/329 241/258/274 242/259/304
f 450/537/252 445/528/252 444/527/252
f 451/538/252 445/528/252 450/537/252
f 451/538/252 241/258/252 445/528/252
f 450/537/337 452/539/307 451/538/307
f 239/255/252 241/258/252 451/538/252
f 451/538/307 230/242/251 239/255/251
f 230/242/251 451/538/307 452/539/307
f 452/539/307 450/537/337 453/542/337
f 454/545/252 230/243/252 452/540/252
f 454/545/252 452/540/252 453/541/252
f 423/499/245 454/544/245 424/501/245
f 457/552/308 424/502/246 454/543/246
f 454/545/252 455/546/252 462/562/252
f 454/545/252 458/553/252 455/546/252
f 454/545/252 453/541/252 463/564/252
f 454/545/252 456/549/252 457/551/252
f 454/545/252 459/556/252 456/549/252
f 454/545/252 463/564/252 458/553/252
f 454/544/245 423/499/245 322/366/245
f 454/544/238 322/366/238 232/248/238
f 232/247/252 230/243/252 454/545/252
f 454/545/252 460/558/252 459/556/252
f 454/545/252 461/560/252 460/558/252
f 454/545/252 462/562/252 461/560/252
f 444/527/338 458/554/339 463/565/338
f 463/565/338 450/537/337 444/527/338
f 450/537/337 463/565/338 453/542/337
f 462/563/340 441/524/245 464/566/340
f 464/566/340 461/561/310 462/563/340
f 441/524/245 462/563/340 455/548/245
f 461/561/310 464/566/340 465/567/310
f 464/566/252 437/518/252 465/567/252
f 441/524/252 437/518/252 464/566/252
f 465/567/252 437/518/252 432/510/252
f 465/567/252 432/510/252 431/509/252
f 465/567/310 460/559/309 461/561/310
f 460/559/309 465/567/310 431/509/309
f 431/509/309 459/557/311 460/559/309
f 430/508/311 456/550/312 459/557/311
f 459/557/311 431/509/309 430/508/311
f 458/555/341 469/571/342 455/547/343
f 442/525/339 455/548/245 458/554/339
f 455/547/344 466/568/345 458/555/341
f 458/554/339 444/527/338 442/525/339
f 466/568/346 467/569/347 458/555/348
f 467/569/349 468/570/350 458/555/351
f 469/571/342 458/555/341 468/570/352
f 472/574/353 455/547/344 469/571/342
f 470/572/241 469/571/241 468/570/241
f 471/573/241 469/571/241 470/572/241
f 471/573/241 472/574/241 469/571/241
f 455/547/344 472/574/353 475/577/354
f 473/575/241 472/574/241 471/573/241
f 473/575/241 474/576/241 472/574/241
f 474/576/355 475/577/356 472/574/357
f 476/578/358 455/547/344 475/577/359
f 477/579/360 476/578/361 475/577/356
f 475/577/356 474/576/355 477/579/362
f 477/579/360 478/580/363 480/582/364
f 478/580/363 477/579/360 474/576/365
f 477/579/360 481/583/366 479/581/367
f 476/578/361 477/579/360 479/581/367
f 481/583/366 477/579/360 480/582/368
f 484/586/369 479/581/367 481/583/370
f 482/584/371 481/583/366 480/582/368
f 481/583/366 482/584/371 483/585/372
f 483/585/372 484/586/369 481/583/370
f 485/587/252 489/591/252 484/586/252
f 484/586/369 483/585/372 485/587/373
f 479/581/367 484/586/369 488/590/374
f 487/589/252 484/586/252 486/588/252
f 484/586/252 489/591/252 486/588/252
f 484/586/252 487/589/252 488/590/252
f 490/592/375 491/593/376 489/591/377
f 489/591/377 493/595/378 490/592/379
f 494/596/252 489/591/252 491/593/252
f 485/587/252 492/594/252 489/591/252
f 493/595/378 489/591/377 492/594/380
f 486/588/252 489/591/252 494/596/252
f 494/596/252 491/593/252 495/597/252
f 495/597/252 491/593/252 496/598/252
f 496/598/252 497/599/252 498/600/252
f 496/598/252 491/593/252 497/599/252
f 498/600/252 497/599/252 499/601/252
f 499/601/252 501/603/252 500/602/252
f 499/601/252 497/599/252 501/603/252
f 501/603/381 504/606/382 502/604/383
f 502/604/384 503/605/385 501/603/381
f 500/602/252 501/603/252 503/605/252
f 504/606/382 501/603/381 497/599/386
f 505/607/387 502/604/384 504/606/382
f 504/606/388 507/609/389 505/607/390
f 507/609/389 504/606/388 506/608/391
f 497/599/392 506/608/393 504/606/394
f 473/575/395 505/607/390 507/609/396
f 509/611/397 507/609/389 508/610/398
f 506/608/391 508/610/399 507/609/389
f 507/609/389 509/611/397 473/575/400
f 510/612/241 478/580/241 509/611/241
f 509/611/397 511/613/401 510/612/402
f 509/611/241 474/576/241 473/575/241
f 511/613/401 509/611/397 508/610/398
f 509/611/241 478/580/241 474/576/241
f 508/610/399 493/595/378 511/613/401
f 512/614/403 511/613/401 493/595/404
f 511/613/401 512/614/403 513/615/405
f 513/615/405 510/612/406 511/613/407
f 514/616/408 513/615/409 512/614/410
f 513/615/409 514/616/408 515/617/411
f 510/612/406 513/615/405 516/618/412
f 515/617/411 516/618/412 513/615/413
f 516/618/241 517/619/241 510/612/241
f 516/618/241 519/621/241 517/619/241
f 516/618/414 515/617/411 518/620/415
f 519/621/241 516/618/241 518/620/241
f 520/622/416 517/619/417 519/621/418
f 518/620/415 520/622/419 519/621/420
f 517/619/417 520/622/416 482/584/421
f 520/622/416 483/585/372 482/584/422
f 483/585/372 520/622/416 521/623/423
f 520/622/419 518/620/415 515/617/424
f 515/617/411 521/623/425 520/622/419
f 521/623/425 515/617/411 514/616/408
f 514/616/408 522/624/426 521/623/427
f 485/587/428 521/623/429 522/624/426
f 521/623/423 485/587/428 483/585/430
f 522/624/431 514/616/408 524/626/432
f 522/624/252 523/625/252 492/594/252
f 523/625/252 522/624/252 524/626/252
f 522/624/252 492/594/252 485/587/252
f 514/616/408 523/625/433 524/626/432
f 512/614/434 492/594/435 523/625/436
f 523/625/436 514/616/408 512/614/437
f 482/584/371 478/580/363 517/619/438
f 510/612/241 517/619/241 478/580/241
f 492/594/435 512/614/403 493/595/439
f 508/610/399 506/608/391 490/592/375
f 493/595/378 508/610/399 490/592/375
f 491/593/376 490/592/375 506/608/440
f 506/608/393 497/599/392 491/593/441
f 502/604/384 505/607/387 525/627/442
f 505/607/390 473/575/395 471/573/443
f 471/573/444 525/627/442 505/607/445
f 470/572/446 526/628/447 525/627/448
f 527/629/449 525/627/442 526/628/447
f 525/627/442 527/629/449 502/604/384
f 525/627/442 471/573/444 470/572/446
f 530/632/450 527/629/451 526/628/452
f 503/605/453 502/604/384 527/629/454
f 527/629/451 530/632/450 528/630/455
f 529/631/456 527/629/451 528/630/457
f 527/629/451 529/631/456 503/605/453
f 530/632/450 532/634/458 528/630/459
f 534/636/460 530/632/461 526/628/462
f 533/635/463 531/633/464 530/632/465
f 532/634/458 530/632/450 531/633/464
f 530/632/466 534/636/460 533/635/467
f 534/636/241 535/637/241 533/635/241
f 534/636/241 468/570/241 535/637/241
f 470/572/241 468/570/241 534/636/241
f 526/628/447 470/572/446 534/636/468
f 533/635/241 535/637/241 536/638/241
f 535/637/469 537/639/470 536/638/471
f 468/570/350 467/569/472 535/637/473
f 537/639/470 535/637/469 467/569/474
f 540/642/475 537/639/476 538/640/477
f 467/569/347 538/640/478 537/639/470
f 539/641/479 536/638/471 537/639/470
f 537/639/476 540/642/475 539/641/479
f 541/643/480 539/641/479 540/642/475
f 543/645/481 541/643/482 540/642/483
f 542/644/484 540/642/475 538/640/478
f 540/642/483 542/644/484 543/645/485
f 541/643/480 543/645/481 544/646/486
f 543/645/252 546/648/252 544/646/252
f 543/645/252 545/647/252 546/648/252
f 542/644/252 545/647/252 543/645/252
f 545/647/487 234/250/258 546/648/488
f 544/646/252 546/648/252 547/649/252
f 546/648/488 235/251/489 547/649/490
f 235/251/254 546/648/491 234/250/492
f 547/649/490 541/643/493 544/646/494
f 541/643/493 547/649/490 235/251/489
f 234/250/495 545/647/487 548/650/496
f 549/651/497 548/650/498 545/647/499
f 542/644/252 549/651/252 545/647/252
f 528/630/457 549/651/497 529/631/500
f 549/651/497 528/630/459 532/634/501
f 550/652/252 529/631/252 549/651/252
f 548/650/498 549/651/497 532/634/501
f 542/644/252 552/654/252 549/651/252
f 550/652/252 549/651/252 551/653/252
f 551/653/252 549/651/252 552/654/252
f 542/644/252 553/655/252 552/654/252
f 542/644/252 554/656/252 553/655/252
f 556/658/252 554/656/252 542/644/252
f 556/658/252 555/657/252 554/656/252
f 557/659/252 559/661/252 556/658/252
f 558/660/502 557/659/503 556/658/504
f 542/644/484 558/660/505 556/658/506
f 556/658/252 559/661/252 555/657/252
f 557/659/252 560/662/252 559/661/252
f 561/663/252 560/662/252 557/659/252
f 561/663/252 562/664/252 560/662/252
f 561/663/252 563/665/252 562/664/252
f 564/666/252 563/665/252 561/663/252
f 564/666/252 565/667/252 563/665/252
f 564/666/252 566/668/252 565/667/252
f 488/590/252 566/668/252 564/666/252
f 488/590/252 567/669/252 566/668/252
f 488/590/252 487/589/252 567/669/252
f 561/663/507 476/578/358 564/666/508
f 564/666/509 479/581/510 488/590/511
f 479/581/510 564/666/509 476/578/512
f 466/568/345 561/663/507 557/659/513
f 476/578/358 561/663/507 568/670/514
f 561/663/507 466/568/345 568/670/514
f 466/568/345 455/547/344 568/670/515
f 455/547/344 476/578/358 568/670/515
f 557/659/503 558/660/502 466/568/516
f 538/640/478 467/569/347 558/660/505
f 558/660/505 542/644/484 538/640/477
f 467/569/347 466/568/346 558/660/505
f 569/671/252 529/631/252 550/652/252
f 570/672/252 529/631/252 569/671/252
f 570/672/252 503/605/252 529/631/252
f 571/673/252 503/605/252 570/672/252
f 500/602/252 503/605/252 571/673/252
f 233/249/517 548/650/498 572/674/518
f 532/634/501 572/674/518 548/650/498
f 548/650/498 233/249/517 234/250/258
f 573/675/519 233/249/520 572/674/521
f 572/674/518 532/634/458 531/633/464
f 574/676/522 572/674/518 531/633/523
f 572/674/518 574/676/522 573/675/524
f 574/676/241 536/638/241 575/677/241
f 533/635/241 536/638/241 574/676/241
f 574/676/241 575/677/241 573/675/241
f 531/633/464 533/635/463 574/676/522
f 230/244/525 575/677/526 539/641/527
f 575/677/526 230/244/525 238/254/263
f 536/638/471 539/641/479 575/677/528
f 573/675/241 575/677/241 238/254/241
f 233/249/517 573/675/519 236/252/261
f 573/675/241 238/254/241 236/252/241
f 539/641/479 541/643/480 230/244/525
f 235/251/254 230/244/525 541/643/493
f 478/580/363 482/584/371 480/582/364
f 424/502/246 457/552/308 427/505/308
f 428/506/312 457/552/308 456/550/312
f 457/552/308 428/506/312 427/505/308
f 456/550/312 430/508/311 428/506/312
f 455/548/245 442/525/339 441/524/245
f 411/487/305 322/364/306 423/500/306
f 423/500/252 412/488/252 411/487/252
f 423/500/252 576/678/252 412/488/252
f 423/500/252 419/495/252 576/678/252
f 420/496/267 412/488/304 576/678/239
f 419/495/303 420/496/267 576/678/239
f 420/496/267 419/495/303 421/497/303
f 412/488/304 420/496/267 414/490/329
f 410/486/251 577/679/305 411/487/305
f 322/364/306 411/487/305 577/679/305
f 577/679/305 410/486/251 578/681/251
f 578/682/252 322/365/252 577/680/252
f 408/484/307 578/681/251 410/486/251
f 322/365/252 578/682/252 580/687/252
f 578/681/251 408/484/307 579/684/307
f 580/687/252 578/682/252 579/683/252
f 580/687/252 579/683/252 591/708/252
f 580/687/252 581/688/252 586/698/252
f 580/687/252 583/692/252 581/688/252
f 580/687/252 586/698/252 582/690/252
f 582/691/308 593/713/246 580/685/246
f 580/687/252 590/706/252 583/692/252
f 580/686/245 324/371/245 322/366/245
f 580/687/252 584/694/252 594/714/252
f 580/687/252 585/696/252 584/694/252
f 580/687/252 588/702/252 585/696/252
f 580/686/245 587/700/245 592/710/245
f 587/700/245 580/686/245 593/712/245
f 580/687/252 591/708/252 588/702/252
f 580/686/245 589/704/245 324/371/245
f 580/686/245 592/710/245 589/704/245
f 580/687/252 594/714/252 590/706/252
f 595/716/245 594/715/340 584/695/245
f 594/715/340 595/716/245 596/717/340
f 596/717/340 590/707/310 594/715/340
f 590/707/310 596/717/340 597/718/310
f 596/717/252 598/719/252 597/718/252
f 595/716/252 598/719/252 596/717/252
f 601/723/285 599/720/287 598/719/285
f 597/718/252 598/719/252 599/720/252
f 595/716/252 600/721/252 598/719/252
f 399/473/238 598/719/285 600/721/238
f 598/719/285 399/473/286 601/723/285
f 399/472/252 357/422/252 601/722/252
f 601/722/252 357/422/252 602/725/252
f 599/720/288 601/723/285 602/724/288
f 603/726/291 602/724/288 604/727/291
f 602/724/288 603/726/291 599/720/288
f 602/725/252 357/422/252 604/728/252
f 606/730/292 603/726/291 604/727/291
f 604/728/252 357/422/252 605/729/252
f 604/728/252 605/729/252 606/731/252
f 606/730/294 607/732/293 603/726/291
f 607/732/293 606/730/295 609/735/296
f 608/733/252 606/731/252 605/729/252
f 608/733/330 609/734/330 606/731/330
f 609/734/270 608/733/270 610/736/270
f 610/737/299 607/732/293 609/735/296
f 610/736/529 608/733/529 611/739/529
f 611/738/530 612/740/297 610/737/299
f 607/732/293 610/737/299 612/740/297
f 613/741/531 607/732/531 612/740/531
f 612/740/297 611/738/530 613/741/532
f 587/701/252 607/732/252 613/741/252
f 587/701/252 613/741/252 614/742/252
f 611/738/530 614/742/238 613/741/533
f 615/743/534 587/701/535 614/742/535
f 614/742/238 611/738/536 615/743/238
f 587/701/535 615/743/534 592/711/537
f 615/743/238 611/738/530 616/744/238
f 589/705/538 615/743/534 616/744/538
f 615/743/534 589/705/538 592/711/534
f 616/744/538 324/370/539 589/705/538
f 324/370/539 616/744/538 617/745/539
f 616/744/238 618/746/238 617/745/238
f 616/744/238 611/738/530 618/746/238
f 617/745/238 618/746/238 619/749/238
f 620/750/540 619/748/540 618/747/540
f 611/739/270 608/733/270 618/747/270
f 618/747/270 608/733/270 620/750/270
f 619/748/540 620/750/540 621/752/540
f 621/752/541 620/750/542 623/756/252
f 622/754/534 623/757/306 620/751/534
f 624/758/252 622/754/534 620/751/543
f 622/754/534 624/758/252 625/759/252
f 621/752/544 623/756/545 626/760/252
f 627/763/306 626/760/306 623/756/306
f 623/757/306 622/754/546 627/762/306
f 626/760/306 627/763/306 628/764/306
f 627/763/306 357/422/306 628/764/306
f 357/422/306 627/763/306 622/755/306
f 621/753/547 628/765/306 352/415/547
f 628/764/306 357/422/306 352/414/306
f 628/765/306 621/753/548 626/761/306
f 605/729/252 357/422/252 622/755/252
f 350/412/278 619/748/278 621/752/278
f 621/753/547 630/767/241 629/766/241
f 630/767/241 621/753/547 352/415/549
f 619/749/238 344/402/533 617/745/238
f 350/412/278 631/768/278 619/748/278
f 344/402/550 619/749/238 631/769/530
f 350/412/551 346/404/551 631/768/551
f 346/405/299 344/402/532 631/769/530
f 633/772/547 617/745/539 632/770/547
f 617/745/238 344/402/533 632/770/238
f 617/745/539 633/772/547 324/370/539
f 321/363/245 633/771/245 343/400/245
f 321/363/245 324/371/245 633/771/245
f 633/772/547 634/773/552 343/401/552
f 634/773/552 633/772/547 632/770/547
f 344/402/241 343/401/241 634/773/241
f 632/770/238 344/402/533 634/773/238
f 593/713/252 607/732/252 587/701/252
f 635/774/252 607/732/252 593/713/252
f 636/775/252 607/732/252 635/774/252
f 636/775/252 603/726/252 607/732/252
f 637/776/252 603/726/252 636/775/252
f 586/699/312 637/776/311 636/775/312
f 636/775/312 582/691/308 586/699/312
f 582/691/308 636/775/312 635/774/308
f 638/777/252 603/726/252 637/776/252
f 581/689/311 638/777/309 637/776/311
f 637/776/311 586/699/312 581/689/311
f 638/777/252 599/720/252 603/726/252
f 597/718/252 599/720/252 638/777/252
f 583/693/309 597/718/310 638/777/309
f 638/777/309 581/689/311 583/693/309
f 593/713/246 582/691/308 635/774/308
f 639/778/252 600/721/252 595/716/252
f 639/778/252 404/480/252 600/721/252
f 400/475/282 600/721/553 404/480/282
f 600/721/238 400/475/282 399/473/238
f 584/695/245 639/778/339 595/716/245
f 406/482/252 404/480/252 639/778/252
f 585/697/339 406/482/338 639/778/339
f 639/778/339 584/695/245 585/697/339
f 597/718/310 583/693/309 590/707/310
f 407/483/337 588/703/338 591/709/337
f 579/684/307 407/483/337 591/709/337
f 406/482/338 585/697/339 588/703/338
f 588/703/338 407/483/337 406/482/338
f 407/483/337 579/684/307 408/484/307
f 355/419/314 357/422/314 389/457/314
f 362/428/291 355/419/291 389/457/291
f 379/447/318 378/446/318 259/281/318
f 370/438/306 641/780/554 369/436/306
f 641/780/291 370/438/306 640/779/291
f 640/779/291 642/781/555 641/780/291
f 645/784/246 642/781/274 643/782/556
f 642/781/274 640/779/557 643/782/274
f 642/781/274 645/784/246 644/783/246
f 359/425/558 368/434/559 646/786/246
f 647/787/246 649/791/246 646/785/246
f 646/785/246 649/791/246 648/789/246
f 648/790/238 359/425/238 646/786/238
f 649/791/246 647/787/246 651/794/246
f 651/795/560 650/793/561 649/792/562
f 650/793/561 648/790/241 649/792/561
f 647/788/245 652/796/560 651/795/563
f 650/793/561 651/795/560 652/796/560
f 359/425/306 652/796/306 653/797/306
f 652/796/560 647/788/245 653/797/245
f 652/796/306 359/425/306 650/793/306
f 653/797/241 654/799/241 359/425/241
f 654/799/241 653/797/241 655/800/241
f 655/801/564 657/803/280 654/798/282
f 657/803/280 655/801/272 656/802/280
f 656/802/280 316/353/274 657/803/280
f 316/353/241 658/804/241 657/803/241
f 657/803/241 658/804/241 659/805/241
f 657/803/241 659/805/241 660/806/241
f 657/803/241 660/806/241 661/807/241
f 654/798/282 657/803/283 661/807/282
f 661/807/241 660/806/241 662/808/241
f 661/807/241 662/808/241 663/809/241
f 356/420/238 661/807/282 663/809/238
f 661/807/282 356/420/553 654/798/282
f 663/809/241 662/808/241 664/810/241
f 663/809/241 664/810/241 665/811/241
f 663/809/241 665/811/241 666/812/241
f 358/424/285 663/809/238 666/812/285
f 663/809/238 358/424/285 356/420/238
f 666/812/241 665/811/241 337/394/241
f 666/812/241 337/394/241 338/395/241
f 354/418/288 666/812/285 338/395/288
f 666/812/285 354/418/287 358/424/285
f 328/378/245 665/811/340 664/810/245
f 334/390/340 337/394/310 665/811/340
f 665/811/340 328/378/245 334/390/340
f 329/380/339 664/810/245 662/808/339
f 664/810/245 329/380/339 328/378/245
f 330/382/338 662/808/339 660/806/338
f 662/808/339 330/382/338 329/380/339
f 332/386/337 660/806/338 659/805/337
f 660/806/338 332/386/337 330/382/338
f 658/804/307 332/386/337 659/805/337
f 316/353/241 317/354/241 658/804/241
f 317/354/251 319/358/307 658/804/307
f 332/386/337 658/804/307 319/358/307
f 316/353/274 656/802/280 667/813/274
f 304/337/281 316/353/274 667/813/274
f 359/425/241 654/799/241 356/421/241
f 648/790/241 650/793/565 668/814/241
f 650/793/306 359/425/306 668/814/306
f 359/425/238 648/790/238 668/814/238
f 366/432/316 286/316/316 669/815/316
f 365/431/316 286/316/316 366/432/316
f 355/419/291 362/428/291 363/429/291
f 338/395/288 349/411/566 354/418/288
f 350/412/278 347/407/278 346/404/278
f 349/411/291 338/395/288 339/396/291
f 344/402/532 346/405/299 345/403/297
f 337/394/310 334/390/340 333/388/310
f 323/367/246 299/331/308 674/826/308
f 299/331/308 323/367/246 300/332/246
f 323/368/245 313/349/245 300/333/245
f 323/369/241 228/234/241 670/816/241
f 670/817/245 322/366/245 323/368/245
f 671/818/241 323/369/241 679/837/241
f 673/823/241 323/369/241 671/818/241
f 228/234/241 323/369/241 672/820/241
f 672/820/241 323/369/241 680/839/241
f 682/843/241 323/369/241 673/823/241
f 675/827/241 323/369/241 674/825/241
f 679/837/241 323/369/241 675/827/241
f 676/829/241 323/369/241 682/843/241
f 677/832/241 323/369/241 676/829/241
f 678/835/241 323/369/241 677/832/241
f 681/841/241 323/369/241 678/835/241
f 680/839/241 323/369/241 681/841/241
f 283/312/340 676/831/245 682/844/340
f 290/322/310 682/844/340 673/824/310
f 682/844/340 290/322/310 283/312/340
f 681/842/337 683/845/307 680/840/307
f 683/845/307 681/842/337 684/846/337
f 279/308/338 681/842/337 678/836/338
f 681/842/337 279/308/338 684/846/337
f 275/302/241 683/845/241 684/846/241
f 275/302/241 684/846/241 279/308/241
f 273/299/241 683/845/241 275/302/241
f 273/299/241 685/847/241 683/845/241
f 685/847/251 680/840/307 683/845/307
f 273/299/241 221/223/241 685/847/241
f 680/840/307 685/847/251 672/822/251
f 221/223/250 672/822/251 685/847/251
f 675/828/312 295/327/311 679/838/311
f 295/327/311 671/819/309 679/838/311
f 280/309/339 678/836/338 677/833/339
f 678/836/338 280/309/339 279/308/338
f 677/833/339 282/311/245 280/309/339
f 282/311/245 677/833/339 676/831/245
f 676/830/515 689/851/503 677/834/567
f 686/848/341 676/830/515 677/834/345
f 687/849/505 686/848/348 677/834/346
f 677/834/346 688/850/504 687/849/568
f 688/850/504 677/834/346 689/851/503
f 689/851/513 676/830/515 690/852/507
f 691/853/252 689/851/252 690/852/252
f 692/854/252 689/851/252 691/853/252
f 692/854/252 688/850/252 689/851/252
f 692/854/456 694/856/451 693/855/457
f 693/855/457 695/857/497 692/854/500
f 694/856/451 692/854/456 691/853/453
f 695/857/252 688/850/252 692/854/252
f 695/857/497 696/858/498 698/860/499
f 696/858/498 695/857/497 699/861/501
f 695/857/252 697/859/252 688/850/252
f 698/860/252 697/859/252 695/857/252
f 695/857/497 693/855/459 699/861/501
f 699/861/458 701/863/450 700/862/464
f 702/864/518 699/861/458 700/862/464
f 701/863/450 699/861/458 693/855/459
f 699/861/501 702/864/518 696/858/498
f 704/866/522 702/864/518 700/862/523
f 705/867/519 703/865/520 702/864/521
f 703/865/517 696/858/498 702/864/518
f 702/864/518 704/866/522 705/867/524
f 706/868/241 705/867/241 708/870/241
f 706/868/241 707/869/241 705/867/241
f 703/865/517 705/867/519 707/869/261
f 708/870/241 705/867/241 704/866/241
f 710/872/525 708/870/526 709/871/527
f 711/873/471 709/871/479 708/870/528
f 708/870/526 710/872/525 706/868/263
f 708/870/241 704/866/241 711/873/241
f 711/873/471 713/875/347 712/874/476
f 709/871/479 711/873/471 712/874/470
f 713/875/347 711/873/471 716/878/469
f 711/873/241 704/866/241 714/876/241
f 715/877/241 711/873/241 714/876/241
f 711/873/241 715/877/241 716/878/241
f 717/879/350 713/875/472 716/878/473
f 716/878/241 719/881/241 717/879/241
f 716/878/241 715/877/241 718/880/241
f 716/878/241 718/880/241 719/881/241
f 717/879/241 719/881/241 720/882/241
f 717/879/241 720/882/241 721/883/241
f 723/885/241 721/883/241 722/884/241
f 717/879/241 721/883/241 723/885/241
f 686/848/341 723/885/342 724/886/343
f 723/885/342 725/887/359 724/886/343
f 723/885/342 686/848/341 717/879/352
f 725/887/359 723/885/342 726/888/353
f 723/885/241 727/889/241 726/888/241
f 723/885/241 722/884/241 727/889/241
f 726/888/241 727/889/241 728/890/241
f 729/891/241 728/890/241 730/892/241
f 726/888/241 728/890/241 729/891/241
f 729/891/241 730/892/241 731/893/241
f 729/891/241 731/893/241 733/895/241
f 733/895/241 731/893/241 732/894/241
f 733/895/241 734/896/241 735/897/241
f 733/895/241 740/902/241 734/896/241
f 733/895/241 735/897/241 739/901/241
f 733/895/363 738/900/371 736/898/364
f 737/899/360 733/895/363 736/898/364
f 733/895/363 737/899/360 729/891/365
f 738/900/371 733/895/363 739/901/438
f 733/895/241 732/894/241 740/902/241
f 741/903/241 734/896/241 740/902/241
f 742/904/241 734/896/241 741/903/241
f 742/904/241 743/905/241 734/896/241
f 744/906/241 743/905/241 742/904/241
f 745/907/241 743/905/241 744/906/241
f 746/908/241 747/909/241 745/907/241
f 745/907/241 747/909/241 743/905/241
f 747/909/444 749/911/442 748/910/445
f 748/910/390 743/905/395 747/909/443
f 749/911/442 747/909/444 750/912/446
f 751/913/241 750/912/241 747/909/241
f 751/913/241 747/909/241 746/908/241
f 752/914/241 750/912/241 751/913/241
f 752/914/241 753/915/241 750/912/241
f 754/916/241 753/915/241 752/914/241
f 755/917/241 753/915/241 754/916/241
f 755/917/241 757/919/241 753/915/241
f 756/918/241 757/919/241 755/917/241
f 757/919/463 700/862/464 701/863/465
f 701/863/466 753/915/460 757/919/467
f 758/920/241 757/919/241 756/918/241
f 758/920/241 704/866/241 757/919/241
f 700/862/464 757/919/463 704/866/522
f 714/876/241 704/866/241 758/920/241
f 753/915/460 701/863/461 759/921/462
f 759/921/447 750/912/446 753/915/468
f 750/912/446 759/921/447 749/911/448
f 694/856/449 749/911/442 759/921/447
f 759/921/452 693/855/459 694/856/451
f 693/855/459 759/921/452 701/863/461
f 749/911/442 694/856/449 760/922/384
f 760/922/384 748/910/387 749/911/442
f 762/924/381 761/923/382 760/922/383
f 748/910/387 760/922/384 761/923/382
f 691/853/453 760/922/384 694/856/454
f 760/922/384 691/853/385 762/924/381
f 762/924/252 763/925/252 764/926/252
f 762/924/252 690/852/252 763/925/252
f 761/923/382 762/924/381 764/926/386
f 691/853/252 690/852/252 762/924/252
f 764/926/252 763/925/252 767/929/252
f 764/926/392 765/927/393 761/923/394
f 765/927/393 764/926/392 766/928/441
f 764/926/252 767/929/252 766/928/252
f 766/928/252 767/929/252 768/930/252
f 767/929/374 769/931/366 768/930/369
f 763/925/509 770/932/510 767/929/511
f 769/931/366 767/929/374 770/932/569
f 770/932/367 736/898/368 769/931/366
f 770/932/367 725/887/356 737/899/360
f 725/887/356 770/932/367 771/933/361
f 770/932/510 763/925/509 771/933/512
f 736/898/368 770/932/367 737/899/360
f 771/933/358 690/852/507 676/830/514
f 676/830/515 725/887/359 771/933/358
f 690/852/507 771/933/358 763/925/508
f 738/900/371 769/931/366 736/898/368
f 769/931/366 738/900/371 772/934/372
f 772/934/372 768/930/369 769/931/370
f 773/935/423 774/936/428 772/934/430
f 772/934/372 775/937/416 773/935/423
f 775/937/416 772/934/372 738/900/422
f 768/930/369 772/934/372 774/936/373
f 776/938/411 773/935/425 775/937/419
f 775/937/419 778/940/415 776/938/424
f 775/937/416 739/901/417 777/939/418
f 778/940/415 775/937/419 777/939/420
f 739/901/417 775/937/416 738/900/421
f 779/941/414 776/938/411 778/940/415
f 777/939/241 779/941/241 778/940/241
f 776/938/411 779/941/412 780/942/413
f 735/897/406 780/942/405 779/941/412
f 739/901/241 735/897/241 779/941/241
f 739/901/241 779/941/241 777/939/241
f 782/944/401 781/943/403 780/942/405
f 783/945/408 780/942/409 781/943/410
f 780/942/405 735/897/406 782/944/407
f 780/942/409 783/945/408 776/938/411
f 784/946/436 783/945/408 781/943/437
f 783/945/408 786/948/431 773/935/427
f 773/935/425 776/938/411 783/945/408
f 783/945/408 784/946/433 785/947/432
f 786/948/431 783/945/408 785/947/432
f 774/936/428 773/935/429 786/948/426
f 787/949/252 774/936/252 786/948/252
f 787/949/252 786/948/252 784/946/252
f 784/946/252 786/948/252 785/947/252
f 788/950/252 774/936/252 787/949/252
f 789/951/378 788/950/377 787/949/380
f 787/949/435 781/943/403 789/951/439
f 781/943/434 787/949/435 784/946/436
f 788/950/377 789/951/378 790/952/379
f 789/951/378 791/953/399 790/952/375
f 791/953/399 789/951/378 782/944/401
f 781/943/403 782/944/401 789/951/404
f 734/896/397 792/954/389 791/953/398
f 782/944/401 734/896/397 791/953/398
f 791/953/399 765/927/391 790/952/375
f 765/927/391 791/953/399 792/954/389
f 748/910/390 765/927/391 792/954/389
f 743/905/395 748/910/390 792/954/396
f 792/954/389 734/896/397 743/905/400
f 766/928/376 790/952/375 765/927/440
f 790/952/375 766/928/376 788/950/377
f 788/950/252 768/930/252 774/936/252
f 766/928/252 768/930/252 788/950/252
f 734/896/397 782/944/401 735/897/402
f 765/927/391 748/910/390 761/923/388
f 726/888/357 737/899/570 725/887/571
f 737/899/570 726/888/357 729/891/355
f 725/887/359 676/830/515 724/886/344
f 676/830/515 686/848/341 724/886/344
f 713/875/349 717/879/350 686/848/351
f 686/848/348 687/849/505 713/875/347
f 687/849/505 712/874/470 713/875/347
f 794/956/475 712/874/476 793/955/477
f 712/874/470 687/849/505 793/955/478
f 712/874/476 794/956/475 709/871/479
f 697/859/484 794/956/475 793/955/478
f 794/956/475 697/859/484 795/957/485
f 795/957/481 672/821/482 794/956/483
f 672/821/480 709/871/479 794/956/475
f 797/959/252 796/958/252 795/957/252
f 672/821/480 795/957/481 796/958/494
f 698/860/252 795/957/252 697/859/252
f 797/959/252 795/957/252 698/860/252
f 796/958/252 797/959/252 799/961/252
f 228/235/254 797/959/491 798/960/492
f 698/860/487 798/960/258 797/959/488
f 797/959/488 228/235/489 799/961/490
f 799/961/490 672/821/493 796/958/494
f 672/821/493 799/961/490 228/235/489
f 798/960/495 698/860/487 696/858/496
f 696/858/498 703/865/517 798/960/258
f 800/962/255 798/960/258 703/865/259
f 798/960/260 800/962/255 228/235/254
f 707/869/256 800/962/247 703/865/257
f 800/962/247 707/869/261 801/963/262
f 706/868/263 800/962/247 801/963/262
f 800/962/255 706/868/248 710/872/572
f 710/872/253 228/235/254 800/962/255
f 707/869/241 706/868/241 801/963/241
f 687/849/505 697/859/484 793/955/477
f 228/235/254 710/872/525 672/821/493
f 709/871/479 672/821/480 710/872/525
f 697/859/484 687/849/505 688/850/506
f 676/831/245 283/312/340 282/311/245
f 295/327/311 675/828/312 296/328/312
f 674/826/308 296/328/312 675/828/312
f 296/328/312 674/826/308 299/331/308
f 673/824/310 292/324/309 290/322/310
f 292/324/309 673/824/310 671/819/309
f 672/822/251 221/223/250 228/236/250
f 671/819/309 295/327/311 292/324/309
f 232/248/245 322/366/245 670/817/245
f 228/237/246 232/248/246 670/817/246
f 304/337/326 311/344/304 316/353/274
f 311/344/304 304/337/328 307/340/329
f 306/339/267 311/344/304 307/340/329
f 298/330/279 304/337/279 294/326/279
f 284/313/241 283/312/241 290/322/241
f 264/286/241 277/306/241 286/316/241
f 269/292/329 273/299/274 271/296/573
f 273/299/274 269/292/329 802/964/304
f 802/964/241 221/223/241 273/299/241
f 802/964/304 270/294/267 219/220/239
f 219/220/241 221/223/241 802/964/241
f 270/294/267 802/964/304 269/292/329
f 218/219/240 219/220/239 270/294/267
f 803/965/246 263/285/574 260/282/574
f 263/285/574 803/965/246 804/966/246
f 256/278/246 804/966/246 803/965/246
f 256/278/575 257/279/576 804/966/241
f 253/275/238 222/224/238 218/219/238
f 250/270/267 242/259/304 243/260/239
f 244/261/240 250/270/267 243/260/239
f 248/266/266 231/246/264 227/233/266
f 227/233/246 222/224/246 248/266/246
f 236/252/241 238/254/241 237/253/241
f 221/223/241 220/221/241 224/227/241
g police.004_Mesh
v -0.177716 -0.177716 0.189954
v -0.177716 -0.177716 0.258497
v -0.172620 -0.177716 0.186044
v -0.064624 -0.177716 0.258497
v -0.153834 -0.177716 0.161560
v 0.153834 -0.177716 0.161560
v 0.181165 -0.177716 0.258497
v 0.172620 -0.177716 0.186044
v 0.185117 -0.177716 0.226185
v 0.198719 -0.177716 0.206070
v 0.226185 -0.177716 0.226185
v 0.226185 -0.177716 0.217447
v 0.185117 -0.177716 0.258497
vn -0.0000 -1.0000 -0.0000
vt 0.093750 0.333582
vt 0.093750 0.475000
vt 0.093750 0.325514
vt 0.093750 0.475000
vt 0.093750 0.275000
vt 0.093750 0.275000
vt 0.093750 0.475000
vt 0.093750 0.325514
vt 0.093750 0.408333
vt 0.093750 0.366833
vt 0.093750 0.408333
vt 0.093750 0.390305
vt 0.093750 0.475000
s 0
f 807/969/577 806/968/577 805/967/577
f 806/968/577 807/969/577 808/970/577
f 808/970/577 807/969/577 809/971/577
f 808/970/577 809/971/577 810/972/577
f 811/973/577 810/972/577 812/974/577
f 808/970/577 810/972/577 811/973/577
f 811/973/577 812/974/577 813/975/577
f 813/975/577 812/974/577 814/976/577
f 813/975/577 814/976/577 815/977/577
f 815/977/577 814/976/577 816/978/577
f 817/979/577 811/973/577 813/975/577
g police.005_Mesh
v -0.177716 0.177716 0.258497
v -0.177716 0.177716 0.189954
v -0.064624 0.177716 0.258497
v -0.172620 0.177716 0.186044
v -0.153834 0.177716 0.161560
v 0.153834 0.177716 0.161560
v 0.181165 0.177716 0.258497
v 0.172620 0.177716 0.186044
v 0.185117 0.177716 0.226185
v 0.185117 0.177716 0.258497
v 0.198719 0.177716 0.206070
v 0.226185 0.177716 0.226185
v 0.226185 0.177716 0.217447
vn -0.0000 1.0000 -0.0000
vt 0.093750 0.475000
vt 0.093750 0.333582
vt 0.093750 0.475000
vt 0.093750 0.325514
vt 0.093750 0.275000
vt 0.093750 0.275000
vt 0.093750 0.475000
vt 0.093750 0.325514
vt 0.093750 0.408333
vt 0.093750 0.475000
vt 0.093750 0.366833
vt 0.093750 0.408333
vt 0.093750 0.390305
s 0
f 820/982/578 819/981/578 818/980/578
f 819/981/578 820/982/578 821/983/578
f 821/983/578 820/982/578 822/984/578
f 822/984/578 820/982/578 823/985/578
f 823/985/578 820/982/578 824/986/578
f 823/985/578 824/986/578 825/987/578
f 825/987/578 824/986/578 826/988/578
f 826/988/578 824/986/578 827/989/578
f 825/987/578 826/988/578 828/990/578
f 828/990/578 826/988/578 829/991/578
f 828/990/578 829/991/578 830/992/578
g police.006_Mesh
v -0.000000 0.113092 0.387745
v -0.000000 0.046598 0.387745
v -0.193872 0.113092 0.387745
v -0.193872 -0.113092 0.387745
v -0.000000 -0.046598 0.387745
v -0.000000 -0.113092 0.387745
vn -0.0000 -0.0000 1.0000
vt 0.093750 0.379348
vt 0.093750 0.475000
vt 0.093750 0.466304
vt 0.093750 0.466304
vt 0.093750 0.275000
vt 0.093750 0.370652
s 0
f 833/995/579 832/994/579 831/993/579
f 832/994/579 833/995/579 834/996/579
f 835/997/579 834/996/579 836/998/579
f 832/994/579 834/996/579 835/997/579
g police.007_Mesh
v -0.500837 -0.040390 0.080780
v -0.500837 -0.056546 0.096936
v -0.484681 -0.040390 0.080780
v -0.500837 0.040390 0.080780
v -0.484681 0.040390 0.080780
v -0.484681 0.056546 0.096936
v -0.500837 0.056546 0.096936
v -0.484681 0.056546 0.121170
v -0.484681 -0.056546 0.096936
v -0.500837 -0.056546 0.121170
v -0.484681 -0.056546 0.121170
v -0.484681 -0.040390 0.137326
v -0.484681 0.040390 0.137326
v -0.500837 -0.040390 0.137326
v -0.500837 0.040390 0.137326
v -0.500837 0.056546 0.121170
vn -1.0000 -0.0000 -0.0000
vn -0.0000 -0.3827 -0.9239
vn -0.0000 -0.9239 -0.3827
vn -0.0001 0.3827 -0.9239
vn -0.0000 0.3827 -0.9239
vn 0.0001 -0.3827 -0.9239
vn 1.0000 -0.0000 -0.0000
vn -0.0000 0.9239 -0.3827
vn 0.0001 0.9239 0.3827
vn -0.0001 -0.9239 0.3827
vn -0.0000 -0.9239 0.3827
vn 0.0001 -0.9239 -0.3827
vn -0.0000 -0.3827 0.9239
vn -0.0000 0.3827 0.9239
vn -0.0001 -0.3827 0.9239
vn 0.0001 0.3827 0.9239
vn -0.0000 0.9239 0.3827
vn -0.0002 0.3827 0.9239
vn -0.0001 0.9239 -0.3827
vn 0.0002 -0.3827 0.9239
vt 0.093750 0.275000
vt 0.718750 0.025000
vt 0.718750 0.082143
vt 0.093750 0.332143
vt 0.718750 0.025000
vt 0.718750 0.025000
vt 0.093750 0.275000
vt 0.718750 0.025000
vt 0.718750 0.082143
vt 0.718750 0.082143
vt 0.093750 0.332143
vt 0.718750 0.167857
vt 0.718750 0.082143
vt 0.718750 0.167857
vt 0.093750 0.417857
vt 0.718750 0.167857
vt 0.718750 0.225000
vt 0.718750 0.225000
vt 0.093750 0.475000
vt 0.718750 0.225000
vt 0.093750 0.475000
vt 0.718750 0.225000
vt 0.718750 0.167857
vt 0.093750 0.417857
s 0
f 838/1002/580 840/1005/580 837/999/580
f 839/1003/581 838/1001/582 837/1000/581
f 837/1000/581 841/1006/583 839/1003/581
f 841/1006/584 837/1000/585 840/1004/584
f 842/1007/586 839/1003/586 841/1006/586
f 840/1004/584 842/1007/587 841/1006/584
f 843/1008/587 844/1010/588 842/1007/587
f 842/1007/587 840/1004/584 843/1008/587
f 845/1011/586 842/1007/586 844/1010/586
f 839/1003/586 842/1007/586 845/1011/586
f 845/1011/582 846/1012/589 838/1001/582
f 838/1001/582 839/1003/581 845/1011/582
f 846/1012/590 845/1011/591 847/1014/590
f 845/1011/586 844/1010/586 847/1014/586
f 847/1014/586 849/1016/586 848/1015/586
f 848/1015/592 846/1012/590 847/1014/589
f 847/1014/586 844/1010/586 849/1016/586
f 849/1016/593 850/1018/592 848/1015/594
f 850/1018/592 849/1016/593 851/1020/595
f 844/1010/596 851/1020/593 849/1016/597
f 852/1022/580 850/1017/580 851/1019/580
f 851/1020/593 844/1010/596 852/1021/588
f 843/1009/580 846/1013/580 852/1022/580
f 844/1010/596 843/1008/598 852/1021/596
f 852/1022/580 846/1013/580 850/1017/580
f 846/1012/590 848/1015/592 850/1018/599
f 843/1009/580 838/1002/580 846/1013/580
f 840/1005/580 838/1002/580 843/1009/580
g police.008_Mesh
v -0.000000 0.096613 0.420057
v -0.000000 0.113092 0.387745
v 0.064624 0.096613 0.420057
v -0.000000 0.046598 0.420057
v -0.000000 0.046598 0.387745
v 0.064624 0.046598 0.420057
v 0.064624 0.046598 0.387745
v 0.064624 0.113092 0.387745
vn -1.0000 -0.0000 -0.0000
vn -0.0000 0.5223 0.8528
vn -0.0000 0.8908 0.4543
vn -0.0000 -0.0000 1.0000
vn -0.0000 0.5224 0.8527
vn 1.0000 -0.0000 -0.0000
vn -0.0002 0.5223 0.8528
vt 0.343750 0.225000
vt 0.343750 0.025000
vt 0.343750 0.225000
vt 0.343750 0.225000
vt 0.343750 0.025000
vt 0.343750 0.225000
vt 0.343750 0.025000
vt 0.343750 0.025000
s 0
f 857/1027/600 853/1023/600 854/1024/600
f 855/1025/601 854/1024/602 853/1023/601
f 856/1026/603 855/1025/604 853/1023/604
f 853/1023/600 857/1027/600 856/1026/600
f 855/1025/604 856/1026/603 858/1028/603
f 859/1029/605 855/1025/605 858/1028/605
f 855/1025/605 859/1029/605 860/1030/605
f 854/1024/602 855/1025/606 860/1030/602
g police.009_Mesh
v -0.484681 -0.177716 0.210029
v -0.484681 -0.113092 0.210029
v -0.484681 -0.177716 0.242341
v -0.484681 -0.113092 0.242341
vn -1.0000 -0.0000 -0.0000
vt 0.343750 0.025000
vt 0.343750 0.025000
vt 0.343750 0.225000
vt 0.343750 0.225000
s 0
f 863/1033/607 862/1032/607 861/1031/607
f 862/1032/607 863/1033/607 864/1034/607
g police.010_Mesh
v -0.484681 0.113092 0.210029
v -0.484681 0.177716 0.210029
v -0.484681 0.113092 0.242341
v -0.484681 0.177716 0.242341
vn -1.0000 -0.0000 -0.0000
vt 0.343750 0.025000
vt 0.343750 0.025000
vt 0.343750 0.225000
vt 0.343750 0.225000
s 0
f 867/1037/608 866/1036/608 865/1035/608
f 866/1036/608 867/1037/608 868/1038/608
g police.011_Mesh
v 0.064624 -0.046598 0.420057
v 0.064624 -0.096613 0.420057
v -0.000000 -0.046598 0.420057
v 0.064624 -0.113092 0.387745
v 0.064624 -0.046598 0.387745
v -0.000000 -0.096613 0.420057
v -0.000000 -0.113092 0.387745
v -0.000000 -0.046598 0.387745
vn 1.0000 -0.0000 -0.0000
vn -0.0000 -0.0000 1.0000
vn -0.0000 -0.5224 0.8527
vn -0.0000 -0.5223 0.8528
vn -0.0000 -0.8908 0.4543
vn 0.0002 -0.5223 0.8528
vn -1.0000 -0.0000 -0.0000
vt 0.468750 0.225000
vt 0.468750 0.225000
vt 0.468750 0.225000
vt 0.468750 0.025000
vt 0.468750 0.025000
vt 0.468750 0.225000
vt 0.468750 0.025000
vt 0.468750 0.025000
s 0
f 872/1042/609 869/1039/609 870/1040/609
f 871/1041/610 870/1040/611 869/1039/610
f 869/1039/609 872/1042/609 873/1043/609
f 874/1044/612 872/1042/613 870/1040/612
f 872/1042/613 874/1044/614 875/1045/613
f 871/1041/615 875/1045/615 874/1044/615
f 875/1045/615 871/1041/615 876/1046/615
f 870/1040/611 871/1041/610 874/1044/611
g police.012_Mesh
v -0.064624 -0.177716 0.258497
v -0.064624 -0.153241 0.356398
v 0.181165 -0.177716 0.258497
v 0.083264 -0.153241 0.356398
vn -0.0000 -0.9701 0.2425
vt 0.093750 0.025000
vt 0.093750 0.209024
vt 0.093750 0.025000
vt 0.093750 0.209024
s 0
f 879/1049/616 878/1048/616 877/1047/616
f 878/1048/616 879/1049/616 880/1050/616
g police.013_Mesh
v 0.226185 -0.144903 0.258497
v 0.119784 -0.118303 0.364897
v 0.226185 0.144903 0.258497
v 0.119784 0.118303 0.364897
vn 0.7071 -0.0000 0.7071
vt 0.093750 0.025000
vt 0.093750 0.225000
vt 0.093750 0.025000
vt 0.093750 0.225000
s 0
f 883/1053/617 882/1052/617 881/1051/617
f 882/1052/617 883/1053/617 884/1054/617
g police.014_Mesh
v -0.064624 0.153241 0.356398
v -0.064624 0.177716 0.258497
v 0.083264 0.153241 0.356398
v 0.181166 0.177716 0.258497
vn -0.0000 0.9701 0.2425
vt 0.093750 0.209024
vt 0.093750 0.025000
vt 0.093750 0.209024
vt 0.093750 0.025000
s 0
f 887/1057/618 886/1056/618 885/1055/618
f 886/1056/618 887/1057/618 888/1058/618
g police.015_Mesh
v -0.276358 0.137381 0.287398
v -0.240635 0.119520 0.358844
v -0.276358 -0.137381 0.287398
v -0.240635 -0.119520 0.358844
vn -0.8944 -0.0000 0.4472
vt 0.093750 0.079325
vt 0.093750 0.213623
vt 0.093750 0.079325
vt 0.093750 0.213623
s 0
f 891/1061/619 890/1060/619 889/1059/619
f 890/1060/619 891/1061/619 892/1062/619
g police.016_Mesh
v 0.452369 0.129248 0.193872
v 0.468525 0.129248 0.193872
v 0.452369 0.096936 0.193872
v 0.452369 0.129248 0.161560
v 0.468525 0.129248 0.161560
v 0.484681 0.096936 0.161560
v 0.452369 0.096936 0.161560
v 0.452369 0.064624 0.161560
v 0.420057 0.096936 0.161560
v 0.452369 0.096936 0.129248
v 0.452369 0.161560 0.129248
v 0.456587 0.161284 0.129248
v 0.460732 0.160459 0.129248
v 0.464734 0.159101 0.129248
v 0.468525 0.157231 0.129248
v 0.472039 0.154883 0.129248
v 0.475217 0.152096 0.129248
v 0.478004 0.148919 0.129248
v 0.480352 0.145404 0.129248
v 0.482222 0.141614 0.129248
v 0.484405 0.133466 0.129248
v 0.484681 0.129248 0.129248
v 0.484681 0.096936 0.129248
v 0.452369 0.064624 0.129248
v 0.483580 0.137611 0.129248
v 0.483580 0.137611 0.088609
v 0.484405 0.133466 0.088609
v 0.484681 0.129248 0.088609
v 0.452369 -0.161560 0.088609
v 0.472039 0.154883 0.088609
v 0.480352 0.145404 0.088609
v 0.482222 0.141614 0.088609
v 0.456587 0.161284 0.088609
v 0.452369 0.161560 0.088609
v 0.478004 -0.148919 0.088609
v 0.475217 -0.152096 0.088609
v 0.460732 0.160459 0.088609
v 0.472039 -0.154883 0.088609
v 0.452369 -0.161560 0.129248
v 0.456587 -0.161284 0.088609
v 0.484405 -0.133466 0.088609
v 0.483580 -0.137611 0.088609
v 0.464734 -0.159101 0.088609
v 0.468525 -0.157231 0.088609
v 0.460732 -0.160459 0.088609
v 0.484681 -0.129248 0.088609
v 0.480352 -0.145404 0.088609
v 0.482222 -0.141614 0.088609
v 0.464734 0.159101 0.088609
v 0.475217 0.152096 0.088609
v 0.478004 0.148919 0.088609
v 0.468525 0.157231 0.088609
v 0.483580 -0.137611 0.129248
v 0.482222 -0.141614 0.129248
v 0.480352 -0.145404 0.129248
v 0.478004 -0.148919 0.129248
v 0.475217 -0.152096 0.129248
v 0.472039 -0.154883 0.129248
v 0.468525 -0.157231 0.129248
v 0.464734 -0.159101 0.129248
v 0.460732 -0.160459 0.129248
v 0.456587 -0.161284 0.129248
v 0.484405 -0.133466 0.129248
v 0.484681 -0.129248 0.129248
v 0.484681 -0.096936 0.129248
v 0.484681 0.064624 0.129248
v 0.484681 -0.064624 0.129248
v 0.484681 -0.064624 0.193872
v 0.476603 -0.064624 0.161560
v 0.460447 -0.064624 0.161560
v 0.452369 -0.064624 0.129248
v 0.452369 -0.096936 0.129248
v 0.452369 -0.064624 0.161560
v 0.452369 -0.096936 0.161560
v 0.452369 -0.064624 0.193872
v 0.460447 -0.064624 0.193872
v 0.476603 0.064624 0.193872
v 0.460447 0.064624 0.161560
v 0.476603 -0.064624 0.193872
v 0.476603 -0.064624 0.226185
v 0.460447 0.064624 0.193872
v 0.452369 0.064624 0.226185
v 0.476603 0.064624 0.226185
v 0.476603 0.096936 0.226185
v 0.484681 0.064624 0.193872
v 0.484681 0.096936 0.193872
v 0.452369 0.096936 0.226185
v 0.452369 0.064624 0.193872
v 0.420057 0.096936 0.193872
v 0.420057 0.064624 0.193872
v 0.420057 0.064624 0.161560
v 0.452369 -0.064624 0.226185
v 0.452369 -0.096936 0.226185
v 0.476603 -0.096936 0.226185
v 0.484681 -0.096936 0.193872
v 0.452369 -0.096936 0.193872
v 0.468525 -0.129248 0.193872
v 0.468525 -0.129248 0.161560
v 0.484681 -0.096936 0.161560
v 0.452369 -0.129248 0.161560
v 0.452369 -0.129248 0.193872
v 0.420057 -0.096936 0.193872
v 0.420057 -0.096936 0.161560
v 0.420057 -0.064624 0.193872
v 0.420057 -0.064624 0.161560
v 0.476603 0.064624 0.161560
vn 0.5257 0.8506 -0.0000
vn -0.0000 1.0000 -0.0000
vn -0.0000 -0.0000 1.0000
vn -1.0000 -0.0000 -0.0000
vn -0.0000 -0.0000 -1.0000
vn -0.0001 1.0000 -0.0000
vn 0.0001 -1.0000 -0.0000
vn -0.0000 -1.0000 -0.0000
vn 0.9659 0.2588 -0.0000
vn 0.9239 0.3827 -0.0000
vn 0.9914 0.1305 -0.0000
vn 0.9995 0.0327 -0.0000
vn 0.1305 -0.9914 -0.0000
vn 0.0653 -0.9979 -0.0000
vn 0.5000 0.8660 -0.0000
vn 0.6088 0.7934 -0.0000
vn 0.3827 0.9239 -0.0000
vn 0.7933 0.6088 -0.0000
vn 0.7071 0.7071 -0.0000
vn 0.8660 0.5000 -0.0000
vn 0.2588 0.9659 -0.0000
vn 0.9239 -0.3827 -0.0000
vn 0.9659 -0.2588 -0.0000
vn 0.8660 -0.5000 -0.0000
vn 0.7933 -0.6088 -0.0000
vn 0.7934 -0.6087 -0.0000
vn 0.7071 -0.7071 -0.0000
vn 0.6088 -0.7934 -0.0000
vn 0.5000 -0.8660 -0.0000
vn 0.6087 -0.7934 -0.0000
vn 0.3827 -0.9239 -0.0000
vn 0.2588 -0.9659 -0.0000
vn 0.9914 -0.1305 -0.0000
vn 0.9995 -0.0327 -0.0000
vn -0.0000 -1.0000 -0.0001
vn -0.0000 1.0000 0.0001
vn 1.0000 -0.0000 -0.0000
vn -0.0000 -1.0000 0.0001
vn -0.0000 1.0000 -0.0001
vn 0.9925 -0.0000 0.1222
vn -0.0000 -0.0000 -0.0000
vn 0.9701 -0.0000 0.2425
vn 0.8944 0.4472 -0.0000
vn 0.5257 0.8507 -0.0000
vn 0.9925 0.0001 0.1222
vn 0.5257 -0.8507 -0.0000
vn 0.8944 -0.4472 -0.0000
vn 0.5257 -0.8506 -0.0000
vn 0.1305 0.9914 -0.0000
vn 0.0653 0.9979 -0.0000
vn 0.7934 0.6087 -0.0000
vt 0.343750 0.178026
vt 0.718750 0.178026
vt 0.343750 0.178026
vt 0.718750 0.178026
vt 0.718750 0.178026
vt 0.343750 0.131053
vt 0.093750 0.381053
vt 0.718750 0.131053
vt 0.093750 0.381053
vt 0.343750 0.131053
vt 0.093750 0.381053
vt 0.343750 0.131053
vt 0.718750 0.131053
vt 0.093750 0.381053
vt 0.718750 0.131053
vt 0.718750 0.131053
vt 0.718750 0.131053
vt 0.718750 0.084080
vt 0.718750 0.084080
vt 0.718750 0.084080
vt 0.718750 0.084080
vt 0.718750 0.084080
vt 0.718750 0.084080
vt 0.718750 0.084080
vt 0.718750 0.084080
vt 0.718750 0.084080
vt 0.718750 0.084080
vt 0.718750 0.084080
vt 0.718750 0.084080
vt 0.718750 0.084080
vt 0.718750 0.084080
vt 0.718750 0.084080
vt 0.718750 0.084080
vt 0.718750 0.025000
vt 0.718750 0.025000
vt 0.718750 0.025000
vt 0.718750 0.025000
vt 0.718750 0.025000
vt 0.718750 0.025000
vt 0.718750 0.025000
vt 0.718750 0.025000
vt 0.718750 0.025000
vt 0.718750 0.025000
vt 0.718750 0.025000
vt 0.718750 0.025000
vt 0.718750 0.025000
vt 0.718750 0.084080
vt 0.718750 0.025000
vt 0.718750 0.025000
vt 0.718750 0.025000
vt 0.718750 0.025000
vt 0.718750 0.025000
vt 0.718750 0.025000
vt 0.718750 0.025000
vt 0.718750 0.025000
vt 0.718750 0.025000
vt 0.718750 0.025000
vt 0.718750 0.025000
vt 0.718750 0.025000
vt 0.718750 0.025000
vt 0.718750 0.084080
vt 0.718750 0.084080
vt 0.718750 0.084080
vt 0.718750 0.084080
vt 0.718750 0.084080
vt 0.718750 0.084080
vt 0.718750 0.084080
vt 0.718750 0.084080
vt 0.718750 0.084080
vt 0.718750 0.084080
vt 0.718750 0.084080
vt 0.718750 0.084080
vt 0.718750 0.084080
vt 0.718750 0.084080
vt 0.718750 0.084080
vt 0.718750 0.178026
vt 0.718750 0.131053
vt 0.718750 0.131053
vt 0.718750 0.084080
vt 0.718750 0.084080
vt 0.718750 0.131053
vt 0.093750 0.381053
vt 0.718750 0.131053
vt 0.718750 0.178026
vt 0.718750 0.178026
vt 0.718750 0.178026
vt 0.718750 0.131053
vt 0.718750 0.178026
vt 0.718750 0.225000
vt 0.718750 0.178026
vt 0.718750 0.225000
vt 0.718750 0.225000
vt 0.718750 0.225000
vt 0.718750 0.178026
vt 0.343750 0.178026
vt 0.718750 0.178026
vt 0.718750 0.225000
vt 0.718750 0.178026
vt 0.718750 0.178026
vt 0.718750 0.178026
vt 0.718750 0.131053
vt 0.718750 0.225000
vt 0.718750 0.225000
vt 0.718750 0.225000
vt 0.468750 0.178026
vt 0.718750 0.178026
vt 0.718750 0.178026
vt 0.468750 0.178026
vt 0.718750 0.178026
vt 0.093750 0.381053
vt 0.468750 0.131053
vt 0.468750 0.131053
vt 0.093750 0.381053
vt 0.718750 0.131053
vt 0.468750 0.131053
vt 0.093750 0.381053
vt 0.718750 0.131053
vt 0.468750 0.178026
vt 0.718750 0.178026
vt 0.718750 0.178026
vt 0.718750 0.131053
vt 0.718750 0.178026
vt 0.718750 0.131053
vt 0.718750 0.131053
s 0
f 894/1065/620 896/1068/621 893/1063/621
f 895/1067/622 894/1066/622 893/1064/622
f 896/1070/623 895/1067/623 893/1064/623
f 898/1073/624 896/1069/624 897/1071/624
f 896/1068/621 894/1065/620 897/1072/620
f 896/1069/624 898/1073/624 899/1076/624
f 895/1067/623 896/1070/623 899/1077/623
f 898/1075/621 902/1080/621 899/1077/621
f 900/1078/624 901/1079/624 899/1077/624
f 902/1080/623 900/1078/623 899/1077/623
f 901/1079/621 895/1067/621 899/1077/621
f 903/1081/625 916/1094/626 902/1080/627
f 902/1080/622 904/1082/622 903/1081/622
f 904/1082/622 902/1080/622 905/1083/622
f 905/1083/622 902/1080/622 906/1084/622
f 906/1084/622 902/1080/622 907/1085/622
f 907/1085/622 902/1080/622 908/1086/622
f 908/1086/622 902/1080/622 909/1087/622
f 909/1087/622 902/1080/622 910/1088/622
f 910/1088/622 902/1080/622 911/1089/622
f 911/1089/622 902/1080/622 912/1090/622
f 912/1090/622 902/1080/622 917/1095/622
f 913/1091/622 902/1080/622 914/1092/622
f 917/1095/622 902/1080/622 913/1091/622
f 914/1092/622 902/1080/622 915/1093/622
f 902/1080/621 898/1075/621 915/1093/621
f 900/1078/623 902/1080/623 916/1094/623
f 918/1096/628 912/1090/629 917/1095/628
f 919/1097/630 917/1095/628 913/1091/630
f 917/1095/628 919/1097/630 918/1096/628
f 921/1099/624 918/1096/624 919/1097/624
f 921/1099/624 919/1097/624 920/1098/624
f 913/1091/630 920/1098/631 919/1097/630
f 921/1099/624 922/1100/624 942/1120/624
f 921/1099/624 944/1122/624 922/1100/624
f 921/1099/624 923/1101/624 924/1102/624
f 921/1099/624 943/1121/624 923/1101/624
f 921/1099/624 924/1102/624 918/1096/624
f 921/1099/624 925/1103/624 929/1107/624
f 925/1103/624 921/1099/624 926/1104/624
f 931/1109/623 926/1104/623 921/1099/623
f 921/1099/624 927/1105/624 928/1106/624
f 921/1099/624 939/1117/624 927/1105/624
f 921/1099/624 928/1106/624 930/1108/624
f 921/1099/624 920/1098/624 938/1116/624
f 921/1099/624 929/1107/624 941/1119/624
f 921/1099/624 930/1108/624 936/1114/624
f 932/1110/632 931/1109/633 921/1099/633
f 921/1099/624 937/1115/624 932/1110/624
f 921/1099/624 933/1111/624 934/1112/624
f 921/1099/624 938/1116/624 933/1111/624
f 921/1099/624 934/1112/624 940/1118/624
f 921/1099/624 935/1113/624 937/1115/624
f 921/1099/624 936/1114/624 935/1113/624
f 921/1099/624 940/1118/624 939/1117/624
f 921/1099/624 941/1119/624 944/1122/624
f 921/1099/624 942/1120/624 943/1121/624
f 944/1122/634 908/1086/635 922/1100/635
f 908/1086/635 944/1122/634 907/1085/634
f 941/1119/636 907/1085/634 944/1122/634
f 943/1121/637 909/1087/638 910/1088/637
f 909/1087/638 943/1121/637 942/1120/638
f 910/1088/637 923/1101/639 943/1121/637
f 922/1100/635 909/1087/638 942/1120/638
f 929/1107/640 906/1084/636 941/1119/636
f 907/1085/634 941/1119/636 906/1084/636
f 940/1118/641 945/1123/642 946/1124/641
f 945/1123/642 940/1118/641 934/1112/642
f 946/1124/641 939/1117/643 940/1118/641
f 945/1123/622 931/1109/622 946/1124/622
f 939/1117/643 946/1124/641 947/1125/643
f 946/1124/622 931/1109/622 947/1125/622
f 927/1105/644 947/1125/643 948/1126/644
f 947/1125/622 931/1109/622 948/1126/622
f 947/1125/643 927/1105/645 939/1117/643
f 928/1106/646 948/1126/644 949/1127/646
f 948/1126/622 931/1109/622 949/1127/622
f 948/1126/644 928/1106/646 927/1105/644
f 950/1128/647 928/1106/646 949/1127/646
f 949/1127/622 931/1109/622 950/1128/622
f 950/1128/622 931/1109/622 951/1129/622
f 951/1129/648 930/1108/647 950/1128/647
f 928/1106/646 950/1128/649 930/1108/649
f 951/1129/622 931/1109/622 952/1130/622
f 952/1130/650 936/1114/648 951/1129/648
f 930/1108/647 951/1129/648 936/1114/648
f 952/1130/622 931/1109/622 953/1131/622
f 953/1131/651 935/1113/650 952/1130/650
f 936/1114/648 952/1130/650 935/1113/650
f 954/1132/632 937/1115/651 953/1131/651
f 953/1131/622 931/1109/622 954/1132/622
f 935/1113/650 953/1131/651 937/1115/651
f 937/1115/651 954/1132/632 932/1110/632
f 931/1109/633 932/1110/632 954/1132/632
f 934/1112/642 955/1133/652 945/1123/642
f 955/1133/622 931/1109/622 945/1123/622
f 956/1134/622 931/1109/622 955/1133/622
f 933/1111/652 956/1134/653 955/1133/652
f 955/1133/652 934/1112/642 933/1111/652
f 956/1134/626 959/1137/625 957/1135/621
f 957/1135/622 931/1109/622 956/1134/622
f 938/1116/653 914/1092/631 956/1134/653
f 956/1134/654 914/1092/655 915/1093/656
f 956/1134/657 915/1093/658 958/1136/621
f 956/1134/626 958/1136/625 959/1137/621
f 956/1134/653 933/1111/652 938/1116/653
f 960/1138/659 957/1135/656 959/1137/656
f 959/1137/621 961/1139/621 960/1138/621
f 959/1137/621 962/1140/621 961/1139/621
f 963/1141/621 962/1140/621 959/1137/621
f 958/1136/622 963/1141/622 959/1137/622
f 903/1081/623 964/1142/623 963/1141/623
f 903/1081/625 963/1141/626 916/1094/627
f 962/1140/621 963/1141/621 968/1147/621
f 966/1145/623 963/1141/623 964/1142/623
f 963/1141/622 958/1136/622 916/1094/622
f 963/1141/623 966/1145/623 965/1143/623
f 965/1143/660 967/1146/660 963/1141/660
f 967/1146/621 968/1147/621 963/1141/621
f 969/1148/622 968/1147/622 971/1150/622
f 968/1147/622 969/1148/622 973/1152/622
f 970/1149/623 968/1147/623 973/1152/623
f 968/1147/623 970/1149/623 962/1140/623
f 967/1146/621 972/1151/621 968/1147/621
f 968/1147/621 972/1151/621 971/1150/621
f 974/1153/627 973/1152/627 975/1154/627
f 973/1152/627 974/1153/627 970/1149/627
f 975/1154/627 973/1152/627 969/1148/627
f 975/1154/661 978/1158/659 976/1155/661
f 976/1155/622 974/1153/622 975/1154/622
f 969/1148/627 958/1136/627 975/1154/627
f 978/1158/659 975/1154/661 977/1156/659
f 975/1154/627 958/1136/627 977/1156/627
f 978/1157/662 897/1072/663 894/1065/663
f 894/1066/622 895/1067/622 978/1158/622
f 979/1159/621 978/1158/621 895/1067/621
f 897/1072/663 978/1157/662 898/1074/662
f 978/1158/621 979/1159/621 976/1155/621
f 977/1156/659 898/1075/656 978/1158/659
f 974/1153/622 976/1155/622 979/1159/622
f 895/1067/623 974/1153/623 979/1159/623
f 958/1136/656 898/1075/656 977/1156/664
f 974/1153/623 895/1067/623 980/1160/623
f 980/1160/627 970/1149/627 974/1153/627
f 980/1160/622 981/1161/622 982/1162/622
f 981/1161/622 980/1160/622 895/1067/622
f 982/1162/627 900/1078/627 980/1160/627
f 980/1160/660 900/1078/660 916/1094/660
f 980/1160/627 916/1094/627 970/1149/627
f 901/1079/623 982/1162/623 981/1161/623
f 982/1162/623 901/1079/623 983/1163/623
f 900/1078/627 982/1162/627 983/1163/627
f 901/1079/624 900/1078/624 983/1163/624
f 895/1067/621 901/1079/621 981/1161/621
f 972/1151/621 967/1146/621 984/1164/621
f 985/1165/622 972/1151/622 984/1164/622
f 972/1151/622 985/1165/622 986/1166/622
f 987/1168/659 972/1151/661 986/1166/661
f 972/1151/661 987/1168/659 960/1138/659
f 971/1150/621 972/1151/621 960/1138/621
f 991/1176/656 960/1138/659 987/1168/664
f 988/1169/622 989/1171/622 987/1168/622
f 987/1168/627 985/1165/627 988/1169/627
f 990/1173/665 987/1167/666 989/1170/665
f 987/1167/666 990/1173/665 991/1174/666
f 985/1165/627 987/1168/627 986/1166/627
f 957/1135/656 960/1138/659 991/1176/656
f 990/1172/624 966/1144/624 991/1175/624
f 964/1142/627 991/1176/627 966/1145/627
f 991/1176/627 964/1142/627 957/1135/627
f 990/1173/667 993/1180/627 992/1177/627
f 966/1144/624 990/1172/624 992/1178/624
f 993/1180/627 990/1173/667 989/1170/667
f 989/1171/622 988/1169/622 993/1181/622
f 966/1145/623 993/1181/623 988/1169/623
f 993/1181/623 966/1145/623 992/1179/623
f 994/1182/627 966/1145/627 988/1169/627
f 967/1146/622 994/1182/622 988/1169/622
f 985/1165/623 967/1146/623 988/1169/623
f 966/1145/627 994/1182/627 995/1183/627
f 994/1182/623 997/1185/623 995/1183/623
f 994/1182/622 967/1146/622 996/1184/622
f 997/1185/623 994/1182/623 996/1184/623
f 965/1143/624 995/1183/624 997/1185/624
f 996/1184/621 965/1143/621 997/1185/621
f 965/1143/621 996/1184/621 967/1146/621
f 995/1183/624 965/1143/624 966/1145/624
f 967/1146/623 985/1165/623 984/1164/623
f 961/1139/656 969/1148/656 971/1150/656
f 971/1150/621 960/1138/621 961/1139/621
f 970/1149/627 916/1094/627 958/1136/627
f 970/1149/627 958/1136/627 998/1186/627
f 961/1139/624 970/1149/624 998/1186/624
f 970/1149/624 961/1139/624 962/1140/624
f 998/1186/627 958/1136/627 969/1148/627
f 969/1148/656 961/1139/656 998/1186/656
f 931/1109/622 957/1135/622 964/1142/622
f 903/1081/655 931/1109/654 964/1142/627
f 898/1075/656 958/1136/656 915/1093/656
f 914/1092/631 938/1116/653 920/1098/631
f 926/1104/623 931/1109/623 903/1081/623
f 925/1103/668 905/1083/640 929/1107/640
f 906/1084/636 929/1107/640 905/1083/640
f 926/1104/669 904/1082/668 925/1103/668
f 904/1082/668 926/1104/669 903/1081/669
f 905/1083/640 925/1103/668 904/1082/668
f 911/1089/639 924/1102/629 923/1101/639
f 912/1090/629 918/1096/628 924/1102/629
f 924/1102/629 911/1089/639 912/1090/629
f 923/1101/639 910/1088/670 911/1089/639
f 909/1087/638 922/1100/635 908/1086/635
f 920/1098/631 913/1091/630 914/1092/631
g police.017_Mesh
v 0.500837 0.040390 0.060336
v 0.500837 0.056546 0.076492
v 0.484681 0.040390 0.060336
v 0.500837 -0.040390 0.060336
v 0.484681 -0.040390 0.060336
v 0.484681 -0.056546 0.076492
v 0.500837 -0.056546 0.076492
v 0.484681 -0.056546 0.100726
v 0.484681 0.056546 0.076492
v 0.500837 0.056546 0.100726
v 0.484681 0.056546 0.100726
v 0.484681 0.040390 0.116882
v 0.484681 -0.040390 0.116882
v 0.500837 -0.040390 0.116882
v 0.500837 0.040390 0.116882
v 0.500837 -0.056546 0.100726
vn 1.0000 -0.0000 -0.0000
vn -0.0000 0.3827 -0.9239
vn -0.0000 0.9239 -0.3827
vn 0.0001 -0.3827 -0.9239
vn -0.0000 -0.3827 -0.9239
vn -0.0001 0.3827 -0.9239
vn -0.0000 -0.9239 -0.3827
vn -1.0000 -0.0000 -0.0000
vn -0.0001 -0.9239 0.3827
vn 0.0001 0.9239 0.3827
vn -0.0000 0.9239 0.3827
vn -0.0001 0.9239 -0.3827
vn -0.0000 0.3827 0.9239
vn -0.0000 -0.9239 0.3827
vn -0.0000 -0.3827 0.9239
vn 0.0001 -0.3827 0.9239
vn -0.0001 -0.3827 0.9239
vn 0.0001 0.3827 0.9239
vn 0.0001 -0.9239 -0.3827
vt 0.093750 0.275000
vt 0.718750 0.025000
vt 0.718750 0.082143
vt 0.093750 0.332143
vt 0.718750 0.025000
vt 0.718750 0.025000
vt 0.093750 0.275000
vt 0.718750 0.025000
vt 0.718750 0.082143
vt 0.718750 0.082143
vt 0.093750 0.332143
vt 0.718750 0.167857
vt 0.718750 0.082143
vt 0.718750 0.167857
vt 0.093750 0.417857
vt 0.718750 0.167857
vt 0.718750 0.225000
vt 0.718750 0.225000
vt 0.093750 0.475000
vt 0.718750 0.225000
vt 0.718750 0.225000
vt 0.093750 0.475000
vt 0.718750 0.167857
vt 0.093750 0.417857
s 0
f 1000/1190/671 1002/1193/671 999/1187/671
f 1001/1191/672 1000/1189/673 999/1188/672
f 999/1188/672 1003/1194/674 1001/1191/672
f 1003/1194/675 999/1188/676 1002/1192/675
f 1002/1192/675 1004/1195/677 1003/1194/675
f 1004/1195/678 1001/1191/678 1003/1194/678
f 1004/1195/677 1002/1192/675 1005/1196/677
f 1005/1196/677 1006/1198/679 1004/1195/677
f 1007/1199/678 1004/1195/678 1006/1198/678
f 1001/1191/678 1004/1195/678 1007/1199/678
f 1007/1199/673 1008/1200/680 1000/1189/673
f 1000/1189/673 1001/1191/672 1007/1199/673
f 1008/1200/681 1007/1199/682 1009/1202/681
f 1007/1199/678 1006/1198/678 1009/1202/678
f 1009/1202/678 1011/1204/678 1010/1203/678
f 1010/1203/683 1008/1200/681 1009/1202/681
f 1009/1202/678 1006/1198/678 1011/1204/678
f 1006/1198/684 1012/1206/685 1011/1204/686
f 1013/1207/683 1011/1204/685 1012/1206/687
f 1011/1204/685 1013/1207/683 1010/1203/688
f 1008/1200/681 1010/1203/683 1013/1207/683
f 1014/1210/671 1008/1201/671 1013/1208/671
f 1014/1210/671 1013/1208/671 1012/1205/671
f 1012/1206/685 1006/1198/684 1014/1209/684
f 1006/1198/684 1005/1196/689 1014/1209/684
f 1005/1197/671 1008/1201/671 1014/1210/671
f 1005/1197/671 1000/1190/671 1008/1201/671
f 1002/1193/671 1000/1190/671 1005/1197/671
g police.018_Mesh
v -0.242959 0.161560 0.078168
v -0.248457 0.161560 0.073950
v -0.236703 0.193873 0.071912
v -0.242959 0.161560 0.115705
v -0.238741 0.161560 0.110208
v -0.231079 0.193873 0.079241
v -0.238741 0.161560 0.083665
v -0.236090 0.161560 0.103806
v -0.227544 0.193873 0.087777
v -0.236090 0.161560 0.090067
v -0.235185 0.161560 0.096936
v -0.226338 0.193873 0.096936
v -0.227544 0.193873 0.106096
v -0.231079 0.193873 0.114631
v -0.236703 0.193873 0.121961
v -0.244033 0.193873 0.127585
v -0.248457 0.161560 0.119923
v -0.252568 0.193873 0.131120
v -0.254858 0.161560 0.122574
v -0.261728 0.193873 0.132326
v -0.261728 0.161560 0.123479
v -0.270887 0.193873 0.131120
v -0.268598 0.161560 0.122574
v -0.279423 0.193873 0.127585
v -0.274999 0.161560 0.119923
v -0.286752 0.193873 0.121961
v -0.280496 0.161560 0.115705
v -0.292376 0.193873 0.114631
v -0.295912 0.193873 0.106096
v -0.284714 0.161560 0.110208
v -0.287366 0.161560 0.103806
v -0.284714 0.161560 0.083665
v -0.287366 0.161560 0.090067
v -0.295912 0.193873 0.087777
v -0.288270 0.161560 0.096936
v -0.297118 0.193873 0.096936
v -0.292376 0.193873 0.079241
v -0.280496 0.161560 0.078168
v -0.286752 0.193873 0.071912
v -0.279423 0.193873 0.066288
v -0.274999 0.161560 0.073950
v -0.270887 0.193873 0.062752
v -0.268598 0.161560 0.071298
v -0.261728 0.193873 0.061546
v -0.261728 0.161560 0.070394
v -0.254858 0.161560 0.071298
v -0.252568 0.193873 0.062752
v -0.244033 0.193873 0.066288
vn -0.0000 1.0000 -0.0000
vn -0.6820 0.2641 0.6820
vn -0.4822 0.2641 0.8353
vn -0.8353 0.2641 0.4822
vn -0.9316 0.2641 0.2496
vn -0.8353 0.2641 0.4823
vn -0.9645 0.2641 -0.0000
vn -0.9316 0.2641 -0.2496
vn -0.8353 0.2641 -0.4823
vn -0.6820 0.2641 -0.6820
vn -0.8353 0.2641 -0.4822
vn -0.4822 0.2641 -0.8353
vn -0.4823 0.2641 -0.8353
vn -0.2496 0.2641 -0.9316
vn -0.0000 0.2641 -0.9645
vn 0.2496 0.2641 -0.9316
vn 0.4823 0.2641 -0.8353
vn 0.4822 0.2641 -0.8353
vn 0.6820 0.2641 -0.6820
vn 0.8353 0.2641 -0.4822
vn 0.8353 0.2641 -0.4823
vn 0.9316 0.2641 -0.2496
vn 0.8353 0.2641 0.4823
vn 0.9316 0.2641 0.2496
vn 0.9645 0.2641 -0.0000
vn 0.6820 0.2641 0.6820
vn 0.8353 0.2641 0.4822
vn 0.4822 0.2641 0.8353
vn 0.4823 0.2641 0.8353
vn 0.2496 0.2641 0.9316
vn -0.0000 0.2641 0.9645
vn -0.2496 0.2641 0.9316
vn -0.4823 0.2641 0.8353
vt 0.718750 0.025000
vt 0.718750 0.025000
vt 0.718750 0.025000
vt 0.718750 0.063723
vt 0.718750 0.052381
vt 0.718750 0.025000
vt 0.718750 0.025000
vt 0.718750 0.039174
vt 0.718750 0.025000
vt 0.718750 0.025000
vt 0.718750 0.025000
vt 0.718750 0.025000
vt 0.718750 0.043898
vt 0.718750 0.061508
vt 0.718750 0.076631
vt 0.718750 0.088235
vt 0.718750 0.072426
vt 0.718750 0.095529
vt 0.718750 0.077897
vt 0.718750 0.098017
vt 0.718750 0.079763
vt 0.718750 0.095529
vt 0.718750 0.077897
vt 0.718750 0.088235
vt 0.718750 0.072426
vt 0.718750 0.076631
vt 0.718750 0.063723
vt 0.718750 0.061508
vt 0.718750 0.043898
vt 0.718750 0.052381
vt 0.718750 0.039174
vt 0.718750 0.025000
vt 0.718750 0.025000
vt 0.718750 0.025000
vt 0.718750 0.025000
vt 0.718750 0.025000
vt 0.718750 0.025000
vt 0.718750 0.025000
vt 0.718750 0.025000
vt 0.718750 0.025000
vt 0.718750 0.025000
vt 0.718750 0.025000
vt 0.718750 0.025000
vt 0.718750 0.025000
vt 0.718750 0.025000
vt 0.718750 0.025000
vt 0.718750 0.025000
vt 0.718750 0.025000
s 0
f 1018/1214/690 1015/1211/690 1016/1212/690
f 1017/1213/691 1016/1212/692 1015/1211/691
f 1015/1211/691 1020/1216/693 1017/1213/691
f 1019/1215/690 1015/1211/690 1018/1214/690
f 1019/1215/690 1021/1217/690 1015/1211/690
f 1020/1216/693 1015/1211/691 1021/1217/693
f 1022/1218/690 1021/1217/690 1019/1215/690
f 1022/1218/690 1024/1220/690 1021/1217/690
f 1023/1219/694 1021/1217/695 1024/1220/694
f 1021/1217/695 1023/1219/694 1020/1216/695
f 1024/1220/690 1022/1218/690 1025/1221/690
f 1024/1220/694 1026/1222/696 1023/1219/694
f 1026/1222/696 1024/1220/694 1025/1221/696
f 1022/1218/697 1026/1222/696 1025/1221/696
f 1026/1222/696 1022/1218/697 1027/1223/697
f 1019/1215/698 1027/1223/697 1022/1218/697
f 1027/1223/697 1019/1215/698 1028/1224/698
f 1018/1214/699 1028/1224/700 1019/1215/700
f 1028/1224/700 1018/1214/699 1029/1225/699
f 1018/1214/699 1030/1226/701 1029/1225/699
f 1031/1227/702 1032/1228/703 1030/1226/702
f 1030/1226/701 1018/1214/699 1031/1227/701
f 1032/1228/703 1031/1227/702 1033/1229/703
f 1033/1229/703 1034/1230/704 1032/1228/703
f 1034/1230/704 1033/1229/703 1035/1231/704
f 1035/1231/704 1036/1232/705 1034/1230/704
f 1037/1233/705 1038/1234/706 1036/1232/705
f 1036/1232/705 1035/1231/704 1037/1233/705
f 1038/1234/706 1037/1233/705 1039/1235/706
f 1039/1235/707 1040/1236/708 1038/1234/707
f 1040/1236/708 1039/1235/707 1041/1237/708
f 1041/1237/708 1042/1238/709 1040/1236/708
f 1044/1240/710 1043/1239/711 1042/1238/710
f 1042/1238/709 1041/1237/708 1044/1240/709
f 1044/1240/690 1047/1243/690 1045/1241/690
f 1043/1239/711 1044/1240/710 1045/1241/711
f 1044/1240/690 1046/1242/690 1047/1243/690
f 1041/1237/690 1046/1242/690 1044/1240/690
f 1046/1242/712 1048/1244/713 1047/1243/713
f 1050/1246/714 1047/1243/713 1048/1244/713
f 1047/1243/713 1050/1246/714 1049/1245/714
f 1045/1241/690 1047/1243/690 1049/1245/690
f 1045/1241/711 1050/1246/714 1043/1239/711
f 1050/1246/714 1045/1241/711 1049/1245/714
f 1048/1244/713 1046/1242/712 1051/1247/712
f 1052/1248/715 1051/1247/716 1046/1242/716
f 1051/1247/716 1052/1248/715 1053/1249/715
f 1052/1248/715 1054/1250/717 1053/1249/715
f 1055/1251/718 1056/1252/719 1054/1250/718
f 1054/1250/717 1052/1248/715 1055/1251/717
f 1056/1252/719 1055/1251/718 1057/1253/719
f 1057/1253/719 1058/1254/720 1056/1252/719
f 1060/1256/721 1058/1254/720 1059/1255/720
f 1058/1254/720 1057/1253/719 1059/1255/720
f 1058/1254/720 1060/1256/721 1061/1257/721
f 1060/1256/721 1062/1258/722 1061/1257/721
f 1062/1258/722 1060/1256/721 1016/1212/722
f 1016/1212/692 1017/1213/691 1062/1258/692
f 1033/1229/690 1060/1256/690 1059/1255/690
f 1031/1227/690 1016/1212/690 1060/1256/690
f 1031/1227/690 1060/1256/690 1033/1229/690
f 1035/1231/690 1059/1255/690 1057/1253/690
f 1033/1229/690 1059/1255/690 1035/1231/690
f 1037/1233/690 1057/1253/690 1055/1251/690
f 1035/1231/690 1057/1253/690 1037/1233/690
f 1039/1235/690 1055/1251/690 1052/1248/690
f 1037/1233/690 1055/1251/690 1039/1235/690
f 1041/1237/690 1052/1248/690 1046/1242/690
f 1039/1235/690 1052/1248/690 1041/1237/690
f 1018/1214/690 1016/1212/690 1031/1227/690
g police.019_Mesh
v -0.315004 0.193873 0.096936
v -0.313189 0.193873 0.083147
v -0.313189 0.193873 0.110725
v -0.307866 0.193873 0.123574
v -0.307866 0.193873 0.070298
v -0.299400 0.193873 0.059264
v -0.299400 0.193873 0.134608
v -0.297118 0.193873 0.096936
v -0.295912 0.193873 0.106096
v -0.288366 0.193873 0.143075
v -0.292376 0.193873 0.114631
v -0.286752 0.193873 0.121961
v -0.275517 0.193873 0.148397
v -0.279423 0.193873 0.127585
v -0.270887 0.193873 0.131120
v -0.261728 0.193873 0.150213
v -0.261728 0.193873 0.132326
v -0.247939 0.193873 0.148397
v -0.252568 0.193873 0.131120
v -0.244033 0.193873 0.127585
v -0.235090 0.193873 0.143075
v -0.236703 0.193873 0.121961
v -0.231079 0.193873 0.114631
v -0.224056 0.193873 0.134608
v -0.224056 0.193873 0.059264
v -0.227544 0.193873 0.106096
v -0.226338 0.193873 0.096936
v -0.215589 0.193873 0.123574
v -0.215589 0.193873 0.070298
v -0.210267 0.193873 0.110725
v -0.210267 0.193873 0.083147
v -0.208452 0.193873 0.096936
v -0.227544 0.193873 0.087777
v -0.231079 0.193873 0.079241
v -0.235090 0.193873 0.050798
v -0.236703 0.193873 0.071912
v -0.244033 0.193873 0.066288
v -0.247939 0.193873 0.045475
v -0.252568 0.193873 0.062752
v -0.261728 0.193873 0.043660
v -0.261728 0.193873 0.061546
v -0.270887 0.193873 0.062752
v -0.279423 0.193873 0.066288
v -0.275517 0.193873 0.045475
v -0.286752 0.193873 0.071912
v -0.288366 0.193873 0.050798
v -0.295912 0.193873 0.087777
v -0.292376 0.193873 0.079241
vn -0.0000 1.0000 -0.0000
vt 0.718750 0.125000
vt 0.718750 0.099118
vt 0.718750 0.150882
vt 0.718750 0.175000
vt 0.718750 0.075000
vt 0.718750 0.054289
vt 0.718750 0.195711
vt 0.718750 0.125000
vt 0.718750 0.142193
vt 0.718750 0.211602
vt 0.718750 0.158214
vt 0.718750 0.171971
vt 0.718750 0.221593
vt 0.718750 0.182528
vt 0.718750 0.189164
vt 0.718750 0.225000
vt 0.718750 0.191427
vt 0.718750 0.221593
vt 0.718750 0.189164
vt 0.718750 0.182528
vt 0.718750 0.211602
vt 0.718750 0.171971
vt 0.718750 0.158214
vt 0.718750 0.195711
vt 0.718750 0.054289
vt 0.718750 0.142193
vt 0.718750 0.125000
vt 0.718750 0.175000
vt 0.718750 0.075000
vt 0.718750 0.150882
vt 0.718750 0.099118
vt 0.718750 0.125000
vt 0.718750 0.107807
vt 0.718750 0.091786
vt 0.718750 0.038397
vt 0.718750 0.078029
vt 0.718750 0.067472
vt 0.718750 0.028407
vt 0.718750 0.060836
vt 0.718750 0.025000
vt 0.718750 0.058573
vt 0.718750 0.060836
vt 0.718750 0.067472
vt 0.718750 0.028407
vt 0.718750 0.078029
vt 0.718750 0.038397
vt 0.718750 0.107807
vt 0.718750 0.091786
s 0
f 1065/1261/723 1064/1260/723 1063/1259/723
f 1064/1260/723 1065/1261/723 1066/1262/723
f 1064/1260/723 1066/1262/723 1067/1263/723
f 1067/1263/723 1066/1262/723 1068/1264/723
f 1068/1264/723 1066/1262/723 1069/1265/723
f 1069/1265/723 1071/1267/723 1070/1266/723
f 1068/1264/723 1069/1265/723 1070/1266/723
f 1071/1267/723 1069/1265/723 1072/1268/723
f 1071/1267/723 1072/1268/723 1073/1269/723
f 1073/1269/723 1072/1268/723 1074/1270/723
f 1074/1270/723 1072/1268/723 1075/1271/723
f 1076/1272/723 1075/1271/723 1077/1273/723
f 1074/1270/723 1075/1271/723 1076/1272/723
f 1077/1273/723 1075/1271/723 1078/1274/723
f 1077/1273/723 1078/1274/723 1079/1275/723
f 1079/1275/723 1078/1274/723 1080/1276/723
f 1081/1277/723 1080/1276/723 1082/1278/723
f 1079/1275/723 1080/1276/723 1081/1277/723
f 1082/1278/723 1080/1276/723 1083/1279/723
f 1084/1280/723 1083/1279/723 1085/1281/723
f 1082/1278/723 1083/1279/723 1084/1280/723
f 1085/1281/723 1083/1279/723 1086/1282/723
f 1087/1283/723 1086/1282/723 1090/1286/723
f 1087/1283/723 1089/1285/723 1086/1282/723
f 1088/1284/723 1086/1282/723 1089/1285/723
f 1085/1281/723 1086/1282/723 1088/1284/723
f 1087/1283/723 1090/1286/723 1091/1287/723
f 1091/1287/723 1090/1286/723 1092/1288/723
f 1091/1287/723 1092/1288/723 1093/1289/723
f 1093/1289/723 1092/1288/723 1094/1290/723
f 1087/1283/723 1095/1291/723 1089/1285/723
f 1087/1283/723 1096/1292/723 1095/1291/723
f 1097/1293/723 1096/1292/723 1087/1283/723
f 1097/1293/723 1098/1294/723 1096/1292/723
f 1097/1293/723 1099/1295/723 1098/1294/723
f 1100/1296/723 1099/1295/723 1097/1293/723
f 1100/1296/723 1101/1297/723 1099/1295/723
f 1102/1298/723 1101/1297/723 1100/1296/723
f 1102/1298/723 1103/1299/723 1101/1297/723
f 1102/1298/723 1104/1300/723 1103/1299/723
f 1106/1302/723 1105/1301/723 1104/1300/723
f 1106/1302/723 1104/1300/723 1102/1298/723
f 1106/1302/723 1107/1303/723 1105/1301/723
f 1108/1304/723 1107/1303/723 1106/1302/723
f 1108/1304/723 1109/1305/723 1110/1306/723
f 1068/1264/723 1109/1305/723 1108/1304/723
f 1108/1304/723 1110/1306/723 1107/1303/723
f 1068/1264/723 1070/1266/723 1109/1305/723
g police.020_Mesh
v -0.280496 -0.161560 0.078168
v -0.274999 -0.161560 0.073950
v -0.286752 -0.193872 0.071912
v -0.280496 -0.161560 0.115705
v -0.284714 -0.161560 0.110208
v -0.284714 -0.161560 0.083665
v -0.292376 -0.193872 0.079241
v -0.295912 -0.193872 0.087777
v -0.297118 -0.193872 0.096936
v -0.287366 -0.161560 0.090067
v -0.288270 -0.161560 0.096936
v -0.287366 -0.161560 0.103806
v -0.295912 -0.193872 0.106096
v -0.292376 -0.193872 0.114631
v -0.286752 -0.193872 0.121961
v -0.279423 -0.193872 0.127585
v -0.274999 -0.161560 0.119923
v -0.270887 -0.193872 0.131120
v -0.268598 -0.161560 0.122574
v -0.261728 -0.193872 0.132326
v -0.261728 -0.161560 0.123479
v -0.252568 -0.193872 0.131120
v -0.254858 -0.161560 0.122574
v -0.244033 -0.193872 0.127585
v -0.248457 -0.161560 0.119923
v -0.236703 -0.193872 0.121961
v -0.242959 -0.161560 0.115705
v -0.231079 -0.193872 0.114631
v -0.238741 -0.161560 0.110208
v -0.227544 -0.193872 0.106096
v -0.236090 -0.161560 0.103806
v -0.226338 -0.193872 0.096936
v -0.235185 -0.161560 0.096936
v -0.227544 -0.193872 0.087777
v -0.236090 -0.161560 0.090067
v -0.238741 -0.161560 0.083665
v -0.231079 -0.193872 0.079241
v -0.242959 -0.161560 0.078168
v -0.248457 -0.161560 0.073950
v -0.244033 -0.193872 0.066288
v -0.236703 -0.193872 0.071912
v -0.252568 -0.193872 0.062752
v -0.261728 -0.193872 0.061546
v -0.254858 -0.161560 0.071298
v -0.261728 -0.161560 0.070394
v -0.268598 -0.161560 0.071298
v -0.270887 -0.193872 0.062752
v -0.279423 -0.193872 0.066288
vn -0.0000 -1.0000 -0.0000
vn 0.6820 -0.2641 0.6820
vn 0.4822 -0.2641 0.8353
vn 0.8353 -0.2641 0.4822
vn 0.8353 -0.2641 0.4823
vn 0.9316 -0.2641 0.2496
vn 0.9645 -0.2641 -0.0000
vn 0.9316 -0.2641 -0.2496
vn 0.8353 -0.2641 -0.4823
vn 0.8353 -0.2641 -0.4822
vn 0.6820 -0.2641 -0.6820
vn 0.4822 -0.2641 -0.8353
vn 0.4823 -0.2641 -0.8353
vn 0.2496 -0.2641 -0.9316
vn -0.0000 -0.2641 -0.9645
vn -0.2496 -0.2641 -0.9316
vn -0.4823 -0.2641 -0.8353
vn -0.4822 -0.2641 -0.8353
vn -0.6820 -0.2641 -0.6820
vn -0.8353 -0.2641 -0.4822
vn -0.8353 -0.2641 -0.4823
vn -0.9316 -0.2641 -0.2496
vn -0.9645 -0.2641 -0.0000
vn -0.9316 -0.2641 0.2496
vn -0.8353 -0.2641 0.4823
vn -0.6820 -0.2641 0.6820
vn -0.8353 -0.2641 0.4822
vn -0.4822 -0.2641 0.8353
vn -0.4823 -0.2641 0.8353
vn -0.2496 -0.2641 0.9316
vn -0.0000 -0.2641 0.9645
vn 0.2496 -0.2641 0.9316
vn 0.4823 -0.2641 0.8353
vt 0.718750 0.025000
vt 0.718750 0.025000
vt 0.718750 0.025000
vt 0.718750 0.063723
vt 0.718750 0.052381
vt 0.718750 0.025000
vt 0.718750 0.025000
vt 0.718750 0.025000
vt 0.718750 0.025000
vt 0.718750 0.025000
vt 0.718750 0.025000
vt 0.718750 0.039174
vt 0.718750 0.043898
vt 0.718750 0.061508
vt 0.718750 0.076631
vt 0.718750 0.088235
vt 0.718750 0.072426
vt 0.718750 0.095529
vt 0.718750 0.077897
vt 0.718750 0.098017
vt 0.718750 0.079763
vt 0.718750 0.095529
vt 0.718750 0.077897
vt 0.718750 0.088235
vt 0.718750 0.072426
vt 0.718750 0.076631
vt 0.718750 0.063723
vt 0.718750 0.061508
vt 0.718750 0.052381
vt 0.718750 0.043898
vt 0.718750 0.039174
vt 0.718750 0.025000
vt 0.718750 0.025000
vt 0.718750 0.025000
vt 0.718750 0.025000
vt 0.718750 0.025000
vt 0.718750 0.025000
vt 0.718750 0.025000
vt 0.718750 0.025000
vt 0.718750 0.025000
vt 0.718750 0.025000
vt 0.718750 0.025000
vt 0.718750 0.025000
vt 0.718750 0.025000
vt 0.718750 0.025000
vt 0.718750 0.025000
vt 0.718750 0.025000
vt 0.718750 0.025000
s 0
f 1114/1310/724 1111/1307/724 1112/1308/724
f 1113/1309/725 1112/1308/726 1111/1307/725
f 1111/1307/725 1117/1313/727 1113/1309/725
f 1115/1311/724 1111/1307/724 1114/1310/724
f 1115/1311/724 1116/1312/724 1111/1307/724
f 1117/1313/727 1111/1307/725 1116/1312/727
f 1116/1312/728 1118/1314/729 1117/1313/728
f 1120/1316/729 1119/1315/730 1118/1314/729
f 1118/1314/729 1116/1312/728 1120/1316/729
f 1120/1316/724 1122/1318/724 1121/1317/724
f 1119/1315/730 1120/1316/729 1121/1317/730
f 1122/1318/724 1120/1316/724 1116/1312/724
f 1122/1318/731 1119/1315/730 1121/1317/730
f 1119/1315/730 1122/1318/731 1123/1319/731
f 1115/1311/732 1123/1319/731 1122/1318/731
f 1122/1318/724 1116/1312/724 1115/1311/724
f 1123/1319/731 1115/1311/732 1124/1320/732
f 1124/1320/733 1114/1310/734 1125/1321/734
f 1114/1310/734 1124/1320/733 1115/1311/733
f 1114/1310/734 1126/1322/735 1125/1321/734
f 1127/1323/736 1128/1324/737 1126/1322/736
f 1126/1322/735 1114/1310/734 1127/1323/735
f 1128/1324/737 1127/1323/736 1129/1325/737
f 1129/1325/737 1130/1326/738 1128/1324/737
f 1130/1326/738 1129/1325/737 1131/1327/738
f 1131/1327/738 1132/1328/739 1130/1326/738
f 1133/1329/739 1134/1330/740 1132/1328/739
f 1132/1328/739 1131/1327/738 1133/1329/739
f 1134/1330/740 1133/1329/739 1135/1331/740
f 1135/1331/741 1136/1332/742 1134/1330/741
f 1136/1332/742 1135/1331/741 1137/1333/742
f 1137/1333/742 1138/1334/743 1136/1332/742
f 1138/1334/743 1137/1333/742 1139/1335/743
f 1139/1335/744 1140/1336/745 1138/1334/744
f 1141/1337/745 1142/1338/746 1140/1336/745
f 1140/1336/745 1139/1335/744 1141/1337/745
f 1142/1338/746 1141/1337/745 1143/1339/746
f 1145/1341/747 1142/1338/746 1143/1339/746
f 1142/1338/746 1145/1341/747 1144/1340/747
f 1141/1337/724 1145/1341/724 1143/1339/724
f 1139/1335/724 1145/1341/724 1141/1337/724
f 1139/1335/724 1146/1342/724 1145/1341/724
f 1146/1342/748 1144/1340/747 1145/1341/747
f 1137/1333/724 1146/1342/724 1139/1335/724
f 1148/1344/749 1147/1343/750 1146/1342/750
f 1144/1340/747 1146/1342/748 1147/1343/748
f 1137/1333/724 1148/1344/724 1146/1342/724
f 1135/1331/724 1148/1344/724 1137/1333/724
f 1135/1331/724 1149/1345/724 1148/1344/724
f 1147/1343/750 1148/1344/749 1151/1347/749
f 1150/1346/751 1148/1344/749 1149/1345/751
f 1148/1344/749 1150/1346/751 1151/1347/749
f 1149/1345/752 1152/1348/753 1150/1346/752
f 1154/1350/753 1153/1349/754 1152/1348/753
f 1152/1348/753 1149/1345/752 1154/1350/753
f 1131/1327/724 1155/1351/724 1154/1350/724
f 1153/1349/754 1154/1350/753 1155/1351/754
f 1133/1329/724 1154/1350/724 1149/1345/724
f 1131/1327/724 1154/1350/724 1133/1329/724
f 1156/1352/755 1153/1349/754 1155/1351/754
f 1129/1325/724 1156/1352/724 1155/1351/724
f 1129/1325/724 1155/1351/724 1131/1327/724
f 1127/1323/724 1156/1352/724 1129/1325/724
f 1127/1323/724 1112/1308/724 1156/1352/724
f 1156/1352/755 1158/1354/756 1157/1353/755
f 1153/1349/754 1156/1352/755 1157/1353/755
f 1158/1354/756 1156/1352/755 1112/1308/756
f 1112/1308/726 1113/1309/725 1158/1354/726
f 1133/1329/724 1149/1345/724 1135/1331/724
f 1114/1310/724 1112/1308/724 1127/1323/724
g police.021_Mesh
v -0.208452 -0.193872 0.096936
v -0.210267 -0.193872 0.083147
v -0.210267 -0.193872 0.110725
v -0.215589 -0.193872 0.123574
v -0.215589 -0.193872 0.070298
v -0.224056 -0.193872 0.059264
v -0.224056 -0.193872 0.134608
v -0.227544 -0.193872 0.106096
v -0.235090 -0.193872 0.143075
v -0.226338 -0.193872 0.096936
v -0.227544 -0.193872 0.087777
v -0.235090 -0.193872 0.050798
v -0.231079 -0.193872 0.079241
v -0.236703 -0.193872 0.071912
v -0.247939 -0.193872 0.045475
v -0.244033 -0.193872 0.066288
v -0.252568 -0.193872 0.062752
v -0.261728 -0.193872 0.043660
v -0.261728 -0.193872 0.061546
v -0.270887 -0.193872 0.062752
v -0.275517 -0.193872 0.045475
v -0.279423 -0.193872 0.066288
v -0.288366 -0.193872 0.050798
v -0.286752 -0.193872 0.071912
v -0.292376 -0.193872 0.079241
v -0.299400 -0.193872 0.059264
v -0.295912 -0.193872 0.087777
v -0.297118 -0.193872 0.096936
v -0.299400 -0.193872 0.134608
v -0.295912 -0.193872 0.106096
v -0.292376 -0.193872 0.114631
v -0.288366 -0.193872 0.143075
v -0.286752 -0.193872 0.121961
v -0.279423 -0.193872 0.127585
v -0.275517 -0.193872 0.148397
v -0.270887 -0.193872 0.131120
v -0.261728 -0.193872 0.132326
v -0.252568 -0.193872 0.131120
v -0.261728 -0.193872 0.150213
v -0.247939 -0.193872 0.148397
v -0.236703 -0.193872 0.121961
v -0.244033 -0.193872 0.127585
v -0.231079 -0.193872 0.114631
v -0.307866 -0.193872 0.123574
v -0.307866 -0.193872 0.070298
v -0.313189 -0.193872 0.110725
v -0.313189 -0.193872 0.083147
v -0.315004 -0.193872 0.096936
vn -0.0000 -1.0000 -0.0000
vt 0.718750 0.125000
vt 0.718750 0.099118
vt 0.718750 0.150882
vt 0.718750 0.175000
vt 0.718750 0.075000
vt 0.718750 0.054289
vt 0.718750 0.195711
vt 0.718750 0.142193
vt 0.718750 0.211602
vt 0.718750 0.125000
vt 0.718750 0.107807
vt 0.718750 0.038397
vt 0.718750 0.091786
vt 0.718750 0.078029
vt 0.718750 0.028407
vt 0.718750 0.067472
vt 0.718750 0.060836
vt 0.718750 0.025000
vt 0.718750 0.058573
vt 0.718750 0.060836
vt 0.718750 0.028407
vt 0.718750 0.067472
vt 0.718750 0.038397
vt 0.718750 0.078029
vt 0.718750 0.091786
vt 0.718750 0.054289
vt 0.718750 0.107807
vt 0.718750 0.125000
vt 0.718750 0.195711
vt 0.718750 0.142193
vt 0.718750 0.158214
vt 0.718750 0.211602
vt 0.718750 0.171971
vt 0.718750 0.182528
vt 0.718750 0.221593
vt 0.718750 0.189164
vt 0.718750 0.191427
vt 0.718750 0.189164
vt 0.718750 0.225000
vt 0.718750 0.221593
vt 0.718750 0.171971
vt 0.718750 0.182528
vt 0.718750 0.158214
vt 0.718750 0.175000
vt 0.718750 0.075000
vt 0.718750 0.150882
vt 0.718750 0.099118
vt 0.718750 0.125000
s 0
f 1161/1357/757 1160/1356/757 1159/1355/757
f 1160/1356/757 1161/1357/757 1162/1358/757
f 1163/1359/757 1162/1358/757 1164/1360/757
f 1160/1356/757 1162/1358/757 1163/1359/757
f 1164/1360/757 1162/1358/757 1165/1361/757
f 1164/1360/757 1165/1361/757 1168/1364/757
f 1166/1362/757 1165/1361/757 1167/1363/757
f 1165/1361/757 1166/1362/757 1168/1364/757
f 1164/1360/757 1168/1364/757 1169/1365/757
f 1164/1360/757 1169/1365/757 1170/1366/757
f 1170/1366/757 1169/1365/757 1171/1367/757
f 1170/1366/757 1171/1367/757 1172/1368/757
f 1170/1366/757 1172/1368/757 1173/1369/757
f 1173/1369/757 1172/1368/757 1174/1370/757
f 1173/1369/757 1174/1370/757 1175/1371/757
f 1173/1369/757 1175/1371/757 1176/1372/757
f 1176/1372/757 1175/1371/757 1177/1373/757
f 1176/1372/757 1177/1373/757 1178/1374/757
f 1176/1372/757 1178/1374/757 1179/1375/757
f 1179/1375/757 1178/1374/757 1180/1376/757
f 1179/1375/757 1180/1376/757 1181/1377/757
f 1181/1377/757 1180/1376/757 1182/1378/757
f 1181/1377/757 1182/1378/757 1183/1379/757
f 1181/1377/757 1183/1379/757 1184/1380/757
f 1184/1380/757 1183/1379/757 1185/1381/757
f 1184/1380/757 1185/1381/757 1186/1382/757
f 1184/1380/757 1186/1382/757 1187/1383/757
f 1188/1384/757 1187/1383/757 1186/1382/757
f 1189/1385/757 1187/1383/757 1188/1384/757
f 1189/1385/757 1190/1386/757 1187/1383/757
f 1191/1387/757 1190/1386/757 1189/1385/757
f 1192/1388/757 1190/1386/757 1191/1387/757
f 1192/1388/757 1193/1389/757 1190/1386/757
f 1194/1390/757 1193/1389/757 1192/1388/757
f 1195/1391/757 1193/1389/757 1194/1390/757
f 1196/1392/757 1197/1393/757 1195/1391/757
f 1195/1391/757 1197/1393/757 1193/1389/757
f 1196/1392/757 1198/1394/757 1197/1393/757
f 1199/1395/757 1167/1363/757 1198/1394/757
f 1199/1395/757 1198/1394/757 1200/1396/757
f 1200/1396/757 1198/1394/757 1196/1392/757
f 1201/1397/757 1167/1363/757 1199/1395/757
f 1166/1362/757 1167/1363/757 1201/1397/757
f 1184/1380/757 1187/1383/757 1202/1398/757
f 1203/1399/757 1202/1398/757 1204/1400/757
f 1184/1380/757 1202/1398/757 1203/1399/757
f 1203/1399/757 1204/1400/757 1205/1401/757
f 1205/1401/757 1204/1400/757 1206/1402/757
g police.022_Mesh
v 0.236639 -0.129248 0.190569
v 0.236639 -0.161560 0.190569
v 0.213260 -0.129248 0.180886
v 0.261728 -0.129248 0.193872
v 0.220530 -0.096936 0.168293
v 0.240402 -0.096936 0.176524
v 0.261728 -0.096936 0.179332
v 0.240402 -0.096936 0.017348
v 0.220530 -0.096936 0.025579
v 0.213260 -0.129248 0.012987
v 0.236639 -0.129248 0.003303
v 0.203465 -0.096936 0.038674
v 0.203465 -0.096936 0.155199
v 0.193184 -0.129248 0.028392
v 0.177779 -0.129248 0.048468
v 0.190371 -0.096936 0.055738
v 0.190371 -0.096936 0.138134
v 0.168095 -0.129248 0.071847
v 0.182140 -0.096936 0.075611
v 0.182140 -0.096936 0.118262
v 0.179332 -0.096936 0.096936
v 0.164792 -0.129248 0.096936
v 0.168095 -0.129248 0.122025
v 0.164792 -0.161560 0.096936
v 0.168095 -0.161560 0.122025
v 0.182140 -0.193873 0.118262
v 0.177779 -0.161560 0.145404
v 0.190371 -0.193873 0.138134
v 0.203465 -0.193873 0.155199
v 0.203465 -0.193873 0.038674
v 0.190371 -0.193873 0.055738
v 0.168095 -0.161560 0.071847
v 0.177779 -0.161560 0.048468
v 0.182140 -0.193873 0.075611
v 0.179332 -0.193873 0.096936
v 0.193184 -0.161560 0.028392
v 0.213260 -0.161560 0.012987
v 0.220530 -0.193873 0.025579
v 0.240402 -0.193873 0.017348
v 0.210267 -0.193873 0.083147
v 0.215589 -0.193873 0.070298
v 0.224056 -0.193873 0.059264
v 0.235090 -0.193873 0.050798
v 0.247939 -0.193873 0.045475
v 0.261728 -0.193873 0.043660
v 0.261728 -0.193873 0.014540
v 0.261728 -0.161560 -0.000000
v 0.283053 -0.193873 0.017348
v 0.236639 -0.161560 0.003303
v 0.286817 -0.161560 0.003303
v 0.302926 -0.193873 0.025579
v 0.275517 -0.193873 0.045475
v 0.288366 -0.193873 0.050798
v 0.299400 -0.193873 0.059264
v 0.307866 -0.193873 0.070298
v 0.313189 -0.193873 0.083147
v 0.319991 -0.193873 0.038674
v 0.330272 -0.161560 0.028392
v 0.315004 -0.193873 0.096936
v 0.345677 -0.161560 0.048468
v 0.333085 -0.193873 0.055738
v 0.319991 -0.193873 0.155199
v 0.310196 -0.161560 0.012987
v 0.310196 -0.129248 0.012987
v 0.286817 -0.129248 0.003303
v 0.302926 -0.096936 0.025579
v 0.283053 -0.096936 0.017348
v 0.330272 -0.129248 0.028392
v 0.345677 -0.129248 0.048468
v 0.319991 -0.096936 0.038674
v 0.319991 -0.096936 0.155199
v 0.333085 -0.096936 0.138134
v 0.333085 -0.096936 0.055738
v 0.341316 -0.096936 0.118262
v 0.341316 -0.096936 0.075611
v 0.355361 -0.129248 0.071847
v 0.355361 -0.161560 0.071847
v 0.358664 -0.129248 0.096936
v 0.358664 -0.161560 0.096936
v 0.355361 -0.129248 0.122025
v 0.344124 -0.096936 0.096936
v 0.355361 -0.161560 0.122025
v 0.345677 -0.129248 0.145404
v 0.330272 -0.129248 0.165480
v 0.345677 -0.161560 0.145404
v 0.333085 -0.193873 0.138134
v 0.330272 -0.161560 0.165480
v 0.310196 -0.161560 0.180885
v 0.310196 -0.129248 0.180885
v 0.286817 -0.129248 0.190569
v 0.283053 -0.096936 0.176524
v 0.302926 -0.096936 0.168293
v 0.286817 -0.161560 0.190569
v 0.261728 -0.161560 0.193872
v 0.261728 -0.193873 0.179332
v 0.283053 -0.193873 0.176524
v 0.275517 -0.193873 0.148397
v 0.288366 -0.193873 0.143075
v 0.302926 -0.193873 0.168293
v 0.299400 -0.193873 0.134608
v 0.307866 -0.193873 0.123574
v 0.313189 -0.193873 0.110725
v 0.261728 -0.193873 0.150212
v 0.247939 -0.193873 0.148397
v 0.235090 -0.193873 0.143075
v 0.240402 -0.193873 0.176524
v 0.213260 -0.161560 0.180886
v 0.220530 -0.193873 0.168293
v 0.224056 -0.193873 0.134608
v 0.215589 -0.193873 0.123574
v 0.210267 -0.193873 0.110725
v 0.208452 -0.193873 0.096936
v 0.193184 -0.161560 0.165480
v 0.193184 -0.129248 0.165480
v 0.177779 -0.129248 0.145404
v 0.261728 -0.096936 0.014540
v 0.261728 -0.129248 -0.000000
v 0.341316 -0.193873 0.118262
v 0.341316 -0.193873 0.075611
v 0.344124 -0.193873 0.096936
vn -0.2533 -0.2064 0.9451
vn -0.0000 0.2064 0.9785
vn -0.2533 0.2064 0.9451
vn -0.4892 0.2064 0.8474
vn -0.2532 -0.2064 0.9451
vn -0.2532 0.2064 0.9451
vn -0.4559 0.4104 0.7898
vn -0.4892 0.2063 0.8474
vn -0.2360 0.4104 0.8809
vn -0.2533 0.2063 0.9451
vn -0.2360 0.4104 0.8808
vn -0.0000 0.4104 0.9119
vn -0.0000 1.0000 -0.0000
vn -0.4559 0.4104 -0.7898
vn -0.2532 0.2064 -0.9451
vn -0.4892 0.2063 -0.8474
vn -0.4892 0.2064 -0.8474
vn -0.6448 0.4104 -0.6448
vn -0.4560 0.4104 -0.7897
vn -0.2360 0.4104 -0.8808
vn -0.6919 0.2063 -0.6919
vn -0.8474 0.2064 -0.4892
vn -0.7897 0.4104 -0.4560
vn -0.7898 0.4104 -0.4559
vn -0.9451 0.2064 -0.2532
vn -0.8808 0.4104 -0.2360
vn -0.8474 0.2063 -0.4892
vn -0.9785 0.2064 -0.0000
vn -0.9451 0.2063 -0.2533
vn -0.8809 0.4104 -0.2360
vn -0.9119 0.4104 -0.0000
vn -0.9451 0.2064 0.2533
vn -0.9785 0.2063 -0.0000
vn -0.9451 -0.2064 0.2533
vn -0.9451 0.2064 -0.2533
vn -0.9785 -0.2064 -0.0000
vn -0.8474 -0.2064 0.4892
vn -0.9451 0.2064 0.2532
vn -0.9451 -0.2064 0.2532
vn -0.8808 -0.4104 0.2360
vn -0.9451 -0.2063 0.2533
vn -0.7898 -0.4104 0.4559
vn -0.9452 -0.2063 0.2532
vn -0.8474 -0.2063 0.4892
vn -0.6448 -0.4104 0.6448
vn -0.7897 -0.4104 0.4560
vn -0.0000 -1.0000 -0.0000
vn -0.9452 -0.2063 -0.2532
vn -0.7898 -0.4104 -0.4559
vn -0.8808 -0.4104 -0.2360
vn -0.9451 -0.2064 -0.2532
vn -0.8474 -0.2063 -0.4892
vn -0.8474 -0.2064 -0.4892
vn -0.6448 -0.4104 -0.6448
vn -0.7897 -0.4104 -0.4560
vn -0.8809 -0.4104 -0.2360
vn -0.9119 -0.4104 -0.0000
vn -0.9451 -0.2063 -0.2533
vn -0.8809 -0.4104 0.2360
vn -0.6919 -0.2063 -0.6919
vn -0.6919 0.2064 -0.6919
vn -0.6919 -0.2064 -0.6919
vn -0.8474 -0.2064 -0.4893
vn -0.4892 -0.2064 -0.8474
vn -0.4560 -0.4104 -0.7897
vn -0.4892 -0.2063 -0.8474
vn -0.4893 -0.2064 -0.8474
vn -0.2360 -0.4104 -0.8808
vn -0.4559 -0.4104 -0.7898
vn -0.0000 -0.4104 -0.9119
vn -0.2533 -0.2064 -0.9451
vn -0.0000 -0.2063 -0.9785
vn -0.0000 -0.2064 -0.9785
vn 0.2360 -0.4104 -0.8809
vn -0.2360 -0.4104 -0.8809
vn -0.2533 0.2064 -0.9451
vn -0.2532 -0.2064 -0.9451
vn -0.2532 -0.2063 -0.9452
vn 0.2360 -0.4104 -0.8808
vn 0.2533 -0.2063 -0.9451
vn 0.2532 -0.2064 -0.9451
vn 0.4559 -0.4104 -0.7898
vn 0.6448 -0.4104 -0.6448
vn 0.4892 -0.2064 -0.8474
vn 0.6919 -0.2063 -0.6919
vn 0.8474 -0.2064 -0.4892
vn 0.7897 -0.4104 -0.4560
vn 0.4892 -0.2063 -0.8474
vn 0.4560 -0.4104 -0.7897
vn 0.4892 0.2064 -0.8474
vn 0.6919 -0.2064 -0.6919
vn 0.2532 0.2064 -0.9451
vn 0.2360 0.4104 -0.8808
vn 0.4893 0.2064 -0.8474
vn 0.2532 0.2063 -0.9452
vn 0.4560 0.4104 -0.7897
vn 0.6919 0.2064 -0.6919
vn 0.4892 0.2063 -0.8474
vn 0.4893 0.2064 -0.8473
vn 0.4559 0.4104 -0.7898
vn 0.8474 0.2064 -0.4892
vn 0.6448 0.4104 -0.6448
vn 0.6919 0.2063 -0.6919
vn 0.7897 0.4104 -0.4560
vn 0.7898 0.4104 -0.4559
vn 0.9451 0.2063 -0.2533
vn 0.8474 0.2063 -0.4892
vn 0.9451 0.2064 -0.2532
vn 0.8809 0.4104 -0.2360
vn 0.9451 -0.2064 -0.2532
vn 0.9785 0.2064 -0.0000
vn 0.9451 0.2064 -0.2533
vn 0.8808 0.4104 -0.2360
vn 0.9785 0.2063 -0.0000
vn 0.9452 0.2063 -0.2532
vn 0.9451 -0.2064 -0.2533
vn 0.9785 -0.2064 -0.0000
vn 0.9451 0.2064 0.2533
vn 0.8808 0.4104 0.2360
vn 0.9452 0.2063 0.2532
vn 0.9119 0.4104 -0.0000
vn 0.8809 0.4104 0.2360
vn 0.8474 0.2064 0.4892
vn 0.9451 -0.2064 0.2532
vn 0.9451 0.2064 0.2532
vn 0.9451 -0.2064 0.2533
vn 0.7898 0.4104 0.4559
vn 0.8474 0.2063 0.4892
vn 0.6448 0.4104 0.6448
vn 0.6919 0.2064 0.6919
vn 0.6919 0.2063 0.6919
vn 0.8474 -0.2064 0.4892
vn 0.7897 0.4104 0.4560
vn 0.6919 -0.2063 0.6919
vn 0.8474 -0.2063 0.4892
vn 0.6448 -0.4104 0.6448
vn 0.7897 -0.4104 0.4560
vn 0.7898 -0.4104 0.4559
vn 0.9451 -0.2063 0.2533
vn 0.6919 -0.2064 0.6919
vn 0.4892 -0.2064 0.8474
vn 0.4892 0.2064 0.8474
vn 0.4560 0.4104 0.7897
vn 0.4892 0.2063 0.8474
vn 0.4893 0.2064 0.8474
vn 0.2360 0.4104 0.8808
vn 0.2532 0.2063 0.9452
vn 0.2532 -0.2064 0.9451
vn 0.2532 0.2064 0.9451
vn 0.4893 0.2064 0.8473
vn 0.4559 0.4104 0.7898
vn 0.2533 -0.2064 0.9451
vn -0.0000 -0.2064 0.9785
vn -0.0000 -0.4104 0.9119
vn -0.0000 -0.2063 0.9785
vn 0.2533 0.2064 0.9451
vn 0.2360 -0.4104 0.8809
vn 0.2360 -0.4104 0.8808
vn 0.4893 -0.2064 0.8474
vn 0.2532 -0.2063 0.9452
vn 0.4559 -0.4104 0.7898
vn 0.4560 -0.4104 0.7897
vn -0.2360 -0.4104 0.8809
vn -0.2360 -0.4104 0.8808
vn -0.4893 -0.2064 0.8474
vn -0.4559 -0.4104 0.7898
vn -0.2532 -0.2063 0.9452
vn -0.4892 -0.2064 0.8474
vn -0.4560 -0.4104 0.7897
vn -0.6919 -0.2064 0.6919
vn -0.6919 -0.2063 0.6919
vn -0.6919 0.2064 0.6919
vn -0.8474 0.2064 0.4892
vn -0.6448 0.4104 0.6448
vn -0.7897 0.4104 0.4560
vn -0.7898 0.4104 0.4559
vn -0.8474 0.2063 0.4892
vn -0.8474 0.2064 0.4893
vn -0.6919 0.2063 0.6919
vn 0.2360 0.4104 0.8809
vn 0.2533 0.2064 -0.9451
vn -0.0000 0.4104 -0.9119
vn 0.2360 0.4104 -0.8809
vn -0.0000 0.2064 -0.9785
vn -0.2360 0.4104 -0.8809
vn -0.0000 0.2063 -0.9785
vn 0.2533 -0.2064 -0.9451
vn -0.2533 0.2063 -0.9451
vn -0.0000 0.2063 0.9785
vn 0.8808 -0.4104 0.2360
vn 0.7898 -0.4104 -0.4559
vn 0.8809 -0.4104 -0.2360
vn 0.8808 -0.4104 -0.2360
vn 0.9452 -0.2063 -0.2532
vn 0.9785 -0.2063 -0.0000
vn 0.9119 -0.4104 -0.0000
vn 0.8809 -0.4104 0.2360
vn 0.9451 -0.2063 -0.2533
vn 0.8474 -0.2063 -0.4892
vn -0.9451 -0.2064 -0.2533
vn -0.8809 0.4104 0.2360
vn -0.8808 0.4104 0.2360
vn -0.4560 0.4104 0.7897
vt 0.593750 0.218185
vt 0.593750 0.218185
vt 0.593750 0.198205
vt 0.593750 0.225000
vt 0.593750 0.172224
vt 0.593750 0.189207
vt 0.593750 0.195000
vt 0.593750 0.025000
vt 0.593750 0.025000
vt 0.593750 0.025000
vt 0.593750 0.025000
vt 0.593750 0.025000
vt 0.593750 0.145208
vt 0.593750 0.025000
vt 0.593750 0.025000
vt 0.593750 0.025000
vt 0.593750 0.110000
vt 0.593750 0.025000
vt 0.593750 0.025000
vt 0.593750 0.068999
vt 0.593750 0.025000
vt 0.593750 0.025000
vt 0.593750 0.076764
vt 0.593750 0.025000
vt 0.593750 0.076764
vt 0.593750 0.068999
vt 0.593750 0.125000
vt 0.593750 0.110000
vt 0.593750 0.145208
vt 0.593750 0.025000
vt 0.593750 0.025000
vt 0.593750 0.025000
vt 0.593750 0.025000
vt 0.593750 0.025000
vt 0.593750 0.025000
vt 0.593750 0.025000
vt 0.593750 0.025000
vt 0.593750 0.025000
vt 0.593750 0.025000
vt 0.593750 0.025000
vt 0.593750 0.025000
vt 0.593750 0.025000
vt 0.593750 0.025000
vt 0.593750 0.025000
vt 0.593750 0.025000
vt 0.593750 0.025000
vt 0.593750 0.025000
vt 0.593750 0.025000
vt 0.593750 0.025000
vt 0.593750 0.025000
vt 0.593750 0.025000
vt 0.593750 0.025000
vt 0.593750 0.025000
vt 0.593750 0.025000
vt 0.593750 0.025000
vt 0.593750 0.025000
vt 0.593750 0.025000
vt 0.593750 0.025000
vt 0.593750 0.025000
vt 0.593750 0.025000
vt 0.593750 0.025000
vt 0.593750 0.145208
vt 0.593750 0.025000
vt 0.593750 0.025000
vt 0.593750 0.025000
vt 0.593750 0.025000
vt 0.593750 0.025000
vt 0.593750 0.025000
vt 0.593750 0.025000
vt 0.593750 0.025000
vt 0.593750 0.145208
vt 0.593750 0.110000
vt 0.593750 0.025000
vt 0.593750 0.068999
vt 0.593750 0.025000
vt 0.593750 0.025000
vt 0.593750 0.025000
vt 0.593750 0.025000
vt 0.593750 0.025000
vt 0.593750 0.076764
vt 0.593750 0.025000
vt 0.593750 0.076764
vt 0.593750 0.125000
vt 0.593750 0.166421
vt 0.593750 0.125000
vt 0.593750 0.110000
vt 0.593750 0.166421
vt 0.593750 0.198205
vt 0.593750 0.198205
vt 0.593750 0.218185
vt 0.593750 0.189207
vt 0.593750 0.172224
vt 0.593750 0.218185
vt 0.593750 0.225000
vt 0.593750 0.195000
vt 0.593750 0.189207
vt 0.593750 0.131175
vt 0.593750 0.120194
vt 0.593750 0.172224
vt 0.593750 0.102725
vt 0.593750 0.079960
vt 0.593750 0.053449
vt 0.593750 0.134920
vt 0.593750 0.131175
vt 0.593750 0.120194
vt 0.593750 0.189207
vt 0.593750 0.198205
vt 0.593750 0.172224
vt 0.593750 0.102725
vt 0.593750 0.079960
vt 0.593750 0.053449
vt 0.593750 0.025000
vt 0.593750 0.166421
vt 0.593750 0.166421
vt 0.593750 0.125000
vt 0.593750 0.025000
vt 0.593750 0.025000
vt 0.593750 0.068999
vt 0.593750 0.025000
vt 0.593750 0.025000
s 0
f 1208/1404/758 1210/1406/759 1207/1403/760
f 1209/1405/761 1208/1404/762 1207/1403/763
f 1207/1403/763 1211/1407/764 1209/1405/765
f 1210/1406/759 1212/1408/766 1207/1403/767
f 1211/1407/764 1207/1403/763 1212/1408/768
f 1212/1408/766 1210/1406/759 1213/1409/769
f 1214/1410/770 1212/1408/770 1213/1409/770
f 1215/1411/770 1212/1408/770 1214/1410/770
f 1215/1411/770 1211/1407/770 1212/1408/770
f 1215/1411/771 1217/1413/772 1216/1412/773
f 1216/1412/774 1218/1414/775 1215/1411/776
f 1217/1413/772 1215/1411/771 1214/1410/777
f 1218/1414/770 1211/1407/770 1215/1411/770
f 1218/1414/770 1219/1415/770 1211/1407/770
f 1222/1418/770 1219/1415/770 1218/1414/770
f 1218/1414/775 1216/1412/774 1220/1416/778
f 1221/1417/779 1218/1414/775 1220/1416/778
f 1218/1414/775 1221/1417/779 1222/1418/780
f 1222/1418/770 1223/1419/770 1219/1415/770
f 1225/1421/770 1223/1419/770 1222/1418/770
f 1222/1418/781 1224/1420/782 1225/1421/783
f 1224/1420/782 1222/1418/781 1221/1417/784
f 1225/1421/770 1226/1422/770 1223/1419/770
f 1226/1422/770 1225/1421/770 1227/1423/770
f 1228/1424/785 1225/1421/783 1224/1420/786
f 1225/1421/787 1228/1424/785 1227/1423/788
f 1229/1425/789 1227/1423/788 1228/1424/790
f 1228/1424/785 1231/1427/791 1229/1425/789
f 1224/1420/792 1230/1426/793 1228/1424/785
f 1231/1427/791 1228/1424/785 1230/1426/793
f 1233/1429/794 1229/1425/795 1231/1427/796
f 1230/1426/793 1232/1428/797 1231/1427/798
f 1234/1430/799 1231/1427/800 1232/1428/797
f 1231/1427/796 1234/1430/799 1233/1429/801
f 1235/1431/802 1233/1429/794 1234/1430/803
f 1232/1428/804 1237/1433/804 1234/1430/804
f 1234/1430/804 1236/1432/804 1235/1431/804
f 1234/1430/804 1237/1433/804 1236/1432/804
f 1238/1434/805 1237/1433/806 1240/1436/807
f 1237/1433/806 1238/1434/808 1239/1435/809
f 1239/1435/810 1236/1432/811 1237/1433/812
f 1232/1428/804 1240/1436/804 1237/1433/804
f 1240/1436/804 1232/1428/804 1241/1437/804
f 1230/1426/793 1240/1436/813 1241/1437/814
f 1240/1436/807 1230/1426/793 1238/1434/815
f 1232/1428/816 1230/1426/793 1241/1437/814
f 1236/1432/811 1239/1435/810 1242/1438/817
f 1239/1435/810 1220/1416/818 1242/1438/819
f 1220/1416/818 1239/1435/810 1221/1417/779
f 1238/1434/808 1221/1417/779 1239/1435/820
f 1220/1416/818 1243/1439/821 1242/1438/819
f 1242/1438/819 1244/1440/822 1236/1432/811
f 1244/1440/822 1242/1438/819 1243/1439/823
f 1248/1444/804 1244/1440/804 1245/1441/804
f 1243/1439/824 1245/1441/825 1244/1440/826
f 1246/1442/804 1244/1440/804 1247/1443/804
f 1246/1442/804 1236/1432/804 1244/1440/804
f 1247/1443/804 1244/1440/804 1248/1444/804
f 1248/1444/804 1245/1441/804 1249/1445/804
f 1249/1445/804 1245/1441/804 1250/1446/804
f 1250/1446/804 1245/1441/804 1252/1448/804
f 1250/1446/804 1252/1448/804 1251/1447/804
f 1252/1448/827 1255/1451/828 1253/1449/829
f 1253/1449/830 1254/1450/831 1252/1448/827
f 1251/1447/804 1252/1448/804 1254/1450/804
f 1255/1451/828 1252/1448/827 1245/1441/832
f 1217/1413/833 1253/1449/830 1255/1451/828
f 1255/1451/834 1216/1412/774 1217/1413/772
f 1216/1412/774 1255/1451/834 1243/1439/824
f 1245/1441/825 1243/1439/824 1255/1451/835
f 1254/1450/836 1253/1449/830 1256/1452/837
f 1256/1452/838 1257/1453/839 1254/1450/836
f 1259/1455/804 1254/1450/804 1257/1453/804
f 1251/1447/804 1254/1450/804 1258/1454/804
f 1258/1454/804 1254/1450/804 1259/1455/804
f 1259/1455/804 1257/1453/804 1260/1456/804
f 1260/1456/804 1257/1453/804 1261/1457/804
f 1261/1457/804 1263/1459/804 1262/1458/804
f 1261/1457/804 1257/1453/804 1263/1459/804
f 1263/1459/840 1269/1465/841 1264/1460/842
f 1266/1462/843 1263/1459/840 1264/1460/842
f 1262/1458/804 1263/1459/804 1265/1461/804
f 1268/1464/804 1265/1461/804 1263/1459/804
f 1263/1459/840 1266/1462/843 1267/1463/844
f 1268/1464/804 1263/1459/804 1267/1463/804
f 1269/1465/845 1263/1459/840 1257/1453/846
f 1256/1452/838 1270/1466/847 1269/1465/841
f 1257/1453/839 1256/1452/838 1269/1465/845
f 1270/1466/847 1264/1460/848 1269/1465/841
f 1270/1466/847 1256/1452/838 1271/1467/849
f 1273/1469/850 1270/1466/851 1271/1467/852
f 1272/1468/853 1274/1470/854 1270/1466/855
f 1270/1466/856 1273/1469/850 1272/1468/857
f 1264/1460/848 1270/1466/847 1274/1470/854
f 1275/1471/858 1264/1460/848 1274/1470/854
f 1276/1472/859 1275/1471/858 1274/1470/860
f 1274/1470/854 1272/1468/853 1276/1472/859
f 1276/1472/770 1277/1473/770 1278/1474/770
f 1272/1468/770 1277/1473/770 1276/1472/770
f 1275/1471/858 1276/1472/859 1279/1475/861
f 1276/1472/770 1278/1474/770 1279/1475/770
f 1279/1475/770 1280/1476/770 1281/1477/770
f 1279/1475/770 1278/1474/770 1280/1476/770
f 1279/1475/862 1282/1478/863 1275/1471/864
f 1282/1478/865 1279/1475/862 1281/1477/866
f 1282/1478/865 1266/1462/843 1275/1471/858
f 1266/1462/843 1282/1478/865 1283/1479/867
f 1284/1480/868 1283/1479/867 1282/1478/869
f 1281/1477/870 1284/1480/871 1282/1478/872
f 1283/1479/873 1284/1480/868 1285/1481/874
f 1286/1482/875 1285/1481/874 1284/1480/868
f 1284/1480/871 1280/1476/876 1286/1482/877
f 1284/1480/871 1281/1477/866 1287/1483/878
f 1280/1476/879 1284/1480/871 1287/1483/878
f 1281/1477/770 1280/1476/770 1287/1483/770
f 1289/1485/880 1288/1484/881 1286/1482/882
f 1285/1481/874 1286/1482/882 1288/1484/883
f 1278/1474/884 1286/1482/882 1280/1476/879
f 1286/1482/882 1278/1474/884 1289/1485/885
f 1289/1485/880 1277/1473/886 1290/1486/887
f 1290/1486/888 1291/1487/889 1289/1485/880
f 1277/1473/886 1289/1485/880 1278/1474/890
f 1288/1484/881 1289/1485/880 1291/1487/889
f 1291/1487/889 1290/1486/888 1293/1489/891
f 1291/1487/892 1268/1464/893 1292/1488/894
f 1292/1488/895 1288/1484/896 1291/1487/892
f 1268/1464/893 1291/1487/889 1293/1489/897
f 1294/1490/898 1268/1464/893 1293/1489/891
f 1293/1489/897 1295/1491/899 1294/1490/898
f 1295/1491/899 1293/1489/897 1290/1486/887
f 1290/1486/887 1298/1494/900 1295/1491/901
f 1295/1491/902 1297/1493/903 1296/1492/904
f 1299/1495/905 1295/1491/899 1296/1492/906
f 1297/1493/903 1295/1491/907 1298/1494/908
f 1295/1491/899 1299/1495/905 1294/1490/898
f 1299/1495/909 1210/1406/759 1300/1496/910
f 1301/1497/911 1299/1495/909 1300/1496/912
f 1210/1406/759 1299/1495/909 1296/1492/913
f 1299/1495/909 1301/1497/911 1302/1498/914
f 1302/1498/915 1294/1490/916 1299/1495/917
f 1301/1497/804 1303/1499/804 1302/1498/804
f 1302/1498/804 1303/1499/804 1304/1500/804
f 1302/1498/804 1304/1500/804 1305/1501/804
f 1294/1490/916 1302/1498/915 1305/1501/918
f 1305/1501/804 1307/1503/804 1268/1464/804
f 1268/1464/893 1294/1490/898 1305/1501/919
f 1305/1501/804 1304/1500/804 1306/1502/804
f 1305/1501/804 1306/1502/804 1307/1503/804
f 1268/1464/804 1307/1503/804 1308/1504/804
f 1268/1464/804 1308/1504/804 1265/1461/804
f 1301/1497/804 1309/1505/804 1303/1499/804
f 1301/1497/804 1310/1506/804 1309/1505/804
f 1312/1508/804 1311/1507/804 1310/1506/804
f 1312/1508/804 1310/1506/804 1301/1497/804
f 1301/1497/911 1208/1404/758 1312/1508/920
f 1312/1508/921 1313/1509/922 1314/1510/923
f 1313/1509/922 1312/1508/921 1208/1404/924
f 1314/1510/804 1315/1511/804 1312/1508/804
f 1312/1508/804 1315/1511/804 1311/1507/804
f 1314/1510/804 1316/1512/804 1315/1511/804
f 1314/1510/804 1317/1513/804 1316/1512/804
f 1235/1431/804 1317/1513/804 1314/1510/804
f 1317/1513/804 1235/1431/804 1318/1514/804
f 1235/1431/804 1236/1432/804 1318/1514/804
f 1318/1514/804 1236/1432/804 1246/1442/804
f 1313/1509/925 1235/1431/802 1314/1510/926
f 1209/1405/761 1319/1515/927 1313/1509/925
f 1208/1404/762 1209/1405/761 1313/1509/925
f 1235/1431/802 1313/1509/925 1319/1515/928
f 1319/1515/927 1209/1405/761 1320/1516/929
f 1321/1517/930 1319/1515/927 1320/1516/929
f 1319/1515/927 1321/1517/930 1233/1429/794
f 1233/1429/794 1235/1431/802 1319/1515/928
f 1321/1517/930 1219/1415/931 1223/1419/932
f 1223/1419/933 1229/1425/795 1321/1517/934
f 1229/1425/795 1233/1429/794 1321/1517/935
f 1219/1415/931 1321/1517/930 1320/1516/936
f 1209/1405/761 1219/1415/931 1320/1516/936
f 1208/1404/758 1301/1497/911 1300/1496/912
f 1210/1406/759 1208/1404/758 1300/1496/910
f 1298/1494/900 1290/1486/887 1277/1473/886
f 1272/1468/770 1298/1494/770 1277/1473/770
f 1273/1469/770 1297/1493/770 1298/1494/770
f 1273/1469/770 1298/1494/770 1272/1468/770
f 1322/1518/770 1213/1409/770 1297/1493/770
f 1213/1409/769 1296/1492/913 1297/1493/937
f 1322/1518/770 1297/1493/770 1273/1469/770
f 1214/1410/770 1213/1409/770 1322/1518/770
f 1271/1467/938 1322/1518/939 1273/1469/940
f 1323/1519/941 1214/1410/942 1322/1518/939
f 1322/1518/939 1271/1467/938 1323/1519/943
f 1256/1452/944 1323/1519/941 1271/1467/938
f 1214/1410/942 1323/1519/941 1217/1413/945
f 1323/1519/941 1256/1452/944 1253/1449/830
f 1253/1449/830 1217/1413/833 1323/1519/941
f 1296/1492/913 1213/1409/769 1210/1406/946
f 1292/1488/804 1267/1463/804 1325/1521/804
f 1268/1464/804 1267/1463/804 1292/1488/804
f 1288/1484/881 1292/1488/895 1324/1520/947
f 1292/1488/804 1325/1521/804 1324/1520/804
f 1267/1463/948 1283/1479/867 1325/1521/949
f 1285/1481/874 1325/1521/950 1283/1479/951
f 1324/1520/804 1325/1521/804 1326/1522/804
f 1325/1521/949 1285/1481/952 1326/1522/953
f 1326/1522/953 1288/1484/883 1324/1520/954
f 1288/1484/883 1326/1522/953 1285/1481/952
f 1283/1479/955 1267/1463/948 1266/1462/956
f 1264/1460/842 1275/1471/858 1266/1462/843
f 1243/1439/821 1220/1416/818 1216/1412/774
f 1230/1426/793 1224/1420/792 1238/1434/957
f 1221/1417/779 1238/1434/808 1224/1420/782
f 1227/1423/788 1229/1425/789 1226/1422/958
f 1229/1425/795 1223/1419/933 1226/1422/959
f 1219/1415/931 1209/1405/761 1211/1407/960
g police.023_Mesh
v 0.242959 -0.161560 0.078168
v 0.231079 -0.193873 0.079241
v 0.238741 -0.161560 0.083665
v 0.248457 -0.161560 0.073950
v 0.236703 -0.193873 0.071912
v 0.242959 -0.161560 0.115705
v 0.238741 -0.161560 0.110207
v 0.236090 -0.161560 0.103806
v 0.227544 -0.193873 0.106096
v 0.231079 -0.193873 0.114631
v 0.236703 -0.193873 0.121961
v 0.244033 -0.193873 0.127585
v 0.248457 -0.161560 0.119923
v 0.252568 -0.193873 0.131120
v 0.254858 -0.161560 0.122574
v 0.261728 -0.193873 0.132326
v 0.261728 -0.161560 0.123479
v 0.270887 -0.193873 0.131120
v 0.268598 -0.161560 0.122574
v 0.279423 -0.193873 0.127585
v 0.274999 -0.161560 0.119923
v 0.286752 -0.193873 0.121961
v 0.280496 -0.161560 0.115705
v 0.292376 -0.193873 0.114631
v 0.284714 -0.161560 0.110207
v 0.295912 -0.193873 0.106096
v 0.287366 -0.161560 0.103806
v 0.297118 -0.193873 0.096936
v 0.288270 -0.161560 0.096936
v 0.295912 -0.193873 0.087777
v 0.287366 -0.161560 0.090067
v 0.284714 -0.161560 0.083665
v 0.292376 -0.193873 0.079241
v 0.280496 -0.161560 0.078168
v 0.274999 -0.161560 0.073950
v 0.279423 -0.193873 0.066288
v 0.286752 -0.193873 0.071912
v 0.270887 -0.193873 0.062752
v 0.261728 -0.193873 0.061546
v 0.268598 -0.161560 0.071298
v 0.261728 -0.161560 0.070394
v 0.254858 -0.161560 0.071298
v 0.252568 -0.193873 0.062752
v 0.244033 -0.193873 0.066288
v 0.226338 -0.193873 0.096936
v 0.235185 -0.161560 0.096936
v 0.227544 -0.193873 0.087777
v 0.236090 -0.161560 0.090067
vn 0.8353 -0.2641 0.4822
vn 0.6820 -0.2641 0.6820
vn -0.0000 -1.0000 -0.0000
vn 0.4822 -0.2641 0.8353
vn 0.6820 -0.2641 -0.6820
vn 0.8353 -0.2641 -0.4822
vn 0.8353 -0.2641 -0.4823
vn 0.9316 -0.2641 -0.2496
vn 0.4822 -0.2641 -0.8353
vn 0.4823 -0.2641 -0.8353
vn 0.2496 -0.2641 -0.9316
vn -0.0000 -0.2641 -0.9645
vn -0.2496 -0.2641 -0.9316
vn -0.4823 -0.2641 -0.8353
vn -0.4822 -0.2641 -0.8353
vn -0.6820 -0.2641 -0.6820
vn -0.8353 -0.2641 -0.4822
vn -0.8353 -0.2641 -0.4823
vn -0.9316 -0.2641 -0.2496
vn -0.9645 -0.2641 -0.0000
vn -0.9316 -0.2641 0.2496
vn -0.8353 -0.2641 0.4823
vn -0.6820 -0.2641 0.6820
vn -0.8353 -0.2641 0.4822
vn -0.4822 -0.2641 0.8353
vn -0.4823 -0.2641 0.8353
vn -0.2496 -0.2641 0.9316
vn -0.0000 -0.2641 0.9645
vn 0.2496 -0.2641 0.9316
vn 0.4823 -0.2641 0.8353
vn 0.9645 -0.2641 -0.0000
vn 0.9316 -0.2641 0.2496
vn 0.8353 -0.2641 0.4823
vt 0.718750 0.025000
vt 0.718750 0.025000
vt 0.718750 0.025000
vt 0.718750 0.025000
vt 0.718750 0.025000
vt 0.718750 0.063723
vt 0.718750 0.052381
vt 0.718750 0.039174
vt 0.718750 0.043898
vt 0.718750 0.061508
vt 0.718750 0.076631
vt 0.718750 0.088235
vt 0.718750 0.072426
vt 0.718750 0.095529
vt 0.718750 0.077897
vt 0.718750 0.098017
vt 0.718750 0.079763
vt 0.718750 0.095529
vt 0.718750 0.077897
vt 0.718750 0.088235
vt 0.718750 0.072426
vt 0.718750 0.076631
vt 0.718750 0.063723
vt 0.718750 0.061508
vt 0.718750 0.052381
vt 0.718750 0.043898
vt 0.718750 0.039174
vt 0.718750 0.025000
vt 0.718750 0.025000
vt 0.718750 0.025000
vt 0.718750 0.025000
vt 0.718750 0.025000
vt 0.718750 0.025000
vt 0.718750 0.025000
vt 0.718750 0.025000
vt 0.718750 0.025000
vt 0.718750 0.025000
vt 0.718750 0.025000
vt 0.718750 0.025000
vt 0.718750 0.025000
vt 0.718750 0.025000
vt 0.718750 0.025000
vt 0.718750 0.025000
vt 0.718750 0.025000
vt 0.718750 0.025000
vt 0.718750 0.025000
vt 0.718750 0.025000
vt 0.718750 0.025000
s 0
f 1328/1524/961 1327/1523/962 1329/1525/961
f 1327/1523/962 1328/1524/961 1331/1527/962
f 1333/1529/963 1329/1525/963 1327/1523/963
f 1332/1528/963 1327/1523/963 1330/1526/963
f 1331/1527/962 1330/1526/964 1327/1523/962
f 1333/1529/963 1327/1523/963 1332/1528/963
f 1332/1528/965 1336/1532/966 1333/1529/966
f 1334/1530/963 1329/1525/963 1333/1529/963
f 1333/1529/967 1335/1531/968 1334/1530/968
f 1335/1531/968 1333/1529/967 1336/1532/967
f 1336/1532/966 1332/1528/965 1337/1533/965
f 1332/1528/965 1338/1534/969 1337/1533/965
f 1339/1535/970 1340/1536/971 1338/1534/970
f 1338/1534/969 1332/1528/965 1339/1535/969
f 1340/1536/971 1339/1535/970 1341/1537/971
f 1341/1537/971 1342/1538/972 1340/1536/971
f 1342/1538/972 1341/1537/971 1343/1539/972
f 1343/1539/972 1344/1540/973 1342/1538/972
f 1345/1541/973 1346/1542/974 1344/1540/973
f 1344/1540/973 1343/1539/972 1345/1541/973
f 1346/1542/974 1345/1541/973 1347/1543/974
f 1347/1543/975 1348/1544/976 1346/1542/975
f 1348/1544/976 1347/1543/975 1349/1545/976
f 1349/1545/976 1350/1546/977 1348/1544/976
f 1350/1546/977 1349/1545/976 1351/1547/977
f 1351/1547/978 1352/1548/979 1350/1546/978
f 1353/1549/979 1354/1550/980 1352/1548/979
f 1352/1548/979 1351/1547/978 1353/1549/979
f 1354/1550/980 1353/1549/979 1355/1551/980
f 1357/1553/981 1354/1550/980 1355/1551/980
f 1354/1550/980 1357/1553/981 1356/1552/981
f 1353/1549/963 1357/1553/963 1355/1551/963
f 1351/1547/963 1357/1553/963 1353/1549/963
f 1351/1547/963 1358/1554/963 1357/1553/963
f 1358/1554/982 1356/1552/981 1357/1553/981
f 1349/1545/963 1358/1554/963 1351/1547/963
f 1360/1556/983 1359/1555/984 1358/1554/984
f 1356/1552/981 1358/1554/982 1359/1555/982
f 1349/1545/963 1360/1556/963 1358/1554/963
f 1347/1543/963 1360/1556/963 1349/1545/963
f 1347/1543/963 1361/1557/963 1360/1556/963
f 1359/1555/984 1360/1556/983 1363/1559/983
f 1362/1558/985 1360/1556/983 1361/1557/985
f 1360/1556/983 1362/1558/985 1363/1559/983
f 1361/1557/986 1364/1560/987 1362/1558/986
f 1366/1562/987 1365/1561/988 1364/1560/987
f 1364/1560/987 1361/1557/986 1366/1562/987
f 1343/1539/963 1367/1563/963 1366/1562/963
f 1365/1561/988 1366/1562/987 1367/1563/988
f 1343/1539/963 1366/1562/963 1345/1541/963
f 1345/1541/963 1366/1562/963 1361/1557/963
f 1368/1564/989 1365/1561/988 1367/1563/988
f 1341/1537/963 1368/1564/963 1367/1563/963
f 1341/1537/963 1367/1563/963 1343/1539/963
f 1339/1535/963 1368/1564/963 1341/1537/963
f 1339/1535/963 1330/1526/963 1368/1564/963
f 1368/1564/989 1370/1566/990 1369/1565/989
f 1365/1561/988 1368/1564/989 1369/1565/989
f 1370/1566/990 1368/1564/989 1330/1526/990
f 1330/1526/964 1331/1527/962 1370/1566/964
f 1345/1541/963 1361/1557/963 1347/1543/963
f 1332/1528/963 1330/1526/963 1339/1535/963
f 1371/1567/991 1334/1530/968 1335/1531/968
f 1371/1567/991 1374/1570/992 1372/1568/991
f 1334/1530/968 1371/1567/991 1372/1568/991
f 1374/1570/992 1371/1567/991 1373/1569/992
f 1374/1570/963 1334/1530/963 1372/1568/963
f 1334/1530/963 1374/1570/963 1329/1525/963
f 1373/1569/992 1329/1525/993 1374/1570/992
f 1329/1525/993 1373/1569/992 1328/1524/993
g police.024_Mesh
v 0.315004 -0.193873 0.096936
v 0.313189 -0.193873 0.083147
v 0.313189 -0.193873 0.110725
v 0.307866 -0.193873 0.123574
v 0.307866 -0.193873 0.070298
v 0.299400 -0.193873 0.059264
v 0.299400 -0.193873 0.134608
v 0.297118 -0.193873 0.096936
v 0.295912 -0.193873 0.106096
v 0.288366 -0.193873 0.143075
v 0.292376 -0.193873 0.114631
v 0.286752 -0.193873 0.121961
v 0.275517 -0.193873 0.148397
v 0.279423 -0.193873 0.127585
v 0.270887 -0.193873 0.131120
v 0.261728 -0.193873 0.150212
v 0.261728 -0.193873 0.132326
v 0.247939 -0.193873 0.148397
v 0.252568 -0.193873 0.131120
v 0.244033 -0.193873 0.127585
v 0.235090 -0.193873 0.143075
v 0.236703 -0.193873 0.121961
v 0.231079 -0.193873 0.114631
v 0.224056 -0.193873 0.134608
v 0.224056 -0.193873 0.059264
v 0.227544 -0.193873 0.106096
v 0.226338 -0.193873 0.096936
v 0.215589 -0.193873 0.123574
v 0.215589 -0.193873 0.070298
v 0.210267 -0.193873 0.110725
v 0.210267 -0.193873 0.083147
v 0.208452 -0.193873 0.096936
v 0.227544 -0.193873 0.087777
v 0.231079 -0.193873 0.079241
v 0.235090 -0.193873 0.050798
v 0.236703 -0.193873 0.071912
v 0.244033 -0.193873 0.066288
v 0.252568 -0.193873 0.062752
v 0.247939 -0.193873 0.045475
v 0.261728 -0.193873 0.043660
v 0.261728 -0.193873 0.061546
v 0.275517 -0.193873 0.045475
v 0.270887 -0.193873 0.062752
v 0.279423 -0.193873 0.066288
v 0.286752 -0.193873 0.071912
v 0.288366 -0.193873 0.050798
v 0.292376 -0.193873 0.079241
v 0.295912 -0.193873 0.087777
vn -0.0000 -1.0000 -0.0000
vt 0.718750 0.125000
vt 0.718750 0.099118
vt 0.718750 0.150882
vt 0.718750 0.175000
vt 0.718750 0.075000
vt 0.718750 0.054289
vt 0.718750 0.195711
vt 0.718750 0.125000
vt 0.718750 0.142193
vt 0.718750 0.211602
vt 0.718750 0.158214
vt 0.718750 0.171971
vt 0.718750 0.221593
vt 0.718750 0.182528
vt 0.718750 0.189164
vt 0.718750 0.225000
vt 0.718750 0.191427
vt 0.718750 0.221593
vt 0.718750 0.189164
vt 0.718750 0.182528
vt 0.718750 0.211602
vt 0.718750 0.171971
vt 0.718750 0.158214
vt 0.718750 0.195711
vt 0.718750 0.054289
vt 0.718750 0.142193
vt 0.718750 0.125000
vt 0.718750 0.175000
vt 0.718750 0.075000
vt 0.718750 0.150882
vt 0.718750 0.099118
vt 0.718750 0.125000
vt 0.718750 0.107807
vt 0.718750 0.091786
vt 0.718750 0.038397
vt 0.718750 0.078029
vt 0.718750 0.067472
vt 0.718750 0.060836
vt 0.718750 0.028407
vt 0.718750 0.025000
vt 0.718750 0.058573
vt 0.718750 0.028407
vt 0.718750 0.060836
vt 0.718750 0.067472
vt 0.718750 0.078029
vt 0.718750 0.038397
vt 0.718750 0.091786
vt 0.718750 0.107807
s 0
f 1377/1573/994 1376/1572/994 1375/1571/994
f 1376/1572/994 1377/1573/994 1378/1574/994
f 1379/1575/994 1378/1574/994 1380/1576/994
f 1376/1572/994 1378/1574/994 1379/1575/994
f 1380/1576/994 1378/1574/994 1381/1577/994
f 1380/1576/994 1381/1577/994 1382/1578/994
f 1381/1577/994 1383/1579/994 1382/1578/994
f 1383/1579/994 1381/1577/994 1384/1580/994
f 1385/1581/994 1384/1580/994 1386/1582/994
f 1383/1579/994 1384/1580/994 1385/1581/994
f 1386/1582/994 1384/1580/994 1387/1583/994
f 1386/1582/994 1387/1583/994 1388/1584/994
f 1388/1584/994 1387/1583/994 1389/1585/994
f 1389/1585/994 1387/1583/994 1390/1586/994
f 1389/1585/994 1390/1586/994 1391/1587/994
f 1391/1587/994 1390/1586/994 1392/1588/994
f 1391/1587/994 1392/1588/994 1393/1589/994
f 1393/1589/994 1392/1588/994 1394/1590/994
f 1394/1590/994 1392/1588/994 1395/1591/994
f 1394/1590/994 1395/1591/994 1396/1592/994
f 1396/1592/994 1395/1591/994 1397/1593/994
f 1397/1593/994 1395/1591/994 1398/1594/994
f 1397/1593/994 1398/1594/994 1400/1596/994
f 1399/1595/994 1398/1594/994 1402/1598/994
f 1399/1595/994 1401/1597/994 1398/1594/994
f 1400/1596/994 1398/1594/994 1401/1597/994
f 1403/1599/994 1402/1598/994 1404/1600/994
f 1399/1595/994 1402/1598/994 1403/1599/994
f 1403/1599/994 1404/1600/994 1405/1601/994
f 1405/1601/994 1404/1600/994 1406/1602/994
f 1399/1595/994 1407/1603/994 1401/1597/994
f 1399/1595/994 1408/1604/994 1407/1603/994
f 1409/1605/994 1408/1604/994 1399/1595/994
f 1409/1605/994 1410/1606/994 1408/1604/994
f 1409/1605/994 1411/1607/994 1410/1606/994
f 1413/1609/994 1412/1608/994 1411/1607/994
f 1413/1609/994 1411/1607/994 1409/1605/994
f 1414/1610/994 1412/1608/994 1413/1609/994
f 1414/1610/994 1415/1611/994 1412/1608/994
f 1414/1610/994 1417/1613/994 1415/1611/994
f 1416/1612/994 1417/1613/994 1414/1610/994
f 1416/1612/994 1418/1614/994 1417/1613/994
f 1416/1612/994 1419/1615/994 1418/1614/994
f 1420/1616/994 1419/1615/994 1416/1612/994
f 1420/1616/994 1421/1617/994 1419/1615/994
f 1420/1616/994 1422/1618/994 1421/1617/994
f 1380/1576/994 1422/1618/994 1420/1616/994
f 1380/1576/994 1382/1578/994 1422/1618/994
