# Blender 3.3.1
# www.blender.org
o ambulance
v -0.387343 -0.182000 0.224000
v -0.387343 -0.154000 0.224000
v -0.387343 -0.182000 0.252000
v -0.387343 -0.154000 0.420000
v -0.387343 -0.182000 0.308000
v -0.387343 -0.182000 0.448000
v -0.387343 0.154000 0.420000
v -0.387343 0.182000 0.448000
v -0.387343 0.182000 0.308000
v -0.387343 0.182000 0.252000
v -0.387343 0.182000 0.224000
v -0.387343 0.154000 0.224000
v 0.277069 -0.210000 0.196000
v 0.277069 -0.210000 0.252000
v 0.305069 -0.210000 0.196000
v 0.305069 -0.210000 0.252000
v 0.305069 -0.154000 0.196000
v 0.277069 -0.154000 0.196000
v 0.305069 -0.154000 0.224000
v 0.305069 -0.148400 0.252000
v 0.480657 -0.154000 0.168000
v 0.480657 -0.154000 0.140000
v 0.452657 -0.154000 0.168000
v 0.436952 -0.154000 0.140000
v 0.466657 -0.154000 0.199500
v 0.420673 -0.154000 0.161216
v 0.398057 -0.154000 0.178570
v 0.371719 -0.154000 0.189479
v 0.368657 -0.154000 0.224000
v 0.343457 -0.154000 0.193200
v 0.338580 -0.154000 0.224000
v 0.315193 -0.154000 0.189479
v 0.288857 -0.154000 0.178570
v 0.266241 -0.154000 0.161216
v 0.277069 -0.154000 0.224000
v 0.249961 -0.154000 0.140000
v 0.185795 -0.154000 0.140000
v 0.185795 -0.154000 0.224000
v 0.277069 0.210000 0.252000
v 0.277069 0.210000 0.196000
v 0.305069 0.210000 0.252000
v 0.305069 0.210000 0.196000
v 0.305069 0.154000 0.196000
v 0.305069 0.154000 0.224000
v 0.305069 0.148400 0.252000
v 0.277069 0.148400 0.252000
v 0.277069 0.154000 0.196000
v 0.277069 -0.148400 0.252000
v -0.285327 0.182000 0.252000
v 0.171795 0.182000 0.224000
v -0.061327 0.182000 0.252000
v 0.171795 0.182000 0.252000
v 0.185795 0.168000 0.224000
v 0.185795 0.154000 0.224000
v 0.185795 0.168000 0.252000
v 0.185795 0.148400 0.252000
v 0.171795 -0.182000 0.224000
v -0.285327 -0.182000 0.252000
v -0.061327 -0.182000 0.252000
v 0.171795 -0.182000 0.252000
v -0.061327 -0.182000 0.308000
v -0.061327 -0.182000 0.322000
v 0.171795 -0.182000 0.308000
v -0.061327 -0.182000 0.336000
v -0.075327 -0.182000 0.336000
v 0.171795 -0.182000 0.448000
v -0.271327 -0.182000 0.336000
v -0.285327 -0.182000 0.336000
v -0.285327 -0.182000 0.322000
v -0.285327 -0.182000 0.308000
v -0.331343 -0.182000 0.420000
v -0.359343 -0.182000 0.420000
v -0.331343 -0.182000 0.392000
v -0.359343 -0.182000 0.392000
v 0.185795 -0.168000 0.224000
v 0.185795 -0.148400 0.252000
v 0.185795 -0.168000 0.252000
v 0.185795 0.168000 0.308000
v 0.185795 0.137200 0.308000
v 0.185795 0.168000 0.448000
v 0.185795 0.154000 0.392000
v 0.185795 0.131491 0.336544
v 0.185795 0.126000 0.364000
v 0.185795 -0.154000 0.392000
v 0.185795 -0.126000 0.364000
v 0.185795 -0.131491 0.336544
v 0.185795 0.154000 0.420000
v 0.185795 0.126000 0.392000
v 0.185795 0.126000 0.420000
v 0.185795 -0.126000 0.392000
v 0.185795 -0.126000 0.420000
v 0.185795 -0.154000 0.420000
v 0.185795 -0.168000 0.448000
v 0.185795 -0.168000 0.308000
v 0.185795 -0.137200 0.308000
v 0.171795 0.182000 0.448000
v 0.171795 0.182000 0.308000
v -0.061327 0.182000 0.308000
v -0.061327 0.182000 0.322000
v -0.061327 0.182000 0.336000
v -0.075327 0.182000 0.336000
v -0.271327 0.182000 0.336000
v -0.285327 0.182000 0.336000
v -0.285327 0.182000 0.322000
v -0.285327 0.182000 0.308000
v -0.331343 0.182000 0.392000
v -0.359343 0.182000 0.392000
v -0.331343 0.182000 0.420000
v -0.359343 0.182000 0.420000
v 0.185795 0.154000 0.140000
v 0.277069 0.154000 0.224000
v 0.249961 0.154000 0.140000
v 0.266241 0.154000 0.161216
v 0.288857 0.154000 0.178570
v 0.315193 0.154000 0.189479
v 0.338580 0.154000 0.224000
v 0.343457 0.154000 0.193200
v 0.368657 0.154000 0.224000
v 0.371719 0.154000 0.189479
v 0.466657 0.154000 0.199500
v 0.398057 0.154000 0.178570
v 0.420673 0.154000 0.161216
v 0.436952 0.154000 0.140000
v 0.452657 0.154000 0.168000
v 0.480657 0.154000 0.140000
v 0.480657 0.154000 0.168000
v 0.480657 0.077000 0.181569
v 0.480657 -0.077000 0.181569
v 0.466657 0.077000 0.199500
v 0.466657 -0.077000 0.199500
v 0.466657 -0.014000 0.199500
v 0.368657 0.125521 0.224000
v 0.368657 -0.125521 0.224000
v -0.275343 0.062860 0.476000
v -0.275343 0.097720 0.476000
v -0.275343 -0.062860 0.476000
v -0.275343 0.138600 0.504000
v -0.275343 0.112000 0.448000
v -0.275343 0.154000 0.448000
v -0.275343 -0.138600 0.504000
v -0.275343 -0.097720 0.476000
v -0.275343 -0.112000 0.448000
v -0.275343 -0.154000 0.448000
v 0.073795 0.112000 0.448000
v 0.073795 0.097720 0.476000
v 0.073795 0.154000 0.448000
v 0.073795 0.138600 0.504000
v 0.073795 0.062860 0.476000
v 0.073795 -0.062860 0.476000
v 0.073795 -0.097720 0.476000
v 0.073795 -0.138600 0.504000
v 0.073795 -0.112000 0.448000
v 0.073795 -0.154000 0.448000
v 0.293562 -0.131491 0.336544
v 0.312657 -0.126000 0.364000
v 0.312657 0.126000 0.364000
v 0.293562 0.131491 0.336544
v 0.438027 0.153533 0.138600
v 0.448936 0.144754 0.112263
v 0.448970 0.144667 0.112000
v 0.471323 0.144667 0.112000
v 0.185795 0.135333 0.084000
v 0.248887 0.153533 0.138600
v 0.237977 0.144754 0.112263
v 0.234257 0.135333 0.084000
v 0.323056 0.102721 0.338003
v 0.323056 -0.102721 0.338003
v 0.185795 -0.135333 0.084000
v 0.234257 -0.135333 0.084000
v 0.237977 -0.144754 0.112263
v 0.248887 -0.153533 0.138600
v 0.438026 -0.153533 0.138600
v 0.448936 -0.144754 0.112263
v 0.448970 -0.144667 0.112000
v 0.471323 -0.144667 0.112000
v -0.387343 -0.154000 0.112000
v -0.387343 -0.182000 0.112000
v -0.379142 -0.173799 0.112000
v -0.359343 -0.182000 0.112000
v -0.387343 0.154000 0.112000
v -0.379142 0.173799 0.112000
v -0.387343 0.182000 0.112000
v -0.359343 0.182000 0.112000
v 0.228657 0.112000 0.364000
v 0.284657 0.112000 0.364000
v 0.228657 0.062860 0.364000
v 0.228657 -0.062860 0.364000
v 0.228657 -0.112000 0.364000
v 0.284657 -0.112000 0.364000
v 0.284657 0.062860 0.364000
v 0.284657 -0.062860 0.364000
v 0.185795 -0.126000 0.392000
v 0.185795 -0.154000 0.392000
v 0.185795 -0.126000 0.420000
v 0.185795 -0.154000 0.420000
v -0.359343 -0.182000 0.392000
v -0.359343 -0.182000 0.420000
v -0.331343 -0.182000 0.420000
v 0.185795 0.154000 0.392000
v 0.185795 0.126000 0.392000
v 0.185795 0.154000 0.420000
v 0.185795 0.126000 0.420000
v -0.359343 0.182000 0.420000
v -0.359343 0.182000 0.392000
v -0.331343 0.182000 0.420000
v -0.387343 -0.182000 0.252000
v -0.387343 -0.182000 0.308000
v -0.285327 -0.182000 0.252000
v -0.285327 -0.182000 0.308000
v -0.061327 -0.182000 0.252000
v -0.061327 -0.182000 0.308000
v 0.171795 -0.182000 0.252000
v 0.171795 -0.182000 0.308000
v 0.185795 -0.148400 0.252000
v 0.185795 -0.168000 0.252000
v 0.185795 -0.137200 0.308000
v 0.185795 -0.168000 0.308000
v -0.061327 0.182000 0.308000
v -0.061327 0.182000 0.252000
v 0.171795 0.182000 0.308000
v 0.171795 0.182000 0.252000
v -0.387343 0.182000 0.308000
v -0.387343 0.182000 0.252000
v -0.285327 0.182000 0.308000
v -0.285327 0.182000 0.252000
v 0.185795 0.168000 0.252000
v 0.185795 0.148400 0.252000
v 0.185795 0.168000 0.308000
v 0.185795 0.137200 0.308000
v 0.185795 0.135333 0.084000
v 0.185795 0.154000 0.140000
v 0.185795 0.168000 0.084000
v 0.185795 0.168000 0.224000
v 0.185795 0.154000 0.224000
v -0.299657 0.182000 0.112000
v -0.299622 0.182000 0.112263
v -0.359343 0.182000 0.112000
v -0.288713 0.182000 0.138600
v -0.271360 0.182000 0.161216
v -0.248743 0.182000 0.178570
v -0.387343 0.182000 0.112000
v -0.387343 0.182000 0.224000
v -0.222406 0.182000 0.189479
v -0.194143 0.182000 0.193200
v 0.171795 0.182000 0.224000
v -0.165880 0.182000 0.189479
v -0.139543 0.182000 0.178570
v -0.116927 0.182000 0.161216
v -0.099573 0.182000 0.138600
v -0.088664 0.182000 0.112263
v -0.084943 0.182000 0.084000
v 0.129795 0.182000 0.084000
v 0.171795 0.182000 0.084000
v -0.387343 0.154000 0.112000
v -0.387343 0.154000 0.224000
v -0.387343 -0.154000 0.112000
v -0.387343 -0.154000 0.224000
v 0.185795 -0.135333 0.084000
v 0.185795 -0.168000 0.084000
v 0.185795 -0.154000 0.140000
v 0.185795 -0.168000 0.224000
v 0.185795 -0.154000 0.224000
v 0.171795 -0.182000 0.084000
v 0.171795 -0.182000 0.224000
v -0.359343 -0.182000 0.112000
v -0.248743 -0.182000 0.178570
v -0.222406 -0.182000 0.189479
v -0.194143 -0.182000 0.193200
v -0.165880 -0.182000 0.189479
v -0.271360 -0.182000 0.161216
v -0.288713 -0.182000 0.138600
v -0.299622 -0.182000 0.112263
v -0.299657 -0.182000 0.112000
v -0.139543 -0.182000 0.178570
v -0.116927 -0.182000 0.161216
v -0.099573 -0.182000 0.138600
v -0.088664 -0.182000 0.112263
v -0.084943 -0.182000 0.084000
v 0.129795 -0.182000 0.084000
v -0.387343 -0.154000 0.084000
v -0.387343 0.154000 0.084000
v 0.398057 -0.182000 0.178570
v 0.420673 -0.182000 0.161216
v -0.194143 0.098000 0.168000
v -0.215884 0.154000 0.165138
v -0.194143 0.154000 0.168000
v -0.215884 0.098000 0.165138
v 0.266241 0.182000 0.161216
v 0.288857 0.182000 0.178570
v -0.236143 0.098000 0.156746
v -0.253540 0.154000 0.143397
v -0.236143 0.154000 0.156746
v -0.253540 0.098000 0.143397
v 0.266241 -0.182000 0.161216
v 0.288857 -0.182000 0.178570
v 0.343457 0.182000 0.193200
v 0.371719 0.182000 0.189479
v 0.237977 -0.182000 0.112263
v 0.248887 -0.182000 0.138600
v -0.134746 0.098000 0.143397
v -0.152143 0.154000 0.156746
v -0.134746 0.154000 0.143397
v -0.152143 0.098000 0.156746
v 0.315193 0.182000 0.189479
v 0.448936 0.182000 0.112263
v 0.438027 0.182000 0.138600
v 0.448936 -0.182000 0.112263
v 0.438026 -0.182000 0.138600
v 0.234257 -0.182000 0.084000
v -0.115598 0.098000 0.112000
v -0.121397 0.154000 0.126000
v -0.115598 0.154000 0.112000
v -0.121397 0.098000 0.126000
v 0.398057 0.182000 0.178570
v 0.420673 0.182000 0.161216
v 0.237977 0.182000 0.112263
v 0.248887 0.182000 0.138600
v 0.315193 -0.182000 0.189479
v 0.343457 -0.182000 0.193200
v 0.371719 -0.182000 0.189479
v 0.448970 -0.182000 0.112000
v 0.448970 0.182000 0.112000
v 0.234257 0.182000 0.084000
v -0.172403 0.098000 0.165138
v -0.172403 0.154000 0.165138
v -0.266890 -0.098000 0.126000
v -0.272688 -0.154000 0.112000
v -0.272688 -0.098000 0.112000
v -0.266890 -0.154000 0.126000
v -0.194143 -0.154000 0.168000
v -0.215884 -0.098000 0.165138
v -0.194143 -0.098000 0.168000
v -0.215884 -0.154000 0.165138
v -0.115598 -0.154000 0.112000
v -0.121397 -0.098000 0.126000
v -0.115598 -0.098000 0.112000
v -0.121397 -0.154000 0.126000
v 0.480657 -0.077000 0.168000
v 0.480657 0.077000 0.168000
v 0.228657 0.062860 0.392000
v 0.284657 0.062860 0.392000
v 0.228657 -0.062860 0.392000
v 0.284657 -0.062860 0.392000
v 0.088657 0.154000 0.420000
v 0.088657 -0.154000 0.420000
v -0.359343 -0.182000 0.084000
v -0.278143 -0.182000 0.084000
v -0.299657 -0.182000 0.112000
v -0.271360 -0.182000 0.161216
v -0.275281 -0.182000 0.105741
v -0.266890 -0.182000 0.126000
v -0.253540 -0.182000 0.143397
v -0.236143 -0.182000 0.156746
v -0.222406 -0.182000 0.189479
v -0.215884 -0.182000 0.165138
v -0.194143 -0.182000 0.168000
v -0.172403 -0.182000 0.165138
v -0.165880 -0.182000 0.189479
v -0.152143 -0.182000 0.156746
v -0.139543 -0.182000 0.178570
v -0.134746 -0.182000 0.143397
v -0.116927 -0.182000 0.161216
v -0.121397 -0.182000 0.126000
v -0.113006 -0.182000 0.105741
v -0.099573 -0.182000 0.138600
v -0.110143 -0.182000 0.084000
v -0.110143 -0.182000 0.056000
v -0.084943 -0.182000 0.084000
v -0.088664 -0.182000 0.112263
v 0.129795 -0.182000 0.056000
v 0.129795 -0.182000 0.084000
v -0.278143 -0.098000 0.056000
v -0.278143 0.098000 0.056000
v -0.278143 -0.098000 0.084000
v -0.278143 0.098000 0.084000
v 0.088657 -0.154000 0.112000
v 0.088657 0.154000 0.112000
v -0.272688 0.154000 0.112000
v -0.266890 0.154000 0.126000
v -0.152143 -0.154000 0.156746
v -0.172403 -0.098000 0.165138
v -0.152143 -0.098000 0.156746
v -0.172403 -0.154000 0.165138
v -0.253540 -0.154000 0.143397
v -0.236143 -0.154000 0.156746
v -0.134746 -0.154000 0.143397
v -0.266890 0.098000 0.126000
v -0.134746 -0.098000 0.143397
v -0.272688 0.098000 0.112000
v -0.236143 -0.098000 0.156746
v -0.253540 -0.098000 0.143397
v 0.427457 0.098000 0.056000
v 0.259457 0.098000 0.056000
v 0.427456 -0.098000 0.056000
v -0.110143 -0.098000 0.056000
v 0.259457 -0.098000 0.056000
v 0.259457 -0.210000 0.056000
v 0.129795 -0.210000 0.056000
v -0.110143 0.098000 0.056000
v 0.129795 0.182000 0.056000
v -0.110143 0.182000 0.056000
v 0.259457 0.210000 0.056000
v 0.129795 0.210000 0.056000
v 0.427457 0.098000 0.084000
v 0.427456 -0.098000 0.084000
v 0.259457 0.182000 0.084000
v 0.262319 0.182000 0.105741
v 0.270710 0.182000 0.126000
v 0.284060 0.182000 0.143397
v 0.301457 0.182000 0.156746
v 0.321716 0.182000 0.165138
v 0.343457 0.182000 0.168000
v 0.365197 0.182000 0.165138
v 0.385457 0.182000 0.156746
v 0.402853 0.182000 0.143397
v 0.416203 0.182000 0.126000
v 0.424594 0.182000 0.105741
v 0.427457 0.182000 0.084000
v 0.466657 0.182000 0.084000
v 0.466657 0.182000 0.112000
v -0.359343 0.182000 0.084000
v -0.299657 0.182000 0.112000
v -0.278143 0.182000 0.084000
v -0.299622 0.182000 0.112263
v -0.288713 0.182000 0.138600
v -0.271360 0.182000 0.161216
v -0.275281 0.182000 0.105741
v -0.266890 0.182000 0.126000
v -0.248743 0.182000 0.178570
v -0.253540 0.182000 0.143397
v -0.236143 0.182000 0.156746
v -0.222406 0.182000 0.189479
v -0.215884 0.182000 0.165138
v -0.194143 0.182000 0.193200
v -0.194143 0.182000 0.168000
v -0.165880 0.182000 0.189479
v -0.172403 0.182000 0.165138
v -0.152143 0.182000 0.156746
v -0.139543 0.182000 0.178570
v -0.134746 0.182000 0.143397
v -0.116927 0.182000 0.161216
v -0.121397 0.182000 0.126000
v -0.113006 0.182000 0.105741
v -0.099573 0.182000 0.138600
v -0.110143 0.182000 0.084000
v -0.084943 0.182000 0.084000
v -0.088664 0.182000 0.112263
v 0.129795 0.182000 0.084000
v 0.259457 -0.182000 0.084000
v 0.262319 -0.182000 0.105741
v 0.270710 -0.182000 0.126000
v 0.284060 -0.182000 0.143397
v 0.301457 -0.182000 0.156746
v 0.321716 -0.182000 0.165138
v 0.343457 -0.182000 0.168000
v 0.365197 -0.182000 0.165138
v 0.385457 -0.182000 0.156746
v 0.402853 -0.182000 0.143397
v 0.416203 -0.182000 0.126000
v 0.424594 -0.182000 0.105741
v 0.427456 -0.182000 0.084000
v 0.466657 -0.182000 0.084000
v 0.466657 -0.182000 0.112000
v 0.129795 -0.210000 0.084000
v 0.259457 -0.210000 0.084000
v 0.185795 -0.168000 0.084000
v 0.171795 -0.182000 0.084000
v 0.129795 0.210000 0.084000
v 0.259457 0.210000 0.084000
v 0.171795 0.182000 0.084000
v 0.185795 0.168000 0.084000
v -0.379142 0.173799 0.084000
v -0.379142 -0.173799 0.084000
v 0.486456 0.173799 0.084000
v 0.494657 0.154000 0.084000
v 0.486456 0.173799 0.112000
v 0.494657 0.154000 0.112000
v 0.494657 -0.154000 0.084000
v 0.494657 -0.154000 0.112000
v 0.486456 -0.173799 0.112000
v 0.486456 -0.173799 0.084000
v 0.129795 0.062860 0.448000
v 0.129795 -0.062860 0.448000
v 0.129795 0.062860 0.476000
v 0.129795 -0.062860 0.476000
v 0.073795 0.062860 0.476000
v 0.073795 -0.062860 0.476000
v -0.331343 0.062860 0.476000
v -0.331343 -0.062860 0.476000
v -0.331343 -0.062860 0.448000
v -0.331343 0.062860 0.448000
v -0.285327 0.168000 0.252000
v -0.285327 0.168000 0.322000
v -0.061327 0.168000 0.252000
v -0.285327 -0.168000 0.252000
v -0.061327 -0.168000 0.252000
v -0.061327 -0.168000 0.322000
v -0.061327 0.168000 0.322000
v -0.075327 0.168000 0.336000
v -0.271327 0.168000 0.336000
v -0.075327 -0.168000 0.336000
v -0.271327 -0.168000 0.336000
v -0.285327 -0.168000 0.322000
v 0.508657 0.035000 0.070000
v 0.508657 0.049000 0.084000
v 0.494657 0.035000 0.070000
v 0.494657 0.049000 0.084000
v 0.508657 -0.035000 0.070000
v 0.494657 -0.035000 0.070000
v 0.508657 -0.049000 0.084000
v 0.494657 -0.049000 0.084000
v 0.508657 0.035000 0.119000
v 0.494657 0.035000 0.119000
v 0.508657 0.049000 0.105000
v 0.494657 0.049000 0.105000
v 0.494657 -0.049000 0.105000
v 0.494657 -0.035000 0.119000
v 0.508657 -0.035000 0.119000
v 0.508657 -0.049000 0.105000
v -0.401343 -0.035000 0.059500
v -0.401343 -0.049000 0.073500
v -0.387343 -0.035000 0.059500
v -0.387343 -0.049000 0.073500
v -0.401343 0.035000 0.059500
v -0.387343 0.035000 0.059500
v -0.401343 0.049000 0.073500
v -0.387343 0.049000 0.073500
v -0.401343 -0.035000 0.108500
v -0.387343 -0.035000 0.108500
v -0.401343 -0.049000 0.094500
v -0.387343 -0.049000 0.094500
v -0.387343 0.049000 0.094500
v -0.387343 0.035000 0.108500
v -0.401343 0.035000 0.108500
v -0.401343 0.049000 0.094500
v 0.385457 0.098000 0.156746
v 0.365197 0.098000 0.165138
v 0.259457 0.098000 0.084000
v 0.262319 0.098000 0.105741
v 0.270710 0.098000 0.126000
v 0.424594 0.098000 0.105741
v -0.110143 -0.098000 0.084000
v 0.402853 0.098000 0.143397
v 0.343457 0.098000 0.168000
v 0.416203 0.098000 0.126000
v 0.321716 0.098000 0.165138
v 0.301457 0.098000 0.156746
v -0.113006 0.098000 0.105741
v 0.284060 0.098000 0.143397
v 0.259457 -0.098000 0.084000
v 0.343457 -0.098000 0.168000
v 0.321716 -0.098000 0.165138
v 0.424594 -0.098000 0.105741
v 0.262319 -0.098000 0.105741
v 0.270710 -0.098000 0.126000
v 0.284060 -0.098000 0.143397
v 0.301457 -0.098000 0.156746
v 0.365197 -0.098000 0.165138
v 0.385457 -0.098000 0.156746
v 0.402853 -0.098000 0.143397
v 0.416203 -0.098000 0.126000
v -0.110143 0.098000 0.084000
v -0.275281 0.098000 0.105741
v -0.275281 -0.098000 0.105741
v -0.113006 -0.098000 0.105741
v 0.305069 -0.154000 0.224000
v 0.305069 -0.148400 0.252000
v 0.338580 -0.154000 0.224000
v 0.293562 -0.131491 0.336544
v 0.277069 -0.148400 0.252000
v 0.185795 -0.131491 0.336544
v 0.277069 -0.154000 0.224000
v 0.185795 -0.137200 0.308000
v 0.185795 -0.148400 0.252000
v 0.185795 -0.154000 0.224000
v 0.185795 0.131491 0.336544
v 0.185795 0.137200 0.308000
v 0.293562 0.131491 0.336544
v 0.185795 0.148400 0.252000
v 0.185795 0.154000 0.224000
v 0.277069 0.148400 0.252000
v 0.277069 0.154000 0.224000
v 0.305069 0.148400 0.252000
v 0.338580 0.154000 0.224000
v 0.305069 0.154000 0.224000
v 0.368657 0.125521 0.224000
v 0.368657 -0.125521 0.224000
v 0.323055 0.102721 0.338003
v 0.323055 -0.102721 0.338003
v 0.480657 -0.077000 0.168000
v 0.480657 -0.154000 0.168000
v 0.480657 -0.077000 0.181569
v 0.480657 -0.154000 0.181569
v 0.480657 0.154000 0.168000
v 0.480657 0.077000 0.168000
v 0.480657 0.154000 0.181569
v 0.480657 0.077000 0.181569
v 0.466657 0.154000 0.199500
v 0.466657 0.077000 0.199500
v 0.452657 -0.154000 0.168000
v 0.466657 -0.154000 0.199500
v 0.466657 -0.077000 0.199500
v 0.452657 0.154000 0.168000
v 0.284657 0.112000 0.364000
v 0.284657 0.062860 0.364000
v 0.284657 0.097720 0.392000
v 0.284657 0.062860 0.392000
v 0.228657 0.062860 0.364000
v 0.228657 0.112000 0.364000
v 0.228657 0.062860 0.392000
v 0.228657 0.097720 0.392000
v 0.228657 -0.062860 0.392000
v 0.284657 -0.062860 0.392000
v 0.228657 -0.097720 0.392000
v 0.284657 -0.097720 0.392000
v 0.228657 -0.112000 0.364000
v 0.284657 -0.112000 0.364000
v 0.284657 -0.062860 0.364000
v 0.228657 -0.062860 0.364000
v 0.073795 -0.112000 0.448000
v 0.073795 -0.097720 0.476000
v 0.129795 -0.112000 0.448000
v 0.129795 -0.097720 0.476000
v 0.129795 -0.062860 0.448000
v 0.129795 -0.062860 0.476000
v 0.073795 0.097720 0.476000
v 0.129795 0.097720 0.476000
v 0.073795 0.062860 0.476000
v 0.129795 0.062860 0.476000
v 0.129795 0.112000 0.448000
v 0.129795 0.062860 0.448000
v 0.073795 -0.062860 0.476000
v 0.073795 0.112000 0.448000
v -0.331343 0.112000 0.448000
v -0.331343 0.097720 0.476000
v -0.331343 0.062860 0.448000
v -0.331343 0.062860 0.476000
v -0.331343 -0.062860 0.448000
v -0.331343 -0.062860 0.476000
v -0.331343 -0.112000 0.448000
v -0.331343 -0.097720 0.476000
v -0.275343 0.097720 0.476000
v -0.275343 0.062860 0.476000
v -0.275343 -0.112000 0.448000
v -0.275343 -0.097720 0.476000
v -0.275343 0.112000 0.448000
v -0.275343 -0.062860 0.476000
v -0.359343 0.154000 0.420000
v -0.345343 0.154000 0.420000
v -0.359343 0.000000 0.420000
v -0.345343 0.000000 0.420000
v -0.359343 0.000000 0.112000
v -0.345343 0.000000 0.112000
v -0.345343 0.154000 0.112000
v -0.359343 0.154000 0.112000
v -0.359343 0.126000 0.224000
v -0.359343 0.126000 0.140000
v -0.359343 0.126000 0.392000
v -0.359343 0.028000 0.140000
v -0.359343 0.028000 0.392000
v -0.359343 0.028000 0.224000
v -0.359343 0.028000 0.140000
v -0.359343 0.126000 0.140000
v -0.359343 0.028000 0.224000
v -0.359343 0.126000 0.224000
v -0.359343 0.028000 0.392000
v -0.359343 0.126000 0.392000
v -0.359343 -0.154000 0.420000
v -0.345343 -0.154000 0.420000
v -0.359343 -0.154000 0.112000
v -0.345343 -0.154000 0.112000
v -0.359343 -0.028000 0.224000
v -0.359343 -0.028000 0.140000
v -0.359343 -0.028000 0.392000
v -0.359343 -0.126000 0.140000
v -0.359343 -0.126000 0.392000
v -0.359343 -0.126000 0.224000
v -0.359343 -0.126000 0.140000
v -0.359343 -0.028000 0.140000
v -0.359343 -0.126000 0.224000
v -0.359343 -0.028000 0.224000
v -0.359343 -0.126000 0.392000
v -0.359343 -0.028000 0.392000
v -0.181597 0.168000 0.087362
v -0.182895 0.168000 0.090494
v -0.177850 0.154000 0.088366
v -0.179535 0.154000 0.092434
v -0.194143 0.154000 0.067132
v -0.194143 0.168000 0.071011
v -0.189778 0.154000 0.067706
v -0.190782 0.168000 0.071454
v -0.210437 0.154000 0.079634
v -0.211012 0.154000 0.084000
v -0.206690 0.168000 0.080638
v -0.207132 0.168000 0.084000
v -0.206690 0.168000 0.087362
v -0.205392 0.168000 0.077506
v -0.205392 0.168000 0.090494
v -0.203328 0.168000 0.074816
v -0.203328 0.168000 0.093184
v -0.200638 0.168000 0.072751
v -0.200638 0.168000 0.095249
v -0.197505 0.168000 0.096546
v -0.197505 0.168000 0.071454
v -0.194143 0.168000 0.096989
v -0.190782 0.168000 0.096546
v -0.187649 0.168000 0.072751
v -0.187649 0.168000 0.095249
v -0.184959 0.168000 0.074816
v -0.184959 0.168000 0.093184
v -0.182895 0.168000 0.077506
v -0.181597 0.168000 0.080638
v -0.181155 0.168000 0.084000
v -0.202578 0.154000 0.069392
v -0.198509 0.154000 0.067706
v -0.194143 0.154000 0.100869
v -0.189778 0.154000 0.100294
v -0.210437 0.154000 0.088366
v -0.208752 0.154000 0.092434
v -0.177850 0.154000 0.079634
v -0.177275 0.154000 0.084000
v -0.179535 0.154000 0.075566
v -0.185709 0.154000 0.098609
v -0.182216 0.154000 0.095928
v -0.182216 0.154000 0.072072
v -0.198509 0.154000 0.100294
v -0.202578 0.154000 0.098609
v -0.185709 0.154000 0.069392
v -0.206071 0.154000 0.072072
v -0.208752 0.154000 0.075566
v -0.206071 0.154000 0.095928
v -0.134746 0.140000 0.024603
v -0.143656 0.168000 0.033513
v -0.121397 0.140000 0.042000
v -0.132309 0.168000 0.048300
v -0.263110 0.168000 0.102480
v -0.275281 0.140000 0.105741
v -0.255977 0.168000 0.119700
v -0.266890 0.140000 0.126000
v -0.194143 0.112000 0.168000
v -0.172403 0.112000 0.165138
v -0.194143 0.140000 0.168000
v -0.172403 0.140000 0.165138
v -0.132309 0.168000 0.119700
v -0.143656 0.168000 0.134487
v -0.121397 0.140000 0.126000
v -0.134746 0.140000 0.143397
v -0.113006 0.112000 0.105741
v -0.113006 0.140000 0.105741
v -0.121397 0.112000 0.126000
v -0.152143 0.140000 0.156746
v -0.175664 0.168000 0.152967
v -0.158443 0.168000 0.145834
v -0.172403 0.140000 0.002862
v -0.175664 0.168000 0.015033
v -0.152143 0.140000 0.011254
v -0.158443 0.168000 0.022166
v -0.134746 0.112000 0.143397
v -0.113006 0.140000 0.062259
v -0.125176 0.168000 0.065520
v -0.110143 0.140000 0.084000
v -0.122743 0.168000 0.084000
v -0.152143 0.112000 0.156746
v -0.265543 0.168000 0.084000
v -0.278143 0.140000 0.084000
v -0.236143 0.112000 0.156746
v -0.215884 0.112000 0.165138
v -0.236143 0.140000 0.156746
v -0.215884 0.140000 0.165138
v -0.113006 0.112000 0.062259
v -0.110143 0.112000 0.084000
v -0.236143 0.112000 0.011254
v -0.236143 0.140000 0.011254
v -0.215884 0.112000 0.002862
v -0.215884 0.140000 0.002862
v -0.253540 0.140000 0.024603
v -0.266890 0.140000 0.042000
v -0.244631 0.168000 0.033513
v -0.255977 0.168000 0.048300
v -0.275281 0.140000 0.062259
v -0.263110 0.168000 0.065520
v -0.244631 0.168000 0.134487
v -0.229843 0.168000 0.022166
v -0.237355 0.168000 0.084000
v -0.229843 0.168000 0.145834
v -0.235883 0.168000 0.072816
v -0.231566 0.168000 0.062394
v -0.224699 0.168000 0.053445
v -0.235883 0.168000 0.095184
v -0.231566 0.168000 0.105606
v -0.224699 0.168000 0.114555
v -0.212623 0.168000 0.015033
v -0.215749 0.168000 0.046578
v -0.205327 0.168000 0.042261
v -0.194143 0.168000 0.012600
v -0.194143 0.168000 0.040788
v -0.212623 0.168000 0.152967
v -0.215749 0.168000 0.121423
v -0.205327 0.168000 0.125739
v -0.182959 0.168000 0.042261
v -0.172537 0.168000 0.046578
v -0.194143 0.168000 0.155400
v -0.194143 0.168000 0.127212
v -0.182959 0.168000 0.125739
v -0.172537 0.168000 0.121423
v -0.163588 0.168000 0.053445
v -0.156721 0.168000 0.062394
v -0.163588 0.168000 0.114555
v -0.156721 0.168000 0.105606
v -0.152404 0.168000 0.072816
v -0.152404 0.168000 0.095184
v -0.150932 0.168000 0.084000
v -0.125176 0.168000 0.102480
v -0.266890 0.112000 0.042000
v -0.275281 0.112000 0.062259
v -0.212623 0.084000 0.015033
v -0.194143 0.084000 0.012600
v -0.194143 0.112000 0.000000
v -0.253540 0.140000 0.143397
v -0.134746 0.112000 0.024603
v -0.121397 0.112000 0.042000
v -0.194143 0.140000 0.000000
v -0.172403 0.112000 0.002862
v -0.152143 0.112000 0.011254
v -0.266890 0.112000 0.126000
v -0.253540 0.112000 0.143397
v -0.265543 0.084000 0.084000
v -0.263110 0.084000 0.065520
v -0.263110 0.084000 0.102480
v -0.255978 0.084000 0.048300
v -0.255977 0.084000 0.119700
v -0.244631 0.084000 0.134487
v -0.244631 0.084000 0.033513
v -0.229843 0.084000 0.145834
v -0.229843 0.084000 0.022166
v -0.212623 0.084000 0.152967
v -0.194143 0.084000 0.155400
v -0.175664 0.084000 0.152967
v -0.175664 0.084000 0.015033
v -0.158443 0.084000 0.145834
v -0.158443 0.084000 0.022166
v -0.143656 0.084000 0.134487
v -0.143656 0.084000 0.033513
v -0.132309 0.084000 0.119700
v -0.132309 0.084000 0.048300
v -0.125176 0.084000 0.102480
v -0.125176 0.084000 0.065520
v -0.122743 0.084000 0.084000
v -0.275281 0.112000 0.105741
v -0.253540 0.112000 0.024603
v -0.278143 0.112000 0.084000
v -0.221744 0.154000 0.084000
v -0.220803 0.154000 0.091144
v -0.220803 0.154000 0.076857
v -0.218046 0.154000 0.070200
v -0.218046 0.154000 0.097800
v -0.213660 0.154000 0.064484
v -0.213660 0.154000 0.103516
v -0.207944 0.154000 0.060097
v -0.207944 0.154000 0.107903
v -0.201287 0.154000 0.057340
v -0.201287 0.154000 0.110660
v -0.194143 0.154000 0.056400
v -0.187000 0.154000 0.057340
v -0.194143 0.154000 0.111600
v -0.187000 0.154000 0.110660
v -0.180343 0.154000 0.060097
v -0.180343 0.154000 0.107903
v -0.174627 0.154000 0.064484
v -0.174627 0.154000 0.103516
v -0.170241 0.154000 0.070200
v -0.170241 0.154000 0.097800
v -0.167483 0.154000 0.076857
v -0.167483 0.154000 0.091144
v -0.166543 0.154000 0.084000
v -0.186235 0.168000 0.054486
v -0.187000 0.154000 0.057340
v -0.178866 0.168000 0.057538
v -0.180343 0.154000 0.060097
v -0.172537 0.168000 0.062394
v -0.174627 0.154000 0.064484
v -0.209421 0.168000 0.110462
v -0.202052 0.168000 0.113514
v -0.207944 0.154000 0.107903
v -0.201287 0.154000 0.110660
v -0.186235 0.168000 0.113514
v -0.187000 0.154000 0.110660
v -0.194143 0.168000 0.114555
v -0.194143 0.154000 0.111600
v -0.220605 0.168000 0.068722
v -0.223658 0.168000 0.076092
v -0.218046 0.154000 0.070200
v -0.220803 0.154000 0.076857
v -0.167682 0.168000 0.068722
v -0.170241 0.154000 0.070200
v -0.218046 0.154000 0.097800
v -0.220605 0.168000 0.099278
v -0.213660 0.154000 0.103516
v -0.215749 0.168000 0.105606
v -0.164629 0.168000 0.076092
v -0.167483 0.154000 0.076857
v -0.163588 0.168000 0.084000
v -0.166543 0.154000 0.084000
v -0.202052 0.168000 0.054486
v -0.209421 0.168000 0.057538
v -0.201287 0.154000 0.057340
v -0.207944 0.154000 0.060097
v -0.167483 0.154000 0.091144
v -0.164629 0.168000 0.091908
v -0.170241 0.154000 0.097800
v -0.167682 0.168000 0.099278
v -0.174627 0.154000 0.103516
v -0.172537 0.168000 0.105606
v -0.224699 0.168000 0.084000
v -0.223658 0.168000 0.091908
v -0.221744 0.154000 0.084000
v -0.220803 0.154000 0.091144
v -0.194143 0.168000 0.053445
v -0.194143 0.154000 0.056400
v -0.215749 0.168000 0.062394
v -0.213660 0.154000 0.064484
v -0.237355 0.168000 0.084000
v -0.235883 0.168000 0.095184
v -0.235883 0.168000 0.072816
v -0.231566 0.168000 0.062394
v -0.231566 0.168000 0.105606
v -0.224699 0.168000 0.053445
v -0.224699 0.168000 0.114555
v -0.215749 0.168000 0.046578
v -0.215749 0.168000 0.121423
v -0.205327 0.168000 0.042261
v -0.194143 0.168000 0.040788
v -0.205327 0.168000 0.125739
v -0.194143 0.168000 0.127212
v -0.182959 0.168000 0.042261
v -0.182959 0.168000 0.125739
v -0.178866 0.168000 0.110462
v -0.172537 0.168000 0.046578
v -0.172537 0.168000 0.121423
v -0.163588 0.168000 0.053445
v -0.163588 0.168000 0.114555
v -0.156721 0.168000 0.062394
v -0.156721 0.168000 0.105606
v -0.152404 0.168000 0.072816
v -0.152404 0.168000 0.095184
v -0.150932 0.168000 0.084000
v -0.180343 0.154000 0.107903
v -0.206690 -0.168000 0.087362
v -0.205392 -0.168000 0.090494
v -0.210437 -0.154000 0.088366
v -0.208752 -0.154000 0.092434
v -0.194143 -0.154000 0.067132
v -0.194143 -0.168000 0.071011
v -0.198509 -0.154000 0.067706
v -0.197505 -0.168000 0.071454
v -0.177850 -0.154000 0.079634
v -0.177275 -0.154000 0.084000
v -0.181597 -0.168000 0.080638
v -0.181155 -0.168000 0.084000
v -0.181597 -0.168000 0.087362
v -0.182895 -0.168000 0.077506
v -0.182895 -0.168000 0.090494
v -0.184959 -0.168000 0.074816
v -0.184959 -0.168000 0.093184
v -0.187649 -0.168000 0.072751
v -0.187649 -0.168000 0.095249
v -0.190782 -0.168000 0.096546
v -0.190782 -0.168000 0.071454
v -0.194143 -0.168000 0.096989
v -0.197505 -0.168000 0.096546
v -0.200638 -0.168000 0.072751
v -0.200638 -0.168000 0.095249
v -0.203328 -0.168000 0.074816
v -0.203328 -0.168000 0.093184
v -0.205392 -0.168000 0.077506
v -0.206690 -0.168000 0.080638
v -0.207132 -0.168000 0.084000
v -0.185709 -0.154000 0.069392
v -0.189778 -0.154000 0.067706
v -0.194143 -0.154000 0.100869
v -0.198509 -0.154000 0.100294
v -0.177850 -0.154000 0.088366
v -0.179535 -0.154000 0.092434
v -0.210437 -0.154000 0.079634
v -0.211012 -0.154000 0.084000
v -0.208752 -0.154000 0.075566
v -0.202578 -0.154000 0.098609
v -0.206071 -0.154000 0.095928
v -0.206071 -0.154000 0.072072
v -0.189778 -0.154000 0.100294
v -0.185709 -0.154000 0.098609
v -0.202578 -0.154000 0.069392
v -0.182216 -0.154000 0.072072
v -0.179535 -0.154000 0.075566
v -0.182216 -0.154000 0.095928
v -0.253540 -0.140000 0.024603
v -0.244631 -0.168000 0.033513
v -0.266890 -0.140000 0.042000
v -0.255978 -0.168000 0.048300
v -0.125176 -0.168000 0.102480
v -0.113006 -0.140000 0.105741
v -0.132309 -0.168000 0.119700
v -0.121397 -0.140000 0.126000
v -0.194143 -0.112000 0.168000
v -0.215884 -0.112000 0.165138
v -0.194143 -0.140000 0.168000
v -0.215884 -0.140000 0.165138
v -0.255978 -0.168000 0.119700
v -0.244631 -0.168000 0.134487
v -0.266890 -0.140000 0.126000
v -0.253540 -0.140000 0.143397
v -0.275281 -0.112000 0.105741
v -0.275281 -0.140000 0.105741
v -0.266890 -0.112000 0.126000
v -0.236143 -0.140000 0.156746
v -0.212623 -0.168000 0.152967
v -0.229843 -0.168000 0.145834
v -0.215884 -0.140000 0.002862
v -0.212623 -0.168000 0.015033
v -0.236143 -0.140000 0.011254
v -0.229843 -0.168000 0.022166
v -0.253540 -0.112000 0.143397
v -0.275281 -0.140000 0.062259
v -0.263111 -0.168000 0.065520
v -0.278143 -0.140000 0.084000
v -0.265543 -0.168000 0.084000
v -0.236143 -0.112000 0.156746
v -0.122743 -0.168000 0.084000
v -0.110143 -0.140000 0.084000
v -0.152143 -0.112000 0.156746
v -0.172403 -0.112000 0.165138
v -0.152143 -0.140000 0.156746
v -0.172403 -0.140000 0.165138
v -0.275281 -0.112000 0.062259
v -0.278143 -0.112000 0.084000
v -0.152143 -0.112000 0.011254
v -0.152143 -0.140000 0.011254
v -0.172403 -0.112000 0.002862
v -0.172403 -0.140000 0.002862
v -0.134746 -0.140000 0.024603
v -0.121397 -0.140000 0.042000
v -0.143656 -0.168000 0.033513
v -0.132309 -0.168000 0.048300
v -0.113006 -0.140000 0.062259
v -0.125176 -0.168000 0.065520
v -0.143656 -0.168000 0.134487
v -0.158443 -0.168000 0.022166
v -0.150932 -0.168000 0.084000
v -0.158443 -0.168000 0.145834
v -0.152404 -0.168000 0.072816
v -0.156721 -0.168000 0.062394
v -0.163588 -0.168000 0.053445
v -0.152404 -0.168000 0.095184
v -0.156721 -0.168000 0.105606
v -0.163588 -0.168000 0.114555
v -0.175664 -0.168000 0.015033
v -0.172538 -0.168000 0.046578
v -0.182959 -0.168000 0.042261
v -0.194143 -0.168000 0.012600
v -0.194143 -0.168000 0.040788
v -0.175664 -0.168000 0.152967
v -0.172538 -0.168000 0.121423
v -0.182959 -0.168000 0.125739
v -0.205327 -0.168000 0.042261
v -0.215749 -0.168000 0.046578
v -0.194143 -0.168000 0.155400
v -0.194143 -0.168000 0.127212
v -0.205327 -0.168000 0.125739
v -0.215749 -0.168000 0.121423
v -0.224699 -0.168000 0.053445
v -0.231566 -0.168000 0.062394
v -0.224699 -0.168000 0.114555
v -0.231566 -0.168000 0.105606
v -0.235883 -0.168000 0.072816
v -0.235883 -0.168000 0.095184
v -0.237355 -0.168000 0.084000
v -0.263111 -0.168000 0.102480
v -0.121397 -0.112000 0.042000
v -0.113006 -0.112000 0.062259
v -0.175664 -0.084000 0.015033
v -0.194143 -0.084000 0.012600
v -0.194143 -0.112000 0.000000
v -0.134746 -0.140000 0.143397
v -0.253540 -0.112000 0.024603
v -0.266890 -0.112000 0.042000
v -0.194143 -0.140000 0.000000
v -0.215884 -0.112000 0.002862
v -0.236143 -0.112000 0.011254
v -0.121397 -0.112000 0.126000
v -0.134746 -0.112000 0.143397
v -0.122743 -0.084000 0.084000
v -0.125176 -0.084000 0.065520
v -0.125176 -0.084000 0.102480
v -0.132309 -0.084000 0.048300
v -0.132309 -0.084000 0.119700
v -0.143656 -0.084000 0.134487
v -0.143656 -0.084000 0.033513
v -0.158443 -0.084000 0.145834
v -0.158443 -0.084000 0.022166
v -0.175664 -0.084000 0.152967
v -0.194143 -0.084000 0.155400
v -0.212623 -0.084000 0.152967
v -0.212623 -0.084000 0.015033
v -0.229843 -0.084000 0.145834
v -0.229843 -0.084000 0.022166
v -0.244631 -0.084000 0.134487
v -0.244631 -0.084000 0.033513
v -0.255978 -0.084000 0.119700
v -0.255978 -0.084000 0.048300
v -0.263111 -0.084000 0.102480
v -0.263111 -0.084000 0.065520
v -0.265543 -0.084000 0.084000
v -0.113006 -0.112000 0.105741
v -0.134746 -0.112000 0.024603
v -0.110143 -0.112000 0.084000
v -0.166543 -0.154000 0.084000
v -0.167483 -0.154000 0.091144
v -0.167483 -0.154000 0.076857
v -0.170241 -0.154000 0.070200
v -0.170241 -0.154000 0.097800
v -0.174627 -0.154000 0.064484
v -0.174627 -0.154000 0.103516
v -0.180343 -0.154000 0.060097
v -0.180343 -0.154000 0.107903
v -0.187000 -0.154000 0.057340
v -0.187000 -0.154000 0.110660
v -0.194143 -0.154000 0.056400
v -0.201287 -0.154000 0.057340
v -0.194143 -0.154000 0.111600
v -0.201287 -0.154000 0.110660
v -0.207944 -0.154000 0.060097
v -0.207944 -0.154000 0.107903
v -0.213660 -0.154000 0.064484
v -0.213660 -0.154000 0.103516
v -0.218046 -0.154000 0.070200
v -0.218046 -0.154000 0.097800
v -0.220803 -0.154000 0.076857
v -0.220803 -0.154000 0.091144
v -0.221744 -0.154000 0.084000
v -0.202052 -0.168000 0.054486
v -0.201287 -0.154000 0.057340
v -0.209421 -0.168000 0.057538
v -0.207944 -0.154000 0.060097
v -0.215749 -0.168000 0.062394
v -0.213660 -0.154000 0.064484
v -0.178866 -0.168000 0.110462
v -0.186235 -0.168000 0.113514
v -0.180343 -0.154000 0.107903
v -0.187000 -0.154000 0.110660
v -0.202052 -0.168000 0.113514
v -0.201287 -0.154000 0.110660
v -0.194143 -0.168000 0.114555
v -0.194143 -0.154000 0.111600
v -0.167682 -0.168000 0.068722
v -0.164629 -0.168000 0.076092
v -0.170241 -0.154000 0.070200
v -0.167483 -0.154000 0.076857
v -0.220605 -0.168000 0.068722
v -0.218046 -0.154000 0.070200
v -0.170241 -0.154000 0.097800
v -0.167682 -0.168000 0.099278
v -0.174627 -0.154000 0.103516
v -0.172538 -0.168000 0.105606
v -0.223658 -0.168000 0.076092
v -0.220803 -0.154000 0.076857
v -0.224699 -0.168000 0.084000
v -0.221744 -0.154000 0.084000
v -0.186235 -0.168000 0.054486
v -0.178866 -0.168000 0.057538
v -0.187000 -0.154000 0.057340
v -0.180343 -0.154000 0.060097
v -0.220803 -0.154000 0.091144
v -0.223658 -0.168000 0.091908
v -0.218046 -0.154000 0.097800
v -0.220605 -0.168000 0.099278
v -0.213660 -0.154000 0.103516
v -0.215749 -0.168000 0.105606
v -0.163588 -0.168000 0.084000
v -0.164629 -0.168000 0.091908
v -0.166543 -0.154000 0.084000
v -0.167483 -0.154000 0.091144
v -0.194143 -0.168000 0.053445
v -0.194143 -0.154000 0.056400
v -0.172538 -0.168000 0.062394
v -0.174627 -0.154000 0.064484
v -0.150932 -0.168000 0.084000
v -0.152404 -0.168000 0.095184
v -0.152404 -0.168000 0.072816
v -0.156721 -0.168000 0.062394
v -0.156721 -0.168000 0.105606
v -0.163588 -0.168000 0.053445
v -0.163588 -0.168000 0.114555
v -0.172538 -0.168000 0.046578
v -0.172538 -0.168000 0.121423
v -0.182959 -0.168000 0.042261
v -0.194143 -0.168000 0.040788
v -0.182959 -0.168000 0.125739
v -0.194143 -0.168000 0.127212
v -0.205327 -0.168000 0.042261
v -0.205327 -0.168000 0.125739
v -0.209421 -0.168000 0.110462
v -0.215749 -0.168000 0.046578
v -0.215749 -0.168000 0.121423
v -0.224699 -0.168000 0.053445
v -0.224699 -0.168000 0.114555
v -0.231566 -0.168000 0.062394
v -0.231566 -0.168000 0.105606
v -0.235883 -0.168000 0.072816
v -0.235883 -0.168000 0.095184
v -0.237355 -0.168000 0.084000
v -0.207944 -0.154000 0.107903
v 0.356003 0.168000 0.087362
v 0.354705 0.168000 0.090494
v 0.359750 0.154000 0.088366
v 0.358065 0.154000 0.092434
v 0.343457 0.154000 0.067132
v 0.343457 0.168000 0.071011
v 0.347822 0.154000 0.067706
v 0.346818 0.168000 0.071454
v 0.327163 0.154000 0.079634
v 0.326588 0.154000 0.084000
v 0.330910 0.168000 0.080638
v 0.330468 0.168000 0.084000
v 0.330910 0.168000 0.087362
v 0.332208 0.168000 0.077506
v 0.332208 0.168000 0.090494
v 0.334272 0.168000 0.074816
v 0.334272 0.168000 0.093184
v 0.336962 0.168000 0.072751
v 0.336962 0.168000 0.095248
v 0.340095 0.168000 0.096546
v 0.340095 0.168000 0.071454
v 0.343457 0.168000 0.096989
v 0.346818 0.168000 0.096546
v 0.349951 0.168000 0.072751
v 0.349951 0.168000 0.095248
v 0.352641 0.168000 0.074816
v 0.352641 0.168000 0.093184
v 0.354705 0.168000 0.077506
v 0.356003 0.168000 0.080638
v 0.356445 0.168000 0.084000
v 0.335022 0.154000 0.069391
v 0.339091 0.154000 0.067706
v 0.343457 0.154000 0.100868
v 0.347822 0.154000 0.100294
v 0.327163 0.154000 0.088366
v 0.328848 0.154000 0.092434
v 0.359750 0.154000 0.079634
v 0.360325 0.154000 0.084000
v 0.358065 0.154000 0.075566
v 0.351891 0.154000 0.098608
v 0.355384 0.154000 0.095928
v 0.355384 0.154000 0.072072
v 0.339091 0.154000 0.100294
v 0.335022 0.154000 0.098608
v 0.351891 0.154000 0.069391
v 0.331529 0.154000 0.072072
v 0.328848 0.154000 0.075566
v 0.331529 0.154000 0.095928
v 0.402853 0.140000 0.024603
v 0.393944 0.168000 0.033513
v 0.416203 0.140000 0.042000
v 0.405291 0.168000 0.048300
v 0.274489 0.168000 0.102480
v 0.262319 0.140000 0.105741
v 0.281622 0.168000 0.119700
v 0.270710 0.140000 0.126000
v 0.343457 0.112000 0.168000
v 0.365197 0.112000 0.165138
v 0.343457 0.140000 0.168000
v 0.365197 0.140000 0.165138
v 0.405291 0.168000 0.119700
v 0.393944 0.168000 0.134487
v 0.416203 0.140000 0.126000
v 0.402853 0.140000 0.143397
v 0.424594 0.112000 0.105741
v 0.424594 0.140000 0.105741
v 0.416203 0.112000 0.126000
v 0.385457 0.140000 0.156746
v 0.361936 0.168000 0.152967
v 0.379157 0.168000 0.145834
v 0.365197 0.140000 0.002862
v 0.361936 0.168000 0.015033
v 0.385457 0.140000 0.011254
v 0.379157 0.168000 0.022166
v 0.402853 0.112000 0.143397
v 0.424594 0.140000 0.062259
v 0.412424 0.168000 0.065520
v 0.427457 0.140000 0.084000
v 0.414857 0.168000 0.084000
v 0.385457 0.112000 0.156746
v 0.272057 0.168000 0.084000
v 0.259457 0.140000 0.084000
v 0.301457 0.112000 0.156746
v 0.321716 0.112000 0.165138
v 0.301457 0.140000 0.156746
v 0.321716 0.140000 0.165138
v 0.424594 0.112000 0.062259
v 0.427457 0.112000 0.084000
v 0.301457 0.112000 0.011254
v 0.301457 0.140000 0.011254
v 0.321716 0.112000 0.002862
v 0.321716 0.140000 0.002862
v 0.284060 0.140000 0.024603
v 0.270710 0.140000 0.042000
v 0.292969 0.168000 0.033513
v 0.281622 0.168000 0.048300
v 0.262319 0.140000 0.062259
v 0.274489 0.168000 0.065520
v 0.292969 0.168000 0.134487
v 0.307757 0.168000 0.022166
v 0.300245 0.168000 0.084000
v 0.307757 0.168000 0.145834
v 0.301717 0.168000 0.072816
v 0.306034 0.168000 0.062394
v 0.312901 0.168000 0.053445
v 0.301717 0.168000 0.095184
v 0.306034 0.168000 0.105606
v 0.312901 0.168000 0.114555
v 0.324977 0.168000 0.015033
v 0.321851 0.168000 0.046577
v 0.332272 0.168000 0.042261
v 0.343457 0.168000 0.012600
v 0.343457 0.168000 0.040788
v 0.324977 0.168000 0.152967
v 0.321851 0.168000 0.121422
v 0.332272 0.168000 0.125739
v 0.354641 0.168000 0.042261
v 0.365062 0.168000 0.046577
v 0.343457 0.168000 0.155400
v 0.343457 0.168000 0.127212
v 0.354641 0.168000 0.125739
v 0.365062 0.168000 0.121422
v 0.374012 0.168000 0.053445
v 0.380879 0.168000 0.062394
v 0.374012 0.168000 0.114555
v 0.380879 0.168000 0.105606
v 0.385196 0.168000 0.072816
v 0.385196 0.168000 0.095184
v 0.386668 0.168000 0.084000
v 0.412424 0.168000 0.102480
v 0.270710 0.112000 0.042000
v 0.262319 0.112000 0.062259
v 0.324977 0.084000 0.015033
v 0.343457 0.084000 0.012600
v 0.343457 0.112000 -0.000000
v 0.284060 0.140000 0.143397
v 0.402853 0.112000 0.024603
v 0.416203 0.112000 0.042000
v 0.343457 0.140000 -0.000000
v 0.365197 0.112000 0.002862
v 0.385457 0.112000 0.011254
v 0.270710 0.112000 0.126000
v 0.284060 0.112000 0.143397
v 0.272057 0.084000 0.084000
v 0.274489 0.084000 0.065520
v 0.274489 0.084000 0.102480
v 0.281622 0.084000 0.048300
v 0.281622 0.084000 0.119700
v 0.292969 0.084000 0.134487
v 0.292969 0.084000 0.033513
v 0.307757 0.084000 0.145834
v 0.307757 0.084000 0.022166
v 0.324977 0.084000 0.152967
v 0.343457 0.084000 0.155400
v 0.361936 0.084000 0.152967
v 0.361936 0.084000 0.015033
v 0.379157 0.084000 0.145834
v 0.379157 0.084000 0.022166
v 0.393944 0.084000 0.134487
v 0.393944 0.084000 0.033513
v 0.405291 0.084000 0.119700
v 0.405291 0.084000 0.048300
v 0.412424 0.084000 0.102480
v 0.412424 0.084000 0.065520
v 0.414857 0.084000 0.084000
v 0.262319 0.112000 0.105741
v 0.284060 0.112000 0.024603
v 0.259457 0.112000 0.084000
v 0.315856 0.154000 0.084000
v 0.316797 0.154000 0.091143
v 0.316797 0.154000 0.076856
v 0.319554 0.154000 0.070200
v 0.319554 0.154000 0.097800
v 0.323940 0.154000 0.064484
v 0.323940 0.154000 0.103516
v 0.329656 0.154000 0.060097
v 0.329656 0.154000 0.107903
v 0.336313 0.154000 0.057340
v 0.336313 0.154000 0.110660
v 0.343457 0.154000 0.056400
v 0.350600 0.154000 0.057340
v 0.343457 0.154000 0.111600
v 0.350600 0.154000 0.110660
v 0.357257 0.154000 0.060097
v 0.357257 0.154000 0.107903
v 0.362973 0.154000 0.064484
v 0.362973 0.154000 0.103516
v 0.367359 0.154000 0.070200
v 0.367359 0.154000 0.097800
v 0.370116 0.154000 0.076856
v 0.370116 0.154000 0.091143
v 0.371057 0.154000 0.084000
v 0.351365 0.168000 0.054486
v 0.350600 0.154000 0.057340
v 0.358734 0.168000 0.057538
v 0.357257 0.154000 0.060097
v 0.365062 0.168000 0.062394
v 0.362973 0.154000 0.064484
v 0.328179 0.168000 0.110462
v 0.335548 0.168000 0.113514
v 0.329656 0.154000 0.107903
v 0.336313 0.154000 0.110660
v 0.351365 0.168000 0.113514
v 0.350600 0.154000 0.110660
v 0.343457 0.168000 0.114555
v 0.343457 0.154000 0.111600
v 0.316995 0.168000 0.068722
v 0.313942 0.168000 0.076092
v 0.319554 0.154000 0.070200
v 0.316797 0.154000 0.076856
v 0.369918 0.168000 0.068722
v 0.367359 0.154000 0.070200
v 0.319554 0.154000 0.097800
v 0.316995 0.168000 0.099278
v 0.323940 0.154000 0.103516
v 0.321851 0.168000 0.105606
v 0.372971 0.168000 0.076092
v 0.370116 0.154000 0.076856
v 0.374012 0.168000 0.084000
v 0.371057 0.154000 0.084000
v 0.335548 0.168000 0.054486
v 0.328179 0.168000 0.057538
v 0.336313 0.154000 0.057340
v 0.329656 0.154000 0.060097
v 0.370116 0.154000 0.091143
v 0.372971 0.168000 0.091908
v 0.367359 0.154000 0.097800
v 0.369918 0.168000 0.099278
v 0.362973 0.154000 0.103516
v 0.365062 0.168000 0.105606
v 0.312901 0.168000 0.084000
v 0.313942 0.168000 0.091908
v 0.315856 0.154000 0.084000
v 0.316797 0.154000 0.091143
v 0.343457 0.168000 0.053445
v 0.343457 0.154000 0.056400
v 0.321851 0.168000 0.062394
v 0.323940 0.154000 0.064484
v 0.300245 0.168000 0.084000
v 0.301717 0.168000 0.095184
v 0.301717 0.168000 0.072816
v 0.306034 0.168000 0.062394
v 0.306034 0.168000 0.105606
v 0.312901 0.168000 0.053445
v 0.312901 0.168000 0.114555
v 0.321851 0.168000 0.046577
v 0.321851 0.168000 0.121422
v 0.332272 0.168000 0.042261
v 0.343457 0.168000 0.040788
v 0.332272 0.168000 0.125739
v 0.343457 0.168000 0.127212
v 0.354641 0.168000 0.042261
v 0.354641 0.168000 0.125739
v 0.358734 0.168000 0.110462
v 0.365062 0.168000 0.046577
v 0.365062 0.168000 0.121422
v 0.374012 0.168000 0.053445
v 0.374012 0.168000 0.114555
v 0.380879 0.168000 0.062394
v 0.380879 0.168000 0.105606
v 0.385196 0.168000 0.072816
v 0.385196 0.168000 0.095184
v 0.386668 0.168000 0.084000
v 0.357257 0.154000 0.107903
v 0.330910 -0.168000 0.087362
v 0.332208 -0.168000 0.090494
v 0.327163 -0.154000 0.088366
v 0.328848 -0.154000 0.092434
v 0.343457 -0.154000 0.067132
v 0.343457 -0.168000 0.071011
v 0.339091 -0.154000 0.067706
v 0.340095 -0.168000 0.071454
v 0.359750 -0.154000 0.079634
v 0.360325 -0.154000 0.084000
v 0.356003 -0.168000 0.080638
v 0.356445 -0.168000 0.084000
v 0.356003 -0.168000 0.087362
v 0.354705 -0.168000 0.077506
v 0.354705 -0.168000 0.090494
v 0.352641 -0.168000 0.074816
v 0.352641 -0.168000 0.093184
v 0.349951 -0.168000 0.072751
v 0.349951 -0.168000 0.095248
v 0.346818 -0.168000 0.096546
v 0.346818 -0.168000 0.071454
v 0.343457 -0.168000 0.096989
v 0.340095 -0.168000 0.096546
v 0.336962 -0.168000 0.072751
v 0.336962 -0.168000 0.095248
v 0.334272 -0.168000 0.074816
v 0.334272 -0.168000 0.093184
v 0.332208 -0.168000 0.077506
v 0.330910 -0.168000 0.080638
v 0.330468 -0.168000 0.084000
v 0.351891 -0.154000 0.069391
v 0.347822 -0.154000 0.067706
v 0.343457 -0.154000 0.100868
v 0.339091 -0.154000 0.100294
v 0.359750 -0.154000 0.088366
v 0.358065 -0.154000 0.092434
v 0.327163 -0.154000 0.079634
v 0.326588 -0.154000 0.084000
v 0.328848 -0.154000 0.075566
v 0.335022 -0.154000 0.098608
v 0.331529 -0.154000 0.095928
v 0.331529 -0.154000 0.072072
v 0.347822 -0.154000 0.100294
v 0.351891 -0.154000 0.098608
v 0.335022 -0.154000 0.069391
v 0.355384 -0.154000 0.072072
v 0.358065 -0.154000 0.075566
v 0.355384 -0.154000 0.095928
v 0.284060 -0.140000 0.024603
v 0.292969 -0.168000 0.033513
v 0.270710 -0.140000 0.042000
v 0.281622 -0.168000 0.048300
v 0.412424 -0.168000 0.102480
v 0.424594 -0.140000 0.105741
v 0.405291 -0.168000 0.119700
v 0.416203 -0.140000 0.126000
v 0.343457 -0.112000 0.168000
v 0.321716 -0.112000 0.165138
v 0.343457 -0.140000 0.168000
v 0.321716 -0.140000 0.165138
v 0.281622 -0.168000 0.119700
v 0.292969 -0.168000 0.134487
v 0.270710 -0.140000 0.126000
v 0.284060 -0.140000 0.143397
v 0.262319 -0.112000 0.105741
v 0.262319 -0.140000 0.105741
v 0.270710 -0.112000 0.126000
v 0.301457 -0.140000 0.156746
v 0.324977 -0.168000 0.152967
v 0.307757 -0.168000 0.145834
v 0.321716 -0.140000 0.002862
v 0.324977 -0.168000 0.015033
v 0.301457 -0.140000 0.011254
v 0.307757 -0.168000 0.022166
v 0.284060 -0.112000 0.143397
v 0.262319 -0.140000 0.062259
v 0.274489 -0.168000 0.065520
v 0.259457 -0.140000 0.084000
v 0.272057 -0.168000 0.084000
v 0.301457 -0.112000 0.156746
v 0.414856 -0.168000 0.084000
v 0.427456 -0.140000 0.084000
v 0.385457 -0.112000 0.156746
v 0.365197 -0.112000 0.165138
v 0.385457 -0.140000 0.156746
v 0.365197 -0.140000 0.165138
v 0.262319 -0.112000 0.062259
v 0.259457 -0.112000 0.084000
v 0.385457 -0.112000 0.011254
v 0.385457 -0.140000 0.011254
v 0.365197 -0.112000 0.002862
v 0.365197 -0.140000 0.002862
v 0.402853 -0.140000 0.024603
v 0.416203 -0.140000 0.042000
v 0.393944 -0.168000 0.033513
v 0.405291 -0.168000 0.048300
v 0.424594 -0.140000 0.062259
v 0.412424 -0.168000 0.065520
v 0.393944 -0.168000 0.134487
v 0.379157 -0.168000 0.022166
v 0.386668 -0.168000 0.084000
v 0.379157 -0.168000 0.145834
v 0.385196 -0.168000 0.072816
v 0.380879 -0.168000 0.062394
v 0.374012 -0.168000 0.053445
v 0.385196 -0.168000 0.095184
v 0.380879 -0.168000 0.105606
v 0.374012 -0.168000 0.114555
v 0.361936 -0.168000 0.015033
v 0.365062 -0.168000 0.046577
v 0.354641 -0.168000 0.042261
v 0.343457 -0.168000 0.012600
v 0.343457 -0.168000 0.040788
v 0.361936 -0.168000 0.152967
v 0.365062 -0.168000 0.121422
v 0.354641 -0.168000 0.125739
v 0.332272 -0.168000 0.042261
v 0.321851 -0.168000 0.046577
v 0.343457 -0.168000 0.155400
v 0.343457 -0.168000 0.127212
v 0.332272 -0.168000 0.125739
v 0.321851 -0.168000 0.121422
v 0.312901 -0.168000 0.053445
v 0.306034 -0.168000 0.062394
v 0.312901 -0.168000 0.114555
v 0.306034 -0.168000 0.105606
v 0.301717 -0.168000 0.072816
v 0.301717 -0.168000 0.095184
v 0.300245 -0.168000 0.084000
v 0.274489 -0.168000 0.102480
v 0.416203 -0.112000 0.042000
v 0.424594 -0.112000 0.062259
v 0.361936 -0.084000 0.015033
v 0.343457 -0.084000 0.012600
v 0.343457 -0.112000 -0.000000
v 0.402853 -0.140000 0.143397
v 0.284060 -0.112000 0.024603
v 0.270710 -0.112000 0.042000
v 0.343457 -0.140000 -0.000000
v 0.321716 -0.112000 0.002862
v 0.301457 -0.112000 0.011254
v 0.416203 -0.112000 0.126000
v 0.402853 -0.112000 0.143397
v 0.414856 -0.084000 0.084000
v 0.412424 -0.084000 0.065520
v 0.412424 -0.084000 0.102480
v 0.405291 -0.084000 0.048300
v 0.405291 -0.084000 0.119700
v 0.393944 -0.084000 0.134487
v 0.393944 -0.084000 0.033513
v 0.379157 -0.084000 0.145834
v 0.379157 -0.084000 0.022166
v 0.361936 -0.084000 0.152967
v 0.343457 -0.084000 0.155400
v 0.324977 -0.084000 0.152967
v 0.324977 -0.084000 0.015033
v 0.307757 -0.084000 0.145834
v 0.307757 -0.084000 0.022166
v 0.292969 -0.084000 0.134487
v 0.292969 -0.084000 0.033513
v 0.281622 -0.084000 0.119700
v 0.281622 -0.084000 0.048300
v 0.274489 -0.084000 0.102480
v 0.274489 -0.084000 0.065520
v 0.272057 -0.084000 0.084000
v 0.424594 -0.112000 0.105741
v 0.402853 -0.112000 0.024603
v 0.427456 -0.112000 0.084000
v 0.371057 -0.154000 0.084000
v 0.370116 -0.154000 0.091143
v 0.370116 -0.154000 0.076856
v 0.367359 -0.154000 0.070200
v 0.367359 -0.154000 0.097800
v 0.362973 -0.154000 0.064484
v 0.362973 -0.154000 0.103516
v 0.357257 -0.154000 0.060097
v 0.357257 -0.154000 0.107903
v 0.350600 -0.154000 0.057340
v 0.350600 -0.154000 0.110660
v 0.343457 -0.154000 0.056400
v 0.336313 -0.154000 0.057340
v 0.343457 -0.154000 0.111600
v 0.336313 -0.154000 0.110660
v 0.329656 -0.154000 0.060097
v 0.329656 -0.154000 0.107903
v 0.323940 -0.154000 0.064484
v 0.323940 -0.154000 0.103516
v 0.319554 -0.154000 0.070200
v 0.319554 -0.154000 0.097800
v 0.316797 -0.154000 0.076856
v 0.316797 -0.154000 0.091143
v 0.315856 -0.154000 0.084000
v 0.335548 -0.168000 0.054486
v 0.336313 -0.154000 0.057340
v 0.328179 -0.168000 0.057538
v 0.329656 -0.154000 0.060097
v 0.321851 -0.168000 0.062394
v 0.323940 -0.154000 0.064484
v 0.358734 -0.168000 0.110462
v 0.351365 -0.168000 0.113514
v 0.357257 -0.154000 0.107903
v 0.350600 -0.154000 0.110660
v 0.335548 -0.168000 0.113514
v 0.336313 -0.154000 0.110660
v 0.343457 -0.168000 0.114555
v 0.343457 -0.154000 0.111600
v 0.369918 -0.168000 0.068722
v 0.372971 -0.168000 0.076092
v 0.367359 -0.154000 0.070200
v 0.370116 -0.154000 0.076856
v 0.316995 -0.168000 0.068722
v 0.319554 -0.154000 0.070200
v 0.367359 -0.154000 0.097800
v 0.369918 -0.168000 0.099278
v 0.362973 -0.154000 0.103516
v 0.365062 -0.168000 0.105606
v 0.313942 -0.168000 0.076092
v 0.316797 -0.154000 0.076856
v 0.312901 -0.168000 0.084000
v 0.315856 -0.154000 0.084000
v 0.351365 -0.168000 0.054486
v 0.358734 -0.168000 0.057538
v 0.350600 -0.154000 0.057340
v 0.357257 -0.154000 0.060097
v 0.316797 -0.154000 0.091143
v 0.313942 -0.168000 0.091908
v 0.319554 -0.154000 0.097800
v 0.316995 -0.168000 0.099278
v 0.323940 -0.154000 0.103516
v 0.321851 -0.168000 0.105606
v 0.374012 -0.168000 0.084000
v 0.372971 -0.168000 0.091908
v 0.371057 -0.154000 0.084000
v 0.370116 -0.154000 0.091143
v 0.343457 -0.168000 0.053445
v 0.343457 -0.154000 0.056400
v 0.365062 -0.168000 0.062394
v 0.362973 -0.154000 0.064484
v 0.386668 -0.168000 0.084000
v 0.385196 -0.168000 0.095184
v 0.385196 -0.168000 0.072816
v 0.380879 -0.168000 0.062394
v 0.380879 -0.168000 0.105606
v 0.374012 -0.168000 0.053445
v 0.374012 -0.168000 0.114555
v 0.365062 -0.168000 0.046577
v 0.365062 -0.168000 0.121422
v 0.354641 -0.168000 0.042261
v 0.343457 -0.168000 0.040788
v 0.354641 -0.168000 0.125739
v 0.343457 -0.168000 0.127212
v 0.332272 -0.168000 0.042261
v 0.332272 -0.168000 0.125739
v 0.328179 -0.168000 0.110462
v 0.321851 -0.168000 0.046577
v 0.321851 -0.168000 0.121422
v 0.312901 -0.168000 0.053445
v 0.312901 -0.168000 0.114555
v 0.306034 -0.168000 0.062394
v 0.306034 -0.168000 0.105606
v 0.301717 -0.168000 0.072816
v 0.301717 -0.168000 0.095184
v 0.300245 -0.168000 0.084000
v 0.329656 -0.154000 0.107903
vn -1.0000 -0.0000 -0.0000
vn -0.0000 -1.0000 -0.0000
vn 0.0003 -0.7071 0.7071
vn -0.0000 -0.7071 0.7071
vn -0.0000 -0.0000 -1.0000
vn 1.0000 -0.0000 -0.0000
vn -0.0000 0.7071 0.7071
vn -0.0000 1.0000 -0.0000
vn -0.0003 0.7071 0.7071
vn -0.0000 -0.0000 1.0000
vn 0.0002 0.7071 0.7071
vn -0.0002 -0.7071 0.7071
vn 0.9239 0.3827 -0.0000
vn 0.9239 -0.3827 -0.0000
vn 0.7071 0.7071 -0.0000
vn 0.7071 -0.7071 -0.0000
vn 0.4459 -0.0000 0.8951
vn 0.9456 -0.0000 0.3254
vn 0.4459 0.0002 0.8951
vn 0.5450 -0.0000 0.8384
vn 0.2425 -0.0000 0.9701
vn 0.4460 -0.0000 0.8951
vn -0.0000 -0.6061 0.7954
vn -0.0000 0.6061 0.7954
vn -0.0001 0.6062 0.7953
vn -0.0000 0.9642 0.2652
vn -0.0000 0.6062 0.7953
vn -0.0000 -0.9642 0.2652
vn -0.0000 -0.6062 0.7953
vn 0.0001 -0.6062 0.7953
vn -0.0000 -0.9806 0.1961
vn -0.0000 0.9806 0.1961
vn -0.0000 0.9487 -0.3162
vn -0.0000 0.9487 -0.3163
vn 0.5912 -0.0000 0.8065
vn 0.9285 -0.0000 0.3714
vn -0.0000 -0.9487 -0.3162
vn 0.9487 -0.0000 -0.3162
vn 0.5912 -0.0000 0.8066
vn 0.5000 -0.0000 0.8660
vn 0.7071 -0.0000 0.7071
vn 0.5000 0.0001 0.8660
vn -0.2588 -0.0000 0.9659
vn -0.7071 -0.0000 0.7071
vn -0.5000 -0.0000 0.8660
vn -0.7071 0.0001 0.7071
vn 0.2588 -0.0000 0.9659
vn -0.0000 0.0001 1.0000
vn -0.8660 -0.0000 0.5000
vn -0.9723 -0.0000 0.2339
vn -0.9659 -0.0000 0.2588
vn -0.8773 -0.0000 0.4799
vn 0.8660 -0.0000 0.5000
vn 0.9723 -0.0000 0.2339
vn 0.9659 -0.0000 0.2588
vn 0.8773 -0.0000 0.4799
vn -0.9914 -0.0000 0.1305
vn 0.9239 -0.0000 0.3827
vn -0.2588 0.0001 0.9659
vn 0.2588 -0.0001 0.9659
vn 0.6593 -0.0000 0.7518
vn 0.5819 -0.0000 0.8132
vn 0.6594 -0.0000 0.7518
vn 0.9659 0.0001 0.2588
vn 0.5819 -0.0000 0.8133
vn 0.6593 -0.0000 0.7519
vn 0.7933 -0.0000 0.6088
vn 0.7934 -0.0000 0.6088
vn -0.7934 -0.0000 0.6088
vn 0.2588 0.0001 0.9659
vn -0.9239 -0.0000 0.3827
vn 0.9456 0.0001 0.3254
vn 0.7071 -0.0002 0.7071
vn -0.7071 0.0002 0.7071
vn 0.7071 0.0002 0.7071
vn 0.8660 -0.0001 0.5000
vn -0.0000 -0.0000 -0.0000
vn -0.7071 -0.0002 0.7071
vn -0.7071 -0.7071 -0.0000
vn -0.9239 -0.3827 -0.0000
vn -0.3827 -0.9239 -0.0000
vn -0.9239 0.3827 -0.0000
vn -0.7071 0.7071 -0.0000
vn -0.3827 0.9239 -0.0000
vn 0.9808 0.1951 -0.0000
vn 0.3827 0.9239 -0.0000
vn 0.9808 -0.1951 -0.0000
vn 0.3827 -0.9239 -0.0000
vn 0.6593 0.0001 0.7518
vn 0.9239 -0.0000 -0.3827
vn -0.9239 -0.0000 -0.3827
vn -0.3827 -0.0000 -0.9239
vn 0.3827 -0.0000 -0.9239
vn -0.0000 0.3827 -0.9239
vn -0.0000 0.9239 -0.3827
vn -0.0000 -0.3827 -0.9239
vn -0.0000 -0.9239 -0.3827
vn -0.0000 0.9239 0.3827
vn -0.0000 0.3827 0.9239
vn -0.0000 -0.3827 0.9239
vn -0.0000 -0.9239 0.3827
vn 0.0002 -0.9239 0.3827
vn -0.0002 -0.3827 -0.9239
vn 0.0002 -0.3827 0.9239
vn -0.5000 -0.0000 -0.8660
vn -0.2588 -0.0000 -0.9659
vn -0.8660 -0.0000 -0.5000
vn -0.7071 -0.0000 -0.7071
vn 0.9979 -0.0000 -0.0654
vn 0.9990 -0.0000 -0.0436
vn 0.2588 -0.0000 -0.9659
vn 0.7071 -0.0000 -0.7071
vn 0.5000 -0.0000 -0.8660
vn 0.8660 -0.0000 -0.5000
vn 0.9659 -0.0000 -0.2588
vn -0.9914 -0.0000 -0.1305
vn -0.9659 -0.0000 -0.2588
vn 0.9914 -0.0000 -0.1305
vn 0.7882 -0.0000 0.6154
vn -0.0000 0.5224 0.8527
vn -0.0000 -0.5224 0.8527
vn -0.0000 -0.8908 0.4543
vn -0.0000 -0.5223 0.8528
vn -0.0000 -0.5223 0.8527
vn -0.0000 0.5223 0.8528
vn -0.0000 0.8908 0.4543
vn -0.0002 0.5223 0.8528
vn 0.6814 0.2671 0.6814
vn 0.8346 0.2671 0.4819
vn -0.4818 0.2671 0.8346
vn -0.6814 0.2671 0.6814
vn -0.4819 0.2671 0.8346
vn -0.0000 0.2671 -0.9637
vn -0.2494 0.2671 -0.9308
vn -0.9308 0.2671 -0.2494
vn -0.8346 0.2671 -0.4818
vn -0.8346 0.2671 -0.4819
vn -0.8346 0.2670 -0.4819
vn 0.4818 0.2671 0.8346
vn 0.2494 0.2671 0.9308
vn 0.4819 0.2671 0.8346
vn -0.4819 0.2671 -0.8346
vn -0.6814 0.2671 -0.6814
vn -0.4818 0.2671 -0.8346
vn 0.6814 0.2671 -0.6814
vn 0.4818 0.2671 -0.8346
vn -0.8346 0.2671 0.4819
vn 0.4819 0.2671 -0.8346
vn 0.2494 0.2671 -0.9308
vn -0.2494 0.2671 0.9308
vn -0.2494 0.2670 0.9308
vn -0.0000 0.2671 0.9637
vn 0.8346 0.2671 -0.4819
vn 0.8346 0.2671 -0.4818
vn 0.9308 0.2671 0.2494
vn 0.9637 0.2671 -0.0000
vn 0.9309 0.2671 0.2494
vn 0.9308 0.2671 -0.2494
vn -0.9308 0.2671 0.2494
vn -0.9309 0.2671 0.2494
vn -0.9637 0.2671 -0.0000
vn 0.9309 0.2671 -0.2494
vn -0.8346 0.2671 0.4818
vn -0.2494 0.2670 -0.9308
vn -0.9309 0.2671 -0.2494
vn 0.8346 0.2671 0.4818
vn -0.7897 -0.4104 0.4560
vn -0.8808 -0.4104 0.2360
vn -0.8809 -0.4104 0.2360
vn -0.7898 -0.4104 0.4559
vn -0.4560 -0.4104 -0.7897
vn -0.6448 -0.4104 -0.6448
vn -0.4559 -0.4104 -0.7898
vn 0.6448 -0.4104 -0.6448
vn 0.4560 -0.4104 -0.7897
vn 0.6448 0.4104 0.6448
vn 0.4560 0.4104 0.7897
vn 0.2360 -0.4104 -0.8809
vn -0.0000 -0.4104 -0.9119
vn 0.4559 -0.4104 -0.7898
vn 0.2360 -0.4104 -0.8808
vn 0.6448 -0.4104 0.6448
vn 0.7897 -0.4104 0.4560
vn -0.4560 -0.4104 0.7897
vn -0.6448 -0.4104 0.6448
vn -0.4559 -0.4104 0.7898
vn 0.8809 -0.4104 0.2360
vn 0.9119 -0.4104 -0.0000
vn -0.2360 0.4104 0.8808
vn -0.4559 0.4104 0.7898
vn -0.8809 0.4104 -0.2360
vn -0.7898 0.4104 -0.4559
vn -0.7897 0.4104 -0.4560
vn -0.8808 0.4104 -0.2360
vn -0.2360 -0.4104 0.8808
vn -0.0000 -0.4104 0.9119
vn -0.2360 -0.4104 0.8809
vn -0.0000 0.4104 0.9119
vn -0.2360 0.4104 0.8809
vn 0.4560 -0.4104 0.7897
vn 0.4559 -0.4104 0.7898
vn 0.2360 -0.4104 0.8808
vn -0.9119 -0.4104 -0.0000
vn -0.8809 -0.4104 -0.2360
vn 0.7898 0.4104 0.4559
vn 0.8808 0.4104 0.2360
vn -0.2360 -0.4104 -0.8808
vn -0.4559 0.4104 -0.7898
vn -0.6448 0.4104 -0.6448
vn -0.4560 0.4104 -0.7897
vn 0.8809 -0.4104 -0.2360
vn 0.7897 -0.4104 -0.4560
vn 0.8808 -0.4104 -0.2360
vn 0.7898 -0.4104 -0.4559
vn 0.8808 0.4104 -0.2360
vn 0.7898 0.4104 -0.4559
vn 0.7898 -0.4104 0.4559
vn 0.8808 -0.4104 0.2360
vn -0.7897 -0.4104 -0.4560
vn -0.7898 -0.4104 -0.4559
vn 0.2360 -0.4104 0.8809
vn -0.0000 0.4104 -0.9119
vn -0.2360 0.4104 -0.8809
vn -0.8808 -0.4104 -0.2360
vn 0.6448 0.4104 -0.6448
vn 0.4560 0.4104 -0.7897
vn -0.6448 0.4104 0.6448
vn -0.7898 0.4104 0.4559
vn -0.7897 0.4104 0.4560
vn 0.2360 0.4104 -0.8809
vn -0.4560 0.4104 0.7897
vn -0.2360 -0.4104 -0.8809
vn 0.2360 0.4104 0.8809
vn -0.2360 0.4104 -0.8808
vn 0.8809 0.4104 0.2360
vn 0.9119 0.4104 -0.0000
vn -0.9119 0.4104 -0.0000
vn -0.8808 0.4104 0.2360
vn -0.8809 0.4104 0.2360
vn 0.8809 0.4104 -0.2360
vn 0.4559 0.4104 -0.7898
vn 0.2360 0.4104 -0.8808
vn 0.4559 0.4104 0.7898
vn 0.2360 0.4104 0.8808
vn 0.7897 0.4104 0.4560
vn 0.7897 0.4104 -0.4560
vn -0.0000 0.2065 -0.9784
vn 0.2532 0.2065 -0.9451
vn 0.4892 0.2065 -0.8473
vn 0.6918 0.2065 -0.6919
vn 0.6919 0.2065 -0.6919
vn 0.8474 0.2065 -0.4892
vn 0.9451 0.2065 -0.2532
vn 0.9451 0.2065 -0.2533
vn -0.6918 0.2065 -0.6919
vn -0.4892 0.2065 -0.8473
vn -0.6919 0.2065 -0.6919
vn 0.9784 0.2065 -0.0000
vn 0.9451 0.2065 0.2532
vn 0.9451 0.2065 0.2533
vn 0.8473 0.2065 0.4892
vn 0.6919 0.2065 0.6919
vn 0.6919 0.2065 0.6918
vn -0.0000 0.2065 0.9784
vn -0.2532 0.2065 0.9451
vn -0.4892 0.2065 -0.8474
vn -0.2533 0.2065 -0.9451
vn 0.4892 0.2065 0.8473
vn 0.2532 0.2065 0.9451
vn -0.6919 0.2065 -0.6918
vn -0.8473 0.2065 -0.4892
vn -0.8474 0.2065 -0.4892
vn -0.9451 0.2065 -0.2533
vn -0.9451 0.2065 0.2533
vn -0.8474 0.2065 0.4892
vn -0.9451 0.2065 -0.2532
vn -0.9784 0.2065 -0.0000
vn 0.4892 0.2065 0.8474
vn 0.2533 0.2065 0.9451
vn -0.9451 0.2065 0.2532
vn 0.6919 0.2065 -0.6918
vn 0.8473 0.2065 -0.4892
vn -0.8473 0.2065 0.4892
vn -0.6919 0.2065 0.6919
vn -0.6919 0.2065 0.6918
vn 0.8474 0.2065 0.4892
vn -0.2532 0.2065 -0.9451
vn 0.2533 0.2065 -0.9451
vn 0.4892 0.2065 -0.8474
vn -0.4892 0.2065 0.8473
vn -0.6918 0.2065 0.6919
vn -0.4892 0.2065 0.8474
vn -0.2533 0.2065 0.9451
vn -0.6814 -0.2671 0.6814
vn -0.8346 -0.2671 0.4819
vn 0.4818 -0.2671 0.8346
vn 0.6814 -0.2671 0.6814
vn 0.4819 -0.2671 0.8346
vn -0.0000 -0.2671 -0.9637
vn 0.2494 -0.2671 -0.9308
vn 0.9308 -0.2671 -0.2494
vn 0.8346 -0.2671 -0.4818
vn 0.8346 -0.2671 -0.4819
vn -0.4818 -0.2671 0.8346
vn -0.2494 -0.2671 0.9308
vn 0.4818 -0.2671 -0.8346
vn 0.6814 -0.2671 -0.6814
vn -0.6814 -0.2671 -0.6814
vn -0.4818 -0.2671 -0.8346
vn 0.8346 -0.2671 0.4819
vn -0.4819 -0.2671 -0.8346
vn -0.2494 -0.2671 -0.9308
vn -0.2494 -0.2671 -0.9309
vn 0.2494 -0.2671 0.9308
vn -0.0000 -0.2671 0.9637
vn -0.8346 -0.2671 -0.4819
vn -0.8346 -0.2671 -0.4818
vn -0.9308 -0.2671 0.2494
vn -0.9637 -0.2671 -0.0000
vn -0.9309 -0.2671 0.2494
vn -0.4819 -0.2671 0.8346
vn -0.9308 -0.2671 -0.2494
vn -0.8346 -0.2670 -0.4819
vn 0.9308 -0.2671 0.2494
vn 0.9309 -0.2671 0.2494
vn 0.9637 -0.2671 -0.0000
vn -0.9309 -0.2671 -0.2494
vn 0.8346 -0.2671 0.4818
vn 0.4819 -0.2671 -0.8346
vn 0.4818 -0.2670 -0.8346
vn 0.9309 -0.2671 -0.2494
vn -0.8346 -0.2671 0.4818
vn -0.2588 0.0001 -0.9659
vn 0.2588 -0.0001 -0.9659
vn -0.0000 -0.2065 -0.9784
vn -0.2532 -0.2065 -0.9451
vn -0.4892 -0.2065 -0.8473
vn -0.6919 -0.2065 -0.6919
vn -0.8474 -0.2065 -0.4892
vn -0.9451 -0.2065 -0.2533
vn 0.6918 -0.2065 -0.6919
vn 0.4892 -0.2065 -0.8474
vn 0.4892 -0.2065 -0.8473
vn 0.6919 -0.2065 -0.6919
vn -0.9784 -0.2065 -0.0000
vn -0.9451 -0.2065 0.2532
vn -0.8473 -0.2065 0.4892
vn -0.6919 -0.2065 0.6919
vn -0.6919 -0.2065 0.6918
vn -0.0000 -0.2065 0.9784
vn 0.2532 -0.2065 0.9451
vn 0.2533 -0.2065 -0.9451
vn -0.4892 -0.2065 0.8473
vn -0.2532 -0.2065 0.9451
vn -0.9451 -0.2065 -0.2532
vn 0.6919 -0.2065 -0.6918
vn 0.8473 -0.2065 -0.4892
vn 0.8474 -0.2065 -0.4892
vn 0.9451 -0.2065 -0.2532
vn 0.9451 -0.2065 -0.2533
vn 0.9451 -0.2065 0.2533
vn 0.8474 -0.2065 0.4892
vn 0.9451 -0.2065 0.2532
vn 0.9784 -0.2065 -0.0000
vn -0.4892 -0.2065 0.8474
vn -0.2533 -0.2065 0.9451
vn -0.6919 -0.2065 -0.6918
vn -0.8473 -0.2065 -0.4892
vn 0.8473 -0.2065 0.4892
vn 0.6919 -0.2065 0.6919
vn 0.6919 -0.2065 0.6918
vn -0.9451 -0.2065 0.2533
vn -0.8474 -0.2065 0.4892
vn 0.2532 -0.2065 -0.9451
vn -0.2533 -0.2065 -0.9451
vn -0.4892 -0.2065 -0.8474
vn 0.4892 -0.2065 0.8473
vn 0.6918 -0.2065 0.6919
vn 0.4892 -0.2065 0.8474
vn 0.2533 -0.2065 0.9451
vn 0.2494 0.2671 0.9309
vn 0.4818 0.2670 -0.8346
vn 0.2494 0.2671 -0.9309
vn -0.2494 0.2670 0.9309
vn 0.4818 0.2670 0.8346
vn 0.9308 0.2670 -0.2494
vn 1.0000 0.0001 -0.0000
vn 0.6918 0.2065 0.6919
vn 0.2494 -0.2670 -0.9309
vn 0.2494 -0.2670 0.9309
vn 0.9308 -0.2670 -0.2494
vn -0.6918 -0.2065 -0.6919
vn -0.6918 -0.2065 0.6919
vt 0.093750 0.355000
vt 0.093750 0.675000
vt 0.093750 0.355000
vt 0.718750 0.105000
vt 0.093750 0.368333
vt 0.093750 0.448333
vt 0.718750 0.198333
vt 0.093750 0.395000
vt 0.093750 0.461667
vt 0.093750 0.448333
vt 0.718750 0.198333
vt 0.093750 0.461667
vt 0.093750 0.395000
vt 0.093750 0.368333
vt 0.093750 0.355000
vt 0.093750 0.355000
vt 0.718750 0.105000
vt 0.093750 0.341667
vt 0.093750 0.368333
vt 0.093750 0.341667
vt 0.093750 0.368333
vt 0.093750 0.341667
vt 0.093750 0.341667
vt 0.093750 0.355000
vt 0.093750 0.368333
vt 0.093750 0.328333
vt 0.718750 0.078333
vt 0.093750 0.315000
vt 0.093750 0.565000
vt 0.718750 0.065000
vt 0.093750 0.328333
vt 0.093750 0.315000
vt 0.093750 0.565000
vt 0.718750 0.065000
vt 0.093750 0.343333
vt 0.093750 0.325103
vt 0.718750 0.075103
vt 0.093750 0.333367
vt 0.718750 0.083367
vt 0.093750 0.338562
vt 0.718750 0.088561
vt 0.093750 0.355000
vt 0.093750 0.605000
vt 0.093750 0.340333
vt 0.718750 0.090333
vt 0.093750 0.355000
vt 0.093750 0.605000
vt 0.093750 0.338562
vt 0.718750 0.088561
vt 0.093750 0.333367
vt 0.718750 0.083367
vt 0.093750 0.325103
vt 0.718750 0.075103
vt 0.093750 0.355000
vt 0.093750 0.315000
vt 0.093750 0.565000
vt 0.718750 0.065000
vt 0.093750 0.315000
vt 0.093750 0.565000
vt 0.093750 0.355000
vt 0.093750 0.368333
vt 0.093750 0.341667
vt 0.093750 0.368333
vt 0.093750 0.341667
vt 0.093750 0.341667
vt 0.093750 0.355000
vt 0.093750 0.368333
vt 0.093750 0.368333
vt 0.093750 0.341667
vt 0.093750 0.368333
vt 0.093750 0.368333
vt 0.718750 0.118333
vt 0.093750 0.355000
vt 0.093750 0.368333
vt 0.718750 0.118333
vt 0.093750 0.368333
vt 0.093750 0.355000
vt 0.093750 0.355000
vt 0.093750 0.368333
vt 0.093750 0.368333
vt 0.093750 0.355000
vt 0.093750 0.368333
vt 0.718750 0.118333
vt 0.093750 0.368333
vt 0.718750 0.118333
vt 0.093750 0.368333
vt 0.093750 0.395000
vt 0.718750 0.145000
vt 0.093750 0.401667
vt 0.718750 0.151667
vt 0.093750 0.395000
vt 0.093750 0.408333
vt 0.093750 0.408333
vt 0.718750 0.158333
vt 0.093750 0.461667
vt 0.093750 0.408333
vt 0.718750 0.158333
vt 0.093750 0.408333
vt 0.093750 0.401667
vt 0.718750 0.151667
vt 0.093750 0.395000
vt 0.718750 0.145000
vt 0.093750 0.448333
vt 0.093750 0.448333
vt 0.093750 0.435000
vt 0.093750 0.525000
vt 0.093750 0.435000
vt 0.093750 0.355000
vt 0.093750 0.368333
vt 0.093750 0.368333
vt 0.093750 0.395000
vt 0.093750 0.395000
vt 0.093750 0.461667
vt 0.093750 0.435000
vt 0.093750 0.408592
vt 0.093750 0.658592
vt 0.093750 0.421667
vt 0.093750 0.671667
vt 0.093750 0.435000
vt 0.093750 0.421667
vt 0.093750 0.671667
vt 0.093750 0.408592
vt 0.093750 0.658592
vt 0.093750 0.448333
vt 0.093750 0.435000
vt 0.093750 0.448333
vt 0.093750 0.435000
vt 0.093750 0.448333
vt 0.093750 0.448333
vt 0.093750 0.461667
vt 0.093750 0.395000
vt 0.093750 0.395000
vt 0.093750 0.461667
vt 0.093750 0.395000
vt 0.093750 0.395000
vt 0.718750 0.145000
vt 0.093750 0.401667
vt 0.718750 0.151667
vt 0.093750 0.408333
vt 0.093750 0.408333
vt 0.718750 0.158333
vt 0.093750 0.408333
vt 0.718750 0.158333
vt 0.093750 0.408333
vt 0.093750 0.401667
vt 0.718750 0.151667
vt 0.093750 0.395000
vt 0.718750 0.145000
vt 0.093750 0.435000
vt 0.093750 0.525000
vt 0.093750 0.435000
vt 0.093750 0.448333
vt 0.093750 0.448333
vt 0.093750 0.315000
vt 0.093750 0.565000
vt 0.093750 0.355000
vt 0.093750 0.315000
vt 0.093750 0.565000
vt 0.718750 0.065000
vt 0.093750 0.325103
vt 0.718750 0.075103
vt 0.093750 0.333367
vt 0.718750 0.083367
vt 0.093750 0.338562
vt 0.718750 0.088561
vt 0.093750 0.355000
vt 0.093750 0.605000
vt 0.093750 0.340333
vt 0.718750 0.090333
vt 0.093750 0.355000
vt 0.093750 0.605000
vt 0.093750 0.338562
vt 0.718750 0.088561
vt 0.093750 0.343333
vt 0.093750 0.333367
vt 0.718750 0.083367
vt 0.093750 0.325103
vt 0.718750 0.075103
vt 0.093750 0.315000
vt 0.093750 0.565000
vt 0.718750 0.065000
vt 0.093750 0.328333
vt 0.093750 0.315000
vt 0.093750 0.565000
vt 0.718750 0.065000
vt 0.093750 0.328333
vt 0.718750 0.078333
vt 0.093750 0.334795
vt 0.718750 0.084795
vt 0.093750 0.334795
vt 0.718750 0.084795
vt 0.093750 0.343333
vt 0.093750 0.343333
vt 0.093750 0.343333
vt 0.093750 0.355000
vt 0.093750 0.605000
vt 0.093750 0.355000
vt 0.093750 0.605000
vt 0.093750 0.375000
vt 0.718750 0.225000
vt 0.093750 0.375000
vt 0.093750 0.375000
vt 0.718750 0.225000
vt 0.093750 0.425000
vt 0.093750 0.325000
vt 0.093750 0.325000
vt 0.093750 0.425000
vt 0.093750 0.375000
vt 0.093750 0.325000
vt 0.093750 0.325000
vt 0.093750 0.325000
vt 0.093750 0.375000
vt 0.093750 0.325000
vt 0.093750 0.425000
vt 0.093750 0.375000
vt 0.093750 0.375000
vt 0.093750 0.375000
vt 0.093750 0.425000
vt 0.093750 0.325000
vt 0.093750 0.325000
vt 0.093750 0.658592
vt 0.093750 0.671667
vt 0.093750 0.671667
vt 0.093750 0.658592
vt 0.093750 0.564333
vt 0.718750 0.064333
vt 0.093750 0.551792
vt 0.718750 0.051792
vt 0.093750 0.551667
vt 0.718750 0.051667
vt 0.093750 0.551667
vt 0.718750 0.051667
vt 0.093750 0.538333
vt 0.718750 0.038333
vt 0.093750 0.564333
vt 0.718750 0.064333
vt 0.093750 0.551792
vt 0.718750 0.051792
vt 0.093750 0.538333
vt 0.718750 0.038333
vt 0.093750 0.659287
vt 0.093750 0.659287
vt 0.093750 0.538333
vt 0.718750 0.038333
vt 0.093750 0.538333
vt 0.718750 0.038333
vt 0.093750 0.551792
vt 0.718750 0.051792
vt 0.093750 0.564333
vt 0.718750 0.064333
vt 0.093750 0.564333
vt 0.718750 0.064333
vt 0.093750 0.551792
vt 0.718750 0.051792
vt 0.093750 0.551667
vt 0.718750 0.051667
vt 0.093750 0.551667
vt 0.718750 0.051667
vt 0.093750 0.551667
vt 0.718750 0.051667
vt 0.093750 0.551667
vt 0.093750 0.595000
vt 0.093750 0.551667
vt 0.718750 0.051667
vt 0.093750 0.551667
vt 0.718750 0.051667
vt 0.093750 0.551667
vt 0.718750 0.051667
vt 0.093750 0.551667
vt 0.718750 0.051667
vt 0.093750 0.551667
vt 0.093750 0.551667
vt 0.718750 0.051667
vt 0.093750 0.671667
vt 0.093750 0.671667
vt 0.093750 0.671667
vt 0.718750 0.171667
vt 0.093750 0.671667
vt 0.718750 0.171667
vt 0.093750 0.671667
vt 0.093750 0.671667
vt 0.093750 0.671667
vt 0.718750 0.171667
vt 0.093750 0.671667
vt 0.718750 0.171667
vt 0.093750 0.525000
vt 0.093750 0.525000
vt 0.093750 0.725000
vt 0.093750 0.725000
vt 0.093750 0.525000
vt 0.093750 0.725000
vt 0.093750 0.725000
vt 0.093750 0.525000
vt 0.093750 0.525000
vt 0.093750 0.725000
vt 0.093750 0.725000
vt 0.093750 0.725000
vt 0.093750 0.525000
vt 0.093750 0.725000
vt 0.093750 0.575000
vt 0.093750 0.675000
vt 0.093750 0.575000
vt 0.093750 0.675000
vt 0.093750 0.575000
vt 0.093750 0.675000
vt 0.093750 0.575000
vt 0.093750 0.675000
vt 0.093750 0.575000
vt 0.093750 0.575000
vt 0.093750 0.675000
vt 0.093750 0.675000
vt 0.093750 0.675000
vt 0.093750 0.575000
vt 0.093750 0.675000
vt 0.093750 0.575000
vt 0.093750 0.675000
vt 0.093750 0.575000
vt 0.093750 0.675000
vt 0.093750 0.575000
vt 0.093750 0.575000
vt 0.093750 0.575000
vt 0.093750 0.675000
vt 0.093750 0.675000
vt 0.093750 0.575000
vt 0.093750 0.615000
vt 0.093750 0.575000
vt 0.093750 0.675000
vt 0.093750 0.675000
vt 0.093750 0.595000
vt 0.093750 0.595188
vt 0.093750 0.595000
vt 0.093750 0.614000
vt 0.093750 0.630154
vt 0.093750 0.642550
vt 0.093750 0.595000
vt 0.093750 0.675000
vt 0.093750 0.650342
vt 0.093750 0.653000
vt 0.093750 0.675000
vt 0.093750 0.650342
vt 0.093750 0.642550
vt 0.093750 0.630154
vt 0.093750 0.614000
vt 0.093750 0.595188
vt 0.093750 0.575000
vt 0.093750 0.575000
vt 0.093750 0.575000
vt 0.093750 0.595000
vt 0.093750 0.675000
vt 0.093750 0.595000
vt 0.093750 0.675000
vt 0.093750 0.575000
vt 0.093750 0.575000
vt 0.093750 0.615000
vt 0.093750 0.675000
vt 0.093750 0.675000
vt 0.093750 0.575000
vt 0.093750 0.675000
vt 0.093750 0.595000
vt 0.093750 0.642550
vt 0.718750 0.083367
vt 0.093750 0.650342
vt 0.093750 0.653000
vt 0.718750 0.090333
vt 0.093750 0.650342
vt 0.093750 0.630154
vt 0.093750 0.614000
vt 0.718750 0.064333
vt 0.093750 0.595188
vt 0.718750 0.051792
vt 0.093750 0.595000
vt 0.093750 0.642550
vt 0.093750 0.630154
vt 0.093750 0.614000
vt 0.093750 0.595188
vt 0.093750 0.575000
vt 0.093750 0.575000
vt 0.718750 0.038333
vt 0.718750 0.038333
vt 0.718750 0.083367
vt 0.718750 0.075103
vt 0.718750 0.078333
vt 0.593750 0.078333
vt 0.718750 0.076970
vt 0.593750 0.076970
vt 0.718750 0.078333
vt 0.593750 0.078333
vt 0.718750 0.076970
vt 0.593750 0.076970
vt 0.718750 0.075103
vt 0.718750 0.083367
vt 0.718750 0.072974
vt 0.593750 0.072974
vt 0.718750 0.066618
vt 0.593750 0.066618
vt 0.718750 0.072974
vt 0.593750 0.072974
vt 0.718750 0.066618
vt 0.593750 0.066618
vt 0.718750 0.075103
vt 0.718750 0.083367
vt 0.718750 0.090333
vt 0.718750 0.088561
vt 0.718750 0.051792
vt 0.718750 0.064333
vt 0.718750 0.066618
vt 0.593750 0.066618
vt 0.718750 0.072974
vt 0.593750 0.072974
vt 0.718750 0.066618
vt 0.593750 0.066618
vt 0.718750 0.072974
vt 0.593750 0.072974
vt 0.718750 0.088561
vt 0.718750 0.051792
vt 0.718750 0.064333
vt 0.718750 0.051792
vt 0.718750 0.064333
vt 0.718750 0.038333
vt 0.718750 0.051667
vt 0.593750 0.051667
vt 0.718750 0.058333
vt 0.593750 0.058333
vt 0.718750 0.051667
vt 0.593750 0.051667
vt 0.718750 0.058333
vt 0.593750 0.058333
vt 0.718750 0.083367
vt 0.718750 0.075103
vt 0.718750 0.051792
vt 0.718750 0.064333
vt 0.718750 0.088561
vt 0.718750 0.090333
vt 0.718750 0.088561
vt 0.718750 0.051667
vt 0.718750 0.051667
vt 0.718750 0.038333
vt 0.718750 0.076970
vt 0.593750 0.076970
vt 0.718750 0.076970
vt 0.593750 0.076970
vt 0.718750 0.058333
vt 0.593750 0.058333
vt 0.718750 0.051667
vt 0.593750 0.051667
vt 0.718750 0.051667
vt 0.593750 0.051667
vt 0.718750 0.058333
vt 0.593750 0.058333
vt 0.718750 0.078333
vt 0.593750 0.078333
vt 0.718750 0.076970
vt 0.593750 0.076970
vt 0.718750 0.078333
vt 0.593750 0.078333
vt 0.718750 0.076970
vt 0.593750 0.076970
vt 0.718750 0.051667
vt 0.593750 0.051667
vt 0.718750 0.058333
vt 0.593750 0.058333
vt 0.718750 0.051667
vt 0.593750 0.051667
vt 0.718750 0.058333
vt 0.593750 0.058333
vt 0.718750 0.078333
vt 0.718750 0.078333
vt 0.718750 0.185000
vt 0.718750 0.185000
vt 0.718750 0.185000
vt 0.718750 0.185000
vt 0.718750 0.198333
vt 0.718750 0.198333
vt 0.718750 0.038333
vt 0.718750 0.038333
vt 0.593750 0.038333
vt 0.718750 0.051667
vt 0.718750 0.075103
vt 0.718750 0.048686
vt 0.593750 0.048686
vt 0.718750 0.058333
vt 0.593750 0.058333
vt 0.718750 0.066618
vt 0.593750 0.066618
vt 0.718750 0.072974
vt 0.593750 0.072974
vt 0.718750 0.088561
vt 0.718750 0.076970
vt 0.593750 0.076970
vt 0.718750 0.078333
vt 0.593750 0.078333
vt 0.718750 0.076970
vt 0.593750 0.076970
vt 0.718750 0.088561
vt 0.718750 0.072974
vt 0.593750 0.072974
vt 0.718750 0.083367
vt 0.718750 0.066618
vt 0.593750 0.066618
vt 0.718750 0.075103
vt 0.718750 0.058333
vt 0.593750 0.058333
vt 0.718750 0.048686
vt 0.593750 0.048686
vt 0.718750 0.064333
vt 0.718750 0.038333
vt 0.593750 0.038333
vt 0.718750 0.025000
vt 0.593750 0.025000
vt 0.718750 0.038333
vt 0.718750 0.051792
vt 0.718750 0.025000
vt 0.718750 0.038333
vt 0.718750 0.025000
vt 0.593750 0.025000
vt 0.718750 0.025000
vt 0.593750 0.025000
vt 0.718750 0.038333
vt 0.593750 0.038333
vt 0.718750 0.038333
vt 0.593750 0.038333
vt 0.718750 0.051667
vt 0.718750 0.051667
vt 0.718750 0.051667
vt 0.593750 0.051667
vt 0.718750 0.058333
vt 0.593750 0.058333
vt 0.718750 0.072974
vt 0.593750 0.072974
vt 0.718750 0.076970
vt 0.593750 0.076970
vt 0.718750 0.072974
vt 0.593750 0.072974
vt 0.718750 0.076970
vt 0.593750 0.076970
vt 0.718750 0.066618
vt 0.593750 0.066618
vt 0.718750 0.072974
vt 0.593750 0.072974
vt 0.718750 0.066618
vt 0.593750 0.066618
vt 0.718750 0.058333
vt 0.593750 0.058333
vt 0.718750 0.066618
vt 0.593750 0.066618
vt 0.718750 0.051667
vt 0.593750 0.051667
vt 0.718750 0.072974
vt 0.593750 0.072974
vt 0.718750 0.066618
vt 0.593750 0.066618
vt 0.718750 0.025000
vt 0.593750 0.025000
vt 0.718750 0.025000
vt 0.593750 0.025000
vt 0.718750 0.025000
vt 0.593750 0.025000
vt 0.718750 0.025000
vt 0.593750 0.025000
vt 0.718750 0.025000
vt 0.593750 0.025000
vt 0.718750 0.025000
vt 0.593750 0.025000
vt 0.718750 0.025000
vt 0.718750 0.025000
vt 0.593750 0.025000
vt 0.718750 0.025000
vt 0.718750 0.025000
vt 0.593750 0.025000
vt 0.718750 0.025000
vt 0.593750 0.025000
vt 0.718750 0.025000
vt 0.718750 0.038333
vt 0.593750 0.038333
vt 0.718750 0.038333
vt 0.593750 0.038333
vt 0.718750 0.038333
vt 0.593750 0.038333
vt 0.718750 0.048686
vt 0.593750 0.048686
vt 0.718750 0.058333
vt 0.593750 0.058333
vt 0.718750 0.066618
vt 0.593750 0.066618
vt 0.718750 0.072974
vt 0.593750 0.072974
vt 0.718750 0.076970
vt 0.593750 0.076970
vt 0.718750 0.078333
vt 0.593750 0.078333
vt 0.718750 0.076970
vt 0.593750 0.076970
vt 0.718750 0.072974
vt 0.593750 0.072974
vt 0.718750 0.066618
vt 0.593750 0.066618
vt 0.718750 0.058333
vt 0.593750 0.058333
vt 0.718750 0.048686
vt 0.593750 0.048686
vt 0.718750 0.038333
vt 0.593750 0.038333
vt 0.718750 0.038333
vt 0.718750 0.051667
vt 0.718750 0.038333
vt 0.718750 0.051667
vt 0.718750 0.038333
vt 0.593750 0.038333
vt 0.718750 0.051792
vt 0.718750 0.064333
vt 0.718750 0.075103
vt 0.718750 0.048686
vt 0.593750 0.048686
vt 0.718750 0.058333
vt 0.593750 0.058333
vt 0.718750 0.083367
vt 0.718750 0.066618
vt 0.593750 0.066618
vt 0.718750 0.072974
vt 0.593750 0.072974
vt 0.718750 0.088561
vt 0.718750 0.076970
vt 0.593750 0.076970
vt 0.718750 0.090333
vt 0.718750 0.078333
vt 0.593750 0.078333
vt 0.718750 0.088561
vt 0.718750 0.076970
vt 0.593750 0.076970
vt 0.718750 0.072974
vt 0.593750 0.072974
vt 0.718750 0.083367
vt 0.718750 0.066618
vt 0.593750 0.066618
vt 0.718750 0.075103
vt 0.718750 0.058333
vt 0.593750 0.058333
vt 0.718750 0.048686
vt 0.593750 0.048686
vt 0.718750 0.064333
vt 0.718750 0.038333
vt 0.593750 0.038333
vt 0.718750 0.038333
vt 0.718750 0.051792
vt 0.718750 0.038333
vt 0.718750 0.038333
vt 0.593750 0.038333
vt 0.718750 0.048686
vt 0.593750 0.048686
vt 0.718750 0.058333
vt 0.593750 0.058333
vt 0.718750 0.066618
vt 0.593750 0.066618
vt 0.718750 0.072974
vt 0.593750 0.072974
vt 0.718750 0.076970
vt 0.593750 0.076970
vt 0.718750 0.078333
vt 0.593750 0.078333
vt 0.718750 0.076970
vt 0.593750 0.076970
vt 0.718750 0.072974
vt 0.593750 0.072974
vt 0.718750 0.066618
vt 0.593750 0.066618
vt 0.718750 0.058333
vt 0.593750 0.058333
vt 0.718750 0.048686
vt 0.593750 0.048686
vt 0.718750 0.038333
vt 0.593750 0.038333
vt 0.718750 0.038333
vt 0.718750 0.051667
vt 0.718750 0.038333
vt 0.718750 0.038333
vt 0.593750 0.038333
vt 0.718750 0.038333
vt 0.718750 0.038333
vt 0.718750 0.038333
vt 0.718750 0.038333
vt 0.593750 0.038333
vt 0.718750 0.038333
vt 0.718750 0.038333
vt 0.718750 0.038333
vt 0.718750 0.038333
vt 0.718750 0.038333
vt 0.718750 0.038333
vt 0.718750 0.051667
vt 0.718750 0.051667
vt 0.718750 0.038333
vt 0.718750 0.051667
vt 0.718750 0.051667
vt 0.718750 0.038333
vt 0.718750 0.211667
vt 0.718750 0.211667
vt 0.718750 0.225000
vt 0.718750 0.225000
vt 0.718750 0.225000
vt 0.718750 0.225000
vt 0.718750 0.225000
vt 0.718750 0.225000
vt 0.718750 0.211667
vt 0.718750 0.211667
vt 0.718750 0.118333
vt 0.093750 0.118333
vt 0.718750 0.151667
vt 0.093750 0.151667
vt 0.718750 0.118333
vt 0.093750 0.118333
vt 0.718750 0.118333
vt 0.093750 0.118333
vt 0.718750 0.118333
vt 0.093750 0.118333
vt 0.718750 0.151667
vt 0.093750 0.151667
vt 0.718750 0.151667
vt 0.093750 0.151667
vt 0.718750 0.158333
vt 0.093750 0.158333
vt 0.718750 0.158333
vt 0.093750 0.158333
vt 0.718750 0.158333
vt 0.093750 0.158333
vt 0.718750 0.158333
vt 0.093750 0.158333
vt 0.718750 0.151667
vt 0.093750 0.151667
vt 0.718750 0.025000
vt 0.093750 0.275000
vt 0.718750 0.082143
vt 0.093750 0.332143
vt 0.718750 0.025000
vt 0.718750 0.082143
vt 0.718750 0.025000
vt 0.093750 0.275000
vt 0.718750 0.025000
vt 0.718750 0.082143
vt 0.093750 0.332143
vt 0.718750 0.082143
vt 0.718750 0.225000
vt 0.093750 0.475000
vt 0.718750 0.225000
vt 0.718750 0.167857
vt 0.093750 0.417857
vt 0.718750 0.167857
vt 0.718750 0.167857
vt 0.718750 0.225000
vt 0.718750 0.225000
vt 0.093750 0.475000
vt 0.718750 0.167857
vt 0.093750 0.417857
vt 0.718750 0.025000
vt 0.093750 0.275000
vt 0.718750 0.082143
vt 0.093750 0.332143
vt 0.718750 0.025000
vt 0.718750 0.082143
vt 0.718750 0.025000
vt 0.093750 0.275000
vt 0.718750 0.025000
vt 0.718750 0.082143
vt 0.093750 0.332143
vt 0.718750 0.082143
vt 0.718750 0.225000
vt 0.093750 0.475000
vt 0.718750 0.225000
vt 0.718750 0.167857
vt 0.093750 0.417857
vt 0.718750 0.167857
vt 0.718750 0.167857
vt 0.718750 0.225000
vt 0.718750 0.225000
vt 0.093750 0.475000
vt 0.718750 0.167857
vt 0.093750 0.417857
vt 0.593750 0.072974
vt 0.593750 0.076970
vt 0.593750 0.038333
vt 0.593750 0.048686
vt 0.593750 0.058333
vt 0.593750 0.048686
vt 0.593750 0.038333
vt 0.593750 0.066618
vt 0.593750 0.078333
vt 0.593750 0.058333
vt 0.593750 0.076970
vt 0.593750 0.072974
vt 0.593750 0.048686
vt 0.593750 0.066618
vt 0.593750 0.038333
vt 0.593750 0.078333
vt 0.593750 0.076970
vt 0.593750 0.048686
vt 0.593750 0.048686
vt 0.593750 0.058333
vt 0.593750 0.066618
vt 0.593750 0.072974
vt 0.593750 0.076970
vt 0.593750 0.072974
vt 0.593750 0.066618
vt 0.593750 0.058333
vt 0.593750 0.038333
vt 0.593750 0.048686
vt 0.593750 0.048686
vt 0.593750 0.048686
vt 0.093750 0.025000
vt 0.093750 0.074122
vt 0.093750 0.025000
vt 0.093750 0.222441
vt 0.093750 0.074122
vt 0.093750 0.222441
vt 0.093750 0.025000
vt 0.093750 0.172365
vt 0.093750 0.074122
vt 0.093750 0.025000
vt 0.093750 0.222441
vt 0.093750 0.172365
vt 0.093750 0.222441
vt 0.093750 0.074122
vt 0.093750 0.025000
vt 0.093750 0.074122
vt 0.093750 0.025000
vt 0.093750 0.074122
vt 0.093750 0.025000
vt 0.093750 0.025000
vt 0.093750 0.025000
vt 0.093750 0.025000
vt 0.093750 0.225000
vt 0.093750 0.225000
vt 0.218750 0.025000
vt 0.218750 0.025000
vt 0.218750 0.111153
vt 0.218750 0.111153
vt 0.218750 0.025000
vt 0.218750 0.025000
vt 0.218750 0.111153
vt 0.218750 0.111153
vt 0.218750 0.225000
vt 0.218750 0.225000
vt 0.218750 0.025000
vt 0.218750 0.225000
vt 0.218750 0.225000
vt 0.218750 0.025000
vt 0.468750 0.025000
vt 0.468750 0.025000
vt 0.468750 0.225000
vt 0.468750 0.225000
vt 0.468750 0.025000
vt 0.468750 0.025000
vt 0.468750 0.225000
vt 0.468750 0.225000
vt 0.468750 0.225000
vt 0.468750 0.225000
vt 0.468750 0.225000
vt 0.468750 0.225000
vt 0.468750 0.025000
vt 0.468750 0.025000
vt 0.468750 0.025000
vt 0.468750 0.025000
vt 0.468750 0.025000
vt 0.468750 0.225000
vt 0.468750 0.025000
vt 0.468750 0.225000
vt 0.468750 0.025000
vt 0.468750 0.225000
vt 0.468750 0.225000
vt 0.468750 0.225000
vt 0.468750 0.225000
vt 0.468750 0.225000
vt 0.468750 0.025000
vt 0.468750 0.025000
vt 0.468750 0.225000
vt 0.468750 0.025000
vt 0.468750 0.025000
vt 0.468750 0.225000
vt 0.468750 0.025000
vt 0.468750 0.225000
vt 0.468750 0.025000
vt 0.468750 0.225000
vt 0.468750 0.025000
vt 0.468750 0.225000
vt 0.468750 0.225000
vt 0.468750 0.225000
vt 0.468750 0.025000
vt 0.468750 0.225000
vt 0.468750 0.025000
vt 0.468750 0.225000
vt 0.093750 0.475000
vt 0.093750 0.475000
vt 0.718750 0.225000
vt 0.093750 0.475000
vt 0.093750 0.475000
vt 0.718750 0.225000
vt 0.093750 0.275000
vt 0.093750 0.275000
vt 0.718750 0.025000
vt 0.093750 0.275000
vt 0.718750 0.025000
vt 0.093750 0.275000
vt 0.093750 0.347727
vt 0.093750 0.293182
vt 0.093750 0.456818
vt 0.093750 0.293182
vt 0.093750 0.456818
vt 0.093750 0.347727
vt 0.093750 0.525000
vt 0.093750 0.525000
vt 0.093750 0.725000
vt 0.093750 0.025000
vt 0.093750 0.725000
vt 0.093750 0.025000
vt 0.093750 0.225000
vt 0.093750 0.225000
vt 0.093750 0.475000
vt 0.093750 0.475000
vt 0.718750 0.225000
vt 0.093750 0.275000
vt 0.093750 0.275000
vt 0.718750 0.025000
vt 0.093750 0.347727
vt 0.093750 0.293182
vt 0.093750 0.456818
vt 0.093750 0.293182
vt 0.093750 0.456818
vt 0.093750 0.347727
vt 0.093750 0.525000
vt 0.093750 0.525000
vt 0.093750 0.725000
vt 0.093750 0.025000
vt 0.093750 0.725000
vt 0.093750 0.025000
vt 0.093750 0.225000
vt 0.093750 0.225000
vt 0.718750 0.033004
vt 0.718750 0.040463
vt 0.718750 0.035395
vt 0.968750 0.035395
vt 0.718750 0.045081
vt 0.968750 0.045081
vt 0.718750 0.025000
vt 0.968750 0.025000
vt 0.718750 0.025000
vt 0.718750 0.025000
vt 0.968750 0.025000
vt 0.718750 0.025000
vt 0.718750 0.025000
vt 0.968750 0.025000
vt 0.718750 0.025000
vt 0.968750 0.025000
vt 0.718750 0.025000
vt 0.718750 0.025000
vt 0.718750 0.033004
vt 0.718750 0.025000
vt 0.718750 0.040463
vt 0.718750 0.025000
vt 0.718750 0.046868
vt 0.718750 0.025000
vt 0.718750 0.051782
vt 0.718750 0.054872
vt 0.718750 0.025000
vt 0.718750 0.055925
vt 0.718750 0.054872
vt 0.718750 0.025000
vt 0.718750 0.051782
vt 0.718750 0.025000
vt 0.718750 0.046868
vt 0.718750 0.025000
vt 0.718750 0.025000
vt 0.718750 0.025000
vt 0.718750 0.025000
vt 0.968750 0.025000
vt 0.718750 0.025000
vt 0.968750 0.025000
vt 0.718750 0.065163
vt 0.968750 0.065163
vt 0.718750 0.063794
vt 0.968750 0.063794
vt 0.718750 0.035395
vt 0.968750 0.035395
vt 0.718750 0.045081
vt 0.968750 0.045081
vt 0.718750 0.025000
vt 0.968750 0.025000
vt 0.718750 0.025000
vt 0.968750 0.025000
vt 0.718750 0.025000
vt 0.968750 0.025000
vt 0.718750 0.059782
vt 0.968750 0.059782
vt 0.718750 0.053400
vt 0.968750 0.053400
vt 0.718750 0.025000
vt 0.968750 0.025000
vt 0.718750 0.063794
vt 0.968750 0.063794
vt 0.718750 0.059782
vt 0.968750 0.059782
vt 0.718750 0.025000
vt 0.968750 0.025000
vt 0.718750 0.025000
vt 0.968750 0.025000
vt 0.718750 0.025000
vt 0.968750 0.025000
vt 0.718750 0.053400
vt 0.968750 0.053400
vt 0.593750 0.025000
vt 0.593750 0.025000
vt 0.593750 0.025000
vt 0.593750 0.025000
vt 0.593750 0.068999
vt 0.593750 0.076764
vt 0.593750 0.110000
vt 0.593750 0.125000
vt 0.593750 0.225000
vt 0.593750 0.218185
vt 0.593750 0.225000
vt 0.593750 0.218185
vt 0.593750 0.110000
vt 0.593750 0.145208
vt 0.593750 0.125000
vt 0.593750 0.166421
vt 0.593750 0.076764
vt 0.593750 0.076764
vt 0.593750 0.125000
vt 0.593750 0.198205
vt 0.593750 0.189207
vt 0.593750 0.172224
vt 0.593750 0.025000
vt 0.593750 0.025000
vt 0.593750 0.025000
vt 0.593750 0.025000
vt 0.593750 0.166421
vt 0.593750 0.025000
vt 0.593750 0.025000
vt 0.593750 0.025000
vt 0.593750 0.025000
vt 0.593750 0.198205
vt 0.593750 0.025000
vt 0.593750 0.025000
vt 0.593750 0.198205
vt 0.593750 0.218185
vt 0.593750 0.198205
vt 0.593750 0.218185
vt 0.593750 0.025000
vt 0.593750 0.025000
vt 0.593750 0.025000
vt 0.593750 0.025000
vt 0.593750 0.025000
vt 0.593750 0.025000
vt 0.593750 0.025000
vt 0.593750 0.025000
vt 0.593750 0.025000
vt 0.593750 0.025000
vt 0.593750 0.025000
vt 0.593750 0.025000
vt 0.593750 0.145208
vt 0.593750 0.025000
vt 0.593750 0.025000
vt 0.593750 0.172224
vt 0.593750 0.025000
vt 0.593750 0.025000
vt 0.593750 0.025000
vt 0.593750 0.051629
vt 0.593750 0.076443
vt 0.593750 0.097751
vt 0.593750 0.025000
vt 0.593750 0.025000
vt 0.593750 0.025000
vt 0.593750 0.025000
vt 0.593750 0.025000
vt 0.593750 0.189207
vt 0.593750 0.114101
vt 0.593750 0.124380
vt 0.593750 0.025000
vt 0.593750 0.025000
vt 0.593750 0.195000
vt 0.593750 0.127885
vt 0.593750 0.124380
vt 0.593750 0.114101
vt 0.593750 0.025000
vt 0.593750 0.025000
vt 0.593750 0.097751
vt 0.593750 0.076443
vt 0.593750 0.025000
vt 0.593750 0.051629
vt 0.593750 0.025000
vt 0.593750 0.068999
vt 0.593750 0.025000
vt 0.593750 0.025000
vt 0.593750 0.025000
vt 0.593750 0.025000
vt 0.593750 0.025000
vt 0.593750 0.166421
vt 0.593750 0.025000
vt 0.593750 0.025000
vt 0.593750 0.025000
vt 0.593750 0.025000
vt 0.593750 0.025000
vt 0.593750 0.125000
vt 0.593750 0.166421
vt 0.593750 0.025000
vt 0.593750 0.025000
vt 0.593750 0.068999
vt 0.593750 0.025000
vt 0.593750 0.110000
vt 0.593750 0.145208
vt 0.593750 0.025000
vt 0.593750 0.172224
vt 0.593750 0.025000
vt 0.593750 0.189207
vt 0.593750 0.195000
vt 0.593750 0.189207
vt 0.593750 0.025000
vt 0.593750 0.172224
vt 0.593750 0.025000
vt 0.593750 0.145208
vt 0.593750 0.025000
vt 0.593750 0.110000
vt 0.593750 0.025000
vt 0.593750 0.068999
vt 0.593750 0.025000
vt 0.593750 0.025000
vt 0.593750 0.076764
vt 0.593750 0.025000
vt 0.593750 0.025000
vt 0.968750 0.025000
vt 0.968750 0.042008
vt 0.968750 0.025000
vt 0.968750 0.025000
vt 0.968750 0.057858
vt 0.968750 0.025000
vt 0.968750 0.071468
vt 0.968750 0.025000
vt 0.968750 0.081911
vt 0.968750 0.025000
vt 0.968750 0.088476
vt 0.968750 0.025000
vt 0.968750 0.025000
vt 0.968750 0.090715
vt 0.968750 0.088476
vt 0.968750 0.025000
vt 0.968750 0.081911
vt 0.968750 0.025000
vt 0.968750 0.071468
vt 0.968750 0.025000
vt 0.968750 0.057858
vt 0.968750 0.025000
vt 0.968750 0.042008
vt 0.968750 0.025000
vt 0.968750 0.056699
vt 0.968750 0.063304
vt 0.968750 0.063763
vt 0.968750 0.069685
vt 0.968750 0.075000
vt 0.968750 0.079835
vt 0.968750 0.186237
vt 0.968750 0.193301
vt 0.968750 0.180315
vt 0.968750 0.186696
vt 0.968750 0.193301
vt 0.968750 0.186696
vt 0.968750 0.195711
vt 0.968750 0.188872
vt 0.968750 0.089645
vt 0.968750 0.106699
vt 0.968750 0.093064
vt 0.968750 0.108469
vt 0.968750 0.089645
vt 0.968750 0.093064
vt 0.968750 0.156936
vt 0.968750 0.160355
vt 0.968750 0.170165
vt 0.968750 0.175000
vt 0.968750 0.106699
vt 0.968750 0.108469
vt 0.968750 0.125000
vt 0.968750 0.125000
vt 0.968750 0.056699
vt 0.968750 0.063763
vt 0.968750 0.063304
vt 0.968750 0.069685
vt 0.968750 0.141531
vt 0.968750 0.143301
vt 0.968750 0.156936
vt 0.968750 0.160355
vt 0.968750 0.170165
vt 0.968750 0.175000
vt 0.968750 0.125000
vt 0.968750 0.143301
vt 0.968750 0.125000
vt 0.968750 0.141531
vt 0.968750 0.054289
vt 0.968750 0.061128
vt 0.968750 0.075000
vt 0.968750 0.079835
vt 0.968750 0.125000
vt 0.968750 0.150882
vt 0.968750 0.099118
vt 0.968750 0.075000
vt 0.968750 0.175000
vt 0.968750 0.054289
vt 0.968750 0.195711
vt 0.968750 0.038397
vt 0.968750 0.211602
vt 0.968750 0.028407
vt 0.968750 0.025000
vt 0.968750 0.221593
vt 0.968750 0.225000
vt 0.968750 0.028407
vt 0.968750 0.221593
vt 0.968750 0.186237
vt 0.968750 0.038397
vt 0.968750 0.211602
vt 0.968750 0.054289
vt 0.968750 0.195711
vt 0.968750 0.075000
vt 0.968750 0.175000
vt 0.968750 0.099118
vt 0.968750 0.150882
vt 0.968750 0.125000
vt 0.968750 0.180315
vt 0.718750 0.033004
vt 0.718750 0.040463
vt 0.718750 0.035395
vt 0.968750 0.035395
vt 0.718750 0.045081
vt 0.968750 0.045081
vt 0.718750 0.025000
vt 0.968750 0.025000
vt 0.718750 0.025000
vt 0.718750 0.025000
vt 0.968750 0.025000
vt 0.718750 0.025000
vt 0.718750 0.025000
vt 0.968750 0.025000
vt 0.718750 0.025000
vt 0.968750 0.025000
vt 0.718750 0.025000
vt 0.718750 0.025000
vt 0.718750 0.033004
vt 0.718750 0.025000
vt 0.718750 0.040463
vt 0.718750 0.025000
vt 0.718750 0.046868
vt 0.718750 0.025000
vt 0.718750 0.051782
vt 0.718750 0.054872
vt 0.718750 0.025000
vt 0.718750 0.055925
vt 0.718750 0.054872
vt 0.718750 0.025000
vt 0.718750 0.051782
vt 0.718750 0.025000
vt 0.718750 0.046868
vt 0.718750 0.025000
vt 0.718750 0.025000
vt 0.718750 0.025000
vt 0.718750 0.025000
vt 0.968750 0.025000
vt 0.718750 0.025000
vt 0.968750 0.025000
vt 0.718750 0.065163
vt 0.968750 0.065163
vt 0.718750 0.063794
vt 0.968750 0.063794
vt 0.718750 0.035395
vt 0.968750 0.035395
vt 0.718750 0.045081
vt 0.968750 0.045081
vt 0.718750 0.025000
vt 0.968750 0.025000
vt 0.718750 0.025000
vt 0.968750 0.025000
vt 0.718750 0.025000
vt 0.968750 0.025000
vt 0.718750 0.059782
vt 0.968750 0.059782
vt 0.718750 0.053400
vt 0.968750 0.053400
vt 0.718750 0.025000
vt 0.968750 0.025000
vt 0.718750 0.063794
vt 0.968750 0.063794
vt 0.718750 0.059782
vt 0.968750 0.059782
vt 0.718750 0.025000
vt 0.968750 0.025000
vt 0.718750 0.025000
vt 0.968750 0.025000
vt 0.718750 0.025000
vt 0.968750 0.025000
vt 0.718750 0.053400
vt 0.968750 0.053400
vt 0.593750 0.025000
vt 0.593750 0.025000
vt 0.593750 0.025000
vt 0.593750 0.025000
vt 0.593750 0.068999
vt 0.593750 0.076764
vt 0.593750 0.110000
vt 0.593750 0.125000
vt 0.593750 0.225000
vt 0.593750 0.218185
vt 0.593750 0.225000
vt 0.593750 0.218185
vt 0.593750 0.110000
vt 0.593750 0.145208
vt 0.593750 0.125000
vt 0.593750 0.166421
vt 0.593750 0.076764
vt 0.593750 0.076764
vt 0.593750 0.125000
vt 0.593750 0.198205
vt 0.593750 0.189207
vt 0.593750 0.172224
vt 0.593750 0.025000
vt 0.593750 0.025000
vt 0.593750 0.025000
vt 0.593750 0.025000
vt 0.593750 0.166421
vt 0.593750 0.025000
vt 0.593750 0.025000
vt 0.593750 0.025000
vt 0.593750 0.025000
vt 0.593750 0.198205
vt 0.593750 0.025000
vt 0.593750 0.025000
vt 0.593750 0.198205
vt 0.593750 0.218185
vt 0.593750 0.198205
vt 0.593750 0.218185
vt 0.593750 0.025000
vt 0.593750 0.025000
vt 0.593750 0.025000
vt 0.593750 0.025000
vt 0.593750 0.025000
vt 0.593750 0.025000
vt 0.593750 0.025000
vt 0.593750 0.025000
vt 0.593750 0.025000
vt 0.593750 0.025000
vt 0.593750 0.025000
vt 0.593750 0.025000
vt 0.593750 0.145208
vt 0.593750 0.025000
vt 0.593750 0.025000
vt 0.593750 0.172224
vt 0.593750 0.025000
vt 0.593750 0.025000
vt 0.593750 0.025000
vt 0.593750 0.051629
vt 0.593750 0.076443
vt 0.593750 0.097751
vt 0.593750 0.025000
vt 0.593750 0.025000
vt 0.593750 0.025000
vt 0.593750 0.025000
vt 0.593750 0.025000
vt 0.593750 0.189207
vt 0.593750 0.114101
vt 0.593750 0.124380
vt 0.593750 0.025000
vt 0.593750 0.025000
vt 0.593750 0.195000
vt 0.593750 0.127885
vt 0.593750 0.124380
vt 0.593750 0.114101
vt 0.593750 0.025000
vt 0.593750 0.025000
vt 0.593750 0.097751
vt 0.593750 0.076443
vt 0.593750 0.025000
vt 0.593750 0.051629
vt 0.593750 0.025000
vt 0.593750 0.068999
vt 0.593750 0.025000
vt 0.593750 0.025000
vt 0.593750 0.025000
vt 0.593750 0.025000
vt 0.593750 0.025000
vt 0.593750 0.166421
vt 0.593750 0.025000
vt 0.593750 0.025000
vt 0.593750 0.025000
vt 0.593750 0.025000
vt 0.593750 0.025000
vt 0.593750 0.125000
vt 0.593750 0.166421
vt 0.593750 0.025000
vt 0.593750 0.025000
vt 0.593750 0.068999
vt 0.593750 0.025000
vt 0.593750 0.110000
vt 0.593750 0.145208
vt 0.593750 0.025000
vt 0.593750 0.172224
vt 0.593750 0.025000
vt 0.593750 0.189207
vt 0.593750 0.195000
vt 0.593750 0.189207
vt 0.593750 0.025000
vt 0.593750 0.172224
vt 0.593750 0.025000
vt 0.593750 0.145208
vt 0.593750 0.025000
vt 0.593750 0.110000
vt 0.593750 0.025000
vt 0.593750 0.068999
vt 0.593750 0.025000
vt 0.593750 0.025000
vt 0.593750 0.076764
vt 0.593750 0.025000
vt 0.593750 0.025000
vt 0.968750 0.025000
vt 0.968750 0.042008
vt 0.968750 0.025000
vt 0.968750 0.025000
vt 0.968750 0.057858
vt 0.968750 0.025000
vt 0.968750 0.071468
vt 0.968750 0.025000
vt 0.968750 0.081911
vt 0.968750 0.025000
vt 0.968750 0.088476
vt 0.968750 0.025000
vt 0.968750 0.025000
vt 0.968750 0.090715
vt 0.968750 0.088476
vt 0.968750 0.025000
vt 0.968750 0.081911
vt 0.968750 0.025000
vt 0.968750 0.071468
vt 0.968750 0.025000
vt 0.968750 0.057858
vt 0.968750 0.025000
vt 0.968750 0.042008
vt 0.968750 0.025000
vt 0.968750 0.056699
vt 0.968750 0.063304
vt 0.968750 0.063763
vt 0.968750 0.069685
vt 0.968750 0.075000
vt 0.968750 0.079835
vt 0.968750 0.186237
vt 0.968750 0.193301
vt 0.968750 0.180315
vt 0.968750 0.186696
vt 0.968750 0.193301
vt 0.968750 0.186696
vt 0.968750 0.195711
vt 0.968750 0.188872
vt 0.968750 0.089645
vt 0.968750 0.106699
vt 0.968750 0.093064
vt 0.968750 0.108469
vt 0.968750 0.089645
vt 0.968750 0.093064
vt 0.968750 0.156936
vt 0.968750 0.160355
vt 0.968750 0.170165
vt 0.968750 0.175000
vt 0.968750 0.106699
vt 0.968750 0.108469
vt 0.968750 0.125000
vt 0.968750 0.125000
vt 0.968750 0.056699
vt 0.968750 0.063763
vt 0.968750 0.063304
vt 0.968750 0.069685
vt 0.968750 0.141531
vt 0.968750 0.143301
vt 0.968750 0.156936
vt 0.968750 0.160355
vt 0.968750 0.170165
vt 0.968750 0.175000
vt 0.968750 0.125000
vt 0.968750 0.143301
vt 0.968750 0.125000
vt 0.968750 0.141531
vt 0.968750 0.054289
vt 0.968750 0.061128
vt 0.968750 0.075000
vt 0.968750 0.079835
vt 0.968750 0.125000
vt 0.968750 0.150882
vt 0.968750 0.099118
vt 0.968750 0.075000
vt 0.968750 0.175000
vt 0.968750 0.054289
vt 0.968750 0.195711
vt 0.968750 0.038397
vt 0.968750 0.211602
vt 0.968750 0.028407
vt 0.968750 0.025000
vt 0.968750 0.221593
vt 0.968750 0.225000
vt 0.968750 0.028407
vt 0.968750 0.221593
vt 0.968750 0.186237
vt 0.968750 0.038397
vt 0.968750 0.211602
vt 0.968750 0.054289
vt 0.968750 0.195711
vt 0.968750 0.075000
vt 0.968750 0.175000
vt 0.968750 0.099118
vt 0.968750 0.150882
vt 0.968750 0.125000
vt 0.968750 0.180315
vt 0.718750 0.033004
vt 0.718750 0.040463
vt 0.718750 0.035395
vt 0.968750 0.035395
vt 0.718750 0.045081
vt 0.968750 0.045081
vt 0.718750 0.025000
vt 0.968750 0.025000
vt 0.718750 0.025000
vt 0.718750 0.025000
vt 0.968750 0.025000
vt 0.718750 0.025000
vt 0.718750 0.025000
vt 0.968750 0.025000
vt 0.718750 0.025000
vt 0.968750 0.025000
vt 0.718750 0.025000
vt 0.718750 0.025000
vt 0.718750 0.033004
vt 0.718750 0.025000
vt 0.718750 0.040463
vt 0.718750 0.025000
vt 0.718750 0.046868
vt 0.718750 0.025000
vt 0.718750 0.051782
vt 0.718750 0.054872
vt 0.718750 0.025000
vt 0.718750 0.055925
vt 0.718750 0.054872
vt 0.718750 0.025000
vt 0.718750 0.051782
vt 0.718750 0.025000
vt 0.718750 0.046868
vt 0.718750 0.025000
vt 0.718750 0.025000
vt 0.718750 0.025000
vt 0.718750 0.025000
vt 0.968750 0.025000
vt 0.718750 0.025000
vt 0.968750 0.025000
vt 0.718750 0.065163
vt 0.968750 0.065163
vt 0.718750 0.063794
vt 0.968750 0.063794
vt 0.718750 0.035395
vt 0.968750 0.035395
vt 0.718750 0.045081
vt 0.968750 0.045081
vt 0.718750 0.025000
vt 0.968750 0.025000
vt 0.718750 0.025000
vt 0.968750 0.025000
vt 0.718750 0.025000
vt 0.968750 0.025000
vt 0.718750 0.059782
vt 0.968750 0.059782
vt 0.718750 0.053400
vt 0.968750 0.053400
vt 0.718750 0.025000
vt 0.968750 0.025000
vt 0.718750 0.063794
vt 0.968750 0.063794
vt 0.718750 0.059782
vt 0.968750 0.059782
vt 0.718750 0.025000
vt 0.968750 0.025000
vt 0.718750 0.025000
vt 0.968750 0.025000
vt 0.718750 0.025000
vt 0.968750 0.025000
vt 0.718750 0.053400
vt 0.968750 0.053400
vt 0.593750 0.025000
vt 0.593750 0.025000
vt 0.593750 0.025000
vt 0.593750 0.025000
vt 0.593750 0.068999
vt 0.593750 0.076764
vt 0.593750 0.110000
vt 0.593750 0.125000
vt 0.593750 0.225000
vt 0.593750 0.218185
vt 0.593750 0.225000
vt 0.593750 0.218185
vt 0.593750 0.110000
vt 0.593750 0.145208
vt 0.593750 0.125000
vt 0.593750 0.166421
vt 0.593750 0.076764
vt 0.593750 0.076764
vt 0.593750 0.125000
vt 0.593750 0.198205
vt 0.593750 0.189207
vt 0.593750 0.172224
vt 0.593750 0.025000
vt 0.593750 0.025000
vt 0.593750 0.025000
vt 0.593750 0.025000
vt 0.593750 0.166421
vt 0.593750 0.025000
vt 0.593750 0.025000
vt 0.593750 0.025000
vt 0.593750 0.025000
vt 0.593750 0.198205
vt 0.593750 0.025000
vt 0.593750 0.025000
vt 0.593750 0.198205
vt 0.593750 0.218185
vt 0.593750 0.198205
vt 0.593750 0.218185
vt 0.593750 0.025000
vt 0.593750 0.025000
vt 0.593750 0.025000
vt 0.593750 0.025000
vt 0.593750 0.025000
vt 0.593750 0.025000
vt 0.593750 0.025000
vt 0.593750 0.025000
vt 0.593750 0.025000
vt 0.593750 0.025000
vt 0.593750 0.025000
vt 0.593750 0.025000
vt 0.593750 0.145208
vt 0.593750 0.025000
vt 0.593750 0.025000
vt 0.593750 0.172224
vt 0.593750 0.025000
vt 0.593750 0.025000
vt 0.593750 0.025000
vt 0.593750 0.051629
vt 0.593750 0.076443
vt 0.593750 0.097751
vt 0.593750 0.025000
vt 0.593750 0.025000
vt 0.593750 0.025000
vt 0.593750 0.025000
vt 0.593750 0.025000
vt 0.593750 0.189207
vt 0.593750 0.114101
vt 0.593750 0.124380
vt 0.593750 0.025000
vt 0.593750 0.025000
vt 0.593750 0.195000
vt 0.593750 0.127885
vt 0.593750 0.124380
vt 0.593750 0.114101
vt 0.593750 0.025000
vt 0.593750 0.025000
vt 0.593750 0.097751
vt 0.593750 0.076443
vt 0.593750 0.025000
vt 0.593750 0.051629
vt 0.593750 0.025000
vt 0.593750 0.068999
vt 0.593750 0.025000
vt 0.593750 0.025000
vt 0.593750 0.025000
vt 0.593750 0.025000
vt 0.593750 0.025000
vt 0.593750 0.166421
vt 0.593750 0.025000
vt 0.593750 0.025000
vt 0.593750 0.025000
vt 0.593750 0.025000
vt 0.593750 0.025000
vt 0.593750 0.125000
vt 0.593750 0.166421
vt 0.593750 0.025000
vt 0.593750 0.025000
vt 0.593750 0.068999
vt 0.593750 0.025000
vt 0.593750 0.110000
vt 0.593750 0.145208
vt 0.593750 0.025000
vt 0.593750 0.172224
vt 0.593750 0.025000
vt 0.593750 0.189207
vt 0.593750 0.195000
vt 0.593750 0.189207
vt 0.593750 0.025000
vt 0.593750 0.172224
vt 0.593750 0.025000
vt 0.593750 0.145208
vt 0.593750 0.025000
vt 0.593750 0.110000
vt 0.593750 0.025000
vt 0.593750 0.068999
vt 0.593750 0.025000
vt 0.593750 0.025000
vt 0.593750 0.076764
vt 0.593750 0.025000
vt 0.593750 0.025000
vt 0.968750 0.025000
vt 0.968750 0.042008
vt 0.968750 0.025000
vt 0.968750 0.025000
vt 0.968750 0.057858
vt 0.968750 0.025000
vt 0.968750 0.071468
vt 0.968750 0.025000
vt 0.968750 0.081911
vt 0.968750 0.025000
vt 0.968750 0.088476
vt 0.968750 0.025000
vt 0.968750 0.025000
vt 0.968750 0.090715
vt 0.968750 0.088476
vt 0.968750 0.025000
vt 0.968750 0.081911
vt 0.968750 0.025000
vt 0.968750 0.071468
vt 0.968750 0.025000
vt 0.968750 0.057858
vt 0.968750 0.025000
vt 0.968750 0.042008
vt 0.968750 0.025000
vt 0.968750 0.056699
vt 0.968750 0.063304
vt 0.968750 0.063763
vt 0.968750 0.069685
vt 0.968750 0.075000
vt 0.968750 0.079835
vt 0.968750 0.186237
vt 0.968750 0.193301
vt 0.968750 0.180315
vt 0.968750 0.186696
vt 0.968750 0.193301
vt 0.968750 0.186696
vt 0.968750 0.195711
vt 0.968750 0.188872
vt 0.968750 0.089645
vt 0.968750 0.106699
vt 0.968750 0.093064
vt 0.968750 0.108469
vt 0.968750 0.089645
vt 0.968750 0.093064
vt 0.968750 0.156936
vt 0.968750 0.160355
vt 0.968750 0.170165
vt 0.968750 0.175000
vt 0.968750 0.106699
vt 0.968750 0.108469
vt 0.968750 0.125000
vt 0.968750 0.125000
vt 0.968750 0.056699
vt 0.968750 0.063763
vt 0.968750 0.063304
vt 0.968750 0.069685
vt 0.968750 0.141531
vt 0.968750 0.143301
vt 0.968750 0.156936
vt 0.968750 0.160355
vt 0.968750 0.170165
vt 0.968750 0.175000
vt 0.968750 0.125000
vt 0.968750 0.143301
vt 0.968750 0.125000
vt 0.968750 0.141531
vt 0.968750 0.054289
vt 0.968750 0.061128
vt 0.968750 0.075000
vt 0.968750 0.079835
vt 0.968750 0.125000
vt 0.968750 0.150882
vt 0.968750 0.099118
vt 0.968750 0.075000
vt 0.968750 0.175000
vt 0.968750 0.054289
vt 0.968750 0.195711
vt 0.968750 0.038397
vt 0.968750 0.211602
vt 0.968750 0.028407
vt 0.968750 0.025000
vt 0.968750 0.221593
vt 0.968750 0.225000
vt 0.968750 0.028407
vt 0.968750 0.221593
vt 0.968750 0.186237
vt 0.968750 0.038397
vt 0.968750 0.211602
vt 0.968750 0.054289
vt 0.968750 0.195711
vt 0.968750 0.075000
vt 0.968750 0.175000
vt 0.968750 0.099118
vt 0.968750 0.150882
vt 0.968750 0.125000
vt 0.968750 0.180315
vt 0.718750 0.033004
vt 0.718750 0.040463
vt 0.718750 0.035395
vt 0.968750 0.035395
vt 0.718750 0.045081
vt 0.968750 0.045081
vt 0.718750 0.025000
vt 0.968750 0.025000
vt 0.718750 0.025000
vt 0.718750 0.025000
vt 0.968750 0.025000
vt 0.718750 0.025000
vt 0.718750 0.025000
vt 0.968750 0.025000
vt 0.718750 0.025000
vt 0.968750 0.025000
vt 0.718750 0.025000
vt 0.718750 0.025000
vt 0.718750 0.033004
vt 0.718750 0.025000
vt 0.718750 0.040463
vt 0.718750 0.025000
vt 0.718750 0.046868
vt 0.718750 0.025000
vt 0.718750 0.051782
vt 0.718750 0.054872
vt 0.718750 0.025000
vt 0.718750 0.055925
vt 0.718750 0.054872
vt 0.718750 0.025000
vt 0.718750 0.051782
vt 0.718750 0.025000
vt 0.718750 0.046868
vt 0.718750 0.025000
vt 0.718750 0.025000
vt 0.718750 0.025000
vt 0.718750 0.025000
vt 0.968750 0.025000
vt 0.718750 0.025000
vt 0.968750 0.025000
vt 0.718750 0.065163
vt 0.968750 0.065163
vt 0.718750 0.063794
vt 0.968750 0.063794
vt 0.718750 0.035395
vt 0.968750 0.035395
vt 0.718750 0.045081
vt 0.968750 0.045081
vt 0.718750 0.025000
vt 0.968750 0.025000
vt 0.718750 0.025000
vt 0.968750 0.025000
vt 0.718750 0.025000
vt 0.968750 0.025000
vt 0.718750 0.059782
vt 0.968750 0.059782
vt 0.718750 0.053400
vt 0.968750 0.053400
vt 0.718750 0.025000
vt 0.968750 0.025000
vt 0.718750 0.063794
vt 0.968750 0.063794
vt 0.718750 0.059782
vt 0.968750 0.059782
vt 0.718750 0.025000
vt 0.968750 0.025000
vt 0.718750 0.025000
vt 0.968750 0.025000
vt 0.718750 0.025000
vt 0.968750 0.025000
vt 0.718750 0.053400
vt 0.968750 0.053400
vt 0.593750 0.025000
vt 0.593750 0.025000
vt 0.593750 0.025000
vt 0.593750 0.025000
vt 0.593750 0.068999
vt 0.593750 0.076764
vt 0.593750 0.110000
vt 0.593750 0.125000
vt 0.593750 0.225000
vt 0.593750 0.218185
vt 0.593750 0.225000
vt 0.593750 0.218185
vt 0.593750 0.110000
vt 0.593750 0.145208
vt 0.593750 0.125000
vt 0.593750 0.166421
vt 0.593750 0.076764
vt 0.593750 0.076764
vt 0.593750 0.125000
vt 0.593750 0.198205
vt 0.593750 0.189207
vt 0.593750 0.172224
vt 0.593750 0.025000
vt 0.593750 0.025000
vt 0.593750 0.025000
vt 0.593750 0.025000
vt 0.593750 0.166421
vt 0.593750 0.025000
vt 0.593750 0.025000
vt 0.593750 0.025000
vt 0.593750 0.025000
vt 0.593750 0.198205
vt 0.593750 0.025000
vt 0.593750 0.025000
vt 0.593750 0.198205
vt 0.593750 0.218185
vt 0.593750 0.198205
vt 0.593750 0.218185
vt 0.593750 0.025000
vt 0.593750 0.025000
vt 0.593750 0.025000
vt 0.593750 0.025000
vt 0.593750 0.025000
vt 0.593750 0.025000
vt 0.593750 0.025000
vt 0.593750 0.025000
vt 0.593750 0.025000
vt 0.593750 0.025000
vt 0.593750 0.025000
vt 0.593750 0.025000
vt 0.593750 0.145208
vt 0.593750 0.025000
vt 0.593750 0.025000
vt 0.593750 0.172224
vt 0.593750 0.025000
vt 0.593750 0.025000
vt 0.593750 0.025000
vt 0.593750 0.051629
vt 0.593750 0.076443
vt 0.593750 0.097751
vt 0.593750 0.025000
vt 0.593750 0.025000
vt 0.593750 0.025000
vt 0.593750 0.025000
vt 0.593750 0.025000
vt 0.593750 0.189207
vt 0.593750 0.114101
vt 0.593750 0.124380
vt 0.593750 0.025000
vt 0.593750 0.025000
vt 0.593750 0.195000
vt 0.593750 0.127885
vt 0.593750 0.124380
vt 0.593750 0.114101
vt 0.593750 0.025000
vt 0.593750 0.025000
vt 0.593750 0.097751
vt 0.593750 0.076443
vt 0.593750 0.025000
vt 0.593750 0.051629
vt 0.593750 0.025000
vt 0.593750 0.068999
vt 0.593750 0.025000
vt 0.593750 0.025000
vt 0.593750 0.025000
vt 0.593750 0.025000
vt 0.593750 0.025000
vt 0.593750 0.166421
vt 0.593750 0.025000
vt 0.593750 0.025000
vt 0.593750 0.025000
vt 0.593750 0.025000
vt 0.593750 0.025000
vt 0.593750 0.125000
vt 0.593750 0.166421
vt 0.593750 0.025000
vt 0.593750 0.025000
vt 0.593750 0.068999
vt 0.593750 0.025000
vt 0.593750 0.110000
vt 0.593750 0.145208
vt 0.593750 0.025000
vt 0.593750 0.172224
vt 0.593750 0.025000
vt 0.593750 0.189207
vt 0.593750 0.195000
vt 0.593750 0.189207
vt 0.593750 0.025000
vt 0.593750 0.172224
vt 0.593750 0.025000
vt 0.593750 0.145208
vt 0.593750 0.025000
vt 0.593750 0.110000
vt 0.593750 0.025000
vt 0.593750 0.068999
vt 0.593750 0.025000
vt 0.593750 0.025000
vt 0.593750 0.076764
vt 0.593750 0.025000
vt 0.593750 0.025000
vt 0.968750 0.025000
vt 0.968750 0.042008
vt 0.968750 0.025000
vt 0.968750 0.025000
vt 0.968750 0.057858
vt 0.968750 0.025000
vt 0.968750 0.071468
vt 0.968750 0.025000
vt 0.968750 0.081911
vt 0.968750 0.025000
vt 0.968750 0.088476
vt 0.968750 0.025000
vt 0.968750 0.025000
vt 0.968750 0.090715
vt 0.968750 0.088476
vt 0.968750 0.025000
vt 0.968750 0.081911
vt 0.968750 0.025000
vt 0.968750 0.071468
vt 0.968750 0.025000
vt 0.968750 0.057858
vt 0.968750 0.025000
vt 0.968750 0.042008
vt 0.968750 0.025000
vt 0.968750 0.056699
vt 0.968750 0.063304
vt 0.968750 0.063763
vt 0.968750 0.069685
vt 0.968750 0.075000
vt 0.968750 0.079835
vt 0.968750 0.186237
vt 0.968750 0.193301
vt 0.968750 0.180315
vt 0.968750 0.186696
vt 0.968750 0.193301
vt 0.968750 0.186696
vt 0.968750 0.195711
vt 0.968750 0.188872
vt 0.968750 0.089645
vt 0.968750 0.106699
vt 0.968750 0.093064
vt 0.968750 0.108469
vt 0.968750 0.089645
vt 0.968750 0.093064
vt 0.968750 0.156936
vt 0.968750 0.160355
vt 0.968750 0.170165
vt 0.968750 0.175000
vt 0.968750 0.106699
vt 0.968750 0.108469
vt 0.968750 0.125000
vt 0.968750 0.125000
vt 0.968750 0.056699
vt 0.968750 0.063763
vt 0.968750 0.063304
vt 0.968750 0.069685
vt 0.968750 0.141531
vt 0.968750 0.143301
vt 0.968750 0.156936
vt 0.968750 0.160355
vt 0.968750 0.170165
vt 0.968750 0.175000
vt 0.968750 0.125000
vt 0.968750 0.143301
vt 0.968750 0.125000
vt 0.968750 0.141531
vt 0.968750 0.054289
vt 0.968750 0.061128
vt 0.968750 0.075000
vt 0.968750 0.079835
vt 0.968750 0.125000
vt 0.968750 0.150882
vt 0.968750 0.099118
vt 0.968750 0.075000
vt 0.968750 0.175000
vt 0.968750 0.054289
vt 0.968750 0.195711
vt 0.968750 0.038397
vt 0.968750 0.211602
vt 0.968750 0.028407
vt 0.968750 0.025000
vt 0.968750 0.221593
vt 0.968750 0.225000
vt 0.968750 0.028407
vt 0.968750 0.221593
vt 0.968750 0.186237
vt 0.968750 0.038397
vt 0.968750 0.211602
vt 0.968750 0.054289
vt 0.968750 0.195711
vt 0.968750 0.075000
vt 0.968750 0.175000
vt 0.968750 0.099118
vt 0.968750 0.150882
vt 0.968750 0.125000
vt 0.968750 0.180315
s 0
f 3/5/1 2/3/1 1/1/1
f 2/3/1 3/5/1 4/6/1
f 4/6/1 3/5/1 5/8/1
f 4/6/1 5/8/1 6/9/1
f 4/6/1 6/9/1 7/10/1
f 7/10/1 6/9/1 8/12/1
f 9/13/1 7/10/1 8/12/1
f 10/14/1 7/10/1 9/13/1
f 11/15/1 7/10/1 10/14/1
f 7/10/1 11/15/1 12/16/1
f 15/20/2 14/19/3 13/18/2
f 14/19/4 15/20/2 16/21/4
f 15/20/5 18/23/5 17/22/5
f 18/23/5 15/20/5 13/18/5
f 19/24/6 15/20/6 17/22/6
f 15/20/6 19/24/6 16/21/6
f 16/21/6 19/24/6 20/25/6
f 23/31/2 22/28/2 21/26/2
f 22/28/2 23/31/2 24/32/2
f 25/35/2 24/32/2 23/31/2
f 25/35/2 26/36/2 24/32/2
f 25/35/2 27/38/2 26/36/2
f 25/35/2 28/40/2 27/38/2
f 29/42/2 28/40/2 25/35/2
f 29/42/2 30/44/2 28/40/2
f 31/46/2 30/44/2 29/42/2
f 31/46/2 32/48/2 30/44/2
f 19/24/2 32/48/2 31/46/2
f 17/22/2 32/48/2 19/24/2
f 17/22/2 33/50/2 32/48/2
f 18/23/2 33/50/2 17/22/2
f 33/50/2 18/23/2 34/52/2
f 35/54/2 34/52/2 18/23/2
f 35/54/2 36/55/2 34/52/2
f 35/54/2 37/58/2 36/55/2
f 37/58/2 35/54/2 38/60/2
f 41/63/7 40/62/8 39/61/7
f 40/62/8 41/63/9 42/64/8
f 41/63/6 43/65/6 42/64/6
f 43/65/6 41/63/6 44/66/6
f 44/66/6 41/63/6 45/67/6
f 46/68/10 41/63/7 39/61/11
f 41/63/7 46/68/10 45/67/10
f 43/65/5 40/62/5 42/64/5
f 40/62/5 43/65/5 47/69/5
f 14/19/4 20/25/10 48/70/10
f 20/25/10 14/19/4 16/21/12
f 49/71/8 11/15/8 10/14/8
f 11/15/8 49/71/8 50/73/8
f 50/73/8 49/71/8 51/74/8
f 50/73/8 51/74/8 52/76/8
f 55/79/13 54/78/6 53/77/13
f 54/78/6 55/79/13 56/80/6
f 57/81/2 3/5/2 1/1/2
f 3/5/2 57/81/2 58/82/2
f 58/82/2 57/81/2 59/84/2
f 59/84/2 57/81/2 60/86/2
f 63/91/2 62/89/2 61/87/2
f 62/89/2 63/91/2 64/92/2
f 64/92/2 65/93/2 62/89/2
f 66/95/2 64/92/2 63/91/2
f 66/95/2 65/93/2 64/92/2
f 66/95/2 67/96/2 65/93/2
f 66/95/2 68/98/2 67/96/2
f 67/96/2 68/98/2 69/99/2
f 68/98/2 70/101/2 69/99/2
f 66/95/2 71/103/2 68/98/2
f 68/98/2 71/103/2 70/101/2
f 66/95/2 72/104/2 71/103/2
f 73/105/2 70/101/2 71/103/2
f 6/9/2 72/104/2 66/95/2
f 74/107/2 70/101/2 73/105/2
f 72/104/2 6/9/2 74/107/2
f 74/107/2 5/8/2 70/101/2
f 5/8/2 74/107/2 6/9/2
f 76/109/6 75/108/14 38/60/6
f 75/108/14 76/109/6 77/110/14
f 80/113/13 79/112/6 78/111/13
f 79/112/6 80/113/13 81/114/6
f 79/112/6 81/114/6 82/115/6
f 82/115/6 81/114/6 83/117/6
f 84/119/6 83/117/6 81/114/6
f 84/119/6 85/120/6 83/117/6
f 84/119/6 86/122/6 85/120/6
f 81/114/6 80/113/13 87/124/6
f 84/119/6 81/114/6 88/125/6
f 87/124/6 80/113/13 89/126/6
f 89/126/6 90/127/6 88/125/6
f 84/119/6 88/125/6 90/127/6
f 90/127/6 89/126/6 91/128/6
f 89/126/6 80/113/13 91/128/6
f 91/128/6 80/113/13 92/129/6
f 93/130/14 92/129/6 80/113/13
f 93/130/14 84/119/6 92/129/6
f 94/131/14 84/119/6 93/130/14
f 94/131/14 86/122/6 84/119/6
f 86/122/6 94/131/14 95/132/6
f 6/9/10 96/133/10 8/12/10
f 96/133/10 6/9/10 80/113/10
f 80/113/10 6/9/10 93/130/10
f 93/130/10 6/9/10 66/95/10
f 98/135/8 96/133/8 97/134/8
f 99/137/8 96/133/8 98/135/8
f 100/139/8 96/133/8 99/137/8
f 99/137/8 101/140/8 100/139/8
f 101/140/8 96/133/8 100/139/8
f 102/142/8 96/133/8 101/140/8
f 103/144/8 96/133/8 102/142/8
f 102/142/8 104/145/8 103/144/8
f 105/147/8 103/144/8 104/145/8
f 105/147/8 106/149/8 103/144/8
f 106/149/8 96/133/8 103/144/8
f 105/147/8 107/151/8 106/149/8
f 108/152/8 96/133/8 106/149/8
f 9/13/8 107/151/8 105/147/8
f 109/153/8 96/133/8 108/152/8
f 107/151/8 9/13/8 109/153/8
f 109/153/8 8/12/8 96/133/8
f 8/12/8 109/153/8 9/13/8
f 80/113/13 97/134/15 96/133/15
f 97/134/15 80/113/13 78/111/13
f 55/79/13 50/73/15 52/76/15
f 50/73/15 55/79/13 53/77/13
f 93/130/14 63/91/16 94/131/14
f 63/91/16 93/130/14 66/95/16
f 77/110/14 57/81/16 75/108/14
f 57/81/16 77/110/14 60/86/16
f 111/156/8 110/154/8 54/78/8
f 110/154/8 111/156/8 112/157/8
f 112/157/8 111/156/8 113/160/8
f 113/160/8 111/156/8 47/69/8
f 113/160/8 47/69/8 114/162/8
f 114/162/8 47/69/8 43/65/8
f 114/162/8 43/65/8 115/164/8
f 43/65/8 116/166/8 115/164/8
f 116/166/8 43/65/8 44/66/8
f 115/164/8 116/166/8 117/168/8
f 117/168/8 116/166/8 118/170/8
f 117/168/8 118/170/8 119/172/8
f 119/172/8 118/170/8 120/174/8
f 119/172/8 120/174/8 121/175/8
f 121/175/8 120/174/8 122/177/8
f 122/177/8 120/174/8 123/179/8
f 123/179/8 120/174/8 124/182/8
f 124/182/8 125/183/8 123/179/8
f 125/183/8 124/182/8 126/186/8
f 129/192/17 128/190/18 127/188/18
f 128/190/18 129/192/17 130/193/19
f 130/193/17 129/192/17 131/194/20
f 132/195/21 120/174/21 118/170/21
f 120/174/21 132/195/21 129/192/22
f 129/192/17 132/195/21 133/197/21
f 129/192/22 133/197/21 131/194/20
f 131/194/20 133/197/21 130/193/17
f 130/193/22 133/197/21 25/35/21
f 25/35/21 133/197/21 29/42/21
f 136/202/1 135/201/1 134/199/1
f 137/204/1 135/201/1 136/202/1
f 137/204/1 138/205/1 135/201/1
f 138/205/1 137/204/1 139/206/1
f 136/202/1 140/207/1 137/204/1
f 141/208/1 140/207/1 136/202/1
f 142/209/1 140/207/1 141/208/1
f 140/207/1 142/209/1 143/210/1
f 146/213/6 145/212/6 144/211/6
f 145/212/6 146/213/6 147/214/6
f 145/212/6 147/214/6 148/215/6
f 148/215/6 147/214/6 149/216/6
f 149/216/6 147/214/6 150/217/6
f 151/218/6 150/217/6 147/214/6
f 151/218/6 152/219/6 150/217/6
f 152/219/6 151/218/6 153/220/6
f 140/207/23 147/214/24 137/204/24
f 147/214/24 140/207/23 151/218/23
f 147/214/25 139/206/26 137/204/27
f 139/206/26 147/214/27 146/213/26
f 153/220/28 140/207/29 143/210/28
f 140/207/30 153/220/28 151/218/29
f 154/221/31 85/121/31 86/123/31
f 85/121/31 154/221/31 155/222/31
f 155/222/31 154/221/31 31/47/31
f 155/222/31 31/47/31 29/43/31
f 156/223/32 82/116/32 83/118/32
f 82/116/32 156/223/32 157/224/32
f 157/224/32 156/223/32 116/167/32
f 116/167/32 156/223/32 118/171/32
f 125/184/33 158/225/33 123/180/33
f 158/225/33 125/184/33 159/227/33
f 159/227/33 125/184/33 160/229/33
f 160/229/33 125/184/33 161/231/33
f 112/158/33 162/233/33 110/155/33
f 162/233/34 112/158/34 163/235/34
f 162/233/33 163/235/33 164/237/33
f 162/233/33 164/237/33 165/239/33
f 156/223/35 132/196/36 118/171/36
f 132/196/36 156/223/35 166/241/36
f 166/241/36 156/223/35 167/242/36
f 155/222/35 167/242/36 156/223/35
f 29/43/36 167/242/36 155/222/35
f 167/242/36 29/43/36 133/198/36
f 169/245/37 37/59/37 168/243/37
f 37/59/37 169/245/37 170/247/37
f 37/59/37 170/247/37 171/249/37
f 37/59/37 171/249/37 36/56/37
f 172/251/37 22/29/37 24/33/37
f 22/29/37 172/251/37 173/253/37
f 22/29/37 173/253/37 174/255/37
f 22/29/37 174/255/37 175/257/37
f 125/184/38 175/257/38 161/231/38
f 175/257/38 125/184/38 22/29/38
f 178/263/5 177/261/5 176/259/5
f 177/261/5 178/263/5 179/265/5
f 182/271/5 181/269/5 180/267/5
f 181/269/5 182/271/5 183/272/5
f 83/118/10 184/274/10 156/223/39
f 184/274/10 83/118/10 85/121/10
f 185/275/10 156/223/39 184/274/10
f 184/274/10 85/121/10 186/276/10
f 156/223/39 185/275/10 155/222/39
f 186/276/10 85/121/10 187/278/10
f 187/278/10 85/121/10 188/280/10
f 188/280/10 85/121/10 189/281/10
f 155/222/39 189/281/10 85/121/10
f 155/222/39 185/275/10 190/282/10
f 155/222/39 191/284/10 189/281/10
f 155/222/39 190/282/10 191/284/10
f 194/288/6 193/287/6 192/286/6
f 193/287/6 194/288/6 195/289/6
f 73/106/2 197/291/2 196/290/2
f 197/291/2 73/106/2 198/292/2
f 201/295/6 200/294/6 199/293/6
f 200/294/6 201/295/6 202/296/6
f 205/299/8 204/298/8 203/297/8
f 204/298/8 205/299/8 106/150/8
f 208/302/2 207/301/2 206/300/2
f 207/301/2 208/302/2 209/303/2
f 212/306/2 211/305/2 210/304/2
f 211/305/2 212/306/2 213/307/2
f 216/310/6 215/309/14 214/308/6
f 215/309/14 216/310/6 217/311/14
f 217/311/14 212/306/16 215/309/14
f 212/306/16 217/311/14 213/307/16
f 220/314/8 219/313/8 218/312/8
f 219/313/8 220/314/8 221/315/8
f 224/318/8 223/317/8 222/316/8
f 223/317/8 224/318/8 225/319/8
f 228/322/13 227/321/6 226/320/13
f 227/321/6 228/322/13 229/323/6
f 228/322/13 221/315/15 220/314/15
f 221/315/15 228/322/13 226/320/13
f 232/326/13 231/325/6 230/324/6
f 231/325/6 232/326/13 233/327/13
f 231/325/6 233/327/13 234/328/6
f 237/331/8 236/330/8 235/329/8
f 237/331/8 238/332/8 236/330/8
f 237/331/8 239/333/8 238/332/8
f 237/331/8 240/334/8 239/333/8
f 241/335/8 240/334/8 237/331/8
f 242/336/8 240/334/8 241/335/8
f 240/334/8 242/336/8 243/337/8
f 243/337/8 242/336/8 244/338/8
f 244/338/8 242/336/8 245/339/8
f 244/338/8 245/339/8 246/340/8
f 246/340/8 245/339/8 247/341/8
f 247/341/8 245/339/8 248/342/8
f 248/342/8 245/339/8 249/343/8
f 249/343/8 245/339/8 250/344/8
f 250/344/8 245/339/8 251/345/8
f 251/345/8 245/339/8 252/346/8
f 252/346/8 245/339/8 253/347/8
f 233/327/13 253/347/15 245/339/15
f 253/347/15 233/327/13 232/326/13
f 255/349/1 241/335/1 254/348/1
f 241/335/1 255/349/1 242/336/1
f 177/262/1 257/351/1 256/350/1
f 257/351/1 177/262/1 1/2/1
f 260/354/6 259/353/14 258/352/6
f 259/353/14 260/354/6 261/355/14
f 261/355/14 260/354/6 262/356/6
f 261/355/14 263/357/16 259/353/14
f 263/357/16 261/355/14 264/358/16
f 265/359/2 1/2/2 177/262/2
f 1/2/2 265/359/2 266/360/2
f 1/2/2 266/360/2 267/362/2
f 1/2/2 267/362/2 268/363/2
f 1/2/2 268/363/2 264/358/2
f 264/358/2 268/363/2 269/365/2
f 266/360/2 265/359/2 270/366/2
f 270/366/2 265/359/2 271/367/2
f 271/367/2 265/359/2 272/369/2
f 272/369/2 265/359/2 273/371/2
f 264/358/2 269/365/2 274/372/2
f 264/358/2 274/372/2 275/373/2
f 264/358/2 275/373/2 276/374/2
f 264/358/2 276/374/2 277/375/2
f 264/358/2 277/375/2 278/376/2
f 264/358/2 278/376/2 279/377/2
f 264/358/2 279/377/2 263/357/2
f 176/260/1 281/379/1 280/378/1
f 281/379/1 176/260/1 180/268/1
f 282/380/40 26/37/41 27/39/40
f 26/37/41 282/380/42 283/381/41
f 286/386/10 285/384/43 284/382/10
f 287/388/43 284/382/10 285/384/43
f 113/161/44 289/391/45 288/390/44
f 289/391/45 113/161/44 114/163/45
f 292/396/45 291/394/44 290/392/45
f 293/398/46 290/392/45 291/394/44
f 294/400/44 33/51/45 34/53/44
f 33/51/45 294/400/44 295/401/45
f 117/169/10 297/403/47 296/402/10
f 297/403/47 117/169/48 119/173/47
f 299/405/49 170/248/50 298/404/51
f 170/248/50 299/405/49 171/250/52
f 302/410/41 301/408/40 300/406/41
f 303/412/40 300/406/41 301/408/40
f 115/165/43 296/402/10 304/414/43
f 296/402/10 115/165/43 117/169/10
f 306/416/53 159/228/54 305/415/55
f 159/228/54 306/416/53 158/226/56
f 173/254/54 308/418/53 307/417/55
f 308/418/53 173/254/54 172/252/56
f 298/404/51 169/246/57 309/419/57
f 169/246/57 298/404/51 170/248/50
f 312/424/58 311/422/53 310/420/58
f 313/426/53 310/420/58 311/422/53
f 121/176/40 315/429/41 314/428/40
f 315/429/41 121/176/42 122/178/41
f 114/163/45 304/414/43 289/391/45
f 304/414/43 114/163/45 115/165/43
f 164/238/50 317/431/49 316/430/51
f 317/431/49 164/238/50 163/236/52
f 318/432/43 30/45/10 32/49/43
f 30/45/10 318/432/59 319/433/10
f 320/434/47 27/39/40 28/41/47
f 27/39/40 320/434/47 282/380/40
f 319/433/10 28/41/60 30/45/10
f 28/41/47 319/433/10 320/434/47
f 173/254/54 321/435/61 174/256/62
f 321/435/63 173/254/54 307/417/64
f 295/401/45 32/49/43 33/51/45
f 32/49/43 295/401/45 318/432/43
f 305/415/55 160/230/65 322/436/66
f 160/230/62 305/415/55 159/228/54
f 306/416/53 123/181/67 158/226/56
f 123/181/68 306/416/53 315/429/41
f 123/181/68 315/429/41 122/178/41
f 299/405/49 36/57/69 171/250/52
f 36/57/69 299/405/49 294/400/44
f 36/57/69 294/400/44 34/53/44
f 119/173/47 314/428/40 297/403/47
f 314/428/40 119/173/70 121/176/40
f 24/34/67 308/418/53 172/252/56
f 308/418/53 24/34/68 283/381/41
f 283/381/41 24/34/68 26/37/41
f 112/159/69 317/431/49 163/236/52
f 317/431/49 112/159/69 288/390/44
f 288/390/44 112/159/69 113/161/44
f 164/238/50 323/437/57 165/240/57
f 323/437/57 164/238/50 316/430/51
f 325/440/47 286/386/10 324/438/47
f 284/382/10 324/438/47 286/386/10
f 328/446/71 327/444/71 326/442/49
f 329/448/49 326/442/49 327/444/71
f 332/454/10 331/452/43 330/450/10
f 333/456/43 330/450/10 331/452/43
f 336/462/58 335/460/53 334/458/58
f 337/464/53 334/458/58 335/460/53
f 338/466/6 127/189/18 128/191/72
f 127/189/18 338/466/6 339/467/6
f 21/27/6 339/467/6 338/466/6
f 21/27/6 126/187/6 339/467/6
f 22/30/6 126/187/6 21/27/6
f 126/187/6 22/30/6 125/185/6
f 342/470/44 341/469/73 340/468/44
f 341/469/41 342/470/74 343/471/41
f 341/469/41 191/285/6 190/283/6
f 191/285/6 341/469/41 343/471/75
f 345/473/5 7/11/5 344/472/5
f 7/11/5 345/473/5 4/7/5
f 347/475/2 179/266/2 346/474/2
f 179/266/2 347/475/2 348/477/2
f 348/477/2 347/475/2 272/370/2
f 272/370/2 347/475/2 271/368/2
f 271/368/2 347/475/2 349/478/2
f 349/478/2 347/475/2 350/479/2
f 349/478/2 350/479/2 351/481/2
f 349/478/2 351/481/2 266/361/2
f 266/361/2 351/481/2 352/483/2
f 266/361/2 352/483/2 353/485/2
f 266/361/2 353/485/2 354/487/2
f 354/487/2 353/485/2 355/488/2
f 354/487/2 355/488/2 268/364/2
f 268/364/2 355/488/2 356/490/2
f 268/364/2 356/490/2 357/492/2
f 268/364/2 357/492/2 358/494/2
f 358/494/2 357/492/2 359/495/2
f 358/494/2 359/495/2 360/497/2
f 360/497/2 359/495/2 361/498/2
f 360/497/2 361/498/2 362/500/2
f 362/500/2 361/498/2 363/501/2
f 362/500/2 363/501/2 364/503/2
f 362/500/2 364/503/2 365/505/2
f 365/505/2 364/503/2 366/506/2
f 365/505/2 366/506/2 367/508/2
f 365/505/2 367/508/2 368/510/2
f 365/505/2 368/510/2 369/511/2
f 368/510/2 367/508/2 370/512/2
f 368/510/2 370/512/2 371/513/2
f 374/518/1 373/516/1 372/514/1
f 373/516/1 374/518/1 375/520/1
f 345/473/1 377/523/1 376/522/1
f 377/523/1 345/473/1 344/472/1
f 378/524/2 12/17/2 180/268/2
f 12/17/2 378/524/2 7/11/2
f 7/11/2 378/524/2 379/526/2
f 7/11/2 379/526/2 291/394/2
f 7/11/2 291/394/2 344/472/2
f 344/472/2 291/394/2 292/396/2
f 344/472/2 292/396/2 285/384/2
f 344/472/2 285/384/2 286/386/2
f 344/472/2 286/386/2 325/440/2
f 344/472/2 325/440/2 301/408/2
f 344/472/2 301/408/2 302/410/2
f 344/472/2 302/410/2 311/422/2
f 344/472/2 311/422/2 312/424/2
f 344/472/2 312/424/2 377/523/2
f 382/532/40 381/530/47 380/528/40
f 383/534/47 380/528/40 381/530/47
f 2/4/8 327/444/8 176/260/8
f 327/444/8 2/4/8 4/7/8
f 327/444/8 4/7/8 329/448/8
f 329/448/8 4/7/8 384/536/8
f 384/536/8 4/7/8 345/473/8
f 384/536/8 345/473/8 385/538/8
f 385/538/8 345/473/8 333/456/8
f 333/456/8 345/473/8 330/450/8
f 330/450/8 345/473/8 383/534/8
f 383/534/8 345/473/8 380/528/8
f 380/528/8 345/473/8 386/540/8
f 386/540/8 345/473/8 337/464/8
f 337/464/8 345/473/8 334/458/8
f 334/458/8 345/473/8 376/522/8
f 379/526/49 387/542/49 291/394/44
f 293/398/44 291/394/44 387/542/49
f 337/464/53 335/460/53 386/540/41
f 388/544/41 386/540/41 335/460/76
f 378/524/71 389/546/71 379/526/49
f 387/542/49 379/526/49 389/546/71
f 381/530/47 332/454/10 383/534/47
f 330/450/10 383/534/47 332/454/10
f 311/422/76 302/410/41 313/426/53
f 300/406/41 313/426/53 302/410/41
f 331/452/43 390/548/45 333/456/43
f 385/538/45 333/456/43 390/548/45
f 292/396/45 290/392/45 285/384/43
f 287/388/43 285/384/43 290/392/45
f 388/544/41 382/532/40 386/540/41
f 380/528/40 386/540/41 382/532/40
f 390/548/45 391/550/44 385/538/45
f 384/536/44 385/538/45 391/550/44
f 301/408/40 325/440/47 303/412/40
f 324/438/47 303/412/40 325/440/47
f 329/448/49 384/536/44 326/442/49
f 391/550/44 326/442/49 384/536/44
f 176/260/10 378/524/10 180/268/10
f 378/524/10 176/260/10 389/546/10
f 389/546/10 176/260/10 310/420/10
f 310/420/10 176/260/10 328/446/10
f 328/446/10 176/260/10 327/444/10
f 336/462/10 310/420/10 328/446/10
f 376/522/10 310/420/10 336/462/10
f 376/522/10 336/462/10 334/458/10
f 377/523/10 310/420/10 376/522/10
f 310/420/10 377/523/10 312/424/10
f 326/442/8 336/462/8 328/446/8
f 336/462/8 326/442/8 391/550/8
f 336/462/8 391/550/8 390/548/8
f 336/462/8 390/548/8 331/452/8
f 336/462/8 331/452/8 332/454/8
f 336/462/8 332/454/8 381/530/8
f 336/462/8 381/530/8 382/532/8
f 336/462/8 382/532/8 388/544/8
f 336/462/8 388/544/8 335/460/8
f 310/420/2 387/542/2 389/546/2
f 387/542/2 310/420/2 293/398/2
f 293/398/2 310/420/2 290/392/2
f 290/392/2 310/420/2 287/388/2
f 287/388/2 310/420/2 284/382/2
f 284/382/2 310/420/2 324/438/2
f 324/438/2 310/420/2 303/412/2
f 303/412/2 310/420/2 300/406/2
f 300/406/2 310/420/2 313/426/2
f 394/556/5 393/554/5 392/552/5
f 393/554/5 394/556/5 395/558/5
f 395/558/5 394/556/5 396/560/5
f 395/558/5 396/560/5 367/508/5
f 367/508/5 396/560/5 370/512/5
f 370/512/5 396/560/5 397/562/5
f 370/512/5 397/562/5 398/564/5
f 372/514/5 393/554/5 395/558/5
f 373/516/5 393/554/5 372/514/5
f 399/565/77 393/554/77 373/516/77
f 400/567/5 393/554/5 399/565/5
f 399/565/5 401/568/5 400/567/5
f 400/567/5 402/570/5 393/554/5
f 402/570/5 400/567/5 403/572/5
f 404/573/6 394/556/6 392/552/6
f 394/556/6 404/573/6 405/575/6
f 316/430/8 406/577/8 323/437/8
f 406/577/8 316/430/8 317/431/8
f 406/577/8 317/431/8 288/390/8
f 406/577/8 288/390/8 407/579/8
f 407/579/8 288/390/8 408/581/8
f 408/581/8 288/390/8 289/391/8
f 408/581/8 289/391/8 409/583/8
f 409/583/8 289/391/8 410/585/8
f 410/585/8 289/391/8 304/414/8
f 410/585/8 304/414/8 411/587/8
f 411/587/8 304/414/8 296/402/8
f 411/587/8 296/402/8 412/589/8
f 412/589/8 296/402/8 297/403/8
f 412/589/8 297/403/8 413/591/8
f 413/591/8 297/403/8 414/593/8
f 414/593/8 297/403/8 314/428/8
f 414/593/8 314/428/8 415/595/8
f 415/595/8 314/428/8 315/429/8
f 415/595/8 315/429/8 416/597/8
f 416/597/8 315/429/8 417/599/8
f 417/599/8 315/429/8 306/416/8
f 417/599/8 306/416/8 418/601/8
f 418/601/8 306/416/8 322/436/8
f 322/436/8 306/416/8 305/415/8
f 418/601/8 322/436/8 419/603/8
f 419/603/8 322/436/8 420/604/8
f 422/606/8 421/605/8 183/273/8
f 421/605/8 422/606/8 423/607/8
f 423/607/8 422/606/8 424/609/8
f 423/607/8 424/609/8 425/610/8
f 423/607/8 425/610/8 426/611/8
f 423/607/8 426/611/8 427/612/8
f 427/612/8 426/611/8 428/614/8
f 428/614/8 426/611/8 429/616/8
f 428/614/8 429/616/8 430/617/8
f 430/617/8 429/616/8 431/619/8
f 431/619/8 429/616/8 432/621/8
f 431/619/8 432/621/8 433/622/8
f 433/622/8 432/621/8 434/624/8
f 433/622/8 434/624/8 435/625/8
f 435/625/8 434/624/8 436/627/8
f 435/625/8 436/627/8 437/628/8
f 437/628/8 436/627/8 438/630/8
f 438/630/8 436/627/8 439/632/8
f 438/630/8 439/632/8 440/633/8
f 440/633/8 439/632/8 441/635/8
f 440/633/8 441/635/8 442/636/8
f 442/636/8 441/635/8 443/638/8
f 443/638/8 441/635/8 444/640/8
f 443/638/8 444/640/8 445/641/8
f 445/641/8 444/640/8 401/568/8
f 401/568/8 444/640/8 446/643/8
f 446/643/8 444/640/8 447/644/8
f 401/568/8 446/643/8 400/567/8
f 400/567/8 446/643/8 448/645/8
f 449/646/2 298/404/2 309/419/2
f 298/404/2 449/646/2 299/405/2
f 299/405/2 449/646/2 294/400/2
f 294/400/2 449/646/2 450/648/2
f 294/400/2 450/648/2 451/650/2
f 294/400/2 451/650/2 295/401/2
f 295/401/2 451/650/2 452/652/2
f 295/401/2 452/652/2 453/654/2
f 295/401/2 453/654/2 318/432/2
f 318/432/2 453/654/2 454/656/2
f 318/432/2 454/656/2 319/433/2
f 319/433/2 454/656/2 455/658/2
f 319/433/2 455/658/2 456/660/2
f 319/433/2 456/660/2 320/434/2
f 320/434/2 456/660/2 457/662/2
f 320/434/2 457/662/2 282/380/2
f 282/380/2 457/662/2 458/664/2
f 282/380/2 458/664/2 283/381/2
f 283/381/2 458/664/2 459/666/2
f 283/381/2 459/666/2 460/668/2
f 283/381/2 460/668/2 308/418/2
f 308/418/2 460/668/2 461/670/2
f 308/418/2 461/670/2 321/435/2
f 308/418/2 321/435/2 307/417/2
f 321/435/2 461/670/2 462/672/2
f 321/435/2 462/672/2 463/673/2
f 397/562/2 464/674/2 398/564/2
f 464/674/2 397/562/2 465/675/2
f 398/564/1 371/513/1 370/512/1
f 371/513/1 398/564/1 464/674/1
f 466/677/10 169/246/10 168/244/10
f 169/246/10 466/677/10 309/419/10
f 309/419/10 466/677/10 467/678/10
f 309/419/10 467/678/10 371/513/10
f 309/419/77 371/513/77 449/646/77
f 449/646/10 371/513/10 465/675/10
f 465/675/10 371/513/10 464/674/10
f 469/680/8 403/572/8 468/679/8
f 403/572/8 469/680/8 402/570/8
f 448/645/10 469/680/10 468/679/10
f 469/680/10 448/645/10 470/682/10
f 470/682/10 406/577/10 469/680/10
f 406/577/77 470/682/77 323/437/77
f 471/683/10 323/437/10 470/682/10
f 323/437/10 471/683/10 165/240/10
f 165/240/10 471/683/10 162/234/10
f 400/567/1 468/679/1 403/572/1
f 468/679/1 400/567/1 448/645/1
f 342/470/44 186/277/1 187/279/1
f 186/277/1 342/470/44 340/468/78
f 375/520/5 421/605/5 423/607/5
f 421/605/5 375/520/5 472/684/5
f 472/684/5 375/520/5 281/379/5
f 281/379/5 375/520/5 280/378/5
f 280/378/5 375/520/5 374/518/5
f 280/378/5 374/518/5 347/475/5
f 280/378/5 347/475/5 473/685/5
f 473/685/5 347/475/5 346/474/5
f 178/264/79 280/378/80 473/685/79
f 280/378/80 178/264/79 176/260/80
f 346/474/81 178/264/79 473/685/79
f 178/264/79 346/474/81 179/266/81
f 180/268/82 472/684/83 281/379/82
f 472/684/83 180/268/82 181/270/83
f 183/273/84 472/684/83 181/270/83
f 472/684/83 183/273/84 421/605/84
f 476/688/15 475/687/85 474/686/15
f 475/687/85 476/688/15 477/689/85
f 476/688/15 419/603/86 420/604/86
f 419/603/86 476/688/15 474/686/15
f 477/689/85 478/690/87 475/687/85
f 478/690/87 477/689/85 479/691/87
f 462/672/88 480/692/16 463/673/88
f 480/692/16 462/672/88 481/693/16
f 479/691/87 481/693/16 478/690/87
f 481/693/16 479/691/87 480/692/16
f 321/435/89 175/258/10 174/256/62
f 175/258/10 321/435/61 479/691/10
f 479/691/10 161/232/10 175/258/10
f 479/691/10 321/435/61 480/692/10
f 480/692/10 321/435/61 463/673/10
f 477/689/10 161/232/10 479/691/10
f 477/689/10 160/230/62 161/232/10
f 476/688/10 160/230/62 477/689/10
f 420/604/10 160/230/62 476/688/10
f 160/230/62 420/604/10 322/436/61
f 419/603/5 404/573/5 418/601/5
f 404/573/5 419/603/5 474/686/5
f 404/573/5 474/686/5 475/687/5
f 404/573/5 475/687/5 478/690/5
f 404/573/5 478/690/5 405/575/5
f 405/575/5 478/690/5 461/670/5
f 461/670/5 478/690/5 481/693/5
f 461/670/5 481/693/5 462/672/5
f 484/696/41 483/695/6 482/694/6
f 483/695/6 484/696/41 485/697/75
f 487/699/10 484/696/73 486/698/10
f 484/696/41 487/699/10 485/697/41
f 489/701/44 134/200/10 488/700/44
f 134/200/10 489/701/74 136/203/10
f 489/701/44 491/703/1 490/702/1
f 491/703/1 489/701/44 488/700/78
f 105/148/6 492/704/6 49/72/6
f 492/704/6 105/148/6 493/706/90
f 493/706/90 105/148/6 104/146/90
f 492/704/10 51/75/10 49/72/10
f 51/75/10 492/704/10 494/708/10
f 58/83/10 496/712/10 495/710/10
f 496/712/10 58/83/10 59/85/10
f 61/88/1 496/712/1 59/85/1
f 496/712/1 61/88/1 497/714/91
f 497/714/91 61/88/1 62/90/91
f 498/716/91 51/75/1 494/708/1
f 51/75/1 498/716/91 98/136/1
f 98/136/1 498/716/91 99/138/91
f 499/718/92 102/143/93 101/141/92
f 102/143/93 499/718/92 500/720/93
f 500/720/93 104/146/90 102/143/93
f 104/146/90 500/720/93 493/706/90
f 498/716/91 101/141/92 99/138/91
f 101/141/92 498/716/91 499/718/92
f 65/94/92 502/724/93 501/722/92
f 502/724/93 65/94/92 67/97/93
f 503/726/90 58/83/6 495/710/6
f 58/83/6 503/726/90 70/102/6
f 70/102/6 503/726/90 69/100/90
f 67/97/93 503/726/90 502/724/93
f 503/726/90 67/97/93 69/100/90
f 62/90/91 501/722/92 497/714/91
f 501/722/92 62/90/91 65/94/92
f 506/732/94 505/730/95 504/728/94
f 505/730/95 506/732/94 507/733/95
f 509/736/96 504/728/94 508/734/96
f 504/728/94 509/736/96 506/732/94
f 511/739/97 508/734/96 510/737/97
f 508/734/96 511/739/97 509/736/96
f 514/743/98 513/742/99 512/740/99
f 513/742/99 514/743/98 515/745/98
f 507/733/95 514/743/98 505/730/95
f 514/743/98 507/733/95 515/745/98
f 511/739/1 506/732/1 509/736/1
f 506/732/1 511/739/1 507/733/1
f 507/733/1 511/739/1 516/746/1
f 507/733/1 516/746/1 515/745/1
f 515/745/1 516/746/1 517/747/1
f 515/745/1 517/747/1 513/742/1
f 512/740/99 517/747/100 518/748/100
f 517/747/100 512/740/99 513/742/99
f 516/746/101 510/737/97 519/750/101
f 510/737/97 516/746/101 511/739/97
f 518/748/100 516/746/101 519/750/102
f 516/746/101 518/748/100 517/747/100
f 522/756/96 521/754/97 520/752/96
f 521/754/97 522/756/103 523/757/97
f 525/760/94 520/752/96 524/758/94
f 520/752/96 525/760/94 522/756/96
f 527/763/95 524/758/94 526/761/95
f 524/758/94 527/763/95 525/760/94
f 530/767/101 529/766/100 528/764/104
f 529/766/100 530/767/101 531/769/101
f 523/757/97 530/767/101 521/754/97
f 530/767/101 523/757/97 531/769/101
f 527/763/6 522/756/6 525/760/6
f 522/756/6 527/763/6 523/757/6
f 523/757/6 527/763/6 532/770/6
f 523/757/6 532/770/6 531/769/6
f 531/769/6 532/770/6 533/771/6
f 531/769/6 533/771/6 529/766/6
f 528/764/100 533/771/99 534/772/99
f 533/771/99 528/764/100 529/766/100
f 532/770/98 526/761/95 535/774/98
f 526/761/95 532/770/98 527/763/95
f 534/772/99 532/770/98 535/774/98
f 532/770/98 534/772/99 533/771/99
f 536/776/105 413/592/106 414/594/105
f 413/592/106 536/776/105 537/777/106
f 311/423/107 440/634/108 442/637/107
f 440/634/108 311/423/107 302/411/108
f 313/427/107 302/411/108 311/423/107
f 302/411/108 313/427/107 300/407/108
f 301/409/105 437/629/106 438/631/105
f 437/629/106 301/409/105 325/441/106
f 303/413/105 325/441/106 301/409/105
f 325/441/106 303/413/105 324/439/106
f 469/681/6 393/555/6 402/571/6
f 393/555/6 469/681/6 538/778/109
f 538/778/109 469/681/6 406/578/110
f 285/385/111 284/383/5 287/389/111
f 284/383/5 285/385/111 286/387/5
f 433/623/111 286/387/5 285/385/111
f 286/387/5 433/623/111 435/626/5
f 291/395/112 290/393/113 293/399/112
f 290/393/113 291/395/112 292/397/113
f 430/618/112 292/397/113 291/395/112
f 292/397/113 430/618/112 431/620/113
f 408/582/114 539/779/115 407/580/115
f 539/779/115 408/582/114 540/780/114
f 404/574/116 417/600/117 418/602/116
f 417/600/117 404/574/116 541/781/117
f 366/507/1 395/559/1 367/509/1
f 395/559/1 366/507/1 542/782/1
f 543/783/108 414/594/105 415/596/108
f 414/594/105 543/783/108 536/776/105
f 537/777/106 412/590/5 413/592/106
f 412/590/5 537/777/106 544/784/5
f 301/409/105 300/407/108 303/413/105
f 300/407/108 301/409/105 302/411/108
f 438/631/105 302/411/108 301/409/105
f 302/411/108 438/631/105 440/634/108
f 545/785/107 415/596/108 416/598/107
f 415/596/108 545/785/107 543/783/108
f 285/385/111 431/620/113 433/623/111
f 431/620/113 285/385/111 292/397/113
f 285/385/111 290/393/113 292/397/113
f 290/393/113 285/385/111 287/389/111
f 546/786/111 410/586/113 411/588/111
f 410/586/113 546/786/111 547/787/113
f 311/423/107 310/421/91 313/427/107
f 310/421/91 311/423/107 312/425/91
f 310/421/91 312/425/91 548/788/117
f 442/637/107 312/425/91 311/423/107
f 312/425/91 443/639/117 548/788/117
f 443/639/117 312/425/91 442/637/107
f 430/618/112 379/527/114 428/615/114
f 379/527/114 430/618/112 291/395/112
f 291/395/112 387/543/114 379/527/114
f 387/543/114 291/395/112 293/399/112
f 547/787/113 409/584/112 410/586/113
f 409/584/112 547/787/113 549/789/112
f 407/580/115 538/778/109 406/578/110
f 538/778/109 407/580/115 539/779/115
f 550/790/109 397/563/6 396/561/6
f 397/563/6 550/790/109 449/647/110
f 397/563/6 449/647/110 465/676/6
f 455/659/5 552/792/111 551/791/5
f 552/792/111 455/659/5 454/657/111
f 544/784/5 411/588/111 412/590/5
f 411/588/111 544/784/5 546/786/111
f 460/669/117 405/576/116 461/671/116
f 405/576/116 460/669/117 553/793/117
f 409/584/112 540/780/114 408/582/114
f 540/780/114 409/584/112 549/789/112
f 541/781/117 416/598/107 417/600/117
f 416/598/107 541/781/117 545/785/107
f 286/387/5 324/439/106 284/383/5
f 324/439/106 286/387/5 325/441/106
f 435/626/5 325/441/106 286/387/5
f 325/441/106 435/626/5 437/629/106
f 394/557/2 550/790/2 396/561/2
f 550/790/2 394/557/2 554/794/2
f 554/794/2 394/557/2 555/795/2
f 555/795/2 394/557/2 556/796/2
f 556/796/2 394/557/2 557/797/2
f 557/797/2 394/557/2 552/792/2
f 552/792/2 394/557/2 551/791/2
f 551/791/2 394/557/2 558/798/2
f 558/798/2 394/557/2 559/799/2
f 559/799/2 394/557/2 560/800/2
f 560/800/2 394/557/2 561/801/2
f 561/801/2 394/557/2 553/793/2
f 553/793/2 394/557/2 405/576/2
f 454/657/111 557/797/113 552/792/111
f 557/797/113 454/657/111 453/655/113
f 555/795/114 450/649/115 554/794/115
f 450/649/115 555/795/114 451/651/114
f 386/541/108 363/502/107 361/499/108
f 363/502/107 386/541/108 337/465/107
f 386/541/108 335/461/107 337/465/107
f 335/461/107 386/541/108 388/545/108
f 385/539/113 355/489/111 353/486/113
f 355/489/111 385/539/113 333/457/111
f 390/549/113 333/457/111 385/539/113
f 333/457/111 390/549/113 331/453/111
f 351/482/114 384/537/112 352/484/112
f 384/537/112 351/482/114 329/449/114
f 326/443/114 384/537/112 329/449/114
f 384/537/112 326/443/114 391/551/112
f 330/451/5 357/493/106 356/491/5
f 357/493/106 330/451/5 383/535/106
f 332/455/5 383/535/106 330/451/5
f 383/535/106 332/455/5 381/531/106
f 458/665/108 561/801/107 459/667/107
f 561/801/107 458/665/108 560/800/108
f 554/794/115 449/647/110 550/790/109
f 449/647/110 554/794/115 450/649/115
f 453/655/113 556/796/112 557/797/113
f 556/796/112 453/655/113 452/653/112
f 330/451/5 331/453/111 332/455/5
f 331/453/111 330/451/5 333/457/111
f 356/491/5 333/457/111 330/451/5
f 333/457/111 356/491/5 355/489/111
f 456/661/106 551/791/5 558/798/106
f 551/791/5 456/661/106 455/659/5
f 539/779/8 393/555/8 538/778/8
f 393/555/8 539/779/8 392/553/8
f 392/553/8 539/779/8 540/780/8
f 392/553/8 540/780/8 549/789/8
f 392/553/8 549/789/8 547/787/8
f 392/553/8 547/787/8 546/786/8
f 392/553/8 546/786/8 544/784/8
f 392/553/8 544/784/8 537/777/8
f 392/553/8 537/777/8 536/776/8
f 392/553/8 536/776/8 543/783/8
f 392/553/8 543/783/8 545/785/8
f 392/553/8 545/785/8 541/781/8
f 392/553/8 541/781/8 404/574/8
f 359/496/105 386/541/108 361/499/108
f 386/541/108 359/496/105 380/529/105
f 382/533/105 386/541/108 380/529/105
f 386/541/108 382/533/105 388/545/108
f 384/537/112 353/486/113 352/484/112
f 353/486/113 384/537/112 385/539/113
f 391/551/112 385/539/113 384/537/112
f 385/539/113 391/551/112 390/549/113
f 383/535/106 359/496/105 357/493/106
f 359/496/105 383/535/106 380/529/105
f 381/531/106 380/529/105 383/535/106
f 380/529/105 381/531/106 382/533/105
f 556/796/112 451/651/114 555/795/114
f 451/651/114 556/796/112 452/653/112
f 562/802/1 401/569/1 399/566/1
f 401/569/1 562/802/1 445/642/1
f 459/667/107 553/793/117 460/669/117
f 553/793/117 459/667/107 561/801/107
f 458/665/108 559/799/105 560/800/108
f 559/799/105 458/665/108 457/663/105
f 457/663/105 558/798/106 559/799/105
f 558/798/106 457/663/105 456/661/106
f 389/547/90 379/527/114 387/543/114
f 379/527/114 389/547/90 378/525/90
f 378/525/90 428/615/114 379/527/114
f 389/547/90 563/803/115 378/525/90
f 378/525/90 427/613/115 428/615/114
f 427/613/115 378/525/90 563/803/115
f 564/804/115 347/476/118 374/519/118
f 347/476/118 564/804/115 350/480/115
f 328/447/90 350/480/115 564/804/115
f 350/480/115 328/447/90 327/445/90
f 326/443/114 327/445/90 328/447/90
f 350/480/115 327/445/90 351/482/114
f 327/445/90 326/443/114 329/449/114
f 351/482/114 327/445/90 329/449/114
f 364/504/117 542/782/116 366/507/116
f 542/782/116 364/504/117 565/805/117
f 395/559/2 374/519/2 372/515/2
f 374/519/2 395/559/2 564/804/2
f 564/804/2 395/559/2 328/447/2
f 328/447/2 395/559/2 336/463/2
f 336/463/2 395/559/2 565/805/2
f 565/805/2 395/559/2 542/782/2
f 562/802/116 443/639/117 445/642/116
f 443/639/117 562/802/116 548/788/117
f 427/613/115 375/521/118 423/608/118
f 375/521/118 427/613/115 563/803/115
f 563/803/8 373/517/8 375/521/8
f 373/517/8 563/803/8 399/566/8
f 399/566/8 563/803/8 389/547/8
f 399/566/8 389/547/8 310/421/8
f 399/566/8 310/421/8 548/788/8
f 399/566/8 548/788/8 562/802/8
f 328/447/2 336/463/2 326/443/2
f 391/551/2 326/443/2 336/463/2
f 390/549/2 391/551/2 336/463/2
f 331/453/2 390/549/2 336/463/2
f 332/455/2 331/453/2 336/463/2
f 381/531/2 332/455/2 336/463/2
f 382/533/2 381/531/2 336/463/2
f 388/545/2 382/533/2 336/463/2
f 335/461/2 388/545/2 336/463/2
f 389/547/8 387/543/8 310/421/8
f 293/399/8 310/421/8 387/543/8
f 290/393/8 310/421/8 293/399/8
f 287/389/8 310/421/8 290/393/8
f 284/383/8 310/421/8 287/389/8
f 324/439/8 310/421/8 284/383/8
f 303/413/8 310/421/8 324/439/8
f 300/407/8 310/421/8 303/413/8
f 313/427/8 310/421/8 300/407/8
f 334/459/91 364/504/117 363/502/107
f 334/459/91 363/502/107 337/465/107
f 364/504/117 334/459/91 565/805/117
f 335/461/107 334/459/91 337/465/107
f 565/805/117 334/459/91 336/463/91
f 334/459/91 335/461/107 336/463/91
f 14/19/1 18/23/1 13/18/1
f 18/23/1 14/19/1 35/54/1
f 35/54/1 14/19/1 48/70/1
f 111/156/1 40/62/1 47/69/1
f 40/62/1 111/156/1 39/61/1
f 39/61/1 111/156/1 46/68/1
f 505/731/6 508/735/6 504/729/6
f 508/735/6 505/731/6 510/738/6
f 510/738/6 505/731/6 514/744/6
f 510/738/6 514/744/6 519/751/6
f 519/751/6 514/744/6 512/741/6
f 519/751/6 512/741/6 518/749/6
f 521/755/1 524/759/1 520/753/1
f 524/759/1 521/755/1 526/762/1
f 526/762/1 521/755/1 530/768/1
f 526/762/1 530/768/1 535/775/1
f 535/775/1 530/768/1 528/765/1
f 535/775/1 528/765/1 534/773/1
f 500/721/8 492/705/8 493/707/8
f 492/705/8 500/721/8 494/709/8
f 494/709/8 500/721/8 499/719/8
f 494/709/8 499/719/8 498/717/8
f 496/713/2 503/727/2 495/711/2
f 503/727/2 496/713/2 502/725/2
f 502/725/2 496/713/2 501/723/2
f 501/723/2 496/713/2 497/715/2
f 568/808/31 567/807/31 566/806/31
f 569/809/31 567/807/31 568/808/31
f 569/809/31 570/810/31 567/807/31
f 571/811/31 570/810/31 569/809/31
f 571/811/31 572/812/31 570/810/31
f 573/813/31 572/812/31 571/811/31
f 574/814/31 572/812/31 573/813/31
f 572/812/31 574/814/31 575/815/31
f 578/818/32 577/817/32 576/816/32
f 577/817/32 578/818/32 579/819/32
f 579/819/32 578/818/32 580/820/32
f 580/820/32 578/818/32 581/821/32
f 582/822/32 580/820/32 581/821/32
f 581/821/32 578/818/32 583/823/32
f 583/823/32 578/818/32 584/824/32
f 583/823/32 584/824/32 585/825/32
f 588/828/36 587/827/36 586/826/36
f 587/827/36 588/828/36 589/829/36
f 592/832/18 591/831/6 590/830/6
f 591/831/6 592/832/18 593/833/72
f 596/836/18 595/835/6 594/834/6
f 595/835/6 596/836/18 597/837/72
f 598/838/119 597/837/18 596/836/18
f 597/837/18 598/838/119 599/839/119
f 591/831/2 601/841/2 600/840/2
f 601/841/2 591/831/2 593/833/2
f 602/842/119 593/833/18 592/832/18
f 593/833/18 602/842/119 601/841/119
f 598/838/8 594/834/8 603/843/8
f 594/834/8 598/838/8 596/836/8
f 606/846/6 605/845/6 604/844/6
f 605/845/6 606/846/6 607/847/6
f 610/850/1 609/849/1 608/848/1
f 609/849/1 610/850/1 611/851/1
f 610/850/10 606/846/120 611/851/120
f 606/846/120 610/850/10 607/847/10
f 614/854/121 613/853/10 612/852/10
f 613/853/10 614/854/121 615/855/121
f 617/857/122 614/854/123 616/856/122
f 614/854/123 617/857/122 615/855/124
f 606/846/125 609/849/126 611/851/125
f 609/849/126 606/846/125 604/844/126
f 613/853/6 617/857/6 618/858/6
f 617/857/6 613/853/6 615/855/6
f 616/856/1 612/852/1 619/859/1
f 612/852/1 616/856/1 614/854/1
f 622/862/122 621/861/123 620/860/122
f 621/861/123 622/862/122 623/863/123
f 625/865/6 622/862/6 624/864/6
f 622/862/6 625/865/6 623/863/6
f 628/868/10 627/867/120 626/866/120
f 627/867/120 628/868/10 629/869/10
f 627/867/6 631/871/6 630/870/6
f 631/871/6 627/867/6 629/869/6
f 621/861/121 625/865/10 632/872/10
f 625/865/10 621/861/121 623/863/121
f 627/867/125 633/873/126 626/866/125
f 633/873/126 627/867/127 630/870/126
f 636/876/1 635/875/1 634/874/1
f 635/875/1 636/876/1 637/877/1
f 640/880/1 639/879/1 638/878/1
f 639/879/1 640/880/1 641/881/1
f 637/877/10 642/882/120 635/875/120
f 642/882/120 637/877/10 643/883/10
f 644/884/122 641/881/123 640/880/122
f 641/881/123 644/884/122 645/885/123
f 642/882/125 634/874/126 635/875/125
f 634/874/126 642/882/120 646/886/126
f 641/881/121 647/887/10 639/879/10
f 647/887/10 641/881/121 645/885/121
f 650/891/10 649/889/10 648/888/10
f 649/889/10 650/891/10 651/892/10
f 653/895/2 650/891/2 652/894/2
f 650/891/2 653/895/2 651/892/2
f 653/895/5 655/899/5 654/897/5
f 655/899/5 653/895/5 652/894/5
f 649/889/8 655/899/8 648/888/8
f 655/899/8 649/889/8 654/897/8
f 648/888/1 657/901/1 656/900/1
f 648/888/1 656/900/1 658/902/1
f 655/899/1 657/901/1 648/888/1
f 648/888/1 658/902/1 650/891/1
f 657/901/1 655/899/1 659/903/1
f 652/894/1 659/903/1 655/899/1
f 659/903/1 652/894/1 650/891/1
f 660/904/1 650/891/1 658/902/1
f 659/903/1 650/891/1 661/905/1
f 661/905/1 650/891/1 660/904/1
f 654/898/6 651/893/6 653/896/6
f 651/893/6 654/898/6 649/890/6
f 664/908/1 663/907/1 662/906/1
f 663/907/1 664/908/1 665/910/1
f 666/912/1 665/911/1 664/909/1
f 665/911/1 666/912/1 667/913/1
f 668/914/10 651/892/10 650/891/10
f 651/892/10 668/914/10 669/915/10
f 671/918/2 668/914/2 670/917/2
f 668/914/2 671/918/2 669/915/2
f 671/918/5 652/894/5 653/895/5
f 652/894/5 671/918/5 670/917/5
f 651/892/8 652/894/8 650/891/8
f 652/894/8 651/892/8 653/895/8
f 650/891/1 673/921/1 672/920/1
f 650/891/1 672/920/1 674/922/1
f 652/894/1 673/921/1 650/891/1
f 650/891/1 674/922/1 668/914/1
f 673/921/1 652/894/1 675/923/1
f 670/917/1 675/923/1 652/894/1
f 675/923/1 670/917/1 668/914/1
f 676/924/1 668/914/1 674/922/1
f 675/923/1 668/914/1 677/925/1
f 677/925/1 668/914/1 676/924/1
f 653/896/6 669/916/6 671/919/6
f 669/916/6 653/896/6 651/893/6
f 680/928/1 679/927/1 678/926/1
f 679/927/1 680/928/1 681/930/1
f 682/932/1 681/931/1 680/929/1
f 681/931/1 682/932/1 683/933/1
f 724/990/128 687/938/129 710/966/128
f 685/935/129 710/966/128 687/938/129
f 702/958/130 700/956/131 727/996/130
f 731/1004/131 727/996/132 700/956/131
f 689/942/133 688/940/133 704/960/134
f 715/972/134 704/960/134 688/940/133
f 694/950/135 697/953/136 692/946/135
f 730/1002/137 692/946/135 697/953/138
f 708/964/139 706/962/140 723/988/139
f 717/976/140 723/988/141 706/962/140
f 701/957/142 714/970/142 699/955/143
f 729/1000/143 699/955/143 714/970/144
f 709/965/145 725/992/145 707/963/146
f 728/998/146 707/963/146 725/992/145
f 731/1004/131 700/956/131 719/980/147
f 698/954/147 719/980/147 700/956/131
f 697/953/137 699/955/143 730/1002/137
f 729/1000/143 730/1002/136 699/955/143
f 707/963/148 728/998/148 691/945/149
f 690/943/149 691/945/149 728/998/146
f 703/959/150 702/958/132 726/994/151
f 727/996/130 726/994/150 702/958/130
f 705/961/152 703/959/150 716/974/152
f 726/994/150 716/974/152 703/959/150
f 711/967/153 722/986/153 709/965/145
f 725/992/145 709/965/145 722/986/154
f 686/936/155 721/984/156 684/934/157
f 713/969/156 684/934/155 721/984/156
f 710/966/128 708/964/139 724/990/128
f 723/988/141 724/990/128 708/964/141
f 712/968/158 720/982/158 711/967/154
f 722/986/153 711/967/153 720/982/158
f 718/978/159 696/952/160 693/948/161
f 695/951/161 693/948/161 696/952/159
f 713/969/156 721/984/156 712/968/158
f 720/982/158 712/968/162 721/984/156
f 719/980/163 698/954/163 718/978/159
f 696/952/159 718/978/159 698/954/163
f 706/962/140 705/961/152 717/976/140
f 716/974/152 717/976/140 705/961/152
f 704/960/134 715/972/164 701/957/142
f 714/970/144 701/957/144 715/972/134
f 713/969/8 712/968/8 684/934/8
f 712/968/8 711/967/8 684/934/8
f 684/934/8 711/967/8 685/935/8
f 685/935/8 711/967/8 710/966/8
f 711/967/8 709/965/8 710/966/8
f 710/966/8 709/965/8 708/964/8
f 709/965/8 707/963/8 708/964/8
f 708/964/8 707/963/8 706/962/8
f 707/963/8 691/945/8 706/962/8
f 706/962/8 691/945/8 705/961/8
f 691/945/8 689/942/8 705/961/8
f 689/942/8 704/960/8 705/961/8
f 705/961/8 704/960/8 703/959/8
f 704/960/8 701/957/8 703/959/8
f 703/959/8 701/957/8 702/958/8
f 702/958/8 701/957/8 700/956/8
f 701/957/8 699/955/8 700/956/8
f 700/956/8 699/955/8 698/954/8
f 699/955/8 697/953/8 698/954/8
f 698/954/8 697/953/8 696/952/8
f 697/953/8 694/950/8 696/952/8
f 695/951/8 696/952/8 694/950/8
f 695/951/161 694/950/135 693/948/161
f 692/946/135 693/948/161 694/950/165
f 691/945/149 690/943/149 689/942/133
f 688/940/133 689/942/133 690/943/149
f 687/938/166 686/936/155 685/935/166
f 684/934/155 685/935/166 686/936/155
f 825/1099/167 849/1123/168 831/1105/167
f 829/1103/169 831/1105/170 849/1123/169
f 772/1046/171 835/1109/171 850/1124/172
f 833/1107/172 850/1124/172 835/1109/173
f 820/1094/174 843/1117/174 824/1098/175
f 841/1115/175 824/1098/175 843/1117/174
f 732/1006/112 820/1094/112 756/1030/113
f 824/1098/113 756/1030/113 820/1094/112
f 822/1096/5 818/1092/5 775/1049/106
f 774/1048/106 775/1049/106 818/1092/5
f 745/1019/176 753/1027/177 747/1021/176
f 751/1025/177 747/1021/176 753/1027/177
f 823/1097/178 839/1113/178 818/1092/179
f 817/1091/179 818/1092/179 839/1113/178
f 824/1098/180 841/1115/180 823/1097/181
f 839/1113/181 823/1097/181 841/1115/180
f 758/1032/182 842/1116/182 750/1024/183
f 844/1118/183 750/1024/183 842/1116/182
f 766/1040/184 826/1100/185 834/1108/184
f 832/1106/185 834/1108/186 826/1100/185
f 826/1100/185 825/1099/170 832/1106/185
f 831/1105/167 832/1106/185 825/1099/167
f 748/1022/187 846/1120/187 771/1045/188
f 848/1122/188 771/1045/188 846/1120/187
f 797/1071/189 785/1059/190 769/1043/189
f 768/1042/190 769/1043/189 785/1059/190
f 781/1055/191 779/1053/192 780/1054/191
f 777/1051/193 780/1054/194 779/1053/193
f 742/1016/10 769/1043/43 740/1014/10
f 767/1041/43 740/1014/10 769/1043/43
f 767/1041/195 766/1040/186 836/1110/195
f 834/1108/186 836/1110/195 766/1040/186
f 849/1123/51 737/1011/51 851/1125/1
f 765/1039/1 851/1125/1 737/1011/51
f 751/1025/40 743/1017/47 763/1037/40
f 741/1015/47 763/1037/40 743/1017/47
f 814/1088/107 777/1051/107 850/1124/108
f 776/1050/108 850/1124/108 777/1051/107
f 740/1014/196 767/1041/197 837/1111/196
f 836/1110/197 837/1111/196 767/1041/197
f 802/1076/198 797/1071/199 742/1016/198
f 769/1043/199 742/1016/198 797/1071/199
f 758/1032/182 763/1037/200 842/1116/182
f 840/1114/200 842/1116/182 763/1037/200
f 763/1037/201 741/1015/202 840/1114/201
f 838/1112/202 840/1114/201 741/1015/202
f 827/1101/203 851/1125/203 828/1102/204
f 815/1089/204 828/1102/204 851/1125/203
f 746/1020/205 749/1023/206 744/1018/205
f 813/1087/206 744/1018/205 749/1023/206
f 774/1048/207 816/1090/207 772/1046/173
f 835/1109/173 772/1046/173 816/1090/207
f 829/1103/169 849/1123/169 827/1101/203
f 851/1125/203 827/1101/203 849/1123/169
f 783/1057/208 773/1047/208 778/1052/209
f 776/1050/209 778/1052/209 773/1047/210
f 848/1122/188 847/1121/211 771/1045/188
f 770/1044/211 771/1045/188 847/1121/211
f 845/1119/212 843/1117/174 821/1095/212
f 820/1094/174 821/1095/212 843/1117/174
f 847/1121/213 845/1119/214 770/1044/213
f 821/1095/214 770/1044/213 845/1119/214
f 754/1028/111 823/1097/111 822/1096/5
f 818/1092/5 822/1096/5 823/1097/111
f 759/1033/115 770/1044/115 734/1008/114
f 821/1095/114 734/1008/114 770/1044/115
f 773/1047/105 772/1046/105 776/1050/108
f 850/1124/108 776/1050/108 772/1046/105
f 749/1023/55 748/1022/55 761/1035/6
f 771/1045/6 761/1035/6 748/1022/55
f 851/1125/1 765/1039/1 815/1089/117
f 780/1054/117 815/1089/117 765/1039/1
f 760/1034/215 759/1033/215 735/1009/216
f 734/1008/216 735/1009/216 759/1033/215
f 750/1024/217 844/1118/217 748/1022/218
f 846/1120/218 748/1022/218 844/1118/217
f 830/1104/219 814/1088/219 833/1107/172
f 850/1124/172 833/1107/172 814/1088/220
f 768/1042/45 819/1093/44 766/1040/45
f 826/1100/44 766/1040/45 819/1093/44
f 741/1015/221 740/1014/196 838/1112/221
f 837/1111/196 838/1112/221 740/1014/196
f 795/1069/222 822/1096/222 792/1066/223
f 775/1049/223 792/1066/223 822/1096/222
f 825/1099/49 739/1013/49 849/1123/51
f 737/1011/51 849/1123/51 739/1013/49
f 828/1102/204 815/1089/204 830/1104/220
f 814/1088/219 830/1104/219 815/1089/224
f 848/1122/2 846/1120/2 847/1121/2
f 847/1121/2 846/1120/2 845/1119/2
f 846/1120/2 844/1118/2 845/1119/2
f 845/1119/2 844/1118/2 843/1117/2
f 844/1118/2 842/1116/2 843/1117/2
f 843/1117/2 842/1116/2 841/1115/2
f 842/1116/2 840/1114/2 841/1115/2
f 841/1115/2 840/1114/2 839/1113/2
f 840/1114/2 838/1112/2 839/1113/2
f 839/1113/2 838/1112/2 817/1091/2
f 838/1112/2 837/1111/2 817/1091/2
f 817/1091/2 837/1111/2 816/1090/2
f 837/1111/2 836/1110/2 816/1090/2
f 816/1090/2 836/1110/2 835/1109/2
f 836/1110/2 834/1108/2 835/1109/2
f 835/1109/2 834/1108/2 833/1107/2
f 834/1108/2 832/1106/2 833/1107/2
f 833/1107/2 832/1106/2 830/1104/2
f 832/1106/2 831/1105/2 830/1104/2
f 831/1105/2 829/1103/2 830/1104/2
f 830/1104/2 829/1103/2 828/1102/2
f 827/1101/2 828/1102/2 829/1103/2
f 733/1007/225 732/1006/225 757/1031/226
f 756/1030/226 757/1031/226 732/1006/225
f 826/1100/44 819/1093/44 825/1099/49
f 739/1013/49 825/1099/49 819/1093/44
f 756/1030/113 824/1098/113 754/1028/111
f 823/1097/111 754/1028/111 824/1098/113
f 819/1093/227 782/1056/227 739/1013/228
f 738/1012/229 739/1013/229 782/1056/227
f 755/1029/230 754/1028/230 795/1069/222
f 822/1096/222 795/1069/222 754/1028/230
f 734/1008/114 821/1095/114 732/1006/112
f 820/1094/112 732/1006/112 821/1095/114
f 785/1059/231 782/1056/227 768/1042/231
f 819/1093/227 768/1042/190 782/1056/227
f 818/1092/179 817/1091/179 774/1048/232
f 816/1090/232 774/1048/232 817/1091/179
f 752/1026/233 802/1076/198 743/1017/233
f 742/1016/198 743/1017/233 802/1076/198
f 792/1066/234 775/1049/234 783/1057/208
f 773/1047/208 783/1057/208 775/1049/234
f 813/1087/235 749/1023/235 762/1036/236
f 761/1035/236 762/1036/236 749/1023/235
f 815/1089/117 780/1054/117 814/1088/107
f 777/1051/107 814/1088/107 780/1054/117
f 762/1036/8 760/1034/8 813/1087/8
f 813/1087/8 760/1034/8 744/1018/8
f 760/1034/8 735/1009/8 744/1018/8
f 744/1018/8 735/1009/8 745/1019/8
f 735/1009/8 733/1007/8 745/1019/8
f 733/1007/8 812/1086/8 745/1019/8
f 812/1086/8 811/1085/8 745/1019/8
f 812/1086/8 733/1007/8 810/1084/8
f 811/1085/8 809/1083/8 745/1019/8
f 810/1084/8 733/1007/8 807/1081/8
f 745/1019/8 809/1083/8 753/1027/8
f 733/1007/8 757/1031/8 807/1081/8
f 809/1083/8 808/1082/8 753/1027/8
f 808/1082/8 805/1079/8 753/1027/8
f 753/1027/8 805/1079/8 752/1026/8
f 807/1081/8 757/1031/8 806/1080/8
f 806/1080/8 757/1031/8 801/1075/8
f 757/1031/8 755/1029/8 801/1075/8
f 805/1079/8 804/1078/8 752/1026/8
f 752/1026/8 804/1078/8 802/1076/8
f 804/1078/8 803/1077/8 802/1076/8
f 803/1077/8 799/1073/8 802/1076/8
f 802/1076/8 799/1073/8 797/1071/8
f 801/1075/8 755/1029/8 800/1074/8
f 800/1074/8 755/1029/8 796/1070/8
f 755/1029/8 795/1069/8 796/1070/8
f 799/1073/8 798/1072/8 797/1071/8
f 798/1072/8 791/1065/8 797/1071/8
f 797/1071/8 791/1065/8 785/1059/8
f 796/1070/8 795/1069/8 794/1068/8
f 795/1069/8 792/1066/8 794/1068/8
f 794/1068/8 792/1066/8 793/1067/8
f 793/1067/8 792/1066/8 788/1062/8
f 792/1066/8 783/1057/8 788/1062/8
f 791/1065/8 790/1064/8 785/1059/8
f 790/1064/8 789/1063/8 785/1059/8
f 789/1063/8 784/1058/8 785/1059/8
f 788/1062/8 783/1057/8 787/1061/8
f 787/1061/8 783/1057/8 786/1060/8
f 786/1060/8 783/1057/8 784/1058/8
f 782/1056/8 785/1059/8 784/1058/8
f 784/1058/8 783/1057/8 782/1056/8
f 783/1057/8 778/1052/8 782/1056/8
f 782/1056/8 778/1052/8 738/1012/8
f 778/1052/8 779/1053/8 738/1012/8
f 738/1012/8 779/1053/8 736/1010/8
f 779/1053/8 781/1055/8 736/1010/8
f 764/1038/8 736/1010/8 781/1055/8
f 764/1038/237 781/1055/191 765/1039/237
f 780/1054/191 765/1039/237 781/1055/191
f 779/1053/193 778/1052/209 777/1051/193
f 776/1050/209 777/1051/192 778/1052/209
f 775/1049/106 774/1048/106 773/1047/105
f 772/1046/105 773/1047/105 774/1048/106
f 761/1035/6 771/1045/6 759/1033/115
f 770/1044/115 759/1033/115 771/1045/6
f 769/1043/43 768/1042/45 767/1041/43
f 766/1040/45 767/1041/43 768/1042/45
f 737/1011/238 736/1010/238 765/1039/237
f 764/1038/237 765/1039/237 736/1010/239
f 747/1021/41 751/1025/40 758/1032/41
f 763/1037/40 758/1032/41 751/1025/40
f 762/1036/236 761/1035/236 760/1034/240
f 759/1033/240 760/1034/240 761/1035/236
f 747/1021/41 758/1032/41 746/1020/53
f 750/1024/53 746/1020/53 758/1032/41
f 757/1031/241 756/1030/241 755/1029/242
f 754/1028/242 755/1029/242 756/1030/241
f 753/1027/243 752/1026/233 751/1025/243
f 743/1017/244 751/1025/243 752/1026/244
f 746/1020/53 750/1024/53 749/1023/55
f 748/1022/55 749/1023/55 750/1024/53
f 747/1021/176 746/1020/245 745/1019/176
f 744/1018/245 745/1019/176 746/1020/245
f 743/1017/47 742/1016/10 741/1015/47
f 740/1014/10 741/1015/47 742/1016/10
f 739/1013/229 738/1012/229 737/1011/238
f 736/1010/239 737/1011/239 738/1012/228
f 735/1009/246 734/1008/246 733/1007/225
f 732/1006/225 733/1007/225 734/1008/246
f 875/1149/8 873/1147/8 874/1148/8
f 874/1148/8 873/1147/8 872/1146/8
f 873/1147/8 871/1145/8 872/1146/8
f 872/1146/8 871/1145/8 870/1144/8
f 871/1145/8 869/1143/8 870/1144/8
f 869/1143/8 721/985/8 870/1144/8
f 721/985/8 686/937/8 870/1144/8
f 721/985/8 869/1143/8 720/983/8
f 686/937/8 687/939/8 870/1144/8
f 720/983/8 869/1143/8 722/987/8
f 870/1144/8 687/939/8 868/1142/8
f 869/1143/8 867/1141/8 722/987/8
f 687/939/8 724/991/8 868/1142/8
f 724/991/8 723/989/8 868/1142/8
f 868/1142/8 723/989/8 866/1140/8
f 722/987/8 867/1141/8 725/993/8
f 725/993/8 867/1141/8 728/999/8
f 867/1141/8 864/1138/8 728/999/8
f 723/989/8 717/977/8 866/1140/8
f 866/1140/8 717/977/8 865/1139/8
f 717/977/8 716/975/8 865/1139/8
f 716/975/8 726/995/8 865/1139/8
f 865/1139/8 726/995/8 862/1136/8
f 728/999/8 864/1138/8 690/944/8
f 864/1138/8 863/1137/8 690/944/8
f 690/944/8 863/1137/8 688/941/8
f 688/941/8 863/1137/8 715/973/8
f 863/1137/8 861/1135/8 715/973/8
f 726/995/8 727/997/8 862/1136/8
f 727/997/8 731/1005/8 862/1136/8
f 862/1136/8 731/1005/8 860/1134/8
f 715/973/8 861/1135/8 714/971/8
f 714/971/8 861/1135/8 729/1001/8
f 861/1135/8 859/1133/8 729/1001/8
f 731/1005/8 719/981/8 860/1134/8
f 719/981/8 718/979/8 860/1134/8
f 718/979/8 693/949/8 860/1134/8
f 729/1001/8 859/1133/8 730/1003/8
f 730/1003/8 859/1133/8 692/947/8
f 692/947/8 859/1133/8 693/949/8
f 858/1132/8 860/1134/8 693/949/8
f 693/949/8 859/1133/8 858/1132/8
f 859/1133/8 857/1131/8 858/1132/8
f 858/1132/8 857/1131/8 856/1130/8
f 857/1131/8 855/1129/8 856/1130/8
f 856/1130/8 855/1129/8 853/1127/8
f 855/1129/8 854/1128/8 853/1127/8
f 852/1126/8 853/1127/8 854/1128/8
f 889/1163/247 885/1159/248 888/1162/247
f 883/1157/248 888/1162/247 885/1159/248
f 884/1158/249 898/1172/250 882/1156/249
f 899/1173/251 882/1156/249 898/1172/251
f 897/1171/252 896/1170/252 915/1189/253
f 917/1191/254 915/1189/254 896/1170/252
f 912/1186/255 947/1221/256 913/1187/255
f 937/1211/256 913/1187/257 947/1221/256
f 916/1190/258 893/1167/259 914/1188/258
f 891/1165/260 914/1188/258 893/1167/260
f 892/1166/261 921/1195/262 890/1164/261
f 920/1194/263 890/1164/261 921/1195/263
f 919/1193/264 877/1151/265 918/1192/264
f 876/1150/265 918/1192/264 877/1151/265
f 947/1221/266 887/1161/267 937/1211/266
f 886/1160/267 937/1211/266 887/1161/267
f 946/1220/8 944/1218/8 945/1219/8
f 943/1217/8 945/1219/8 944/1218/8
f 942/1216/8 943/1217/8 944/1218/8
f 941/1215/8 943/1217/8 942/1216/8
f 940/1214/8 941/1215/8 942/1216/8
f 902/1176/8 941/1215/8 940/1214/8
f 902/1176/8 909/1183/8 941/1215/8
f 900/1174/8 902/1176/8 940/1214/8
f 939/1213/8 941/1215/8 909/1183/8
f 938/1212/8 900/1174/8 940/1214/8
f 911/1185/8 939/1213/8 909/1183/8
f 913/1187/8 939/1213/8 911/1185/8
f 936/1210/8 939/1213/8 913/1187/8
f 894/1168/8 900/1174/8 938/1212/8
f 880/1154/8 894/1168/8 938/1212/8
f 935/1209/8 880/1154/8 938/1212/8
f 937/1211/8 936/1210/8 913/1187/8
f 886/1160/8 936/1210/8 937/1211/8
f 934/1208/8 936/1210/8 886/1160/8
f 878/1152/8 880/1154/8 935/1209/8
f 876/1150/8 878/1152/8 935/1209/8
f 932/1206/8 876/1150/8 935/1209/8
f 888/1162/8 934/1208/8 886/1160/8
f 933/1207/8 934/1208/8 888/1162/8
f 883/1157/8 933/1207/8 888/1162/8
f 882/1156/8 933/1207/8 883/1157/8
f 930/1204/8 933/1207/8 882/1156/8
f 918/1192/8 876/1150/8 932/1206/8
f 931/1205/8 918/1192/8 932/1206/8
f 904/1178/8 918/1192/8 931/1205/8
f 905/1179/8 904/1178/8 931/1205/8
f 929/1203/8 905/1179/8 931/1205/8
f 899/1173/8 930/1204/8 882/1156/8
f 928/1202/8 930/1204/8 899/1173/8
f 897/1171/8 928/1202/8 899/1173/8
f 915/1189/8 928/1202/8 897/1171/8
f 914/1188/8 928/1202/8 915/1189/8
f 920/1194/8 905/1179/8 929/1203/8
f 927/1201/8 920/1194/8 929/1203/8
f 890/1164/8 920/1194/8 927/1201/8
f 891/1165/8 890/1164/8 927/1201/8
f 914/1188/8 891/1165/8 927/1201/8
f 926/1200/8 928/1202/8 914/1188/8
f 927/1201/8 926/1200/8 914/1188/8
f 925/1199/8 926/1200/8 927/1201/8
f 923/1197/8 926/1200/8 925/1199/8
f 924/1198/8 923/1197/8 925/1199/8
f 922/1196/8 923/1197/8 924/1198/8
f 921/1195/262 907/1181/268 920/1194/262
f 905/1179/268 920/1194/262 907/1181/268
f 919/1193/264 918/1192/264 906/1180/269
f 904/1178/269 906/1180/269 918/1192/264
f 917/1191/253 916/1190/258 915/1189/253
f 914/1188/258 915/1189/254 916/1190/258
f 913/1187/270 911/1185/271 912/1186/270
f 910/1184/271 912/1186/270 911/1185/271
f 911/1185/272 909/1183/273 910/1184/272
f 908/1182/273 910/1184/272 909/1183/273
f 901/1175/274 900/1174/274 895/1169/275
f 894/1168/275 895/1169/275 900/1174/274
f 909/1183/276 902/1176/277 908/1182/276
f 903/1177/277 908/1182/276 902/1176/277
f 907/1181/278 906/1180/279 905/1179/278
f 904/1178/279 905/1179/278 906/1180/279
f 903/1177/277 902/1176/277 901/1175/280
f 900/1174/280 901/1175/280 902/1176/277
f 899/1173/281 898/1172/281 897/1171/282
f 896/1170/282 897/1171/282 898/1172/281
f 895/1169/283 894/1168/283 881/1155/284
f 880/1154/284 881/1155/285 894/1168/283
f 893/1167/260 892/1166/286 891/1165/260
f 890/1164/286 891/1165/259 892/1166/286
f 889/1163/247 888/1162/247 887/1161/287
f 886/1160/287 887/1161/287 888/1162/247
f 885/1159/288 884/1158/289 883/1157/288
f 882/1156/289 883/1157/288 884/1158/289
f 879/1153/290 881/1155/284 878/1152/290
f 880/1154/284 878/1152/290 881/1155/291
f 879/1153/292 878/1152/292 877/1151/293
f 876/1150/293 877/1151/293 878/1152/292
f 988/1278/294 951/1226/295 974/1254/294
f 949/1223/295 974/1254/294 951/1226/295
f 966/1246/296 964/1244/297 991/1284/296
f 995/1292/297 991/1284/298 964/1244/297
f 953/1230/299 952/1228/299 968/1248/300
f 979/1260/300 968/1248/300 952/1228/299
f 958/1238/301 961/1241/302 956/1234/301
f 994/1290/303 956/1234/301 961/1241/303
f 972/1252/304 970/1250/305 987/1276/304
f 981/1264/305 987/1276/304 970/1250/305
f 965/1245/306 978/1258/306 963/1243/307
f 993/1288/307 963/1243/307 978/1258/306
f 973/1253/308 989/1280/308 971/1251/309
f 992/1286/309 971/1251/309 989/1280/308
f 995/1292/297 964/1244/297 983/1268/310
f 962/1242/310 983/1268/310 964/1244/297
f 961/1241/303 963/1243/307 994/1290/303
f 993/1288/307 994/1290/302 963/1243/307
f 971/1251/311 992/1286/311 955/1233/312
f 954/1231/312 955/1233/313 992/1286/309
f 967/1247/314 966/1246/298 990/1282/314
f 991/1284/296 990/1282/314 966/1246/296
f 969/1249/315 967/1247/314 980/1262/315
f 990/1282/314 980/1262/315 967/1247/314
f 975/1255/316 986/1274/316 973/1253/308
f 989/1280/308 973/1253/308 986/1274/317
f 950/1224/318 985/1272/319 948/1222/320
f 977/1257/319 948/1222/318 985/1272/319
f 974/1254/294 972/1252/304 988/1278/294
f 987/1276/321 988/1278/294 972/1252/321
f 976/1256/322 984/1270/322 975/1255/317
f 986/1274/316 975/1255/323 984/1270/322
f 982/1266/324 960/1240/325 957/1236/326
f 959/1239/326 957/1236/326 960/1240/324
f 977/1257/319 985/1272/319 976/1256/322
f 984/1270/322 976/1256/327 985/1272/319
f 983/1268/328 962/1242/328 982/1266/324
f 960/1240/324 982/1266/324 962/1242/328
f 970/1250/305 969/1249/315 981/1264/305
f 980/1262/315 981/1264/305 969/1249/315
f 968/1248/300 979/1260/300 965/1245/329
f 978/1258/306 965/1245/330 979/1260/300
f 977/1257/2 976/1256/2 948/1222/2
f 976/1256/2 975/1255/2 948/1222/2
f 948/1222/2 975/1255/2 949/1223/2
f 949/1223/2 975/1255/2 974/1254/2
f 975/1255/2 973/1253/2 974/1254/2
f 974/1254/2 973/1253/2 972/1252/2
f 973/1253/2 971/1251/2 972/1252/2
f 972/1252/2 971/1251/2 970/1250/2
f 971/1251/2 955/1233/2 970/1250/2
f 970/1250/2 955/1233/2 969/1249/2
f 955/1233/2 953/1230/2 969/1249/2
f 953/1230/2 968/1248/2 969/1249/2
f 969/1249/2 968/1248/2 967/1247/2
f 968/1248/2 965/1245/2 967/1247/2
f 967/1247/2 965/1245/2 966/1246/2
f 966/1246/2 965/1245/2 964/1244/2
f 965/1245/2 963/1243/2 964/1244/2
f 964/1244/2 963/1243/2 962/1242/2
f 963/1243/2 961/1241/2 962/1242/2
f 962/1242/2 961/1241/2 960/1240/2
f 961/1241/2 958/1238/2 960/1240/2
f 959/1239/2 960/1240/2 958/1238/2
f 959/1239/326 958/1238/301 957/1236/326
f 956/1234/301 957/1236/326 958/1238/331
f 955/1233/312 954/1231/312 953/1230/299
f 952/1228/299 953/1230/299 954/1231/312
f 951/1226/332 950/1224/318 949/1223/332
f 948/1222/318 949/1223/332 950/1224/318
f 1089/1387/205 1113/1411/206 1095/1393/205
f 1093/1391/206 1095/1393/205 1113/1411/206
f 1036/1334/226 1099/1397/226 1114/1412/225
f 1097/1395/225 1114/1412/225 1099/1397/226
f 1084/1382/209 1107/1405/209 1088/1386/210
f 1105/1403/208 1088/1386/208 1107/1405/209
f 996/1294/108 1084/1382/108 1020/1318/105
f 1088/1386/105 1020/1318/105 1084/1382/108
f 1086/1384/5 1082/1380/5 1039/1337/111
f 1038/1336/111 1039/1337/111 1082/1380/5
f 1009/1307/185 1017/1315/186 1011/1309/185
f 1015/1313/184 1011/1309/185 1017/1315/184
f 1087/1385/223 1103/1401/223 1082/1380/222
f 1081/1379/222 1082/1380/222 1103/1401/223
f 1088/1386/208 1105/1403/208 1087/1385/234
f 1103/1401/234 1087/1385/234 1105/1403/208
f 1022/1320/227 1106/1404/227 1014/1312/228
f 1108/1406/229 1014/1312/229 1106/1404/227
f 1030/1328/177 1090/1388/176 1098/1396/177
f 1096/1394/176 1098/1396/177 1090/1388/176
f 1090/1388/176 1089/1387/245 1096/1394/176
f 1095/1393/245 1096/1394/176 1089/1387/245
f 1012/1310/238 1110/1408/238 1035/1333/237
f 1112/1410/237 1035/1333/237 1110/1408/239
f 1061/1359/202 1049/1347/201 1033/1331/202
f 1032/1330/201 1033/1331/202 1049/1347/201
f 1045/1343/213 1043/1341/214 1044/1342/213
f 1041/1339/214 1044/1342/213 1043/1341/214
f 1006/1304/10 1033/1331/47 1004/1302/10
f 1031/1329/47 1004/1302/10 1033/1331/47
f 1031/1329/244 1030/1328/243 1100/1398/244
f 1098/1396/243 1100/1398/244 1030/1328/243
f 1113/1411/55 1001/1299/55 1115/1413/6
f 1029/1327/6 1115/1413/6 1001/1299/55
f 1015/1313/45 1007/1305/43 1027/1325/45
f 1005/1303/43 1027/1325/45 1007/1305/43
f 1078/1376/114 1041/1339/114 1114/1412/112
f 1040/1338/112 1114/1412/112 1041/1339/114
f 1004/1302/198 1031/1329/233 1101/1399/198
f 1100/1398/233 1101/1399/198 1031/1329/233
f 1066/1364/196 1061/1359/221 1006/1304/196
f 1033/1331/221 1006/1304/196 1061/1359/221
f 1022/1320/227 1027/1325/190 1106/1404/227
f 1104/1402/190 1106/1404/227 1027/1325/190
f 1027/1325/190 1005/1303/189 1104/1402/190
f 1102/1400/189 1104/1402/231 1005/1303/189
f 1091/1389/236 1115/1413/236 1092/1390/240
f 1079/1377/240 1092/1390/240 1115/1413/236
f 1010/1308/167 1013/1311/168 1008/1306/167
f 1077/1375/169 1008/1306/170 1013/1311/169
f 1038/1336/242 1080/1378/242 1036/1334/241
f 1099/1397/241 1036/1334/241 1080/1378/242
f 1093/1391/235 1113/1411/235 1091/1389/236
f 1115/1413/236 1091/1389/236 1113/1411/235
f 1047/1345/175 1037/1335/175 1042/1340/174
f 1040/1338/174 1042/1340/174 1037/1335/175
f 1112/1410/237 1111/1409/191 1035/1333/237
f 1034/1332/191 1035/1333/237 1111/1409/191
f 1109/1407/193 1107/1405/209 1085/1383/193
f 1084/1382/209 1085/1383/192 1107/1405/209
f 1111/1409/191 1109/1407/192 1034/1332/191
f 1085/1383/193 1034/1332/194 1109/1407/193
f 1018/1316/106 1087/1385/106 1086/1384/5
f 1082/1380/5 1086/1384/5 1087/1385/333
f 1023/1321/117 1034/1332/117 998/1296/107
f 1085/1383/107 998/1296/107 1034/1332/117
f 1037/1335/113 1036/1334/113 1040/1338/112
f 1114/1412/112 1040/1338/112 1036/1334/113
f 1013/1311/51 1012/1310/51 1025/1323/1
f 1035/1333/1 1025/1323/1 1012/1310/51
f 1115/1413/6 1029/1327/6 1079/1377/115
f 1044/1342/115 1079/1377/115 1029/1327/6
f 1024/1322/204 1023/1321/204 999/1297/220
f 998/1296/219 999/1297/219 1023/1321/224
f 1014/1312/229 1108/1406/229 1012/1310/238
f 1110/1408/239 1012/1310/239 1108/1406/228
f 1094/1392/246 1078/1376/246 1097/1395/225
f 1114/1412/225 1097/1395/225 1078/1376/246
f 1032/1330/40 1083/1381/41 1030/1328/40
f 1090/1388/41 1030/1328/40 1083/1381/41
f 1005/1303/199 1004/1302/198 1102/1400/199
f 1101/1399/198 1102/1400/199 1004/1302/198
f 1059/1357/179 1086/1384/179 1056/1354/178
f 1039/1337/178 1056/1354/178 1086/1384/179
f 1089/1387/53 1003/1301/53 1113/1411/55
f 1001/1299/55 1113/1411/55 1003/1301/76
f 1092/1390/215 1079/1377/215 1094/1392/216
f 1078/1376/216 1094/1392/216 1079/1377/215
f 1112/1410/8 1110/1408/8 1111/1409/8
f 1111/1409/8 1110/1408/8 1109/1407/8
f 1110/1408/8 1108/1406/8 1109/1407/8
f 1109/1407/8 1108/1406/8 1107/1405/8
f 1108/1406/8 1106/1404/8 1107/1405/8
f 1107/1405/8 1106/1404/8 1105/1403/8
f 1106/1404/8 1104/1402/8 1105/1403/8
f 1105/1403/8 1104/1402/8 1103/1401/8
f 1104/1402/8 1102/1400/8 1103/1401/8
f 1103/1401/8 1102/1400/8 1081/1379/8
f 1102/1400/8 1101/1399/8 1081/1379/8
f 1081/1379/8 1101/1399/8 1080/1378/8
f 1101/1399/8 1100/1398/8 1080/1378/8
f 1080/1378/8 1100/1398/8 1099/1397/8
f 1100/1398/8 1098/1396/8 1099/1397/8
f 1099/1397/8 1098/1396/8 1097/1395/8
f 1098/1396/8 1096/1394/8 1097/1395/8
f 1097/1395/8 1096/1394/8 1094/1392/8
f 1096/1394/8 1095/1393/8 1094/1392/8
f 1095/1393/8 1093/1391/8 1094/1392/8
f 1094/1392/8 1093/1391/8 1092/1390/8
f 1091/1389/8 1092/1390/8 1093/1391/8
f 997/1295/172 996/1294/172 1021/1319/173
f 1020/1318/171 1021/1319/171 996/1294/172
f 1090/1388/41 1083/1381/41 1089/1387/53
f 1003/1301/53 1089/1387/53 1083/1381/41
f 1020/1318/105 1088/1386/105 1018/1316/106
f 1087/1385/106 1018/1316/106 1088/1386/105
f 1083/1381/182 1046/1344/182 1003/1301/183
f 1002/1300/183 1003/1301/183 1046/1344/182
f 1019/1317/232 1018/1316/232 1059/1357/179
f 1086/1384/179 1059/1357/179 1018/1316/232
f 998/1296/107 1085/1383/107 996/1294/108
f 1084/1382/108 996/1294/108 1085/1383/107
f 1049/1347/200 1046/1344/182 1032/1330/200
f 1083/1381/182 1032/1330/200 1046/1344/182
f 1082/1380/222 1081/1379/222 1038/1336/230
f 1080/1378/230 1038/1336/230 1081/1379/222
f 1016/1314/197 1066/1364/196 1007/1305/197
f 1006/1304/196 1007/1305/197 1066/1364/196
f 1056/1354/181 1039/1337/181 1047/1345/180
f 1037/1335/180 1047/1345/180 1039/1337/181
f 1077/1375/169 1013/1311/169 1026/1324/203
f 1025/1323/203 1026/1324/203 1013/1311/168
f 1079/1377/115 1044/1342/115 1078/1376/114
f 1041/1339/114 1078/1376/114 1044/1342/115
f 1026/1324/2 1024/1322/2 1077/1375/2
f 1077/1375/2 1024/1322/2 1008/1306/2
f 1024/1322/2 999/1297/2 1008/1306/2
f 1008/1306/2 999/1297/2 1009/1307/2
f 999/1297/2 997/1295/2 1009/1307/2
f 997/1295/2 1076/1374/2 1009/1307/2
f 1076/1374/2 1075/1373/2 1009/1307/2
f 1076/1374/2 997/1295/2 1074/1372/2
f 1075/1373/2 1073/1371/2 1009/1307/2
f 1074/1372/2 997/1295/2 1071/1369/2
f 1009/1307/2 1073/1371/2 1017/1315/2
f 997/1295/2 1021/1319/2 1071/1369/2
f 1073/1371/2 1072/1370/2 1017/1315/2
f 1072/1370/2 1069/1367/2 1017/1315/2
f 1017/1315/2 1069/1367/2 1016/1314/2
f 1071/1369/2 1021/1319/2 1070/1368/2
f 1070/1368/2 1021/1319/2 1065/1363/2
f 1021/1319/2 1019/1317/2 1065/1363/2
f 1069/1367/2 1068/1366/2 1016/1314/2
f 1016/1314/2 1068/1366/2 1066/1364/2
f 1068/1366/2 1067/1365/2 1066/1364/2
f 1067/1365/2 1063/1361/2 1066/1364/2
f 1066/1364/2 1063/1361/2 1061/1359/2
f 1065/1363/2 1019/1317/2 1064/1362/2
f 1064/1362/2 1019/1317/2 1060/1358/2
f 1019/1317/2 1059/1357/2 1060/1358/2
f 1063/1361/2 1062/1360/2 1061/1359/2
f 1062/1360/2 1055/1353/2 1061/1359/2
f 1061/1359/2 1055/1353/2 1049/1347/2
f 1060/1358/2 1059/1357/2 1058/1356/2
f 1059/1357/2 1056/1354/2 1058/1356/2
f 1058/1356/2 1056/1354/2 1057/1355/2
f 1057/1355/2 1056/1354/2 1052/1350/2
f 1056/1354/2 1047/1345/2 1052/1350/2
f 1055/1353/2 1054/1352/2 1049/1347/2
f 1054/1352/2 1053/1351/2 1049/1347/2
f 1053/1351/2 1048/1346/2 1049/1347/2
f 1052/1350/2 1047/1345/2 1051/1349/2
f 1051/1349/2 1047/1345/2 1050/1348/2
f 1050/1348/2 1047/1345/2 1048/1346/2
f 1046/1344/2 1049/1347/2 1048/1346/2
f 1048/1346/2 1047/1345/2 1046/1344/2
f 1047/1345/2 1042/1340/2 1046/1344/2
f 1046/1344/2 1042/1340/2 1002/1300/2
f 1042/1340/2 1043/1341/2 1002/1300/2
f 1002/1300/2 1043/1341/2 1000/1298/2
f 1043/1341/2 1045/1343/2 1000/1298/2
f 1028/1326/2 1000/1298/2 1045/1343/2
f 1028/1326/188 1045/1343/211 1029/1327/188
f 1044/1342/211 1029/1327/188 1045/1343/211
f 1043/1341/212 1042/1340/174 1041/1339/212
f 1040/1338/174 1041/1339/212 1042/1340/174
f 1039/1337/111 1038/1336/111 1037/1335/113
f 1036/1334/113 1037/1335/113 1038/1336/334
f 1025/1323/1 1035/1333/1 1023/1321/117
f 1034/1332/117 1023/1321/117 1035/1333/1
f 1033/1331/47 1032/1330/40 1031/1329/47
f 1030/1328/40 1031/1329/47 1032/1330/40
f 1001/1299/187 1000/1298/187 1029/1327/188
f 1028/1326/188 1029/1327/188 1000/1298/187
f 1011/1309/44 1015/1313/45 1022/1320/44
f 1027/1325/45 1022/1320/44 1015/1313/45
f 1026/1324/203 1025/1323/203 1024/1322/204
f 1023/1321/204 1024/1322/204 1025/1323/203
f 1011/1309/44 1022/1320/44 1010/1308/49
f 1014/1312/49 1010/1308/49 1022/1320/44
f 1021/1319/173 1020/1318/173 1019/1317/207
f 1018/1316/207 1019/1317/207 1020/1318/173
f 1017/1315/186 1016/1314/195 1015/1313/186
f 1007/1305/195 1015/1313/186 1016/1314/195
f 1010/1308/49 1014/1312/49 1013/1311/51
f 1012/1310/51 1013/1311/51 1014/1312/49
f 1011/1309/185 1010/1308/170 1009/1307/185
f 1008/1306/167 1009/1307/185 1010/1308/167
f 1007/1305/43 1006/1304/10 1005/1303/43
f 1004/1302/10 1005/1303/43 1006/1304/10
f 1003/1301/217 1002/1300/217 1001/1299/218
f 1000/1298/218 1001/1299/218 1002/1300/217
f 999/1297/219 998/1296/219 997/1295/172
f 996/1294/172 997/1295/172 998/1296/220
f 1139/1437/2 1137/1435/2 1138/1436/2
f 1138/1436/2 1137/1435/2 1136/1434/2
f 1137/1435/2 1135/1433/2 1136/1434/2
f 1136/1434/2 1135/1433/2 1134/1432/2
f 1135/1433/2 1133/1431/2 1134/1432/2
f 1133/1431/2 985/1273/2 1134/1432/2
f 985/1273/2 950/1225/2 1134/1432/2
f 985/1273/2 1133/1431/2 984/1271/2
f 950/1225/2 951/1227/2 1134/1432/2
f 984/1271/2 1133/1431/2 986/1275/2
f 1134/1432/2 951/1227/2 1132/1430/2
f 1133/1431/2 1131/1429/2 986/1275/2
f 951/1227/2 988/1279/2 1132/1430/2
f 988/1279/2 987/1277/2 1132/1430/2
f 1132/1430/2 987/1277/2 1130/1428/2
f 986/1275/2 1131/1429/2 989/1281/2
f 989/1281/2 1131/1429/2 992/1287/2
f 1131/1429/2 1128/1426/2 992/1287/2
f 987/1277/2 981/1265/2 1130/1428/2
f 1130/1428/2 981/1265/2 1129/1427/2
f 981/1265/2 980/1263/2 1129/1427/2
f 980/1263/2 990/1283/2 1129/1427/2
f 1129/1427/2 990/1283/2 1126/1424/2
f 992/1287/2 1128/1426/2 954/1232/2
f 1128/1426/2 1127/1425/2 954/1232/2
f 954/1232/2 1127/1425/2 952/1229/2
f 952/1229/2 1127/1425/2 979/1261/2
f 1127/1425/2 1125/1423/2 979/1261/2
f 990/1283/2 991/1285/2 1126/1424/2
f 991/1285/2 995/1293/2 1126/1424/2
f 1126/1424/2 995/1293/2 1124/1422/2
f 979/1261/2 1125/1423/2 978/1259/2
f 978/1259/2 1125/1423/2 993/1289/2
f 1125/1423/2 1123/1421/2 993/1289/2
f 995/1293/2 983/1269/2 1124/1422/2
f 983/1269/2 982/1267/2 1124/1422/2
f 982/1267/2 957/1237/2 1124/1422/2
f 993/1289/2 1123/1421/2 994/1291/2
f 994/1291/2 1123/1421/2 956/1235/2
f 956/1235/2 1123/1421/2 957/1237/2
f 1122/1420/2 1124/1422/2 957/1237/2
f 957/1237/2 1123/1421/2 1122/1420/2
f 1123/1421/2 1121/1419/2 1122/1420/2
f 1122/1420/2 1121/1419/2 1120/1418/2
f 1121/1419/2 1119/1417/2 1120/1418/2
f 1120/1418/2 1119/1417/2 1117/1415/2
f 1119/1417/2 1118/1416/2 1117/1415/2
f 1116/1414/2 1117/1415/2 1118/1416/2
f 1153/1451/335 1149/1447/336 1152/1450/335
f 1147/1445/336 1152/1450/335 1149/1447/336
f 1148/1446/337 1162/1460/338 1146/1444/337
f 1163/1461/338 1146/1444/337 1162/1460/338
f 1161/1459/339 1160/1458/339 1179/1477/340
f 1181/1479/340 1179/1477/340 1160/1458/339
f 1176/1474/341 1211/1509/342 1177/1475/341
f 1201/1499/343 1177/1475/344 1211/1509/343
f 1180/1478/345 1157/1455/346 1178/1476/345
f 1155/1453/346 1178/1476/345 1157/1455/346
f 1156/1454/347 1185/1483/348 1154/1452/347
f 1184/1482/348 1154/1452/347 1185/1483/349
f 1183/1481/350 1141/1439/351 1182/1480/350
f 1140/1438/351 1182/1480/350 1141/1439/351
f 1211/1509/342 1151/1449/352 1201/1499/342
f 1150/1448/352 1201/1499/342 1151/1449/352
f 1210/1508/2 1208/1506/2 1209/1507/2
f 1207/1505/2 1209/1507/2 1208/1506/2
f 1206/1504/2 1207/1505/2 1208/1506/2
f 1205/1503/2 1207/1505/2 1206/1504/2
f 1204/1502/2 1205/1503/2 1206/1504/2
f 1166/1464/2 1205/1503/2 1204/1502/2
f 1166/1464/2 1173/1471/2 1205/1503/2
f 1164/1462/2 1166/1464/2 1204/1502/2
f 1203/1501/2 1205/1503/2 1173/1471/2
f 1202/1500/2 1164/1462/2 1204/1502/2
f 1175/1473/2 1203/1501/2 1173/1471/2
f 1177/1475/2 1203/1501/2 1175/1473/2
f 1200/1498/2 1203/1501/2 1177/1475/2
f 1158/1456/2 1164/1462/2 1202/1500/2
f 1144/1442/2 1158/1456/2 1202/1500/2
f 1199/1497/2 1144/1442/2 1202/1500/2
f 1201/1499/2 1200/1498/2 1177/1475/2
f 1150/1448/2 1200/1498/2 1201/1499/2
f 1198/1496/2 1200/1498/2 1150/1448/2
f 1142/1440/2 1144/1442/2 1199/1497/2
f 1140/1438/2 1142/1440/2 1199/1497/2
f 1196/1494/2 1140/1438/2 1199/1497/2
f 1152/1450/2 1198/1496/2 1150/1448/2
f 1197/1495/2 1198/1496/2 1152/1450/2
f 1147/1445/2 1197/1495/2 1152/1450/2
f 1146/1444/2 1197/1495/2 1147/1445/2
f 1194/1492/2 1197/1495/2 1146/1444/2
f 1182/1480/2 1140/1438/2 1196/1494/2
f 1195/1493/2 1182/1480/2 1196/1494/2
f 1168/1466/2 1182/1480/2 1195/1493/2
f 1169/1467/2 1168/1466/2 1195/1493/2
f 1193/1491/2 1169/1467/2 1195/1493/2
f 1163/1461/2 1194/1492/2 1146/1444/2
f 1192/1490/2 1194/1492/2 1163/1461/2
f 1161/1459/2 1192/1490/2 1163/1461/2
f 1179/1477/2 1192/1490/2 1161/1459/2
f 1178/1476/2 1192/1490/2 1179/1477/2
f 1184/1482/2 1169/1467/2 1193/1491/2
f 1191/1489/2 1184/1482/2 1193/1491/2
f 1154/1452/2 1184/1482/2 1191/1489/2
f 1155/1453/2 1154/1452/2 1191/1489/2
f 1178/1476/2 1155/1453/2 1191/1489/2
f 1190/1488/2 1192/1490/2 1178/1476/2
f 1191/1489/2 1190/1488/2 1178/1476/2
f 1189/1487/2 1190/1488/2 1191/1489/2
f 1187/1485/2 1190/1488/2 1189/1487/2
f 1188/1486/2 1187/1485/2 1189/1487/2
f 1186/1484/2 1187/1485/2 1188/1486/2
f 1185/1483/348 1171/1469/353 1184/1482/348
f 1169/1467/353 1184/1482/348 1171/1469/353
f 1183/1481/350 1182/1480/350 1170/1468/354
f 1168/1466/354 1170/1468/354 1182/1480/350
f 1181/1479/355 1180/1478/345 1179/1477/355
f 1178/1476/345 1179/1477/355 1180/1478/345
f 1177/1475/356 1175/1473/357 1176/1474/356
f 1174/1472/357 1176/1474/356 1175/1473/357
f 1175/1473/358 1173/1471/359 1174/1472/358
f 1172/1470/360 1174/1472/358 1173/1471/360
f 1165/1463/361 1164/1462/361 1159/1457/362
f 1158/1456/362 1159/1457/362 1164/1462/363
f 1173/1471/360 1166/1464/364 1172/1470/360
f 1167/1465/364 1172/1470/359 1166/1464/364
f 1171/1469/365 1170/1468/366 1169/1467/365
f 1168/1466/366 1169/1467/365 1170/1468/366
f 1167/1465/364 1166/1464/364 1165/1463/363
f 1164/1462/361 1165/1463/361 1166/1464/364
f 1163/1461/367 1162/1460/367 1161/1459/368
f 1160/1458/368 1161/1459/368 1162/1460/367
f 1159/1457/369 1158/1456/369 1145/1443/370
f 1144/1442/371 1145/1443/371 1158/1456/369
f 1157/1455/372 1156/1454/373 1155/1453/372
f 1154/1452/373 1155/1453/372 1156/1454/373
f 1153/1451/335 1152/1450/335 1151/1449/374
f 1150/1448/374 1151/1449/374 1152/1450/335
f 1149/1447/375 1148/1446/376 1147/1445/375
f 1146/1444/376 1147/1445/375 1148/1446/376
f 1143/1441/377 1145/1443/370 1142/1440/377
f 1144/1442/370 1142/1440/377 1145/1443/378
f 1143/1441/379 1142/1440/379 1141/1439/380
f 1140/1438/380 1141/1439/380 1142/1440/379
f 1252/1566/128 1215/1514/129 1238/1542/128
f 1213/1511/166 1238/1542/128 1215/1514/166
f 1230/1534/132 1228/1532/131 1255/1572/132
f 1259/1580/131 1255/1572/132 1228/1532/131
f 1217/1518/133 1216/1516/133 1232/1536/134
f 1243/1548/134 1232/1536/134 1216/1516/133
f 1222/1526/135 1225/1529/136 1220/1522/135
f 1258/1578/137 1220/1522/135 1225/1529/137
f 1236/1540/139 1234/1538/381 1251/1564/139
f 1245/1552/140 1251/1564/141 1234/1538/140
f 1229/1533/142 1242/1546/142 1227/1531/143
f 1257/1576/143 1227/1531/143 1242/1546/144
f 1237/1541/145 1253/1568/145 1235/1539/146
f 1256/1574/146 1235/1539/382 1253/1568/145
f 1259/1580/131 1228/1532/131 1247/1556/163
f 1226/1530/147 1247/1556/147 1228/1532/131
f 1225/1529/137 1227/1531/143 1258/1578/137
f 1257/1576/143 1258/1578/136 1227/1531/143
f 1235/1539/146 1256/1574/146 1219/1521/383
f 1218/1519/149 1219/1521/149 1256/1574/148
f 1231/1535/150 1230/1534/130 1254/1570/150
f 1255/1572/130 1254/1570/150 1230/1534/130
f 1233/1537/152 1231/1535/150 1244/1550/152
f 1254/1570/150 1244/1550/152 1231/1535/384
f 1239/1543/154 1250/1562/154 1237/1541/145
f 1253/1568/145 1237/1541/145 1250/1562/154
f 1214/1512/155 1249/1560/156 1212/1510/155
f 1241/1545/156 1212/1510/155 1249/1560/156
f 1238/1542/128 1236/1540/139 1252/1566/128
f 1251/1564/139 1252/1566/128 1236/1540/385
f 1240/1544/158 1248/1558/158 1239/1543/154
f 1250/1562/154 1239/1543/154 1248/1558/158
f 1246/1554/159 1224/1528/160 1221/1524/161
f 1223/1527/161 1221/1524/161 1224/1528/159
f 1241/1545/156 1249/1560/156 1240/1544/158
f 1248/1558/158 1240/1544/386 1249/1560/156
f 1247/1556/163 1226/1530/163 1246/1554/159
f 1224/1528/159 1246/1554/159 1226/1530/163
f 1234/1538/140 1233/1537/152 1245/1552/140
f 1244/1550/152 1245/1552/140 1233/1537/152
f 1232/1536/134 1243/1548/134 1229/1533/144
f 1242/1546/144 1229/1533/144 1243/1548/134
f 1241/1545/8 1240/1544/8 1212/1510/8
f 1240/1544/8 1239/1543/8 1212/1510/8
f 1212/1510/8 1239/1543/8 1213/1511/8
f 1213/1511/8 1239/1543/8 1238/1542/8
f 1239/1543/8 1237/1541/8 1238/1542/8
f 1238/1542/8 1237/1541/8 1236/1540/8
f 1237/1541/8 1235/1539/8 1236/1540/8
f 1236/1540/8 1235/1539/8 1234/1538/8
f 1235/1539/8 1219/1521/8 1234/1538/8
f 1234/1538/8 1219/1521/8 1233/1537/8
f 1219/1521/8 1217/1518/8 1233/1537/8
f 1217/1518/8 1232/1536/8 1233/1537/8
f 1233/1537/8 1232/1536/8 1231/1535/8
f 1232/1536/8 1229/1533/8 1231/1535/8
f 1231/1535/8 1229/1533/8 1230/1534/8
f 1230/1534/8 1229/1533/8 1228/1532/8
f 1229/1533/8 1227/1531/8 1228/1532/8
f 1228/1532/8 1227/1531/8 1226/1530/8
f 1227/1531/8 1225/1529/8 1226/1530/8
f 1226/1530/8 1225/1529/8 1224/1528/8
f 1225/1529/8 1222/1526/8 1224/1528/8
f 1223/1527/8 1224/1528/8 1222/1526/8
f 1223/1527/161 1222/1526/135 1221/1524/161
f 1220/1522/135 1221/1524/161 1222/1526/165
f 1219/1521/149 1218/1519/149 1217/1518/133
f 1216/1516/133 1217/1518/133 1218/1519/149
f 1215/1514/166 1214/1512/155 1213/1511/166
f 1212/1510/155 1213/1511/166 1214/1512/155
f 1353/1675/170 1377/1699/168 1359/1681/170
f 1357/1679/168 1359/1681/170 1377/1699/168
f 1300/1622/171 1363/1685/171 1378/1700/172
f 1361/1683/172 1378/1700/172 1363/1685/171
f 1348/1670/174 1371/1693/174 1352/1674/175
f 1369/1691/180 1352/1674/180 1371/1693/174
f 1260/1582/112 1348/1670/112 1284/1606/113
f 1352/1674/113 1284/1606/113 1348/1670/112
f 1350/1672/5 1346/1668/5 1303/1625/106
f 1302/1624/106 1303/1625/106 1346/1668/5
f 1273/1595/176 1281/1603/243 1275/1597/176
f 1279/1601/177 1275/1597/176 1281/1603/177
f 1351/1673/178 1367/1689/178 1346/1668/179
f 1345/1667/179 1346/1668/179 1367/1689/178
f 1352/1674/180 1369/1691/180 1351/1673/181
f 1367/1689/181 1351/1673/181 1369/1691/180
f 1286/1608/182 1370/1692/182 1278/1600/217
f 1372/1694/217 1278/1600/217 1370/1692/182
f 1294/1616/184 1354/1676/185 1362/1684/184
f 1360/1682/185 1362/1684/186 1354/1676/185
f 1354/1676/185 1353/1675/167 1360/1682/185
f 1359/1681/167 1360/1682/185 1353/1675/167
f 1276/1598/218 1374/1696/218 1299/1621/188
f 1376/1698/188 1299/1621/188 1374/1696/187
f 1325/1647/189 1313/1635/190 1297/1619/189
f 1296/1618/190 1297/1619/189 1313/1635/190
f 1309/1631/194 1307/1629/192 1308/1630/194
f 1305/1627/192 1308/1630/194 1307/1629/192
f 1270/1592/10 1297/1619/43 1268/1590/10
f 1295/1617/43 1268/1590/10 1297/1619/43
f 1295/1617/195 1294/1616/186 1364/1686/195
f 1362/1684/186 1364/1686/195 1294/1616/186
f 1377/1699/51 1265/1587/51 1379/1701/1
f 1293/1615/1 1379/1701/1 1265/1587/51
f 1279/1601/40 1271/1593/47 1291/1613/40
f 1269/1591/47 1291/1613/40 1271/1593/47
f 1342/1664/107 1305/1627/107 1378/1700/108
f 1304/1626/108 1378/1700/108 1305/1627/107
f 1268/1590/196 1295/1617/197 1365/1687/196
f 1364/1686/197 1365/1687/196 1295/1617/197
f 1330/1652/198 1325/1647/199 1270/1592/198
f 1297/1619/199 1270/1592/198 1325/1647/199
f 1286/1608/182 1291/1613/201 1370/1692/182
f 1368/1690/200 1370/1692/182 1291/1613/200
f 1291/1613/201 1269/1591/221 1368/1690/201
f 1366/1688/202 1368/1690/201 1269/1591/202
f 1355/1677/203 1379/1701/203 1356/1678/204
f 1343/1665/204 1356/1678/204 1379/1701/203
f 1274/1596/245 1277/1599/206 1272/1594/245
f 1341/1663/206 1272/1594/245 1277/1599/206
f 1302/1624/207 1344/1666/207 1300/1622/173
f 1363/1685/173 1300/1622/173 1344/1666/207
f 1357/1679/169 1377/1699/169 1355/1677/203
f 1379/1701/203 1355/1677/203 1377/1699/169
f 1311/1633/210 1301/1623/210 1306/1628/209
f 1304/1626/209 1306/1628/209 1301/1623/210
f 1376/1698/188 1375/1697/211 1299/1621/188
f 1298/1620/213 1299/1621/188 1375/1697/213
f 1373/1695/214 1371/1693/174 1349/1671/214
f 1348/1670/174 1349/1671/214 1371/1693/174
f 1375/1697/213 1373/1695/212 1298/1620/213
f 1349/1671/212 1298/1620/213 1373/1695/212
f 1282/1604/111 1351/1673/111 1350/1672/5
f 1346/1668/5 1350/1672/5 1351/1673/111
f 1287/1609/115 1298/1620/115 1262/1584/114
f 1349/1671/114 1262/1584/114 1298/1620/115
f 1301/1623/105 1300/1622/105 1304/1626/108
f 1378/1700/108 1304/1626/108 1300/1622/105
f 1277/1599/55 1276/1598/55 1289/1611/6
f 1299/1621/6 1289/1611/6 1276/1598/55
f 1379/1701/1 1293/1615/1 1343/1665/117
f 1308/1630/117 1343/1665/117 1293/1615/1
f 1288/1610/215 1287/1609/215 1263/1585/246
f 1262/1584/246 1263/1585/246 1287/1609/215
f 1278/1600/183 1372/1694/183 1276/1598/218
f 1374/1696/218 1276/1598/218 1372/1694/183
f 1358/1680/219 1342/1664/219 1361/1683/172
f 1378/1700/172 1361/1683/172 1342/1664/219
f 1296/1618/45 1347/1669/44 1294/1616/45
f 1354/1676/44 1294/1616/45 1347/1669/44
f 1269/1591/221 1268/1590/196 1366/1688/221
f 1365/1687/196 1366/1688/221 1268/1590/196
f 1323/1645/222 1350/1672/222 1320/1642/223
f 1303/1625/223 1320/1642/223 1350/1672/222
f 1353/1675/49 1267/1589/49 1377/1699/51
f 1265/1587/51 1377/1699/51 1267/1589/49
f 1356/1678/224 1343/1665/224 1358/1680/220
f 1342/1664/220 1358/1680/220 1343/1665/224
f 1376/1698/2 1374/1696/2 1375/1697/2
f 1375/1697/2 1374/1696/2 1373/1695/2
f 1374/1696/2 1372/1694/2 1373/1695/2
f 1373/1695/2 1372/1694/2 1371/1693/2
f 1372/1694/2 1370/1692/2 1371/1693/2
f 1371/1693/2 1370/1692/2 1369/1691/2
f 1370/1692/2 1368/1690/2 1369/1691/2
f 1369/1691/2 1368/1690/2 1367/1689/2
f 1368/1690/2 1366/1688/2 1367/1689/2
f 1367/1689/2 1366/1688/2 1345/1667/2
f 1366/1688/2 1365/1687/2 1345/1667/2
f 1345/1667/2 1365/1687/2 1344/1666/2
f 1365/1687/2 1364/1686/2 1344/1666/2
f 1344/1666/2 1364/1686/2 1363/1685/2
f 1364/1686/2 1362/1684/2 1363/1685/2
f 1363/1685/2 1362/1684/2 1361/1683/2
f 1362/1684/2 1360/1682/2 1361/1683/2
f 1361/1683/2 1360/1682/2 1358/1680/2
f 1360/1682/2 1359/1681/2 1358/1680/2
f 1359/1681/2 1357/1679/2 1358/1680/2
f 1358/1680/2 1357/1679/2 1356/1678/2
f 1355/1677/2 1356/1678/2 1357/1679/2
f 1261/1583/225 1260/1582/225 1285/1607/241
f 1284/1606/226 1285/1607/226 1260/1582/225
f 1354/1676/44 1347/1669/44 1353/1675/49
f 1267/1589/49 1353/1675/49 1347/1669/44
f 1284/1606/113 1352/1674/113 1282/1604/111
f 1351/1673/111 1282/1604/111 1352/1674/113
f 1347/1669/227 1310/1632/227 1267/1589/229
f 1266/1588/229 1267/1589/229 1310/1632/227
f 1283/1605/230 1282/1604/230 1323/1645/222
f 1350/1672/222 1323/1645/222 1282/1604/230
f 1262/1584/114 1349/1671/114 1260/1582/112
f 1348/1670/112 1260/1582/112 1349/1671/114
f 1313/1635/231 1310/1632/227 1296/1618/231
f 1347/1669/227 1296/1618/231 1310/1632/227
f 1346/1668/179 1345/1667/179 1302/1624/232
f 1344/1666/232 1302/1624/232 1345/1667/179
f 1280/1602/233 1330/1652/198 1271/1593/233
f 1270/1592/198 1271/1593/233 1330/1652/198
f 1320/1642/234 1303/1625/234 1311/1633/208
f 1301/1623/208 1311/1633/208 1303/1625/234
f 1341/1663/235 1277/1599/235 1290/1612/236
f 1289/1611/236 1290/1612/236 1277/1599/206
f 1343/1665/117 1308/1630/117 1342/1664/107
f 1305/1627/107 1342/1664/107 1308/1630/117
f 1290/1612/8 1288/1610/8 1341/1663/8
f 1341/1663/8 1288/1610/8 1272/1594/8
f 1288/1610/8 1263/1585/8 1272/1594/8
f 1272/1594/8 1263/1585/8 1273/1595/8
f 1263/1585/8 1261/1583/8 1273/1595/8
f 1261/1583/8 1340/1662/8 1273/1595/8
f 1340/1662/8 1339/1661/8 1273/1595/8
f 1340/1662/8 1261/1583/8 1338/1660/8
f 1339/1661/8 1337/1659/8 1273/1595/8
f 1338/1660/8 1261/1583/8 1335/1657/8
f 1273/1595/8 1337/1659/8 1281/1603/8
f 1261/1583/8 1285/1607/8 1335/1657/8
f 1337/1659/8 1336/1658/8 1281/1603/8
f 1336/1658/8 1333/1655/8 1281/1603/8
f 1281/1603/8 1333/1655/8 1280/1602/8
f 1335/1657/8 1285/1607/8 1334/1656/8
f 1334/1656/8 1285/1607/8 1329/1651/8
f 1285/1607/8 1283/1605/8 1329/1651/8
f 1333/1655/8 1332/1654/8 1280/1602/8
f 1280/1602/8 1332/1654/8 1330/1652/8
f 1332/1654/8 1331/1653/8 1330/1652/8
f 1331/1653/8 1327/1649/8 1330/1652/8
f 1330/1652/8 1327/1649/8 1325/1647/8
f 1329/1651/8 1283/1605/8 1328/1650/8
f 1328/1650/8 1283/1605/8 1324/1646/8
f 1283/1605/8 1323/1645/8 1324/1646/8
f 1327/1649/8 1326/1648/8 1325/1647/8
f 1326/1648/8 1319/1641/8 1325/1647/8
f 1325/1647/8 1319/1641/8 1313/1635/8
f 1324/1646/8 1323/1645/8 1322/1644/8
f 1323/1645/8 1320/1642/8 1322/1644/8
f 1322/1644/8 1320/1642/8 1321/1643/8
f 1321/1643/8 1320/1642/8 1316/1638/8
f 1320/1642/8 1311/1633/8 1316/1638/8
f 1319/1641/8 1318/1640/8 1313/1635/8
f 1318/1640/8 1317/1639/8 1313/1635/8
f 1317/1639/8 1312/1634/8 1313/1635/8
f 1316/1638/8 1311/1633/8 1315/1637/8
f 1315/1637/8 1311/1633/8 1314/1636/8
f 1314/1636/8 1311/1633/8 1312/1634/8
f 1310/1632/8 1313/1635/8 1312/1634/8
f 1312/1634/8 1311/1633/8 1310/1632/8
f 1311/1633/8 1306/1628/8 1310/1632/8
f 1310/1632/8 1306/1628/8 1266/1588/8
f 1306/1628/8 1307/1629/8 1266/1588/8
f 1266/1588/8 1307/1629/8 1264/1586/8
f 1307/1629/8 1309/1631/8 1264/1586/8
f 1292/1614/8 1264/1586/8 1309/1631/8
f 1292/1614/237 1309/1631/191 1293/1615/237
f 1308/1630/191 1293/1615/237 1309/1631/191
f 1307/1629/193 1306/1628/209 1305/1627/193
f 1304/1626/209 1305/1627/193 1306/1628/209
f 1303/1625/106 1302/1624/106 1301/1623/105
f 1300/1622/105 1301/1623/105 1302/1624/106
f 1289/1611/6 1299/1621/6 1287/1609/115
f 1298/1620/115 1287/1609/115 1299/1621/387
f 1297/1619/43 1296/1618/45 1295/1617/43
f 1294/1616/45 1295/1617/43 1296/1618/45
f 1265/1587/239 1264/1586/239 1293/1615/237
f 1292/1614/237 1293/1615/237 1264/1586/239
f 1275/1597/41 1279/1601/40 1286/1608/41
f 1291/1613/40 1286/1608/41 1279/1601/40
f 1290/1612/236 1289/1611/236 1288/1610/240
f 1287/1609/215 1288/1610/215 1289/1611/236
f 1275/1597/41 1286/1608/41 1274/1596/53
f 1278/1600/53 1274/1596/53 1286/1608/41
f 1285/1607/241 1284/1606/241 1283/1605/242
f 1282/1604/242 1283/1605/242 1284/1606/241
f 1281/1603/243 1280/1602/233 1279/1601/243
f 1271/1593/244 1279/1601/243 1280/1602/244
f 1274/1596/53 1278/1600/53 1277/1599/55
f 1276/1598/55 1277/1599/55 1278/1600/53
f 1275/1597/176 1274/1596/205 1273/1595/176
f 1272/1594/205 1273/1595/176 1274/1596/205
f 1271/1593/47 1270/1592/10 1269/1591/47
f 1268/1590/10 1269/1591/47 1270/1592/10
f 1267/1589/228 1266/1588/228 1265/1587/238
f 1264/1586/238 1265/1587/238 1266/1588/228
f 1263/1585/216 1262/1584/216 1261/1583/225
f 1260/1582/225 1261/1583/225 1262/1584/216
f 1403/1725/8 1401/1723/8 1402/1724/8
f 1402/1724/8 1401/1723/8 1400/1722/8
f 1401/1723/8 1399/1721/8 1400/1722/8
f 1400/1722/8 1399/1721/8 1398/1720/8
f 1399/1721/8 1397/1719/8 1398/1720/8
f 1397/1719/8 1249/1561/8 1398/1720/8
f 1249/1561/8 1214/1513/8 1398/1720/8
f 1249/1561/8 1397/1719/8 1248/1559/8
f 1214/1513/8 1215/1515/8 1398/1720/8
f 1248/1559/8 1397/1719/8 1250/1563/8
f 1398/1720/8 1215/1515/8 1396/1718/8
f 1397/1719/8 1395/1717/8 1250/1563/8
f 1215/1515/8 1252/1567/8 1396/1718/8
f 1252/1567/8 1251/1565/8 1396/1718/8
f 1396/1718/8 1251/1565/8 1394/1716/8
f 1250/1563/8 1395/1717/8 1253/1569/8
f 1253/1569/8 1395/1717/8 1256/1575/8
f 1395/1717/8 1392/1714/8 1256/1575/8
f 1251/1565/8 1245/1553/8 1394/1716/8
f 1394/1716/8 1245/1553/8 1393/1715/8
f 1245/1553/8 1244/1551/8 1393/1715/8
f 1244/1551/8 1254/1571/8 1393/1715/8
f 1393/1715/8 1254/1571/8 1390/1712/8
f 1256/1575/8 1392/1714/8 1218/1520/8
f 1392/1714/8 1391/1713/8 1218/1520/8
f 1218/1520/8 1391/1713/8 1216/1517/8
f 1216/1517/8 1391/1713/8 1243/1549/8
f 1391/1713/8 1389/1711/8 1243/1549/8
f 1254/1571/8 1255/1573/8 1390/1712/8
f 1255/1573/8 1259/1581/8 1390/1712/8
f 1390/1712/8 1259/1581/8 1388/1710/8
f 1243/1549/8 1389/1711/8 1242/1547/8
f 1242/1547/8 1389/1711/8 1257/1577/8
f 1389/1711/8 1387/1709/8 1257/1577/8
f 1259/1581/8 1247/1557/8 1388/1710/8
f 1247/1557/8 1246/1555/8 1388/1710/8
f 1246/1555/8 1221/1525/8 1388/1710/8
f 1257/1577/8 1387/1709/8 1258/1579/8
f 1258/1579/8 1387/1709/8 1220/1523/8
f 1220/1523/8 1387/1709/8 1221/1525/8
f 1386/1708/8 1388/1710/8 1221/1525/8
f 1221/1525/8 1387/1709/8 1386/1708/8
f 1387/1709/8 1385/1707/8 1386/1708/8
f 1386/1708/8 1385/1707/8 1384/1706/8
f 1385/1707/8 1383/1705/8 1384/1706/8
f 1384/1706/8 1383/1705/8 1381/1703/8
f 1383/1705/8 1382/1704/8 1381/1703/8
f 1380/1702/8 1381/1703/8 1382/1704/8
f 1417/1739/247 1413/1735/248 1416/1738/247
f 1411/1733/248 1416/1738/247 1413/1735/248
f 1412/1734/289 1426/1748/250 1410/1732/249
f 1427/1749/251 1410/1732/249 1426/1748/251
f 1425/1747/252 1424/1746/252 1443/1765/254
f 1445/1767/254 1443/1765/254 1424/1746/252
f 1440/1762/257 1475/1797/266 1441/1763/257
f 1465/1787/256 1441/1763/255 1475/1797/256
f 1444/1766/258 1421/1743/259 1442/1764/258
f 1419/1741/259 1442/1764/258 1421/1743/259
f 1420/1742/261 1449/1771/263 1418/1740/261
f 1448/1770/262 1418/1740/261 1449/1771/262
f 1447/1769/264 1405/1727/265 1446/1768/264
f 1404/1726/265 1446/1768/264 1405/1727/265
f 1475/1797/266 1415/1737/287 1465/1787/266
f 1414/1736/267 1465/1787/266 1415/1737/267
f 1474/1796/8 1472/1794/8 1473/1795/8
f 1471/1793/8 1473/1795/8 1472/1794/8
f 1470/1792/8 1471/1793/8 1472/1794/8
f 1469/1791/8 1471/1793/8 1470/1792/8
f 1468/1790/8 1469/1791/8 1470/1792/8
f 1430/1752/8 1469/1791/8 1468/1790/8
f 1430/1752/8 1437/1759/8 1469/1791/8
f 1428/1750/8 1430/1752/8 1468/1790/8
f 1467/1789/8 1469/1791/8 1437/1759/8
f 1466/1788/8 1428/1750/8 1468/1790/8
f 1439/1761/8 1467/1789/8 1437/1759/8
f 1441/1763/8 1467/1789/8 1439/1761/8
f 1464/1786/8 1467/1789/8 1441/1763/8
f 1422/1744/8 1428/1750/8 1466/1788/8
f 1408/1730/8 1422/1744/8 1466/1788/8
f 1463/1785/8 1408/1730/8 1466/1788/8
f 1465/1787/8 1464/1786/8 1441/1763/8
f 1414/1736/8 1464/1786/8 1465/1787/8
f 1462/1784/8 1464/1786/8 1414/1736/8
f 1406/1728/8 1408/1730/8 1463/1785/8
f 1404/1726/8 1406/1728/8 1463/1785/8
f 1460/1782/8 1404/1726/8 1463/1785/8
f 1416/1738/8 1462/1784/8 1414/1736/8
f 1461/1783/8 1462/1784/8 1416/1738/8
f 1411/1733/8 1461/1783/8 1416/1738/8
f 1410/1732/8 1461/1783/8 1411/1733/8
f 1458/1780/8 1461/1783/8 1410/1732/8
f 1446/1768/8 1404/1726/8 1460/1782/8
f 1459/1781/8 1446/1768/8 1460/1782/8
f 1432/1754/8 1446/1768/8 1459/1781/8
f 1433/1755/8 1432/1754/8 1459/1781/8
f 1457/1779/8 1433/1755/8 1459/1781/8
f 1427/1749/8 1458/1780/8 1410/1732/8
f 1456/1778/8 1458/1780/8 1427/1749/8
f 1425/1747/8 1456/1778/8 1427/1749/8
f 1443/1765/8 1456/1778/8 1425/1747/8
f 1442/1764/8 1456/1778/8 1443/1765/8
f 1448/1770/8 1433/1755/8 1457/1779/8
f 1455/1777/8 1448/1770/8 1457/1779/8
f 1418/1740/8 1448/1770/8 1455/1777/8
f 1419/1741/8 1418/1740/8 1455/1777/8
f 1442/1764/8 1419/1741/8 1455/1777/8
f 1454/1776/8 1456/1778/8 1442/1764/8
f 1455/1777/8 1454/1776/8 1442/1764/8
f 1453/1775/8 1454/1776/8 1455/1777/8
f 1451/1773/8 1454/1776/8 1453/1775/8
f 1452/1774/8 1451/1773/8 1453/1775/8
f 1450/1772/8 1451/1773/8 1452/1774/8
f 1449/1771/388 1435/1757/268 1448/1770/388
f 1433/1755/268 1448/1770/262 1435/1757/268
f 1447/1769/264 1446/1768/264 1434/1756/269
f 1432/1754/269 1434/1756/269 1446/1768/264
f 1445/1767/253 1444/1766/258 1443/1765/253
f 1442/1764/258 1443/1765/253 1444/1766/258
f 1441/1763/255 1439/1761/272 1440/1762/255
f 1438/1760/272 1440/1762/270 1439/1761/272
f 1439/1761/272 1437/1759/276 1438/1760/272
f 1436/1758/276 1438/1760/271 1437/1759/276
f 1429/1751/280 1428/1750/280 1423/1745/283
f 1422/1744/275 1423/1745/275 1428/1750/274
f 1437/1759/273 1430/1752/277 1436/1758/273
f 1431/1753/277 1436/1758/276 1430/1752/277
f 1435/1757/278 1434/1756/279 1433/1755/278
f 1432/1754/279 1433/1755/278 1434/1756/279
f 1431/1753/277 1430/1752/277 1429/1751/280
f 1428/1750/274 1429/1751/274 1430/1752/277
f 1427/1749/251 1426/1748/251 1425/1747/282
f 1424/1746/282 1425/1747/282 1426/1748/281
f 1423/1745/283 1422/1744/275 1409/1731/285
f 1408/1730/291 1409/1731/291 1422/1744/275
f 1421/1743/260 1420/1742/286 1419/1741/260
f 1418/1740/286 1419/1741/260 1420/1742/286
f 1417/1739/247 1416/1738/247 1415/1737/287
f 1414/1736/287 1415/1737/287 1416/1738/247
f 1413/1735/288 1412/1734/289 1411/1733/288
f 1410/1732/289 1411/1733/288 1412/1734/289
f 1407/1729/292 1409/1731/284 1406/1728/292
f 1408/1730/291 1406/1728/292 1409/1731/291
f 1407/1729/292 1406/1728/292 1405/1727/265
f 1404/1726/293 1405/1727/293 1406/1728/292
f 1516/1854/294 1479/1802/332 1502/1830/294
f 1477/1799/295 1502/1830/294 1479/1802/295
f 1494/1822/296 1492/1820/297 1519/1860/296
f 1523/1868/297 1519/1860/296 1492/1820/297
f 1481/1806/299 1480/1804/299 1496/1824/300
f 1507/1836/300 1496/1824/389 1480/1804/299
f 1486/1814/301 1489/1817/302 1484/1810/301
f 1522/1866/302 1484/1810/301 1489/1817/302
f 1500/1828/304 1498/1826/305 1515/1852/304
f 1509/1840/305 1515/1852/304 1498/1826/305
f 1493/1821/306 1506/1834/306 1491/1819/307
f 1521/1864/307 1491/1819/307 1506/1834/306
f 1501/1829/308 1517/1856/308 1499/1827/311
f 1520/1862/311 1499/1827/311 1517/1856/308
f 1523/1868/297 1492/1820/297 1511/1844/310
f 1490/1818/328 1511/1844/328 1492/1820/297
f 1489/1817/302 1491/1819/307 1522/1866/302
f 1521/1864/307 1522/1866/302 1491/1819/307
f 1499/1827/309 1520/1862/309 1483/1809/312
f 1482/1807/312 1483/1809/313 1520/1862/309
f 1495/1823/314 1494/1822/296 1518/1858/314
f 1519/1860/298 1518/1858/314 1494/1822/298
f 1497/1825/315 1495/1823/314 1508/1838/315
f 1518/1858/314 1508/1838/315 1495/1823/390
f 1503/1831/316 1514/1850/316 1501/1829/308
f 1517/1856/308 1501/1829/308 1514/1850/317
f 1478/1800/318 1513/1848/319 1476/1798/320
f 1505/1833/319 1476/1798/318 1513/1848/319
f 1502/1830/294 1500/1828/321 1516/1854/294
f 1515/1852/321 1516/1854/294 1500/1828/321
f 1504/1832/322 1512/1846/322 1503/1831/317
f 1514/1850/316 1503/1831/316 1512/1846/322
f 1510/1842/324 1488/1816/324 1485/1812/326
f 1487/1815/326 1485/1812/326 1488/1816/324
f 1505/1833/319 1513/1848/319 1504/1832/322
f 1512/1846/322 1504/1832/327 1513/1848/319
f 1511/1844/328 1490/1818/328 1510/1842/324
f 1488/1816/324 1510/1842/324 1490/1818/328
f 1498/1826/305 1497/1825/315 1509/1840/305
f 1508/1838/315 1509/1840/305 1497/1825/315
f 1496/1824/300 1507/1836/300 1493/1821/306
f 1506/1834/329 1493/1821/329 1507/1836/300
f 1505/1833/2 1504/1832/2 1476/1798/2
f 1504/1832/2 1503/1831/2 1476/1798/2
f 1476/1798/2 1503/1831/2 1477/1799/2
f 1477/1799/2 1503/1831/2 1502/1830/2
f 1503/1831/2 1501/1829/2 1502/1830/2
f 1502/1830/2 1501/1829/2 1500/1828/2
f 1501/1829/2 1499/1827/2 1500/1828/2
f 1500/1828/2 1499/1827/2 1498/1826/2
f 1499/1827/2 1483/1809/2 1498/1826/2
f 1498/1826/2 1483/1809/2 1497/1825/2
f 1483/1809/2 1481/1806/2 1497/1825/2
f 1481/1806/2 1496/1824/2 1497/1825/2
f 1497/1825/2 1496/1824/2 1495/1823/2
f 1496/1824/2 1493/1821/2 1495/1823/2
f 1495/1823/2 1493/1821/2 1494/1822/2
f 1494/1822/2 1493/1821/2 1492/1820/2
f 1493/1821/2 1491/1819/2 1492/1820/2
f 1492/1820/2 1491/1819/2 1490/1818/2
f 1491/1819/2 1489/1817/2 1490/1818/2
f 1490/1818/2 1489/1817/2 1488/1816/2
f 1489/1817/2 1486/1814/2 1488/1816/2
f 1487/1815/2 1488/1816/2 1486/1814/2
f 1487/1815/326 1486/1814/301 1485/1812/326
f 1484/1810/301 1485/1812/326 1486/1814/391
f 1483/1809/312 1482/1807/312 1481/1806/299
f 1480/1804/299 1481/1806/299 1482/1807/312
f 1479/1802/332 1478/1800/318 1477/1799/332
f 1476/1798/318 1477/1799/332 1478/1800/318
f 1617/1963/245 1641/1987/206 1623/1969/245
f 1621/1967/206 1623/1969/245 1641/1987/206
f 1564/1910/226 1627/1973/226 1642/1988/225
f 1625/1971/225 1642/1988/225 1627/1973/241
f 1612/1958/209 1635/1981/209 1616/1962/210
f 1633/1979/210 1616/1962/210 1635/1981/209
f 1524/1870/108 1612/1958/108 1548/1894/105
f 1616/1962/105 1548/1894/105 1612/1958/108
f 1614/1960/5 1610/1956/5 1567/1913/111
f 1566/1912/111 1567/1913/111 1610/1956/5
f 1537/1883/185 1545/1891/184 1539/1885/185
f 1543/1889/184 1539/1885/185 1545/1891/184
f 1615/1961/223 1631/1977/223 1610/1956/222
f 1609/1955/222 1610/1956/222 1631/1977/223
f 1616/1962/208 1633/1979/208 1615/1961/234
f 1631/1977/234 1615/1961/234 1633/1979/208
f 1550/1896/227 1634/1980/227 1542/1888/229
f 1636/1982/229 1542/1888/229 1634/1980/227
f 1558/1904/177 1618/1964/176 1626/1972/177
f 1624/1970/176 1626/1972/243 1618/1964/176
f 1618/1964/176 1617/1963/205 1624/1970/176
f 1623/1969/205 1624/1970/176 1617/1963/205
f 1540/1886/239 1638/1984/239 1563/1909/237
f 1640/1986/237 1563/1909/237 1638/1984/239
f 1589/1935/202 1577/1923/201 1561/1907/202
f 1560/1906/201 1561/1907/202 1577/1923/201
f 1573/1919/213 1571/1917/212 1572/1918/213
f 1569/1915/212 1572/1918/213 1571/1917/212
f 1534/1880/10 1561/1907/47 1532/1878/10
f 1559/1905/47 1532/1878/10 1561/1907/47
f 1559/1905/244 1558/1904/243 1628/1974/244
f 1626/1972/243 1628/1974/244 1558/1904/243
f 1641/1987/55 1529/1875/55 1643/1989/6
f 1557/1903/6 1643/1989/6 1529/1875/55
f 1543/1889/45 1535/1881/43 1555/1901/45
f 1533/1879/43 1555/1901/45 1535/1881/43
f 1606/1952/114 1569/1915/114 1642/1988/112
f 1568/1914/112 1642/1988/112 1569/1915/114
f 1532/1878/198 1559/1905/233 1629/1975/198
f 1628/1974/233 1629/1975/198 1559/1905/233
f 1594/1940/196 1589/1935/221 1534/1880/196
f 1561/1907/221 1534/1880/196 1589/1935/221
f 1550/1896/227 1555/1901/190 1634/1980/227
f 1632/1978/231 1634/1980/227 1555/1901/231
f 1555/1901/190 1533/1879/189 1632/1978/190
f 1630/1976/189 1632/1978/190 1533/1879/189
f 1619/1965/236 1643/1989/236 1620/1966/240
f 1607/1953/215 1620/1966/215 1643/1989/236
f 1538/1884/170 1541/1887/168 1536/1882/170
f 1605/1951/168 1536/1882/170 1541/1887/168
f 1566/1912/242 1608/1954/242 1564/1910/241
f 1627/1973/241 1564/1910/241 1608/1954/242
f 1621/1967/235 1641/1987/235 1619/1965/236
f 1643/1989/236 1619/1965/236 1641/1987/206
f 1575/1921/180 1565/1911/180 1570/1916/174
f 1568/1914/174 1570/1916/174 1565/1911/175
f 1640/1986/237 1639/1985/191 1563/1909/237
f 1562/1908/191 1563/1909/237 1639/1985/191
f 1637/1983/193 1635/1981/209 1613/1959/193
f 1612/1958/209 1613/1959/193 1635/1981/209
f 1639/1985/194 1637/1983/192 1562/1908/194
f 1613/1959/192 1562/1908/194 1637/1983/192
f 1546/1892/106 1615/1961/106 1614/1960/5
f 1610/1956/5 1614/1960/5 1615/1961/106
f 1551/1897/117 1562/1908/117 1526/1872/107
f 1613/1959/107 1526/1872/107 1562/1908/117
f 1565/1911/113 1564/1910/113 1568/1914/112
f 1642/1988/112 1568/1914/112 1564/1910/113
f 1541/1887/51 1540/1886/51 1553/1899/1
f 1563/1909/1 1553/1899/1 1540/1886/51
f 1643/1989/6 1557/1903/6 1607/1953/115
f 1572/1918/115 1607/1953/115 1557/1903/6
f 1552/1898/224 1551/1897/224 1527/1873/220
f 1526/1872/220 1527/1873/220 1551/1897/224
f 1542/1888/228 1636/1982/228 1540/1886/238
f 1638/1984/238 1540/1886/238 1636/1982/228
f 1622/1968/216 1606/1952/216 1625/1971/225
f 1642/1988/225 1625/1971/225 1606/1952/216
f 1560/1906/40 1611/1957/41 1558/1904/40
f 1618/1964/41 1558/1904/40 1611/1957/41
f 1533/1879/199 1532/1878/198 1630/1976/199
f 1629/1975/198 1630/1976/199 1532/1878/198
f 1587/1933/179 1614/1960/179 1584/1930/178
f 1567/1913/178 1584/1930/178 1614/1960/179
f 1617/1963/53 1531/1877/53 1641/1987/55
f 1529/1875/55 1641/1987/55 1531/1877/53
f 1620/1966/215 1607/1953/215 1622/1968/246
f 1606/1952/246 1622/1968/246 1607/1953/215
f 1640/1986/8 1638/1984/8 1639/1985/8
f 1639/1985/8 1638/1984/8 1637/1983/8
f 1638/1984/8 1636/1982/8 1637/1983/8
f 1637/1983/8 1636/1982/8 1635/1981/8
f 1636/1982/8 1634/1980/8 1635/1981/8
f 1635/1981/8 1634/1980/8 1633/1979/8
f 1634/1980/8 1632/1978/8 1633/1979/8
f 1633/1979/8 1632/1978/8 1631/1977/8
f 1632/1978/8 1630/1976/8 1631/1977/8
f 1631/1977/8 1630/1976/8 1609/1955/8
f 1630/1976/8 1629/1975/8 1609/1955/8
f 1609/1955/8 1629/1975/8 1608/1954/8
f 1629/1975/8 1628/1974/8 1608/1954/8
f 1608/1954/8 1628/1974/8 1627/1973/8
f 1628/1974/8 1626/1972/8 1627/1973/8
f 1627/1973/8 1626/1972/8 1625/1971/8
f 1626/1972/8 1624/1970/8 1625/1971/8
f 1625/1971/8 1624/1970/8 1622/1968/8
f 1624/1970/8 1623/1969/8 1622/1968/8
f 1623/1969/8 1621/1967/8 1622/1968/8
f 1622/1968/8 1621/1967/8 1620/1966/8
f 1619/1965/8 1620/1966/8 1621/1967/8
f 1525/1871/172 1524/1870/172 1549/1895/171
f 1548/1894/171 1549/1895/171 1524/1870/172
f 1618/1964/41 1611/1957/41 1617/1963/53
f 1531/1877/53 1617/1963/53 1611/1957/41
f 1548/1894/105 1616/1962/105 1546/1892/106
f 1615/1961/106 1546/1892/106 1616/1962/105
f 1611/1957/182 1574/1920/182 1531/1877/217
f 1530/1876/217 1531/1877/217 1574/1920/182
f 1547/1893/232 1546/1892/232 1587/1933/179
f 1614/1960/179 1587/1933/179 1546/1892/232
f 1526/1872/107 1613/1959/107 1524/1870/108
f 1612/1958/108 1524/1870/108 1613/1959/107
f 1577/1923/201 1574/1920/182 1560/1906/201
f 1611/1957/182 1560/1906/200 1574/1920/182
f 1610/1956/222 1609/1955/222 1566/1912/230
f 1608/1954/230 1566/1912/230 1609/1955/222
f 1544/1890/197 1594/1940/196 1535/1881/197
f 1534/1880/196 1535/1881/197 1594/1940/196
f 1584/1930/181 1567/1913/181 1575/1921/180
f 1565/1911/180 1575/1921/180 1567/1913/178
f 1605/1951/169 1541/1887/169 1554/1900/203
f 1553/1899/203 1554/1900/203 1541/1887/169
f 1607/1953/115 1572/1918/115 1606/1952/114
f 1569/1915/114 1606/1952/114 1572/1918/115
f 1554/1900/2 1552/1898/2 1605/1951/2
f 1605/1951/2 1552/1898/2 1536/1882/2
f 1552/1898/2 1527/1873/2 1536/1882/2
f 1536/1882/2 1527/1873/2 1537/1883/2
f 1527/1873/2 1525/1871/2 1537/1883/2
f 1525/1871/2 1604/1950/2 1537/1883/2
f 1604/1950/2 1603/1949/2 1537/1883/2
f 1604/1950/2 1525/1871/2 1602/1948/2
f 1603/1949/2 1601/1947/2 1537/1883/2
f 1602/1948/2 1525/1871/2 1599/1945/2
f 1537/1883/2 1601/1947/2 1545/1891/2
f 1525/1871/2 1549/1895/2 1599/1945/2
f 1601/1947/2 1600/1946/2 1545/1891/2
f 1600/1946/2 1597/1943/2 1545/1891/2
f 1545/1891/2 1597/1943/2 1544/1890/2
f 1599/1945/2 1549/1895/2 1598/1944/2
f 1598/1944/2 1549/1895/2 1593/1939/2
f 1549/1895/2 1547/1893/2 1593/1939/2
f 1597/1943/2 1596/1942/2 1544/1890/2
f 1544/1890/2 1596/1942/2 1594/1940/2
f 1596/1942/2 1595/1941/2 1594/1940/2
f 1595/1941/2 1591/1937/2 1594/1940/2
f 1594/1940/2 1591/1937/2 1589/1935/2
f 1593/1939/2 1547/1893/2 1592/1938/2
f 1592/1938/2 1547/1893/2 1588/1934/2
f 1547/1893/2 1587/1933/2 1588/1934/2
f 1591/1937/2 1590/1936/2 1589/1935/2
f 1590/1936/2 1583/1929/2 1589/1935/2
f 1589/1935/2 1583/1929/2 1577/1923/2
f 1588/1934/2 1587/1933/2 1586/1932/2
f 1587/1933/2 1584/1930/2 1586/1932/2
f 1586/1932/2 1584/1930/2 1585/1931/2
f 1585/1931/2 1584/1930/2 1580/1926/2
f 1584/1930/2 1575/1921/2 1580/1926/2
f 1583/1929/2 1582/1928/2 1577/1923/2
f 1582/1928/2 1581/1927/2 1577/1923/2
f 1581/1927/2 1576/1922/2 1577/1923/2
f 1580/1926/2 1575/1921/2 1579/1925/2
f 1579/1925/2 1575/1921/2 1578/1924/2
f 1578/1924/2 1575/1921/2 1576/1922/2
f 1574/1920/2 1577/1923/2 1576/1922/2
f 1576/1922/2 1575/1921/2 1574/1920/2
f 1575/1921/2 1570/1916/2 1574/1920/2
f 1574/1920/2 1570/1916/2 1530/1876/2
f 1570/1916/2 1571/1917/2 1530/1876/2
f 1530/1876/2 1571/1917/2 1528/1874/2
f 1571/1917/2 1573/1919/2 1528/1874/2
f 1556/1902/2 1528/1874/2 1573/1919/2
f 1556/1902/188 1573/1919/211 1557/1903/188
f 1572/1918/213 1557/1903/188 1573/1919/213
f 1571/1917/214 1570/1916/174 1569/1915/214
f 1568/1914/174 1569/1915/214 1570/1916/174
f 1567/1913/111 1566/1912/111 1565/1911/113
f 1564/1910/113 1565/1911/113 1566/1912/111
f 1553/1899/1 1563/1909/1 1551/1897/117
f 1562/1908/117 1551/1897/117 1563/1909/1
f 1561/1907/47 1560/1906/40 1559/1905/47
f 1558/1904/40 1559/1905/47 1560/1906/40
f 1529/1875/218 1528/1874/218 1557/1903/188
f 1556/1902/188 1557/1903/188 1528/1874/187
f 1539/1885/44 1543/1889/45 1550/1896/44
f 1555/1901/45 1550/1896/44 1543/1889/45
f 1554/1900/203 1553/1899/203 1552/1898/204
f 1551/1897/204 1552/1898/204 1553/1899/203
f 1539/1885/44 1550/1896/44 1538/1884/49
f 1542/1888/49 1538/1884/49 1550/1896/44
f 1549/1895/173 1548/1894/173 1547/1893/207
f 1546/1892/207 1547/1893/207 1548/1894/173
f 1545/1891/186 1544/1890/195 1543/1889/186
f 1535/1881/195 1543/1889/186 1544/1890/195
f 1538/1884/49 1542/1888/49 1541/1887/51
f 1540/1886/51 1541/1887/51 1542/1888/49
f 1539/1885/185 1538/1884/167 1537/1883/185
f 1536/1882/167 1537/1883/185 1538/1884/167
f 1535/1881/43 1534/1880/10 1533/1879/43
f 1532/1878/10 1533/1879/43 1534/1880/10
f 1531/1877/183 1530/1876/183 1529/1875/218
f 1528/1874/218 1529/1875/218 1530/1876/183
f 1527/1873/219 1526/1872/219 1525/1871/172
f 1524/1870/172 1525/1871/172 1526/1872/219
f 1667/2013/2 1665/2011/2 1666/2012/2
f 1666/2012/2 1665/2011/2 1664/2010/2
f 1665/2011/2 1663/2009/2 1664/2010/2
f 1664/2010/2 1663/2009/2 1662/2008/2
f 1663/2009/2 1661/2007/2 1662/2008/2
f 1661/2007/2 1513/1849/2 1662/2008/2
f 1513/1849/2 1478/1801/2 1662/2008/2
f 1513/1849/2 1661/2007/2 1512/1847/2
f 1478/1801/2 1479/1803/2 1662/2008/2
f 1512/1847/2 1661/2007/2 1514/1851/2
f 1662/2008/2 1479/1803/2 1660/2006/2
f 1661/2007/2 1659/2005/2 1514/1851/2
f 1479/1803/2 1516/1855/2 1660/2006/2
f 1516/1855/2 1515/1853/2 1660/2006/2
f 1660/2006/2 1515/1853/2 1658/2004/2
f 1514/1851/2 1659/2005/2 1517/1857/2
f 1517/1857/2 1659/2005/2 1520/1863/2
f 1659/2005/2 1656/2002/2 1520/1863/2
f 1515/1853/2 1509/1841/2 1658/2004/2
f 1658/2004/2 1509/1841/2 1657/2003/2
f 1509/1841/2 1508/1839/2 1657/2003/2
f 1508/1839/2 1518/1859/2 1657/2003/2
f 1657/2003/2 1518/1859/2 1654/2000/2
f 1520/1863/2 1656/2002/2 1482/1808/2
f 1656/2002/2 1655/2001/2 1482/1808/2
f 1482/1808/2 1655/2001/2 1480/1805/2
f 1480/1805/2 1655/2001/2 1507/1837/2
f 1655/2001/2 1653/1999/2 1507/1837/2
f 1518/1859/2 1519/1861/2 1654/2000/2
f 1519/1861/2 1523/1869/2 1654/2000/2
f 1654/2000/2 1523/1869/2 1652/1998/2
f 1507/1837/2 1653/1999/2 1506/1835/2
f 1506/1835/2 1653/1999/2 1521/1865/2
f 1653/1999/2 1651/1997/2 1521/1865/2
f 1523/1869/2 1511/1845/2 1652/1998/2
f 1511/1845/2 1510/1843/2 1652/1998/2
f 1510/1843/2 1485/1813/2 1652/1998/2
f 1521/1865/2 1651/1997/2 1522/1867/2
f 1522/1867/2 1651/1997/2 1484/1811/2
f 1484/1811/2 1651/1997/2 1485/1813/2
f 1650/1996/2 1652/1998/2 1485/1813/2
f 1485/1813/2 1651/1997/2 1650/1996/2
f 1651/1997/2 1649/1995/2 1650/1996/2
f 1650/1996/2 1649/1995/2 1648/1994/2
f 1649/1995/2 1647/1993/2 1648/1994/2
f 1648/1994/2 1647/1993/2 1645/1991/2
f 1647/1993/2 1646/1992/2 1645/1991/2
f 1644/1990/2 1645/1991/2 1646/1992/2
f 1681/2027/335 1677/2023/336 1680/2026/335
f 1675/2021/336 1680/2026/335 1677/2023/336
f 1676/2022/376 1690/2036/338 1674/2020/376
f 1691/2037/392 1674/2020/337 1690/2036/392
f 1689/2035/339 1688/2034/339 1707/2053/355
f 1709/2055/355 1707/2053/355 1688/2034/368
f 1704/2050/356 1739/2085/342 1705/2051/356
f 1729/2075/343 1705/2051/344 1739/2085/343
f 1708/2054/345 1685/2031/346 1706/2052/345
f 1683/2029/372 1706/2052/345 1685/2031/372
f 1684/2030/347 1713/2059/349 1682/2028/373
f 1712/2058/393 1682/2028/373 1713/2059/393
f 1711/2057/350 1669/2015/351 1710/2056/350
f 1668/2014/351 1710/2056/350 1669/2015/351
f 1739/2085/342 1679/2025/352 1729/2075/342
f 1678/2024/352 1729/2075/342 1679/2025/352
f 1738/2084/2 1736/2082/2 1737/2083/2
f 1735/2081/2 1737/2083/2 1736/2082/2
f 1734/2080/2 1735/2081/2 1736/2082/2
f 1733/2079/2 1735/2081/2 1734/2080/2
f 1732/2078/2 1733/2079/2 1734/2080/2
f 1694/2040/2 1733/2079/2 1732/2078/2
f 1694/2040/2 1701/2047/2 1733/2079/2
f 1692/2038/2 1694/2040/2 1732/2078/2
f 1731/2077/2 1733/2079/2 1701/2047/2
f 1730/2076/2 1692/2038/2 1732/2078/2
f 1703/2049/2 1731/2077/2 1701/2047/2
f 1705/2051/2 1731/2077/2 1703/2049/2
f 1728/2074/2 1731/2077/2 1705/2051/2
f 1686/2032/2 1692/2038/2 1730/2076/2
f 1672/2018/2 1686/2032/2 1730/2076/2
f 1727/2073/2 1672/2018/2 1730/2076/2
f 1729/2075/2 1728/2074/2 1705/2051/2
f 1678/2024/2 1728/2074/2 1729/2075/2
f 1726/2072/2 1728/2074/2 1678/2024/2
f 1670/2016/2 1672/2018/2 1727/2073/2
f 1668/2014/2 1670/2016/2 1727/2073/2
f 1724/2070/2 1668/2014/2 1727/2073/2
f 1680/2026/2 1726/2072/2 1678/2024/2
f 1725/2071/2 1726/2072/2 1680/2026/2
f 1675/2021/2 1725/2071/2 1680/2026/2
f 1674/2020/2 1725/2071/2 1675/2021/2
f 1722/2068/2 1725/2071/2 1674/2020/2
f 1710/2056/2 1668/2014/2 1724/2070/2
f 1723/2069/2 1710/2056/2 1724/2070/2
f 1696/2042/2 1710/2056/2 1723/2069/2
f 1697/2043/2 1696/2042/2 1723/2069/2
f 1721/2067/2 1697/2043/2 1723/2069/2
f 1691/2037/2 1722/2068/2 1674/2020/2
f 1720/2066/2 1722/2068/2 1691/2037/2
f 1689/2035/2 1720/2066/2 1691/2037/2
f 1707/2053/2 1720/2066/2 1689/2035/2
f 1706/2052/2 1720/2066/2 1707/2053/2
f 1712/2058/2 1697/2043/2 1721/2067/2
f 1719/2065/2 1712/2058/2 1721/2067/2
f 1682/2028/2 1712/2058/2 1719/2065/2
f 1683/2029/2 1682/2028/2 1719/2065/2
f 1706/2052/2 1683/2029/2 1719/2065/2
f 1718/2064/2 1720/2066/2 1706/2052/2
f 1719/2065/2 1718/2064/2 1706/2052/2
f 1717/2063/2 1718/2064/2 1719/2065/2
f 1715/2061/2 1718/2064/2 1717/2063/2
f 1716/2062/2 1715/2061/2 1717/2063/2
f 1714/2060/2 1715/2061/2 1716/2062/2
f 1713/2059/348 1699/2045/365 1712/2058/348
f 1697/2043/365 1712/2058/393 1699/2045/353
f 1711/2057/350 1710/2056/350 1698/2044/354
f 1696/2042/354 1698/2044/354 1710/2056/350
f 1709/2055/355 1708/2054/345 1707/2053/355
f 1706/2052/345 1707/2053/340 1708/2054/345
f 1705/2051/344 1703/2049/357 1704/2050/344
f 1702/2048/357 1704/2050/356 1703/2049/357
f 1703/2049/358 1701/2047/360 1702/2048/358
f 1700/2046/360 1702/2048/358 1701/2047/360
f 1693/2039/361 1692/2038/361 1687/2033/362
f 1686/2032/362 1687/2033/362 1692/2038/361
f 1701/2047/359 1694/2040/364 1700/2046/359
f 1695/2041/364 1700/2046/359 1694/2040/364
f 1699/2045/365 1698/2044/354 1697/2043/365
f 1696/2042/366 1697/2043/365 1698/2044/366
f 1695/2041/364 1694/2040/364 1693/2039/363
f 1692/2038/363 1693/2039/363 1694/2040/364
f 1691/2037/392 1690/2036/392 1689/2035/339
f 1688/2034/339 1689/2035/339 1690/2036/367
f 1687/2033/369 1686/2032/369 1673/2019/370
f 1672/2018/370 1673/2019/370 1686/2032/369
f 1685/2031/346 1684/2030/347 1683/2029/346
f 1682/2028/373 1683/2029/372 1684/2030/373
f 1681/2027/335 1680/2026/335 1679/2025/374
f 1678/2024/374 1679/2025/374 1680/2026/335
f 1677/2023/336 1676/2022/376 1675/2021/336
f 1674/2020/376 1675/2021/375 1676/2022/376
f 1671/2017/377 1673/2019/370 1670/2016/377
f 1672/2018/370 1670/2016/377 1673/2019/370
f 1671/2017/379 1670/2016/379 1669/2015/380
f 1668/2014/380 1669/2015/380 1670/2016/379
