# Blender 4.0.2
# www.blender.org
mtllib AntiairTruck.mtl
o VroumCanon
v 0.033588 0.763528 0.357810
v 0.033588 0.763528 0.049023
v -0.065137 0.763528 0.304746
v -0.012073 0.763528 0.357810
v -0.064117 0.763528 0.315099
v -0.061098 0.763528 0.325053
v -0.056194 0.763528 0.334227
v -0.049595 0.763528 0.342268
v -0.041554 0.763528 0.348867
v -0.032380 0.763528 0.353771
v -0.022426 0.763528 0.356791
v -0.012073 0.763528 0.049023
v -0.065137 0.763528 0.102087
v -0.022426 0.763528 0.050043
v -0.032380 0.763528 0.053062
v -0.041554 0.763528 0.057966
v -0.049595 0.763528 0.064565
v -0.056194 0.763528 0.072606
v -0.061098 0.763528 0.081780
v -0.064117 0.763528 0.091735
v 0.028383 0.212872 0.352604
v 0.033588 0.218078 0.357810
v 0.032064 0.214396 0.356285
v 0.028383 0.212872 0.054229
v 0.033588 0.218078 0.049023
v 0.032064 0.214396 0.050548
v -0.011818 0.212872 0.352604
v -0.012073 0.218078 0.357810
v -0.011999 0.214396 0.356285
v -0.059931 0.212872 0.304491
v -0.065137 0.218078 0.304746
v -0.063612 0.214396 0.304672
v -0.021405 0.212872 0.351660
v -0.022426 0.218078 0.356791
v -0.022127 0.214396 0.355288
v -0.030378 0.212872 0.348938
v -0.032380 0.218078 0.353771
v -0.031794 0.214396 0.352355
v -0.038648 0.212872 0.344518
v -0.041554 0.218078 0.348867
v -0.040703 0.214396 0.347593
v -0.045896 0.212872 0.338569
v -0.049595 0.218078 0.342268
v -0.048512 0.214396 0.341185
v -0.051845 0.212872 0.331321
v -0.056194 0.218078 0.334227
v -0.054920 0.214396 0.333376
v -0.056265 0.212872 0.323051
v -0.061098 0.218078 0.325053
v -0.059682 0.214396 0.324467
v -0.058987 0.212872 0.314078
v -0.064117 0.218078 0.315099
v -0.062615 0.214396 0.314800
v -0.059931 0.212872 0.102342
v -0.065137 0.218078 0.102087
v -0.063612 0.214396 0.102162
v -0.011818 0.212872 0.054229
v -0.012073 0.218078 0.049023
v -0.011999 0.214396 0.050548
v -0.058987 0.212872 0.092755
v -0.064117 0.218078 0.091735
v -0.062615 0.214396 0.092034
v -0.056265 0.212872 0.083782
v -0.061098 0.218078 0.081780
v -0.059682 0.214396 0.082367
v -0.051845 0.212872 0.075512
v -0.056194 0.218078 0.072606
v -0.054920 0.214396 0.073457
v -0.045896 0.212872 0.068264
v -0.049595 0.218078 0.064565
v -0.048512 0.214396 0.065649
v -0.038648 0.212872 0.062316
v -0.041554 0.218078 0.057966
v -0.040703 0.214396 0.059240
v -0.030378 0.212872 0.057895
v -0.032380 0.218078 0.053062
v -0.031794 0.214396 0.054478
v -0.021405 0.212872 0.055173
v -0.022426 0.218078 0.050043
v -0.022127 0.214396 0.051546
v -0.078407 0.574031 0.268986
v -0.078407 0.574031 0.252622
v 0.033588 0.574031 0.268986
v 0.033588 0.778500 0.268986
v 0.033588 0.574031 0.252622
v 0.033588 0.778500 0.252622
v -0.062526 0.778500 0.268986
v -0.078407 0.766467 0.268986
v -0.078407 0.766467 0.252622
v -0.062526 0.778500 0.252622
v -0.078407 0.574031 0.137847
v -0.078407 0.574031 0.154212
v 0.033588 0.574031 0.137847
v 0.033588 0.778500 0.137847
v 0.033588 0.574031 0.154212
v 0.033588 0.778500 0.154212
v -0.062526 0.778500 0.137847
v -0.078407 0.766467 0.137847
v -0.078407 0.766467 0.154212
v -0.062526 0.778500 0.154212
v -0.071066 0.578071 0.252622
v -0.071066 0.629599 0.252622
v -0.071066 0.578071 0.154212
v -0.071066 0.629599 0.154212
v -0.065137 0.578071 0.252622
v -0.065137 0.629599 0.252622
v -0.065137 0.578071 0.154212
v -0.065137 0.629599 0.154212
v 0.033588 0.763528 -0.357810
v 0.033588 0.763528 -0.049023
v -0.065137 0.763528 -0.304746
v -0.012073 0.763528 -0.357810
v -0.064117 0.763528 -0.315099
v -0.061098 0.763528 -0.325053
v -0.056194 0.763528 -0.334227
v -0.049595 0.763528 -0.342268
v -0.041554 0.763528 -0.348867
v -0.032380 0.763528 -0.353771
v -0.022426 0.763528 -0.356790
v -0.012073 0.763528 -0.049023
v -0.065137 0.763528 -0.102087
v -0.022426 0.763528 -0.050043
v -0.032380 0.763528 -0.053062
v -0.041554 0.763528 -0.057966
v -0.049595 0.763528 -0.064565
v -0.056194 0.763528 -0.072606
v -0.061098 0.763528 -0.081780
v -0.064117 0.763528 -0.091735
v 0.028383 0.212872 -0.352604
v 0.033588 0.218078 -0.357810
v 0.032064 0.214396 -0.356285
v 0.028383 0.212872 -0.054229
v 0.033588 0.218078 -0.049023
v 0.032064 0.214396 -0.050548
v -0.011818 0.212872 -0.352604
v -0.012073 0.218078 -0.357810
v -0.011999 0.214396 -0.356285
v -0.059931 0.212872 -0.304491
v -0.065137 0.218078 -0.304746
v -0.063612 0.214396 -0.304672
v -0.021405 0.212872 -0.351660
v -0.022426 0.218078 -0.356790
v -0.022127 0.214396 -0.355288
v -0.030378 0.212872 -0.348938
v -0.032380 0.218078 -0.353771
v -0.031794 0.214396 -0.352355
v -0.038648 0.212872 -0.344518
v -0.041554 0.218078 -0.348867
v -0.040703 0.214396 -0.347593
v -0.045896 0.212872 -0.338569
v -0.049595 0.218078 -0.342268
v -0.048512 0.214396 -0.341185
v -0.051845 0.212872 -0.331321
v -0.056194 0.218078 -0.334227
v -0.054920 0.214396 -0.333376
v -0.056265 0.212872 -0.323051
v -0.061098 0.218078 -0.325053
v -0.059682 0.214396 -0.324467
v -0.058987 0.212872 -0.314078
v -0.064117 0.218078 -0.315099
v -0.062615 0.214396 -0.314800
v -0.059931 0.212872 -0.102342
v -0.065137 0.218078 -0.102087
v -0.063612 0.214396 -0.102162
v -0.011818 0.212872 -0.054229
v -0.012073 0.218078 -0.049023
v -0.011999 0.214396 -0.050548
v -0.058987 0.212872 -0.092755
v -0.064117 0.218078 -0.091735
v -0.062615 0.214396 -0.092033
v -0.056265 0.212872 -0.083782
v -0.061098 0.218078 -0.081780
v -0.059682 0.214396 -0.082367
v -0.051845 0.212872 -0.075512
v -0.056194 0.218078 -0.072606
v -0.054920 0.214396 -0.073457
v -0.045896 0.212872 -0.068264
v -0.049595 0.218078 -0.064565
v -0.048512 0.214396 -0.065649
v -0.038648 0.212872 -0.062315
v -0.041554 0.218078 -0.057966
v -0.040703 0.214396 -0.059240
v -0.030378 0.212872 -0.057895
v -0.032380 0.218078 -0.053062
v -0.031794 0.214396 -0.054478
v -0.021405 0.212872 -0.055173
v -0.022426 0.218078 -0.050043
v -0.022127 0.214396 -0.051545
v -0.078407 0.574031 -0.268986
v -0.078407 0.574031 -0.252621
v 0.033588 0.574031 -0.268986
v 0.033588 0.778500 -0.268986
v 0.033588 0.574031 -0.252621
v 0.033588 0.778500 -0.252621
v -0.062526 0.778500 -0.268986
v -0.078407 0.766467 -0.268986
v -0.078407 0.766467 -0.252621
v -0.062526 0.778500 -0.252621
v -0.078407 0.574031 -0.137847
v -0.078407 0.574031 -0.154212
v 0.033588 0.574031 -0.137847
v 0.033588 0.778500 -0.137847
v 0.033588 0.574031 -0.154212
v 0.033588 0.778500 -0.154212
v -0.062526 0.778500 -0.137847
v -0.078407 0.766467 -0.137847
v -0.078407 0.766467 -0.154212
v -0.062526 0.778500 -0.154212
v -0.071066 0.578071 -0.252621
v -0.071066 0.629599 -0.252621
v -0.071066 0.578071 -0.154212
v -0.071066 0.629599 -0.154212
v -0.065137 0.578071 -0.252621
v -0.065137 0.629599 -0.252621
v -0.065137 0.578071 -0.154212
v -0.065137 0.629599 -0.154212
v 0.500466 0.521439 -0.152063
v 0.470656 0.542312 -0.147644
v 0.442579 0.561972 -0.134645
v 0.417866 0.579277 -0.113821
v 0.397953 0.593220 -0.086382
v 0.383998 0.602991 -0.053922
v 0.376811 0.608023 -0.018329
v 0.376811 0.608023 0.018329
v 0.383998 0.602991 0.053922
v 0.397953 0.593220 0.086382
v 0.417866 0.579277 0.113821
v 0.442579 0.561972 0.134645
v 0.470656 0.542312 0.147645
v 0.500466 0.521439 0.152063
v 0.530276 0.500566 0.147645
v 0.558353 0.480906 0.134645
v 0.583067 0.463602 0.113821
v 0.602979 0.449659 0.086382
v 0.616934 0.439887 0.053922
v 0.624121 0.434855 0.018329
v 0.624121 0.434855 -0.018329
v 0.616934 0.439887 -0.053922
v 0.602979 0.449659 -0.086382
v 0.583067 0.463602 -0.113821
v 0.558353 0.480906 -0.134645
v 0.530276 0.500566 -0.147644
v 1.007280 1.245245 -0.152063
v 0.977471 1.266118 -0.147645
v 0.949393 1.285778 -0.134645
v 0.924680 1.303083 -0.113821
v 0.904767 1.317026 -0.086382
v 0.890812 1.326797 -0.053922
v 0.883626 1.331829 -0.018329
v 0.883626 1.331829 0.018329
v 0.890812 1.326797 0.053922
v 0.904767 1.317026 0.086382
v 0.924680 1.303083 0.113821
v 0.949393 1.285778 0.134645
v 0.977471 1.266118 0.147645
v 1.007280 1.245245 0.152063
v 1.037090 1.224372 0.147645
v 1.065168 1.204712 0.134645
v 1.089881 1.187408 0.113821
v 1.109794 1.173465 0.086382
v 1.123749 1.163693 0.053922
v 1.130935 1.158661 0.018329
v 1.130935 1.158661 -0.018329
v 1.123749 1.163693 -0.053922
v 1.109794 1.173465 -0.086382
v 1.089881 1.187408 -0.113821
v 1.065168 1.204712 -0.134645
v 1.037090 1.224372 -0.147645
v 1.007280 1.245245 -0.152063
v 0.977471 1.266118 -0.147645
v 0.949393 1.285778 -0.134645
v 0.924680 1.303083 -0.113821
v 0.904767 1.317026 -0.086382
v 0.890812 1.326797 -0.053922
v 0.883626 1.331829 -0.018329
v 0.883626 1.331829 0.018329
v 0.890812 1.326797 0.053922
v 0.904767 1.317026 0.086382
v 0.924680 1.303083 0.113821
v 0.949393 1.285778 0.134645
v 0.977471 1.266118 0.147645
v 1.007280 1.245245 0.152063
v 1.037090 1.224372 0.147645
v 1.065168 1.204712 0.134645
v 1.089881 1.187408 0.113821
v 1.109794 1.173465 0.086382
v 1.123749 1.163693 0.053922
v 1.130935 1.158661 0.018329
v 1.130935 1.158661 -0.018329
v 1.123749 1.163693 -0.053922
v 1.109794 1.173465 -0.086382
v 1.089881 1.187408 -0.113821
v 1.065168 1.204712 -0.134645
v 1.037090 1.224372 -0.147645
v 1.082409 1.352540 -0.015787
v 1.079314 1.354707 -0.015328
v 1.076399 1.356748 -0.013979
v 1.073833 1.358544 -0.011817
v 1.071766 1.359992 -0.008968
v 1.070317 1.361006 -0.005598
v 1.069571 1.361529 -0.001903
v 1.069571 1.361529 0.001903
v 1.070317 1.361006 0.005598
v 1.071766 1.359992 0.008968
v 1.073833 1.358544 0.011817
v 1.076399 1.356748 0.013979
v 1.079314 1.354707 0.015328
v 1.082409 1.352540 0.015787
v 1.085504 1.350373 0.015328
v 1.088418 1.348332 0.013979
v 1.090984 1.346535 0.011817
v 1.093051 1.345087 0.008968
v 1.094500 1.344073 0.005598
v 1.095246 1.343551 0.001903
v 1.095246 1.343551 -0.001903
v 1.094500 1.344073 -0.005598
v 1.093051 1.345087 -0.008968
v 1.090984 1.346535 -0.011817
v 1.088418 1.348332 -0.013979
v 1.085504 1.350373 -0.015328
v 0.987634 1.353603 0.088320
v 1.024577 1.366974 0.062819
v 1.052416 1.367345 0.037318
v 1.060519 1.361672 0.044145
v 1.038216 1.357424 0.074312
v 1.006811 1.340176 0.104479
v 1.074859 1.292527 -0.114565
v 1.086617 1.323533 -0.081486
v 1.089272 1.341539 -0.048407
v 1.079498 1.348383 -0.049856
v 1.070165 1.335053 -0.083925
v 1.051728 1.308723 -0.117994
v 0.987634 1.353603 -0.088320
v 1.024577 1.366974 -0.062819
v 1.052416 1.367345 -0.037318
v 1.045888 1.371917 -0.028321
v 1.013587 1.374669 -0.047675
v 0.972183 1.364422 -0.067028
v 1.142103 1.245443 0.041841
v 1.134445 1.290044 0.029760
v 1.117684 1.321645 0.017679
v 1.120040 1.319995 0.006010
v 1.138411 1.287267 0.010116
v 1.147679 1.241538 0.014223
v 1.069725 1.355226 0.048407
v 1.053712 1.346573 0.081486
v 1.028597 1.324920 0.114565
v 1.041312 1.375121 -0.017679
v 1.005885 1.380062 -0.029760
v 0.961354 1.372004 -0.041841
v 1.120040 1.319995 -0.006009
v 1.138411 1.287267 -0.010116
v 1.147679 1.241538 -0.014223
v 1.079498 1.348383 0.049856
v 1.070165 1.335053 0.083925
v 1.051728 1.308723 0.117994
v 1.038956 1.376770 -0.006009
v 1.001919 1.382840 -0.010116
v 0.955778 1.375909 -0.014223
v 1.117684 1.321645 -0.017679
v 1.134445 1.290044 -0.029760
v 1.142103 1.245443 -0.041841
v 1.089272 1.341539 0.048407
v 1.086617 1.323533 0.081486
v 1.074859 1.292527 0.114565
v 1.038956 1.376770 0.006010
v 1.001919 1.382840 0.010116
v 0.955778 1.375909 0.014223
v 1.113108 1.324848 -0.028321
v 1.126743 1.295437 -0.047675
v 1.131274 1.253025 -0.067028
v 1.098477 1.335093 0.044145
v 1.102113 1.312683 0.074312
v 1.096646 1.277272 0.104479
v 1.041312 1.375121 0.017679
v 1.005885 1.380062 0.029760
v 0.961354 1.372004 0.041841
v 1.106580 1.329420 -0.037318
v 1.115753 1.303132 -0.062819
v 1.115823 1.263844 -0.088320
v 1.069725 1.355226 -0.048407
v 1.053712 1.346573 -0.081486
v 1.028597 1.324920 -0.114565
v 1.106580 1.329420 0.037318
v 1.115753 1.303132 0.062819
v 1.115823 1.263844 0.088320
v 1.045888 1.371917 0.028321
v 1.013587 1.374669 0.047675
v 0.972183 1.364422 0.067028
v 1.098477 1.335093 -0.044145
v 1.102113 1.312683 -0.074312
v 1.096646 1.277272 -0.104479
v 1.060519 1.361672 -0.044145
v 1.038216 1.357424 -0.074312
v 1.006810 1.340175 -0.104479
v 1.113108 1.324848 0.028321
v 1.126743 1.295437 0.047675
v 1.131274 1.253025 0.067028
v 0.984839 1.322599 0.119562
v 1.036242 1.286606 -0.135029
v 0.945212 1.350346 -0.076705
v 1.146044 1.209722 0.016276
v 1.009772 1.305141 0.131105
v 0.932821 1.359023 -0.047882
v 1.146044 1.209722 -0.016276
v 1.036242 1.286606 0.135029
v 0.926439 1.363491 -0.016276
v 1.139663 1.214190 -0.047882
v 1.062712 1.268072 0.131105
v 0.926439 1.363491 0.016276
v 1.127271 1.222867 -0.076705
v 1.087645 1.250614 0.119562
v 0.932821 1.359023 0.047882
v 1.109589 1.235248 -0.101070
v 1.009771 1.305141 -0.131105
v 1.109589 1.235248 0.101070
v 0.945212 1.350346 0.076705
v 1.087645 1.250614 -0.119562
v 0.984839 1.322599 -0.119562
v 1.127271 1.222867 0.076705
v 0.962895 1.337965 0.101070
v 1.062712 1.268072 -0.131105
v 0.962895 1.337965 -0.101070
v 1.139663 1.214190 0.047882
v 0.518886 0.587249 0.203486
v 0.518886 0.587249 -0.203486
v 0.556007 0.561257 0.203486
v 0.556007 0.561257 -0.203486
v 0.760319 0.932051 0.203486
v 0.827177 1.027534 0.140705
v 0.827177 1.027534 -0.140705
v 0.760319 0.932051 -0.203486
v 0.864298 1.001541 0.140705
v 0.797440 0.906059 0.203486
v 0.797440 0.906059 -0.203486
v 0.864298 1.001541 -0.140705
v 0.370761 0.690968 -0.022658
v 0.704133 0.457539 -0.022658
v 0.370761 0.690968 0.022658
v 0.704133 0.457539 0.022658
v 0.612194 1.035769 -0.022658
v 0.730478 1.095243 -0.022658
v 0.960996 0.933832 -0.022658
v 0.945565 0.802340 -0.022658
v 0.730478 1.095243 0.022658
v 0.612194 1.035769 0.022658
v 0.945565 0.802340 0.022658
v 0.960996 0.933832 0.022658
v 2.031473 0.183352 -0.005676
v 2.029986 0.183776 -0.005569
v 2.028603 0.184309 -0.005120
v 2.027403 0.184920 -0.004355
v 2.026455 0.185574 -0.003318
v 2.025816 0.186232 -0.002071
v 2.025521 0.186857 -0.000684
v 2.025589 0.187412 0.000761
v 2.026015 0.187864 0.002179
v 2.026774 0.188188 0.003490
v 2.027823 0.188365 0.004616
v 2.029100 0.188384 0.005493
v 2.030531 0.188244 0.006068
v 2.032034 0.187954 0.006310
v 2.033520 0.187530 0.006203
v 2.034903 0.186997 0.005754
v 2.036103 0.186385 0.004989
v 2.037051 0.185732 0.003952
v 2.037691 0.185073 0.002704
v 2.037985 0.184448 0.001318
v 2.037917 0.183894 -0.000127
v 2.037491 0.183441 -0.001546
v 2.036732 0.183117 -0.002856
v 2.035683 0.182941 -0.003983
v 2.034406 0.182922 -0.004859
v 2.032975 0.183061 -0.005435
v 2.081453 0.377926 -0.082730
v 2.079967 0.378350 -0.082623
v 2.078584 0.378883 -0.082174
v 2.077384 0.379494 -0.081409
v 2.076437 0.380148 -0.080372
v 2.075797 0.380806 -0.079125
v 2.075502 0.381431 -0.077738
v 2.075570 0.381986 -0.076293
v 2.075996 0.382438 -0.074875
v 2.076756 0.382762 -0.073564
v 2.077804 0.382939 -0.072438
v 2.079081 0.382958 -0.071561
v 2.080513 0.382818 -0.070986
v 2.082015 0.382528 -0.070744
v 2.083501 0.382104 -0.070851
v 2.084884 0.381571 -0.071300
v 2.086084 0.380959 -0.072065
v 2.087032 0.380305 -0.073102
v 2.087671 0.379647 -0.074350
v 2.087966 0.379022 -0.075736
v 2.087898 0.378468 -0.077181
v 2.087472 0.378015 -0.078600
v 2.086713 0.377691 -0.079910
v 2.085664 0.377514 -0.081037
v 2.084387 0.377495 -0.081913
v 2.082956 0.377635 -0.082489
v 0.588141 0.148975 -0.497227
v 0.673151 0.148975 -0.474448
v 0.752915 0.148975 -0.437254
v 0.825008 0.148975 -0.386773
v 0.887240 0.148975 -0.324542
v 0.937720 0.148975 -0.252448
v 0.974914 0.148975 -0.172685
v 0.997693 0.148975 -0.087674
v 1.005363 0.148975 0.000000
v 0.997693 0.148975 0.087675
v 0.974914 0.148975 0.172685
v 0.937720 0.148975 0.252449
v 0.887240 0.148975 0.324542
v 0.825008 0.148975 0.386774
v 0.752915 0.148975 0.437254
v 0.673151 0.148975 0.474448
v 0.588141 0.148975 0.497227
v 0.500466 0.148975 0.504897
v 0.412792 0.148975 0.497227
v 0.327781 0.148975 0.474448
v 0.248018 0.148975 0.437254
v 0.175925 0.148975 0.386774
v 0.113693 0.148975 0.324542
v 0.063213 0.148975 0.252449
v 0.026018 0.148975 0.172685
v 0.003240 0.148975 0.087675
v -0.004431 0.148975 0.000000
v 0.003240 0.148975 -0.087674
v 0.026018 0.148975 -0.172685
v 0.063213 0.148975 -0.252448
v 0.113693 0.148975 -0.324542
v 0.175925 0.148975 -0.386774
v 0.248018 0.148975 -0.437254
v 0.327781 0.148975 -0.474448
v 0.412792 0.148975 -0.497226
v 0.500466 0.148975 -0.504897
v 0.500466 0.197967 -0.504897
v 0.412792 0.197967 -0.497226
v 0.327781 0.197967 -0.474448
v 0.248018 0.197967 -0.437254
v 0.175925 0.197967 -0.386774
v 0.113693 0.197967 -0.324542
v 0.063213 0.197967 -0.252448
v 0.026018 0.197967 -0.172685
v 0.003240 0.197967 -0.087674
v -0.004431 0.197967 0.000000
v 0.003240 0.197967 0.087675
v 0.026018 0.197967 0.172685
v 0.063213 0.197967 0.252449
v 0.113693 0.197967 0.324542
v 0.175925 0.197967 0.386774
v 0.248018 0.197967 0.437254
v 0.327781 0.197967 0.474448
v 0.412792 0.197967 0.497227
v 0.500466 0.197967 0.504897
v 0.588141 0.197967 0.497227
v 0.673151 0.197967 0.474448
v 0.752915 0.197967 0.437254
v 0.825008 0.197967 0.386774
v 0.887240 0.197967 0.324542
v 0.937720 0.197967 0.252449
v 0.974914 0.197967 0.172685
v 0.997693 0.197967 0.087675
v 1.005363 0.197967 0.000000
v 0.997693 0.197967 -0.087674
v 0.974914 0.197967 -0.172685
v 0.937720 0.197967 -0.252448
v 0.887240 0.197967 -0.324542
v 0.825008 0.197967 -0.386773
v 0.752915 0.197967 -0.437254
v 0.673151 0.197967 -0.474448
v 0.588141 0.197967 -0.497227
v -0.016162 0.769199 0.283617
v -0.027864 0.769199 0.286753
v -0.036430 0.769199 0.295319
v -0.039565 0.769199 0.307020
v -0.036430 0.769199 0.318721
v -0.027864 0.769199 0.327288
v -0.016162 0.769199 0.330423
v -0.004461 0.769199 0.327287
v 0.004105 0.769199 0.318721
v 0.007240 0.769199 0.307020
v 0.004105 0.769199 0.295319
v -0.004461 0.769199 0.286752
v -0.016162 0.766054 0.283617
v -0.027864 0.766054 0.286753
v -0.036430 0.766054 0.295319
v -0.039565 0.766054 0.307020
v -0.036430 0.766054 0.318721
v -0.027864 0.766054 0.327288
v -0.016162 0.766054 0.330423
v -0.004461 0.766054 0.327287
v 0.004105 0.766054 0.318721
v 0.007241 0.766054 0.307020
v 0.004105 0.766054 0.295319
v -0.004461 0.766054 0.286752
v -0.016162 0.769199 0.288158
v -0.025593 0.769199 0.290685
v -0.032497 0.769199 0.297589
v -0.035024 0.769199 0.307020
v -0.032497 0.769199 0.316451
v -0.025593 0.769199 0.323355
v -0.016162 0.769199 0.325882
v -0.006732 0.769199 0.323355
v 0.000172 0.769199 0.316451
v 0.002699 0.769199 0.307020
v 0.000172 0.769199 0.297589
v -0.006732 0.769199 0.290685
v -0.016162 0.771134 0.288158
v -0.025593 0.771134 0.290685
v -0.032497 0.771134 0.297589
v -0.035024 0.771134 0.307020
v -0.032497 0.771134 0.316451
v -0.025593 0.771134 0.323355
v -0.016162 0.771134 0.325882
v -0.006732 0.771134 0.323355
v 0.000172 0.771134 0.316451
v 0.002699 0.771134 0.307020
v 0.000172 0.771134 0.297589
v -0.006732 0.771134 0.290685
v -0.016162 0.771134 0.303259
v -0.018043 0.771134 0.303763
v -0.019420 0.771134 0.305140
v -0.019923 0.771134 0.307020
v -0.019420 0.771134 0.308901
v -0.018043 0.771134 0.310277
v -0.016162 0.771134 0.310781
v -0.014282 0.771134 0.310277
v -0.012905 0.771134 0.308901
v -0.012401 0.771134 0.307020
v -0.012905 0.771134 0.305139
v -0.014282 0.771134 0.303763
v -0.016162 1.364129 0.303259
v -0.018043 1.364129 0.303763
v -0.019420 1.364129 0.305140
v -0.019923 1.364129 0.307020
v -0.019420 1.364129 0.308901
v -0.018043 1.364129 0.310277
v -0.016162 1.364129 0.310781
v -0.014282 1.364129 0.310277
v -0.012905 1.364129 0.308901
v -0.012401 1.364129 0.307020
v -0.012905 1.364129 0.305140
v -0.014282 1.364129 0.303763
v -0.043741 0.763528 0.334598
v -0.043741 0.766054 0.334598
v -0.043741 0.763528 0.279441
v -0.043741 0.766054 0.279441
v 0.011416 0.763528 0.334598
v 0.011416 0.766054 0.334598
v 0.011416 0.763528 0.279441
v 0.011416 0.766054 0.279441
v 2.002242 0.148975 0.029717
v 2.002242 0.187338 0.029717
v 2.002242 0.148975 -0.029717
v 2.002242 0.187338 -0.029717
v 2.061676 0.148975 0.029717
v 2.061676 0.187338 0.029717
v 2.061676 0.148975 -0.029717
v 2.061676 0.187338 -0.029717
v 0.033588 0.197967 0.466878
v 0.967344 0.197967 0.466878
v 0.033588 0.197967 -0.466878
v 0.967344 0.197967 -0.466878
v 0.967344 0.225315 0.466878
v 0.967344 0.225315 -0.466878
v 0.924283 0.197967 0.466878
v 0.924283 0.197967 -0.466878
v 0.924283 0.225315 0.466878
v 0.924282 0.225315 -0.466878
v 0.065245 0.826819 0.466878
v 0.033588 0.810340 0.466878
v 0.033588 0.810340 -0.466878
v 0.065245 0.826819 -0.466878
v 1.232505 1.501196 -0.154373
v 1.114972 1.583494 0.119008
v 1.072528 1.613214 -0.023555
v 1.170169 1.544845 0.154373
v 1.140812 1.565401 -0.140782
v 1.323113 1.437752 0.056380
v 1.261863 1.480641 -0.140782
v 1.140812 1.565401 0.140782
v 1.308522 1.447969 0.090318
v 1.094152 1.598073 -0.090319
v 1.079561 1.608289 -0.056380
v 1.261862 1.480641 0.140782
v 1.323113 1.437752 -0.056380
v 1.232506 1.501197 0.154373
v 1.287702 1.462547 0.119008
v 1.094152 1.598073 0.090318
v 1.072528 1.613214 0.023555
v 1.170169 1.544845 -0.154373
v 1.308522 1.447969 -0.090319
v 1.287702 1.462547 -0.119008
v 1.079561 1.608289 0.056380
v 1.114972 1.583494 -0.119008
v 1.330146 1.432828 0.023555
v 1.220759 1.509421 0.200038
v 1.330146 1.432828 -0.023555
v 1.220759 1.509421 0.156114
v 1.181976 1.536577 0.156123
v 1.220732 1.509441 -0.156118
v 1.181875 1.536649 -0.156108
v 1.181976 1.536577 0.200050
v 1.220732 1.509441 -0.200045
v 1.181875 1.536649 -0.200032
v 1.037658 1.637630 -0.023555
v 1.037658 1.637630 0.023555
v 1.365016 1.408412 0.023555
v 1.365016 1.408412 -0.023555
v 0.621201 0.628163 -0.154373
v 0.503667 0.710461 0.119008
v 0.461223 0.740180 -0.023555
v 0.558864 0.671812 0.154373
v 0.529507 0.692368 -0.140781
v 0.711809 0.564719 0.056380
v 0.650558 0.607607 -0.140782
v 0.529507 0.692368 0.140782
v 0.697217 0.574935 0.090318
v 0.482847 0.725039 -0.090319
v 0.468256 0.735256 -0.056380
v 0.650558 0.607607 0.140782
v 0.711809 0.564719 -0.056380
v 0.621201 0.628163 0.154373
v 0.676397 0.589514 0.119008
v 0.482847 0.725039 0.090319
v 0.461223 0.740180 0.023555
v 0.558864 0.671812 -0.154373
v 0.697217 0.574935 -0.090318
v 0.676397 0.589514 -0.119008
v 0.468256 0.735256 0.056380
v 0.503667 0.710461 -0.119008
v 0.718841 0.559794 0.023555
v 0.609454 0.636388 0.200038
v 0.718841 0.559794 -0.023555
v 0.609454 0.636388 0.156114
v 0.570671 0.663544 0.156123
v 0.609427 0.636407 -0.156118
v 0.570570 0.663615 -0.156108
v 0.570671 0.663544 0.200050
v 0.609427 0.636407 -0.200045
v 0.570570 0.663615 -0.200032
v 0.426353 0.764596 -0.023555
v 0.426353 0.764596 0.023555
v 0.753711 0.535378 0.023555
v 0.753711 0.535378 -0.023555
v 1.453081 1.346748 0.362662
v 1.498412 1.315007 0.307322
v 1.498412 1.315006 -0.307322
v 1.453081 1.346748 -0.362662
v 0.904262 1.731035 0.307322
v 0.949593 1.699294 0.362662
v 0.949593 1.699294 -0.362662
v 0.904262 1.731035 -0.307322
v 0.335152 0.821780 0.362662
v 0.289820 0.853522 0.307322
v 0.289820 0.853522 -0.307322
v 0.335152 0.821780 -0.362662
v 0.883971 0.437493 0.307322
v 0.838639 0.469234 0.362662
v 0.838639 0.469234 -0.362662
v 0.883971 0.437493 -0.307322
v 1.452204 1.347362 0.054496
v 1.452204 1.347362 -0.054496
v 1.463423 1.339506 0.068192
v 1.463423 1.339506 -0.068193
v 1.145477 1.562135 -0.319948
v 1.156696 1.554278 -0.306252
v 1.245977 1.491763 -0.306252
v 1.257197 1.483907 -0.319948
v 0.324809 0.829022 0.068193
v 0.336029 0.821166 0.054496
v 0.324809 0.829022 -0.068192
v 0.542255 0.676765 -0.306252
v 0.336029 0.821166 -0.054496
v 0.531035 0.684621 -0.319948
v 0.642755 0.606394 -0.319948
v 0.631536 0.614250 -0.306252
v 0.542255 0.676765 0.306252
v 0.531035 0.684621 0.319949
v 0.642755 0.606394 0.319949
v 0.631536 0.614250 0.306252
v 0.848982 0.461992 0.068192
v 0.848982 0.461992 -0.068192
v 0.837762 0.469848 0.054496
v 0.837762 0.469848 -0.054496
v 1.145477 1.562135 0.319949
v 1.156697 1.554278 0.306252
v 1.245977 1.491763 0.306252
v 1.257197 1.483907 0.319949
v 0.939250 1.706536 0.068192
v 0.939250 1.706536 -0.068192
v 0.950470 1.698680 -0.054496
v 0.950470 1.698680 0.054496
v 1.498412 1.315007 0.070577
v 1.496459 1.316374 0.068192
v 1.497840 1.315407 0.068891
v 1.496459 1.316374 -0.068193
v 1.498412 1.315007 -0.070577
v 1.497840 1.315407 -0.068891
v 1.143524 1.563502 0.362662
v 1.145477 1.562135 0.360277
v 1.144905 1.562535 0.361963
v 1.257197 1.483907 0.360277
v 1.259151 1.482540 0.362662
v 1.257769 1.483506 0.361963
v 0.644709 0.605026 0.362662
v 0.642755 0.606394 0.360277
v 0.643328 0.605993 0.361963
v 0.531035 0.684621 0.360277
v 0.529082 0.685989 0.362662
v 0.530463 0.685022 0.361963
v 1.145477 1.562135 -0.360277
v 1.143524 1.563502 -0.362662
v 1.144905 1.562535 -0.361963
v 1.259150 1.482540 -0.362662
v 1.257197 1.483907 -0.360277
v 1.257769 1.483507 -0.361963
v 0.289820 0.853522 0.070577
v 0.291774 0.852154 0.068193
v 0.290392 0.853121 0.068891
v 0.291774 0.852154 -0.068192
v 0.289820 0.853522 -0.070577
v 0.290392 0.853121 -0.068891
v 0.529082 0.685989 -0.362662
v 0.531035 0.684621 -0.360277
v 0.530463 0.685022 -0.361963
v 0.642755 0.606394 -0.360277
v 0.644709 0.605026 -0.362662
v 0.643328 0.605993 -0.361963
v 0.882017 0.438861 0.068192
v 0.883971 0.437493 0.070577
v 0.883399 0.437894 0.068891
v 0.883971 0.437493 -0.070577
v 0.882017 0.438861 -0.068192
v 0.883399 0.437894 -0.068891
v 0.904262 1.731035 -0.070577
v 0.906215 1.729668 -0.068192
v 0.904834 1.730634 -0.068891
v 0.906215 1.729667 0.068193
v 0.904262 1.731035 0.070577
v 0.904834 1.730634 0.068891
v 0.246593 0.699838 0.390802
v 0.180340 0.746228 0.309922
v 0.233667 0.708888 0.389247
v 0.221239 0.717591 0.384645
v 0.209785 0.725611 0.377171
v 0.199745 0.732641 0.367113
v 0.191506 0.738410 0.354856
v 0.185384 0.742697 0.340874
v 0.181613 0.745337 0.325701
v 0.266770 0.869662 0.309922
v 0.333022 0.823272 0.390802
v 0.268043 0.868770 0.325701
v 0.271813 0.866130 0.340874
v 0.277935 0.861844 0.354856
v 0.286174 0.856075 0.367113
v 0.296214 0.849045 0.377171
v 0.307668 0.841025 0.384645
v 0.320097 0.832322 0.389247
v 0.180340 0.746228 -0.309922
v 0.246592 0.699838 -0.390801
v 0.181613 0.745337 -0.325701
v 0.185383 0.742697 -0.340873
v 0.191506 0.738410 -0.354856
v 0.199745 0.732641 -0.367112
v 0.209785 0.725611 -0.377171
v 0.221239 0.717591 -0.384645
v 0.233667 0.708888 -0.389247
v 0.333022 0.823272 -0.390801
v 0.266770 0.869662 -0.309922
v 0.320097 0.832322 -0.389247
v 0.307668 0.841024 -0.384645
v 0.296214 0.849045 -0.377171
v 0.286174 0.856075 -0.367113
v 0.277935 0.861844 -0.354856
v 0.271813 0.866131 -0.340873
v 0.268043 0.868771 -0.325701
v 0.820592 0.297919 0.309922
v 0.754340 0.344309 0.390801
v 0.819319 0.298810 0.325701
v 0.815549 0.301450 0.340874
v 0.809426 0.305737 0.354856
v 0.801187 0.311506 0.367113
v 0.791147 0.318536 0.377171
v 0.779693 0.326556 0.384645
v 0.767265 0.335259 0.389247
v 0.840769 0.467743 0.390801
v 0.907021 0.421353 0.309922
v 0.853694 0.458693 0.389247
v 0.866123 0.449990 0.384645
v 0.877577 0.441970 0.377171
v 0.887616 0.434940 0.367113
v 0.895856 0.429171 0.354856
v 0.901978 0.424884 0.340874
v 0.905748 0.422244 0.325701
v 0.754340 0.344309 -0.390801
v 0.820592 0.297919 -0.309922
v 0.767265 0.335259 -0.389247
v 0.779693 0.326556 -0.384645
v 0.791147 0.318536 -0.377171
v 0.801187 0.311506 -0.367112
v 0.809426 0.305737 -0.354856
v 0.815549 0.301450 -0.340874
v 0.819319 0.298810 -0.325701
v 0.907021 0.421353 -0.309922
v 0.840769 0.467743 -0.390801
v 0.905748 0.422244 -0.325701
v 0.901978 0.424884 -0.340874
v 0.895856 0.429171 -0.354856
v 0.887616 0.434940 -0.367112
v 0.877577 0.441970 -0.377171
v 0.866123 0.449990 -0.384645
v 0.853694 0.458693 -0.389247
v 1.232505 1.501196 -0.154373
v 1.114972 1.583494 0.119008
v 1.072528 1.613214 -0.023555
v 1.170169 1.544845 0.154373
v 1.140812 1.565401 -0.140782
v 1.323113 1.437752 0.056380
v 1.261863 1.480641 -0.140782
v 1.140812 1.565401 0.140782
v 1.308522 1.447969 0.090318
v 1.094152 1.598073 -0.090319
v 1.079561 1.608289 -0.056380
v 1.261862 1.480641 0.140782
v 1.323113 1.437752 -0.056380
v 1.232506 1.501197 0.154373
v 1.287702 1.462547 0.119008
v 1.094152 1.598073 0.090318
v 1.072528 1.613214 0.023555
v 1.170169 1.544845 -0.154373
v 1.308522 1.447969 -0.090319
v 1.287702 1.462547 -0.119008
v 1.079561 1.608289 0.056380
v 1.114972 1.583494 -0.119008
v 1.330146 1.432828 0.023555
v 1.220759 1.509421 0.200038
v 1.330146 1.432828 -0.023555
v 1.220759 1.509421 0.156114
v 1.181976 1.536577 0.156123
v 1.220732 1.509441 -0.156118
v 1.181875 1.536649 -0.156108
v 1.181976 1.536577 0.200050
v 1.220732 1.509441 -0.200045
v 1.181875 1.536649 -0.200032
v 1.037658 1.637630 -0.023555
v 1.037658 1.637630 0.023555
v 1.365016 1.408412 0.023555
v 1.365016 1.408412 -0.023555
v 1.232775 1.501008 -0.170387
v 1.106052 1.589740 0.131300
v 1.061765 1.620751 -0.038379
v 1.169899 1.545034 0.170386
v 1.134560 1.569779 -0.155323
v 1.335691 1.428945 0.062203
v 1.268114 1.476263 -0.155323
v 1.134560 1.569779 0.155322
v 1.319593 1.440217 0.099647
v 1.083081 1.605825 -0.099647
v 1.066983 1.617097 -0.062203
v 1.268114 1.476263 0.155322
v 1.335691 1.428945 -0.062203
v 1.232775 1.501008 0.170386
v 1.296622 1.456302 0.131300
v 1.083081 1.605825 0.099647
v 1.061765 1.620751 0.038378
v 1.169899 1.545034 -0.170387
v 1.319593 1.440217 -0.099647
v 1.296622 1.456302 -0.131300
v 1.066983 1.617097 0.062203
v 1.106052 1.589740 -0.131300
v 1.340909 1.425291 0.038378
v 1.326716 1.442898 0.056380
v 1.340909 1.425291 -0.038379
v 1.144414 1.570547 -0.140782
v 1.173772 1.549991 0.154373
v 1.265465 1.485786 0.140782
v 1.083164 1.613435 -0.056380
v 1.076131 1.618359 -0.023555
v 1.097755 1.603218 -0.090319
v 1.312125 1.453115 0.090318
v 1.023981 1.647207 -0.038379
v 1.023981 1.647207 0.038378
v 1.378693 1.398835 0.038378
v 1.378693 1.398835 -0.038379
v 1.144415 1.570547 0.140782
v 1.265465 1.485786 -0.140782
v 1.236108 1.506342 -0.154373
v 1.118575 1.588640 0.119008
v 1.232775 1.501008 -0.216512
v 1.169899 1.545034 -0.216512
v 1.169899 1.545034 0.216512
v 1.232775 1.501008 0.216512
v 1.326716 1.442898 -0.056380
v 1.236109 1.506342 0.154373
v 1.291305 1.467693 0.119008
v 1.097755 1.603218 0.090318
v 1.076131 1.618359 0.023555
v 1.173772 1.549991 -0.154373
v 1.312125 1.453114 -0.090319
v 1.291305 1.467693 -0.119008
v 1.083164 1.613435 0.056380
v 1.118575 1.588640 -0.119008
v 1.333749 1.437973 0.023555
v 1.224362 1.514567 0.200038
v 1.333749 1.437973 -0.023555
v 1.224362 1.514567 0.156114
v 1.185579 1.541723 0.156123
v 1.224335 1.514586 -0.156118
v 1.185477 1.541794 -0.156108
v 1.185579 1.541723 0.200050
v 1.224335 1.514586 -0.200045
v 1.185477 1.541794 -0.200032
v 1.041261 1.642776 -0.023555
v 1.041261 1.642776 0.023555
v 1.368619 1.413557 0.023555
v 1.368619 1.413557 -0.023555
v 1.236377 1.506153 -0.170387
v 1.109655 1.594886 0.131300
v 1.065367 1.625896 -0.038379
v 1.173502 1.550179 0.170386
v 1.138163 1.574924 -0.155323
v 1.339294 1.434090 0.062203
v 1.271717 1.481409 -0.155323
v 1.138163 1.574924 0.155322
v 1.323196 1.445363 0.099647
v 1.086684 1.610970 -0.099647
v 1.070586 1.622242 -0.062203
v 1.271717 1.481409 0.155322
v 1.339294 1.434090 -0.062203
v 1.236378 1.506153 0.170386
v 1.300225 1.461447 0.131300
v 1.086684 1.610970 0.099647
v 1.065367 1.625896 0.038378
v 1.173502 1.550179 -0.170387
v 1.323196 1.445363 -0.099647
v 1.300225 1.461447 -0.131300
v 1.070586 1.622242 0.062203
v 1.109655 1.594886 -0.131300
v 1.344512 1.430437 0.038378
v 1.344512 1.430437 -0.038379
v 1.027584 1.652352 -0.038379
v 1.027584 1.652352 0.038378
v 1.382296 1.403980 0.038378
v 1.382296 1.403980 -0.038379
v 1.236378 1.506154 -0.216512
v 1.173502 1.550179 -0.216512
v 1.173502 1.550179 0.216512
v 1.236378 1.506153 0.216512
v 1.767280 0.348259 0.081005
v 1.767280 0.507276 0.081005
v 1.767280 0.348259 -0.078012
v 1.767280 0.507276 -0.078012
v 1.926297 0.348259 0.081005
v 1.926297 0.507276 0.081005
v 1.926297 0.348259 -0.078012
v 1.926297 0.507276 -0.078012
v 1.807506 0.187986 0.074488
v 1.807506 0.392915 0.074488
v 1.807506 0.187986 -0.071496
v 1.807506 0.392915 -0.071496
v 1.893355 0.187986 0.074488
v 1.893355 0.392915 0.074488
v 1.893355 0.187986 -0.071496
v 1.893355 0.392915 -0.071496
v 1.807506 0.144142 0.074488
v 1.807506 0.144142 -0.071496
v 1.893355 0.144142 0.074488
v 1.893355 0.144142 -0.071496
v 1.885079 0.187986 0.073879
v 1.887042 0.187986 -0.071218
v 1.885079 0.144142 0.073879
v 1.887042 0.144142 -0.071218
v 2.067018 0.187986 0.124553
v 2.071299 0.187986 -0.112678
v 2.067018 0.144142 0.124553
v 2.071299 0.144142 -0.112678
v 1.900855 0.187986 0.017237
v 1.899949 0.187986 -0.013854
v 1.900855 0.144142 0.017237
v 1.899949 0.144142 -0.013854
v 2.082794 0.187986 0.067911
v 2.084206 0.187986 -0.055314
v 2.082794 0.144142 0.067911
v 2.084206 0.144142 -0.055314
v 1.891476 0.320327 0.070913
v 1.893215 0.293938 0.069594
v 2.059086 0.335654 -0.014692
v 2.060826 0.309266 -0.016012
v 1.878393 0.320847 0.043272
v 1.880132 0.294458 0.041952
v 2.046003 0.336175 -0.042334
v 2.047742 0.309786 -0.043653
v 1.889585 0.322065 -0.051568
v 1.890191 0.295721 -0.048970
v 2.078287 0.325828 -0.057382
v 2.078893 0.299484 -0.054784
v 1.889668 0.319065 -0.082007
v 1.890274 0.292721 -0.079409
v 2.078370 0.322829 -0.087821
v 2.078976 0.296485 -0.085223
v -0.213201 0.075136 0.000000
v -0.213201 0.148975 0.416283
v 1.704980 -0.297182 0.416283
v 2.263350 0.148976 0.416283
v 1.704980 -0.167820 0.416283
v 1.855070 -0.073020 0.416283
v -0.213201 0.148975 0.000000
v 1.704980 -0.297182 0.000000
v 2.263350 -0.073020 -0.000000
v 1.704980 -0.167820 0.000000
v 1.855070 -0.073020 0.000000
v 0.979402 -0.297182 0.000000
v 0.979402 -0.297182 0.416283
v 0.081341 -0.297182 0.416283
v 0.979402 -0.161623 0.416283
v 0.879402 -0.045621 0.416283
v 0.181341 -0.045621 0.416283
v 0.081341 -0.166202 0.416283
v -0.213201 0.075136 0.416283
v -0.013100 -0.297182 0.416283
v -0.013100 -0.005686 0.416283
v -0.108497 0.075136 0.416283
v -0.013100 -0.297182 0.000000
v -0.013100 -0.005686 0.000000
v -0.108497 0.075136 0.000000
v 0.081341 -0.297182 0.000000
v 0.979402 -0.161623 0.000000
v 0.879402 -0.045621 0.000000
v 0.181341 -0.045621 0.000000
v 0.081341 -0.166202 0.000000
v 0.060254 -0.272834 0.274380
v 0.060254 0.008222 0.274380
v 0.060254 -0.272834 0.000000
v 0.060254 0.008222 0.000000
v 0.995096 -0.272834 0.274380
v 0.995096 0.008222 0.274380
v 0.995096 -0.272834 0.000000
v 0.995096 0.008222 0.000000
v 2.263350 -0.073020 0.416283
v 2.263350 0.148976 0.000000
v -0.063422 0.148975 0.416283
v -0.063422 0.075136 0.416283
v 1.064355 0.148976 0.416283
v 1.064355 0.075136 0.416283
v -0.007268 0.148975 0.576519
v -0.063422 0.148975 0.520365
v -0.063422 0.075136 0.520365
v -0.007268 0.075136 0.576519
v 1.064355 0.148976 0.520365
v 1.008200 0.148976 0.576519
v 1.008201 0.075136 0.576519
v 1.064355 0.075136 0.520365
v 1.704980 -0.272834 0.274380
v 1.704980 0.008222 0.274380
v 1.704980 -0.272834 -0.000000
v 1.704980 0.008222 0.000000
v 2.235275 0.008222 0.274380
v 2.235275 0.008222 0.000000
v 2.159754 -0.272834 0.274380
v 2.235275 -0.197313 0.274380
v 2.235275 -0.197313 -0.000000
v 2.159754 -0.272834 -0.000000
v 1.647859 -0.162785 0.439276
v 1.601815 -0.162785 0.439276
v 1.647859 -0.162785 0.416283
v 1.601815 -0.162785 0.416283
v 1.647859 -0.162785 0.000000
v 1.601815 -0.162785 0.000000
v 1.647859 -0.311975 0.000000
v 1.601815 -0.311975 0.000000
v 1.647859 -0.289129 0.439276
v 1.647859 -0.311975 0.425220
v 1.601815 -0.311975 0.425220
v 1.601815 -0.289129 0.439276
v 1.647859 0.223114 0.416283
v 1.601815 0.223114 0.416283
v 1.501815 -0.162785 0.439276
v 1.455771 -0.162785 0.439276
v 1.501815 -0.162785 0.416283
v 1.455771 -0.162785 0.416283
v 1.501815 -0.162785 0.000000
v 1.455770 -0.162785 0.000000
v 1.501815 -0.311975 0.000000
v 1.455770 -0.311975 0.000000
v 1.501815 -0.289129 0.439276
v 1.501815 -0.311975 0.425220
v 1.455770 -0.311975 0.425220
v 1.455770 -0.289129 0.439276
v 1.501815 0.223114 0.416283
v 1.455771 0.223114 0.416283
v 1.355770 -0.162785 0.439276
v 1.309726 -0.162785 0.439276
v 1.355770 -0.162785 0.416283
v 1.309726 -0.162785 0.416283
v 1.355770 -0.162785 0.000000
v 1.309726 -0.162785 0.000000
v 1.355770 -0.311975 0.000000
v 1.309726 -0.311975 0.000000
v 1.355770 -0.289129 0.439276
v 1.355770 -0.311975 0.425220
v 1.309726 -0.311975 0.425220
v 1.309726 -0.289129 0.439276
v 1.355770 0.223114 0.416283
v 1.309726 0.223114 0.416283
v 1.209726 -0.162785 0.439276
v 1.163682 -0.162785 0.439276
v 1.209726 -0.162785 0.416283
v 1.163682 -0.162785 0.416283
v 1.209726 -0.162785 0.000000
v 1.163682 -0.162785 -0.000000
v 1.209726 -0.311975 0.000000
v 1.163681 -0.311975 0.000000
v 1.209726 -0.289129 0.439276
v 1.209726 -0.311975 0.425220
v 1.163681 -0.311975 0.425220
v 1.163681 -0.289129 0.439276
v 1.209726 0.223114 0.416283
v 1.163682 0.223114 0.416283
v 1.647859 0.223114 0.427078
v 1.647859 0.210916 0.439276
v 1.601815 0.210916 0.439276
v 1.601815 0.223114 0.427078
v 1.501815 0.223114 0.427078
v 1.501815 0.210916 0.439276
v 1.455770 0.210916 0.439276
v 1.455771 0.223114 0.427078
v 1.355770 0.223114 0.427078
v 1.355770 0.210916 0.439276
v 1.309726 0.210916 0.439276
v 1.309726 0.223114 0.427078
v 1.209726 0.223114 0.427078
v 1.209726 0.210916 0.439276
v 1.163682 0.210916 0.439276
v 1.163682 0.223114 0.427078
v 2.237877 0.050824 0.432609
v 2.188613 0.100088 0.432609
v 2.237877 0.050824 -0.000000
v 2.188613 0.100089 0.000000
v 2.518702 0.331649 0.432609
v 2.513615 0.343928 0.432609
v 2.513616 0.343928 -0.000000
v 2.518702 0.331648 0.000000
v 2.459984 0.343928 0.432609
v 2.412987 0.324462 0.432609
v 2.447967 0.342447 0.432609
v 2.434816 0.338227 0.432609
v 2.422533 0.331911 0.432609
v 2.412987 0.324462 -0.000000
v 2.459984 0.343928 -0.000000
v 2.422533 0.331911 -0.000000
v 2.434816 0.338227 0.000000
v 2.447967 0.342447 0.000000
v 2.237877 0.050824 0.432609
v 2.237878 0.140254 0.432609
v 1.647859 0.050824 0.432609
v 1.647859 0.140254 0.432609
v 2.237877 0.050824 0.416283
v 2.237878 0.140254 0.416283
v 1.647859 0.050824 0.416283
v 1.647859 0.140254 0.416283
v 2.542821 0.274165 0.239847
v 2.510042 0.324635 0.239847
v 2.490054 0.235427 0.239847
v 2.459445 0.273438 0.239847
v 2.433929 0.187787 0.239847
v 2.402694 0.216487 0.239847
v 2.392023 0.141802 0.239847
v 2.353270 0.167272 0.239847
v 2.353357 0.074986 0.239847
v 2.261155 0.076696 0.239847
v 2.329122 0.004826 0.239847
v 2.262066 0.011875 0.239847
v 2.313921 -0.077846 0.239847
v 2.262066 -0.074592 0.239847
v 2.308585 -0.177026 0.239847
v 2.262066 -0.177026 0.239847
v 2.542821 0.274165 0.193962
v 2.510042 0.324635 0.193962
v 2.490054 0.235427 0.193961
v 2.459445 0.273438 0.193961
v 2.433929 0.187787 0.193961
v 2.402694 0.216487 0.193961
v 2.392023 0.141802 0.193961
v 2.353270 0.167272 0.193961
v 2.353357 0.074986 0.193961
v 2.261155 0.076696 0.193961
v 2.329122 0.004826 0.193961
v 2.262066 0.011875 0.193961
v 2.313921 -0.077846 0.193961
v 2.262066 -0.074592 0.193961
v 2.308585 -0.177026 0.193961
v 2.262066 -0.177026 0.193961
v -0.213201 0.148975 -0.416283
v 1.704980 -0.297182 -0.416283
v 2.263350 0.148976 -0.416283
v 1.704980 -0.167820 -0.416283
v 1.855071 -0.073020 -0.416283
v 0.979402 -0.297182 -0.416283
v 0.081341 -0.297182 -0.416283
v 0.979402 -0.161623 -0.416283
v 0.879402 -0.045621 -0.416283
v 0.181341 -0.045621 -0.416283
v 0.081341 -0.166202 -0.416283
v -0.213201 0.075136 -0.416283
v -0.013101 -0.297182 -0.416283
v -0.013101 -0.005686 -0.416283
v -0.108497 0.075136 -0.416283
v 0.060254 -0.272834 -0.274380
v 0.060254 0.008221 -0.274380
v 0.995096 -0.272834 -0.274380
v 0.995096 0.008222 -0.274380
v 2.263350 -0.073020 -0.416283
v -0.063422 0.148976 -0.416283
v -0.063423 0.075136 -0.416283
v 1.064355 0.148975 -0.416283
v 1.064355 0.075136 -0.416283
v -0.007268 0.148975 -0.576519
v -0.063422 0.148976 -0.520366
v -0.063423 0.075136 -0.520366
v -0.007268 0.075136 -0.576519
v 1.064355 0.148975 -0.520365
v 1.008200 0.148975 -0.576519
v 1.008201 0.075136 -0.576519
v 1.064355 0.075136 -0.520365
v 1.704980 -0.272834 -0.274380
v 1.704980 0.008222 -0.274380
v 2.235275 0.008222 -0.274380
v 2.159754 -0.272834 -0.274380
v 2.235275 -0.197313 -0.274380
v 1.647859 -0.162785 -0.439276
v 1.601815 -0.162785 -0.439276
v 1.647859 -0.162785 -0.416283
v 1.601815 -0.162785 -0.416283
v 1.647859 -0.289129 -0.439276
v 1.647859 -0.311975 -0.425220
v 1.601815 -0.311975 -0.425220
v 1.601815 -0.289129 -0.439276
v 1.647859 0.223114 -0.416283
v 1.601815 0.223114 -0.416283
v 1.501815 -0.162785 -0.439276
v 1.455770 -0.162785 -0.439276
v 1.501815 -0.162785 -0.416283
v 1.455770 -0.162785 -0.416283
v 1.501815 -0.289129 -0.439276
v 1.501815 -0.311975 -0.425220
v 1.455770 -0.311975 -0.425220
v 1.455770 -0.289129 -0.439276
v 1.501815 0.223114 -0.416283
v 1.455770 0.223113 -0.416283
v 1.355770 -0.162786 -0.439276
v 1.309726 -0.162785 -0.439276
v 1.355770 -0.162786 -0.416283
v 1.309726 -0.162785 -0.416283
v 1.355770 -0.289129 -0.439276
v 1.355770 -0.311975 -0.425220
v 1.309726 -0.311975 -0.425220
v 1.309726 -0.289129 -0.439276
v 1.355770 0.223113 -0.416283
v 1.309726 0.223114 -0.416283
v 1.209726 -0.162785 -0.439276
v 1.163682 -0.162785 -0.439276
v 1.209726 -0.162785 -0.416283
v 1.163682 -0.162785 -0.416283
v 1.209726 -0.289129 -0.439276
v 1.209726 -0.311975 -0.425220
v 1.163681 -0.311975 -0.425220
v 1.163681 -0.289129 -0.439276
v 1.209726 0.223113 -0.416283
v 1.163682 0.223114 -0.416283
v 1.647859 0.223114 -0.427078
v 1.647859 0.210916 -0.439276
v 1.601815 0.210916 -0.439276
v 1.601815 0.223114 -0.427078
v 1.501815 0.223114 -0.427078
v 1.501815 0.210916 -0.439276
v 1.455770 0.210916 -0.439276
v 1.455770 0.223113 -0.427078
v 1.355770 0.223113 -0.427078
v 1.355770 0.210916 -0.439276
v 1.309726 0.210916 -0.439276
v 1.309726 0.223114 -0.427078
v 1.209726 0.223113 -0.427078
v 1.209726 0.210916 -0.439276
v 1.163682 0.210916 -0.439276
v 1.163682 0.223114 -0.427078
v 2.237877 0.050824 -0.432609
v 2.188613 0.100088 -0.432609
v 2.518702 0.331649 -0.432609
v 2.513615 0.343928 -0.432609
v 2.459984 0.343928 -0.432609
v 2.412987 0.324462 -0.432609
v 2.447967 0.342447 -0.432609
v 2.434816 0.338227 -0.432609
v 2.422533 0.331911 -0.432609
v 2.237878 0.050824 -0.432609
v 2.237877 0.140254 -0.432609
v 1.647859 0.050824 -0.432609
v 1.647859 0.140254 -0.432609
v 2.237878 0.050824 -0.416283
v 2.237877 0.140254 -0.416283
v 1.647859 0.050824 -0.416283
v 1.647859 0.140254 -0.416283
v 2.542821 0.274165 -0.239847
v 2.510042 0.324635 -0.239847
v 2.490054 0.235427 -0.239847
v 2.459445 0.273438 -0.239847
v 2.433929 0.187787 -0.239847
v 2.402694 0.216487 -0.239847
v 2.392023 0.141802 -0.239847
v 2.353270 0.167272 -0.239847
v 2.353357 0.074986 -0.239847
v 2.261155 0.076696 -0.239847
v 2.329122 0.004826 -0.239847
v 2.262066 0.011875 -0.239847
v 2.313922 -0.077846 -0.239847
v 2.262066 -0.074592 -0.239847
v 2.308585 -0.177026 -0.239847
v 2.262066 -0.177026 -0.239847
v 2.542821 0.274165 -0.193962
v 2.510042 0.324635 -0.193962
v 2.490054 0.235427 -0.193961
v 2.459445 0.273438 -0.193961
v 2.433929 0.187787 -0.193961
v 2.402694 0.216487 -0.193961
v 2.392023 0.141802 -0.193961
v 2.353270 0.167272 -0.193961
v 2.353357 0.074986 -0.193961
v 2.261155 0.076696 -0.193961
v 2.329122 0.004826 -0.193961
v 2.262066 0.011875 -0.193961
v 2.313922 -0.077846 -0.193961
v 2.262066 -0.074592 -0.193961
v 2.308585 -0.177026 -0.193961
v 2.262066 -0.177026 -0.193961
v 1.946455 -0.074722 0.426947
v 1.896948 -0.080733 0.426947
v 1.850319 -0.098418 0.426947
v 1.809277 -0.126747 0.426947
v 1.776207 -0.164075 0.426947
v 1.753032 -0.208233 0.426947
v 1.741097 -0.256653 0.426947
v 1.741097 -0.306523 0.426947
v 1.753032 -0.354944 0.426947
v 1.776208 -0.399101 0.426947
v 1.809277 -0.436429 0.426947
v 1.850319 -0.464759 0.426947
v 1.896948 -0.482443 0.426947
v 1.946455 -0.488454 0.426947
v 1.995961 -0.482443 0.426947
v 2.042590 -0.464759 0.426947
v 2.083632 -0.436429 0.426947
v 2.116702 -0.399101 0.426947
v 2.139878 -0.354944 0.426947
v 2.151812 -0.306523 0.426947
v 2.151812 -0.256653 0.426947
v 2.139878 -0.208233 0.426947
v 2.116702 -0.164075 0.426947
v 2.083632 -0.126747 0.426947
v 2.042590 -0.098418 0.426947
v 1.995961 -0.080733 0.426947
v 1.946455 -0.126230 0.426947
v 1.909275 -0.130744 0.426947
v 1.874256 -0.144025 0.426947
v 1.843433 -0.165301 0.426947
v 1.818597 -0.193334 0.426947
v 1.801192 -0.226497 0.426947
v 1.792229 -0.262862 0.426947
v 1.792229 -0.300315 0.426947
v 1.801192 -0.336679 0.426947
v 1.818597 -0.369842 0.426947
v 1.843433 -0.397876 0.426947
v 1.874256 -0.419151 0.426947
v 1.909275 -0.432432 0.426947
v 1.946455 -0.436947 0.426947
v 1.983634 -0.432432 0.426947
v 2.018653 -0.419151 0.426947
v 2.049477 -0.397876 0.426947
v 2.074312 -0.369842 0.426947
v 2.091717 -0.336679 0.426947
v 2.100680 -0.300315 0.426947
v 2.100680 -0.262862 0.426947
v 2.091717 -0.226497 0.426947
v 2.074312 -0.193334 0.426947
v 2.049477 -0.165301 0.426947
v 2.018653 -0.144025 0.426947
v 1.983634 -0.130744 0.426947
v 1.946455 -0.151208 0.399162
v 1.915253 -0.154996 0.399162
v 1.885864 -0.166142 0.399162
v 1.859996 -0.183997 0.399162
v 1.839154 -0.207524 0.399162
v 1.824547 -0.235355 0.399162
v 1.817025 -0.265872 0.399162
v 1.817025 -0.297304 0.399162
v 1.824547 -0.327822 0.399162
v 1.839154 -0.355653 0.399162
v 1.859996 -0.379179 0.399162
v 1.885864 -0.397034 0.399162
v 1.915253 -0.408180 0.399162
v 1.946455 -0.411969 0.399162
v 1.977657 -0.408180 0.399162
v 2.007045 -0.397034 0.399162
v 2.032913 -0.379179 0.399162
v 2.053756 -0.355653 0.399162
v 2.068363 -0.327822 0.399162
v 2.075885 -0.297304 0.399162
v 2.075885 -0.265872 0.399162
v 2.068363 -0.235355 0.399162
v 2.053756 -0.207523 0.399162
v 2.032913 -0.183997 0.399162
v 2.007045 -0.166142 0.399162
v 1.977657 -0.154996 0.399162
v 1.910418 -0.135383 0.399162
v 1.946455 -0.131007 0.399162
v 1.876476 -0.148255 0.399162
v 1.846601 -0.168877 0.399162
v 1.822529 -0.196048 0.399162
v 1.805659 -0.228191 0.399162
v 1.796972 -0.263438 0.399162
v 1.796972 -0.299739 0.399162
v 1.805659 -0.334985 0.399162
v 1.822529 -0.367128 0.399162
v 1.846601 -0.394300 0.399162
v 1.876476 -0.414921 0.399162
v 1.910418 -0.427794 0.399162
v 1.946455 -0.432169 0.399162
v 1.982491 -0.427793 0.399162
v 2.016433 -0.414921 0.399162
v 2.046308 -0.394299 0.399162
v 2.070380 -0.367128 0.399162
v 2.087250 -0.334985 0.399162
v 2.095938 -0.299739 0.399162
v 2.095938 -0.263438 0.399162
v 2.087250 -0.228191 0.399162
v 2.070380 -0.196048 0.399162
v 2.046308 -0.168877 0.399162
v 2.016433 -0.148255 0.399162
v 1.982491 -0.135383 0.399162
v 1.915253 -0.154996 0.423830
v 1.946455 -0.151208 0.423830
v 1.885864 -0.166142 0.423830
v 1.859996 -0.183997 0.423830
v 1.839154 -0.207524 0.423830
v 1.824547 -0.235355 0.423830
v 1.817025 -0.265872 0.423830
v 1.817025 -0.297304 0.423830
v 1.824547 -0.327822 0.423830
v 1.839154 -0.355653 0.423830
v 1.859996 -0.379179 0.423830
v 1.885864 -0.397034 0.423830
v 1.915253 -0.408180 0.423830
v 1.946455 -0.411969 0.423830
v 1.977657 -0.408180 0.423830
v 2.007045 -0.397034 0.423830
v 2.032913 -0.379179 0.423830
v 2.053756 -0.355653 0.423830
v 2.068363 -0.327822 0.423830
v 2.075885 -0.297304 0.423830
v 2.075885 -0.265872 0.423830
v 2.068363 -0.235355 0.423830
v 2.053756 -0.207523 0.423830
v 2.032913 -0.183997 0.423830
v 2.007045 -0.166142 0.423830
v 1.977657 -0.154996 0.423830
v 1.946455 -0.074722 0.274380
v 1.896948 -0.080733 0.274380
v 1.850319 -0.098418 0.274380
v 1.809277 -0.126747 0.274380
v 1.776207 -0.164075 0.274380
v 1.753032 -0.208233 0.274380
v 1.741097 -0.256653 0.274380
v 1.741097 -0.306523 0.274380
v 1.753032 -0.354944 0.274380
v 1.776208 -0.399101 0.274380
v 1.809277 -0.436429 0.274380
v 1.850319 -0.464759 0.274380
v 1.896948 -0.482443 0.274380
v 1.946455 -0.488454 0.274380
v 1.995961 -0.482443 0.274380
v 2.042590 -0.464759 0.274380
v 2.083632 -0.436429 0.274380
v 2.116702 -0.399101 0.274380
v 2.139878 -0.354944 0.274380
v 2.151812 -0.306523 0.274380
v 2.151812 -0.256653 0.274380
v 2.139878 -0.208233 0.274380
v 2.116702 -0.164075 0.274380
v 2.083632 -0.126747 0.274380
v 2.042590 -0.098418 0.274380
v 1.995961 -0.080733 0.274380
v 0.759044 -0.074722 0.426947
v 0.709538 -0.080733 0.426947
v 0.662909 -0.098418 0.426947
v 0.621867 -0.126747 0.426947
v 0.588797 -0.164075 0.426947
v 0.565621 -0.208232 0.426947
v 0.553687 -0.256653 0.426947
v 0.553687 -0.306523 0.426947
v 0.565621 -0.354944 0.426947
v 0.588797 -0.399101 0.426947
v 0.621867 -0.436429 0.426947
v 0.662909 -0.464759 0.426947
v 0.709538 -0.482443 0.426947
v 0.759044 -0.488454 0.426947
v 0.808551 -0.482443 0.426947
v 0.855180 -0.464759 0.426947
v 0.896222 -0.436429 0.426947
v 0.929292 -0.399101 0.426947
v 0.952467 -0.354944 0.426947
v 0.964402 -0.306523 0.426947
v 0.964402 -0.256653 0.426947
v 0.952467 -0.208232 0.426947
v 0.929292 -0.164075 0.426947
v 0.896222 -0.126747 0.426947
v 0.855180 -0.098418 0.426947
v 0.808551 -0.080733 0.426947
v 0.759044 -0.126230 0.426947
v 0.721865 -0.130744 0.426947
v 0.686846 -0.144025 0.426947
v 0.656022 -0.165301 0.426947
v 0.631187 -0.193334 0.426947
v 0.613782 -0.226497 0.426947
v 0.604819 -0.262862 0.426947
v 0.604819 -0.300315 0.426947
v 0.613782 -0.336679 0.426947
v 0.631187 -0.369842 0.426947
v 0.656023 -0.397876 0.426947
v 0.686846 -0.419151 0.426947
v 0.721865 -0.432432 0.426947
v 0.759044 -0.436947 0.426947
v 0.796224 -0.432432 0.426947
v 0.831243 -0.419151 0.426947
v 0.862066 -0.397876 0.426947
v 0.886902 -0.369842 0.426947
v 0.904307 -0.336679 0.426947
v 0.913270 -0.300315 0.426947
v 0.913270 -0.262862 0.426947
v 0.904307 -0.226497 0.426947
v 0.886902 -0.193334 0.426947
v 0.862066 -0.165301 0.426947
v 0.831243 -0.144025 0.426947
v 0.796224 -0.130744 0.426947
v 0.759044 -0.151207 0.399162
v 0.727842 -0.154996 0.399162
v 0.698454 -0.166142 0.399162
v 0.672586 -0.183997 0.399162
v 0.651743 -0.207523 0.399162
v 0.637136 -0.235355 0.399162
v 0.629614 -0.265872 0.399162
v 0.629614 -0.297304 0.399162
v 0.637136 -0.327822 0.399162
v 0.651743 -0.355653 0.399162
v 0.672586 -0.379179 0.399162
v 0.698454 -0.397034 0.399162
v 0.727842 -0.408180 0.399162
v 0.759044 -0.411969 0.399162
v 0.790246 -0.408180 0.399162
v 0.819635 -0.397034 0.399162
v 0.845503 -0.379179 0.399162
v 0.866346 -0.355653 0.399162
v 0.880953 -0.327822 0.399162
v 0.888474 -0.297304 0.399162
v 0.888474 -0.265872 0.399162
v 0.880953 -0.235355 0.399162
v 0.866346 -0.207524 0.399162
v 0.845503 -0.183997 0.399162
v 0.819635 -0.166142 0.399162
v 0.790246 -0.154996 0.399162
v 0.723008 -0.135383 0.399162
v 0.759044 -0.131007 0.399162
v 0.689066 -0.148255 0.399162
v 0.659191 -0.168877 0.399162
v 0.635119 -0.196048 0.399162
v 0.618249 -0.228191 0.399162
v 0.609561 -0.263438 0.399162
v 0.609561 -0.299739 0.399162
v 0.618249 -0.334985 0.399162
v 0.635119 -0.367128 0.399162
v 0.659191 -0.394300 0.399162
v 0.689066 -0.414921 0.399162
v 0.723008 -0.427793 0.399162
v 0.759044 -0.432169 0.399162
v 0.795081 -0.427793 0.399162
v 0.829023 -0.414921 0.399162
v 0.858898 -0.394300 0.399162
v 0.882970 -0.367128 0.399162
v 0.899840 -0.334985 0.399162
v 0.908527 -0.299739 0.399162
v 0.908527 -0.263438 0.399162
v 0.899840 -0.228191 0.399162
v 0.882970 -0.196048 0.399162
v 0.858898 -0.168877 0.399162
v 0.829023 -0.148255 0.399162
v 0.795081 -0.135383 0.399162
v 0.727842 -0.154996 0.423830
v 0.759044 -0.151207 0.423830
v 0.698454 -0.166142 0.423830
v 0.672586 -0.183997 0.423830
v 0.651743 -0.207523 0.423830
v 0.637136 -0.235355 0.423830
v 0.629614 -0.265872 0.423830
v 0.629614 -0.297304 0.423830
v 0.637136 -0.327822 0.423830
v 0.651743 -0.355653 0.423830
v 0.672586 -0.379179 0.423830
v 0.698454 -0.397034 0.423830
v 0.727842 -0.408180 0.423830
v 0.759044 -0.411969 0.423830
v 0.790246 -0.408180 0.423830
v 0.819635 -0.397034 0.423830
v 0.845503 -0.379179 0.423830
v 0.866346 -0.355653 0.423830
v 0.880953 -0.327822 0.423830
v 0.888474 -0.297304 0.423830
v 0.888474 -0.265872 0.423830
v 0.880953 -0.235355 0.423830
v 0.866346 -0.207524 0.423830
v 0.845503 -0.183997 0.423830
v 0.819635 -0.166142 0.423830
v 0.790246 -0.154996 0.423830
v 0.759044 -0.074722 0.274380
v 0.709538 -0.080733 0.274380
v 0.662909 -0.098418 0.274380
v 0.621867 -0.126747 0.274380
v 0.588797 -0.164075 0.274380
v 0.565621 -0.208232 0.274380
v 0.553687 -0.256653 0.274380
v 0.553687 -0.306523 0.274380
v 0.565621 -0.354944 0.274380
v 0.588797 -0.399101 0.274380
v 0.621867 -0.436429 0.274380
v 0.662909 -0.464759 0.274380
v 0.709538 -0.482443 0.274380
v 0.759044 -0.488454 0.274380
v 0.808550 -0.482443 0.274380
v 0.855180 -0.464759 0.274380
v 0.896222 -0.436429 0.274380
v 0.929292 -0.399101 0.274380
v 0.952467 -0.354944 0.274380
v 0.964402 -0.306523 0.274380
v 0.964402 -0.256653 0.274380
v 0.952467 -0.208232 0.274380
v 0.929292 -0.164075 0.274380
v 0.896222 -0.126747 0.274380
v 0.855180 -0.098418 0.274380
v 0.808551 -0.080733 0.274380
v 0.301699 -0.074722 0.426947
v 0.252193 -0.080733 0.426947
v 0.205563 -0.098418 0.426947
v 0.164521 -0.126747 0.426947
v 0.131452 -0.164075 0.426947
v 0.108276 -0.208232 0.426947
v 0.096341 -0.256653 0.426947
v 0.096341 -0.306523 0.426947
v 0.108276 -0.354944 0.426947
v 0.131452 -0.399101 0.426947
v 0.164521 -0.436429 0.426947
v 0.205563 -0.464759 0.426947
v 0.252193 -0.482443 0.426947
v 0.301699 -0.488454 0.426947
v 0.351205 -0.482443 0.426947
v 0.397834 -0.464759 0.426947
v 0.438876 -0.436429 0.426947
v 0.471946 -0.399101 0.426947
v 0.495122 -0.354944 0.426947
v 0.507056 -0.306523 0.426947
v 0.507056 -0.256653 0.426947
v 0.495122 -0.208232 0.426947
v 0.471946 -0.164075 0.426947
v 0.438876 -0.126747 0.426947
v 0.397834 -0.098418 0.426947
v 0.351205 -0.080733 0.426947
v 0.301699 -0.126230 0.426947
v 0.264519 -0.130744 0.426947
v 0.229500 -0.144025 0.426947
v 0.198677 -0.165301 0.426947
v 0.173841 -0.193334 0.426947
v 0.156436 -0.226497 0.426947
v 0.147473 -0.262862 0.426947
v 0.147473 -0.300315 0.426947
v 0.156436 -0.336679 0.426947
v 0.173841 -0.369842 0.426947
v 0.198677 -0.397876 0.426947
v 0.229500 -0.419151 0.426947
v 0.264519 -0.432432 0.426947
v 0.301699 -0.436947 0.426947
v 0.338879 -0.432432 0.426947
v 0.373898 -0.419151 0.426947
v 0.404721 -0.397876 0.426947
v 0.429556 -0.369842 0.426947
v 0.446962 -0.336679 0.426947
v 0.455925 -0.300315 0.426947
v 0.455925 -0.262862 0.426947
v 0.446962 -0.226497 0.426947
v 0.429556 -0.193334 0.426947
v 0.404721 -0.165301 0.426947
v 0.373897 -0.144025 0.426947
v 0.338879 -0.130744 0.426947
v 0.301699 -0.151208 0.399162
v 0.270497 -0.154996 0.399162
v 0.241108 -0.166142 0.399162
v 0.215240 -0.183997 0.399162
v 0.194398 -0.207523 0.399162
v 0.179791 -0.235355 0.399162
v 0.172269 -0.265873 0.399162
v 0.172269 -0.297304 0.399162
v 0.179791 -0.327822 0.399162
v 0.194398 -0.355653 0.399162
v 0.215240 -0.379179 0.399162
v 0.241108 -0.397034 0.399162
v 0.270497 -0.408180 0.399162
v 0.301699 -0.411969 0.399162
v 0.332901 -0.408180 0.399162
v 0.362290 -0.397034 0.399162
v 0.388157 -0.379179 0.399162
v 0.409000 -0.355653 0.399162
v 0.423607 -0.327822 0.399162
v 0.431129 -0.297304 0.399162
v 0.431129 -0.265873 0.399162
v 0.423607 -0.235355 0.399162
v 0.409000 -0.207523 0.399162
v 0.388157 -0.183997 0.399162
v 0.362290 -0.166142 0.399162
v 0.332901 -0.154996 0.399162
v 0.265662 -0.135383 0.399162
v 0.301699 -0.131007 0.399162
v 0.231720 -0.148255 0.399162
v 0.201845 -0.168877 0.399162
v 0.177773 -0.196048 0.399162
v 0.160903 -0.228191 0.399162
v 0.152216 -0.263438 0.399162
v 0.152216 -0.299739 0.399162
v 0.160903 -0.334985 0.399162
v 0.177773 -0.367128 0.399162
v 0.201845 -0.394300 0.399162
v 0.231720 -0.414921 0.399162
v 0.265662 -0.427793 0.399162
v 0.301699 -0.432169 0.399162
v 0.337735 -0.427793 0.399162
v 0.371677 -0.414921 0.399162
v 0.401552 -0.394300 0.399162
v 0.425625 -0.367128 0.399162
v 0.442495 -0.334985 0.399162
v 0.451182 -0.299739 0.399162
v 0.451182 -0.263438 0.399162
v 0.442495 -0.228191 0.399162
v 0.425625 -0.196048 0.399162
v 0.401552 -0.168877 0.399162
v 0.371677 -0.148255 0.399162
v 0.337735 -0.135383 0.399162
v 0.270497 -0.154996 0.423830
v 0.301699 -0.151208 0.423830
v 0.241108 -0.166142 0.423830
v 0.215240 -0.183997 0.423830
v 0.194398 -0.207523 0.423830
v 0.179791 -0.235355 0.423830
v 0.172269 -0.265873 0.423830
v 0.172269 -0.297304 0.423830
v 0.179791 -0.327822 0.423830
v 0.194398 -0.355653 0.423830
v 0.215240 -0.379179 0.423830
v 0.241108 -0.397034 0.423830
v 0.270497 -0.408180 0.423830
v 0.301699 -0.411969 0.423830
v 0.332901 -0.408180 0.423830
v 0.362290 -0.397034 0.423830
v 0.388157 -0.379179 0.423830
v 0.409000 -0.355653 0.423830
v 0.423607 -0.327822 0.423830
v 0.431129 -0.297304 0.423830
v 0.431129 -0.265873 0.423830
v 0.423607 -0.235355 0.423830
v 0.409000 -0.207523 0.423830
v 0.388157 -0.183997 0.423830
v 0.362290 -0.166142 0.423830
v 0.332901 -0.154996 0.423830
v 0.301699 -0.074722 0.274380
v 0.252193 -0.080733 0.274380
v 0.205564 -0.098418 0.274380
v 0.164521 -0.126747 0.274380
v 0.131452 -0.164075 0.274380
v 0.108276 -0.208232 0.274380
v 0.096341 -0.256653 0.274380
v 0.096341 -0.306523 0.274380
v 0.108276 -0.354944 0.274380
v 0.131452 -0.399101 0.274380
v 0.164521 -0.436429 0.274380
v 0.205564 -0.464759 0.274380
v 0.252193 -0.482443 0.274380
v 0.301699 -0.488454 0.274380
v 0.351205 -0.482443 0.274380
v 0.397834 -0.464759 0.274380
v 0.438876 -0.436429 0.274380
v 0.471946 -0.399101 0.274380
v 0.495122 -0.354944 0.274380
v 0.507056 -0.306523 0.274380
v 0.507056 -0.256653 0.274380
v 0.495122 -0.208232 0.274380
v 0.471946 -0.164075 0.274380
v 0.438876 -0.126747 0.274380
v 0.397834 -0.098418 0.274380
v 0.351205 -0.080733 0.274380
v 1.946455 -0.074722 -0.426947
v 1.896948 -0.080733 -0.426947
v 1.850319 -0.098418 -0.426947
v 1.809277 -0.126747 -0.426947
v 1.776207 -0.164075 -0.426947
v 1.753032 -0.208233 -0.426947
v 1.741097 -0.256653 -0.426947
v 1.741097 -0.306523 -0.426947
v 1.753032 -0.354944 -0.426947
v 1.776208 -0.399101 -0.426947
v 1.809277 -0.436429 -0.426947
v 1.850319 -0.464759 -0.426947
v 1.896948 -0.482443 -0.426947
v 1.946455 -0.488454 -0.426947
v 1.995961 -0.482443 -0.426947
v 2.042590 -0.464759 -0.426947
v 2.083632 -0.436429 -0.426947
v 2.116702 -0.399101 -0.426947
v 2.139878 -0.354944 -0.426947
v 2.151812 -0.306523 -0.426947
v 2.151812 -0.256653 -0.426947
v 2.139878 -0.208233 -0.426947
v 2.116702 -0.164075 -0.426947
v 2.083632 -0.126747 -0.426947
v 2.042590 -0.098418 -0.426947
v 1.995961 -0.080733 -0.426947
v 1.946455 -0.126230 -0.426947
v 1.909275 -0.130744 -0.426947
v 1.874256 -0.144025 -0.426947
v 1.843433 -0.165301 -0.426947
v 1.818597 -0.193334 -0.426947
v 1.801192 -0.226497 -0.426947
v 1.792229 -0.262862 -0.426947
v 1.792229 -0.300315 -0.426947
v 1.801192 -0.336679 -0.426947
v 1.818597 -0.369842 -0.426947
v 1.843433 -0.397876 -0.426947
v 1.874256 -0.419151 -0.426947
v 1.909275 -0.432432 -0.426947
v 1.946455 -0.436947 -0.426947
v 1.983634 -0.432432 -0.426947
v 2.018653 -0.419151 -0.426947
v 2.049477 -0.397876 -0.426947
v 2.074312 -0.369842 -0.426947
v 2.091717 -0.336679 -0.426947
v 2.100680 -0.300315 -0.426947
v 2.100680 -0.262862 -0.426947
v 2.091717 -0.226497 -0.426947
v 2.074312 -0.193334 -0.426947
v 2.049477 -0.165301 -0.426947
v 2.018653 -0.144025 -0.426947
v 1.983634 -0.130744 -0.426947
v 1.946455 -0.151208 -0.399162
v 1.915253 -0.154996 -0.399162
v 1.885864 -0.166142 -0.399162
v 1.859996 -0.183997 -0.399162
v 1.839154 -0.207524 -0.399162
v 1.824547 -0.235355 -0.399162
v 1.817025 -0.265872 -0.399162
v 1.817025 -0.297304 -0.399162
v 1.824547 -0.327822 -0.399162
v 1.839154 -0.355653 -0.399162
v 1.859996 -0.379179 -0.399162
v 1.885864 -0.397034 -0.399162
v 1.915253 -0.408180 -0.399162
v 1.946455 -0.411969 -0.399162
v 1.977657 -0.408180 -0.399162
v 2.007045 -0.397034 -0.399162
v 2.032913 -0.379179 -0.399162
v 2.053756 -0.355653 -0.399162
v 2.068363 -0.327822 -0.399162
v 2.075885 -0.297304 -0.399162
v 2.075885 -0.265872 -0.399162
v 2.068363 -0.235355 -0.399162
v 2.053756 -0.207523 -0.399162
v 2.032913 -0.183997 -0.399162
v 2.007045 -0.166142 -0.399162
v 1.977657 -0.154996 -0.399162
v 1.910418 -0.135383 -0.399162
v 1.946455 -0.131007 -0.399162
v 1.876476 -0.148255 -0.399162
v 1.846601 -0.168877 -0.399162
v 1.822529 -0.196048 -0.399162
v 1.805659 -0.228191 -0.399162
v 1.796972 -0.263438 -0.399162
v 1.796972 -0.299739 -0.399162
v 1.805659 -0.334985 -0.399162
v 1.822529 -0.367128 -0.399162
v 1.846601 -0.394300 -0.399162
v 1.876476 -0.414921 -0.399162
v 1.910418 -0.427794 -0.399162
v 1.946455 -0.432169 -0.399162
v 1.982491 -0.427793 -0.399162
v 2.016433 -0.414921 -0.399162
v 2.046308 -0.394299 -0.399162
v 2.070380 -0.367128 -0.399162
v 2.087250 -0.334985 -0.399162
v 2.095938 -0.299739 -0.399162
v 2.095938 -0.263438 -0.399162
v 2.087250 -0.228191 -0.399162
v 2.070380 -0.196048 -0.399162
v 2.046308 -0.168877 -0.399162
v 2.016433 -0.148255 -0.399162
v 1.982491 -0.135383 -0.399162
v 1.915253 -0.154996 -0.423830
v 1.946455 -0.151208 -0.423830
v 1.885864 -0.166142 -0.423830
v 1.859996 -0.183997 -0.423830
v 1.839154 -0.207524 -0.423830
v 1.824547 -0.235355 -0.423830
v 1.817025 -0.265872 -0.423830
v 1.817025 -0.297304 -0.423830
v 1.824547 -0.327822 -0.423830
v 1.839154 -0.355653 -0.423830
v 1.859996 -0.379179 -0.423830
v 1.885864 -0.397034 -0.423830
v 1.915253 -0.408180 -0.423830
v 1.946455 -0.411969 -0.423830
v 1.977657 -0.408180 -0.423830
v 2.007045 -0.397034 -0.423830
v 2.032913 -0.379179 -0.423830
v 2.053756 -0.355653 -0.423830
v 2.068363 -0.327822 -0.423830
v 2.075885 -0.297304 -0.423830
v 2.075885 -0.265872 -0.423830
v 2.068363 -0.235355 -0.423830
v 2.053756 -0.207523 -0.423830
v 2.032913 -0.183997 -0.423830
v 2.007045 -0.166142 -0.423830
v 1.977657 -0.154996 -0.423830
v 1.946455 -0.074722 -0.274380
v 1.896948 -0.080733 -0.274380
v 1.850319 -0.098418 -0.274380
v 1.809277 -0.126747 -0.274380
v 1.776207 -0.164075 -0.274380
v 1.753032 -0.208233 -0.274380
v 1.741097 -0.256653 -0.274380
v 1.741097 -0.306523 -0.274380
v 1.753032 -0.354944 -0.274380
v 1.776208 -0.399101 -0.274380
v 1.809277 -0.436429 -0.274380
v 1.850319 -0.464759 -0.274380
v 1.896948 -0.482443 -0.274380
v 1.946455 -0.488454 -0.274380
v 1.995961 -0.482443 -0.274380
v 2.042590 -0.464759 -0.274380
v 2.083632 -0.436429 -0.274380
v 2.116702 -0.399101 -0.274380
v 2.139878 -0.354944 -0.274380
v 2.151812 -0.306523 -0.274380
v 2.151812 -0.256653 -0.274380
v 2.139878 -0.208233 -0.274380
v 2.116702 -0.164075 -0.274380
v 2.083632 -0.126747 -0.274380
v 2.042590 -0.098418 -0.274380
v 1.995961 -0.080733 -0.274380
v 0.759044 -0.074722 -0.426947
v 0.709538 -0.080733 -0.426947
v 0.662909 -0.098418 -0.426947
v 0.621867 -0.126747 -0.426947
v 0.588797 -0.164075 -0.426947
v 0.565621 -0.208233 -0.426947
v 0.553687 -0.256653 -0.426947
v 0.553687 -0.306523 -0.426947
v 0.565621 -0.354944 -0.426947
v 0.588797 -0.399101 -0.426947
v 0.621867 -0.436429 -0.426947
v 0.662909 -0.464759 -0.426947
v 0.709538 -0.482443 -0.426947
v 0.759044 -0.488454 -0.426947
v 0.808550 -0.482443 -0.426947
v 0.855180 -0.464759 -0.426947
v 0.896222 -0.436429 -0.426947
v 0.929292 -0.399101 -0.426947
v 0.952467 -0.354944 -0.426947
v 0.964402 -0.306523 -0.426947
v 0.964402 -0.256653 -0.426947
v 0.952467 -0.208232 -0.426947
v 0.929292 -0.164075 -0.426947
v 0.896222 -0.126747 -0.426947
v 0.855180 -0.098418 -0.426947
v 0.808551 -0.080733 -0.426947
v 0.759044 -0.126230 -0.426947
v 0.721865 -0.130744 -0.426947
v 0.686846 -0.144025 -0.426947
v 0.656023 -0.165301 -0.426947
v 0.631187 -0.193334 -0.426947
v 0.613782 -0.226497 -0.426947
v 0.604819 -0.262862 -0.426947
v 0.604819 -0.300315 -0.426947
v 0.613782 -0.336679 -0.426947
v 0.631187 -0.369842 -0.426947
v 0.656022 -0.397876 -0.426947
v 0.686846 -0.419151 -0.426947
v 0.721864 -0.432432 -0.426947
v 0.759044 -0.436947 -0.426947
v 0.796224 -0.432432 -0.426947
v 0.831243 -0.419151 -0.426947
v 0.862066 -0.397876 -0.426947
v 0.886902 -0.369842 -0.426947
v 0.904307 -0.336679 -0.426947
v 0.913270 -0.300315 -0.426947
v 0.913270 -0.262862 -0.426947
v 0.904307 -0.226497 -0.426947
v 0.886902 -0.193334 -0.426947
v 0.862066 -0.165301 -0.426947
v 0.831243 -0.144025 -0.426947
v 0.796224 -0.130744 -0.426947
v 0.759044 -0.151208 -0.399162
v 0.727842 -0.154996 -0.399162
v 0.698453 -0.166142 -0.399162
v 0.672586 -0.183997 -0.399162
v 0.651743 -0.207524 -0.399162
v 0.637136 -0.235355 -0.399162
v 0.629614 -0.265873 -0.399162
v 0.629614 -0.297304 -0.399162
v 0.637136 -0.327822 -0.399162
v 0.651743 -0.355653 -0.399162
v 0.672586 -0.379179 -0.399162
v 0.698453 -0.397034 -0.399162
v 0.727842 -0.408180 -0.399162
v 0.759044 -0.411969 -0.399162
v 0.790246 -0.408180 -0.399162
v 0.819635 -0.397034 -0.399162
v 0.845503 -0.379179 -0.399162
v 0.866346 -0.355653 -0.399162
v 0.880952 -0.327822 -0.399162
v 0.888474 -0.297304 -0.399162
v 0.888474 -0.265872 -0.399162
v 0.880953 -0.235355 -0.399162
v 0.866346 -0.207523 -0.399162
v 0.845503 -0.183997 -0.399162
v 0.819635 -0.166142 -0.399162
v 0.790246 -0.154996 -0.399162
v 0.723008 -0.135383 -0.399162
v 0.759044 -0.131007 -0.399162
v 0.689066 -0.148255 -0.399162
v 0.659191 -0.168877 -0.399162
v 0.635119 -0.196048 -0.399162
v 0.618249 -0.228191 -0.399162
v 0.609561 -0.263438 -0.399162
v 0.609561 -0.299739 -0.399162
v 0.618249 -0.334985 -0.399162
v 0.635119 -0.367128 -0.399162
v 0.659191 -0.394300 -0.399162
v 0.689066 -0.414921 -0.399162
v 0.723008 -0.427794 -0.399162
v 0.759044 -0.432169 -0.399162
v 0.795080 -0.427793 -0.399162
v 0.829023 -0.414921 -0.399162
v 0.858898 -0.394299 -0.399162
v 0.882970 -0.367128 -0.399162
v 0.899840 -0.334985 -0.399162
v 0.908527 -0.299739 -0.399162
v 0.908527 -0.263438 -0.399162
v 0.899840 -0.228191 -0.399162
v 0.882970 -0.196048 -0.399162
v 0.858898 -0.168877 -0.399162
v 0.829023 -0.148255 -0.399162
v 0.795080 -0.135383 -0.399162
v 0.727842 -0.154996 -0.423830
v 0.759044 -0.151208 -0.423830
v 0.698453 -0.166142 -0.423830
v 0.672586 -0.183997 -0.423830
v 0.651743 -0.207524 -0.423830
v 0.637136 -0.235355 -0.423830
v 0.629614 -0.265873 -0.423830
v 0.629614 -0.297304 -0.423830
v 0.637136 -0.327822 -0.423830
v 0.651743 -0.355653 -0.423830
v 0.672586 -0.379179 -0.423830
v 0.698453 -0.397034 -0.423830
v 0.727842 -0.408180 -0.423830
v 0.759044 -0.411969 -0.423830
v 0.790246 -0.408180 -0.423830
v 0.819635 -0.397034 -0.423830
v 0.845503 -0.379179 -0.423830
v 0.866346 -0.355653 -0.423830
v 0.880952 -0.327822 -0.423830
v 0.888474 -0.297304 -0.423830
v 0.888474 -0.265872 -0.423830
v 0.880953 -0.235355 -0.423830
v 0.866346 -0.207523 -0.423830
v 0.845503 -0.183997 -0.423830
v 0.819635 -0.166142 -0.423830
v 0.790246 -0.154996 -0.423830
v 0.759044 -0.074722 -0.274380
v 0.709538 -0.080733 -0.274380
v 0.662909 -0.098418 -0.274380
v 0.621867 -0.126747 -0.274380
v 0.588797 -0.164075 -0.274380
v 0.565621 -0.208232 -0.274380
v 0.553687 -0.256653 -0.274380
v 0.553687 -0.306523 -0.274380
v 0.565621 -0.354944 -0.274380
v 0.588797 -0.399101 -0.274380
v 0.621867 -0.436429 -0.274380
v 0.662909 -0.464759 -0.274380
v 0.709538 -0.482443 -0.274380
v 0.759044 -0.488454 -0.274380
v 0.808551 -0.482443 -0.274380
v 0.855180 -0.464759 -0.274380
v 0.896222 -0.436429 -0.274380
v 0.929292 -0.399101 -0.274380
v 0.952467 -0.354944 -0.274380
v 0.964402 -0.306523 -0.274380
v 0.964402 -0.256653 -0.274380
v 0.952467 -0.208232 -0.274380
v 0.929292 -0.164075 -0.274380
v 0.896222 -0.126747 -0.274380
v 0.855180 -0.098418 -0.274380
v 0.808551 -0.080733 -0.274380
v 0.301699 -0.074722 -0.426947
v 0.252193 -0.080733 -0.426947
v 0.205564 -0.098418 -0.426947
v 0.164521 -0.126747 -0.426947
v 0.131452 -0.164075 -0.426947
v 0.108276 -0.208232 -0.426947
v 0.096341 -0.256653 -0.426947
v 0.096341 -0.306523 -0.426947
v 0.108276 -0.354944 -0.426947
v 0.131452 -0.399101 -0.426947
v 0.164521 -0.436429 -0.426947
v 0.205564 -0.464759 -0.426947
v 0.252193 -0.482443 -0.426947
v 0.301699 -0.488454 -0.426947
v 0.351205 -0.482443 -0.426947
v 0.397834 -0.464759 -0.426947
v 0.438876 -0.436429 -0.426947
v 0.471946 -0.399101 -0.426947
v 0.495122 -0.354944 -0.426947
v 0.507056 -0.306523 -0.426947
v 0.507056 -0.256653 -0.426947
v 0.495122 -0.208232 -0.426947
v 0.471946 -0.164075 -0.426947
v 0.438876 -0.126747 -0.426947
v 0.397834 -0.098418 -0.426947
v 0.351205 -0.080733 -0.426947
v 0.301699 -0.126230 -0.426947
v 0.264519 -0.130744 -0.426947
v 0.229500 -0.144025 -0.426947
v 0.198677 -0.165301 -0.426947
v 0.173841 -0.193334 -0.426947
v 0.156436 -0.226497 -0.426947
v 0.147473 -0.262862 -0.426947
v 0.147473 -0.300315 -0.426947
v 0.156436 -0.336679 -0.426947
v 0.173841 -0.369842 -0.426947
v 0.198677 -0.397876 -0.426947
v 0.229500 -0.419151 -0.426947
v 0.264519 -0.432432 -0.426947
v 0.301699 -0.436947 -0.426947
v 0.338878 -0.432432 -0.426947
v 0.373898 -0.419151 -0.426947
v 0.404721 -0.397876 -0.426947
v 0.429556 -0.369842 -0.426947
v 0.446962 -0.336679 -0.426947
v 0.455925 -0.300315 -0.426947
v 0.455925 -0.262862 -0.426947
v 0.446962 -0.226497 -0.426947
v 0.429556 -0.193334 -0.426947
v 0.404721 -0.165301 -0.426947
v 0.373898 -0.144025 -0.426947
v 0.338879 -0.130744 -0.426947
v 0.301699 -0.151208 -0.399162
v 0.270497 -0.154996 -0.399162
v 0.241108 -0.166142 -0.399162
v 0.215240 -0.183997 -0.399162
v 0.194398 -0.207523 -0.399162
v 0.179791 -0.235355 -0.399162
v 0.172269 -0.265873 -0.399162
v 0.172269 -0.297304 -0.399162
v 0.179791 -0.327822 -0.399162
v 0.194398 -0.355653 -0.399162
v 0.215240 -0.379179 -0.399162
v 0.241108 -0.397034 -0.399162
v 0.270497 -0.408180 -0.399162
v 0.301699 -0.411969 -0.399162
v 0.332901 -0.408180 -0.399162
v 0.362290 -0.397034 -0.399162
v 0.388157 -0.379179 -0.399162
v 0.409000 -0.355653 -0.399162
v 0.423607 -0.327822 -0.399162
v 0.431129 -0.297304 -0.399162
v 0.431129 -0.265872 -0.399162
v 0.423607 -0.235355 -0.399162
v 0.409000 -0.207523 -0.399162
v 0.388157 -0.183997 -0.399162
v 0.362290 -0.166142 -0.399162
v 0.332901 -0.154996 -0.399162
v 0.265662 -0.135383 -0.399162
v 0.301699 -0.131007 -0.399162
v 0.231720 -0.148255 -0.399162
v 0.201845 -0.168877 -0.399162
v 0.177773 -0.196048 -0.399162
v 0.160903 -0.228191 -0.399162
v 0.152216 -0.263438 -0.399162
v 0.152216 -0.299739 -0.399162
v 0.160903 -0.334985 -0.399162
v 0.177773 -0.367128 -0.399162
v 0.201845 -0.394299 -0.399162
v 0.231720 -0.414921 -0.399162
v 0.265662 -0.427793 -0.399162
v 0.301699 -0.432169 -0.399162
v 0.337735 -0.427793 -0.399162
v 0.371677 -0.414921 -0.399162
v 0.401552 -0.394300 -0.399162
v 0.425625 -0.367128 -0.399162
v 0.442495 -0.334985 -0.399162
v 0.451182 -0.299739 -0.399162
v 0.451182 -0.263438 -0.399162
v 0.442495 -0.228191 -0.399162
v 0.425625 -0.196048 -0.399162
v 0.401552 -0.168877 -0.399162
v 0.371677 -0.148255 -0.399162
v 0.337735 -0.135383 -0.399162
v 0.270497 -0.154996 -0.423830
v 0.301699 -0.151208 -0.423830
v 0.241108 -0.166142 -0.423830
v 0.215240 -0.183997 -0.423830
v 0.194398 -0.207523 -0.423830
v 0.179791 -0.235355 -0.423830
v 0.172269 -0.265873 -0.423830
v 0.172269 -0.297304 -0.423830
v 0.179791 -0.327822 -0.423830
v 0.194398 -0.355653 -0.423830
v 0.215240 -0.379179 -0.423830
v 0.241108 -0.397034 -0.423830
v 0.270497 -0.408180 -0.423830
v 0.301699 -0.411969 -0.423830
v 0.332901 -0.408180 -0.423830
v 0.362290 -0.397034 -0.423830
v 0.388157 -0.379179 -0.423830
v 0.409000 -0.355653 -0.423830
v 0.423607 -0.327822 -0.423830
v 0.431129 -0.297304 -0.423830
v 0.431129 -0.265872 -0.423830
v 0.423607 -0.235355 -0.423830
v 0.409000 -0.207523 -0.423830
v 0.388157 -0.183997 -0.423830
v 0.362290 -0.166142 -0.423830
v 0.332901 -0.154996 -0.423830
v 0.301699 -0.074722 -0.274380
v 0.252193 -0.080733 -0.274380
v 0.205564 -0.098418 -0.274380
v 0.164521 -0.126747 -0.274380
v 0.131452 -0.164075 -0.274380
v 0.108276 -0.208232 -0.274380
v 0.096341 -0.256653 -0.274380
v 0.096341 -0.306523 -0.274380
v 0.108276 -0.354944 -0.274380
v 0.131452 -0.399101 -0.274380
v 0.164521 -0.436429 -0.274380
v 0.205564 -0.464759 -0.274380
v 0.252193 -0.482443 -0.274380
v 0.301699 -0.488454 -0.274380
v 0.351205 -0.482443 -0.274380
v 0.397834 -0.464759 -0.274380
v 0.438876 -0.436429 -0.274380
v 0.471946 -0.399101 -0.274380
v 0.495122 -0.354944 -0.274380
v 0.507056 -0.306523 -0.274380
v 0.507056 -0.256653 -0.274380
v 0.495122 -0.208232 -0.274380
v 0.471946 -0.164075 -0.274380
v 0.438876 -0.126747 -0.274380
v 0.397834 -0.098418 -0.274380
v 0.351205 -0.080733 -0.274380
vn -0.0000 -0.0000 -1.0000
vn -0.0000 -0.0000 1.0000
vn -0.0000 1.0000 -0.0000
vn -0.2903 -0.0000 0.9569
vn -0.0980 -0.0000 0.9952
vn -0.9952 -0.0000 0.0980
vn -0.4714 -0.0000 0.8819
vn -0.6344 -0.0000 0.7730
vn -0.7730 -0.0000 0.6344
vn -0.8819 -0.0000 0.4714
vn -0.9569 -0.0000 0.2903
vn -0.9952 -0.0000 -0.0980
vn -1.0000 -0.0000 -0.0000
vn -0.9569 -0.0000 -0.2903
vn -0.2903 -0.0000 -0.9569
vn -0.4714 -0.0000 -0.8819
vn -0.6344 -0.0000 -0.7730
vn -0.7730 -0.0000 -0.6344
vn -0.8819 -0.0000 -0.4714
vn -0.0980 -0.0000 -0.9952
vn 1.0000 -0.0000 -0.0000
vn 0.3827 -0.9239 -0.0000
vn 0.9239 -0.3827 -0.0000
vn -0.0375 -0.9239 0.3808
vn -0.0906 -0.3827 0.9194
vn -0.1111 -0.9239 0.3662
vn -0.2682 -0.3827 0.8841
vn -0.1804 -0.9239 0.3375
vn -0.4355 -0.3827 0.8148
vn -0.2428 -0.9239 0.2958
vn -0.5861 -0.3827 0.7142
vn -0.2958 -0.9239 0.2428
vn -0.7142 -0.3827 0.5861
vn -0.3375 -0.9239 0.1804
vn -0.8148 -0.3827 0.4355
vn -0.3662 -0.9239 0.1111
vn -0.8841 -0.3827 0.2682
vn -0.3808 -0.9239 0.0375
vn -0.9194 -0.3827 0.0905
vn -0.0375 -0.9239 -0.3808
vn -0.0906 -0.3827 -0.9194
vn -0.1111 -0.9239 -0.3662
vn -0.2682 -0.3827 -0.8841
vn -0.1804 -0.9239 -0.3375
vn -0.4355 -0.3827 -0.8148
vn -0.2428 -0.9239 -0.2958
vn -0.5861 -0.3827 -0.7142
vn -0.2958 -0.9239 -0.2428
vn -0.7142 -0.3827 -0.5861
vn -0.3375 -0.9239 -0.1804
vn -0.8148 -0.3827 -0.4355
vn -0.3662 -0.9239 -0.1111
vn -0.8841 -0.3827 -0.2682
vn -0.3808 -0.9239 -0.0375
vn -0.9194 -0.3827 -0.0905
vn -0.9239 -0.3827 -0.0000
vn -0.3827 -0.9239 -0.0000
vn -0.0000 -0.3827 -0.9239
vn -0.0000 -0.9239 -0.3827
vn -0.0000 -0.3827 0.9239
vn -0.0000 -0.9239 0.3827
vn -0.0000 -1.0000 -0.0000
vn -0.6039 0.7971 -0.0000
vn 0.6039 -0.7971 -0.0000
vn -0.7953 0.5569 0.2393
vn 0.6131 -0.4293 -0.6631
vn -0.0987 0.0691 -0.9927
vn 0.4653 -0.3258 0.8230
vn -0.7253 0.5079 0.4647
vn 0.4653 -0.3258 -0.8230
vn -0.2905 0.2034 -0.9350
vn 0.6131 -0.4293 0.6631
vn -0.6131 0.4293 0.6631
vn 0.2905 -0.2034 -0.9350
vn -0.4653 0.3258 -0.8230
vn 0.7253 -0.5079 0.4647
vn -0.4653 0.3258 0.8230
vn 0.0987 -0.0691 -0.9927
vn -0.6131 0.4293 -0.6631
vn 0.7953 -0.5569 0.2393
vn -0.2905 0.2034 0.9350
vn -0.7253 0.5079 -0.4647
vn 0.8192 -0.5736 -0.0000
vn -0.0987 0.0691 0.9927
vn -0.7953 0.5569 -0.2393
vn 0.7953 -0.5569 -0.2393
vn 0.0987 -0.0691 0.9927
vn -0.8192 0.5736 -0.0000
vn 0.7253 -0.5079 -0.4647
vn 0.2905 -0.2034 0.9350
vn 0.4982 0.8584 0.1221
vn 0.5819 0.7998 -0.1473
vn 0.4762 0.8738 -0.0984
vn 0.6852 0.7274 0.0355
vn 0.5241 0.8403 0.1387
vn 0.4596 0.8854 -0.0690
vn 0.6888 0.7250 -0.0000
vn 0.5526 0.8203 0.1473
vn 0.4492 0.8927 -0.0355
vn 0.6853 0.7274 -0.0355
vn 0.5819 0.7998 0.1473
vn 0.4457 0.8952 -0.0000
vn 0.6748 0.7347 -0.0690
vn 0.6103 0.7799 0.1387
vn 0.4492 0.8927 0.0355
vn 0.6582 0.7464 -0.0984
vn 0.5526 0.8203 -0.1473
vn 0.6363 0.7617 0.1221
vn 0.4596 0.8854 0.0690
vn 0.6363 0.7617 -0.1221
vn 0.5241 0.8403 -0.1387
vn 0.6582 0.7464 0.0984
vn 0.4762 0.8738 0.0984
vn 0.6103 0.7799 -0.1387
vn 0.4982 0.8584 -0.1221
vn 0.6749 0.7347 0.0690
vn 0.9192 0.0044 0.3939
vn 0.9154 0.2439 0.3201
vn 0.8313 0.5180 0.2015
vn -0.0899 0.7109 -0.6975
vn 0.0952 0.8182 -0.5670
vn 0.3151 0.8794 -0.3568
vn 0.5506 0.2624 -0.7924
vn 0.6159 0.4537 -0.6441
vn 0.6428 0.6500 -0.4054
vn -0.2152 0.7987 0.5620
vn -0.0066 0.8895 0.4568
vn 0.2510 0.9243 0.2875
vn 0.8241 0.0710 0.5620
vn 0.8382 0.2980 0.4568
vn 0.7827 0.5520 0.2875
vn 0.0583 0.6072 -0.7924
vn 0.2157 0.7339 -0.6441
vn 0.3909 0.8263 -0.4054
vn 0.6988 0.1587 -0.6975
vn 0.7363 0.3693 -0.5669
vn 0.7186 0.5969 -0.3568
vn -0.3103 0.8652 0.3939
vn -0.0839 0.9436 0.3201
vn 0.2024 0.9584 0.2015
vn 0.6988 0.1587 0.6975
vn 0.7363 0.3693 0.5669
vn 0.7186 0.5969 0.3568
vn 0.2208 0.4934 -0.8413
vn 0.3477 0.6414 -0.6839
vn 0.4741 0.7681 -0.4304
vn 0.8241 0.0710 -0.5620
vn 0.8382 0.2980 -0.4568
vn 0.7827 0.5520 -0.2875
vn -0.3696 0.9068 0.2028
vn -0.1321 0.9774 0.1649
vn 0.1720 0.9796 0.1038
vn 0.5506 0.2624 0.7924
vn 0.6159 0.4537 0.6441
vn 0.6428 0.6500 0.4054
vn 0.9192 0.0044 -0.3939
vn 0.9154 0.2439 -0.3201
vn 0.8313 0.5180 -0.2015
vn -0.3898 0.9209 -0.0000
vn -0.1485 0.9889 -0.0000
vn 0.1617 0.9868 -0.0000
vn 0.3881 0.3762 0.8413
vn 0.4838 0.5461 0.6839
vn 0.5597 0.7082 0.4304
vn 0.9785 -0.0372 -0.2028
vn 0.9637 0.2101 -0.1649
vn 0.8617 0.4967 -0.1038
vn -0.3696 0.9068 -0.2028
vn -0.1321 0.9774 -0.1649
vn 0.1720 0.9796 -0.1038
vn 0.2208 0.4934 0.8413
vn 0.3477 0.6414 0.6839
vn 0.4741 0.7681 0.4304
vn 0.9987 -0.0513 -0.0000
vn 0.9801 0.1986 -0.0000
vn 0.8720 0.4895 -0.0000
vn -0.3103 0.8652 -0.3939
vn -0.0839 0.9436 -0.3201
vn 0.2024 0.9584 -0.2015
vn 0.0583 0.6072 0.7924
vn 0.2157 0.7339 0.6441
vn 0.3909 0.8263 0.4054
vn 0.9785 -0.0372 0.2028
vn 0.9637 0.2101 0.1649
vn 0.8617 0.4967 0.1038
vn -0.2152 0.7987 -0.5620
vn -0.0066 0.8895 -0.4568
vn 0.2510 0.9243 -0.2875
vn 0.3881 0.3762 -0.8413
vn 0.4838 0.5461 -0.6839
vn 0.5597 0.7082 -0.4304
vn -0.0899 0.7109 0.6975
vn 0.0952 0.8182 0.5669
vn 0.3151 0.8794 0.3568
vn -0.2591 0.5691 0.7804
vn 0.2758 0.1946 -0.9413
vn -0.3993 0.6672 -0.6288
vn 0.9363 -0.2679 0.2269
vn -0.0933 0.4530 0.8866
vn -0.5056 0.7417 -0.4407
vn 0.9589 -0.2837 -0.0000
vn 0.0885 0.3257 0.9413
vn -0.5720 0.7882 -0.2269
vn 0.9363 -0.2679 -0.2269
vn 0.2758 0.1946 0.9413
vn -0.5946 0.8040 -0.0000
vn 0.8699 -0.2214 -0.4407
vn 0.4576 0.0673 0.8866
vn -0.5720 0.7882 0.2269
vn 0.7636 -0.1470 -0.6288
vn 0.0885 0.3257 -0.9413
vn 0.6234 -0.0488 0.7804
vn -0.5056 0.7417 0.4407
vn 0.6234 -0.0488 -0.7804
vn -0.0933 0.4530 -0.8866
vn 0.7636 -0.1470 0.6288
vn -0.3993 0.6672 0.6288
vn 0.4576 0.0673 -0.8866
vn -0.2591 0.5691 -0.7804
vn 0.8699 -0.2214 0.4407
vn 0.5736 0.8192 -0.0000
vn -0.5736 -0.8192 -0.0000
vn 0.2720 0.3884 -0.8804
vn 0.2720 0.3884 0.8804
vn 0.9932 -0.1166 -0.0000
vn -0.4492 0.8934 -0.0000
vn 0.9330 -0.3112 -0.1808
vn -0.6984 0.4114 0.5857
vn 0.1605 0.3275 0.9311
vn -0.5879 -0.1628 -0.7924
vn 0.8400 -0.3721 -0.3948
vn -0.5160 0.4267 0.7428
vn 0.3855 0.2525 0.8875
vn -0.7562 -0.0636 -0.6512
vn 0.6983 -0.4113 -0.5858
vn -0.3037 0.4172 0.8565
vn 0.5879 0.1628 0.7924
vn -0.8806 0.0393 -0.4722
vn 0.5160 -0.4267 -0.7427
vn -0.0738 0.3835 0.9206
vn 0.7563 0.0636 0.6512
vn -0.9539 0.1399 -0.2656
vn 0.3038 -0.4173 -0.8565
vn 0.8807 -0.0393 0.4721
vn -0.9717 0.2323 -0.0437
vn 0.0737 -0.3835 -0.9206
vn 0.9539 -0.1398 0.2657
vn -0.9330 0.3113 0.1808
vn -0.1605 -0.3275 -0.9311
vn 0.9717 -0.2323 0.0436
vn -0.8400 0.3721 0.3948
vn -0.3854 -0.2525 -0.8875
vn 0.2323 0.9043 -0.3581
vn 0.7071 -0.0000 -0.7071
vn 0.4226 -0.0000 0.9063
vn -0.4226 -0.0000 0.9063
vn -0.7071 -0.0000 -0.7071
vn 0.4226 -0.0000 -0.9063
vn 0.9659 -0.0000 -0.2588
vn -0.0872 -0.0000 0.9962
vn -0.9063 -0.0000 -0.4226
vn -0.2588 -0.0000 -0.9659
vn 0.8192 -0.0000 -0.5736
vn 0.2588 -0.0000 0.9659
vn -0.5736 -0.0000 0.8192
vn -0.5736 -0.0000 -0.8192
vn 0.5736 -0.0000 -0.8192
vn 0.9962 -0.0000 -0.0872
vn -0.2588 -0.0000 0.9659
vn -0.8192 -0.0000 -0.5736
vn -0.0872 -0.0000 -0.9962
vn 0.5736 -0.0000 0.8192
vn 0.9063 -0.0000 -0.4226
vn 0.0872 -0.0000 0.9962
vn 0.2588 -0.0000 -0.9659
vn -0.9659 -0.0000 -0.2588
vn -0.4226 -0.0000 -0.9063
vn -0.7071 -0.0000 0.7071
vn -0.9962 -0.0000 -0.0872
vn 0.0872 -0.0000 -0.9962
vn 0.7071 -0.0000 0.7071
vn -0.9962 -0.0000 0.0872
vn 0.8192 -0.0000 0.5736
vn -0.9659 -0.0000 0.2588
vn 0.9063 -0.0000 0.4226
vn -0.9063 -0.0000 0.4226
vn 0.9659 -0.0000 0.2588
vn -0.8192 -0.0000 0.5736
vn 0.9962 -0.0000 0.0872
vn -0.4617 0.8870 -0.0000
vn -0.7925 0.5549 0.2530
vn 0.0002 -0.0002 1.0000
vn 0.7925 -0.5549 0.2530
vn 0.7925 -0.5549 -0.2530
vn -0.7925 0.5549 -0.2530
vn -0.0002 0.0001 -1.0000
vn 0.5792 -0.4056 -0.7071
vn 0.5792 -0.4056 0.7071
vn -0.5792 0.4056 -0.7071
vn -0.5792 0.4056 0.7071
vn 0.7568 -0.5299 -0.3827
vn 0.3135 -0.2195 -0.9239
vn 0.3135 -0.2195 0.9239
vn 0.7568 -0.5299 0.3827
vn -0.3135 0.2195 0.9239
vn -0.7568 0.5299 0.3827
vn -0.3135 0.2195 -0.9239
vn -0.7568 0.5299 -0.3827
vn -0.0803 0.0562 0.9952
vn -0.2378 0.1665 0.9569
vn -0.3861 0.2704 0.8819
vn -0.5197 0.3639 0.7730
vn -0.6332 0.4434 0.6344
vn -0.7224 0.5059 0.4714
vn -0.7839 0.5489 0.2903
vn -0.8152 0.5708 0.0980
vn -0.0803 0.0562 -0.9952
vn -0.2378 0.1665 -0.9569
vn -0.3861 0.2704 -0.8819
vn -0.5197 0.3639 -0.7730
vn -0.6332 0.4434 -0.6344
vn -0.7224 0.5059 -0.4714
vn -0.7839 0.5489 -0.2903
vn -0.8152 0.5708 -0.0980
vn 0.8152 -0.5708 -0.0980
vn 0.7839 -0.5489 -0.2903
vn 0.7224 -0.5058 -0.4714
vn 0.6332 -0.4434 -0.6344
vn 0.5197 -0.3639 -0.7730
vn 0.3861 -0.2704 -0.8819
vn 0.2378 -0.1665 -0.9569
vn 0.0803 -0.0562 -0.9952
vn 0.0803 -0.0562 0.9952
vn 0.2378 -0.1665 0.9569
vn 0.3861 -0.2704 0.8819
vn 0.5197 -0.3639 0.7730
vn 0.6332 -0.4434 0.6344
vn 0.7224 -0.5058 0.4714
vn 0.7839 -0.5489 0.2903
vn 0.8152 -0.5708 0.0980
vn -0.5736 -0.8191 -0.0000
vn 0.5736 0.8191 -0.0000
vn 0.5735 0.8192 -0.0000
vn 0.7914 -0.5541 -0.2583
vn -0.8191 0.5736 -0.0000
vn 0.8191 -0.5736 -0.0000
vn -0.2700 0.1891 -0.9441
vn -0.2700 0.1891 0.9441
vn 0.2701 -0.1891 0.9441
vn -0.6132 0.4293 0.6631
vn 0.7913 -0.5541 0.2583
vn 0.2700 -0.1891 -0.9441
vn -0.7913 0.5541 -0.2583
vn -0.7913 0.5541 0.2583
vn -0.2683 -0.0000 0.9633
vn 0.9633 -0.0000 0.2683
vn -0.2195 -0.0000 -0.9756
vn 0.9756 -0.0000 -0.2195
vn 0.4559 -0.0145 0.8899
vn 0.9015 0.0807 -0.4252
vn -0.0657 0.9966 0.0498
vn 0.0657 -0.9966 -0.0498
vn -0.4559 0.0145 -0.8899
vn 0.0287 0.0987 0.9947
vn 0.9997 0.0230 0.0004
vn -0.0229 0.9949 -0.0981
vn 0.0229 -0.9949 0.0981
vn -0.0287 -0.0987 -0.9947
vn -0.5340 0.8455 -0.0000
vn -0.7697 0.6384 -0.0000
vn 0.6464 0.7630 -0.0000
vn 0.7574 0.6529 -0.0000
vn 0.7071 -0.7071 -0.0000
vn -0.0000 -0.5240 0.8517
vn -0.0000 0.7071 0.7071
vn -0.7071 -0.7071 -0.0000
vn 0.9239 0.3827 -0.0000
vn -0.6153 0.7883 -0.0000
vn -0.4573 0.8893 -0.0000
vn -0.3055 0.9522 -0.0000
vn -0.1224 0.9925 -0.0000
vn -0.7071 0.7071 -0.0000
vn 0.9986 -0.0537 -0.0000
vn -0.7083 0.7059 -0.0000
vn 0.9452 -0.3265 -0.0000
vn 0.8386 0.5447 -0.0000
vn -0.9999 -0.0141 -0.0000
vn 0.7391 -0.6736 -0.0000
vn -0.7056 0.7086 -0.0000
vn 0.5918 -0.8061 -0.0000
vn 0.9835 -0.1808 -0.0000
vn -0.7113 0.7029 -0.0000
vn 0.8655 -0.5009 -0.0000
vn -0.7011 0.7130 -0.0000
vn 0.6471 -0.7624 -0.0000
vn -0.0000 -0.5240 -0.8517
vn -0.0000 0.7071 -0.7071
vn -0.7378 -0.6537 -0.1683
vn 0.3495 0.9217 -0.1683
vn -0.5600 0.8112 -0.1683
vn 0.8728 -0.4581 -0.1683
vn -0.5600 -0.8113 -0.1683
vn 0.1188 0.9786 -0.1683
vn -0.7378 0.6537 -0.1683
vn 0.9571 -0.2359 -0.1683
vn -0.3496 -0.9217 -0.1683
vn -0.8728 0.4581 -0.1683
vn 0.9857 -0.0000 -0.1683
vn -0.1188 -0.9786 -0.1683
vn -0.9571 0.2359 -0.1683
vn 0.9571 0.2359 -0.1683
vn 0.1188 -0.9786 -0.1683
vn -0.9857 -0.0000 -0.1683
vn 0.8728 0.4581 -0.1683
vn 0.3496 -0.9217 -0.1683
vn -0.9571 -0.2359 -0.1683
vn 0.7378 0.6537 -0.1683
vn -0.1188 0.9786 -0.1683
vn 0.5600 -0.8113 -0.1683
vn -0.8728 -0.4581 -0.1683
vn 0.5600 0.8113 -0.1683
vn -0.3495 0.9217 -0.1683
vn 0.7378 -0.6537 -0.1683
vn -0.8855 -0.4647 -0.0000
vn -0.3546 0.9350 -0.0000
vn 0.9709 0.2393 -0.0000
vn -0.7485 -0.6631 -0.0000
vn 0.1205 -0.9927 -0.0000
vn -0.5681 0.8230 -0.0000
vn 0.8855 0.4647 -0.0000
vn -0.5681 -0.8230 -0.0000
vn 0.3546 -0.9350 -0.0000
vn -0.7485 0.6631 -0.0000
vn 0.7485 0.6631 -0.0000
vn -0.3546 -0.9350 -0.0000
vn 0.5681 -0.8230 -0.0000
vn -0.8855 0.4647 -0.0000
vn 0.5681 0.8230 -0.0000
vn -0.1205 -0.9927 -0.0000
vn 0.7485 -0.6631 -0.0000
vn -0.9709 0.2393 -0.0000
vn 0.3546 0.9350 -0.0000
vn 0.8855 -0.4647 -0.0000
vn 0.1205 0.9927 -0.0000
vn 0.9709 -0.2393 -0.0000
vn -0.9709 -0.2393 -0.0000
vn -0.1205 0.9927 -0.0000
vn -0.5600 0.8113 -0.1683
vn 0.3495 -0.9217 -0.1683
vn -0.3496 0.9217 -0.1683
vn -0.7378 -0.6537 0.1683
vn 0.3495 0.9217 0.1683
vn -0.5600 0.8112 0.1683
vn 0.8728 -0.4581 0.1683
vn -0.5600 -0.8113 0.1683
vn 0.1188 0.9786 0.1683
vn -0.7378 0.6537 0.1683
vn 0.9571 -0.2359 0.1683
vn -0.3496 -0.9217 0.1683
vn -0.8728 0.4581 0.1683
vn 0.9857 -0.0000 0.1683
vn -0.1188 -0.9786 0.1683
vn -0.9571 0.2359 0.1683
vn 0.9571 0.2359 0.1683
vn 0.1188 -0.9786 0.1683
vn -0.9857 -0.0000 0.1683
vn 0.8728 0.4581 0.1683
vn 0.3496 -0.9217 0.1683
vn -0.9571 -0.2359 0.1683
vn 0.7378 0.6537 0.1683
vn -0.1188 0.9786 0.1683
vn 0.5600 -0.8113 0.1683
vn -0.8728 -0.4581 0.1683
vn 0.5600 0.8113 0.1683
vn -0.3495 0.9217 0.1683
vn 0.7378 -0.6537 0.1683
vn -0.3496 0.9217 0.1683
vn -0.5600 0.8113 0.1683
vt 0.377363 0.384372
vt 0.625000 0.384372
vt 0.625000 0.500000
vt 0.377363 0.500000
vt 0.377363 0.750000
vt 0.625000 0.750000
vt 0.625000 0.865628
vt 0.377363 0.865628
vt 0.740628 0.500000
vt 0.766843 0.500825
vt 0.792050 0.503270
vt 0.815281 0.507240
vt 0.835643 0.512583
vt 0.852354 0.519093
vt 0.864772 0.526521
vt 0.872418 0.534580
vt 0.875000 0.542961
vt 0.875000 0.707039
vt 0.872418 0.715420
vt 0.864772 0.723479
vt 0.852354 0.730907
vt 0.835643 0.737417
vt 0.815281 0.742760
vt 0.792050 0.746730
vt 0.766843 0.749175
vt 0.740628 0.750000
vt 0.377363 0.891843
vt 0.625000 0.891843
vt 0.625000 0.917050
vt 0.377363 0.917050
vt 0.377363 0.034580
vt 0.625000 0.034580
vt 0.625000 0.042961
vt 0.377363 0.042961
vt 0.625000 0.940281
vt 0.377363 0.940281
vt 0.625000 1.000000
vt 0.377363 1.000000
vt 0.377363 0.000000
vt 0.625000 0.000000
vt 0.625000 0.019093
vt 0.377363 0.019093
vt 0.625000 0.026521
vt 0.377363 0.026521
vt 0.625000 0.215420
vt 0.377363 0.215420
vt 0.377363 0.207039
vt 0.625000 0.207039
vt 0.625000 0.223479
vt 0.377363 0.223479
vt 0.625000 0.358157
vt 0.377363 0.358157
vt 0.377363 0.332950
vt 0.625000 0.332950
vt 0.377363 0.309719
vt 0.625000 0.309719
vt 0.377363 0.250000
vt 0.625000 0.250000
vt 0.377363 0.230907
vt 0.625000 0.230907
vt 0.361817 0.745785
vt 0.361817 0.504215
vt 0.375000 0.501235
vt 0.375000 0.748766
vt 0.235741 0.745021
vt 0.260020 0.745785
vt 0.259183 0.749994
vt 0.233536 0.749186
vt 0.375000 0.891464
vt 0.375000 0.865817
vt 0.213019 0.742817
vt 0.232793 0.749139
vt 0.208314 0.746765
vt 0.375000 0.916686
vt 0.375000 0.892207
vt 0.192078 0.739238
vt 0.207614 0.746672
vt 0.185054 0.742817
vt 0.375000 0.939946
vt 0.375000 0.917386
vt 0.173723 0.734422
vt 0.184425 0.742683
vt 0.164650 0.737494
vt 0.375000 0.999138
vt 0.375000 0.941143
vt 0.158660 0.728554
vt 0.164115 0.737323
vt 0.147887 0.731001
vt 0.375000 0.018817
vt 0.375000 0.000276
vt 0.147467 0.721859
vt 0.147467 0.730799
vt 0.135408 0.723586
vt 0.375000 0.026414
vt 0.375000 0.019200
vt 0.140574 0.714594
vt 0.135118 0.723363
vt 0.127692 0.715536
vt 0.375000 0.034464
vt 0.375000 0.026637
vt 0.138183 0.706832
vt 0.127545 0.715299
vt 0.125019 0.707099
vt 0.375000 0.042901
vt 0.375000 0.034701
vt 0.260019 0.504215
vt 0.235741 0.504979
vt 0.233536 0.500814
vt 0.259183 0.500006
vt 0.375000 0.384183
vt 0.375000 0.358536
vt 0.213019 0.507183
vt 0.208314 0.503235
vt 0.232793 0.500861
vt 0.375000 0.357793
vt 0.375000 0.333314
vt 0.192078 0.510762
vt 0.185054 0.507183
vt 0.207614 0.503328
vt 0.375000 0.332615
vt 0.375000 0.310054
vt 0.173723 0.515578
vt 0.164650 0.512506
vt 0.184425 0.507317
vt 0.375000 0.308857
vt 0.375000 0.250862
vt 0.158660 0.521446
vt 0.147887 0.518999
vt 0.164115 0.512677
vt 0.375000 0.249724
vt 0.375000 0.231182
vt 0.147467 0.528142
vt 0.135408 0.526413
vt 0.147467 0.519201
vt 0.375000 0.230800
vt 0.375000 0.223586
vt 0.140574 0.535406
vt 0.127692 0.534464
vt 0.135118 0.526637
vt 0.375000 0.223363
vt 0.375000 0.215536
vt 0.138183 0.543168
vt 0.125019 0.542901
vt 0.127545 0.534701
vt 0.375000 0.215299
vt 0.375000 0.207099
vt 0.375000 0.206978
vt 0.375000 0.043022
vt 0.125000 0.706978
vt 0.125000 0.543022
vt 0.375000 0.496139
vt 0.375000 0.384561
vt 0.259561 0.500000
vt 0.371139 0.500000
vt 0.375000 0.865439
vt 0.375000 0.753861
vt 0.371139 0.750000
vt 0.259561 0.750000
vt 0.812113 0.500000
vt 0.812113 0.750000
vt 0.375000 0.500000
vt 0.375000 0.750000
vt 0.375000 0.000000
vt 0.587070 0.000000
vt 0.587070 0.250000
vt 0.375000 0.250000
vt 0.125000 0.500000
vt 0.125000 0.750000
vt 0.625000 0.312887
vt 0.625000 0.937112
vt 0.587070 1.000000
vt 0.375000 1.000000
vt 0.875000 0.500000
vt 0.875000 0.750000
vt 0.000000 0.000000
vt 0.625000 0.534339
vt 0.875000 0.534339
vt 0.875000 0.715661
vt 0.625000 0.715661
vt 0.591147 0.500000
vt 0.625000 0.534339
vt 0.625000 0.715661
vt 0.591147 0.750000
vt 0.591147 0.000000
vt 0.625000 0.034339
vt 0.625000 0.215661
vt 0.591147 0.250000
vt 0.591147 1.000000
vt 0.500000 0.000000
vt 0.500000 1.000000
vt 1.000000 1.000000
vt 1.000000 0.000000
vt 0.017771 0.000000
vt 0.000000 1.000000
vt 0.017771 1.000000
vt 0.017771 0.000000
vt 0.017770 1.000000
vt 0.375000 0.730926
vt 0.375000 0.649326
vt 0.375000 0.649326
vt 0.585156 0.030205
vt 0.585156 0.007658
vt 0.498111 0.007658
vt 0.498111 0.030205
vt 0.585156 0.007658
vt 0.585156 0.030205
vt 0.498111 0.030205
vt 0.585156 0.719795
vt 0.585156 0.742342
vt 0.498111 0.742342
vt 0.498111 0.719795
vt 0.585156 0.030205
vt 0.585156 0.007658
vt 0.585156 0.719795
vt 0.498111 0.719795
vt 0.498111 0.742342
vt 0.585156 0.742342
vt 0.125000 0.519074
vt 0.125000 0.600674
vt 0.355926 0.750000
vt 0.355926 0.750000
vt 0.274326 0.750000
vt 0.274326 0.750000
vt 0.355926 0.500000
vt 0.375000 0.519074
vt 0.144074 0.500000
vt 0.144074 0.750000
vt 0.144074 0.750000
vt 0.125000 0.730926
vt 0.375000 0.600674
vt 0.585156 0.742342
vt 0.585156 0.775107
vt 0.585156 0.974894
vt 0.498111 0.974894
vt 0.498111 0.775106
vt 0.274326 0.500000
vt 0.225674 0.500000
vt 0.225674 0.500000
vt 0.498111 0.775106
vt 0.585156 0.974893
vt 0.498111 0.974893
vt 0.585156 0.719795
vt 0.585156 0.974893
vt 0.125822 0.601496
vt 0.125241 0.601255
vt 0.226255 0.500241
vt 0.226496 0.500822
vt 0.226496 0.514722
vt 0.231217 0.519443
vt 0.268783 0.519443
vt 0.273504 0.514722
vt 0.273504 0.500822
vt 0.273745 0.500241
vt 0.374759 0.601255
vt 0.374178 0.601496
vt 0.360278 0.601496
vt 0.355557 0.606217
vt 0.355557 0.643783
vt 0.360278 0.648504
vt 0.374178 0.648504
vt 0.374759 0.648745
vt 0.273745 0.749759
vt 0.273504 0.749178
vt 0.273504 0.735278
vt 0.268783 0.730557
vt 0.231217 0.730557
vt 0.226496 0.735278
vt 0.226496 0.749178
vt 0.226255 0.749759
vt 0.225674 0.750000
vt 0.125000 0.649326
vt 0.125241 0.648745
vt 0.125822 0.648504
vt 0.139722 0.648504
vt 0.144443 0.643783
vt 0.144443 0.606217
vt 0.139722 0.601496
vt 0.225674 0.750000
vt 0.225674 0.750000
vt 0.498111 0.775107
vt 0.585156 0.775106
vt 0.585156 1.000000
vt 0.498111 1.000000
vt 0.498111 0.000000
vt 0.585156 0.000000
vt 0.498111 0.718462
vt 0.585156 0.718462
vt 0.226496 0.500000
vt 0.585156 0.718462
vt 0.375000 0.601496
vt 0.585156 0.718462
vt 0.498111 0.718462
vt 0.125000 0.601496
vt 0.226496 0.750000
vt 0.226496 0.750000
vt 0.273504 0.500000
vt 0.585156 0.031538
vt 0.498111 0.031538
vt 0.375000 0.648504
vt 0.585156 0.031538
vt 0.585156 0.030205
vt 0.125000 0.648504
vt 0.498111 0.031538
vt 0.585156 0.031538
vt 0.585156 0.031538
vt 0.273504 0.750000
vt 0.273504 0.750000
vt 0.375000 0.775870
vt 0.625000 0.775870
vt 0.625000 0.974130
vt 0.375000 0.974130
vt 0.375000 0.525870
vt 0.625000 0.525870
vt 0.625000 0.724130
vt 0.375000 0.724130
vt 0.625497 0.520823
vt 0.626969 0.515970
vt 0.629360 0.511497
vt 0.632577 0.507577
vt 0.636497 0.504360
vt 0.640970 0.501969
vt 0.645823 0.500497
vt 0.650870 0.500000
vt 0.849130 0.500000
vt 0.854177 0.500497
vt 0.859030 0.501969
vt 0.863503 0.504360
vt 0.867423 0.507577
vt 0.870640 0.511497
vt 0.873031 0.515970
vt 0.874503 0.520823
vt 0.875000 0.525870
vt 0.875000 0.724130
vt 0.874503 0.729177
vt 0.873031 0.734030
vt 0.870640 0.738503
vt 0.867423 0.742423
vt 0.863503 0.745640
vt 0.859030 0.748031
vt 0.854177 0.749503
vt 0.849130 0.750000
vt 0.650870 0.750000
vt 0.645823 0.749503
vt 0.640970 0.748031
vt 0.636497 0.745640
vt 0.632577 0.742423
vt 0.629360 0.738503
vt 0.626969 0.734030
vt 0.625497 0.729177
vt 0.375000 0.025870
vt 0.625000 0.025870
vt 0.625000 0.224130
vt 0.375000 0.224130
vt 0.375000 0.275870
vt 0.625000 0.275870
vt 0.625000 0.474130
vt 0.375000 0.474130
vt 0.625000 0.979177
vt 0.375000 0.979177
vt 0.625000 0.984030
vt 0.375000 0.984030
vt 0.625000 0.988503
vt 0.375000 0.988503
vt 0.625000 0.011497
vt 0.375000 0.011497
vt 0.625000 0.015970
vt 0.375000 0.015970
vt 0.625000 0.020823
vt 0.375000 0.020823
vt 0.375000 0.270823
vt 0.625000 0.270823
vt 0.375000 0.265970
vt 0.625000 0.265970
vt 0.375000 0.261497
vt 0.625000 0.261497
vt 0.375000 0.238503
vt 0.625000 0.238503
vt 0.375000 0.234030
vt 0.625000 0.234030
vt 0.375000 0.229177
vt 0.625000 0.229177
vt 0.375000 0.520823
vt 0.625000 0.520823
vt 0.375000 0.515970
vt 0.625000 0.515970
vt 0.375000 0.511497
vt 0.625000 0.511497
vt 0.375000 0.488503
vt 0.625000 0.488503
vt 0.375000 0.484030
vt 0.625000 0.484030
vt 0.375000 0.479177
vt 0.625000 0.479177
vt 0.375000 0.770823
vt 0.625000 0.770823
vt 0.375000 0.765970
vt 0.625000 0.765970
vt 0.375000 0.761497
vt 0.625000 0.761497
vt 0.375000 0.738503
vt 0.625000 0.738503
vt 0.375000 0.734030
vt 0.625000 0.734030
vt 0.375000 0.729177
vt 0.625000 0.729177
vt 0.125000 0.525870
vt 0.125497 0.520823
vt 0.126969 0.515970
vt 0.129360 0.511497
vt 0.132577 0.507577
vt 0.136497 0.504360
vt 0.140970 0.501969
vt 0.145823 0.500497
vt 0.150870 0.500000
vt 0.349130 0.500000
vt 0.354177 0.500497
vt 0.359030 0.501969
vt 0.363503 0.504360
vt 0.367423 0.507577
vt 0.370640 0.511497
vt 0.373031 0.515970
vt 0.374503 0.520823
vt 0.374503 0.729177
vt 0.373031 0.734030
vt 0.370640 0.738503
vt 0.367423 0.742423
vt 0.363503 0.745640
vt 0.359030 0.748031
vt 0.354177 0.749503
vt 0.349130 0.750000
vt 0.150870 0.750000
vt 0.145823 0.749503
vt 0.140970 0.748031
vt 0.136497 0.745640
vt 0.132577 0.742423
vt 0.129360 0.738503
vt 0.126969 0.734030
vt 0.125497 0.729177
vt 0.125000 0.724130
vt 0.375000 0.666667
vt 0.375000 0.583333
vt 0.375000 0.785603
vt 0.442176 0.750000
vt 0.442176 0.500000
vt 0.339397 0.750000
vt 0.339397 0.500000
vt 0.393991 0.455064
vt 0.583801 0.447455
vt 0.583720 0.802465
vt 0.393754 0.794699
vt 0.676746 0.428097
vt 0.671568 0.434427
vt 0.652704 0.440469
vt 0.621202 0.444888
vt 0.334307 0.448833
vt 0.334031 0.800891
vt 0.621153 0.805064
vt 0.652683 0.809511
vt 0.671562 0.815569
vt 0.676745 0.821903
vt 0.323557 0.790417
vt 0.323833 0.459307
vt 0.696705 0.448056
vt 0.696704 0.801945
vt 0.689951 0.803912
vt 0.689952 0.446089
vt 0.681235 0.806451
vt 0.681235 0.443549
vt 0.626286 0.804205
vt 0.626332 0.445750
s 0
f 58/1/1 12/2/1 2/3/1 25/4/1
f 22/5/2 1/6/2 4/7/2 28/8/2
f 2/3/3 12/9/3 14/10/3 15/11/3 16/12/3 17/13/3 18/14/3 19/15/3 20/16/3 13/17/3 3/18/3 5/19/3 6/20/3 7/21/3 8/22/3 9/23/3 10/24/3 11/25/3 4/26/3 1/6/3
f 34/27/4 11/28/4 10/29/4 37/30/4
f 28/8/5 4/7/5 11/28/5 34/27/5
f 52/31/6 5/32/6 3/33/6 31/34/6
f 37/30/7 10/29/7 9/35/7 40/36/7
f 40/36/8 9/35/8 8/37/8 43/38/8
f 43/39/9 8/40/9 7/41/9 46/42/9
f 46/42/10 7/41/10 6/43/10 49/44/10
f 49/44/11 6/43/11 5/32/11 52/31/11
f 20/45/12 61/46/12 55/47/12 13/48/12
f 31/34/13 3/33/13 13/48/13 55/47/13
f 19/49/14 64/50/14 61/46/14 20/45/14
f 14/51/15 79/52/15 76/53/15 15/54/15
f 15/54/16 76/53/16 73/55/16 16/56/16
f 16/56/17 73/55/17 70/57/17 17/58/17
f 17/58/18 70/57/18 67/59/18 18/60/18
f 18/60/19 67/59/19 64/50/19 19/49/19
f 12/2/20 58/1/20 79/52/20 14/51/20
f 25/4/21 2/3/21 1/6/21 22/5/21
f 21/61/22 24/62/22 26/63/22 23/64/22
f 23/64/23 26/63/23 25/4/23 22/5/23
f 33/65/24 27/66/24 29/67/24 35/68/24
f 35/69/25 29/70/25 28/8/25 34/27/25
f 36/71/26 33/65/26 35/72/26 38/73/26
f 38/74/27 35/75/27 34/27/27 37/30/27
f 39/76/28 36/71/28 38/77/28 41/78/28
f 41/79/29 38/80/29 37/30/29 40/36/29
f 42/81/30 39/76/30 41/82/30 44/83/30
f 44/84/31 41/85/31 40/36/31 43/38/31
f 45/86/32 42/81/32 44/87/32 47/88/32
f 47/89/33 44/90/33 43/39/33 46/42/33
f 48/91/34 45/86/34 47/92/34 50/93/34
f 50/94/35 47/95/35 46/42/35 49/44/35
f 51/96/36 48/91/36 50/97/36 53/98/36
f 53/99/37 50/100/37 49/44/37 52/31/37
f 30/101/38 51/96/38 53/102/38 32/103/38
f 32/104/39 53/105/39 52/31/39 31/34/39
f 57/106/40 78/107/40 80/108/40 59/109/40
f 59/110/41 80/111/41 79/52/41 58/1/41
f 78/107/42 75/112/42 77/113/42 80/114/42
f 80/115/43 77/116/43 76/53/43 79/52/43
f 75/112/44 72/117/44 74/118/44 77/119/44
f 77/120/45 74/121/45 73/55/45 76/53/45
f 72/117/46 69/122/46 71/123/46 74/124/46
f 74/125/47 71/126/47 70/57/47 73/55/47
f 69/122/48 66/127/48 68/128/48 71/129/48
f 71/130/49 68/131/49 67/59/49 70/57/49
f 66/127/50 63/132/50 65/133/50 68/134/50
f 68/135/51 65/136/51 64/50/51 67/59/51
f 63/132/52 60/137/52 62/138/52 65/139/52
f 65/140/53 62/141/53 61/46/53 64/50/53
f 60/137/54 54/142/54 56/143/54 62/144/54
f 62/145/55 56/146/55 55/47/55 61/46/55
f 31/34/56 55/47/56 56/147/56 32/148/56
f 32/149/57 56/150/57 54/142/57 30/101/57
f 58/1/58 25/4/58 26/151/58 59/152/58
f 59/153/59 26/154/59 24/62/59 57/106/59
f 22/5/60 28/8/60 29/155/60 23/156/60
f 23/157/61 29/158/61 27/66/61 21/61/61
f 54/142/62 60/137/62 63/132/62 66/127/62 69/122/62 72/117/62 75/112/62 78/107/62 57/106/62 24/62/62 21/61/62 27/66/62 33/65/62 36/71/62 39/76/62 42/81/62 45/86/62 48/91/62 51/96/62 30/101/62
f 86/3/3 90/159/3 87/160/3 84/6/3
f 85/161/21 86/3/21 84/6/21 83/162/21
f 81/163/13 88/164/13 89/165/13 82/166/13
f 82/167/62 85/161/62 83/162/62 81/168/62
f 82/166/1 89/165/1 90/169/1 86/3/1 85/161/1
f 87/40/63 90/58/63 89/165/63 88/164/63
f 83/162/2 84/6/2 87/170/2 88/171/2 81/172/2
f 96/3/62 100/159/62 97/160/62 94/6/62
f 95/161/13 96/3/13 94/6/13 93/162/13
f 91/163/21 98/164/21 99/165/21 92/166/21
f 92/167/3 95/161/3 93/162/3 91/168/3
f 92/166/1 99/165/1 100/169/1 96/3/1 95/161/1
f 97/40/64 100/58/64 99/165/64 98/164/64
f 93/162/2 94/6/2 97/170/2 98/171/2 91/172/2
f 101/163/13 102/40/13 104/58/13 103/166/13
f 103/166/1 104/58/1 108/3/1 107/161/1
f 107/161/21 108/3/21 106/6/21 105/162/21
f 105/162/2 106/6/2 102/37/2 101/172/2
f 103/167/62 107/161/62 105/162/62 101/168/62
f 108/3/3 104/173/3 102/174/3 106/6/3
f 166/1/2 133/4/2 110/3/2 120/2/2
f 130/5/1 136/8/1 112/7/1 109/6/1
f 110/3/3 109/6/3 112/26/3 119/25/3 118/24/3 117/23/3 116/22/3 115/21/3 114/20/3 113/19/3 111/18/3 121/17/3 128/16/3 127/15/3 126/14/3 125/13/3 124/12/3 123/11/3 122/10/3 120/9/3
f 142/27/15 145/30/15 118/29/15 119/28/15
f 136/8/20 142/27/20 119/28/20 112/7/20
f 160/31/12 139/34/12 111/33/12 113/32/12
f 145/30/16 148/36/16 117/35/16 118/29/16
f 148/36/17 151/38/17 116/37/17 117/35/17
f 151/39/18 154/42/18 115/41/18 116/40/18
f 154/42/19 157/44/19 114/43/19 115/41/19
f 157/44/14 160/31/14 113/32/14 114/43/14
f 128/45/6 121/48/6 163/47/6 169/46/6
f 139/34/13 163/47/13 121/48/13 111/33/13
f 127/49/11 128/45/11 169/46/11 172/50/11
f 122/51/4 123/54/4 184/53/4 187/52/4
f 123/54/7 124/56/7 181/55/7 184/53/7
f 124/56/8 125/58/8 178/57/8 181/55/8
f 125/58/9 126/60/9 175/59/9 178/57/9
f 126/60/10 127/49/10 172/50/10 175/59/10
f 120/2/5 122/51/5 187/52/5 166/1/5
f 133/4/21 130/5/21 109/6/21 110/3/21
f 129/61/22 131/64/22 134/63/22 132/62/22
f 131/64/23 130/5/23 133/4/23 134/63/23
f 141/65/40 143/68/40 137/67/40 135/66/40
f 143/69/41 142/27/41 136/8/41 137/70/41
f 144/71/42 146/73/42 143/72/42 141/65/42
f 146/74/43 145/30/43 142/27/43 143/75/43
f 147/76/44 149/78/44 146/77/44 144/71/44
f 149/79/45 148/36/45 145/30/45 146/80/45
f 150/81/46 152/83/46 149/82/46 147/76/46
f 152/84/47 151/38/47 148/36/47 149/85/47
f 153/86/48 155/88/48 152/87/48 150/81/48
f 155/89/49 154/42/49 151/39/49 152/90/49
f 156/91/50 158/93/50 155/92/50 153/86/50
f 158/94/51 157/44/51 154/42/51 155/95/51
f 159/96/52 161/98/52 158/97/52 156/91/52
f 161/99/53 160/31/53 157/44/53 158/100/53
f 138/101/54 140/103/54 161/102/54 159/96/54
f 140/104/55 139/34/55 160/31/55 161/105/55
f 165/106/24 167/109/24 188/108/24 186/107/24
f 167/110/25 166/1/25 187/52/25 188/111/25
f 186/107/26 188/114/26 185/113/26 183/112/26
f 188/115/27 187/52/27 184/53/27 185/116/27
f 183/112/28 185/119/28 182/118/28 180/117/28
f 185/120/29 184/53/29 181/55/29 182/121/29
f 180/117/30 182/124/30 179/123/30 177/122/30
f 182/125/31 181/55/31 178/57/31 179/126/31
f 177/122/32 179/129/32 176/128/32 174/127/32
f 179/130/33 178/57/33 175/59/33 176/131/33
f 174/127/34 176/134/34 173/133/34 171/132/34
f 176/135/35 175/59/35 172/50/35 173/136/35
f 171/132/36 173/139/36 170/138/36 168/137/36
f 173/140/37 172/50/37 169/46/37 170/141/37
f 168/137/38 170/144/38 164/143/38 162/142/38
f 170/145/39 169/46/39 163/47/39 164/146/39
f 139/34/56 140/148/56 164/147/56 163/47/56
f 140/149/57 138/101/57 162/142/57 164/150/57
f 166/1/60 167/152/60 134/151/60 133/4/60
f 167/153/61 165/106/61 132/62/61 134/154/61
f 130/5/58 131/156/58 137/155/58 136/8/58
f 131/157/59 129/61/59 135/66/59 137/158/59
f 162/142/62 138/101/62 159/96/62 156/91/62 153/86/62 150/81/62 147/76/62 144/71/62 141/65/62 135/66/62 129/61/62 132/62/62 165/106/62 186/107/62 183/112/62 180/117/62 177/122/62 174/127/62 171/132/62 168/137/62
f 194/3/3 192/6/3 195/160/3 198/159/3
f 193/161/21 191/162/21 192/6/21 194/3/21
f 189/163/13 190/166/13 197/165/13 196/164/13
f 190/167/62 189/168/62 191/162/62 193/161/62
f 190/166/2 193/161/2 194/3/2 198/169/2 197/165/2
f 195/40/63 196/164/63 197/165/63 198/58/63
f 191/162/1 189/172/1 196/171/1 195/170/1 192/6/1
f 204/3/62 202/6/62 205/160/62 208/159/62
f 203/161/13 201/162/13 202/6/13 204/3/13
f 199/163/21 200/166/21 207/165/21 206/164/21
f 200/167/3 199/168/3 201/162/3 203/161/3
f 200/166/2 203/161/2 204/3/2 208/169/2 207/165/2
f 205/40/64 206/164/64 207/165/64 208/58/64
f 201/162/1 199/172/1 206/171/1 205/170/1 202/6/1
f 209/163/13 211/166/13 212/58/13 210/40/13
f 211/166/2 215/161/2 216/3/2 212/58/2
f 215/161/21 213/162/21 214/6/21 216/3/21
f 213/162/1 209/172/1 210/37/1 214/6/1
f 211/167/62 209/168/62 213/162/62 215/161/62
f 216/3/3 214/6/3 210/174/3 212/173/3
f 225/175/65 251/175/65 250/175/65 224/175/65
f 240/175/66 266/175/66 265/175/66 239/175/66
f 218/175/67 244/175/67 243/175/67 217/175/67
f 233/175/68 259/175/68 258/175/68 232/175/68
f 226/175/69 252/175/69 251/175/69 225/175/69
f 241/175/70 267/175/70 266/175/70 240/175/70
f 219/175/71 245/175/71 244/175/71 218/175/71
f 234/175/72 260/175/72 259/175/72 233/175/72
f 227/175/73 253/175/73 252/175/73 226/175/73
f 242/175/74 268/175/74 267/175/74 241/175/74
f 220/175/75 246/175/75 245/175/75 219/175/75
f 235/175/76 261/175/76 260/175/76 234/175/76
f 228/175/77 254/175/77 253/175/77 227/175/77
f 217/175/78 243/175/78 268/175/78 242/175/78
f 221/175/79 247/175/79 246/175/79 220/175/79
f 236/175/80 262/175/80 261/175/80 235/175/80
f 229/175/81 255/175/81 254/175/81 228/175/81
f 222/175/82 248/175/82 247/175/82 221/175/82
f 237/175/83 263/175/83 262/175/83 236/175/83
f 230/175/84 256/175/84 255/175/84 229/175/84
f 223/175/85 249/175/85 248/175/85 222/175/85
f 238/175/86 264/175/86 263/175/86 237/175/86
f 231/175/87 257/175/87 256/175/87 230/175/87
f 224/175/88 250/175/88 249/175/88 223/175/88
f 239/175/89 265/175/89 264/175/89 238/175/89
f 232/175/90 258/175/90 257/175/90 231/175/90
f 262/175/3 288/175/3 287/175/3 261/175/3
f 255/175/3 281/175/3 280/175/3 254/175/3
f 248/175/3 274/175/3 273/175/3 247/175/3
f 263/175/3 289/175/3 288/175/3 262/175/3
f 256/175/3 282/175/3 281/175/3 255/175/3
f 249/175/3 275/175/3 274/175/3 248/175/3
f 264/175/3 290/175/3 289/175/3 263/175/3
f 257/175/3 283/175/3 282/175/3 256/175/3
f 250/175/3 276/175/3 275/175/3 249/175/3
f 265/175/3 291/175/3 290/175/3 264/175/3
f 258/175/3 284/175/3 283/175/3 257/175/3
f 251/175/3 277/175/3 276/175/3 250/175/3
f 266/175/3 292/175/3 291/175/3 265/175/3
f 244/175/3 270/175/3 269/175/3 243/175/3
f 259/175/3 285/175/3 284/175/3 258/175/3
f 252/175/3 278/175/3 277/175/3 251/175/3
f 267/175/3 293/175/3 292/175/3 266/175/3
f 245/175/3 271/175/3 270/175/3 244/175/3
f 260/175/3 286/175/3 285/175/3 259/175/3
f 253/175/3 279/175/3 278/175/3 252/175/3
f 268/175/3 294/175/3 293/175/3 267/175/3
f 246/175/3 272/175/3 271/175/3 245/175/3
f 261/175/3 287/175/3 286/175/3 260/175/3
f 254/175/3 280/175/3 279/175/3 253/175/3
f 243/175/3 269/175/3 294/175/3 268/175/3
f 247/175/3 273/175/3 272/175/3 246/175/3
f 324/175/91 306/175/91 305/175/91 323/175/91
f 330/175/92 295/175/92 320/175/92 329/175/92
f 336/175/93 299/175/93 298/175/93 335/175/93
f 342/175/94 314/175/94 313/175/94 341/175/94
f 345/175/95 307/175/95 306/175/95 324/175/95
f 348/175/96 300/175/96 299/175/96 336/175/96
f 351/175/97 315/175/97 314/175/97 342/175/97
f 354/175/98 308/175/98 307/175/98 345/175/98
f 357/175/99 301/175/99 300/175/99 348/175/99
f 360/175/100 316/175/100 315/175/100 351/175/100
f 363/175/101 309/175/101 308/175/101 354/175/101
f 366/175/102 302/175/102 301/175/102 357/175/102
f 369/175/103 317/175/103 316/175/103 360/175/103
f 372/175/104 310/175/104 309/175/104 363/175/104
f 375/175/105 303/175/105 302/175/105 366/175/105
f 378/175/106 318/175/106 317/175/106 369/175/106
f 381/175/107 296/175/107 295/175/107 330/175/107
f 384/175/108 311/175/108 310/175/108 372/175/108
f 387/175/109 304/175/109 303/175/109 375/175/109
f 390/175/110 319/175/110 318/175/110 378/175/110
f 393/175/111 297/175/111 296/175/111 381/175/111
f 396/175/112 312/175/112 311/175/112 384/175/112
f 323/175/113 305/175/113 304/175/113 387/175/113
f 329/175/114 320/175/114 319/175/114 390/175/114
f 335/175/115 298/175/115 297/175/115 393/175/115
f 341/175/116 313/175/116 312/175/116 396/175/116
f 424/175/117 339/175/117 398/175/117 420/175/117
f 339/175/118 340/175/118 397/175/118 398/175/118
f 340/175/119 341/175/119 396/175/119 397/175/119
f 423/175/120 333/175/120 395/175/120 419/175/120
f 333/175/121 334/175/121 394/175/121 395/175/121
f 334/175/122 335/175/122 393/175/122 394/175/122
f 422/175/123 327/175/123 392/175/123 418/175/123
f 327/175/124 328/175/124 391/175/124 392/175/124
f 328/175/125 329/175/125 390/175/125 391/175/125
f 421/175/126 321/175/126 389/175/126 417/175/126
f 321/175/127 322/175/127 388/175/127 389/175/127
f 322/175/128 323/175/128 387/175/128 388/175/128
f 420/175/129 398/175/129 386/175/129 416/175/129
f 398/175/130 397/175/130 385/175/130 386/175/130
f 397/175/131 396/175/131 384/175/131 385/175/131
f 419/175/132 395/175/132 383/175/132 415/175/132
f 395/175/133 394/175/133 382/175/133 383/175/133
f 394/175/134 393/175/134 381/175/134 382/175/134
f 418/175/135 392/175/135 380/175/135 414/175/135
f 392/175/136 391/175/136 379/175/136 380/175/136
f 391/175/137 390/175/137 378/175/137 379/175/137
f 417/175/138 389/175/138 377/175/138 413/175/138
f 389/175/139 388/175/139 376/175/139 377/175/139
f 388/175/140 387/175/140 375/175/140 376/175/140
f 416/175/141 386/175/141 374/175/141 412/175/141
f 386/175/142 385/175/142 373/175/142 374/175/142
f 385/175/143 384/175/143 372/175/143 373/175/143
f 415/175/144 383/175/144 332/175/144 400/175/144
f 383/175/145 382/175/145 331/175/145 332/175/145
f 382/175/146 381/175/146 330/175/146 331/175/146
f 414/175/147 380/175/147 371/175/147 411/175/147
f 380/175/148 379/175/148 370/175/148 371/175/148
f 379/175/149 378/175/149 369/175/149 370/175/149
f 413/175/150 377/175/150 368/175/150 410/175/150
f 377/175/151 376/175/151 367/175/151 368/175/151
f 376/175/152 375/175/152 366/175/152 367/175/152
f 412/175/153 374/175/153 365/175/153 409/175/153
f 374/175/154 373/175/154 364/175/154 365/175/154
f 373/175/155 372/175/155 363/175/155 364/175/155
f 411/175/156 371/175/156 362/175/156 408/175/156
f 371/175/157 370/175/157 361/175/157 362/175/157
f 370/175/158 369/175/158 360/175/158 361/175/158
f 410/175/159 368/175/159 359/175/159 407/175/159
f 368/175/160 367/175/160 358/175/160 359/175/160
f 367/175/161 366/175/161 357/175/161 358/175/161
f 409/175/162 365/175/162 356/175/162 406/175/162
f 365/175/163 364/175/163 355/175/163 356/175/163
f 364/175/164 363/175/164 354/175/164 355/175/164
f 408/175/165 362/175/165 353/175/165 405/175/165
f 362/175/166 361/175/166 352/175/166 353/175/166
f 361/175/167 360/175/167 351/175/167 352/175/167
f 407/175/168 359/175/168 350/175/168 404/175/168
f 359/175/169 358/175/169 349/175/169 350/175/169
f 358/175/170 357/175/170 348/175/170 349/175/170
f 406/175/171 356/175/171 347/175/171 403/175/171
f 356/175/172 355/175/172 346/175/172 347/175/172
f 355/175/173 354/175/173 345/175/173 346/175/173
f 405/175/174 353/175/174 344/175/174 402/175/174
f 353/175/175 352/175/175 343/175/175 344/175/175
f 352/175/176 351/175/176 342/175/176 343/175/176
f 404/175/177 350/175/177 338/175/177 401/175/177
f 350/175/178 349/175/178 337/175/178 338/175/178
f 349/175/179 348/175/179 336/175/179 337/175/179
f 403/175/180 347/175/180 326/175/180 399/175/180
f 347/175/181 346/175/181 325/175/181 326/175/181
f 346/175/182 345/175/182 324/175/182 325/175/182
f 402/175/183 344/175/183 339/175/183 424/175/183
f 344/175/184 343/175/184 340/175/184 339/175/184
f 343/175/185 342/175/185 341/175/185 340/175/185
f 401/175/186 338/175/186 333/175/186 423/175/186
f 338/175/187 337/175/187 334/175/187 333/175/187
f 337/175/188 336/175/188 335/175/188 334/175/188
f 400/175/189 332/175/189 327/175/189 422/175/189
f 332/175/190 331/175/190 328/175/190 327/175/190
f 331/175/191 330/175/191 329/175/191 328/175/191
f 399/175/192 326/175/192 321/175/192 421/175/192
f 326/175/193 325/175/193 322/175/193 321/175/193
f 325/175/194 324/175/194 323/175/194 322/175/194
f 280/175/195 399/175/195 421/175/195 279/175/195
f 269/175/196 400/175/196 422/175/196 294/175/196
f 273/175/197 401/175/197 423/175/197 272/175/197
f 288/175/198 402/175/198 424/175/198 287/175/198
f 281/175/199 403/175/199 399/175/199 280/175/199
f 274/175/200 404/175/200 401/175/200 273/175/200
f 289/175/201 405/175/201 402/175/201 288/175/201
f 282/175/202 406/175/202 403/175/202 281/175/202
f 275/175/203 407/175/203 404/175/203 274/175/203
f 290/175/204 408/175/204 405/175/204 289/175/204
f 283/175/205 409/175/205 406/175/205 282/175/205
f 276/175/206 410/175/206 407/175/206 275/175/206
f 291/175/207 411/175/207 408/175/207 290/175/207
f 284/175/208 412/175/208 409/175/208 283/175/208
f 277/175/209 413/175/209 410/175/209 276/175/209
f 292/175/210 414/175/210 411/175/210 291/175/210
f 270/175/211 415/175/211 400/175/211 269/175/211
f 285/175/212 416/175/212 412/175/212 284/175/212
f 278/175/213 417/175/213 413/175/213 277/175/213
f 293/175/214 418/175/214 414/175/214 292/175/214
f 271/175/215 419/175/215 415/175/215 270/175/215
f 286/175/216 420/175/216 416/175/216 285/175/216
f 279/175/217 421/175/217 417/175/217 278/175/217
f 294/175/218 422/175/218 418/175/218 293/175/218
f 272/175/219 423/175/219 419/175/219 271/175/219
f 287/175/220 424/175/220 420/175/220 286/175/220
f 296/175/221 297/175/221 298/175/221 299/175/221 300/175/221 301/175/221 302/175/221 303/175/221 304/175/221 305/175/221 306/175/221 307/175/221 308/175/221 309/175/221 310/175/221 311/175/221 312/175/221 313/175/221 314/175/221 315/175/221 316/175/221 317/175/221 318/175/221 319/175/221 320/175/221 295/175/221
f 436/176/221 431/177/221 430/178/221 433/179/221
f 428/161/83 435/180/83 436/181/83 433/182/83 434/183/83 427/162/83
f 425/163/88 429/184/88 430/185/88 431/186/88 432/187/88 426/166/88
f 426/167/222 428/161/222 427/162/222 425/168/222
f 426/166/1 432/187/1 435/180/1 428/161/1
f 431/58/223 436/3/223 435/180/223 432/187/223
f 433/6/224 430/37/224 429/188/224 434/183/224
f 427/162/2 434/183/2 429/188/2 425/172/2
f 448/176/221 443/177/221 442/178/221 445/179/221
f 440/161/2 447/180/2 448/181/2 445/182/2 446/183/2 439/162/2
f 437/163/1 441/184/1 442/185/1 443/186/1 444/187/1 438/166/1
f 438/167/222 440/161/222 439/162/222 437/168/222
f 438/166/83 444/187/83 447/180/83 440/161/83
f 443/58/225 448/3/225 447/180/225 444/187/225
f 445/6/226 442/37/226 441/188/226 446/183/226
f 439/162/88 446/183/88 441/188/88 437/172/88
f 218/175/222 217/175/222 242/175/222 241/175/222 240/175/222 239/175/222 238/175/222 237/175/222 236/175/222 235/175/222 234/175/222 233/175/222 232/175/222 231/175/222 230/175/222 229/175/222 228/175/222 227/175/222 226/175/222 225/175/222 224/175/222 223/175/222 222/175/222 221/175/222 220/175/222 219/175/222
f 457/175/227 456/175/227 482/175/227 483/175/227
f 472/175/228 471/175/228 497/175/228 498/175/228
f 450/175/229 449/175/229 475/175/229 476/175/229
f 465/175/230 464/175/230 490/175/230 491/175/230
f 458/175/231 457/175/231 483/175/231 484/175/231
f 473/175/232 472/175/232 498/175/232 499/175/232
f 451/175/233 450/175/233 476/175/233 477/175/233
f 466/175/234 465/175/234 491/175/234 492/175/234
f 459/175/235 458/175/235 484/175/235 485/175/235
f 474/175/236 473/175/236 499/175/236 500/175/236
f 452/175/237 451/175/237 477/175/237 478/175/237
f 467/175/238 466/175/238 492/175/238 493/175/238
f 460/175/239 459/175/239 485/175/239 486/175/239
f 449/175/240 474/175/240 500/175/240 475/175/240
f 453/175/241 452/175/241 478/175/241 479/175/241
f 468/175/242 467/175/242 493/175/242 494/175/242
f 461/175/243 460/175/243 486/175/243 487/175/243
f 454/175/244 453/175/244 479/175/244 480/175/244
f 469/175/245 468/175/245 494/175/245 495/175/245
f 462/175/246 461/175/246 487/175/246 488/175/246
f 455/175/247 454/175/247 480/175/247 481/175/247
f 470/175/248 469/175/248 495/175/248 496/175/248
f 463/175/249 462/175/249 488/175/249 489/175/249
f 456/175/250 455/175/250 481/175/250 482/175/250
f 471/175/251 470/175/251 496/175/251 497/175/251
f 464/175/252 463/175/252 489/175/252 490/175/252
f 458/175/253 459/175/253 460/175/253 461/175/253 462/175/253 463/175/253 464/175/253 465/175/253 466/175/253 467/175/253 457/175/253
f 569/175/254 568/175/254 505/175/254 504/175/254
f 558/175/255 557/175/255 516/175/255 515/175/255
f 553/175/256 552/175/256 521/175/256 520/175/256
f 542/175/257 541/175/257 532/175/257 531/175/257
f 571/175/258 570/175/258 503/175/258 502/175/258
f 566/175/259 565/175/259 508/175/259 507/175/259
f 555/175/260 554/175/260 519/175/260 518/175/260
f 544/175/261 543/175/261 530/175/261 529/175/261
f 539/175/262 538/175/262 535/175/262 534/175/262
f 568/175/263 567/175/263 506/175/263 505/175/263
f 557/175/264 556/175/264 517/175/264 516/175/264
f 552/175/265 551/175/265 522/175/265 521/175/265
f 541/175/266 540/175/266 533/175/266 532/175/266
f 570/175/267 569/175/267 504/175/267 503/175/267
f 565/175/268 564/175/268 509/175/268 508/175/268
f 554/175/269 553/175/269 520/175/269 519/175/269
f 543/175/270 542/175/270 531/175/270 530/175/270
f 538/175/271 537/175/271 536/175/271 535/175/271
f 559/175/272 558/175/272 515/175/272 514/175/272
f 567/175/273 566/175/273 507/175/273 506/175/273
f 556/175/274 555/175/274 518/175/274 517/175/274
f 572/175/275 571/175/275 502/175/275 501/175/275
f 545/175/276 544/175/276 529/175/276 528/175/276
f 540/175/277 539/175/277 534/175/277 533/175/277
f 551/175/278 550/175/278 523/175/278 522/175/278
f 546/175/279 545/175/279 528/175/279 527/175/279
f 537/175/280 572/175/280 501/175/280 536/175/280
f 560/175/281 559/175/281 514/175/281 513/175/281
f 547/175/282 546/175/282 527/175/282 526/175/282
f 561/175/283 560/175/283 513/175/283 512/175/283
f 548/175/284 547/175/284 526/175/284 525/175/284
f 562/175/285 561/175/285 512/175/285 511/175/285
f 549/175/286 548/175/286 525/175/286 524/175/286
f 563/175/287 562/175/287 511/175/287 510/175/287
f 550/175/288 549/175/288 524/175/288 523/175/288
f 564/175/289 563/175/289 510/175/289 509/175/289
f 538/175/3 539/175/3 540/175/3 541/175/3 542/175/3 543/175/3 544/175/3 545/175/3 546/175/3 547/175/3 548/175/3 549/175/3 550/175/3 551/175/3 552/175/3 553/175/3 554/175/3 555/175/3 556/175/3 557/175/3 558/175/3 559/175/3 560/175/3 561/175/3 562/175/3 563/175/3 564/175/3 565/175/3 566/175/3 567/175/3 568/175/3 569/175/3 570/175/3 571/175/3 572/175/3 537/175/3
f 501/175/62 502/175/62 503/175/62 504/175/62 505/175/62 506/175/62 507/175/62 508/175/62 509/175/62 510/175/62 511/175/62 512/175/62 513/175/62 514/175/62 515/175/62 516/175/62 517/175/62 518/175/62 519/175/62 520/175/62 521/175/62 522/175/62 523/175/62 524/175/62 525/175/62 526/175/62 527/175/62 528/175/62 529/175/62 530/175/62 531/175/62 532/175/62 533/175/62 534/175/62 535/175/62 536/175/62
f 578/175/278 577/175/278 589/175/278 590/175/278
f 573/175/275 584/175/275 596/175/275 585/175/275
f 575/175/257 574/175/257 586/175/257 587/175/257
f 582/175/287 581/175/287 593/175/287 594/175/287
f 579/175/269 578/175/269 590/175/269 591/175/269
f 576/175/276 575/175/276 587/175/276 588/175/276
f 583/175/259 582/175/259 594/175/259 595/175/259
f 580/175/264 579/175/264 591/175/264 592/175/264
f 577/175/284 576/175/284 588/175/284 589/175/284
f 584/175/254 583/175/254 595/175/254 596/175/254
f 574/175/262 573/175/262 585/175/262 586/175/262
f 581/175/281 580/175/281 592/175/281 593/175/281
f 577/175/3 578/175/3 602/175/3 601/175/3
f 584/175/3 573/175/3 597/175/3 608/175/3
f 574/175/3 575/175/3 599/175/3 598/175/3
f 581/175/3 582/175/3 606/175/3 605/175/3
f 578/175/3 579/175/3 603/175/3 602/175/3
f 575/175/3 576/175/3 600/175/3 599/175/3
f 582/175/3 583/175/3 607/175/3 606/175/3
f 579/175/3 580/175/3 604/175/3 603/175/3
f 576/175/3 577/175/3 601/175/3 600/175/3
f 583/175/3 584/175/3 608/175/3 607/175/3
f 573/175/3 574/175/3 598/175/3 597/175/3
f 580/175/3 581/175/3 605/175/3 604/175/3
f 599/175/276 600/175/276 612/175/276 611/175/276
f 606/175/259 607/175/259 619/175/259 618/175/259
f 603/175/264 604/175/264 616/175/264 615/175/264
f 600/175/284 601/175/284 613/175/284 612/175/284
f 607/175/254 608/175/254 620/175/254 619/175/254
f 597/175/262 598/175/262 610/175/262 609/175/262
f 604/175/281 605/175/281 617/175/281 616/175/281
f 601/175/278 602/175/278 614/175/278 613/175/278
f 608/175/275 597/175/275 609/175/275 620/175/275
f 598/175/257 599/175/257 611/175/257 610/175/257
f 605/175/287 606/175/287 618/175/287 617/175/287
f 602/175/269 603/175/269 615/175/269 614/175/269
f 611/175/3 612/175/3 624/175/3 623/175/3
f 618/175/3 619/175/3 631/175/3 630/175/3
f 615/175/3 616/175/3 628/175/3 627/175/3
f 612/175/3 613/175/3 625/175/3 624/175/3
f 619/175/3 620/175/3 632/175/3 631/175/3
f 609/175/3 610/175/3 622/175/3 621/175/3
f 616/175/3 617/175/3 629/175/3 628/175/3
f 613/175/3 614/175/3 626/175/3 625/175/3
f 620/175/3 609/175/3 621/175/3 632/175/3
f 610/175/3 611/175/3 623/175/3 622/175/3
f 617/175/3 618/175/3 630/175/3 629/175/3
f 614/175/3 615/175/3 627/175/3 626/175/3
f 626/175/269 627/175/269 639/175/269 638/175/269
f 623/175/276 624/175/276 636/175/276 635/175/276
f 630/175/259 631/175/259 643/175/259 642/175/259
f 627/175/264 628/175/264 640/175/264 639/175/264
f 624/175/284 625/175/284 637/175/284 636/175/284
f 631/175/254 632/175/254 644/175/254 643/175/254
f 621/175/262 622/175/262 634/175/262 633/175/262
f 628/175/281 629/175/281 641/175/281 640/175/281
f 625/175/278 626/175/278 638/175/278 637/175/278
f 632/175/275 621/175/275 633/175/275 644/175/275
f 622/175/257 623/175/257 635/175/257 634/175/257
f 629/175/287 630/175/287 642/175/287 641/175/287
f 634/175/3 635/175/3 636/175/3 637/175/3 638/175/3 639/175/3 640/175/3 641/175/3 642/175/3 643/175/3 644/175/3 633/175/3
f 645/163/13 646/40/13 648/58/13 647/166/13
f 647/166/1 648/58/1 652/3/1 651/161/1
f 651/161/21 652/3/21 650/6/21 649/162/21
f 649/162/2 650/6/2 646/37/2 645/172/2
f 647/167/62 651/161/62 649/162/62 645/168/62
f 652/3/3 648/173/3 646/174/3 650/6/3
f 653/163/13 654/40/13 656/58/13 655/166/13
f 655/166/1 656/58/1 660/3/1 659/161/1
f 659/161/21 660/3/21 658/6/21 657/162/21
f 657/162/2 658/6/2 654/37/2 653/172/2
f 655/167/62 659/161/62 657/162/62 653/168/62
f 660/3/3 656/173/3 654/174/3 658/6/3
f 667/189/62 668/190/62 664/191/62 662/192/62
f 669/189/3 665/192/3 666/191/3 670/190/3
f 667/189/2 662/192/2 665/192/2 669/189/2
f 662/192/21 664/191/21 666/191/21 665/192/21
f 661/175/2 667/189/2 669/189/2 671/193/2 672/175/2
f 664/191/1 668/190/1 670/190/1 666/191/1
f 668/190/1 663/194/1 673/194/1 674/195/1 670/190/1
f 663/194/13 661/175/13 672/175/13 673/194/13
f 661/175/62 663/194/62 668/190/62 667/189/62
f 673/194/290 672/175/290 671/196/290 674/197/290
f 671/196/221 669/189/221 670/190/221 674/197/221
f 752/175/221 704/175/221 701/175/221 678/175/221 682/175/221 676/175/221 690/175/221 695/175/221 691/175/221 708/175/221 751/175/221
f 694/175/73 730/175/73 729/175/73 693/175/73
f 748/198/83 759/198/83 832/199/83 795/200/83
f 790/175/221 804/175/221 806/175/221 805/175/221 747/175/221 698/175/221 704/175/221 752/175/221 801/175/221 803/175/221 802/175/221 787/175/221 788/175/221 789/175/221
f 804/201/88 790/202/88 781/203/88 808/204/88
f 777/203/88 770/205/88 817/206/88 828/207/88
f 689/175/79 683/175/79 719/175/79 725/175/79
f 813/208/83 767/209/83 776/210/83 826/211/83
f 687/175/291 723/175/291 735/175/291 699/175/291
f 771/203/1 820/204/1 840/212/1 791/213/1
f 753/175/221 706/175/221 705/175/221 750/175/221 816/175/221 818/175/221 817/175/221 770/175/221 769/175/221 768/175/221 767/175/221 813/175/221 815/175/221 814/175/221
f 692/175/87 728/175/87 739/175/87 703/175/87
f 688/175/71 686/175/71 722/175/71 724/175/71
f 708/175/83 744/175/83 743/175/83 707/175/83
f 707/175/221 677/175/221 685/175/221 684/175/221 696/175/221 679/175/221 692/175/221 703/175/221 706/175/221 753/175/221 754/175/221
f 709/175/221 697/175/221 680/175/221 683/175/221 689/175/221 686/175/221 688/175/221 700/175/221 698/175/221 747/175/221 748/175/221
f 679/175/90 715/175/90 728/175/90 692/175/90
f 702/175/84 738/175/84 711/175/84 675/175/84
f 838/214/2 822/215/2 773/216/2 792/217/2
f 754/218/88 757/218/88 823/219/88 837/219/88
f 701/175/83 704/175/83 740/175/83 737/175/83
f 676/175/70 682/175/70 718/175/70 712/175/70
f 760/220/2 747/221/2 805/222/2 807/223/2
f 690/175/66 676/175/66 712/175/66 726/175/66
f 705/175/221 702/175/221 675/175/221 681/175/221 694/175/221 693/175/221 687/175/221 699/175/221 710/175/221 749/175/221 750/175/221
f 706/175/292 742/175/292 741/175/292 705/175/292
f 677/175/293 713/175/293 721/175/293 685/175/293
f 710/175/88 746/175/88 745/175/88 709/175/88
f 678/175/78 701/175/78 737/175/78 714/175/78
f 691/175/294 695/175/294 731/175/294 727/175/294
f 697/175/1 709/175/1 745/175/1 733/175/1
f 696/175/68 732/175/68 715/175/68 679/175/68
f 703/175/83 739/175/83 742/175/83 706/175/83
f 695/175/89 690/175/89 726/175/89 731/175/89
f 699/175/2 735/175/2 746/175/2 710/175/2
f 675/175/81 711/175/81 717/175/81 681/175/81
f 682/175/74 678/175/74 714/175/74 718/175/74
f 707/175/2 743/175/2 713/175/2 677/175/2
f 683/175/82 680/175/82 716/175/82 719/175/82
f 686/175/75 689/175/75 725/175/75 722/175/75
f 708/175/1 691/175/1 727/175/1 744/175/1
f 685/175/76 721/175/76 720/175/76 684/175/76
f 681/175/77 717/175/77 730/175/77 694/175/77
f 680/175/295 697/175/295 733/175/295 716/175/295
f 700/175/67 688/175/67 724/175/67 736/175/67
f 684/175/72 720/175/72 732/175/72 696/175/72
f 693/175/69 729/175/69 723/175/69 687/175/69
f 698/175/88 700/175/88 736/175/88 734/175/88
f 705/175/88 741/175/88 738/175/88 702/175/88
f 698/175/296 734/175/296 740/175/296 704/175/296
f 740/175/221 734/175/221 736/175/221 724/175/221 722/175/221 725/175/221 719/175/221 716/175/221 733/175/221 745/175/221 746/175/221 735/175/221 723/175/221 729/175/221 730/175/221 717/175/221 711/175/221 738/175/221 741/175/221 742/175/221 739/175/221 728/175/221 715/175/221 732/175/221 720/175/221 721/175/221 713/175/221 743/175/221 744/175/221 727/175/221 731/175/221 726/175/221 712/175/221 718/175/221 714/175/221 737/175/221
f 761/224/297 750/224/297 749/225/297 762/225/297
f 747/221/298 760/220/298 759/198/298 748/198/298
f 753/226/299 758/226/299 757/218/299 754/218/299
f 755/227/300 752/228/300 751/229/300 756/229/300
f 762/225/83 749/225/83 799/230/83 834/230/83
f 798/208/2 766/231/2 784/210/2 835/211/2
f 768/232/1 769/233/1 778/234/1 774/235/1
f 750/224/1 761/224/1 829/236/1 816/236/1
f 758/226/1 753/226/1 814/237/1 825/238/1
f 786/239/83 764/232/83 763/240/83 785/241/83
f 798/175/221 800/175/221 799/175/221 749/175/221 710/175/221 709/175/221 748/175/221 795/175/221 797/175/221 796/175/221 765/175/221 763/175/221 764/175/221 766/175/221
f 802/242/83 810/215/83 780/216/83 787/217/83
f 788/232/2 779/239/2 782/241/2 789/243/2
f 822/244/222 824/245/222 823/219/222 757/218/222 758/226/222 825/237/222 827/246/222 826/247/222 776/248/222 774/249/222 778/250/222 777/251/222 828/252/222 830/253/222 829/236/222 761/224/222 762/225/222 834/230/222 836/254/222 835/255/222 784/256/222 786/257/222 785/258/222 783/259/222 831/260/222 833/261/222 832/200/222 759/198/222 760/220/222 807/223/222 809/262/222 808/263/222 781/264/222 782/265/222 779/266/222 780/267/222 810/268/222 812/269/222 811/270/222 755/227/222 756/229/222 819/271/222 821/272/222 820/273/222 771/274/222 772/275/222 775/276/222 773/277/222
f 752/228/2 755/227/2 811/278/2 801/279/2
f 775/280/88 772/241/88 794/243/88 793/281/88
f 756/229/88 751/229/88 841/271/88 819/271/88
f 840/175/221 842/175/221 841/175/221 751/175/221 708/175/221 707/175/221 754/175/221 837/175/221 839/175/221 838/175/221 792/175/221 793/175/221 794/175/221 791/175/221
f 769/233/299 770/282/299 777/283/299 778/234/299
f 776/210/297 767/209/297 768/232/297 774/235/297
f 763/240/297 765/282/297 783/283/297 785/241/297
f 784/210/298 766/231/298 764/232/298 786/239/298
f 782/241/300 781/283/300 790/282/300 789/243/300
f 787/217/298 780/216/298 779/239/298 788/232/298
f 772/284/299 771/203/299 791/213/299 794/285/299
f 792/217/300 773/216/300 775/280/300 793/281/300
f 813/208/301 826/211/301 827/286/301 815/287/301
f 815/288/302 827/288/302 825/238/302 814/237/302
f 798/208/303 835/211/303 836/286/303 800/289/303
f 800/290/304 836/290/304 834/230/304 799/230/304
f 822/215/305 838/214/305 839/291/305 824/292/305
f 824/293/306 839/293/306 837/219/306 823/219/306
f 801/279/303 811/278/303 812/294/303 803/295/303
f 803/287/304 812/292/304 810/215/304 802/242/304
f 816/236/307 829/236/307 830/296/307 818/296/307
f 818/297/308 830/298/308 828/207/308 817/206/308
f 795/200/301 832/199/301 833/299/301 797/299/301
f 797/300/302 833/298/302 831/207/302 796/301/302
f 819/271/308 841/271/308 842/302/308 821/302/308
f 821/303/307 842/304/307 840/212/307 820/204/307
f 804/201/306 808/204/306 809/303/306 806/305/306
f 806/306/305 809/307/305 807/223/305 805/222/305
f 783/203/1 765/205/1 796/301/1 831/207/1
f 880/308/2 888/309/2 853/310/2 843/311/2
f 898/312/83 906/313/83 889/314/83 879/315/83
f 906/313/221 908/316/221 909/317/221 910/318/221 911/319/221 912/320/221 913/321/221 914/322/221 907/323/221 870/324/221 872/325/221 873/326/221 874/327/221 875/328/221 876/329/221 877/330/221 878/331/221 871/332/221 852/333/221 854/334/221 855/335/221 856/336/221 857/337/221 858/338/221 859/339/221 860/340/221 853/341/221 888/342/221 890/343/221 891/344/221 892/345/221 893/346/221 894/347/221 895/348/221 896/349/221 889/314/221
f 844/350/88 852/351/88 871/352/88 861/353/88
f 862/354/1 870/355/1 907/356/1 897/357/1
f 843/311/309 853/310/309 860/358/309 845/359/309
f 845/359/310 860/358/310 859/360/310 846/361/310
f 846/361/311 859/360/311 858/362/311 847/363/311
f 847/363/312 858/362/312 857/37/312 848/172/312
f 848/163/313 857/40/313 856/364/313 849/365/313
f 849/365/314 856/364/314 855/366/314 850/367/314
f 850/367/315 855/366/315 854/368/315 851/369/315
f 851/369/316 854/368/316 852/351/316 844/350/316
f 870/355/317 862/354/317 869/370/317 872/371/317
f 872/371/318 869/370/318 868/372/318 873/373/318
f 873/373/319 868/372/319 867/374/319 874/375/319
f 874/375/320 867/374/320 866/166/320 875/58/320
f 875/58/321 866/166/321 865/376/321 876/377/321
f 876/377/322 865/376/322 864/378/322 877/379/322
f 877/379/323 864/378/323 863/380/323 878/381/323
f 878/381/324 863/380/324 861/353/324 871/352/324
f 906/313/325 898/312/325 905/382/325 908/383/325
f 908/383/326 905/382/326 904/384/326 909/385/326
f 909/385/327 904/384/327 903/386/327 910/387/327
f 910/387/328 903/386/328 902/161/328 911/3/328
f 911/3/329 902/161/329 901/388/329 912/389/329
f 912/389/330 901/388/330 900/390/330 913/391/330
f 913/391/331 900/390/331 899/392/331 914/393/331
f 914/393/332 899/392/332 897/357/332 907/356/332
f 888/309/333 880/308/333 887/394/333 890/395/333
f 890/395/334 887/394/334 886/396/334 891/397/334
f 891/397/335 886/396/335 885/398/335 892/399/335
f 892/399/336 885/398/336 884/162/336 893/6/336
f 893/6/337 884/162/337 883/400/337 894/401/337
f 894/401/338 883/400/338 882/402/338 895/403/338
f 895/403/339 882/402/339 881/404/339 896/405/339
f 896/405/340 881/404/340 879/315/340 889/314/340
f 861/406/222 863/407/222 864/408/222 865/409/222 866/410/222 867/411/222 868/412/222 869/413/222 862/414/222 897/415/222 899/416/222 900/417/222 901/418/222 902/419/222 903/420/222 904/421/222 905/422/222 898/312/222 879/315/222 881/423/222 882/424/222 883/425/222 884/426/222 885/427/222 886/428/222 887/429/222 880/430/222 843/431/222 845/432/222 846/433/222 847/434/222 848/435/222 849/436/222 850/437/222 851/438/222 844/439/222
f 951/175/222 957/175/222 915/175/222
f 951/175/341 942/175/341 945/175/341
f 992/175/222 991/175/222 945/175/222
f 968/175/222 992/175/222 946/175/222
f 968/175/222 943/175/222 932/175/222
f 955/175/222 968/175/222 932/175/222
f 972/175/222 955/175/222 919/175/222
f 960/175/222 972/175/222 936/175/222
f 961/175/222 960/175/222 924/175/222
f 953/175/341 961/175/341 925/175/341
f 953/175/222 917/175/222 947/175/222
f 984/175/222 983/175/222 947/175/222
f 967/175/222 984/175/222 948/175/222
f 967/175/341 931/175/341 935/175/341
f 971/175/341 967/175/341 935/175/341
f 952/175/222 930/175/222 916/175/222
f 1019/175/221 989/175/221 1025/175/221
f 958/175/222 952/175/222 922/175/222
f 954/175/222 958/175/222 918/175/222
f 954/175/222 941/175/222 944/175/222
f 994/175/341 993/175/341 944/175/341
f 964/175/222 994/175/222 938/175/222
f 964/175/222 940/175/222 928/175/222
f 962/175/341 964/175/341 928/175/341
f 962/175/341 926/175/341 929/175/341
f 965/175/222 929/175/222 923/175/222
f 959/175/341 923/175/341 920/175/341
f 973/175/222 956/175/222 920/175/222
f 973/175/222 937/175/222 949/175/222
f 966/175/222 935/175/222 930/175/222
f 975/175/341 986/175/341 950/175/341
f 975/175/222 939/175/222 927/175/222
f 963/175/222 975/175/222 927/175/222
f 969/175/341 963/175/341 933/175/341
f 970/175/222 969/175/222 934/175/222
f 957/175/222 970/175/222 921/175/222
f 951/175/341 915/175/341 942/175/341
f 951/175/222 945/175/222 991/175/222
f 992/175/222 945/175/222 946/175/222
f 968/175/222 946/175/222 943/175/222
f 955/175/222 932/175/222 919/175/222
f 972/175/222 919/175/222 936/175/222
f 960/175/222 936/175/222 924/175/222
f 961/175/341 924/175/341 925/175/341
f 953/175/341 925/175/341 917/175/341
f 953/175/222 947/175/222 983/175/222
f 984/175/222 947/175/222 948/175/222
f 967/175/222 948/175/222 931/175/222
f 971/175/222 935/175/222 966/175/222
f 966/175/222 930/175/222 952/175/222
f 952/175/222 916/175/222 922/175/222
f 958/175/222 922/175/222 918/175/222
f 954/175/341 918/175/341 941/175/341
f 954/175/341 944/175/341 993/175/341
f 994/175/222 944/175/222 938/175/222
f 964/175/222 938/175/222 940/175/222
f 962/175/341 928/175/341 926/175/341
f 962/175/222 929/175/222 965/175/222
f 965/175/341 923/175/341 959/175/341
f 959/175/222 920/175/222 956/175/222
f 973/175/222 920/175/222 937/175/222
f 973/175/222 949/175/222 985/175/222
f 950/175/341 986/175/341 949/175/341
f 975/175/222 950/175/222 939/175/222
f 963/175/222 927/175/222 933/175/222
f 969/175/222 933/175/222 934/175/222
f 970/175/222 934/175/222 921/175/222
f 957/175/341 921/175/341 915/175/341
f 949/175/222 986/175/222 985/175/222
f 1019/175/342 1013/175/342 1010/175/342
f 1048/175/221 1013/175/221 1047/175/221
f 1036/175/221 1014/175/221 1048/175/221
f 1036/175/221 1000/175/221 1011/175/221
f 1023/175/221 1000/175/221 1036/175/221
f 1040/175/221 976/175/221 1023/175/221
f 1028/175/221 1004/175/221 1040/175/221
f 1029/175/342 981/175/342 1028/175/342
f 1021/175/342 979/175/342 1029/175/342
f 1021/175/342 1015/175/342 980/175/342
f 1044/175/343 1015/175/343 1043/175/343
f 1035/175/221 1016/175/221 1044/175/221
f 1035/175/221 1003/175/221 999/175/221
f 1039/175/342 1003/175/342 1035/175/342
f 1020/175/221 990/175/221 998/175/221
f 1026/175/221 987/175/221 1020/175/221
f 1022/175/221 977/175/221 1026/175/221
f 1022/175/221 1012/175/221 1009/175/221
f 1050/175/342 1012/175/342 1049/175/342
f 1032/175/221 1006/175/221 1050/175/221
f 1032/175/221 996/175/221 1008/175/221
f 1030/175/221 996/175/221 1032/175/221
f 1030/175/342 997/175/342 978/175/342
f 1033/175/221 982/175/221 997/175/221
f 1027/175/342 974/175/342 982/175/342
f 1041/175/342 974/175/342 1024/175/342
f 1041/175/221 1017/175/221 1005/175/221
f 1034/175/342 998/175/342 1003/175/342
f 1042/175/221 1018/175/221 1046/175/221
f 1042/175/221 995/175/221 1007/175/221
f 1031/175/221 995/175/221 1042/175/221
f 1037/175/342 1001/175/342 1031/175/342
f 1038/175/342 1002/175/342 1037/175/342
f 1025/175/342 988/175/342 1038/175/342
f 1019/175/342 1010/175/342 989/175/342
f 1019/175/342 1047/175/342 1013/175/342
f 1048/175/221 1014/175/221 1013/175/221
f 1036/175/221 1011/175/221 1014/175/221
f 1023/175/221 976/175/221 1000/175/221
f 1040/175/221 1004/175/221 976/175/221
f 1028/175/342 981/175/342 1004/175/342
f 1029/175/342 979/175/342 981/175/342
f 1021/175/221 980/175/221 979/175/221
f 1021/175/221 1043/175/221 1015/175/221
f 1044/175/221 1016/175/221 1015/175/221
f 1035/175/342 999/175/342 1016/175/342
f 1039/175/342 1034/175/342 1003/175/342
f 1034/175/342 1020/175/342 998/175/342
f 1020/175/221 987/175/221 990/175/221
f 1026/175/221 977/175/221 987/175/221
f 1022/175/342 1009/175/342 977/175/342
f 1022/175/342 1049/175/342 1012/175/342
f 1050/175/221 1006/175/221 1012/175/221
f 1032/175/221 1008/175/221 1006/175/221
f 1030/175/342 978/175/342 996/175/342
f 1030/175/221 1033/175/221 997/175/221
f 1033/175/342 1027/175/342 982/175/342
f 1027/175/342 1024/175/342 974/175/342
f 1041/175/221 1005/175/221 974/175/221
f 1041/175/221 1045/175/221 1017/175/221
f 1018/175/342 1017/175/342 1046/175/342
f 1042/175/221 1007/175/221 1018/175/221
f 1031/175/342 1001/175/342 995/175/342
f 1037/175/221 1002/175/221 1001/175/221
f 1038/175/221 988/175/221 1002/175/221
f 1025/175/221 989/175/221 988/175/221
f 1017/175/221 1045/175/221 1046/175/221
f 975/175/344 963/175/344 1031/175/344 1042/175/344
f 933/175/69 927/175/69 995/175/69 1001/175/69
f 986/175/1 975/175/1 1042/175/1 1046/175/1
f 918/175/74 922/175/74 987/175/74 977/175/74
f 920/175/82 923/175/82 982/175/82 974/175/82
f 983/175/345 984/175/345 1044/175/345 1043/175/345
f 951/175/346 991/175/346 1047/175/346 1019/175/346
f 925/175/76 924/175/76 981/175/76 979/175/76
f 992/175/345 968/175/345 1036/175/345 1048/175/345
f 953/175/1 983/175/1 1043/175/1 1021/175/1
f 926/175/71 928/175/71 996/175/71 978/175/71
f 984/175/2 967/175/2 1035/175/2 1044/175/2
f 929/175/75 926/175/75 978/175/75 997/175/75
f 973/175/2 985/175/2 1045/175/2 1041/175/2
f 916/175/66 930/175/66 998/175/66 990/175/66
f 993/175/2 994/175/2 1050/175/2 1049/175/2
f 985/175/83 986/175/83 1046/175/83 1045/175/83
f 930/175/89 935/175/89 1003/175/89 998/175/89
f 954/175/345 993/175/345 1049/175/345 1022/175/345
f 968/175/347 955/175/347 1023/175/347 1036/175/347
f 924/175/72 936/175/72 1004/175/72 981/175/72
f 991/175/1 992/175/1 1048/175/1 1047/175/1
f 970/175/70 957/175/70 1025/175/70 1038/175/70
f 937/175/295 920/175/295 974/175/295 1005/175/295
f 963/175/89 969/175/89 1037/175/89 1031/175/89
f 928/175/67 940/175/67 1008/175/67 996/175/67
f 915/175/81 921/175/81 988/175/81 989/175/81
f 958/175/348 954/175/348 1022/175/348 1026/175/348
f 941/175/78 918/175/78 977/175/78 1009/175/78
f 917/175/293 925/175/293 979/175/293 980/175/293
f 959/175/76 956/175/76 1024/175/76 1027/175/76
f 932/175/87 943/175/87 1011/175/87 1000/175/87
f 923/175/79 929/175/79 997/175/79 982/175/79
f 960/175/82 961/175/82 1029/175/82 1028/175/82
f 938/175/296 944/175/296 1012/175/296 1006/175/296
f 934/175/73 933/175/73 1001/175/73 1002/175/73
f 964/175/349 962/175/349 1030/175/349 1032/175/349
f 945/175/345 942/175/345 1010/175/345 1013/175/345
f 935/175/294 931/175/294 999/175/294 1003/175/294
f 962/175/68 965/175/68 1033/175/68 1030/175/68
f 922/175/70 916/175/70 990/175/70 987/175/70
f 936/175/68 919/175/68 976/175/68 1004/175/68
f 966/175/350 952/175/350 1020/175/350 1034/175/350
f 940/175/88 938/175/88 1006/175/88 1008/175/88
f 927/175/291 939/175/291 1007/175/291 995/175/291
f 971/175/69 966/175/69 1034/175/69 1039/175/69
f 939/175/2 950/175/2 1018/175/2 1007/175/2
f 942/175/84 915/175/84 989/175/84 1010/175/84
f 972/175/79 960/175/79 1028/175/79 1040/175/79
f 943/175/83 946/175/83 1014/175/83 1011/175/83
f 944/175/83 941/175/83 1009/175/83 1012/175/83
f 956/175/351 973/175/351 1041/175/351 1024/175/351
f 948/175/83 947/175/83 1015/175/83 1016/175/83
f 946/175/292 945/175/292 1013/175/292 1014/175/292
f 957/175/352 951/175/352 1019/175/352 1025/175/352
f 947/175/2 917/175/2 980/175/2 1015/175/2
f 994/175/83 964/175/83 1032/175/83 1050/175/83
f 961/175/353 953/175/353 1021/175/353 1029/175/353
f 931/175/1 948/175/1 1016/175/1 999/175/1
f 965/175/72 959/175/72 1027/175/72 1033/175/72
f 949/175/1 937/175/1 1005/175/1 1017/175/1
f 969/175/66 970/175/66 1038/175/66 1037/175/66
f 950/175/88 949/175/88 1017/175/88 1018/175/88
f 967/175/354 971/175/354 1039/175/354 1035/175/354
f 919/175/90 932/175/90 1000/175/90 976/175/90
f 952/175/77 958/175/77 1026/175/77 1020/175/77
f 955/175/75 972/175/75 1040/175/75 1023/175/75
f 921/175/77 934/175/77 1002/175/77 988/175/77
f 1051/163/13 1052/40/13 1054/58/13 1053/166/13
f 1053/166/1 1054/58/1 1058/3/1 1057/161/1
f 1057/161/21 1058/3/21 1056/6/21 1055/162/21
f 1055/162/2 1056/6/2 1052/37/2 1051/172/2
f 1053/167/62 1057/161/62 1055/162/62 1051/168/62
f 1058/3/3 1054/173/3 1052/174/3 1056/6/3
f 1059/163/13 1060/40/13 1062/58/13 1061/166/13
f 1061/166/1 1062/58/1 1066/3/1 1065/161/1
f 1065/161/21 1066/3/21 1064/6/21 1063/162/21
f 1063/162/2 1064/6/2 1060/37/2 1059/172/2
f 1063/162/2 1059/172/2 1067/172/2 1069/162/2
f 1066/3/3 1062/173/3 1060/174/3 1064/6/3
f 1068/167/62 1070/161/62 1069/162/62 1067/168/62
f 1061/166/1 1065/161/1 1070/161/1 1068/166/1
f 1059/163/13 1061/166/13 1068/166/13 1067/163/13
f 1071/162/355 1073/162/355 1077/162/355 1075/162/355
f 1083/440/356 1075/162/356 1077/162/356 1085/440/356
f 1079/440/3 1071/162/3 1075/162/3 1083/440/3
f 1074/161/357 1072/161/357 1076/161/357 1078/161/357
f 1082/441/62 1074/161/62 1078/161/62 1086/441/62
f 1073/162/62 1081/440/62 1085/440/62 1077/162/62
f 1072/161/3 1080/441/3 1084/441/3 1076/161/3
f 1076/161/358 1084/441/358 1086/441/358 1078/161/358
f 1087/162/359 1088/162/359 1090/162/359 1089/162/359
f 1093/440/360 1089/162/360 1090/162/360 1094/440/360
f 1091/440/361 1087/162/361 1089/162/361 1093/440/361
f 1088/162/362 1092/440/362 1094/440/362 1090/162/362
f 1094/440/363 1092/440/363 1091/440/363 1093/440/363
f 1095/162/364 1096/162/364 1098/162/364 1097/162/364
f 1101/440/365 1097/162/365 1098/162/365 1102/440/365
f 1099/440/366 1095/162/366 1097/162/366 1101/440/366
f 1096/162/367 1100/440/367 1102/440/367 1098/162/367
f 1102/440/368 1100/440/368 1099/440/368 1101/440/368
f 1107/175/1 1105/175/1 1115/175/1 1117/175/1 1118/175/1 1119/175/1 1120/175/1 1116/175/1 1122/175/1 1123/175/1 1124/175/1 1121/175/1 1104/175/1 1106/175/1 1141/175/1 1108/175/1
f 1104/175/21 1121/175/21 1103/175/21 1109/175/21
f 1141/175/13 1106/175/13 1142/175/13 1111/175/13
f 1107/175/369 1108/175/369 1113/175/369 1112/175/369
f 1105/175/13 1107/175/13 1112/175/13 1110/175/13
f 1120/175/370 1119/175/370 1131/175/370 1132/175/370
f 1121/175/3 1124/175/3 1127/175/3 1103/175/3
f 1124/175/371 1123/175/371 1126/175/371 1127/175/371
f 1123/175/21 1122/175/21 1125/175/21 1126/175/21
f 1118/175/372 1117/175/372 1129/175/372 1130/175/372
f 1122/175/3 1116/175/3 1128/175/3 1125/175/3
f 1116/175/13 1120/175/13 1132/175/13 1128/175/13
f 1119/175/3 1118/175/3 1130/175/3 1131/175/3
f 1117/175/21 1115/175/21 1114/175/21 1129/175/21
f 1115/175/3 1105/175/3 1110/175/3 1114/175/3
f 1133/163/13 1134/40/13 1136/58/13 1135/166/13
f 1139/161/21 1140/3/21 1138/6/21 1137/162/21
f 1137/162/2 1138/6/2 1134/37/2 1133/172/2
f 1135/167/62 1139/161/62 1137/162/62 1133/168/62
f 1140/3/3 1136/173/3 1134/174/3 1138/6/3
f 1106/175/62 1104/175/62 1109/175/62 1142/175/62
f 1108/175/3 1141/175/3 1111/175/3 1113/175/3
f 1144/175/2 1146/175/2 1145/175/2 1143/175/2
f 1143/175/62 1145/175/62 1151/175/62 1152/175/62 1147/175/62 1148/175/62
f 1145/175/13 1146/175/13 1154/175/13 1151/175/13
f 1146/175/3 1144/175/3 1149/175/3 1150/175/3 1153/175/3 1154/175/3
f 1150/175/1 1147/175/1 1152/175/1 1153/175/1
f 1149/175/254 1148/175/254 1147/175/254 1150/175/254
f 1153/175/257 1152/175/257 1151/175/257 1154/175/257
f 1144/175/21 1143/175/21 1148/175/21 1149/175/21
f 1155/163/13 1156/40/13 1158/58/13 1157/166/13
f 1161/442/2 1162/443/2 1159/6/2 1156/37/2 1155/172/2
f 1163/444/21 1160/3/21 1159/6/21 1162/443/21
f 1160/3/3 1158/173/3 1156/174/3 1159/6/3
f 1161/445/373 1164/446/373 1163/444/373 1162/443/373
f 1157/167/62 1164/446/62 1161/445/62 1155/168/62
f 1165/175/21 1173/175/21 1174/175/21 1171/175/21 1169/175/21 1167/175/21
f 1170/175/1 1169/175/1 1171/175/1 1172/175/1
f 1166/175/2 1176/175/2 1173/175/2 1165/175/2
f 1168/175/13 1166/175/13 1223/175/13 1224/175/13 1178/175/13
f 1168/175/3 1167/175/3 1169/175/3 1170/175/3
f 1175/175/13 1176/175/13 1166/175/13 1168/175/13 1170/175/13 1172/175/13
f 1175/175/374 1174/175/374 1173/175/374 1176/175/374
f 1174/175/62 1175/175/62 1172/175/62 1171/175/62
f 1165/175/21 1167/175/21 1177/175/21 1221/175/21 1222/175/21
f 1180/175/2 1179/175/2 1226/175/2 1227/175/2
f 1224/175/3 1221/175/3 1177/175/3 1178/175/3
f 1167/175/1 1168/175/1 1178/175/1 1177/175/1
f 1179/175/21 1187/175/21 1188/175/21 1185/175/21 1183/175/21 1181/175/21
f 1184/175/1 1183/175/1 1185/175/1 1186/175/1
f 1180/175/2 1190/175/2 1187/175/2 1179/175/2
f 1182/175/13 1180/175/13 1227/175/13 1228/175/13 1192/175/13
f 1182/175/3 1181/175/3 1183/175/3 1184/175/3
f 1189/175/13 1190/175/13 1180/175/13 1182/175/13 1184/175/13 1186/175/13
f 1189/175/374 1188/175/374 1187/175/374 1190/175/374
f 1188/175/62 1189/175/62 1186/175/62 1185/175/62
f 1179/175/21 1181/175/21 1191/175/21 1225/175/21 1226/175/21
f 1194/175/2 1193/175/2 1230/175/2 1231/175/2
f 1228/175/3 1225/175/3 1191/175/3 1192/175/3
f 1181/175/1 1182/175/1 1192/175/1 1191/175/1
f 1193/175/21 1201/175/21 1202/175/21 1199/175/21 1197/175/21 1195/175/21
f 1198/175/1 1197/175/1 1199/175/1 1200/175/1
f 1194/175/2 1204/175/2 1201/175/2 1193/175/2
f 1196/175/13 1194/175/13 1231/175/13 1232/175/13 1206/175/13
f 1196/175/3 1195/175/3 1197/175/3 1198/175/3
f 1203/175/13 1204/175/13 1194/175/13 1196/175/13 1198/175/13 1200/175/13
f 1203/175/374 1202/175/374 1201/175/374 1204/175/374
f 1202/175/62 1203/175/62 1200/175/62 1199/175/62
f 1193/175/21 1195/175/21 1205/175/21 1229/175/21 1230/175/21
f 1208/175/2 1207/175/2 1234/175/2 1235/175/2
f 1232/175/3 1229/175/3 1205/175/3 1206/175/3
f 1195/175/1 1196/175/1 1206/175/1 1205/175/1
f 1207/175/21 1215/175/21 1216/175/21 1213/175/21 1211/175/21 1209/175/21
f 1212/175/1 1211/175/1 1213/175/1 1214/175/1
f 1208/175/2 1218/175/2 1215/175/2 1207/175/2
f 1210/175/13 1208/175/13 1235/175/13 1236/175/13 1220/175/13
f 1210/175/3 1209/175/3 1211/175/3 1212/175/3
f 1217/175/13 1218/175/13 1208/175/13 1210/175/13 1212/175/13 1214/175/13
f 1217/175/374 1216/175/374 1215/175/374 1218/175/374
f 1216/175/62 1217/175/62 1214/175/62 1213/175/62
f 1207/175/21 1209/175/21 1219/175/21 1233/175/21 1234/175/21
f 1236/175/3 1233/175/3 1219/175/3 1220/175/3
f 1209/175/1 1210/175/1 1220/175/1 1219/175/1
f 1221/175/375 1224/175/375 1223/175/375 1222/175/375
f 1225/175/375 1228/175/375 1227/175/375 1226/175/375
f 1229/175/375 1232/175/375 1231/175/375 1230/175/375
f 1233/175/375 1236/175/375 1235/175/375 1234/175/375
f 1166/175/2 1165/175/2 1222/175/2 1223/175/2
f 1237/163/376 1238/40/376 1240/58/376 1239/166/376
f 1243/447/3 1251/448/3 1245/449/3 1242/450/3
f 1239/166/1 1240/58/1 1250/451/1 1252/452/1 1253/453/1 1254/454/1 1251/448/1 1243/447/1 1244/455/1
f 1241/456/2 1242/450/2 1245/449/2 1247/457/2 1248/458/2 1249/459/2 1246/460/2 1238/37/2 1237/172/2
f 1241/461/377 1244/462/377 1243/447/377 1242/450/377
f 1239/167/373 1244/462/373 1241/461/373 1237/168/373
f 1250/463/378 1246/464/378 1249/465/378 1252/466/378
f 1252/466/379 1249/465/379 1248/467/379 1253/468/379
f 1253/468/380 1248/467/380 1247/469/380 1254/470/380
f 1254/470/381 1247/469/381 1245/449/381 1251/448/381
f 1250/463/382 1240/173/382 1238/174/382 1246/464/382
f 1255/175/1 1257/175/1 1258/175/1 1256/175/1
f 1259/175/2 1260/175/2 1262/175/2 1261/175/2
f 1256/175/62 1258/175/62 1262/175/62 1260/175/62
f 1255/175/13 1256/175/13 1260/175/13 1259/175/13
f 1257/175/3 1255/175/3 1259/175/3 1261/175/3
f 1258/175/21 1257/175/21 1261/175/21 1262/175/21
f 1264/175/2 1266/175/2 1265/175/2 1263/175/2
f 1266/175/2 1268/175/2 1267/175/2 1265/175/2
f 1268/175/2 1270/175/2 1269/175/2 1267/175/2
f 1270/175/2 1272/175/2 1271/175/2 1269/175/2
f 1272/175/2 1274/175/2 1273/175/2 1271/175/2
f 1274/175/2 1276/175/2 1275/175/2 1273/175/2
f 1276/175/2 1278/175/2 1277/175/2 1275/175/2
f 1280/175/1 1279/175/1 1281/175/1 1282/175/1
f 1282/175/1 1281/175/1 1283/175/1 1284/175/1
f 1284/175/1 1283/175/1 1285/175/1 1286/175/1
f 1286/175/1 1285/175/1 1287/175/1 1288/175/1
f 1288/175/1 1287/175/1 1289/175/1 1290/175/1
f 1290/175/1 1289/175/1 1291/175/1 1292/175/1
f 1292/175/1 1291/175/1 1293/175/1 1294/175/1
f 1275/175/383 1277/175/383 1293/175/383 1291/175/383
f 1268/175/384 1266/175/384 1282/175/384 1284/175/384
f 1278/175/13 1276/175/13 1292/175/13 1294/175/13
f 1271/175/385 1273/175/385 1289/175/385 1287/175/385
f 1264/175/386 1263/175/386 1279/175/386 1280/175/386
f 1274/175/387 1272/175/387 1288/175/387 1290/175/387
f 1267/175/388 1269/175/388 1285/175/388 1283/175/388
f 1270/175/389 1268/175/389 1284/175/389 1286/175/389
f 1263/175/390 1265/175/390 1281/175/390 1279/175/390
f 1273/175/391 1275/175/391 1291/175/391 1289/175/391
f 1266/175/392 1264/175/392 1280/175/392 1282/175/392
f 1276/175/13 1274/175/13 1290/175/13 1292/175/13
f 1269/175/393 1271/175/393 1287/175/393 1285/175/393
f 1277/175/62 1278/175/62 1294/175/62 1293/175/62
f 1272/175/394 1270/175/394 1286/175/394 1288/175/394
f 1265/175/395 1267/175/395 1283/175/395 1281/175/395
f 1298/175/2 1299/175/2 1314/175/2 1297/175/2 1295/175/2 1306/175/2 1309/175/2 1308/175/2 1307/175/2 1301/175/2 1305/175/2 1304/175/2 1303/175/2 1302/175/2 1300/175/2 1296/175/2
f 1295/175/21 1109/175/21 1103/175/21 1306/175/21
f 1314/175/13 1111/175/13 1142/175/13 1297/175/13
f 1298/175/369 1112/175/369 1113/175/369 1299/175/369
f 1296/175/13 1110/175/13 1112/175/13 1298/175/13
f 1305/175/370 1132/175/370 1131/175/370 1304/175/370
f 1306/175/3 1103/175/3 1127/175/3 1309/175/3
f 1309/175/371 1127/175/371 1126/175/371 1308/175/371
f 1308/175/21 1126/175/21 1125/175/21 1307/175/21
f 1303/175/372 1130/175/372 1129/175/372 1302/175/372
f 1307/175/3 1125/175/3 1128/175/3 1301/175/3
f 1301/175/13 1128/175/13 1132/175/13 1305/175/13
f 1304/175/3 1131/175/3 1130/175/3 1303/175/3
f 1302/175/21 1129/175/21 1114/175/21 1300/175/21
f 1300/175/3 1114/175/3 1110/175/3 1296/175/3
f 1310/163/13 1135/166/13 1136/58/13 1311/40/13
f 1139/161/21 1312/162/21 1313/6/21 1140/3/21
f 1312/162/1 1310/172/1 1311/37/1 1313/6/1
f 1135/167/62 1310/168/62 1312/162/62 1139/161/62
f 1140/3/3 1313/6/3 1311/174/3 1136/173/3
f 1297/175/62 1142/175/62 1109/175/62 1295/175/62
f 1299/175/3 1113/175/3 1111/175/3 1314/175/3
f 1316/175/1 1315/175/1 1317/175/1 1318/175/1
f 1315/175/62 1320/175/62 1319/175/62 1324/175/62 1323/175/62 1317/175/62
f 1317/175/13 1323/175/13 1326/175/13 1318/175/13
f 1318/175/3 1326/175/3 1325/175/3 1322/175/3 1321/175/3 1316/175/3
f 1322/175/2 1325/175/2 1324/175/2 1319/175/2
f 1321/175/281 1322/175/281 1319/175/281 1320/175/281
f 1325/175/278 1326/175/278 1323/175/278 1324/175/278
f 1316/175/21 1321/175/21 1320/175/21 1315/175/21
f 1327/163/13 1157/166/13 1158/58/13 1328/40/13
f 1330/442/1 1327/172/1 1328/37/1 1329/6/1 1331/443/1
f 1163/444/21 1331/443/21 1329/6/21 1160/3/21
f 1160/3/3 1329/6/3 1328/174/3 1158/173/3
f 1330/445/373 1331/443/373 1163/444/373 1164/446/373
f 1157/167/62 1327/168/62 1330/445/62 1164/446/62
f 1332/175/21 1334/175/21 1169/175/21 1171/175/21 1337/175/21 1336/175/21
f 1333/175/1 1332/175/1 1336/175/1 1339/175/1
f 1335/175/13 1341/175/13 1375/175/13 1374/175/13 1333/175/13
f 1335/175/3 1170/175/3 1169/175/3 1334/175/3
f 1338/175/13 1172/175/13 1170/175/13 1335/175/13 1333/175/13 1339/175/13
f 1338/175/396 1339/175/396 1336/175/396 1337/175/396
f 1337/175/62 1171/175/62 1172/175/62 1338/175/62
f 1332/175/21 1373/175/21 1372/175/21 1340/175/21 1334/175/21
f 1343/175/1 1378/175/1 1377/175/1 1342/175/1
f 1375/175/3 1341/175/3 1340/175/3 1372/175/3
f 1334/175/2 1340/175/2 1341/175/2 1335/175/2
f 1342/175/21 1344/175/21 1183/175/21 1185/175/21 1347/175/21 1346/175/21
f 1343/175/1 1342/175/1 1346/175/1 1349/175/1
f 1345/175/13 1351/175/13 1379/175/13 1378/175/13 1343/175/13
f 1345/175/3 1184/175/3 1183/175/3 1344/175/3
f 1348/175/13 1186/175/13 1184/175/13 1345/175/13 1343/175/13 1349/175/13
f 1348/175/396 1349/175/396 1346/175/396 1347/175/396
f 1347/175/62 1185/175/62 1186/175/62 1348/175/62
f 1342/175/21 1377/175/21 1376/175/21 1350/175/21 1344/175/21
f 1353/175/1 1382/175/1 1381/175/1 1352/175/1
f 1379/175/3 1351/175/3 1350/175/3 1376/175/3
f 1344/175/2 1350/175/2 1351/175/2 1345/175/2
f 1352/175/21 1354/175/21 1197/175/21 1199/175/21 1357/175/21 1356/175/21
f 1353/175/1 1352/175/1 1356/175/1 1359/175/1
f 1355/175/13 1361/175/13 1383/175/13 1382/175/13 1353/175/13
f 1355/175/3 1198/175/3 1197/175/3 1354/175/3
f 1358/175/13 1200/175/13 1198/175/13 1355/175/13 1353/175/13 1359/175/13
f 1358/175/396 1359/175/396 1356/175/396 1357/175/396
f 1357/175/62 1199/175/62 1200/175/62 1358/175/62
f 1352/175/21 1381/175/21 1380/175/21 1360/175/21 1354/175/21
f 1363/175/1 1386/175/1 1385/175/1 1362/175/1
f 1383/175/3 1361/175/3 1360/175/3 1380/175/3
f 1354/175/2 1360/175/2 1361/175/2 1355/175/2
f 1362/175/21 1364/175/21 1211/175/21 1213/175/21 1367/175/21 1366/175/21
f 1363/175/1 1362/175/1 1366/175/1 1369/175/1
f 1365/175/13 1371/175/13 1387/175/13 1386/175/13 1363/175/13
f 1365/175/3 1212/175/3 1211/175/3 1364/175/3
f 1368/175/13 1214/175/13 1212/175/13 1365/175/13 1363/175/13 1369/175/13
f 1368/175/396 1369/175/396 1366/175/396 1367/175/396
f 1367/175/62 1213/175/62 1214/175/62 1368/175/62
f 1362/175/21 1385/175/21 1384/175/21 1370/175/21 1364/175/21
f 1387/175/3 1371/175/3 1370/175/3 1384/175/3
f 1364/175/2 1370/175/2 1371/175/2 1365/175/2
f 1372/175/397 1373/175/397 1374/175/397 1375/175/397
f 1376/175/397 1377/175/397 1378/175/397 1379/175/397
f 1380/175/397 1381/175/397 1382/175/397 1383/175/397
f 1384/175/397 1385/175/397 1386/175/397 1387/175/397
f 1333/175/1 1374/175/1 1373/175/1 1332/175/1
f 1388/163/376 1239/166/376 1240/58/376 1389/40/376
f 1243/447/3 1391/450/3 1392/449/3 1251/448/3
f 1390/456/1 1388/172/1 1389/37/1 1393/460/1 1396/459/1 1395/458/1 1394/457/1 1392/449/1 1391/450/1
f 1390/461/377 1391/450/377 1243/447/377 1244/462/377
f 1239/167/373 1388/168/373 1390/461/373 1244/462/373
f 1250/463/378 1252/466/378 1396/465/378 1393/464/378
f 1252/466/379 1253/468/379 1395/467/379 1396/465/379
f 1253/468/380 1254/470/380 1394/469/380 1395/467/380
f 1254/470/381 1251/448/381 1392/449/381 1394/469/381
f 1250/463/382 1393/464/382 1389/174/382 1240/173/382
f 1397/175/2 1398/175/2 1400/175/2 1399/175/2
f 1401/175/1 1403/175/1 1404/175/1 1402/175/1
f 1398/175/62 1402/175/62 1404/175/62 1400/175/62
f 1397/175/13 1401/175/13 1402/175/13 1398/175/13
f 1399/175/3 1403/175/3 1401/175/3 1397/175/3
f 1400/175/21 1404/175/21 1403/175/21 1399/175/21
f 1406/175/1 1405/175/1 1407/175/1 1408/175/1
f 1408/175/1 1407/175/1 1409/175/1 1410/175/1
f 1410/175/1 1409/175/1 1411/175/1 1412/175/1
f 1412/175/1 1411/175/1 1413/175/1 1414/175/1
f 1414/175/1 1413/175/1 1415/175/1 1416/175/1
f 1416/175/1 1415/175/1 1417/175/1 1418/175/1
f 1418/175/1 1417/175/1 1419/175/1 1420/175/1
f 1422/175/2 1424/175/2 1423/175/2 1421/175/2
f 1424/175/2 1426/175/2 1425/175/2 1423/175/2
f 1426/175/2 1428/175/2 1427/175/2 1425/175/2
f 1428/175/2 1430/175/2 1429/175/2 1427/175/2
f 1430/175/2 1432/175/2 1431/175/2 1429/175/2
f 1432/175/2 1434/175/2 1433/175/2 1431/175/2
f 1434/175/2 1436/175/2 1435/175/2 1433/175/2
f 1417/175/383 1433/175/383 1435/175/383 1419/175/383
f 1410/175/384 1426/175/384 1424/175/384 1408/175/384
f 1420/175/13 1436/175/13 1434/175/13 1418/175/13
f 1413/175/385 1429/175/385 1431/175/385 1415/175/385
f 1406/175/386 1422/175/386 1421/175/386 1405/175/386
f 1416/175/387 1432/175/387 1430/175/387 1414/175/387
f 1409/175/388 1425/175/388 1427/175/388 1411/175/388
f 1412/175/389 1428/175/389 1426/175/389 1410/175/389
f 1405/175/390 1421/175/390 1423/175/390 1407/175/390
f 1415/175/391 1431/175/391 1433/175/391 1417/175/391
f 1408/175/392 1424/175/392 1422/175/392 1406/175/392
f 1418/175/13 1434/175/13 1432/175/13 1416/175/13
f 1411/175/393 1427/175/393 1429/175/393 1413/175/393
f 1419/175/62 1435/175/62 1436/175/62 1420/175/62
f 1414/175/394 1430/175/394 1428/175/394 1412/175/394
f 1407/175/395 1423/175/395 1425/175/395 1409/175/395
f 1458/175/1 1457/175/1 1483/175/1 1484/175/1
f 1451/175/1 1450/175/1 1476/175/1 1477/175/1
f 1444/175/1 1443/175/1 1469/175/1 1470/175/1
f 1459/175/1 1458/175/1 1484/175/1 1485/175/1
f 1452/175/1 1451/175/1 1477/175/1 1478/175/1
f 1445/175/1 1444/175/1 1470/175/1 1471/175/1
f 1460/175/1 1459/175/1 1485/175/1 1486/175/1
f 1438/175/1 1437/175/1 1463/175/1 1464/175/1
f 1453/175/1 1452/175/1 1478/175/1 1479/175/1
f 1446/175/1 1445/175/1 1471/175/1 1472/175/1
f 1461/175/1 1460/175/1 1486/175/1 1487/175/1
f 1439/175/1 1438/175/1 1464/175/1 1465/175/1
f 1454/175/1 1453/175/1 1479/175/1 1480/175/1
f 1447/175/1 1446/175/1 1472/175/1 1473/175/1
f 1462/175/1 1461/175/1 1487/175/1 1488/175/1
f 1440/175/1 1439/175/1 1465/175/1 1466/175/1
f 1455/175/1 1454/175/1 1480/175/1 1481/175/1
f 1448/175/1 1447/175/1 1473/175/1 1474/175/1
f 1437/175/1 1462/175/1 1488/175/1 1463/175/1
f 1441/175/1 1440/175/1 1466/175/1 1467/175/1
f 1456/175/1 1455/175/1 1481/175/1 1482/175/1
f 1449/175/1 1448/175/1 1474/175/1 1475/175/1
f 1442/175/1 1441/175/1 1467/175/1 1468/175/1
f 1457/175/1 1456/175/1 1482/175/1 1483/175/1
f 1450/175/1 1449/175/1 1475/175/1 1476/175/1
f 1443/175/1 1442/175/1 1468/175/1 1469/175/1
f 1473/175/398 1472/175/398 1524/175/398 1525/175/398
f 1488/175/399 1487/175/399 1539/175/399 1540/175/399
f 1466/175/400 1465/175/400 1517/175/400 1518/175/400
f 1481/175/401 1480/175/401 1532/175/401 1533/175/401
f 1474/175/402 1473/175/402 1525/175/402 1526/175/402
f 1463/175/403 1488/175/403 1540/175/403 1516/175/403
f 1467/175/404 1466/175/404 1518/175/404 1519/175/404
f 1482/175/405 1481/175/405 1533/175/405 1534/175/405
f 1475/175/406 1474/175/406 1526/175/406 1527/175/406
f 1468/175/407 1467/175/407 1519/175/407 1520/175/407
f 1483/175/408 1482/175/408 1534/175/408 1535/175/408
f 1476/175/409 1475/175/409 1527/175/409 1528/175/409
f 1469/175/410 1468/175/410 1520/175/410 1521/175/410
f 1484/175/411 1483/175/411 1535/175/411 1536/175/411
f 1477/175/412 1476/175/412 1528/175/412 1529/175/412
f 1470/175/413 1469/175/413 1521/175/413 1522/175/413
f 1485/175/414 1484/175/414 1536/175/414 1537/175/414
f 1478/175/415 1477/175/415 1529/175/415 1530/175/415
f 1471/175/416 1470/175/416 1522/175/416 1523/175/416
f 1486/175/417 1485/175/417 1537/175/417 1538/175/417
f 1464/175/418 1463/175/418 1516/175/418 1515/175/418
f 1479/175/419 1478/175/419 1530/175/419 1531/175/419
f 1472/175/420 1471/175/420 1523/175/420 1524/175/420
f 1487/175/421 1486/175/421 1538/175/421 1539/175/421
f 1465/175/422 1464/175/422 1515/175/422 1517/175/422
f 1480/175/423 1479/175/423 1531/175/423 1532/175/423
f 1496/175/21 1495/175/21 1547/175/21 1548/175/21
f 1489/175/1 1490/175/1 1515/175/1 1516/175/1
f 1490/175/1 1491/175/1 1517/175/1 1515/175/1
f 1491/175/1 1492/175/1 1518/175/1 1517/175/1
f 1492/175/1 1493/175/1 1519/175/1 1518/175/1
f 1493/175/1 1494/175/1 1520/175/1 1519/175/1
f 1494/175/1 1495/175/1 1521/175/1 1520/175/1
f 1495/175/1 1496/175/1 1522/175/1 1521/175/1
f 1496/175/1 1497/175/1 1523/175/1 1522/175/1
f 1497/175/1 1498/175/1 1524/175/1 1523/175/1
f 1498/175/1 1499/175/1 1525/175/1 1524/175/1
f 1499/175/1 1500/175/1 1526/175/1 1525/175/1
f 1500/175/1 1501/175/1 1527/175/1 1526/175/1
f 1501/175/1 1502/175/1 1528/175/1 1527/175/1
f 1502/175/1 1503/175/1 1529/175/1 1528/175/1
f 1503/175/1 1504/175/1 1530/175/1 1529/175/1
f 1504/175/1 1505/175/1 1531/175/1 1530/175/1
f 1505/175/1 1506/175/1 1532/175/1 1531/175/1
f 1506/175/1 1507/175/1 1533/175/1 1532/175/1
f 1507/175/1 1508/175/1 1534/175/1 1533/175/1
f 1508/175/1 1509/175/1 1535/175/1 1534/175/1
f 1509/175/1 1510/175/1 1536/175/1 1535/175/1
f 1510/175/1 1511/175/1 1537/175/1 1536/175/1
f 1511/175/1 1512/175/1 1538/175/1 1537/175/1
f 1512/175/1 1513/175/1 1539/175/1 1538/175/1
f 1513/175/1 1514/175/1 1540/175/1 1539/175/1
f 1514/175/1 1489/175/1 1516/175/1 1540/175/1
f 1541/175/1 1542/175/1 1566/175/1 1565/175/1 1564/175/1 1563/175/1 1562/175/1 1561/175/1 1560/175/1 1559/175/1 1558/175/1 1557/175/1 1556/175/1 1555/175/1 1554/175/1 1553/175/1 1552/175/1 1551/175/1 1550/175/1 1549/175/1 1548/175/1 1547/175/1 1546/175/1 1545/175/1 1544/175/1 1543/175/1
f 1511/175/424 1510/175/424 1562/175/424 1563/175/424
f 1504/175/425 1503/175/425 1555/175/425 1556/175/425
f 1497/175/426 1496/175/426 1548/175/426 1549/175/426
f 1512/175/427 1511/175/427 1563/175/427 1564/175/427
f 1490/175/428 1489/175/428 1542/175/428 1541/175/428
f 1505/175/429 1504/175/429 1556/175/429 1557/175/429
f 1498/175/430 1497/175/430 1549/175/430 1550/175/430
f 1513/175/431 1512/175/431 1564/175/431 1565/175/431
f 1491/175/432 1490/175/432 1541/175/432 1543/175/432
f 1506/175/433 1505/175/433 1557/175/433 1558/175/433
f 1499/175/434 1498/175/434 1550/175/434 1551/175/434
f 1514/175/435 1513/175/435 1565/175/435 1566/175/435
f 1492/175/436 1491/175/436 1543/175/436 1544/175/436
f 1507/175/437 1506/175/437 1558/175/437 1559/175/437
f 1500/175/438 1499/175/438 1551/175/438 1552/175/438
f 1489/175/439 1514/175/439 1566/175/439 1542/175/439
f 1493/175/440 1492/175/440 1544/175/440 1545/175/440
f 1508/175/441 1507/175/441 1559/175/441 1560/175/441
f 1501/175/442 1500/175/442 1552/175/442 1553/175/442
f 1494/175/443 1493/175/443 1545/175/443 1546/175/443
f 1509/175/13 1508/175/13 1560/175/13 1561/175/13
f 1502/175/444 1501/175/444 1553/175/444 1554/175/444
f 1495/175/445 1494/175/445 1546/175/445 1547/175/445
f 1510/175/446 1509/175/446 1561/175/446 1562/175/446
f 1503/175/447 1502/175/447 1554/175/447 1555/175/447
f 1449/175/444 1450/175/444 1580/175/444 1579/175/444
f 1442/175/445 1443/175/445 1573/175/445 1572/175/445
f 1457/175/446 1458/175/446 1588/175/446 1587/175/446
f 1450/175/447 1451/175/447 1581/175/447 1580/175/447
f 1443/175/21 1444/175/21 1574/175/21 1573/175/21
f 1458/175/424 1459/175/424 1589/175/424 1588/175/424
f 1451/175/425 1452/175/425 1582/175/425 1581/175/425
f 1444/175/426 1445/175/426 1575/175/426 1574/175/426
f 1459/175/427 1460/175/427 1590/175/427 1589/175/427
f 1437/175/428 1438/175/428 1568/175/428 1567/175/428
f 1452/175/429 1453/175/429 1583/175/429 1582/175/429
f 1445/175/430 1446/175/430 1576/175/430 1575/175/430
f 1460/175/431 1461/175/431 1591/175/431 1590/175/431
f 1438/175/432 1439/175/432 1569/175/432 1568/175/432
f 1453/175/433 1454/175/433 1584/175/433 1583/175/433
f 1446/175/434 1447/175/434 1577/175/434 1576/175/434
f 1461/175/435 1462/175/435 1592/175/435 1591/175/435
f 1439/175/436 1440/175/436 1570/175/436 1569/175/436
f 1454/175/437 1455/175/437 1585/175/437 1584/175/437
f 1447/175/438 1448/175/438 1578/175/438 1577/175/438
f 1462/175/439 1437/175/439 1567/175/439 1592/175/439
f 1440/175/440 1441/175/440 1571/175/440 1570/175/440
f 1455/175/441 1456/175/441 1586/175/441 1585/175/441
f 1448/175/442 1449/175/442 1579/175/442 1578/175/442
f 1441/175/443 1442/175/443 1572/175/443 1571/175/443
f 1456/175/13 1457/175/13 1587/175/13 1586/175/13
f 1568/175/2 1569/175/2 1570/175/2 1571/175/2 1572/175/2 1573/175/2 1574/175/2 1575/175/2 1576/175/2 1577/175/2 1578/175/2 1579/175/2 1580/175/2 1581/175/2 1582/175/2 1583/175/2 1584/175/2 1585/175/2 1586/175/2 1587/175/2 1588/175/2 1589/175/2 1590/175/2 1591/175/2 1592/175/2 1567/175/2
f 1614/175/1 1613/175/1 1639/175/1 1640/175/1
f 1607/175/1 1606/175/1 1632/175/1 1633/175/1
f 1600/175/1 1599/175/1 1625/175/1 1626/175/1
f 1615/175/1 1614/175/1 1640/175/1 1641/175/1
f 1608/175/1 1607/175/1 1633/175/1 1634/175/1
f 1601/175/1 1600/175/1 1626/175/1 1627/175/1
f 1616/175/1 1615/175/1 1641/175/1 1642/175/1
f 1594/175/1 1593/175/1 1619/175/1 1620/175/1
f 1609/175/1 1608/175/1 1634/175/1 1635/175/1
f 1602/175/1 1601/175/1 1627/175/1 1628/175/1
f 1617/175/1 1616/175/1 1642/175/1 1643/175/1
f 1595/175/1 1594/175/1 1620/175/1 1621/175/1
f 1610/175/1 1609/175/1 1635/175/1 1636/175/1
f 1603/175/1 1602/175/1 1628/175/1 1629/175/1
f 1618/175/1 1617/175/1 1643/175/1 1644/175/1
f 1596/175/1 1595/175/1 1621/175/1 1622/175/1
f 1611/175/1 1610/175/1 1636/175/1 1637/175/1
f 1604/175/1 1603/175/1 1629/175/1 1630/175/1
f 1593/175/1 1618/175/1 1644/175/1 1619/175/1
f 1597/175/1 1596/175/1 1622/175/1 1623/175/1
f 1612/175/1 1611/175/1 1637/175/1 1638/175/1
f 1605/175/1 1604/175/1 1630/175/1 1631/175/1
f 1598/175/1 1597/175/1 1623/175/1 1624/175/1
f 1613/175/1 1612/175/1 1638/175/1 1639/175/1
f 1606/175/1 1605/175/1 1631/175/1 1632/175/1
f 1599/175/1 1598/175/1 1624/175/1 1625/175/1
f 1629/175/398 1628/175/398 1680/175/398 1681/175/398
f 1644/175/399 1643/175/399 1695/175/399 1696/175/399
f 1622/175/448 1621/175/448 1673/175/448 1674/175/448
f 1637/175/401 1636/175/401 1688/175/401 1689/175/401
f 1630/175/402 1629/175/402 1681/175/402 1682/175/402
f 1619/175/403 1644/175/403 1696/175/403 1672/175/403
f 1623/175/404 1622/175/404 1674/175/404 1675/175/404
f 1638/175/405 1637/175/405 1689/175/405 1690/175/405
f 1631/175/406 1630/175/406 1682/175/406 1683/175/406
f 1624/175/407 1623/175/407 1675/175/407 1676/175/407
f 1639/175/408 1638/175/408 1690/175/408 1691/175/408
f 1632/175/409 1631/175/409 1683/175/409 1684/175/409
f 1625/175/410 1624/175/410 1676/175/410 1677/175/410
f 1640/175/411 1639/175/411 1691/175/411 1692/175/411
f 1633/175/412 1632/175/412 1684/175/412 1685/175/412
f 1626/175/413 1625/175/413 1677/175/413 1678/175/413
f 1641/175/414 1640/175/414 1692/175/414 1693/175/414
f 1634/175/415 1633/175/415 1685/175/415 1686/175/415
f 1627/175/416 1626/175/416 1678/175/416 1679/175/416
f 1642/175/417 1641/175/417 1693/175/417 1694/175/417
f 1620/175/418 1619/175/418 1672/175/418 1671/175/418
f 1635/175/419 1634/175/419 1686/175/419 1687/175/419
f 1628/175/420 1627/175/420 1679/175/420 1680/175/420
f 1643/175/421 1642/175/421 1694/175/421 1695/175/421
f 1621/175/422 1620/175/422 1671/175/422 1673/175/422
f 1636/175/423 1635/175/423 1687/175/423 1688/175/423
f 1652/175/21 1651/175/21 1703/175/21 1704/175/21
f 1645/175/1 1646/175/1 1671/175/1 1672/175/1
f 1646/175/1 1647/175/1 1673/175/1 1671/175/1
f 1647/175/1 1648/175/1 1674/175/1 1673/175/1
f 1648/175/1 1649/175/1 1675/175/1 1674/175/1
f 1649/175/1 1650/175/1 1676/175/1 1675/175/1
f 1650/175/1 1651/175/1 1677/175/1 1676/175/1
f 1651/175/1 1652/175/1 1678/175/1 1677/175/1
f 1652/175/1 1653/175/1 1679/175/1 1678/175/1
f 1653/175/1 1654/175/1 1680/175/1 1679/175/1
f 1654/175/1 1655/175/1 1681/175/1 1680/175/1
f 1655/175/1 1656/175/1 1682/175/1 1681/175/1
f 1656/175/1 1657/175/1 1683/175/1 1682/175/1
f 1657/175/1 1658/175/1 1684/175/1 1683/175/1
f 1658/175/1 1659/175/1 1685/175/1 1684/175/1
f 1659/175/1 1660/175/1 1686/175/1 1685/175/1
f 1660/175/1 1661/175/1 1687/175/1 1686/175/1
f 1661/175/1 1662/175/1 1688/175/1 1687/175/1
f 1662/175/1 1663/175/1 1689/175/1 1688/175/1
f 1663/175/1 1664/175/1 1690/175/1 1689/175/1
f 1664/175/1 1665/175/1 1691/175/1 1690/175/1
f 1665/175/1 1666/175/1 1692/175/1 1691/175/1
f 1666/175/1 1667/175/1 1693/175/1 1692/175/1
f 1667/175/1 1668/175/1 1694/175/1 1693/175/1
f 1668/175/1 1669/175/1 1695/175/1 1694/175/1
f 1669/175/1 1670/175/1 1696/175/1 1695/175/1
f 1670/175/1 1645/175/1 1672/175/1 1696/175/1
f 1697/175/1 1698/175/1 1722/175/1 1721/175/1 1720/175/1 1719/175/1 1718/175/1 1717/175/1 1716/175/1 1715/175/1 1714/175/1 1713/175/1 1712/175/1 1711/175/1 1710/175/1 1709/175/1 1708/175/1 1707/175/1 1706/175/1 1705/175/1 1704/175/1 1703/175/1 1702/175/1 1701/175/1 1700/175/1 1699/175/1
f 1667/175/424 1666/175/424 1718/175/424 1719/175/424
f 1660/175/425 1659/175/425 1711/175/425 1712/175/425
f 1653/175/426 1652/175/426 1704/175/426 1705/175/426
f 1668/175/427 1667/175/427 1719/175/427 1720/175/427
f 1646/175/428 1645/175/428 1698/175/428 1697/175/428
f 1661/175/429 1660/175/429 1712/175/429 1713/175/429
f 1654/175/430 1653/175/430 1705/175/430 1706/175/430
f 1669/175/431 1668/175/431 1720/175/431 1721/175/431
f 1647/175/432 1646/175/432 1697/175/432 1699/175/432
f 1662/175/433 1661/175/433 1713/175/433 1714/175/433
f 1655/175/434 1654/175/434 1706/175/434 1707/175/434
f 1670/175/435 1669/175/435 1721/175/435 1722/175/435
f 1648/175/436 1647/175/436 1699/175/436 1700/175/436
f 1663/175/437 1662/175/437 1714/175/437 1715/175/437
f 1656/175/438 1655/175/438 1707/175/438 1708/175/438
f 1645/175/439 1670/175/439 1722/175/439 1698/175/439
f 1649/175/440 1648/175/440 1700/175/440 1701/175/440
f 1664/175/441 1663/175/441 1715/175/441 1716/175/441
f 1657/175/442 1656/175/442 1708/175/442 1709/175/442
f 1650/175/443 1649/175/443 1701/175/443 1702/175/443
f 1665/175/13 1664/175/13 1716/175/13 1717/175/13
f 1658/175/444 1657/175/444 1709/175/444 1710/175/444
f 1651/175/445 1650/175/445 1702/175/445 1703/175/445
f 1666/175/446 1665/175/446 1717/175/446 1718/175/446
f 1659/175/447 1658/175/447 1710/175/447 1711/175/447
f 1605/175/444 1606/175/444 1736/175/444 1735/175/444
f 1598/175/445 1599/175/445 1729/175/445 1728/175/445
f 1613/175/446 1614/175/446 1744/175/446 1743/175/446
f 1606/175/447 1607/175/447 1737/175/447 1736/175/447
f 1599/175/21 1600/175/21 1730/175/21 1729/175/21
f 1614/175/424 1615/175/424 1745/175/424 1744/175/424
f 1607/175/425 1608/175/425 1738/175/425 1737/175/425
f 1600/175/426 1601/175/426 1731/175/426 1730/175/426
f 1615/175/427 1616/175/427 1746/175/427 1745/175/427
f 1593/175/428 1594/175/428 1724/175/428 1723/175/428
f 1608/175/429 1609/175/429 1739/175/429 1738/175/429
f 1601/175/430 1602/175/430 1732/175/430 1731/175/430
f 1616/175/431 1617/175/431 1747/175/431 1746/175/431
f 1594/175/432 1595/175/432 1725/175/432 1724/175/432
f 1609/175/433 1610/175/433 1740/175/433 1739/175/433
f 1602/175/434 1603/175/434 1733/175/434 1732/175/434
f 1617/175/435 1618/175/435 1748/175/435 1747/175/435
f 1595/175/436 1596/175/436 1726/175/436 1725/175/436
f 1610/175/437 1611/175/437 1741/175/437 1740/175/437
f 1603/175/438 1604/175/438 1734/175/438 1733/175/438
f 1618/175/439 1593/175/439 1723/175/439 1748/175/439
f 1596/175/440 1597/175/440 1727/175/440 1726/175/440
f 1611/175/441 1612/175/441 1742/175/441 1741/175/441
f 1604/175/442 1605/175/442 1735/175/442 1734/175/442
f 1597/175/443 1598/175/443 1728/175/443 1727/175/443
f 1612/175/13 1613/175/13 1743/175/13 1742/175/13
f 1724/175/2 1725/175/2 1726/175/2 1727/175/2 1728/175/2 1729/175/2 1730/175/2 1731/175/2 1732/175/2 1733/175/2 1734/175/2 1735/175/2 1736/175/2 1737/175/2 1738/175/2 1739/175/2 1740/175/2 1741/175/2 1742/175/2 1743/175/2 1744/175/2 1745/175/2 1746/175/2 1747/175/2 1748/175/2 1723/175/2
f 1770/175/1 1769/175/1 1795/175/1 1796/175/1
f 1763/175/1 1762/175/1 1788/175/1 1789/175/1
f 1756/175/1 1755/175/1 1781/175/1 1782/175/1
f 1771/175/1 1770/175/1 1796/175/1 1797/175/1
f 1764/175/1 1763/175/1 1789/175/1 1790/175/1
f 1757/175/1 1756/175/1 1782/175/1 1783/175/1
f 1772/175/1 1771/175/1 1797/175/1 1798/175/1
f 1750/175/1 1749/175/1 1775/175/1 1776/175/1
f 1765/175/1 1764/175/1 1790/175/1 1791/175/1
f 1758/175/1 1757/175/1 1783/175/1 1784/175/1
f 1773/175/1 1772/175/1 1798/175/1 1799/175/1
f 1751/175/1 1750/175/1 1776/175/1 1777/175/1
f 1766/175/1 1765/175/1 1791/175/1 1792/175/1
f 1759/175/1 1758/175/1 1784/175/1 1785/175/1
f 1774/175/1 1773/175/1 1799/175/1 1800/175/1
f 1752/175/1 1751/175/1 1777/175/1 1778/175/1
f 1767/175/1 1766/175/1 1792/175/1 1793/175/1
f 1760/175/1 1759/175/1 1785/175/1 1786/175/1
f 1749/175/1 1774/175/1 1800/175/1 1775/175/1
f 1753/175/1 1752/175/1 1778/175/1 1779/175/1
f 1768/175/1 1767/175/1 1793/175/1 1794/175/1
f 1761/175/1 1760/175/1 1786/175/1 1787/175/1
f 1754/175/1 1753/175/1 1779/175/1 1780/175/1
f 1769/175/1 1768/175/1 1794/175/1 1795/175/1
f 1762/175/1 1761/175/1 1787/175/1 1788/175/1
f 1755/175/1 1754/175/1 1780/175/1 1781/175/1
f 1785/175/398 1784/175/398 1836/175/398 1837/175/398
f 1800/175/399 1799/175/399 1851/175/399 1852/175/399
f 1778/175/448 1777/175/448 1829/175/448 1830/175/448
f 1793/175/401 1792/175/401 1844/175/401 1845/175/401
f 1786/175/402 1785/175/402 1837/175/402 1838/175/402
f 1775/175/403 1800/175/403 1852/175/403 1828/175/403
f 1779/175/404 1778/175/404 1830/175/404 1831/175/404
f 1794/175/405 1793/175/405 1845/175/405 1846/175/405
f 1787/175/406 1786/175/406 1838/175/406 1839/175/406
f 1780/175/407 1779/175/407 1831/175/407 1832/175/407
f 1795/175/408 1794/175/408 1846/175/408 1847/175/408
f 1788/175/409 1787/175/409 1839/175/409 1840/175/409
f 1781/175/410 1780/175/410 1832/175/410 1833/175/410
f 1796/175/411 1795/175/411 1847/175/411 1848/175/411
f 1789/175/412 1788/175/412 1840/175/412 1841/175/412
f 1782/175/413 1781/175/413 1833/175/413 1834/175/413
f 1797/175/414 1796/175/414 1848/175/414 1849/175/414
f 1790/175/449 1789/175/449 1841/175/449 1842/175/449
f 1783/175/416 1782/175/416 1834/175/416 1835/175/416
f 1798/175/417 1797/175/417 1849/175/417 1850/175/417
f 1776/175/418 1775/175/418 1828/175/418 1827/175/418
f 1791/175/419 1790/175/419 1842/175/419 1843/175/419
f 1784/175/420 1783/175/420 1835/175/420 1836/175/420
f 1799/175/421 1798/175/421 1850/175/421 1851/175/421
f 1777/175/450 1776/175/450 1827/175/450 1829/175/450
f 1792/175/423 1791/175/423 1843/175/423 1844/175/423
f 1808/175/21 1807/175/21 1859/175/21 1860/175/21
f 1801/175/1 1802/175/1 1827/175/1 1828/175/1
f 1802/175/1 1803/175/1 1829/175/1 1827/175/1
f 1803/175/1 1804/175/1 1830/175/1 1829/175/1
f 1804/175/1 1805/175/1 1831/175/1 1830/175/1
f 1805/175/1 1806/175/1 1832/175/1 1831/175/1
f 1806/175/1 1807/175/1 1833/175/1 1832/175/1
f 1807/175/1 1808/175/1 1834/175/1 1833/175/1
f 1808/175/1 1809/175/1 1835/175/1 1834/175/1
f 1809/175/1 1810/175/1 1836/175/1 1835/175/1
f 1810/175/1 1811/175/1 1837/175/1 1836/175/1
f 1811/175/1 1812/175/1 1838/175/1 1837/175/1
f 1812/175/1 1813/175/1 1839/175/1 1838/175/1
f 1813/175/1 1814/175/1 1840/175/1 1839/175/1
f 1814/175/1 1815/175/1 1841/175/1 1840/175/1
f 1815/175/1 1816/175/1 1842/175/1 1841/175/1
f 1816/175/1 1817/175/1 1843/175/1 1842/175/1
f 1817/175/1 1818/175/1 1844/175/1 1843/175/1
f 1818/175/1 1819/175/1 1845/175/1 1844/175/1
f 1819/175/1 1820/175/1 1846/175/1 1845/175/1
f 1820/175/1 1821/175/1 1847/175/1 1846/175/1
f 1821/175/1 1822/175/1 1848/175/1 1847/175/1
f 1822/175/1 1823/175/1 1849/175/1 1848/175/1
f 1823/175/1 1824/175/1 1850/175/1 1849/175/1
f 1824/175/1 1825/175/1 1851/175/1 1850/175/1
f 1825/175/1 1826/175/1 1852/175/1 1851/175/1
f 1826/175/1 1801/175/1 1828/175/1 1852/175/1
f 1853/175/1 1854/175/1 1878/175/1 1877/175/1 1876/175/1 1875/175/1 1874/175/1 1873/175/1 1872/175/1 1871/175/1 1870/175/1 1869/175/1 1868/175/1 1867/175/1 1866/175/1 1865/175/1 1864/175/1 1863/175/1 1862/175/1 1861/175/1 1860/175/1 1859/175/1 1858/175/1 1857/175/1 1856/175/1 1855/175/1
f 1823/175/424 1822/175/424 1874/175/424 1875/175/424
f 1816/175/425 1815/175/425 1867/175/425 1868/175/425
f 1809/175/426 1808/175/426 1860/175/426 1861/175/426
f 1824/175/427 1823/175/427 1875/175/427 1876/175/427
f 1802/175/428 1801/175/428 1854/175/428 1853/175/428
f 1817/175/429 1816/175/429 1868/175/429 1869/175/429
f 1810/175/430 1809/175/430 1861/175/430 1862/175/430
f 1825/175/431 1824/175/431 1876/175/431 1877/175/431
f 1803/175/432 1802/175/432 1853/175/432 1855/175/432
f 1818/175/433 1817/175/433 1869/175/433 1870/175/433
f 1811/175/434 1810/175/434 1862/175/434 1863/175/434
f 1826/175/435 1825/175/435 1877/175/435 1878/175/435
f 1804/175/436 1803/175/436 1855/175/436 1856/175/436
f 1819/175/437 1818/175/437 1870/175/437 1871/175/437
f 1812/175/438 1811/175/438 1863/175/438 1864/175/438
f 1801/175/439 1826/175/439 1878/175/439 1854/175/439
f 1805/175/440 1804/175/440 1856/175/440 1857/175/440
f 1820/175/441 1819/175/441 1871/175/441 1872/175/441
f 1813/175/442 1812/175/442 1864/175/442 1865/175/442
f 1806/175/443 1805/175/443 1857/175/443 1858/175/443
f 1821/175/13 1820/175/13 1872/175/13 1873/175/13
f 1814/175/444 1813/175/444 1865/175/444 1866/175/444
f 1807/175/445 1806/175/445 1858/175/445 1859/175/445
f 1822/175/446 1821/175/446 1873/175/446 1874/175/446
f 1815/175/447 1814/175/447 1866/175/447 1867/175/447
f 1761/175/444 1762/175/444 1892/175/444 1891/175/444
f 1754/175/445 1755/175/445 1885/175/445 1884/175/445
f 1769/175/446 1770/175/446 1900/175/446 1899/175/446
f 1762/175/447 1763/175/447 1893/175/447 1892/175/447
f 1755/175/21 1756/175/21 1886/175/21 1885/175/21
f 1770/175/424 1771/175/424 1901/175/424 1900/175/424
f 1763/175/425 1764/175/425 1894/175/425 1893/175/425
f 1756/175/426 1757/175/426 1887/175/426 1886/175/426
f 1771/175/427 1772/175/427 1902/175/427 1901/175/427
f 1749/175/428 1750/175/428 1880/175/428 1879/175/428
f 1764/175/429 1765/175/429 1895/175/429 1894/175/429
f 1757/175/430 1758/175/430 1888/175/430 1887/175/430
f 1772/175/431 1773/175/431 1903/175/431 1902/175/431
f 1750/175/432 1751/175/432 1881/175/432 1880/175/432
f 1765/175/433 1766/175/433 1896/175/433 1895/175/433
f 1758/175/434 1759/175/434 1889/175/434 1888/175/434
f 1773/175/435 1774/175/435 1904/175/435 1903/175/435
f 1751/175/436 1752/175/436 1882/175/436 1881/175/436
f 1766/175/437 1767/175/437 1897/175/437 1896/175/437
f 1759/175/438 1760/175/438 1890/175/438 1889/175/438
f 1774/175/439 1749/175/439 1879/175/439 1904/175/439
f 1752/175/440 1753/175/440 1883/175/440 1882/175/440
f 1767/175/441 1768/175/441 1898/175/441 1897/175/441
f 1760/175/442 1761/175/442 1891/175/442 1890/175/442
f 1753/175/443 1754/175/443 1884/175/443 1883/175/443
f 1768/175/13 1769/175/13 1899/175/13 1898/175/13
f 1880/175/2 1881/175/2 1882/175/2 1883/175/2 1884/175/2 1885/175/2 1886/175/2 1887/175/2 1888/175/2 1889/175/2 1890/175/2 1891/175/2 1892/175/2 1893/175/2 1894/175/2 1895/175/2 1896/175/2 1897/175/2 1898/175/2 1899/175/2 1900/175/2 1901/175/2 1902/175/2 1903/175/2 1904/175/2 1879/175/2
f 1926/175/2 1952/175/2 1951/175/2 1925/175/2
f 1919/175/2 1945/175/2 1944/175/2 1918/175/2
f 1912/175/2 1938/175/2 1937/175/2 1911/175/2
f 1927/175/2 1953/175/2 1952/175/2 1926/175/2
f 1920/175/2 1946/175/2 1945/175/2 1919/175/2
f 1913/175/2 1939/175/2 1938/175/2 1912/175/2
f 1928/175/2 1954/175/2 1953/175/2 1927/175/2
f 1906/175/2 1932/175/2 1931/175/2 1905/175/2
f 1921/175/2 1947/175/2 1946/175/2 1920/175/2
f 1914/175/2 1940/175/2 1939/175/2 1913/175/2
f 1929/175/2 1955/175/2 1954/175/2 1928/175/2
f 1907/175/2 1933/175/2 1932/175/2 1906/175/2
f 1922/175/2 1948/175/2 1947/175/2 1921/175/2
f 1915/175/2 1941/175/2 1940/175/2 1914/175/2
f 1930/175/2 1956/175/2 1955/175/2 1929/175/2
f 1908/175/2 1934/175/2 1933/175/2 1907/175/2
f 1923/175/2 1949/175/2 1948/175/2 1922/175/2
f 1916/175/2 1942/175/2 1941/175/2 1915/175/2
f 1905/175/2 1931/175/2 1956/175/2 1930/175/2
f 1909/175/2 1935/175/2 1934/175/2 1908/175/2
f 1924/175/2 1950/175/2 1949/175/2 1923/175/2
f 1917/175/2 1943/175/2 1942/175/2 1916/175/2
f 1910/175/2 1936/175/2 1935/175/2 1909/175/2
f 1925/175/2 1951/175/2 1950/175/2 1924/175/2
f 1918/175/2 1944/175/2 1943/175/2 1917/175/2
f 1911/175/2 1937/175/2 1936/175/2 1910/175/2
f 1941/175/451 1993/175/451 1992/175/451 1940/175/451
f 1956/175/452 2008/175/452 2007/175/452 1955/175/452
f 1934/175/453 1986/175/453 1985/175/453 1933/175/453
f 1949/175/454 2001/175/454 2000/175/454 1948/175/454
f 1942/175/455 1994/175/455 1993/175/455 1941/175/455
f 1931/175/456 1984/175/456 2008/175/456 1956/175/456
f 1935/175/457 1987/175/457 1986/175/457 1934/175/457
f 1950/175/458 2002/175/458 2001/175/458 1949/175/458
f 1943/175/459 1995/175/459 1994/175/459 1942/175/459
f 1936/175/460 1988/175/460 1987/175/460 1935/175/460
f 1951/175/461 2003/175/461 2002/175/461 1950/175/461
f 1944/175/462 1996/175/462 1995/175/462 1943/175/462
f 1937/175/463 1989/175/463 1988/175/463 1936/175/463
f 1952/175/464 2004/175/464 2003/175/464 1951/175/464
f 1945/175/465 1997/175/465 1996/175/465 1944/175/465
f 1938/175/466 1990/175/466 1989/175/466 1937/175/466
f 1953/175/467 2005/175/467 2004/175/467 1952/175/467
f 1946/175/468 1998/175/468 1997/175/468 1945/175/468
f 1939/175/469 1991/175/469 1990/175/469 1938/175/469
f 1954/175/470 2006/175/470 2005/175/470 1953/175/470
f 1932/175/471 1983/175/471 1984/175/471 1931/175/471
f 1947/175/472 1999/175/472 1998/175/472 1946/175/472
f 1940/175/473 1992/175/473 1991/175/473 1939/175/473
f 1955/175/474 2007/175/474 2006/175/474 1954/175/474
f 1933/175/475 1985/175/475 1983/175/475 1932/175/475
f 1948/175/476 2000/175/476 1999/175/476 1947/175/476
f 1964/175/21 2016/175/21 2015/175/21 1963/175/21
f 1957/175/2 1984/175/2 1983/175/2 1958/175/2
f 1958/175/2 1983/175/2 1985/175/2 1959/175/2
f 1959/175/2 1985/175/2 1986/175/2 1960/175/2
f 1960/175/2 1986/175/2 1987/175/2 1961/175/2
f 1961/175/2 1987/175/2 1988/175/2 1962/175/2
f 1962/175/2 1988/175/2 1989/175/2 1963/175/2
f 1963/175/2 1989/175/2 1990/175/2 1964/175/2
f 1964/175/2 1990/175/2 1991/175/2 1965/175/2
f 1965/175/2 1991/175/2 1992/175/2 1966/175/2
f 1966/175/2 1992/175/2 1993/175/2 1967/175/2
f 1967/175/2 1993/175/2 1994/175/2 1968/175/2
f 1968/175/2 1994/175/2 1995/175/2 1969/175/2
f 1969/175/2 1995/175/2 1996/175/2 1970/175/2
f 1970/175/2 1996/175/2 1997/175/2 1971/175/2
f 1971/175/2 1997/175/2 1998/175/2 1972/175/2
f 1972/175/2 1998/175/2 1999/175/2 1973/175/2
f 1973/175/2 1999/175/2 2000/175/2 1974/175/2
f 1974/175/2 2000/175/2 2001/175/2 1975/175/2
f 1975/175/2 2001/175/2 2002/175/2 1976/175/2
f 1976/175/2 2002/175/2 2003/175/2 1977/175/2
f 1977/175/2 2003/175/2 2004/175/2 1978/175/2
f 1978/175/2 2004/175/2 2005/175/2 1979/175/2
f 1979/175/2 2005/175/2 2006/175/2 1980/175/2
f 1980/175/2 2006/175/2 2007/175/2 1981/175/2
f 1981/175/2 2007/175/2 2008/175/2 1982/175/2
f 1982/175/2 2008/175/2 1984/175/2 1957/175/2
f 2009/175/2 2011/175/2 2012/175/2 2013/175/2 2014/175/2 2015/175/2 2016/175/2 2017/175/2 2018/175/2 2019/175/2 2020/175/2 2021/175/2 2022/175/2 2023/175/2 2024/175/2 2025/175/2 2026/175/2 2027/175/2 2028/175/2 2029/175/2 2030/175/2 2031/175/2 2032/175/2 2033/175/2 2034/175/2 2010/175/2
f 1979/175/424 2031/175/424 2030/175/424 1978/175/424
f 1972/175/425 2024/175/425 2023/175/425 1971/175/425
f 1965/175/426 2017/175/426 2016/175/426 1964/175/426
f 1980/175/427 2032/175/427 2031/175/427 1979/175/427
f 1958/175/428 2009/175/428 2010/175/428 1957/175/428
f 1973/175/429 2025/175/429 2024/175/429 1972/175/429
f 1966/175/430 2018/175/430 2017/175/430 1965/175/430
f 1981/175/431 2033/175/431 2032/175/431 1980/175/431
f 1959/175/432 2011/175/432 2009/175/432 1958/175/432
f 1974/175/433 2026/175/433 2025/175/433 1973/175/433
f 1967/175/434 2019/175/434 2018/175/434 1966/175/434
f 1982/175/435 2034/175/435 2033/175/435 1981/175/435
f 1960/175/436 2012/175/436 2011/175/436 1959/175/436
f 1975/175/437 2027/175/437 2026/175/437 1974/175/437
f 1968/175/438 2020/175/438 2019/175/438 1967/175/438
f 1957/175/439 2010/175/439 2034/175/439 1982/175/439
f 1961/175/440 2013/175/440 2012/175/440 1960/175/440
f 1976/175/441 2028/175/441 2027/175/441 1975/175/441
f 1969/175/442 2021/175/442 2020/175/442 1968/175/442
f 1962/175/443 2014/175/443 2013/175/443 1961/175/443
f 1977/175/13 2029/175/13 2028/175/13 1976/175/13
f 1970/175/444 2022/175/444 2021/175/444 1969/175/444
f 1963/175/445 2015/175/445 2014/175/445 1962/175/445
f 1978/175/446 2030/175/446 2029/175/446 1977/175/446
f 1971/175/447 2023/175/447 2022/175/447 1970/175/447
f 1917/175/444 2047/175/444 2048/175/444 1918/175/444
f 1910/175/445 2040/175/445 2041/175/445 1911/175/445
f 1925/175/446 2055/175/446 2056/175/446 1926/175/446
f 1918/175/447 2048/175/447 2049/175/447 1919/175/447
f 1911/175/21 2041/175/21 2042/175/21 1912/175/21
f 1926/175/424 2056/175/424 2057/175/424 1927/175/424
f 1919/175/425 2049/175/425 2050/175/425 1920/175/425
f 1912/175/426 2042/175/426 2043/175/426 1913/175/426
f 1927/175/427 2057/175/427 2058/175/427 1928/175/427
f 1905/175/428 2035/175/428 2036/175/428 1906/175/428
f 1920/175/429 2050/175/429 2051/175/429 1921/175/429
f 1913/175/430 2043/175/430 2044/175/430 1914/175/430
f 1928/175/431 2058/175/431 2059/175/431 1929/175/431
f 1906/175/432 2036/175/432 2037/175/432 1907/175/432
f 1921/175/433 2051/175/433 2052/175/433 1922/175/433
f 1914/175/434 2044/175/434 2045/175/434 1915/175/434
f 1929/175/435 2059/175/435 2060/175/435 1930/175/435
f 1907/175/436 2037/175/436 2038/175/436 1908/175/436
f 1922/175/437 2052/175/437 2053/175/437 1923/175/437
f 1915/175/438 2045/175/438 2046/175/438 1916/175/438
f 1930/175/439 2060/175/439 2035/175/439 1905/175/439
f 1908/175/440 2038/175/440 2039/175/440 1909/175/440
f 1923/175/441 2053/175/441 2054/175/441 1924/175/441
f 1916/175/442 2046/175/442 2047/175/442 1917/175/442
f 1909/175/443 2039/175/443 2040/175/443 1910/175/443
f 1924/175/13 2054/175/13 2055/175/13 1925/175/13
f 2036/175/1 2035/175/1 2060/175/1 2059/175/1 2058/175/1 2057/175/1 2056/175/1 2055/175/1 2054/175/1 2053/175/1 2052/175/1 2051/175/1 2050/175/1 2049/175/1 2048/175/1 2047/175/1 2046/175/1 2045/175/1 2044/175/1 2043/175/1 2042/175/1 2041/175/1 2040/175/1 2039/175/1 2038/175/1 2037/175/1
f 2082/175/2 2108/175/2 2107/175/2 2081/175/2
f 2075/175/2 2101/175/2 2100/175/2 2074/175/2
f 2068/175/2 2094/175/2 2093/175/2 2067/175/2
f 2083/175/2 2109/175/2 2108/175/2 2082/175/2
f 2076/175/2 2102/175/2 2101/175/2 2075/175/2
f 2069/175/2 2095/175/2 2094/175/2 2068/175/2
f 2084/175/2 2110/175/2 2109/175/2 2083/175/2
f 2062/175/2 2088/175/2 2087/175/2 2061/175/2
f 2077/175/2 2103/175/2 2102/175/2 2076/175/2
f 2070/175/2 2096/175/2 2095/175/2 2069/175/2
f 2085/175/2 2111/175/2 2110/175/2 2084/175/2
f 2063/175/2 2089/175/2 2088/175/2 2062/175/2
f 2078/175/2 2104/175/2 2103/175/2 2077/175/2
f 2071/175/2 2097/175/2 2096/175/2 2070/175/2
f 2086/175/2 2112/175/2 2111/175/2 2085/175/2
f 2064/175/2 2090/175/2 2089/175/2 2063/175/2
f 2079/175/2 2105/175/2 2104/175/2 2078/175/2
f 2072/175/2 2098/175/2 2097/175/2 2071/175/2
f 2061/175/2 2087/175/2 2112/175/2 2086/175/2
f 2065/175/2 2091/175/2 2090/175/2 2064/175/2
f 2080/175/2 2106/175/2 2105/175/2 2079/175/2
f 2073/175/2 2099/175/2 2098/175/2 2072/175/2
f 2066/175/2 2092/175/2 2091/175/2 2065/175/2
f 2081/175/2 2107/175/2 2106/175/2 2080/175/2
f 2074/175/2 2100/175/2 2099/175/2 2073/175/2
f 2067/175/2 2093/175/2 2092/175/2 2066/175/2
f 2097/175/451 2149/175/451 2148/175/451 2096/175/451
f 2112/175/452 2164/175/452 2163/175/452 2111/175/452
f 2090/175/453 2142/175/453 2141/175/453 2089/175/453
f 2105/175/454 2157/175/454 2156/175/454 2104/175/454
f 2098/175/455 2150/175/455 2149/175/455 2097/175/455
f 2087/175/456 2140/175/456 2164/175/456 2112/175/456
f 2091/175/457 2143/175/457 2142/175/457 2090/175/457
f 2106/175/458 2158/175/458 2157/175/458 2105/175/458
f 2099/175/459 2151/175/459 2150/175/459 2098/175/459
f 2092/175/460 2144/175/460 2143/175/460 2091/175/460
f 2107/175/461 2159/175/461 2158/175/461 2106/175/461
f 2100/175/462 2152/175/462 2151/175/462 2099/175/462
f 2093/175/463 2145/175/463 2144/175/463 2092/175/463
f 2108/175/464 2160/175/464 2159/175/464 2107/175/464
f 2101/175/465 2153/175/465 2152/175/465 2100/175/465
f 2094/175/466 2146/175/466 2145/175/466 2093/175/466
f 2109/175/467 2161/175/467 2160/175/467 2108/175/467
f 2102/175/468 2154/175/468 2153/175/468 2101/175/468
f 2095/175/469 2147/175/469 2146/175/469 2094/175/469
f 2110/175/470 2162/175/470 2161/175/470 2109/175/470
f 2088/175/471 2139/175/471 2140/175/471 2087/175/471
f 2103/175/472 2155/175/472 2154/175/472 2102/175/472
f 2096/175/473 2148/175/473 2147/175/473 2095/175/473
f 2111/175/474 2163/175/474 2162/175/474 2110/175/474
f 2089/175/477 2141/175/477 2139/175/477 2088/175/477
f 2104/175/476 2156/175/476 2155/175/476 2103/175/476
f 2120/175/21 2172/175/21 2171/175/21 2119/175/21
f 2113/175/2 2140/175/2 2139/175/2 2114/175/2
f 2114/175/2 2139/175/2 2141/175/2 2115/175/2
f 2115/175/2 2141/175/2 2142/175/2 2116/175/2
f 2116/175/2 2142/175/2 2143/175/2 2117/175/2
f 2117/175/2 2143/175/2 2144/175/2 2118/175/2
f 2118/175/2 2144/175/2 2145/175/2 2119/175/2
f 2119/175/2 2145/175/2 2146/175/2 2120/175/2
f 2120/175/2 2146/175/2 2147/175/2 2121/175/2
f 2121/175/2 2147/175/2 2148/175/2 2122/175/2
f 2122/175/2 2148/175/2 2149/175/2 2123/175/2
f 2123/175/2 2149/175/2 2150/175/2 2124/175/2
f 2124/175/2 2150/175/2 2151/175/2 2125/175/2
f 2125/175/2 2151/175/2 2152/175/2 2126/175/2
f 2126/175/2 2152/175/2 2153/175/2 2127/175/2
f 2127/175/2 2153/175/2 2154/175/2 2128/175/2
f 2128/175/2 2154/175/2 2155/175/2 2129/175/2
f 2129/175/2 2155/175/2 2156/175/2 2130/175/2
f 2130/175/2 2156/175/2 2157/175/2 2131/175/2
f 2131/175/2 2157/175/2 2158/175/2 2132/175/2
f 2132/175/2 2158/175/2 2159/175/2 2133/175/2
f 2133/175/2 2159/175/2 2160/175/2 2134/175/2
f 2134/175/2 2160/175/2 2161/175/2 2135/175/2
f 2135/175/2 2161/175/2 2162/175/2 2136/175/2
f 2136/175/2 2162/175/2 2163/175/2 2137/175/2
f 2137/175/2 2163/175/2 2164/175/2 2138/175/2
f 2138/175/2 2164/175/2 2140/175/2 2113/175/2
f 2165/175/2 2167/175/2 2168/175/2 2169/175/2 2170/175/2 2171/175/2 2172/175/2 2173/175/2 2174/175/2 2175/175/2 2176/175/2 2177/175/2 2178/175/2 2179/175/2 2180/175/2 2181/175/2 2182/175/2 2183/175/2 2184/175/2 2185/175/2 2186/175/2 2187/175/2 2188/175/2 2189/175/2 2190/175/2 2166/175/2
f 2135/175/424 2187/175/424 2186/175/424 2134/175/424
f 2128/175/425 2180/175/425 2179/175/425 2127/175/425
f 2121/175/426 2173/175/426 2172/175/426 2120/175/426
f 2136/175/427 2188/175/427 2187/175/427 2135/175/427
f 2114/175/428 2165/175/428 2166/175/428 2113/175/428
f 2129/175/429 2181/175/429 2180/175/429 2128/175/429
f 2122/175/430 2174/175/430 2173/175/430 2121/175/430
f 2137/175/431 2189/175/431 2188/175/431 2136/175/431
f 2115/175/432 2167/175/432 2165/175/432 2114/175/432
f 2130/175/433 2182/175/433 2181/175/433 2129/175/433
f 2123/175/434 2175/175/434 2174/175/434 2122/175/434
f 2138/175/435 2190/175/435 2189/175/435 2137/175/435
f 2116/175/436 2168/175/436 2167/175/436 2115/175/436
f 2131/175/437 2183/175/437 2182/175/437 2130/175/437
f 2124/175/438 2176/175/438 2175/175/438 2123/175/438
f 2113/175/439 2166/175/439 2190/175/439 2138/175/439
f 2117/175/440 2169/175/440 2168/175/440 2116/175/440
f 2132/175/441 2184/175/441 2183/175/441 2131/175/441
f 2125/175/442 2177/175/442 2176/175/442 2124/175/442
f 2118/175/443 2170/175/443 2169/175/443 2117/175/443
f 2133/175/13 2185/175/13 2184/175/13 2132/175/13
f 2126/175/444 2178/175/444 2177/175/444 2125/175/444
f 2119/175/445 2171/175/445 2170/175/445 2118/175/445
f 2134/175/446 2186/175/446 2185/175/446 2133/175/446
f 2127/175/447 2179/175/447 2178/175/447 2126/175/447
f 2073/175/444 2203/175/444 2204/175/444 2074/175/444
f 2066/175/445 2196/175/445 2197/175/445 2067/175/445
f 2081/175/446 2211/175/446 2212/175/446 2082/175/446
f 2074/175/447 2204/175/447 2205/175/447 2075/175/447
f 2067/175/21 2197/175/21 2198/175/21 2068/175/21
f 2082/175/424 2212/175/424 2213/175/424 2083/175/424
f 2075/175/425 2205/175/425 2206/175/425 2076/175/425
f 2068/175/426 2198/175/426 2199/175/426 2069/175/426
f 2083/175/427 2213/175/427 2214/175/427 2084/175/427
f 2061/175/428 2191/175/428 2192/175/428 2062/175/428
f 2076/175/429 2206/175/429 2207/175/429 2077/175/429
f 2069/175/430 2199/175/430 2200/175/430 2070/175/430
f 2084/175/431 2214/175/431 2215/175/431 2085/175/431
f 2062/175/432 2192/175/432 2193/175/432 2063/175/432
f 2077/175/433 2207/175/433 2208/175/433 2078/175/433
f 2070/175/434 2200/175/434 2201/175/434 2071/175/434
f 2085/175/435 2215/175/435 2216/175/435 2086/175/435
f 2063/175/436 2193/175/436 2194/175/436 2064/175/436
f 2078/175/437 2208/175/437 2209/175/437 2079/175/437
f 2071/175/438 2201/175/438 2202/175/438 2072/175/438
f 2086/175/439 2216/175/439 2191/175/439 2061/175/439
f 2064/175/440 2194/175/440 2195/175/440 2065/175/440
f 2079/175/441 2209/175/441 2210/175/441 2080/175/441
f 2072/175/442 2202/175/442 2203/175/442 2073/175/442
f 2065/175/443 2195/175/443 2196/175/443 2066/175/443
f 2080/175/13 2210/175/13 2211/175/13 2081/175/13
f 2192/175/1 2191/175/1 2216/175/1 2215/175/1 2214/175/1 2213/175/1 2212/175/1 2211/175/1 2210/175/1 2209/175/1 2208/175/1 2207/175/1 2206/175/1 2205/175/1 2204/175/1 2203/175/1 2202/175/1 2201/175/1 2200/175/1 2199/175/1 2198/175/1 2197/175/1 2196/175/1 2195/175/1 2194/175/1 2193/175/1
f 2238/175/2 2264/175/2 2263/175/2 2237/175/2
f 2231/175/2 2257/175/2 2256/175/2 2230/175/2
f 2224/175/2 2250/175/2 2249/175/2 2223/175/2
f 2239/175/2 2265/175/2 2264/175/2 2238/175/2
f 2232/175/2 2258/175/2 2257/175/2 2231/175/2
f 2225/175/2 2251/175/2 2250/175/2 2224/175/2
f 2240/175/2 2266/175/2 2265/175/2 2239/175/2
f 2218/175/2 2244/175/2 2243/175/2 2217/175/2
f 2233/175/2 2259/175/2 2258/175/2 2232/175/2
f 2226/175/2 2252/175/2 2251/175/2 2225/175/2
f 2241/175/2 2267/175/2 2266/175/2 2240/175/2
f 2219/175/2 2245/175/2 2244/175/2 2218/175/2
f 2234/175/2 2260/175/2 2259/175/2 2233/175/2
f 2227/175/2 2253/175/2 2252/175/2 2226/175/2
f 2242/175/2 2268/175/2 2267/175/2 2241/175/2
f 2220/175/2 2246/175/2 2245/175/2 2219/175/2
f 2235/175/2 2261/175/2 2260/175/2 2234/175/2
f 2228/175/2 2254/175/2 2253/175/2 2227/175/2
f 2217/175/2 2243/175/2 2268/175/2 2242/175/2
f 2221/175/2 2247/175/2 2246/175/2 2220/175/2
f 2236/175/2 2262/175/2 2261/175/2 2235/175/2
f 2229/175/2 2255/175/2 2254/175/2 2228/175/2
f 2222/175/2 2248/175/2 2247/175/2 2221/175/2
f 2237/175/2 2263/175/2 2262/175/2 2236/175/2
f 2230/175/2 2256/175/2 2255/175/2 2229/175/2
f 2223/175/2 2249/175/2 2248/175/2 2222/175/2
f 2253/175/451 2305/175/451 2304/175/451 2252/175/451
f 2268/175/452 2320/175/452 2319/175/452 2267/175/452
f 2246/175/478 2298/175/478 2297/175/478 2245/175/478
f 2261/175/454 2313/175/454 2312/175/454 2260/175/454
f 2254/175/455 2306/175/455 2305/175/455 2253/175/455
f 2243/175/456 2296/175/456 2320/175/456 2268/175/456
f 2247/175/457 2299/175/457 2298/175/457 2246/175/457
f 2262/175/458 2314/175/458 2313/175/458 2261/175/458
f 2255/175/459 2307/175/459 2306/175/459 2254/175/459
f 2248/175/460 2300/175/460 2299/175/460 2247/175/460
f 2263/175/461 2315/175/461 2314/175/461 2262/175/461
f 2256/175/462 2308/175/462 2307/175/462 2255/175/462
f 2249/175/463 2301/175/463 2300/175/463 2248/175/463
f 2264/175/464 2316/175/464 2315/175/464 2263/175/464
f 2257/175/465 2309/175/465 2308/175/465 2256/175/465
f 2250/175/466 2302/175/466 2301/175/466 2249/175/466
f 2265/175/467 2317/175/467 2316/175/467 2264/175/467
f 2258/175/468 2310/175/468 2309/175/468 2257/175/468
f 2251/175/469 2303/175/469 2302/175/469 2250/175/469
f 2266/175/470 2318/175/470 2317/175/470 2265/175/470
f 2244/175/471 2295/175/471 2296/175/471 2243/175/471
f 2259/175/472 2311/175/472 2310/175/472 2258/175/472
f 2252/175/473 2304/175/473 2303/175/473 2251/175/473
f 2267/175/474 2319/175/474 2318/175/474 2266/175/474
f 2245/175/477 2297/175/477 2295/175/477 2244/175/477
f 2260/175/476 2312/175/476 2311/175/476 2259/175/476
f 2276/175/21 2328/175/21 2327/175/21 2275/175/21
f 2269/175/2 2296/175/2 2295/175/2 2270/175/2
f 2270/175/2 2295/175/2 2297/175/2 2271/175/2
f 2271/175/2 2297/175/2 2298/175/2 2272/175/2
f 2272/175/2 2298/175/2 2299/175/2 2273/175/2
f 2273/175/2 2299/175/2 2300/175/2 2274/175/2
f 2274/175/2 2300/175/2 2301/175/2 2275/175/2
f 2275/175/2 2301/175/2 2302/175/2 2276/175/2
f 2276/175/2 2302/175/2 2303/175/2 2277/175/2
f 2277/175/2 2303/175/2 2304/175/2 2278/175/2
f 2278/175/2 2304/175/2 2305/175/2 2279/175/2
f 2279/175/2 2305/175/2 2306/175/2 2280/175/2
f 2280/175/2 2306/175/2 2307/175/2 2281/175/2
f 2281/175/2 2307/175/2 2308/175/2 2282/175/2
f 2282/175/2 2308/175/2 2309/175/2 2283/175/2
f 2283/175/2 2309/175/2 2310/175/2 2284/175/2
f 2284/175/2 2310/175/2 2311/175/2 2285/175/2
f 2285/175/2 2311/175/2 2312/175/2 2286/175/2
f 2286/175/2 2312/175/2 2313/175/2 2287/175/2
f 2287/175/2 2313/175/2 2314/175/2 2288/175/2
f 2288/175/2 2314/175/2 2315/175/2 2289/175/2
f 2289/175/2 2315/175/2 2316/175/2 2290/175/2
f 2290/175/2 2316/175/2 2317/175/2 2291/175/2
f 2291/175/2 2317/175/2 2318/175/2 2292/175/2
f 2292/175/2 2318/175/2 2319/175/2 2293/175/2
f 2293/175/2 2319/175/2 2320/175/2 2294/175/2
f 2294/175/2 2320/175/2 2296/175/2 2269/175/2
f 2321/175/2 2323/175/2 2324/175/2 2325/175/2 2326/175/2 2327/175/2 2328/175/2 2329/175/2 2330/175/2 2331/175/2 2332/175/2 2333/175/2 2334/175/2 2335/175/2 2336/175/2 2337/175/2 2338/175/2 2339/175/2 2340/175/2 2341/175/2 2342/175/2 2343/175/2 2344/175/2 2345/175/2 2346/175/2 2322/175/2
f 2291/175/424 2343/175/424 2342/175/424 2290/175/424
f 2284/175/425 2336/175/425 2335/175/425 2283/175/425
f 2277/175/426 2329/175/426 2328/175/426 2276/175/426
f 2292/175/427 2344/175/427 2343/175/427 2291/175/427
f 2270/175/428 2321/175/428 2322/175/428 2269/175/428
f 2285/175/429 2337/175/429 2336/175/429 2284/175/429
f 2278/175/430 2330/175/430 2329/175/430 2277/175/430
f 2293/175/431 2345/175/431 2344/175/431 2292/175/431
f 2271/175/432 2323/175/432 2321/175/432 2270/175/432
f 2286/175/433 2338/175/433 2337/175/433 2285/175/433
f 2279/175/434 2331/175/434 2330/175/434 2278/175/434
f 2294/175/435 2346/175/435 2345/175/435 2293/175/435
f 2272/175/436 2324/175/436 2323/175/436 2271/175/436
f 2287/175/437 2339/175/437 2338/175/437 2286/175/437
f 2280/175/438 2332/175/438 2331/175/438 2279/175/438
f 2269/175/439 2322/175/439 2346/175/439 2294/175/439
f 2273/175/440 2325/175/440 2324/175/440 2272/175/440
f 2288/175/441 2340/175/441 2339/175/441 2287/175/441
f 2281/175/442 2333/175/442 2332/175/442 2280/175/442
f 2274/175/443 2326/175/443 2325/175/443 2273/175/443
f 2289/175/13 2341/175/13 2340/175/13 2288/175/13
f 2282/175/444 2334/175/444 2333/175/444 2281/175/444
f 2275/175/445 2327/175/445 2326/175/445 2274/175/445
f 2290/175/446 2342/175/446 2341/175/446 2289/175/446
f 2283/175/447 2335/175/447 2334/175/447 2282/175/447
f 2229/175/444 2359/175/444 2360/175/444 2230/175/444
f 2222/175/445 2352/175/445 2353/175/445 2223/175/445
f 2237/175/446 2367/175/446 2368/175/446 2238/175/446
f 2230/175/447 2360/175/447 2361/175/447 2231/175/447
f 2223/175/21 2353/175/21 2354/175/21 2224/175/21
f 2238/175/424 2368/175/424 2369/175/424 2239/175/424
f 2231/175/425 2361/175/425 2362/175/425 2232/175/425
f 2224/175/426 2354/175/426 2355/175/426 2225/175/426
f 2239/175/427 2369/175/427 2370/175/427 2240/175/427
f 2217/175/428 2347/175/428 2348/175/428 2218/175/428
f 2232/175/429 2362/175/429 2363/175/429 2233/175/429
f 2225/175/430 2355/175/430 2356/175/430 2226/175/430
f 2240/175/431 2370/175/431 2371/175/431 2241/175/431
f 2218/175/432 2348/175/432 2349/175/432 2219/175/432
f 2233/175/433 2363/175/433 2364/175/433 2234/175/433
f 2226/175/434 2356/175/434 2357/175/434 2227/175/434
f 2241/175/435 2371/175/435 2372/175/435 2242/175/435
f 2219/175/436 2349/175/436 2350/175/436 2220/175/436
f 2234/175/437 2364/175/437 2365/175/437 2235/175/437
f 2227/175/438 2357/175/438 2358/175/438 2228/175/438
f 2242/175/439 2372/175/439 2347/175/439 2217/175/439
f 2220/175/440 2350/175/440 2351/175/440 2221/175/440
f 2235/175/441 2365/175/441 2366/175/441 2236/175/441
f 2228/175/442 2358/175/442 2359/175/442 2229/175/442
f 2221/175/443 2351/175/443 2352/175/443 2222/175/443
f 2236/175/13 2366/175/13 2367/175/13 2237/175/13
f 2348/175/1 2347/175/1 2372/175/1 2371/175/1 2370/175/1 2369/175/1 2368/175/1 2367/175/1 2366/175/1 2365/175/1 2364/175/1 2363/175/1 2362/175/1 2361/175/1 2360/175/1 2359/175/1 2358/175/1 2357/175/1 2356/175/1 2355/175/1 2354/175/1 2353/175/1 2352/175/1 2351/175/1 2350/175/1 2349/175/1
