# Blender 3.3.1
# www.blender.org
mtllib antiair_camion.mtl
o Camion.001
v 0.658607 0.003633 0.429956
v 0.657655 0.003564 0.430227
v 0.656770 0.003277 0.430569
v 0.656002 0.002787 0.430959
v 0.655396 0.002124 0.431378
v 0.654986 0.001326 0.431799
v 0.654798 0.000438 0.432199
v 0.654842 -0.000487 0.432554
v 0.655114 -0.001394 0.432844
v 0.655600 -0.002233 0.433051
v 0.656271 -0.002954 0.433164
v 0.657089 -0.003515 0.433177
v 0.658004 -0.003883 0.433087
v 0.658966 -0.004038 0.432902
v 0.659918 -0.003969 0.432630
v 0.660802 -0.003682 0.432289
v 0.661570 -0.003193 0.431897
v 0.662177 -0.002529 0.431479
v 0.662586 -0.001730 0.431058
v 0.662775 -0.000843 0.430658
v 0.662731 0.000082 0.430303
v 0.662458 0.000990 0.430013
v 0.661973 0.001828 0.429806
v 0.661302 0.002550 0.429693
v 0.660484 0.003110 0.429681
v 0.659569 0.003479 0.429770
v 0.690594 0.052947 0.554483
v 0.689643 0.052879 0.554754
v 0.688758 0.052591 0.555096
v 0.687990 0.052102 0.555487
v 0.687384 0.051439 0.555906
v 0.686974 0.050640 0.556326
v 0.686786 0.049753 0.556726
v 0.686830 0.048828 0.557082
v 0.687102 0.047920 0.557371
v 0.687588 0.047081 0.557578
v 0.688259 0.046361 0.557692
v 0.689076 0.045799 0.557704
v 0.689993 0.045431 0.557614
v 0.690954 0.045276 0.557429
v 0.691905 0.045345 0.557158
v 0.692790 0.045632 0.556816
v 0.693558 0.046122 0.556425
v 0.694165 0.046786 0.556006
v 0.694574 0.047584 0.555585
v 0.694762 0.048471 0.555185
v 0.694719 0.049396 0.554830
v 0.694446 0.050304 0.554540
v 0.693961 0.051143 0.554333
v 0.693290 0.051864 0.554220
v 0.692472 0.052425 0.554207
v 0.691556 0.052793 0.554297
v -0.272858 0.274373 0.407954
v -0.225949 0.261803 0.407954
v -0.181935 0.241279 0.407954
v -0.142153 0.213423 0.407954
v -0.107814 0.179084 0.407954
v -0.079958 0.139302 0.407954
v -0.059434 0.095288 0.407954
v -0.046865 0.048379 0.407954
v -0.042633 -0.000000 0.407954
v -0.046865 -0.048379 0.407954
v -0.059434 -0.095288 0.407954
v -0.079958 -0.139303 0.407954
v -0.107814 -0.179084 0.407954
v -0.142153 -0.213424 0.407954
v -0.181935 -0.241279 0.407954
v -0.225949 -0.261803 0.407954
v -0.272858 -0.274373 0.407954
v -0.321237 -0.278605 0.407954
v -0.369616 -0.274373 0.407954
v -0.416526 -0.261803 0.407954
v -0.460540 -0.241279 0.407954
v -0.500321 -0.213424 0.407954
v -0.534661 -0.179084 0.407954
v -0.562516 -0.139303 0.407954
v -0.583040 -0.095288 0.407954
v -0.595610 -0.048379 0.407954
v -0.599842 -0.000000 0.407954
v -0.595610 0.048379 0.407954
v -0.583040 0.095288 0.407954
v -0.562516 0.139302 0.407954
v -0.534661 0.179084 0.407954
v -0.500321 0.213424 0.407954
v -0.460540 0.241279 0.407954
v -0.416526 0.261803 0.407954
v -0.369616 0.274372 0.407954
v -0.321238 0.278605 0.407954
v -0.321238 0.278605 0.439310
v -0.369616 0.274372 0.439310
v -0.416526 0.261803 0.439310
v -0.460540 0.241279 0.439310
v -0.500321 0.213424 0.439310
v -0.534661 0.179084 0.439310
v -0.562516 0.139302 0.439310
v -0.583040 0.095288 0.439310
v -0.595610 0.048379 0.439310
v -0.599842 -0.000000 0.439310
v -0.595610 -0.048379 0.439310
v -0.583040 -0.095288 0.439310
v -0.562516 -0.139303 0.439310
v -0.534661 -0.179084 0.439310
v -0.500321 -0.213424 0.439310
v -0.460540 -0.241279 0.439310
v -0.416526 -0.261803 0.439310
v -0.369616 -0.274373 0.439310
v -0.321237 -0.278605 0.439310
v -0.272858 -0.274373 0.439310
v -0.225949 -0.261803 0.439310
v -0.181935 -0.241279 0.439310
v -0.142153 -0.213424 0.439310
v -0.107814 -0.179084 0.439310
v -0.079958 -0.139303 0.439310
v -0.059434 -0.095288 0.439310
v -0.046865 -0.048379 0.439310
v -0.042633 -0.000000 0.439310
v -0.046865 0.048379 0.439310
v -0.059434 0.095288 0.439310
v -0.079958 0.139302 0.439310
v -0.107814 0.179084 0.439310
v -0.142153 0.213423 0.439310
v -0.181935 0.241279 0.439310
v -0.225949 0.261803 0.439310
v -0.272858 0.274373 0.439310
v 0.639899 -0.019018 0.407954
v 0.639899 -0.019018 0.432507
v 0.639899 0.019019 0.407954
v 0.639899 0.019019 0.432507
v 0.677937 -0.019018 0.407954
v 0.677937 -0.019018 0.432507
v 0.677937 0.019019 0.407954
v 0.677937 0.019019 0.432507
v 0.489524 -0.051843 0.535497
v 0.489524 -0.051843 0.637267
v 0.489524 0.049928 0.535497
v 0.489524 0.049928 0.637267
v 0.591294 -0.051843 0.535497
v 0.591294 -0.051843 0.637267
v 0.591294 0.049928 0.535497
v 0.591294 0.049928 0.637267
v 0.515268 -0.047672 0.432922
v 0.515268 -0.047672 0.564076
v 0.515268 0.045758 0.432922
v 0.515268 0.045758 0.564076
v 0.570212 -0.047672 0.432922
v 0.570212 -0.047672 0.564076
v 0.570212 0.045758 0.432922
v 0.570212 0.045758 0.564076
v 0.515268 -0.047672 0.404862
v 0.515268 0.045758 0.404862
v 0.570212 -0.047672 0.404862
v 0.570212 0.045758 0.404862
v 0.564915 -0.047282 0.432922
v 0.566171 0.045580 0.432922
v 0.564915 -0.047282 0.404862
v 0.566171 0.045580 0.404862
v 0.681356 -0.079713 0.432922
v 0.684096 0.072115 0.432922
v 0.681356 -0.079713 0.404862
v 0.684096 0.072115 0.404862
v 0.575012 -0.011031 0.432922
v 0.574432 0.008866 0.432922
v 0.575012 -0.011031 0.404862
v 0.574432 0.008866 0.404862
v 0.691453 -0.043463 0.432922
v 0.692356 0.035401 0.432922
v 0.691453 -0.043463 0.404862
v 0.692356 0.035401 0.404862
v 0.569009 -0.045384 0.517620
v 0.570122 -0.044540 0.500731
v 0.676279 0.009403 0.527430
v 0.677393 0.010248 0.510541
v 0.560636 -0.027694 0.517953
v 0.561749 -0.026849 0.501064
v 0.667906 0.027094 0.527762
v 0.669019 0.027939 0.510874
v 0.566868 0.021596 0.518732
v 0.567344 0.019956 0.501872
v 0.687272 0.031695 0.521141
v 0.687748 0.030055 0.504281
v 0.565892 0.041053 0.516812
v 0.566367 0.039413 0.499952
v 0.686296 0.051151 0.519222
v 0.686771 0.049511 0.502361
v -0.777984 -0.266422 0.407954
v 0.449652 -0.266421 0.122414
v 0.807009 -0.266421 0.407955
v 0.449652 -0.266421 0.205206
v 0.545710 -0.266421 0.265878
v -0.014718 -0.266421 0.122414
v -0.589477 -0.266422 0.122414
v -0.014718 -0.266421 0.209172
v -0.078718 -0.266421 0.283413
v -0.525477 -0.266421 0.283413
v -0.589477 -0.266421 0.206241
v -0.777984 -0.266422 0.360698
v -0.649919 -0.266422 0.122414
v -0.649919 -0.266421 0.308971
v -0.710974 -0.266422 0.360698
v -0.602973 -0.175603 0.137997
v -0.602973 -0.175603 0.317873
v -0.004674 -0.175603 0.137997
v -0.004674 -0.175603 0.317873
v 0.807009 -0.266421 0.265878
v -0.682126 -0.266421 0.407954
v -0.682126 -0.266422 0.360698
v 0.039652 -0.266421 0.407955
v 0.039652 -0.266421 0.360698
v -0.646187 -0.368972 0.407954
v -0.682126 -0.333034 0.407954
v -0.682126 -0.333034 0.360698
v -0.646187 -0.368972 0.360698
v 0.039652 -0.333034 0.407955
v 0.003713 -0.368972 0.407955
v 0.003714 -0.368972 0.360698
v 0.039652 -0.333034 0.360698
v 0.449652 -0.175603 0.137997
v 0.449652 -0.175603 0.317873
v 0.789041 -0.175603 0.317873
v 0.740707 -0.175603 0.137997
v 0.789041 -0.175603 0.186330
v 0.413094 -0.281137 0.208428
v 0.383626 -0.281137 0.208428
v 0.413094 -0.266421 0.208428
v 0.383626 -0.266421 0.208428
v 0.413094 -0.281137 0.127568
v 0.413094 -0.272141 0.112946
v 0.383626 -0.272141 0.112946
v 0.383626 -0.281137 0.127568
v 0.413094 -0.266421 0.455404
v 0.383626 -0.266421 0.455404
v 0.226158 -0.281137 0.208428
v 0.196690 -0.281137 0.208428
v 0.226158 -0.266421 0.208428
v 0.196690 -0.266421 0.208428
v 0.226158 -0.281137 0.127568
v 0.226158 -0.272141 0.112946
v 0.196690 -0.272141 0.112946
v 0.196690 -0.281137 0.127568
v 0.226158 -0.266421 0.455403
v 0.196690 -0.266421 0.455403
v 0.290158 0.273330 0.455404
v 0.290158 0.281137 0.447597
v 0.319626 0.281137 0.447597
v 0.319626 0.273330 0.455403
v 0.290158 0.266421 0.455404
v 0.319626 0.266422 0.455403
v 0.290158 0.281137 0.127568
v 0.290158 0.272141 0.112946
v 0.319626 0.272141 0.112946
v 0.319626 0.281137 0.127568
v 0.413094 -0.273330 0.455404
v 0.413094 -0.281137 0.447597
v 0.383626 -0.281137 0.447597
v 0.383626 -0.273330 0.455404
v 0.226158 -0.273330 0.455403
v 0.226158 -0.281137 0.447597
v 0.196690 -0.281137 0.447597
v 0.196690 -0.273330 0.455403
v 0.290158 0.266421 0.208428
v 0.319626 0.266421 0.208427
v 0.290158 0.281137 0.208428
v 0.319626 0.281137 0.208427
v 0.790706 -0.275924 0.345138
v 0.759177 -0.275924 0.376667
v 0.970434 -0.275924 0.524866
v 0.967179 -0.275924 0.532725
v 0.932854 -0.275924 0.532725
v 0.902776 -0.275924 0.520266
v 0.925163 -0.275924 0.531777
v 0.916746 -0.275924 0.529076
v 0.908886 -0.275924 0.525034
v 0.790706 -0.276870 0.345138
v 0.790706 -0.276870 0.402374
v 0.413094 -0.276870 0.345138
v 0.413094 -0.276870 0.402374
v 0.790706 -0.266421 0.345138
v 0.790706 -0.266421 0.402374
v 0.413094 -0.266421 0.345138
v 0.413094 -0.266421 0.402374
v 0.964891 -0.153501 0.520378
v 0.952099 -0.153501 0.463284
v 0.932510 -0.153501 0.487611
v 0.916179 -0.153501 0.432794
v 0.896189 -0.153501 0.451162
v 0.889359 -0.153501 0.403364
v 0.864558 -0.153501 0.419665
v 0.864613 -0.153501 0.360602
v 0.805604 -0.153501 0.361696
v 0.849102 -0.153501 0.315699
v 0.806187 -0.153501 0.320211
v 0.839374 -0.153501 0.262790
v 0.806187 -0.153501 0.265878
v 0.835959 -0.153501 0.199314
v 0.806187 -0.153501 0.199314
v 0.964891 -0.124135 0.520378
v 0.952099 -0.124135 0.463284
v 0.932510 -0.124135 0.487611
v 0.916179 -0.124135 0.432794
v 0.896189 -0.124135 0.451162
v 0.889359 -0.124135 0.403364
v 0.864558 -0.124135 0.419665
v 0.864613 -0.124135 0.360602
v 0.805604 -0.124135 0.361696
v 0.849102 -0.124135 0.315699
v 0.806187 -0.124135 0.320211
v 0.839374 -0.124135 0.262790
v 0.806187 -0.124135 0.265878
v 0.835959 -0.124135 0.199314
v 0.806187 -0.124135 0.199314
v -0.777984 0.266421 0.407954
v 0.449652 0.266421 0.122414
v 0.807009 0.266422 0.407955
v 0.449652 0.266422 0.205206
v 0.545710 0.266422 0.265878
v -0.014718 0.266421 0.122414
v -0.589478 0.266421 0.122414
v -0.014718 0.266421 0.209172
v -0.078718 0.266421 0.283413
v -0.525478 0.266421 0.283413
v -0.589478 0.266421 0.206241
v -0.777984 0.266421 0.360698
v -0.649920 0.266421 0.122414
v -0.649920 0.266421 0.308971
v -0.710974 0.266421 0.360698
v -0.602973 0.175603 0.137997
v -0.602973 0.175603 0.317872
v -0.004674 0.175603 0.137997
v -0.004674 0.175603 0.317873
v 0.807009 0.266422 0.265878
v -0.682126 0.266421 0.407955
v -0.682126 0.266421 0.360698
v 0.039652 0.266421 0.407954
v 0.039652 0.266421 0.360698
v -0.646187 0.368972 0.407954
v -0.682126 0.333034 0.407955
v -0.682126 0.333034 0.360698
v -0.646187 0.368972 0.360698
v 0.039652 0.333034 0.407954
v 0.003713 0.368972 0.407954
v 0.003713 0.368972 0.360698
v 0.039652 0.333034 0.360698
v 0.449652 0.175603 0.137997
v 0.449652 0.175603 0.317873
v 0.789041 0.175603 0.317873
v 0.740707 0.175603 0.137997
v 0.789041 0.175603 0.186330
v 0.413094 0.281137 0.208428
v 0.383626 0.281137 0.208428
v 0.413094 0.266421 0.208428
v 0.383626 0.266421 0.208428
v 0.413094 0.281137 0.127568
v 0.413094 0.272141 0.112946
v 0.383626 0.272141 0.112946
v 0.383626 0.281137 0.127568
v 0.413094 0.266422 0.455403
v 0.383626 0.266422 0.455404
v 0.226158 0.281137 0.208427
v 0.196689 0.281137 0.208428
v 0.226158 0.266421 0.208427
v 0.196689 0.266421 0.208428
v 0.226158 0.281137 0.127568
v 0.226158 0.272141 0.112946
v 0.196690 0.272141 0.112946
v 0.196690 0.281137 0.127568
v 0.226158 0.266421 0.455403
v 0.196689 0.266421 0.455403
v 0.290158 -0.273330 0.455404
v 0.290158 -0.281137 0.447597
v 0.319626 -0.281137 0.447597
v 0.319626 -0.273330 0.455404
v 0.290158 -0.266421 0.455404
v 0.319626 -0.266421 0.455404
v 0.290158 -0.281137 0.127568
v 0.290158 -0.272141 0.112946
v 0.319626 -0.272141 0.112946
v 0.319626 -0.281137 0.127568
v 0.413094 0.273330 0.455403
v 0.413094 0.281137 0.447597
v 0.383626 0.281137 0.447597
v 0.383626 0.273330 0.455404
v 0.226158 0.273330 0.455403
v 0.226158 0.281137 0.447597
v 0.196689 0.281137 0.447597
v 0.196689 0.273330 0.455403
v 0.290158 -0.266421 0.208428
v 0.319626 -0.266421 0.208428
v 0.290158 -0.281137 0.208428
v 0.319626 -0.281137 0.208428
v 0.790706 0.275924 0.345138
v 0.759177 0.275924 0.376667
v 0.970434 0.275924 0.524866
v 0.967178 0.275924 0.532725
v 0.932854 0.275924 0.532725
v 0.902776 0.275924 0.520266
v 0.925163 0.275924 0.531777
v 0.916746 0.275924 0.529076
v 0.908886 0.275924 0.525034
v 0.790706 0.276870 0.345138
v 0.790706 0.276870 0.402374
v 0.413094 0.276870 0.345138
v 0.413094 0.276870 0.402374
v 0.790706 0.266422 0.345138
v 0.790706 0.266422 0.402374
v 0.413094 0.266422 0.345138
v 0.413094 0.266422 0.402374
v 0.964891 0.153503 0.520378
v 0.952099 0.153503 0.463284
v 0.932510 0.153503 0.487611
v 0.916179 0.153503 0.432794
v 0.896189 0.153503 0.451162
v 0.889359 0.153503 0.403364
v 0.864558 0.153503 0.419665
v 0.864613 0.153503 0.360602
v 0.805604 0.153503 0.361696
v 0.849102 0.153503 0.315699
v 0.806187 0.153503 0.320211
v 0.839374 0.153503 0.262790
v 0.806187 0.153503 0.265878
v 0.835959 0.153503 0.199314
v 0.806187 0.153503 0.199314
v 0.964891 0.124136 0.520378
v 0.952099 0.124135 0.463284
v 0.932510 0.124135 0.487611
v 0.916179 0.124135 0.432794
v 0.896189 0.124135 0.451162
v 0.889359 0.124135 0.403364
v 0.864558 0.124135 0.419665
v 0.864613 0.124135 0.360602
v 0.805604 0.124135 0.361696
v 0.849102 0.124135 0.315699
v 0.806187 0.124135 0.320211
v 0.839374 0.124135 0.262790
v 0.806187 0.124135 0.265878
v 0.835959 0.124135 0.199314
v 0.806187 0.124135 0.199314
v 0.604196 -0.273246 0.264789
v 0.572511 -0.273246 0.260942
v 0.542669 -0.273246 0.249623
v 0.516402 -0.273246 0.231493
v 0.495237 -0.273246 0.207602
v 0.480405 -0.273246 0.179342
v 0.472766 -0.273246 0.148353
v 0.472766 -0.273246 0.116436
v 0.480405 -0.273246 0.085446
v 0.495238 -0.273246 0.057186
v 0.516402 -0.273246 0.033296
v 0.542669 -0.273246 0.015165
v 0.572511 -0.273246 0.003847
v 0.604196 -0.273246 0.000000
v 0.635880 -0.273246 0.003847
v 0.665722 -0.273245 0.015165
v 0.691989 -0.273245 0.033296
v 0.713154 -0.273245 0.057186
v 0.727986 -0.273245 0.085446
v 0.735624 -0.273245 0.116436
v 0.735624 -0.273245 0.148353
v 0.727986 -0.273245 0.179342
v 0.713154 -0.273245 0.207603
v 0.691989 -0.273245 0.231493
v 0.665722 -0.273245 0.249623
v 0.635880 -0.273246 0.260942
v 0.604196 -0.273246 0.231823
v 0.580401 -0.273246 0.228934
v 0.557989 -0.273246 0.220434
v 0.538262 -0.273246 0.206818
v 0.522366 -0.273246 0.188877
v 0.511227 -0.273246 0.167653
v 0.505491 -0.273246 0.144379
v 0.505491 -0.273246 0.120409
v 0.511227 -0.273246 0.097136
v 0.522366 -0.273246 0.075912
v 0.538262 -0.273246 0.057970
v 0.557989 -0.273246 0.044354
v 0.580401 -0.273246 0.035854
v 0.604196 -0.273246 0.032965
v 0.627990 -0.273246 0.035854
v 0.650402 -0.273245 0.044354
v 0.670130 -0.273245 0.057970
v 0.686024 -0.273245 0.075912
v 0.697163 -0.273245 0.097136
v 0.702900 -0.273245 0.120410
v 0.702900 -0.273245 0.144379
v 0.697163 -0.273245 0.167653
v 0.686024 -0.273245 0.188877
v 0.670130 -0.273245 0.206818
v 0.650402 -0.273245 0.220434
v 0.627990 -0.273246 0.228934
v 0.604196 -0.255463 0.215838
v 0.584226 -0.255463 0.213414
v 0.565418 -0.255463 0.206280
v 0.548862 -0.255463 0.194853
v 0.535523 -0.255463 0.179795
v 0.526174 -0.255463 0.161983
v 0.521361 -0.255463 0.142453
v 0.521361 -0.255463 0.122336
v 0.526174 -0.255463 0.102805
v 0.535523 -0.255463 0.084993
v 0.548862 -0.255463 0.069936
v 0.565418 -0.255463 0.058509
v 0.584226 -0.255463 0.051375
v 0.604196 -0.255463 0.048950
v 0.624165 -0.255463 0.051375
v 0.642974 -0.255463 0.058509
v 0.659529 -0.255463 0.069936
v 0.672869 -0.255463 0.084993
v 0.682217 -0.255463 0.102805
v 0.687031 -0.255463 0.122336
v 0.687031 -0.255463 0.142453
v 0.682217 -0.255463 0.161983
v 0.672869 -0.255463 0.179796
v 0.659529 -0.255463 0.194853
v 0.642974 -0.255463 0.206280
v 0.624165 -0.255463 0.213414
v 0.581132 -0.255463 0.225966
v 0.604196 -0.255463 0.228766
v 0.559410 -0.255463 0.217727
v 0.540290 -0.255463 0.204530
v 0.524883 -0.255463 0.187140
v 0.514086 -0.255463 0.166569
v 0.508527 -0.255463 0.144010
v 0.508527 -0.255463 0.120778
v 0.514086 -0.255463 0.098220
v 0.524883 -0.255463 0.077649
v 0.540290 -0.255463 0.060258
v 0.559410 -0.255463 0.047062
v 0.581132 -0.255463 0.038822
v 0.604196 -0.255463 0.036022
v 0.627259 -0.255463 0.038823
v 0.648982 -0.255463 0.047062
v 0.668102 -0.255463 0.060259
v 0.683508 -0.255463 0.077649
v 0.694305 -0.255463 0.098220
v 0.699865 -0.255463 0.120778
v 0.699865 -0.255463 0.144010
v 0.694305 -0.255463 0.166569
v 0.683508 -0.255463 0.187140
v 0.668102 -0.255463 0.204530
v 0.648982 -0.255463 0.217727
v 0.627259 -0.255463 0.225966
v 0.584226 -0.271251 0.213414
v 0.604196 -0.271251 0.215838
v 0.565418 -0.271251 0.206280
v 0.548862 -0.271251 0.194853
v 0.535523 -0.271251 0.179795
v 0.526174 -0.271251 0.161983
v 0.521361 -0.271251 0.142453
v 0.521361 -0.271251 0.122336
v 0.526174 -0.271251 0.102805
v 0.535523 -0.271251 0.084993
v 0.548862 -0.271251 0.069936
v 0.565418 -0.271251 0.058509
v 0.584226 -0.271251 0.051375
v 0.604196 -0.271251 0.048950
v 0.624165 -0.271251 0.051375
v 0.642974 -0.271251 0.058509
v 0.659529 -0.271251 0.069936
v 0.672869 -0.271251 0.084993
v 0.682217 -0.271251 0.102805
v 0.687031 -0.271251 0.122336
v 0.687031 -0.271251 0.142453
v 0.682217 -0.271251 0.161983
v 0.672869 -0.271251 0.179796
v 0.659529 -0.271251 0.194853
v 0.642974 -0.271251 0.206280
v 0.624165 -0.271251 0.213414
v 0.604196 -0.175603 0.264789
v 0.572511 -0.175603 0.260942
v 0.542669 -0.175603 0.249623
v 0.516402 -0.175603 0.231493
v 0.495237 -0.175603 0.207602
v 0.480405 -0.175603 0.179342
v 0.472766 -0.175603 0.148353
v 0.472766 -0.175603 0.116436
v 0.480405 -0.175603 0.085446
v 0.495238 -0.175603 0.057186
v 0.516402 -0.175603 0.033296
v 0.542669 -0.175603 0.015165
v 0.572511 -0.175603 0.003847
v 0.604196 -0.175603 0.000000
v 0.635880 -0.175603 0.003847
v 0.665722 -0.175603 0.015165
v 0.691989 -0.175603 0.033296
v 0.713154 -0.175603 0.057186
v 0.727986 -0.175603 0.085446
v 0.735624 -0.175603 0.116436
v 0.735624 -0.175603 0.148353
v 0.727986 -0.175603 0.179342
v 0.713154 -0.175603 0.207603
v 0.691989 -0.175603 0.231493
v 0.665722 -0.175603 0.249623
v 0.635880 -0.175603 0.260942
v -0.155747 -0.273246 0.264789
v -0.187431 -0.273246 0.260942
v -0.217274 -0.273246 0.249623
v -0.243541 -0.273246 0.231493
v -0.264706 -0.273246 0.207602
v -0.279538 -0.273246 0.179342
v -0.287176 -0.273246 0.148353
v -0.287176 -0.273246 0.116436
v -0.279538 -0.273246 0.085446
v -0.264706 -0.273246 0.057186
v -0.243541 -0.273246 0.033296
v -0.217274 -0.273246 0.015165
v -0.187431 -0.273246 0.003847
v -0.155747 -0.273246 0.000000
v -0.124062 -0.273246 0.003847
v -0.094220 -0.273246 0.015165
v -0.067954 -0.273246 0.033296
v -0.046789 -0.273246 0.057186
v -0.031957 -0.273246 0.085446
v -0.024318 -0.273246 0.116436
v -0.024318 -0.273246 0.148353
v -0.031957 -0.273246 0.179342
v -0.046789 -0.273246 0.207602
v -0.067954 -0.273246 0.231493
v -0.094220 -0.273246 0.249623
v -0.124062 -0.273246 0.260942
v -0.155747 -0.273246 0.231823
v -0.179542 -0.273246 0.228934
v -0.201954 -0.273246 0.220434
v -0.221682 -0.273246 0.206818
v -0.237576 -0.273246 0.188877
v -0.248715 -0.273246 0.167653
v -0.254451 -0.273246 0.144379
v -0.254451 -0.273246 0.120409
v -0.248715 -0.273246 0.097136
v -0.237576 -0.273246 0.075912
v -0.221681 -0.273246 0.057970
v -0.201954 -0.273246 0.044354
v -0.179542 -0.273246 0.035854
v -0.155747 -0.273246 0.032965
v -0.131952 -0.273246 0.035854
v -0.109540 -0.273246 0.044354
v -0.089813 -0.273246 0.057970
v -0.073918 -0.273246 0.075912
v -0.062779 -0.273246 0.097136
v -0.057042 -0.273246 0.120409
v -0.057042 -0.273246 0.144379
v -0.062779 -0.273246 0.167653
v -0.073918 -0.273246 0.188877
v -0.089813 -0.273246 0.206818
v -0.109540 -0.273246 0.220434
v -0.131952 -0.273246 0.228934
v -0.155747 -0.255464 0.215838
v -0.175717 -0.255464 0.213413
v -0.194525 -0.255464 0.206280
v -0.211080 -0.255464 0.194853
v -0.224420 -0.255464 0.179796
v -0.233768 -0.255464 0.161983
v -0.238582 -0.255464 0.142453
v -0.238582 -0.255464 0.122336
v -0.233768 -0.255464 0.102805
v -0.224420 -0.255464 0.084993
v -0.211080 -0.255464 0.069936
v -0.194525 -0.255464 0.058509
v -0.175717 -0.255464 0.051375
v -0.155747 -0.255464 0.048950
v -0.135778 -0.255464 0.051375
v -0.116969 -0.255464 0.058509
v -0.100414 -0.255464 0.069936
v -0.087074 -0.255464 0.084993
v -0.077726 -0.255464 0.102805
v -0.072912 -0.255464 0.122336
v -0.072912 -0.255464 0.142453
v -0.077726 -0.255464 0.161983
v -0.087074 -0.255464 0.179795
v -0.100414 -0.255464 0.194853
v -0.116969 -0.255464 0.206280
v -0.135778 -0.255464 0.213413
v -0.178810 -0.255464 0.225966
v -0.155747 -0.255464 0.228766
v -0.200533 -0.255464 0.217727
v -0.219653 -0.255464 0.204530
v -0.235059 -0.255464 0.187140
v -0.245856 -0.255464 0.166568
v -0.251416 -0.255464 0.144010
v -0.251416 -0.255464 0.120778
v -0.245856 -0.255464 0.098220
v -0.235059 -0.255464 0.077649
v -0.219653 -0.255464 0.060258
v -0.200533 -0.255464 0.047061
v -0.178810 -0.255464 0.038823
v -0.155747 -0.255464 0.036022
v -0.132683 -0.255464 0.038823
v -0.110961 -0.255464 0.047061
v -0.091841 -0.255464 0.060258
v -0.076434 -0.255464 0.077649
v -0.065638 -0.255464 0.098220
v -0.060078 -0.255464 0.120778
v -0.060078 -0.255464 0.144010
v -0.065638 -0.255464 0.166568
v -0.076434 -0.255464 0.187140
v -0.091841 -0.255464 0.204530
v -0.110961 -0.255464 0.217727
v -0.132683 -0.255464 0.225966
v -0.175717 -0.271251 0.213413
v -0.155747 -0.271251 0.215838
v -0.194525 -0.271251 0.206280
v -0.211080 -0.271251 0.194853
v -0.224420 -0.271251 0.179796
v -0.233768 -0.271251 0.161983
v -0.238582 -0.271251 0.142453
v -0.238582 -0.271251 0.122336
v -0.233768 -0.271251 0.102805
v -0.224420 -0.271251 0.084993
v -0.211080 -0.271251 0.069936
v -0.194525 -0.271251 0.058509
v -0.175717 -0.271251 0.051375
v -0.155747 -0.271251 0.048950
v -0.135778 -0.271251 0.051375
v -0.116969 -0.271251 0.058509
v -0.100414 -0.271251 0.069936
v -0.087074 -0.271251 0.084993
v -0.077726 -0.271251 0.102805
v -0.072912 -0.271251 0.122336
v -0.072912 -0.271251 0.142453
v -0.077726 -0.271251 0.161983
v -0.087074 -0.271251 0.179795
v -0.100414 -0.271251 0.194853
v -0.116969 -0.271251 0.206280
v -0.135778 -0.271251 0.213413
v -0.155747 -0.175603 0.264789
v -0.187431 -0.175603 0.260942
v -0.217274 -0.175603 0.249623
v -0.243541 -0.175603 0.231493
v -0.264706 -0.175603 0.207602
v -0.279538 -0.175603 0.179342
v -0.287176 -0.175603 0.148353
v -0.287176 -0.175603 0.116436
v -0.279538 -0.175603 0.085446
v -0.264706 -0.175603 0.057186
v -0.243541 -0.175603 0.033296
v -0.217274 -0.175603 0.015165
v -0.187431 -0.175603 0.003847
v -0.155747 -0.175603 0.000000
v -0.124063 -0.175603 0.003847
v -0.094220 -0.175603 0.015165
v -0.067954 -0.175603 0.033296
v -0.046789 -0.175603 0.057186
v -0.031957 -0.175603 0.085446
v -0.024318 -0.175603 0.116436
v -0.024318 -0.175603 0.148353
v -0.031957 -0.175603 0.179342
v -0.046789 -0.175603 0.207602
v -0.067954 -0.175603 0.231493
v -0.094220 -0.175603 0.249623
v -0.124062 -0.175603 0.260942
v -0.448448 -0.273246 0.264788
v -0.480132 -0.273246 0.260942
v -0.509975 -0.273246 0.249623
v -0.536242 -0.273246 0.231492
v -0.557406 -0.273246 0.207602
v -0.572238 -0.273246 0.179342
v -0.579877 -0.273246 0.148353
v -0.579877 -0.273246 0.116436
v -0.572238 -0.273246 0.085446
v -0.557406 -0.273246 0.057186
v -0.536242 -0.273246 0.033296
v -0.509975 -0.273246 0.015165
v -0.480132 -0.273246 0.003847
v -0.448448 -0.273246 0.000000
v -0.416764 -0.273246 0.003847
v -0.386922 -0.273246 0.015165
v -0.360654 -0.273246 0.033296
v -0.339490 -0.273246 0.057186
v -0.324658 -0.273246 0.085446
v -0.317019 -0.273246 0.116436
v -0.317019 -0.273246 0.148353
v -0.324658 -0.273246 0.179342
v -0.339490 -0.273246 0.207602
v -0.360654 -0.273246 0.231493
v -0.386922 -0.273246 0.249623
v -0.416764 -0.273246 0.260942
v -0.448448 -0.273246 0.231823
v -0.472243 -0.273246 0.228934
v -0.494655 -0.273246 0.220434
v -0.514382 -0.273246 0.206818
v -0.530277 -0.273246 0.188877
v -0.541416 -0.273246 0.167652
v -0.547153 -0.273246 0.144378
v -0.547153 -0.273246 0.120409
v -0.541416 -0.273246 0.097136
v -0.530277 -0.273246 0.075911
v -0.514382 -0.273246 0.057970
v -0.494655 -0.273246 0.044354
v -0.472243 -0.273246 0.035854
v -0.448448 -0.273246 0.032964
v -0.424653 -0.273246 0.035854
v -0.402241 -0.273246 0.044354
v -0.382514 -0.273246 0.057970
v -0.366619 -0.273246 0.075911
v -0.355480 -0.273246 0.097136
v -0.349743 -0.273246 0.120409
v -0.349743 -0.273246 0.144379
v -0.355480 -0.273246 0.167652
v -0.366619 -0.273246 0.188877
v -0.382514 -0.273246 0.206818
v -0.402242 -0.273246 0.220434
v -0.424653 -0.273246 0.228934
v -0.448448 -0.255464 0.215838
v -0.468418 -0.255464 0.213413
v -0.487226 -0.255464 0.206279
v -0.503782 -0.255464 0.194852
v -0.517121 -0.255464 0.179796
v -0.526469 -0.255464 0.161983
v -0.531283 -0.255464 0.142452
v -0.531283 -0.255464 0.122336
v -0.526469 -0.255464 0.102804
v -0.517121 -0.255464 0.084993
v -0.503782 -0.255464 0.069936
v -0.487226 -0.255464 0.058509
v -0.468418 -0.255464 0.051375
v -0.448448 -0.255464 0.048950
v -0.428478 -0.255464 0.051375
v -0.409670 -0.255464 0.058509
v -0.393115 -0.255464 0.069936
v -0.379775 -0.255464 0.084993
v -0.370427 -0.255464 0.102804
v -0.365613 -0.255464 0.122336
v -0.365613 -0.255464 0.142452
v -0.370427 -0.255464 0.161983
v -0.379775 -0.255464 0.179796
v -0.393115 -0.255464 0.194852
v -0.409670 -0.255464 0.206279
v -0.428478 -0.255464 0.213413
v -0.471512 -0.255464 0.225966
v -0.448448 -0.255464 0.228766
v -0.493234 -0.255464 0.217727
v -0.512354 -0.255464 0.204529
v -0.527761 -0.255464 0.187140
v -0.538558 -0.255464 0.166568
v -0.544117 -0.255464 0.144010
v -0.544117 -0.255464 0.120778
v -0.538558 -0.255464 0.098220
v -0.527761 -0.255464 0.077649
v -0.512354 -0.255464 0.060258
v -0.493234 -0.255464 0.047061
v -0.471512 -0.255464 0.038823
v -0.448448 -0.255464 0.036022
v -0.425385 -0.255464 0.038823
v -0.403662 -0.255464 0.047061
v -0.384542 -0.255464 0.060258
v -0.369135 -0.255464 0.077649
v -0.358338 -0.255464 0.098220
v -0.352779 -0.255464 0.120778
v -0.352779 -0.255464 0.144010
v -0.358338 -0.255464 0.166568
v -0.369135 -0.255464 0.187140
v -0.384542 -0.255464 0.204529
v -0.403662 -0.255464 0.217727
v -0.425385 -0.255464 0.225966
v -0.468418 -0.271251 0.213413
v -0.448448 -0.271251 0.215838
v -0.487226 -0.271251 0.206279
v -0.503782 -0.271251 0.194852
v -0.517121 -0.271251 0.179796
v -0.526469 -0.271251 0.161983
v -0.531283 -0.271251 0.142452
v -0.531283 -0.271251 0.122336
v -0.526469 -0.271251 0.102804
v -0.517121 -0.271251 0.084993
v -0.503782 -0.271251 0.069936
v -0.487226 -0.271251 0.058509
v -0.468418 -0.271251 0.051375
v -0.448448 -0.271251 0.048950
v -0.428478 -0.271251 0.051375
v -0.409670 -0.271251 0.058509
v -0.393115 -0.271251 0.069936
v -0.379775 -0.271251 0.084993
v -0.370427 -0.271251 0.102804
v -0.365613 -0.271251 0.122336
v -0.365613 -0.271251 0.142452
v -0.370427 -0.271251 0.161983
v -0.379775 -0.271251 0.179796
v -0.393115 -0.271251 0.194852
v -0.409670 -0.271251 0.206279
v -0.428478 -0.271251 0.213413
v -0.448448 -0.175603 0.264788
v -0.480132 -0.175603 0.260942
v -0.509974 -0.175603 0.249623
v -0.536242 -0.175603 0.231492
v -0.557406 -0.175603 0.207602
v -0.572238 -0.175603 0.179342
v -0.579877 -0.175603 0.148353
v -0.579877 -0.175603 0.116436
v -0.572238 -0.175603 0.085446
v -0.557406 -0.175603 0.057186
v -0.536242 -0.175603 0.033296
v -0.509974 -0.175603 0.015165
v -0.480132 -0.175603 0.003847
v -0.448448 -0.175603 0.000000
v -0.416764 -0.175603 0.003847
v -0.386922 -0.175603 0.015165
v -0.360654 -0.175603 0.033296
v -0.339490 -0.175603 0.057186
v -0.324658 -0.175603 0.085446
v -0.317019 -0.175603 0.116436
v -0.317019 -0.175603 0.148353
v -0.324658 -0.175603 0.179342
v -0.339490 -0.175603 0.207602
v -0.360654 -0.175603 0.231493
v -0.386922 -0.175603 0.249623
v -0.416764 -0.175603 0.260942
v -0.416764 0.175603 0.260942
v -0.386922 0.175603 0.249623
v -0.360655 0.175603 0.231492
v -0.339490 0.175603 0.207602
v -0.324658 0.175603 0.179342
v -0.317020 0.175603 0.148353
v -0.317019 0.175603 0.116436
v -0.324658 0.175603 0.085446
v -0.339490 0.175603 0.057186
v -0.360654 0.175603 0.033296
v -0.386922 0.175603 0.015165
v -0.416764 0.175603 0.003847
v -0.448448 0.175603 0.000000
v -0.480132 0.175603 0.003847
v -0.509974 0.175603 0.015165
v -0.536242 0.175603 0.033296
v -0.557406 0.175603 0.057186
v -0.572239 0.175603 0.085446
v -0.579878 0.175603 0.116436
v -0.579878 0.175603 0.148353
v -0.572239 0.175603 0.179342
v -0.557406 0.175603 0.207602
v -0.536242 0.175603 0.231492
v -0.509974 0.175603 0.249623
v -0.480132 0.175603 0.260942
v -0.448448 0.175603 0.264788
v -0.428479 0.271251 0.213413
v -0.409670 0.271251 0.206279
v -0.393115 0.271251 0.194852
v -0.379775 0.271251 0.179796
v -0.370427 0.271251 0.161983
v -0.365613 0.271251 0.142452
v -0.365613 0.271251 0.122336
v -0.370427 0.271251 0.102804
v -0.379775 0.271251 0.084993
v -0.393115 0.271251 0.069936
v -0.409670 0.271251 0.058509
v -0.428479 0.271251 0.051375
v -0.448448 0.271251 0.048950
v -0.468418 0.271251 0.051375
v -0.487226 0.271251 0.058509
v -0.503782 0.271251 0.069936
v -0.517121 0.271251 0.084993
v -0.526470 0.271251 0.102804
v -0.531283 0.271251 0.122336
v -0.531283 0.271251 0.142452
v -0.526470 0.271251 0.161983
v -0.517121 0.271251 0.179796
v -0.503782 0.271251 0.194852
v -0.487226 0.271251 0.206279
v -0.448448 0.271251 0.215838
v -0.468418 0.271251 0.213413
v -0.425385 0.255464 0.225966
v -0.403662 0.255464 0.217727
v -0.384542 0.255464 0.204529
v -0.369135 0.255464 0.187140
v -0.358338 0.255464 0.166568
v -0.352779 0.255464 0.144010
v -0.352779 0.255464 0.120778
v -0.358338 0.255464 0.098220
v -0.369135 0.255464 0.077649
v -0.384542 0.255464 0.060258
v -0.403662 0.255464 0.047061
v -0.425385 0.255464 0.038823
v -0.448448 0.255464 0.036022
v -0.471512 0.255464 0.038823
v -0.493234 0.255464 0.047061
v -0.512354 0.255464 0.060258
v -0.527761 0.255464 0.077649
v -0.538558 0.255464 0.098220
v -0.544118 0.255464 0.120778
v -0.544118 0.255464 0.144010
v -0.538558 0.255464 0.166568
v -0.527761 0.255464 0.187140
v -0.512354 0.255464 0.204529
v -0.493234 0.255464 0.217727
v -0.448448 0.255464 0.228766
v -0.471512 0.255464 0.225966
v -0.428479 0.255464 0.213413
v -0.409670 0.255464 0.206279
v -0.393115 0.255464 0.194852
v -0.379775 0.255464 0.179796
v -0.370427 0.255464 0.161983
v -0.365613 0.255464 0.142452
v -0.365613 0.255464 0.122336
v -0.370427 0.255464 0.102804
v -0.379775 0.255464 0.084993
v -0.393115 0.255464 0.069936
v -0.409670 0.255464 0.058509
v -0.428479 0.255464 0.051375
v -0.448448 0.255464 0.048950
v -0.468418 0.255464 0.051375
v -0.487226 0.255464 0.058509
v -0.503782 0.255464 0.069936
v -0.517121 0.255464 0.084993
v -0.526470 0.255464 0.102804
v -0.531283 0.255464 0.122336
v -0.531283 0.255464 0.142452
v -0.526470 0.255464 0.161983
v -0.517121 0.255464 0.179796
v -0.503782 0.255464 0.194852
v -0.487226 0.255464 0.206279
v -0.468418 0.255464 0.213413
v -0.448448 0.255464 0.215838
v -0.424653 0.273246 0.228934
v -0.402242 0.273246 0.220434
v -0.382514 0.273246 0.206818
v -0.366620 0.273246 0.188877
v -0.355480 0.273246 0.167652
v -0.349743 0.273246 0.144378
v -0.349743 0.273246 0.120409
v -0.355480 0.273246 0.097136
v -0.366620 0.273246 0.075911
v -0.382514 0.273246 0.057970
v -0.402241 0.273246 0.044354
v -0.424653 0.273246 0.035854
v -0.448448 0.273246 0.032964
v -0.472243 0.273246 0.035854
v -0.494655 0.273246 0.044354
v -0.514382 0.273246 0.057970
v -0.530278 0.273246 0.075911
v -0.541417 0.273246 0.097136
v -0.547153 0.273246 0.120409
v -0.547153 0.273246 0.144378
v -0.541417 0.273246 0.167652
v -0.530278 0.273246 0.188877
v -0.514382 0.273246 0.206818
v -0.494655 0.273246 0.220434
v -0.472243 0.273246 0.228934
v -0.448448 0.273246 0.231823
v -0.416764 0.273246 0.260942
v -0.386922 0.273246 0.249623
v -0.360655 0.273246 0.231492
v -0.339490 0.273246 0.207602
v -0.324658 0.273246 0.179342
v -0.317020 0.273246 0.148353
v -0.317020 0.273246 0.116436
v -0.324658 0.273246 0.085446
v -0.339490 0.273246 0.057186
v -0.360654 0.273246 0.033296
v -0.386922 0.273246 0.015165
v -0.416764 0.273246 0.003847
v -0.448448 0.273246 0.000000
v -0.480132 0.273246 0.003847
v -0.509975 0.273246 0.015165
v -0.536242 0.273246 0.033296
v -0.557406 0.273246 0.057186
v -0.572239 0.273246 0.085446
v -0.579878 0.273246 0.116436
v -0.579878 0.273246 0.148353
v -0.572239 0.273246 0.179342
v -0.557406 0.273246 0.207602
v -0.536242 0.273246 0.231492
v -0.509975 0.273246 0.249623
v -0.480132 0.273246 0.260942
v -0.448448 0.273246 0.264788
v -0.124063 0.175603 0.260942
v -0.094220 0.175603 0.249623
v -0.067954 0.175603 0.231493
v -0.046789 0.175603 0.207602
v -0.031957 0.175603 0.179342
v -0.024318 0.175603 0.148353
v -0.024318 0.175603 0.116436
v -0.031957 0.175603 0.085446
v -0.046789 0.175603 0.057186
v -0.067954 0.175603 0.033296
v -0.094220 0.175603 0.015165
v -0.124063 0.175603 0.003847
v -0.155747 0.175603 0.000000
v -0.187431 0.175603 0.003847
v -0.217274 0.175603 0.015165
v -0.243541 0.175603 0.033296
v -0.264706 0.175603 0.057186
v -0.279538 0.175603 0.085446
v -0.287176 0.175603 0.116436
v -0.287176 0.175603 0.148353
v -0.279538 0.175603 0.179342
v -0.264706 0.175603 0.207602
v -0.243541 0.175603 0.231493
v -0.217274 0.175603 0.249623
v -0.187431 0.175603 0.260942
v -0.155747 0.175603 0.264789
v -0.135778 0.271251 0.213413
v -0.116969 0.271251 0.206280
v -0.100414 0.271251 0.194853
v -0.087074 0.271251 0.179795
v -0.077726 0.271251 0.161983
v -0.072912 0.271251 0.142453
v -0.072912 0.271251 0.122336
v -0.077726 0.271251 0.102805
v -0.087074 0.271251 0.084993
v -0.100414 0.271251 0.069936
v -0.116969 0.271251 0.058509
v -0.135778 0.271251 0.051375
v -0.155747 0.271251 0.048950
v -0.175717 0.271251 0.051375
v -0.194525 0.271251 0.058509
v -0.211081 0.271251 0.069936
v -0.224420 0.271251 0.084993
v -0.233768 0.271251 0.102804
v -0.238582 0.271251 0.122336
v -0.238582 0.271251 0.142452
v -0.233769 0.271251 0.161983
v -0.224420 0.271251 0.179796
v -0.211081 0.271251 0.194852
v -0.194525 0.271251 0.206280
v -0.155747 0.271251 0.215838
v -0.175717 0.271251 0.213413
v -0.132684 0.255464 0.225966
v -0.110961 0.255464 0.217727
v -0.091841 0.255464 0.204530
v -0.076434 0.255464 0.187140
v -0.065638 0.255464 0.166568
v -0.060078 0.255464 0.144010
v -0.060078 0.255464 0.120778
v -0.065638 0.255464 0.098220
v -0.076434 0.255464 0.077649
v -0.091841 0.255464 0.060258
v -0.110961 0.255464 0.047061
v -0.132683 0.255464 0.038823
v -0.155747 0.255464 0.036022
v -0.178810 0.255464 0.038823
v -0.200533 0.255464 0.047061
v -0.219653 0.255464 0.060258
v -0.235059 0.255464 0.077649
v -0.245856 0.255464 0.098220
v -0.251417 0.255464 0.120778
v -0.251417 0.255464 0.144010
v -0.245856 0.255464 0.166568
v -0.235059 0.255464 0.187140
v -0.219654 0.255464 0.204529
v -0.200534 0.255464 0.217727
v -0.155747 0.255464 0.228766
v -0.178810 0.255464 0.225966
v -0.135778 0.255464 0.213413
v -0.116969 0.255464 0.206280
v -0.100414 0.255464 0.194853
v -0.087074 0.255464 0.179795
v -0.077726 0.255464 0.161983
v -0.072912 0.255464 0.142453
v -0.072912 0.255464 0.122336
v -0.077726 0.255464 0.102805
v -0.087074 0.255464 0.084993
v -0.100414 0.255464 0.069936
v -0.116969 0.255464 0.058509
v -0.135778 0.255464 0.051375
v -0.155747 0.255464 0.048950
v -0.175717 0.255464 0.051375
v -0.194525 0.255464 0.058509
v -0.211081 0.255464 0.069936
v -0.224420 0.255464 0.084993
v -0.233768 0.255464 0.102804
v -0.238582 0.255464 0.122336
v -0.238582 0.255464 0.142452
v -0.233769 0.255464 0.161983
v -0.224420 0.255464 0.179796
v -0.211081 0.255464 0.194852
v -0.194525 0.255464 0.206280
v -0.175717 0.255464 0.213413
v -0.155747 0.255464 0.215838
v -0.131952 0.273246 0.228934
v -0.109540 0.273246 0.220434
v -0.089814 0.273246 0.206818
v -0.073918 0.273246 0.188877
v -0.062779 0.273246 0.167653
v -0.057042 0.273246 0.144379
v -0.057042 0.273246 0.120409
v -0.062779 0.273246 0.097136
v -0.073918 0.273246 0.075912
v -0.089813 0.273246 0.057970
v -0.109540 0.273246 0.044354
v -0.131952 0.273246 0.035854
v -0.155747 0.273246 0.032965
v -0.179542 0.273246 0.035854
v -0.201954 0.273246 0.044354
v -0.221681 0.273246 0.057970
v -0.237576 0.273246 0.075911
v -0.248715 0.273246 0.097136
v -0.254451 0.273246 0.120409
v -0.254451 0.273246 0.144378
v -0.248715 0.273246 0.167652
v -0.237576 0.273246 0.188877
v -0.221682 0.273246 0.206818
v -0.201954 0.273246 0.220434
v -0.179542 0.273246 0.228934
v -0.155747 0.273246 0.231823
v -0.124063 0.273246 0.260942
v -0.094220 0.273246 0.249623
v -0.067954 0.273246 0.231493
v -0.046789 0.273246 0.207602
v -0.031957 0.273246 0.179342
v -0.024318 0.273246 0.148353
v -0.024318 0.273246 0.116436
v -0.031957 0.273246 0.085446
v -0.046789 0.273246 0.057186
v -0.067954 0.273246 0.033296
v -0.094220 0.273246 0.015165
v -0.124062 0.273246 0.003847
v -0.155747 0.273246 0.000000
v -0.187431 0.273246 0.003847
v -0.217274 0.273246 0.015165
v -0.243541 0.273246 0.033296
v -0.264706 0.273246 0.057186
v -0.279538 0.273246 0.085446
v -0.287176 0.273246 0.116436
v -0.287176 0.273246 0.148353
v -0.279538 0.273246 0.179342
v -0.264706 0.273246 0.207602
v -0.243541 0.273246 0.231493
v -0.217274 0.273246 0.249623
v -0.187431 0.273246 0.260942
v -0.155747 0.273246 0.264789
v 0.635879 0.175603 0.260942
v 0.665722 0.175603 0.249623
v 0.691989 0.175603 0.231493
v 0.713154 0.175603 0.207602
v 0.727986 0.175603 0.179342
v 0.735624 0.175603 0.148353
v 0.735624 0.175603 0.116436
v 0.727986 0.175603 0.085446
v 0.713154 0.175603 0.057186
v 0.691989 0.175603 0.033296
v 0.665722 0.175603 0.015165
v 0.635880 0.175603 0.003847
v 0.604196 0.175603 0.000000
v 0.572511 0.175603 0.003847
v 0.542669 0.175603 0.015165
v 0.516402 0.175603 0.033296
v 0.495238 0.175603 0.057186
v 0.480405 0.175603 0.085446
v 0.472766 0.175603 0.116436
v 0.472766 0.175603 0.148353
v 0.480405 0.175603 0.179342
v 0.495237 0.175603 0.207602
v 0.516402 0.175603 0.231493
v 0.542669 0.175603 0.249623
v 0.572511 0.175603 0.260942
v 0.604196 0.175603 0.264789
v 0.624165 0.271251 0.213414
v 0.642974 0.271251 0.206280
v 0.659529 0.271251 0.194853
v 0.672868 0.271251 0.179796
v 0.682217 0.271251 0.161983
v 0.687031 0.271251 0.142453
v 0.687031 0.271251 0.122336
v 0.682217 0.271251 0.102805
v 0.672868 0.271251 0.084993
v 0.659529 0.271251 0.069936
v 0.642974 0.271251 0.058509
v 0.624165 0.271251 0.051375
v 0.604196 0.271251 0.048950
v 0.584226 0.271251 0.051375
v 0.565418 0.271251 0.058509
v 0.548862 0.271251 0.069936
v 0.535523 0.271251 0.084993
v 0.526174 0.271251 0.102805
v 0.521361 0.271251 0.122336
v 0.521361 0.271251 0.142453
v 0.526174 0.271251 0.161983
v 0.535523 0.271251 0.179795
v 0.548862 0.271251 0.194853
v 0.565418 0.271251 0.206280
v 0.604196 0.271251 0.215838
v 0.584226 0.271251 0.213414
v 0.627258 0.255464 0.225966
v 0.648982 0.255464 0.217727
v 0.668102 0.255464 0.204530
v 0.683508 0.255464 0.187140
v 0.694305 0.255464 0.166569
v 0.699865 0.255464 0.144010
v 0.699865 0.255464 0.120778
v 0.694305 0.255464 0.098220
v 0.683508 0.255464 0.077649
v 0.668102 0.255464 0.060259
v 0.648982 0.255464 0.047062
v 0.627259 0.255464 0.038823
v 0.604196 0.255464 0.036022
v 0.581132 0.255464 0.038822
v 0.559410 0.255464 0.047062
v 0.540290 0.255464 0.060258
v 0.524883 0.255464 0.077649
v 0.514086 0.255464 0.098220
v 0.508526 0.255464 0.120778
v 0.508526 0.255464 0.144010
v 0.514086 0.255464 0.166569
v 0.524883 0.255464 0.187140
v 0.540289 0.255464 0.204530
v 0.559409 0.255464 0.217727
v 0.604196 0.255464 0.228766
v 0.581132 0.255464 0.225966
v 0.624165 0.255464 0.213414
v 0.642974 0.255464 0.206280
v 0.659529 0.255464 0.194853
v 0.672868 0.255464 0.179796
v 0.682217 0.255464 0.161983
v 0.687031 0.255464 0.142453
v 0.687031 0.255464 0.122336
v 0.682217 0.255464 0.102805
v 0.672868 0.255464 0.084993
v 0.659529 0.255464 0.069936
v 0.642974 0.255464 0.058509
v 0.624165 0.255464 0.051375
v 0.604196 0.255464 0.048950
v 0.584226 0.255464 0.051375
v 0.565418 0.255464 0.058509
v 0.548862 0.255464 0.069936
v 0.535523 0.255464 0.084993
v 0.526174 0.255464 0.102805
v 0.521361 0.255464 0.122336
v 0.521361 0.255464 0.142453
v 0.526174 0.255464 0.161983
v 0.535523 0.255464 0.179795
v 0.548862 0.255464 0.194853
v 0.565418 0.255464 0.206280
v 0.584226 0.255464 0.213414
v 0.604196 0.255464 0.215838
v 0.627990 0.273246 0.228934
v 0.650402 0.273247 0.220434
v 0.670130 0.273247 0.206818
v 0.686024 0.273247 0.188877
v 0.697163 0.273247 0.167653
v 0.702900 0.273247 0.144379
v 0.702900 0.273247 0.120409
v 0.697163 0.273247 0.097136
v 0.686024 0.273247 0.075912
v 0.670130 0.273247 0.057970
v 0.650402 0.273247 0.044354
v 0.627990 0.273246 0.035854
v 0.604196 0.273246 0.032965
v 0.580401 0.273246 0.035854
v 0.557989 0.273246 0.044354
v 0.538262 0.273246 0.057970
v 0.522366 0.273246 0.075912
v 0.511227 0.273246 0.097136
v 0.505491 0.273246 0.120409
v 0.505491 0.273246 0.144379
v 0.511227 0.273246 0.167653
v 0.522366 0.273246 0.188877
v 0.538262 0.273246 0.206818
v 0.557989 0.273246 0.220434
v 0.580401 0.273246 0.228934
v 0.604196 0.273246 0.231823
v 0.635879 0.273246 0.260942
v 0.665722 0.273247 0.249623
v 0.691989 0.273247 0.231493
v 0.713154 0.273247 0.207602
v 0.727986 0.273247 0.179342
v 0.735624 0.273247 0.148353
v 0.735624 0.273247 0.116436
v 0.727986 0.273247 0.085446
v 0.713154 0.273247 0.057186
v 0.691989 0.273247 0.033296
v 0.665722 0.273247 0.015165
v 0.635880 0.273246 0.003847
v 0.604196 0.273246 0.000000
v 0.572511 0.273246 0.003847
v 0.542669 0.273246 0.015165
v 0.516402 0.273246 0.033296
v 0.495238 0.273246 0.057186
v 0.480405 0.273246 0.085446
v 0.472766 0.273246 0.116436
v 0.472766 0.273246 0.148353
v 0.480405 0.273246 0.179342
v 0.495237 0.273246 0.207602
v 0.516402 0.273246 0.231493
v 0.542669 0.273246 0.249623
v 0.572511 0.273246 0.260942
v 0.604196 0.273246 0.264789
v 0.976659 -0.153501 0.481315
v 0.979646 -0.153501 0.497658
v 0.979646 -0.124135 0.497658
v 0.976659 -0.124135 0.481315
v 0.979646 0.153503 0.497658
v 0.976659 0.153503 0.481315
v 0.976659 0.124136 0.481315
v 0.979646 0.124136 0.497658
v 0.132690 -0.281137 0.208428
v 0.103221 -0.281137 0.208428
v 0.132690 -0.266421 0.208428
v 0.103221 -0.266421 0.208428
v 0.132690 -0.281137 0.127568
v 0.132690 -0.272141 0.112946
v 0.103221 -0.272141 0.112946
v 0.103221 -0.281137 0.127568
v 0.132689 -0.266421 0.455403
v 0.103221 -0.266421 0.455403
v 0.132689 -0.273330 0.455403
v 0.132689 -0.281137 0.447597
v 0.103221 -0.281137 0.447597
v 0.103221 -0.273330 0.455403
v 0.132689 0.281137 0.208427
v 0.103221 0.281137 0.208428
v 0.132689 0.266421 0.208427
v 0.103221 0.266421 0.208428
v 0.132689 0.281137 0.127568
v 0.132689 0.272141 0.112946
v 0.103221 0.272141 0.112946
v 0.103221 0.281137 0.127568
v 0.132689 0.266421 0.455403
v 0.103221 0.266421 0.455403
v 0.132689 0.273330 0.455403
v 0.132689 0.281137 0.447597
v 0.103221 0.281137 0.447597
v 0.103221 0.273330 0.455403
vn 0.9329 0.1812 -0.3113
vn -0.6986 -0.5855 0.4113
vn 0.1601 -0.9311 0.3278
vn -0.5881 0.7923 -0.1627
vn 0.8400 0.3949 -0.3722
vn -0.5159 -0.7428 0.4267
vn 0.3854 -0.8875 0.2525
vn -0.7563 0.6511 -0.0635
vn 0.6986 0.5855 -0.4113
vn -0.3040 -0.8564 0.4173
vn 0.5879 -0.7924 0.1628
vn -0.8809 0.4717 0.0394
vn 0.5156 0.7430 -0.4267
vn 0.5163 0.7422 -0.4273
vn -0.0734 -0.9206 0.3835
vn -0.0741 -0.9206 0.3835
vn 0.7562 -0.6512 0.0636
vn -0.9539 0.2656 0.1399
vn 0.3032 0.8568 -0.4172
vn 0.3036 0.8566 -0.4172
vn 0.8807 -0.4720 -0.0393
vn -0.9716 0.0437 0.2328
vn -0.9716 0.0433 0.2324
vn 0.0745 0.9205 -0.3836
vn 0.0737 0.9206 -0.3835
vn 0.9539 -0.2658 -0.1397
vn -0.9330 -0.1808 0.3112
vn -0.1607 0.9311 -0.3275
vn 0.9716 -0.0430 -0.2325
vn 0.9717 -0.0434 -0.2322
vn -0.8401 -0.3947 0.3721
vn -0.3854 0.8875 -0.2525
vn 0.2322 0.3581 0.9043
vn 0.7071 0.7071 -0.0000
vn 0.4226 -0.9063 -0.0000
vn -0.4226 -0.9063 -0.0000
vn -0.7071 0.7071 -0.0000
vn 0.4226 0.9063 -0.0000
vn 0.9659 0.2588 -0.0000
vn -0.0871 -0.9962 -0.0000
vn -0.9063 0.4226 -0.0000
vn -0.2588 0.9659 -0.0000
vn 0.8192 0.5736 -0.0000
vn 0.2588 -0.9659 -0.0000
vn -0.5736 -0.8191 -0.0000
vn -0.5736 0.8191 -0.0000
vn 0.5736 0.8192 -0.0000
vn 0.9962 0.0871 -0.0000
vn -0.2588 -0.9659 -0.0000
vn -0.8192 0.5736 -0.0000
vn -0.0872 0.9962 -0.0000
vn 0.5736 -0.8192 -0.0000
vn 0.9063 0.4226 -0.0000
vn 0.0871 -0.9962 -0.0000
vn 0.2588 0.9659 -0.0000
vn -0.9659 0.2588 -0.0000
vn -0.4226 0.9063 -0.0000
vn -0.7071 -0.7071 -0.0000
vn -0.9962 0.0872 -0.0000
vn 0.0871 0.9962 -0.0000
vn 0.7071 -0.7071 -0.0000
vn -0.9962 -0.0872 -0.0000
vn 0.8191 -0.5736 -0.0000
vn -0.9659 -0.2588 -0.0000
vn 0.9063 -0.4226 -0.0000
vn -0.9063 -0.4226 -0.0000
vn 0.9659 -0.2588 -0.0000
vn -0.8191 -0.5736 -0.0000
vn 0.9962 -0.0871 -0.0000
vn -0.0000 -0.0000 1.0000
vn -1.0000 -0.0000 -0.0000
vn -0.0000 1.0000 -0.0000
vn 1.0000 -0.0000 -0.0000
vn -0.0000 -1.0000 -0.0000
vn -0.0000 -0.0000 -1.0000
vn -0.2683 -0.9633 -0.0000
vn 0.9633 -0.2683 -0.0000
vn -0.2195 0.9756 -0.0000
vn 0.9756 0.2195 -0.0000
vn 0.4558 -0.8899 -0.0144
vn 0.9015 0.4252 0.0807
vn -0.0657 -0.0498 0.9966
vn 0.0657 0.0498 -0.9966
vn -0.4559 0.8899 0.0145
vn 0.0812 -0.9918 0.0988
vn 0.9984 0.0524 0.0230
vn -0.0280 0.0967 0.9949
vn 0.0280 -0.0968 -0.9949
vn -0.0812 0.9918 -0.0988
vn 0.6464 -0.0000 0.7630
vn -0.5340 -0.0000 0.8455
vn -0.7697 -0.0000 0.6384
vn -0.0000 -0.8517 -0.5240
vn -0.0000 -0.7071 0.7071
vn -0.0000 0.8517 -0.5240
vn -0.0000 0.7071 0.7071
vn 0.7071 -0.0000 -0.7071
vn -0.1223 -0.0000 0.9925
vn -0.6152 -0.0000 0.7884
vn -0.7071 -0.0000 0.7071
vn 0.9239 -0.0000 0.3827
vn -0.3055 -0.0000 0.9522
vn -0.4573 -0.0000 0.8893
vn 0.5918 -0.0000 -0.8061
vn 0.8387 -0.0000 0.5446
vn 0.9986 -0.0000 -0.0537
vn 0.9452 -0.0000 -0.3265
vn 0.7391 -0.0000 -0.6736
vn 0.9835 -0.0000 -0.1808
vn 0.8655 -0.0000 -0.5009
vn 0.6471 -0.0000 -0.7624
vn -0.0000 -1.0000 0.0001
vn -0.7378 0.1683 -0.6537
vn 0.3496 0.1683 0.9217
vn -0.5600 0.1683 0.8112
vn 0.8728 0.1682 -0.4581
vn -0.5599 0.1682 -0.8113
vn 0.1188 0.1682 0.9786
vn -0.7378 0.1683 0.6537
vn 0.9571 0.1682 -0.2359
vn -0.3496 0.1682 -0.9217
vn -0.8728 0.1683 0.4581
vn 0.9857 0.1683 -0.0000
vn -0.1188 0.1683 -0.9786
vn -0.9571 0.1683 0.2359
vn 0.9571 0.1682 0.2359
vn 0.1188 0.1683 -0.9786
vn -0.9857 0.1682 -0.0000
vn 0.8728 0.1682 0.4581
vn 0.3496 0.1682 -0.9217
vn -0.9571 0.1683 -0.2359
vn 0.7378 0.1683 0.6537
vn -0.1188 0.1683 0.9786
vn 0.5599 0.1683 -0.8113
vn -0.8728 0.1683 -0.4581
vn 0.5600 0.1682 0.8113
vn -0.3496 0.1682 0.9217
vn 0.7378 0.1682 -0.6537
vn -0.8855 -0.0000 -0.4647
vn -0.3546 -0.0000 0.9350
vn 0.9709 -0.0000 0.2393
vn -0.7485 -0.0000 -0.6631
vn 0.1205 -0.0000 -0.9927
vn -0.5681 -0.0000 0.8230
vn 0.8854 -0.0000 0.4647
vn -0.5681 -0.0000 -0.8230
vn 0.3546 -0.0000 -0.9350
vn -0.7485 -0.0000 0.6631
vn 0.7485 -0.0000 0.6631
vn -0.3546 -0.0000 -0.9350
vn 0.5681 -0.0000 -0.8230
vn -0.8855 -0.0000 0.4647
vn 0.5681 -0.0000 0.8230
vn -0.1205 -0.0000 -0.9927
vn 0.7485 -0.0000 -0.6631
vn -0.9709 -0.0000 0.2393
vn 0.3546 -0.0000 0.9350
vn 0.8854 -0.0000 -0.4647
vn 0.1205 -0.0000 0.9927
vn 0.9709 -0.0000 -0.2393
vn -0.9709 -0.0000 -0.2393
vn -0.1205 -0.0000 0.9927
vn -0.8854 -0.0000 0.4647
vn 0.8855 -0.0000 -0.4647
vn -0.5600 0.1683 0.8113
vn -0.5600 0.1682 -0.8113
vn 0.9571 0.1683 -0.2359
vn -0.3495 0.1683 -0.9217
vn -0.9857 0.1683 -0.0000
vn 0.3495 0.1682 -0.9217
vn 0.7379 0.1682 -0.6536
vn 0.1206 -0.0000 -0.9927
vn 0.8855 -0.0000 0.4647
vn -0.1206 -0.0000 -0.9927
vn 0.1188 0.1683 0.9786
vn -0.7378 0.1682 0.6537
vn -0.3496 0.1683 -0.9217
vn -0.8728 0.1682 0.4581
vn -0.1188 0.1683 -0.9785
vn 0.1188 0.1683 -0.9785
vn 0.3496 0.1683 -0.9217
vn -0.9571 0.1682 -0.2359
vn 0.5600 0.1682 0.8112
vn 0.7378 0.1683 -0.6537
vn -0.7485 -0.0000 -0.6632
vn 0.8854 -0.0000 0.4648
vn -0.9571 -0.1683 0.2359
vn -0.8728 -0.1683 -0.4581
vn -0.1188 -0.1683 0.9786
vn -0.9571 -0.1683 -0.2359
vn 0.8728 -0.1682 0.4581
vn 0.1188 -0.1683 -0.9785
vn 0.9571 -0.1682 0.2359
vn 0.9857 -0.1683 -0.0000
vn -0.3496 -0.1683 -0.9217
vn -0.7378 -0.1683 0.6537
vn -0.5599 -0.1683 -0.8113
vn -0.5600 -0.1682 0.8113
vn -0.7378 -0.1683 -0.6537
vn 0.7379 -0.1683 -0.6536
vn -0.1188 -0.1683 -0.9785
vn -0.8728 -0.1683 0.4581
vn 0.5600 -0.1683 0.8112
vn 0.9571 -0.1683 -0.2359
vn 0.5599 -0.1683 -0.8113
vn 0.1188 -0.1683 0.9786
vn -0.3496 -0.1683 0.9217
vn 0.7378 -0.1682 0.6537
vn 0.8728 -0.1682 -0.4581
vn 0.3496 -0.1683 -0.9217
vn 0.3496 -0.1682 0.9217
vn -0.9857 -0.1682 -0.0000
vn -0.8854 -0.0000 -0.4647
vn 0.5680 -0.0000 0.8230
vn -0.1188 -0.1682 0.9786
vn 0.3495 -0.1683 -0.9217
vn -0.9858 -0.1682 -0.0000
vn -0.5600 -0.1683 -0.8113
vn -0.5600 -0.1683 0.8112
vn 0.3496 -0.1683 0.9217
vn -0.3495 -0.1683 0.9217
vn -0.1188 -0.1683 -0.9786
vn -0.3495 -0.1683 -0.9217
vn 0.5600 -0.1682 0.8112
vn 0.1188 -0.1682 0.9786
vn 0.7379 -0.1682 -0.6536
vn 0.1188 -0.1683 -0.9786
vn 0.5599 -0.1683 0.8113
vn 0.9857 -0.1682 -0.0000
vn -0.5599 -0.1682 -0.8113
vn -0.5599 -0.1682 0.8113
vn -0.3496 -0.1682 -0.9217
vn 0.9571 -0.1682 -0.2359
vn 0.7379 -0.1682 -0.6537
vn 0.7379 -0.1682 0.6537
vn 0.3496 -0.1682 -0.9217
vn -0.9857 -0.1683 -0.0000
vn 0.5680 -0.0000 -0.8230
vn 0.9837 -0.0000 -0.1798
vn 0.7574 -0.0000 0.6529
vn 0.2195 -0.9756 -0.0000
vn 0.2683 0.9633 -0.0000
vn -0.2324 -0.3581 -0.9043
vn 0.9329 0.1809 -0.3113
vn -0.6983 -0.5858 0.4114
vn 0.1603 -0.9311 0.3276
vn -0.5880 0.7923 -0.1627
vn 0.8402 0.3945 -0.3720
vn 0.3855 -0.8875 0.2524
vn -0.7562 0.6512 -0.0637
vn 0.6983 0.5857 -0.4114
vn -0.3045 -0.8563 0.4173
vn 0.5880 -0.7923 0.1627
vn -0.8807 0.4721 0.0391
vn 0.5164 0.7428 -0.4262
vn 0.5164 0.7425 -0.4267
vn 0.5158 0.7429 -0.4267
vn -0.0735 -0.9206 0.3834
vn -0.0734 -0.9208 0.3832
vn 0.7565 -0.6510 0.0634
vn -0.9538 0.2660 0.1397
vn 0.8805 -0.4723 -0.0391
vn -0.9717 0.0438 0.2322
vn -0.9717 0.0433 0.2324
vn 0.9538 -0.2658 -0.1398
vn -0.9330 -0.1809 0.3112
vn -0.1608 0.9311 -0.3274
vn 0.9717 -0.0436 -0.2321
vn 0.9716 -0.0436 -0.2327
vn -0.3852 0.8876 -0.2525
vn 0.2308 0.3572 0.9051
vn 0.2321 0.3575 0.9046
vn 0.2323 0.3577 0.9045
vn 0.2316 0.3600 0.9037
vn 0.2291 0.3598 0.9045
vn 0.2323 0.3583 0.9042
vn 0.2322 0.3580 0.9044
vn 0.2330 0.3573 0.9045
vn 0.4559 -0.8899 -0.0145
vn 0.9984 0.0524 0.0231
vn -0.0280 0.0968 0.9949
vn 0.2660 -0.0000 -0.9640
vn 0.4668 -0.0000 -0.8844
vn 0.8135 -0.0000 -0.5815
vn -1.0000 -0.0000 -0.0001
vn 0.0001 -0.0000 1.0000
vn 0.3751 -0.0000 -0.9270
vn 0.3496 0.1682 0.9217
vn -0.5599 0.1682 0.8113
vn 0.9857 0.1682 -0.0000
vn -0.1188 0.1682 -0.9786
vn 0.9571 0.1683 0.2359
vn 0.7379 0.1682 0.6537
vn -0.1188 0.1682 0.9786
vn 0.5600 0.1682 -0.8113
vn 0.5599 0.1683 0.8113
vn -0.3496 0.1683 0.9217
vn -0.5600 0.1682 0.8113
vn -0.5599 0.1683 -0.8113
vn -0.3495 0.1682 -0.9217
vn 0.3495 0.1683 -0.9217
vn 0.7378 0.1682 0.6537
vn 0.8728 0.1683 -0.4581
vn -0.9571 0.1682 0.2359
vn 0.5600 0.1683 -0.8112
vn -0.8728 0.1682 -0.4581
vn -0.9571 -0.1682 0.2359
vn 0.9571 -0.1683 0.2359
vn -0.3495 -0.1682 -0.9217
vn -0.5600 -0.1682 -0.8113
vn 0.7378 -0.1682 -0.6537
vn 0.5600 -0.1683 -0.8112
vn -0.3496 -0.1682 0.9217
vn 0.7378 -0.1683 0.6537
vn -0.9571 -0.1682 -0.2359
vn 0.3495 -0.1682 -0.9217
vn -0.5600 -0.1683 -0.8112
vn -0.5600 -0.1682 0.8112
vn 0.3495 -0.1682 0.9217
vn -0.3495 -0.1682 0.9217
vn 0.5600 -0.1682 0.8113
vn 0.5600 -0.1682 -0.8113
vn 0.7378 -0.1683 -0.6537
vn -0.7378 -0.1682 0.6537
vn -0.5600 -0.1683 0.8113
vn -0.1188 -0.1682 -0.9786
vn 0.7875 -0.0000 -0.6163
vn -0.2321 -0.3583 -0.9043
vn -0.2327 -0.3578 -0.9043
vn -0.2327 -0.3575 -0.9045
vn -0.2325 -0.3569 -0.9048
vn -0.2331 -0.3595 -0.9036
vn -0.2321 -0.3581 -0.9044
vn -0.2292 -0.3577 -0.9053
vn -0.2306 -0.3587 -0.9045
vn -0.2339 -0.3574 -0.9042
vn -0.2322 -0.3577 -0.9045
vn -0.2327 -0.3589 -0.9039
vn -0.2331 -0.3594 -0.9036
vn -0.2321 -0.3580 -0.9044
vn -0.2321 -0.3582 -0.9043
vn -0.2326 -0.3580 -0.9043
vn -0.2326 -0.3584 -0.9041
vn -0.2325 -0.3580 -0.9043
vn -0.2323 -0.3584 -0.9042
vn -0.2323 -0.3583 -0.9042
vn -0.2324 -0.3583 -0.9042
vn -0.2325 -0.3581 -0.9043
vn -0.2322 -0.3581 -0.9044
vt 0.531094 0.001070
vt 0.531157 0.001266
vt 0.531201 0.001450
vt 0.531225 0.001620
vt 0.531230 0.001776
vt 0.531220 0.001914
vt 0.531194 0.002035
vt 0.531156 0.002136
vt 0.531109 0.002217
vt 0.531045 0.002271
vt 0.530977 0.002299
vt 0.530908 0.002312
vt 0.530840 0.002299
vt 0.530774 0.002265
vt 0.530712 0.002205
vt 0.530664 0.002130
vt 0.530622 0.002030
vt 0.530603 0.001923
vt 0.530592 0.001792
vt 0.530598 0.001633
vt 0.530621 0.001459
vt 0.530663 0.001269
vt 0.530726 0.001065
vt 0.530808 0.000845
vt 0.530909 0.000587
vt 0.531009 0.000863
vt 0.531189 0.306421
vt 0.531200 0.306500
vt 0.531211 0.306612
vt 0.531220 0.306755
vt 0.531226 0.306929
vt 0.531230 0.307136
vt 0.531229 0.307374
vt 0.531225 0.307644
vt 0.531219 0.307946
vt 0.531206 0.308279
vt 0.531189 0.308644
vt 0.531166 0.309039
vt 0.531143 0.308644
vt 0.531125 0.308279
vt 0.531112 0.307946
vt 0.531105 0.307645
vt 0.531101 0.307374
vt 0.531099 0.307136
vt 0.531103 0.306930
vt 0.531109 0.306754
vt 0.531117 0.306612
vt 0.531127 0.306500
vt 0.531139 0.306420
vt 0.531151 0.306372
vt 0.531164 0.306356
vt 0.531177 0.306373
vt 0.574425 0.326235
vt 0.574425 0.327680
vt 0.574425 0.329126
vt 0.574425 0.330571
vt 0.574425 0.332016
vt 0.574425 0.333461
vt 0.574425 0.334907
vt 0.574425 0.336352
vt 0.574425 0.337797
vt 0.574425 0.339242
vt 0.574425 0.340688
vt 0.574425 0.342133
vt 0.574425 0.343578
vt 0.574425 0.345024
vt 0.574425 0.346469
vt 0.574425 0.347914
vt 0.574425 0.349359
vt 0.574425 0.350805
vt 0.574425 0.352250
vt 0.574425 0.353695
vt 0.574425 0.355140
vt 0.574425 0.356586
vt 0.574425 0.358031
vt 0.574425 0.359476
vt 0.574425 0.360922
vt 0.574425 0.310337
vt 0.574425 0.362367
vt 0.574425 0.311782
vt 0.574425 0.313228
vt 0.574425 0.314673
vt 0.574425 0.316118
vt 0.574425 0.317563
vt 0.574425 0.319009
vt 0.574425 0.320454
vt 0.574425 0.321899
vt 0.574425 0.323344
vt 0.574425 0.324790
vt 0.575359 0.324790
vt 0.602653 0.321114
vt 0.575359 0.323344
vt 0.601294 0.321608
vt 0.575359 0.321899
vt 0.599871 0.321859
vt 0.575359 0.320454
vt 0.598426 0.321859
vt 0.575359 0.319009
vt 0.597003 0.321608
vt 0.575359 0.317563
vt 0.595644 0.321114
vt 0.575359 0.316118
vt 0.594393 0.320391
vt 0.575359 0.314673
vt 0.593286 0.319462
vt 0.575359 0.313228
vt 0.592357 0.318355
vt 0.575359 0.311782
vt 0.591634 0.317103
vt 0.575359 0.310337
vt 0.575359 0.362367
vt 0.591140 0.315745
vt 0.575359 0.360922
vt 0.590889 0.314322
vt 0.575359 0.359476
vt 0.590889 0.312876
vt 0.575359 0.358031
vt 0.591140 0.311453
vt 0.575359 0.356586
vt 0.591634 0.310095
vt 0.575359 0.355140
vt 0.592357 0.308843
vt 0.575359 0.353695
vt 0.593286 0.307736
vt 0.575359 0.352250
vt 0.594393 0.306807
vt 0.575359 0.350805
vt 0.595644 0.306085
vt 0.575359 0.349359
vt 0.597003 0.305590
vt 0.575359 0.347914
vt 0.598426 0.305339
vt 0.575359 0.346469
vt 0.599871 0.305339
vt 0.575359 0.345024
vt 0.601295 0.305590
vt 0.575359 0.343578
vt 0.602653 0.306085
vt 0.575359 0.342133
vt 0.603904 0.306807
vt 0.575359 0.340688
vt 0.605011 0.307736
vt 0.575359 0.339242
vt 0.605940 0.308843
vt 0.575359 0.337797
vt 0.606663 0.310095
vt 0.575359 0.336352
vt 0.607157 0.311453
vt 0.575359 0.334907
vt 0.607408 0.312876
vt 0.575359 0.333461
vt 0.607408 0.314322
vt 0.575359 0.332016
vt 0.607157 0.315745
vt 0.575359 0.330571
vt 0.606663 0.317103
vt 0.575359 0.329126
vt 0.605940 0.318355
vt 0.575359 0.327680
vt 0.605011 0.319462
vt 0.575359 0.326235
vt 0.603904 0.320391
vt 0.537641 0.329704
vt 0.538386 0.305530
vt 0.536118 0.329704
vt 0.539909 0.305530
vt 0.533758 0.327344
vt 0.537641 0.327344
vt 0.536118 0.327344
vt 0.538386 0.303171
vt 0.537641 0.322625
vt 0.536118 0.322625
vt 0.539909 0.303171
vt 0.533758 0.324985
vt 0.537641 0.324985
vt 0.536118 0.324985
vt 0.304911 0.331681
vt 0.288594 0.380633
vt 0.288594 0.315363
vt 0.304911 0.347998
vt 0.288594 0.364316
vt 0.288594 0.331681
vt 0.288594 0.347998
vt 0.272276 0.380633
vt 0.255959 0.331681
vt 0.272276 0.315363
vt 0.255959 0.347998
vt 0.272276 0.364316
vt 0.272276 0.331681
vt 0.272276 0.347998
vt 0.502886 0.771295
vt 0.339980 0.667077
vt 0.502886 0.737758
vt 0.373517 0.667077
vt 0.339980 0.615087
vt 0.526777 0.771295
vt 0.526777 0.737758
vt 0.373517 0.615087
vt 0.339980 0.653028
vt 0.373517 0.653028
vt 0.339980 0.629136
vt 0.373517 0.629136
vt 0.332804 0.667077
vt 0.366531 0.698128
vt 0.502886 0.778471
vt 0.366531 0.674237
vt 0.332804 0.615087
vt 0.526777 0.778471
vt 0.332804 0.653028
vt 0.380581 0.698128
vt 0.380581 0.674237
vt 0.332804 0.629136
vt 0.052183 0.130168
vt 0.007339 0.087652
vt 0.020435 0.118257
vt 0.008776 0.082861
vt 0.051111 0.130168
vt 0.019364 0.118257
vt 0.052183 0.125553
vt 0.051111 0.124481
vt 0.007339 0.083037
vt 0.008776 0.078246
vt 0.019364 0.123944
vt 0.020435 0.122873
vt 0.051111 0.125553
vt 0.019364 0.122873
vt 0.008776 0.087652
vt 0.048603 0.130168
vt 0.007339 0.082861
vt 0.016856 0.118257
vt 0.049674 0.130168
vt 0.017927 0.118257
vt 0.049674 0.124481
vt 0.008776 0.083037
vt 0.048603 0.125553
vt 0.007339 0.078246
vt 0.017927 0.123944
vt 0.016856 0.122873
vt 0.049674 0.125553
vt 0.017927 0.122873
vt 0.331927 0.418956
vt 0.340712 0.479939
vt 0.336260 0.418956
vt 0.331927 0.449859
vt 0.336124 0.454191
vt 0.340712 0.449037
vt 0.336260 0.449859
vt 0.345715 0.479782
vt 0.345597 0.419113
vt 0.341263 0.419113
vt 0.341127 0.454348
vt 0.345715 0.448879
vt 0.345597 0.450017
vt 0.341263 0.450016
vt 0.349349 0.418956
vt 0.288606 0.361526
vt 0.353682 0.418956
vt 0.349349 0.449859
vt 0.353546 0.454190
vt 0.288606 0.392429
vt 0.353682 0.449859
vt 0.283603 0.361683
vt 0.363019 0.419113
vt 0.358685 0.419113
vt 0.358549 0.454348
vt 0.283603 0.392586
vt 0.363019 0.450016
vt 0.358685 0.450016
vt 0.267396 0.154297
vt 0.295188 0.140224
vt 0.270924 0.139129
vt 0.276627 0.159824
vt 0.267396 0.134714
vt 0.281722 0.154443
vt 0.269901 0.139129
vt 0.277330 0.159081
vt 0.269152 0.137942
vt 0.278295 0.158062
vt 0.270924 0.144867
vt 0.272682 0.163990
vt 0.270924 0.151968
vt 0.298937 0.136265
vt 0.269852 0.144867
vt 0.271945 0.164769
vt 0.268935 0.145658
vt 0.271112 0.165648
vt 0.268935 0.151178
vt 0.300501 0.134614
vt 0.267316 0.169656
vt 0.269889 0.151968
vt 0.299649 0.135513
vt 0.267980 0.154297
vt 0.295589 0.139800
vt 0.270924 0.152715
vt 0.298423 0.136807
vt 0.268619 0.152715
vt 0.296838 0.138481
vt 0.267980 0.153469
vt 0.296158 0.139199
vt 0.129568 0.129434
vt 0.148387 0.088521
vt 0.148387 0.148253
vt 0.154045 0.088521
vt 0.154045 0.148253
vt 0.148387 0.129434
vt 0.154045 0.129434
vt 0.269152 0.134714
vt 0.280515 0.155718
vt 0.295346 0.138165
vt 0.264306 0.215351
vt 0.268428 0.215351
vt 0.295372 0.138165
vt 0.264306 0.138165
vt 0.295346 0.201131
vt 0.268428 0.138165
vt 0.295372 0.201131
vt 0.286400 0.141300
vt 0.264306 0.205106
vt 0.289535 0.138165
vt 0.264306 0.209540
vt 0.301183 0.138165
vt 0.268428 0.209540
vt 0.304318 0.141300
vt 0.268428 0.205106
vt 0.289535 0.201131
vt 0.264306 0.143976
vt 0.286400 0.197996
vt 0.264306 0.148410
vt 0.304318 0.197996
vt 0.268428 0.148410
vt 0.268428 0.143976
vt 0.301183 0.201131
vt 0.035030 0.141364
vt 0.035167 0.131480
vt 0.046906 0.131480
vt 0.046906 0.109331
vt 0.035030 0.109324
vt 0.035167 0.112485
vt 0.035030 0.122370
vt 0.038321 0.109331
vt 0.035030 0.117909
vt 0.511060 0.392133
vt 0.507709 0.389608
vt 0.507305 0.389608
vt 0.511060 0.392160
vt 0.507709 0.396515
vt 0.511060 0.391621
vt 0.507305 0.396515
vt 0.511060 0.392673
vt 0.508245 0.392133
vt 0.507709 0.388500
vt 0.507736 0.391820
vt 0.507709 0.388265
vt 0.507305 0.388265
vt 0.507736 0.392473
vt 0.507305 0.388500
vt 0.508245 0.392160
vt 0.519659 0.391621
vt 0.507709 0.393131
vt 0.519659 0.392673
vt 0.507305 0.393131
vt 0.507278 0.389608
vt 0.546908 0.411736
vt 0.506875 0.389608
vt 0.528284 0.411736
vt 0.507278 0.396515
vt 0.546908 0.411223
vt 0.506875 0.396515
vt 0.528284 0.411223
vt 0.544093 0.411736
vt 0.507278 0.388500
vt 0.543584 0.411422
vt 0.507278 0.388265
vt 0.506875 0.388265
vt 0.531608 0.411422
vt 0.506875 0.388500
vt 0.531099 0.411736
vt 0.555507 0.411223
vt 0.507278 0.393131
vt 0.519686 0.411223
vt 0.506875 0.393131
vt 0.506013 0.376037
vt 0.531635 0.392432
vt 0.531907 0.392160
vt 0.506013 0.376188
vt 0.531336 0.372558
vt 0.506417 0.376188
vt 0.531608 0.372830
vt 0.506417 0.376037
vt 0.531635 0.392673
vt 0.506013 0.375942
vt 0.531608 0.373070
vt 0.506417 0.375942
vt 0.543048 0.392160
vt 0.506013 0.380573
vt 0.543557 0.392473
vt 0.506013 0.380808
vt 0.506417 0.380808
vt 0.519686 0.372871
vt 0.506417 0.380573
vt 0.520195 0.372558
vt 0.519659 0.391862
vt 0.507709 0.393036
vt 0.519387 0.392133
vt 0.507709 0.392885
vt 0.519387 0.392160
vt 0.507305 0.392885
vt 0.519659 0.392432
vt 0.507305 0.393036
vt 0.555507 0.411464
vt 0.507278 0.393036
vt 0.555235 0.411736
vt 0.507278 0.392885
vt 0.519957 0.411736
vt 0.506875 0.392885
vt 0.519686 0.411464
vt 0.506875 0.393036
vt 0.506013 0.372558
vt 0.540233 0.392673
vt 0.506417 0.372558
vt 0.523010 0.373070
vt 0.506013 0.379465
vt 0.540233 0.392160
vt 0.506417 0.379465
vt 0.523010 0.372558
vt 0.138015 0.815352
vt 0.019188 0.219891
vt 0.030590 0.219891
vt 0.274376 0.815351
vt 0.019188 0.154896
vt 0.203010 0.815352
vt 0.021198 0.154064
vt 0.205185 0.815352
vt 0.027404 0.160270
vt 0.213962 0.815352
vt 0.030590 0.167961
vt 0.222446 0.815352
vt 0.028623 0.161832
vt 0.215944 0.815352
vt 0.029657 0.163842
vt 0.218204 0.815352
vt 0.030347 0.165995
vt 0.220465 0.815352
vt 0.026513 0.128838
vt 0.011877 0.128838
vt 0.026513 0.225398
vt 0.011877 0.225398
vt 0.029184 0.128838
vt 0.009205 0.128838
vt 0.029184 0.225398
vt 0.009205 0.225398
vt 0.544564 0.476441
vt 0.533185 0.424371
vt 0.544564 0.471123
vt 0.534102 0.428465
vt 0.535507 0.426721
vt 0.536677 0.430651
vt 0.544564 0.467745
vt 0.538111 0.429334
vt 0.538600 0.432761
vt 0.544564 0.464890
vt 0.540379 0.431592
vt 0.540375 0.435827
vt 0.544564 0.461347
vt 0.544606 0.435749
vt 0.541487 0.439047
vt 0.544564 0.457941
vt 0.544564 0.438723
vt 0.542184 0.442840
vt 0.544564 0.454084
vt 0.544564 0.442619
vt 0.542429 0.447391
vt 0.544564 0.449526
vt 0.544564 0.447391
vt 0.558049 0.424371
vt 0.546669 0.476441
vt 0.557131 0.428465
vt 0.546669 0.471123
vt 0.555727 0.426721
vt 0.554556 0.430651
vt 0.546669 0.467745
vt 0.553123 0.429334
vt 0.552633 0.432761
vt 0.546669 0.464890
vt 0.550855 0.431592
vt 0.550859 0.435827
vt 0.546669 0.461347
vt 0.546628 0.435749
vt 0.549747 0.439047
vt 0.546669 0.457941
vt 0.546669 0.438723
vt 0.549049 0.442840
vt 0.546669 0.454084
vt 0.546669 0.442619
vt 0.548804 0.447391
vt 0.546669 0.449526
vt 0.546669 0.447391
vt 0.299968 0.144751
vt 0.305412 0.139293
vt 0.281407 0.164351
vt 0.297544 0.152732
vt 0.286503 0.158970
vt 0.291946 0.153512
vt 0.282110 0.163608
vt 0.296801 0.152029
vt 0.283076 0.162589
vt 0.295441 0.152375
vt 0.277462 0.168517
vt 0.301489 0.148566
vt 0.303717 0.140792
vt 0.306372 0.143410
vt 0.300711 0.147829
vt 0.276725 0.169295
vt 0.275892 0.170175
vt 0.300588 0.146624
vt 0.272097 0.174183
vt 0.305281 0.139140
vt 0.304384 0.142616
vt 0.304429 0.140040
vt 0.305620 0.142698
vt 0.300369 0.144327
vt 0.305836 0.139694
vt 0.303203 0.141334
vt 0.306885 0.142868
vt 0.301619 0.143008
vt 0.305212 0.141283
vt 0.300939 0.143726
vt 0.305266 0.140295
vt 0.129568 0.118387
vt 0.148387 0.099568
vt 0.154045 0.099568
vt 0.148387 0.118387
vt 0.154045 0.118387
vt 0.285296 0.160245
vt 0.293221 0.154719
vt 0.286373 0.201131
vt 0.260157 0.138165
vt 0.264279 0.138165
vt 0.277401 0.138165
vt 0.260157 0.215351
vt 0.286373 0.138165
vt 0.264279 0.215351
vt 0.277401 0.201131
vt 0.277427 0.197996
vt 0.260157 0.148410
vt 0.280562 0.201131
vt 0.260157 0.143976
vt 0.271590 0.138165
vt 0.264280 0.143976
vt 0.268455 0.141300
vt 0.264280 0.148410
vt 0.280562 0.138165
vt 0.260157 0.209540
vt 0.277427 0.141300
vt 0.260157 0.205106
vt 0.268455 0.197996
vt 0.264279 0.205106
vt 0.271590 0.201131
vt 0.264279 0.209540
vt 0.012109 0.141364
vt 0.055020 0.140469
vt 0.055020 0.152208
vt 0.012109 0.109324
vt 0.032871 0.152208
vt 0.012109 0.122370
vt 0.036025 0.140469
vt 0.012109 0.117909
vt 0.032871 0.143623
vt 0.507709 0.379465
vt 0.511060 0.372558
vt 0.507305 0.379465
vt 0.511060 0.411736
vt 0.507709 0.372558
vt 0.511060 0.373070
vt 0.511060 0.411223
vt 0.507305 0.372558
vt 0.508245 0.372558
vt 0.507709 0.380573
vt 0.507736 0.372871
vt 0.507709 0.380808
vt 0.507305 0.380808
vt 0.507736 0.411422
vt 0.508245 0.411736
vt 0.507305 0.380573
vt 0.519659 0.373070
vt 0.507709 0.375942
vt 0.519659 0.411223
vt 0.507305 0.375942
vt 0.507278 0.379465
vt 0.546908 0.392160
vt 0.506875 0.379465
vt 0.528284 0.392160
vt 0.507278 0.372558
vt 0.546908 0.392673
vt 0.528284 0.392673
vt 0.506875 0.372558
vt 0.544093 0.392160
vt 0.507278 0.380573
vt 0.543584 0.392473
vt 0.507278 0.380808
vt 0.506875 0.380808
vt 0.531608 0.392473
vt 0.531099 0.392160
vt 0.506875 0.380573
vt 0.555507 0.392673
vt 0.507278 0.375942
vt 0.519686 0.392673
vt 0.506875 0.375942
vt 0.506013 0.393036
vt 0.531635 0.411464
vt 0.506013 0.392885
vt 0.531907 0.411736
vt 0.531336 0.392133
vt 0.506417 0.392885
vt 0.531608 0.391862
vt 0.506417 0.393036
vt 0.506013 0.393131
vt 0.531635 0.411223
vt 0.531608 0.391621
vt 0.506417 0.393131
vt 0.543048 0.411736
vt 0.506013 0.388500
vt 0.543557 0.411422
vt 0.506013 0.388265
vt 0.519686 0.391820
vt 0.506417 0.388265
vt 0.520195 0.392133
vt 0.506417 0.388500
vt 0.519659 0.372830
vt 0.507709 0.376037
vt 0.519387 0.372558
vt 0.507709 0.376188
vt 0.519387 0.411736
vt 0.507305 0.376188
vt 0.507305 0.376037
vt 0.519659 0.411464
vt 0.555507 0.392432
vt 0.507278 0.376037
vt 0.555235 0.392160
vt 0.507278 0.376188
vt 0.519957 0.392160
vt 0.506875 0.376188
vt 0.506875 0.376037
vt 0.519686 0.392432
vt 0.506013 0.396515
vt 0.540233 0.411223
vt 0.506417 0.396515
vt 0.523010 0.391621
vt 0.506013 0.389608
vt 0.540233 0.411736
vt 0.523010 0.392133
vt 0.506417 0.389608
vt 0.138015 0.674237
vt 0.030590 0.152890
vt 0.274376 0.674237
vt 0.019188 0.152890
vt 0.203010 0.674237
vt 0.030590 0.087895
vt 0.205185 0.674237
vt 0.028580 0.087063
vt 0.213962 0.674237
vt 0.022374 0.093269
vt 0.222446 0.674237
vt 0.019188 0.100960
vt 0.215944 0.674237
vt 0.021155 0.094831
vt 0.218204 0.674237
vt 0.020121 0.096841
vt 0.220465 0.674237
vt 0.019431 0.098993
vt 0.047665 0.225398
vt 0.033030 0.225398
vt 0.047665 0.128838
vt 0.033030 0.128838
vt 0.050337 0.225398
vt 0.030358 0.225398
vt 0.050337 0.128838
vt 0.030358 0.128838
vt 0.519361 0.476441
vt 0.530740 0.424371
vt 0.519361 0.471123
vt 0.529823 0.428465
vt 0.528418 0.426721
vt 0.527247 0.430651
vt 0.519361 0.467745
vt 0.525814 0.429334
vt 0.525324 0.432761
vt 0.519361 0.464890
vt 0.523546 0.431592
vt 0.523550 0.435827
vt 0.519361 0.461347
vt 0.519319 0.435749
vt 0.522438 0.439047
vt 0.519361 0.457941
vt 0.519361 0.438723
vt 0.521740 0.442840
vt 0.519361 0.454084
vt 0.519361 0.442619
vt 0.521495 0.447391
vt 0.519361 0.449526
vt 0.519361 0.447391
vt 0.517255 0.476441
vt 0.505876 0.424371
vt 0.506793 0.428465
vt 0.517255 0.471123
vt 0.508198 0.426721
vt 0.509369 0.430651
vt 0.517255 0.467745
vt 0.510802 0.429334
vt 0.511292 0.432761
vt 0.517255 0.464890
vt 0.513070 0.431592
vt 0.513066 0.435827
vt 0.517255 0.461347
vt 0.517297 0.435749
vt 0.514178 0.439047
vt 0.517255 0.457941
vt 0.517255 0.438723
vt 0.514876 0.442840
vt 0.517255 0.454084
vt 0.517255 0.442619
vt 0.515120 0.447391
vt 0.517255 0.449526
vt 0.517255 0.447391
vt 0.048760 0.185325
vt 0.016881 0.213740
vt 0.049606 0.183714
vt 0.016881 0.213233
vt 0.050041 0.181947
vt 0.016881 0.212725
vt 0.050041 0.180127
vt 0.016881 0.212218
vt 0.049605 0.178360
vt 0.016881 0.211711
vt 0.048760 0.176749
vt 0.016881 0.211203
vt 0.047553 0.175387
vt 0.016881 0.210696
vt 0.046055 0.174353
vt 0.016881 0.210189
vt 0.044354 0.173708
vt 0.016881 0.209681
vt 0.042548 0.173489
vt 0.016881 0.209174
vt 0.040741 0.173708
vt 0.016881 0.208667
vt 0.039040 0.174353
vt 0.016881 0.208160
vt 0.037542 0.175387
vt 0.016881 0.207652
vt 0.036335 0.176749
vt 0.016881 0.207145
vt 0.035490 0.178360
vt 0.016881 0.206638
vt 0.035054 0.180127
vt 0.016881 0.206130
vt 0.035054 0.181947
vt 0.016881 0.205623
vt 0.035490 0.183714
vt 0.016881 0.205116
vt 0.036335 0.185325
vt 0.016881 0.204608
vt 0.037542 0.186687
vt 0.016881 0.204101
vt 0.039040 0.187721
vt 0.016881 0.203594
vt 0.040741 0.188366
vt 0.016881 0.203086
vt 0.042548 0.188586
vt 0.016881 0.202579
vt 0.044354 0.188366
vt 0.016881 0.202072
vt 0.016881 0.214755
vt 0.046056 0.187721
vt 0.016881 0.201564
vt 0.047553 0.186687
vt 0.016881 0.214247
vt 0.047213 0.184257
vt 0.024520 0.144542
vt 0.047848 0.183047
vt 0.024215 0.144208
vt 0.048175 0.181720
vt 0.023878 0.143896
vt 0.048175 0.180354
vt 0.023509 0.143619
vt 0.047848 0.179027
vt 0.023121 0.143390
vt 0.047213 0.177817
vt 0.022733 0.143203
vt 0.046307 0.176794
vt 0.022338 0.143043
vt 0.045182 0.176018
vt 0.021927 0.142922
vt 0.043904 0.175533
vt 0.021515 0.142845
vt 0.042548 0.175368
vt 0.021111 0.142801
vt 0.041191 0.175533
vt 0.020704 0.142786
vt 0.039913 0.176018
vt 0.020295 0.142813
vt 0.038788 0.176794
vt 0.019900 0.142882
vt 0.037882 0.177817
vt 0.019529 0.142984
vt 0.037247 0.179027
vt 0.019179 0.143109
vt 0.036920 0.180354
vt 0.018845 0.143261
vt 0.036920 0.181721
vt 0.018536 0.143441
vt 0.037247 0.183047
vt 0.018250 0.143640
vt 0.037882 0.184258
vt 0.017990 0.143858
vt 0.038788 0.185280
vt 0.017748 0.144092
vt 0.039913 0.186057
vt 0.017535 0.144349
vt 0.041191 0.186541
vt 0.017353 0.144613
vt 0.042548 0.186706
vt 0.017191 0.144883
vt 0.043904 0.186541
vt 0.017054 0.145168
vt 0.045182 0.186057
vt 0.025063 0.145291
vt 0.016939 0.145464
vt 0.046307 0.185280
vt 0.024805 0.144899
vt 0.019682 0.144918
vt 0.136011 0.138654
vt 0.019402 0.144621
vt 0.135952 0.138592
vt 0.019099 0.144351
vt 0.135887 0.138536
vt 0.018783 0.144101
vt 0.135819 0.138484
vt 0.018453 0.143884
vt 0.135749 0.138440
vt 0.018113 0.143701
vt 0.135677 0.138402
vt 0.135602 0.138374
vt 0.017759 0.143562
vt 0.017399 0.143454
vt 0.135526 0.138352
vt 0.017038 0.143369
vt 0.135450 0.138336
vt 0.016675 0.143319
vt 0.135373 0.138326
vt 0.016315 0.143311
vt 0.135297 0.138326
vt 0.015958 0.143333
vt 0.135222 0.138331
vt 0.015608 0.143376
vt 0.135149 0.138342
vt 0.015274 0.143450
vt 0.135078 0.138358
vt 0.014957 0.143552
vt 0.135012 0.138381
vt 0.014658 0.143678
vt 0.134949 0.138408
vt 0.014378 0.143823
vt 0.134891 0.138440
vt 0.014123 0.143997
vt 0.134838 0.138477
vt 0.013882 0.144181
vt 0.134787 0.138517
vt 0.013669 0.144391
vt 0.134743 0.138561
vt 0.013472 0.144607
vt 0.134702 0.138608
vt 0.013298 0.144836
vt 0.134667 0.138656
vt 0.013156 0.145080
vt 0.134637 0.138708
vt 0.013030 0.145328
vt 0.134612 0.138761
vt 0.020143 0.145581
vt 0.134593 0.138814
vt 0.012939 0.145581
vt 0.136111 0.138792
vt 0.019926 0.145246
vt 0.136064 0.138722
vt 0.023974 0.144446
vt 0.019579 0.144446
vt 0.024263 0.144761
vt 0.019868 0.144761
vt 0.023658 0.144154
vt 0.019264 0.144154
vt 0.023317 0.143900
vt 0.018922 0.143900
vt 0.022965 0.143677
vt 0.018570 0.143677
vt 0.022603 0.143494
vt 0.018208 0.143494
vt 0.022232 0.143345
vt 0.017838 0.143345
vt 0.021853 0.143225
vt 0.017459 0.143225
vt 0.021469 0.143145
vt 0.017074 0.143145
vt 0.021087 0.143104
vt 0.016692 0.143104
vt 0.020708 0.143091
vt 0.016314 0.143091
vt 0.020330 0.143109
vt 0.015936 0.143109
vt 0.019962 0.143166
vt 0.015567 0.143166
vt 0.019610 0.143250
vt 0.015216 0.143250
vt 0.019278 0.143365
vt 0.014884 0.143365
vt 0.018967 0.143504
vt 0.014573 0.143504
vt 0.018677 0.143664
vt 0.014283 0.143664
vt 0.018404 0.143842
vt 0.014010 0.143842
vt 0.018157 0.144045
vt 0.013762 0.144045
vt 0.017930 0.144263
vt 0.013535 0.144263
vt 0.017727 0.144497
vt 0.013333 0.144497
vt 0.017551 0.144741
vt 0.013156 0.144741
vt 0.017396 0.144996
vt 0.013001 0.144996
vt 0.017270 0.145263
vt 0.012875 0.145263
vt 0.017167 0.145544
vt 0.024761 0.145477
vt 0.012772 0.145544
vt 0.020366 0.145477
vt 0.024529 0.145101
vt 0.020134 0.145101
vt 0.150241 0.177469
vt 0.135906 0.138638
vt 0.149523 0.176658
vt 0.135961 0.138696
vt 0.151133 0.178084
vt 0.135846 0.138585
vt 0.152146 0.178468
vt 0.135782 0.138536
vt 0.153222 0.178599
vt 0.135718 0.138493
vt 0.154297 0.178468
vt 0.135651 0.138458
vt 0.155310 0.178084
vt 0.135582 0.138431
vt 0.156202 0.177469
vt 0.135511 0.138410
vt 0.156920 0.176658
vt 0.135439 0.138394
vt 0.157424 0.175698
vt 0.135368 0.138384
vt 0.157683 0.174646
vt 0.135298 0.138383
vt 0.157683 0.173563
vt 0.135227 0.138387
vt 0.157424 0.172511
vt 0.135158 0.138396
vt 0.156921 0.171551
vt 0.135092 0.138410
vt 0.156202 0.170740
vt 0.135030 0.138430
vt 0.155310 0.170125
vt 0.134971 0.138454
vt 0.154297 0.169741
vt 0.134916 0.138483
vt 0.153222 0.169610
vt 0.134866 0.138516
vt 0.152146 0.169741
vt 0.134819 0.138553
vt 0.151133 0.170125
vt 0.134777 0.138594
vt 0.150241 0.170740
vt 0.134738 0.138637
vt 0.149523 0.171551
vt 0.134704 0.138682
vt 0.149019 0.172511
vt 0.134676 0.138729
vt 0.148760 0.173563
vt 0.134652 0.138779
vt 0.148760 0.174646
vt 0.134632 0.138829
vt 0.136057 0.138829
vt 0.149019 0.175698
vt 0.136010 0.138761
vt 0.018433 0.213740
vt 0.023731 0.056973
vt 0.018433 0.213233
vt 0.025145 0.058568
vt 0.018433 0.212725
vt 0.026135 0.060456
vt 0.018433 0.212218
vt 0.026646 0.062525
vt 0.018433 0.211711
vt 0.026646 0.064657
vt 0.018433 0.211203
vt 0.026135 0.066726
vt 0.018433 0.210696
vt 0.025145 0.068614
vt 0.018433 0.210189
vt 0.023731 0.070209
vt 0.018433 0.209681
vt 0.021977 0.071420
vt 0.018433 0.209174
vt 0.019984 0.072176
vt 0.018433 0.208667
vt 0.017868 0.072433
vt 0.018433 0.208160
vt 0.015752 0.072176
vt 0.018433 0.207652
vt 0.013759 0.071420
vt 0.018433 0.207145
vt 0.012005 0.070209
vt 0.018433 0.206638
vt 0.010592 0.068614
vt 0.018433 0.206130
vt 0.009601 0.066726
vt 0.018433 0.205623
vt 0.009091 0.064657
vt 0.018433 0.205116
vt 0.009091 0.062525
vt 0.018433 0.204608
vt 0.009601 0.060456
vt 0.018433 0.204101
vt 0.010592 0.058568
vt 0.018433 0.203594
vt 0.012005 0.056973
vt 0.018433 0.203086
vt 0.013760 0.055762
vt 0.018433 0.202579
vt 0.015752 0.055006
vt 0.018433 0.202072
vt 0.017868 0.054749
vt 0.018433 0.201564
vt 0.018433 0.214755
vt 0.019984 0.055006
vt 0.018433 0.214247
vt 0.021977 0.055762
vt 0.047553 0.205636
vt 0.051620 0.201296
vt 0.051620 0.188613
vt 0.046056 0.204602
vt 0.051620 0.201803
vt 0.044354 0.203957
vt 0.051620 0.189120
vt 0.042548 0.203737
vt 0.051620 0.189628
vt 0.040741 0.203957
vt 0.051620 0.190135
vt 0.039040 0.204602
vt 0.051620 0.190642
vt 0.037542 0.205636
vt 0.051620 0.191150
vt 0.036335 0.206998
vt 0.051620 0.191657
vt 0.035490 0.208609
vt 0.051620 0.192164
vt 0.035054 0.210376
vt 0.051620 0.192672
vt 0.035054 0.212196
vt 0.051620 0.193179
vt 0.035490 0.213962
vt 0.051620 0.193686
vt 0.036335 0.215574
vt 0.051620 0.194193
vt 0.037542 0.216936
vt 0.051620 0.194701
vt 0.039040 0.217970
vt 0.051620 0.195208
vt 0.040741 0.218615
vt 0.051620 0.195715
vt 0.042548 0.218834
vt 0.051620 0.196223
vt 0.044354 0.218615
vt 0.051620 0.196730
vt 0.046055 0.217970
vt 0.051620 0.197237
vt 0.047553 0.216936
vt 0.051620 0.197745
vt 0.048760 0.215574
vt 0.051620 0.198252
vt 0.049605 0.213962
vt 0.051620 0.198759
vt 0.050041 0.212196
vt 0.051620 0.199267
vt 0.050041 0.210376
vt 0.051620 0.199774
vt 0.049605 0.208609
vt 0.051620 0.200281
vt 0.048760 0.206998
vt 0.051620 0.200789
vt 0.046307 0.207042
vt 0.019007 0.136603
vt 0.045182 0.206266
vt 0.017583 0.135993
vt 0.018079 0.172651
vt 0.043904 0.205782
vt 0.019767 0.171643
vt 0.042548 0.205617
vt 0.021333 0.170502
vt 0.041191 0.205781
vt 0.022774 0.169262
vt 0.039913 0.206266
vt 0.024064 0.167927
vt 0.038788 0.207042
vt 0.025255 0.166520
vt 0.037882 0.208065
vt 0.026311 0.164989
vt 0.037247 0.209275
vt 0.027192 0.163404
vt 0.036920 0.210602
vt 0.027961 0.161775
vt 0.036920 0.211969
vt 0.028579 0.160065
vt 0.037247 0.213296
vt 0.029041 0.158313
vt 0.037882 0.214506
vt 0.029348 0.156533
vt 0.038788 0.215529
vt 0.029505 0.154739
vt 0.039913 0.216305
vt 0.029523 0.152925
vt 0.041191 0.216790
vt 0.029376 0.151087
vt 0.042547 0.216955
vt 0.029041 0.149274
vt 0.043904 0.216790
vt 0.028545 0.147528
vt 0.045182 0.216305
vt 0.027878 0.145886
vt 0.046307 0.215529
vt 0.027098 0.144380
vt 0.047213 0.214506
vt 0.026238 0.143001
vt 0.047848 0.213296
vt 0.025312 0.141695
vt 0.048175 0.211969
vt 0.024270 0.140440
vt 0.048175 0.210602
vt 0.023096 0.139260
vt 0.047848 0.209276
vt 0.021788 0.138209
vt 0.047213 0.208065
vt 0.020408 0.137327
vt 0.013750 0.138404
vt 0.144563 0.143054
vt 0.144819 0.143165
vt 0.012536 0.137867
vt 0.012536 0.170360
vt 0.144768 0.136321
vt 0.014012 0.169529
vt 0.144459 0.136498
vt 0.015436 0.168573
vt 0.144160 0.136702
vt 0.016720 0.167477
vt 0.143892 0.136935
vt 0.017927 0.166332
vt 0.143639 0.137178
vt 0.143421 0.137446
vt 0.018972 0.165064
vt 0.019903 0.163723
vt 0.143227 0.137730
vt 0.020750 0.162340
vt 0.143051 0.138023
vt 0.021414 0.160877
vt 0.142913 0.138332
vt 0.021960 0.159369
vt 0.142800 0.138651
vt 0.022372 0.157817
vt 0.142716 0.138978
vt 0.022647 0.156233
vt 0.142661 0.139312
vt 0.022783 0.154626
vt 0.142634 0.139651
vt 0.022772 0.153005
vt 0.142639 0.139992
vt 0.022614 0.151385
vt 0.142675 0.140333
vt 0.022358 0.149784
vt 0.142732 0.140670
vt 0.021962 0.148241
vt 0.142818 0.140995
vt 0.021451 0.146778
vt 0.142927 0.141302
vt 0.020829 0.145409
vt 0.143061 0.141589
vt 0.020113 0.144131
vt 0.143214 0.141857
vt 0.019261 0.142962
vt 0.143395 0.142102
vt 0.018313 0.141866
vt 0.143596 0.142332
vt 0.017265 0.140852
vt 0.143819 0.142544
vt 0.016132 0.139933
vt 0.144059 0.142735
vt 0.014959 0.139101
vt 0.144307 0.142909
vt 0.017149 0.137087
vt 0.012952 0.171365
vt 0.017347 0.171365
vt 0.012755 0.137087
vt 0.018509 0.137646
vt 0.014114 0.137646
vt 0.018974 0.170425
vt 0.014579 0.170425
vt 0.020445 0.169381
vt 0.016050 0.169381
vt 0.021819 0.168252
vt 0.017424 0.168252
vt 0.023047 0.167004
vt 0.018653 0.167004
vt 0.024155 0.165678
vt 0.019760 0.165678
vt 0.025157 0.164276
vt 0.020763 0.164276
vt 0.025999 0.162789
vt 0.021604 0.162789
vt 0.026707 0.161257
vt 0.022312 0.161257
vt 0.027290 0.159673
vt 0.022895 0.159673
vt 0.027726 0.158038
vt 0.023332 0.158038
vt 0.028018 0.156370
vt 0.023624 0.156370
vt 0.028173 0.154678
vt 0.023778 0.154678
vt 0.028168 0.152968
vt 0.023774 0.152968
vt 0.028027 0.151252
vt 0.023633 0.151252
vt 0.027719 0.149565
vt 0.023325 0.149565
vt 0.027271 0.147947
vt 0.022876 0.147947
vt 0.026707 0.146414
vt 0.022313 0.146414
vt 0.026022 0.144985
vt 0.021627 0.144985
vt 0.025234 0.143663
vt 0.020839 0.143663
vt 0.024355 0.142424
vt 0.019960 0.142424
vt 0.023364 0.141262
vt 0.018970 0.141262
vt 0.022262 0.140188
vt 0.017868 0.140188
vt 0.021076 0.139199
vt 0.016681 0.139199
vt 0.019809 0.138355
vt 0.015415 0.138355
vt 0.149303 0.192205
vt 0.144907 0.142976
vt 0.144907 0.136557
vt 0.150195 0.191589
vt 0.144667 0.142860
vt 0.148585 0.193016
vt 0.144606 0.136734
vt 0.148081 0.193975
vt 0.144323 0.136922
vt 0.147822 0.195027
vt 0.144068 0.137133
vt 0.147822 0.196111
vt 0.143833 0.137360
vt 0.148081 0.197163
vt 0.143627 0.137606
vt 0.148585 0.198122
vt 0.143443 0.137871
vt 0.149303 0.198933
vt 0.143280 0.138145
vt 0.150195 0.199549
vt 0.143149 0.138430
vt 0.151208 0.199933
vt 0.143044 0.138727
vt 0.152284 0.200063
vt 0.142966 0.139033
vt 0.153359 0.199933
vt 0.142915 0.139345
vt 0.154372 0.199549
vt 0.142893 0.139661
vt 0.155264 0.198933
vt 0.142899 0.139980
vt 0.155983 0.198122
vt 0.142931 0.140302
vt 0.156486 0.197163
vt 0.142983 0.140620
vt 0.156746 0.196111
vt 0.143058 0.140925
vt 0.156746 0.195027
vt 0.143154 0.141214
vt 0.156486 0.193975
vt 0.143272 0.141484
vt 0.155983 0.193016
vt 0.143411 0.141733
vt 0.155264 0.192205
vt 0.143576 0.141960
vt 0.154372 0.191589
vt 0.143765 0.142173
vt 0.153359 0.191205
vt 0.143974 0.142371
vt 0.152284 0.191074
vt 0.144199 0.142553
vt 0.151208 0.191205
vt 0.144431 0.142719
vt 0.050068 0.201296
vt 0.042687 0.055984
vt 0.050068 0.201803
vt 0.050068 0.188613
vt 0.045959 0.059677
vt 0.050068 0.189120
vt 0.048252 0.064046
vt 0.050068 0.189628
vt 0.049432 0.068836
vt 0.050068 0.190135
vt 0.049432 0.073770
vt 0.050068 0.190642
vt 0.048252 0.078561
vt 0.050068 0.191150
vt 0.045959 0.082929
vt 0.050068 0.191657
vt 0.042687 0.086622
vt 0.050068 0.192164
vt 0.038627 0.089425
vt 0.050068 0.192672
vt 0.034013 0.091174
vt 0.050068 0.193179
vt 0.029115 0.091769
vt 0.050068 0.193686
vt 0.024218 0.091174
vt 0.050068 0.194193
vt 0.019604 0.089425
vt 0.050068 0.194701
vt 0.015544 0.086622
vt 0.050068 0.195208
vt 0.012272 0.082929
vt 0.050068 0.195715
vt 0.009979 0.078560
vt 0.050068 0.196223
vt 0.008799 0.073770
vt 0.050068 0.196730
vt 0.008799 0.068836
vt 0.050068 0.197237
vt 0.009979 0.064046
vt 0.050068 0.197745
vt 0.012272 0.059677
vt 0.050068 0.198252
vt 0.015544 0.055984
vt 0.050068 0.198759
vt 0.019605 0.053181
vt 0.050068 0.199267
vt 0.024218 0.051432
vt 0.050068 0.199774
vt 0.029116 0.050837
vt 0.050068 0.200281
vt 0.034013 0.051432
vt 0.050068 0.200789
vt 0.038627 0.053181
vt 0.039039 0.202845
vt 0.013493 0.206638
vt 0.040741 0.203491
vt 0.013493 0.207145
vt 0.042547 0.203710
vt 0.013493 0.207652
vt 0.044354 0.203491
vt 0.013493 0.208160
vt 0.046055 0.202845
vt 0.013493 0.208667
vt 0.047553 0.201812
vt 0.013493 0.209174
vt 0.048760 0.200450
vt 0.013493 0.209681
vt 0.049605 0.198838
vt 0.013493 0.210189
vt 0.050041 0.197071
vt 0.013493 0.210696
vt 0.050041 0.195252
vt 0.013493 0.211203
vt 0.049605 0.193485
vt 0.013493 0.211711
vt 0.048760 0.191874
vt 0.013493 0.212218
vt 0.047553 0.190511
vt 0.013493 0.212725
vt 0.046056 0.189478
vt 0.013493 0.213233
vt 0.044354 0.188832
vt 0.013493 0.213740
vt 0.042548 0.188613
vt 0.013493 0.214247
vt 0.013493 0.201564
vt 0.040741 0.188832
vt 0.013493 0.214755
vt 0.039040 0.189478
vt 0.013493 0.202072
vt 0.037542 0.190511
vt 0.013493 0.202579
vt 0.036335 0.191873
vt 0.013493 0.203086
vt 0.035490 0.193485
vt 0.013493 0.203594
vt 0.035054 0.195252
vt 0.013493 0.204101
vt 0.035054 0.197071
vt 0.013493 0.204608
vt 0.035490 0.198838
vt 0.013493 0.205116
vt 0.036335 0.200449
vt 0.013493 0.205623
vt 0.037542 0.201812
vt 0.013493 0.206130
vt 0.039913 0.201181
vt 0.030224 0.149878
vt 0.041191 0.201666
vt 0.029849 0.151718
vt 0.042547 0.201830
vt 0.029642 0.153613
vt 0.043904 0.201666
vt 0.029627 0.155527
vt 0.045182 0.201181
vt 0.029802 0.157417
vt 0.046307 0.200405
vt 0.030162 0.159231
vt 0.047213 0.199382
vt 0.030661 0.160941
vt 0.047848 0.198172
vt 0.031270 0.162578
vt 0.048175 0.196845
vt 0.032010 0.164147
vt 0.048175 0.195478
vt 0.032873 0.165630
vt 0.047848 0.194151
vt 0.033848 0.167051
vt 0.047213 0.192941
vt 0.034978 0.168371
vt 0.046307 0.191918
vt 0.036212 0.169533
vt 0.045182 0.191142
vt 0.037506 0.170535
vt 0.043904 0.190657
vt 0.038834 0.171380
vt 0.042548 0.190492
vt 0.040179 0.172075
vt 0.041528 0.172651
vt 0.041191 0.190657
vt 0.041152 0.135993
vt 0.039913 0.191142
vt 0.039565 0.136895
vt 0.038788 0.191918
vt 0.038047 0.137921
vt 0.037882 0.192941
vt 0.036623 0.139098
vt 0.037247 0.194151
vt 0.035322 0.140391
vt 0.036920 0.195478
vt 0.034148 0.141781
vt 0.036920 0.196845
vt 0.033106 0.143262
vt 0.037247 0.198172
vt 0.032207 0.144810
vt 0.037882 0.199382
vt 0.031419 0.146415
vt 0.038788 0.200405
vt 0.030752 0.148107
vt 0.028156 0.150458
vt 0.138884 0.141397
vt 0.027858 0.152094
vt 0.138538 0.141336
vt 0.027709 0.153765
vt 0.138186 0.141307
vt 0.027657 0.155443
vt 0.137833 0.141299
vt 0.027802 0.157095
vt 0.137485 0.141332
vt 0.028040 0.158706
vt 0.137146 0.141384
vt 0.136821 0.141465
vt 0.028411 0.160253
vt 0.028947 0.161718
vt 0.136513 0.141580
vt 0.029602 0.163116
vt 0.136219 0.141720
vt 0.030338 0.164464
vt 0.135937 0.141877
vt 0.031222 0.165705
vt 0.135677 0.142065
vt 0.032198 0.166859
vt 0.135435 0.142272
vt 0.033230 0.167931
vt 0.135211 0.142491
vt 0.034324 0.168871
vt 0.135014 0.142723
vt 0.035457 0.169679
vt 0.134846 0.142963
vt 0.036612 0.170356
vt 0.134705 0.143207
vt 0.037766 0.138103
vt 0.134595 0.143451
vt 0.037766 0.170884
vt 0.141500 0.143403
vt 0.036399 0.138886
vt 0.141333 0.143116
vt 0.035074 0.139830
vt 0.141132 0.142838
vt 0.033796 0.140843
vt 0.140917 0.142571
vt 0.032647 0.141985
vt 0.140675 0.142330
vt 0.031601 0.143215
vt 0.140414 0.142112
vt 0.030673 0.144533
vt 0.140135 0.141918
vt 0.029829 0.145901
vt 0.139846 0.141742
vt 0.029150 0.147356
vt 0.139538 0.141602
vt 0.028589 0.148875
vt 0.139218 0.141486
vt 0.031234 0.151940
vt 0.026839 0.151940
vt 0.031565 0.150218
vt 0.027171 0.150218
vt 0.031048 0.153706
vt 0.026654 0.153706
vt 0.031056 0.155474
vt 0.026661 0.155474
vt 0.031169 0.157220
vt 0.026775 0.157220
vt 0.031472 0.158916
vt 0.027077 0.158916
vt 0.031913 0.160526
vt 0.027518 0.160526
vt 0.032459 0.162071
vt 0.028064 0.162071
vt 0.033133 0.163561
vt 0.028738 0.163561
vt 0.033961 0.164950
vt 0.029567 0.164950
vt 0.034875 0.166263
vt 0.030481 0.166263
vt 0.035892 0.167499
vt 0.031498 0.167499
vt 0.037018 0.168601
vt 0.032623 0.168601
vt 0.038196 0.169566
vt 0.033802 0.169566
vt 0.039412 0.170391
vt 0.035017 0.170391
vt 0.040652 0.171075
vt 0.036257 0.171075
vt 0.041941 0.171627
vt 0.041802 0.137215
vt 0.037546 0.171627
vt 0.037408 0.137215
vt 0.040278 0.138042
vt 0.035883 0.138042
vt 0.038853 0.139014
vt 0.034459 0.139014
vt 0.037550 0.140125
vt 0.033155 0.140125
vt 0.036325 0.141305
vt 0.031931 0.141305
vt 0.035218 0.142598
vt 0.030823 0.142598
vt 0.034217 0.143979
vt 0.029822 0.143979
vt 0.033382 0.145449
vt 0.028987 0.145449
vt 0.032645 0.146963
vt 0.028250 0.146963
vt 0.032038 0.148555
vt 0.027643 0.148555
vt 0.160705 0.176044
vt 0.138502 0.141601
vt 0.161718 0.176429
vt 0.138826 0.141654
vt 0.159630 0.175914
vt 0.138170 0.141573
vt 0.158554 0.176044
vt 0.137838 0.141567
vt 0.157541 0.176429
vt 0.137513 0.141590
vt 0.156649 0.177044
vt 0.137194 0.141636
vt 0.155931 0.177855
vt 0.136891 0.141707
vt 0.155427 0.178815
vt 0.136605 0.141809
vt 0.155168 0.179867
vt 0.136329 0.141937
vt 0.155168 0.180950
vt 0.136066 0.142085
vt 0.155427 0.182002
vt 0.135822 0.142257
vt 0.155931 0.182962
vt 0.135593 0.142450
vt 0.156649 0.183773
vt 0.135379 0.142653
vt 0.157541 0.184388
vt 0.135190 0.142865
vt 0.158554 0.184772
vt 0.135026 0.143084
vt 0.159630 0.184903
vt 0.134889 0.143308
vt 0.160705 0.184772
vt 0.134774 0.143537
vt 0.141282 0.143537
vt 0.161718 0.184388
vt 0.141111 0.143259
vt 0.162610 0.183773
vt 0.140924 0.142994
vt 0.163329 0.182962
vt 0.140722 0.142744
vt 0.163832 0.182002
vt 0.140499 0.142518
vt 0.164091 0.180950
vt 0.140255 0.142314
vt 0.164091 0.179867
vt 0.139995 0.142131
vt 0.163832 0.178815
vt 0.139724 0.141969
vt 0.163328 0.177855
vt 0.139439 0.141838
vt 0.162610 0.177044
vt 0.139139 0.141733
vt 0.011941 0.206638
vt 0.031827 0.126505
vt 0.011941 0.207145
vt 0.030414 0.128100
vt 0.011941 0.207652
vt 0.028660 0.129311
vt 0.011941 0.208160
vt 0.026667 0.130067
vt 0.011941 0.208667
vt 0.024551 0.130324
vt 0.011941 0.209174
vt 0.022435 0.130067
vt 0.011941 0.209681
vt 0.020442 0.129311
vt 0.011941 0.210189
vt 0.018688 0.128100
vt 0.011941 0.210696
vt 0.017274 0.126505
vt 0.011941 0.211203
vt 0.016284 0.124617
vt 0.011941 0.211711
vt 0.015773 0.122548
vt 0.011941 0.212218
vt 0.015773 0.120416
vt 0.011941 0.212725
vt 0.016284 0.118347
vt 0.011941 0.213233
vt 0.017274 0.116459
vt 0.011941 0.213740
vt 0.018687 0.114864
vt 0.011941 0.214247
vt 0.020442 0.113653
vt 0.011941 0.214755
vt 0.011941 0.201564
vt 0.022435 0.112897
vt 0.011941 0.202072
vt 0.024551 0.112640
vt 0.011941 0.202579
vt 0.026666 0.112897
vt 0.011941 0.203086
vt 0.028659 0.113653
vt 0.011941 0.203594
vt 0.030414 0.114864
vt 0.011941 0.204101
vt 0.031827 0.116459
vt 0.011941 0.204608
vt 0.032818 0.118347
vt 0.011941 0.205116
vt 0.033328 0.120416
vt 0.011941 0.205623
vt 0.033328 0.122548
vt 0.011941 0.206130
vt 0.032818 0.124617
vt 0.032818 0.100357
vt 0.018460 0.210189
vt 0.033328 0.102427
vt 0.018460 0.210696
vt 0.018460 0.211203
vt 0.033328 0.104558
vt 0.018460 0.211711
vt 0.032818 0.106628
vt 0.018460 0.212218
vt 0.031827 0.108515
vt 0.018460 0.212725
vt 0.030414 0.110110
vt 0.018460 0.213233
vt 0.028659 0.111321
vt 0.018460 0.213740
vt 0.026666 0.112077
vt 0.018460 0.214247
vt 0.024551 0.112334
vt 0.018460 0.214755
vt 0.018460 0.201564
vt 0.022435 0.112077
vt 0.018460 0.202072
vt 0.020442 0.111321
vt 0.018460 0.202579
vt 0.018687 0.110110
vt 0.018460 0.203086
vt 0.017274 0.108515
vt 0.018460 0.203594
vt 0.016284 0.106628
vt 0.018460 0.204101
vt 0.015773 0.104558
vt 0.018460 0.204608
vt 0.015773 0.102426
vt 0.018460 0.205116
vt 0.016284 0.100357
vt 0.018460 0.205623
vt 0.017274 0.098470
vt 0.018460 0.206130
vt 0.018688 0.096874
vt 0.020442 0.095663
vt 0.018460 0.206638
vt 0.022435 0.094908
vt 0.018460 0.207145
vt 0.018460 0.207652
vt 0.024551 0.094651
vt 0.026667 0.094908
vt 0.018460 0.208160
vt 0.028660 0.095663
vt 0.018460 0.208667
vt 0.018460 0.209174
vt 0.030414 0.096874
vt 0.018460 0.209681
vt 0.031827 0.098470
vt 0.168518 0.192703
vt 0.141975 0.137832
vt 0.168387 0.193778
vt 0.142269 0.137725
vt 0.168518 0.194854
vt 0.142548 0.137592
vt 0.142813 0.137429
vt 0.168902 0.195867
vt 0.169518 0.196759
vt 0.143068 0.137246
vt 0.170329 0.197477
vt 0.143305 0.137042
vt 0.171288 0.197981
vt 0.143521 0.136816
vt 0.172340 0.198240
vt 0.143718 0.136564
vt 0.173424 0.198240
vt 0.143901 0.136297
vt 0.174476 0.197981
vt 0.144067 0.136017
vt 0.137583 0.136017
vt 0.175435 0.197477
vt 0.137703 0.136250
vt 0.176246 0.196759
vt 0.137847 0.136480
vt 0.176862 0.195867
vt 0.138017 0.136704
vt 0.177246 0.194854
vt 0.138213 0.136920
vt 0.138435 0.137129
vt 0.177376 0.193778
vt 0.177246 0.192703
vt 0.138666 0.137328
vt 0.176862 0.191690
vt 0.138912 0.137498
vt 0.176246 0.190798
vt 0.139178 0.137644
vt 0.175435 0.190079
vt 0.139457 0.137770
vt 0.174476 0.189576
vt 0.139746 0.137870
vt 0.173424 0.189316
vt 0.140052 0.137938
vt 0.172340 0.189316
vt 0.140374 0.137983
vt 0.140699 0.138010
vt 0.171288 0.189576
vt 0.141024 0.138001
vt 0.170329 0.190079
vt 0.168902 0.191690
vt 0.141667 0.137914
vt 0.141349 0.137970
vt 0.169518 0.190798
vt 0.032394 0.160307
vt 0.036788 0.160307
vt 0.033009 0.161869
vt 0.037403 0.161869
vt 0.033752 0.163352
vt 0.038146 0.163352
vt 0.034591 0.164792
vt 0.038985 0.164792
vt 0.035591 0.166142
vt 0.039986 0.166142
vt 0.036696 0.167406
vt 0.041090 0.167406
vt 0.037914 0.168566
vt 0.042308 0.168566
vt 0.039228 0.169646
vt 0.043622 0.169646
vt 0.040653 0.170607
vt 0.045047 0.170607
vt 0.042188 0.171418
vt 0.042304 0.137063
vt 0.046582 0.171418
vt 0.046698 0.137063
vt 0.040983 0.137641
vt 0.045377 0.137641
vt 0.039713 0.138355
vt 0.044107 0.138355
vt 0.038470 0.139212
vt 0.042864 0.139212
vt 0.037267 0.140212
vt 0.041661 0.140212
vt 0.036122 0.141347
vt 0.040516 0.141347
vt 0.035102 0.142618
vt 0.039497 0.142618
vt 0.034189 0.143952
vt 0.038584 0.143952
vt 0.033366 0.145360
vt 0.037760 0.145360
vt 0.032701 0.146866
vt 0.037096 0.146866
vt 0.032166 0.148427
vt 0.036561 0.148427
vt 0.031736 0.150049
vt 0.036131 0.150049
vt 0.031447 0.151750
vt 0.035841 0.151750
vt 0.031358 0.153491
vt 0.035752 0.153491
vt 0.031365 0.155240
vt 0.035759 0.155240
vt 0.031910 0.158674
vt 0.036304 0.158674
vt 0.031565 0.156981
vt 0.035960 0.156981
vt 0.033322 0.159982
vt 0.142055 0.138075
vt 0.142370 0.137957
vt 0.033891 0.161472
vt 0.034576 0.162898
vt 0.142671 0.137814
vt 0.142954 0.137638
vt 0.035422 0.164237
vt 0.143227 0.137444
vt 0.036351 0.165525
vt 0.037396 0.166727
vt 0.143481 0.137225
vt 0.038544 0.167844
vt 0.143718 0.136985
vt 0.039828 0.168830
vt 0.143927 0.136715
vt 0.041159 0.169758
vt 0.144124 0.136436
vt 0.042535 0.170525
vt 0.042535 0.137825
vt 0.137400 0.136107
vt 0.144287 0.136147
vt 0.041353 0.138378
vt 0.137515 0.136356
vt 0.040171 0.139083
vt 0.137662 0.136606
vt 0.137837 0.136852
vt 0.039012 0.139923
vt 0.037893 0.140895
vt 0.138041 0.137088
vt 0.138270 0.137312
vt 0.036838 0.141992
vt 0.138520 0.137519
vt 0.035863 0.143181
vt 0.034971 0.144437
vt 0.138783 0.137708
vt 0.139069 0.137864
vt 0.034240 0.145800
vt 0.033593 0.147214
vt 0.139366 0.138002
vt 0.033067 0.148693
vt 0.139677 0.138115
vt 0.140005 0.138193
vt 0.032704 0.150252
vt 0.032468 0.151866
vt 0.140345 0.138245
vt 0.032351 0.153514
vt 0.140692 0.138271
vt 0.141041 0.138262
vt 0.032406 0.155173
vt 0.141388 0.138230
vt 0.032567 0.156818
vt 0.032878 0.158427
vt 0.141727 0.138166
vt 0.031293 0.191918
vt 0.035526 0.160763
vt 0.030168 0.191142
vt 0.036201 0.162422
vt 0.028890 0.190657
vt 0.036996 0.163995
vt 0.037899 0.165510
vt 0.027533 0.190493
vt 0.038941 0.166957
vt 0.026177 0.190657
vt 0.040112 0.168313
vt 0.024899 0.191142
vt 0.041399 0.169571
vt 0.023774 0.191918
vt 0.022868 0.192941
vt 0.042806 0.170745
vt 0.044342 0.171763
vt 0.022233 0.194151
vt 0.045944 0.172651
vt 0.046265 0.136013
vt 0.021906 0.195478
vt 0.021906 0.196845
vt 0.044883 0.136616
vt 0.022233 0.198172
vt 0.043505 0.137343
vt 0.042147 0.138223
vt 0.022868 0.199382
vt 0.040827 0.139263
vt 0.023774 0.200405
vt 0.039575 0.140468
vt 0.024899 0.201181
vt 0.038446 0.141829
vt 0.026177 0.201666
vt 0.037478 0.143276
vt 0.027533 0.201830
vt 0.036623 0.144780
vt 0.028890 0.201666
vt 0.035894 0.146368
vt 0.030168 0.201181
vt 0.035297 0.148022
vt 0.031293 0.200405
vt 0.034814 0.149746
vt 0.032199 0.199382
vt 0.034475 0.151569
vt 0.032834 0.198172
vt 0.034331 0.153455
vt 0.033161 0.196845
vt 0.034370 0.155348
vt 0.033161 0.195478
vt 0.034597 0.157214
vt 0.032834 0.194151
vt 0.032199 0.192941
vt 0.034987 0.159024
vt 0.032539 0.190511
vt 0.020013 0.210189
vt 0.031041 0.189478
vt 0.020013 0.210696
vt 0.029340 0.188832
vt 0.020013 0.211203
vt 0.020013 0.211711
vt 0.027533 0.188613
vt 0.025727 0.188832
vt 0.020013 0.212218
vt 0.020013 0.212725
vt 0.024025 0.189478
vt 0.020013 0.213233
vt 0.022528 0.190511
vt 0.021321 0.191873
vt 0.020013 0.213740
vt 0.020475 0.193485
vt 0.020013 0.214247
vt 0.020013 0.214755
vt 0.020040 0.195252
vt 0.020013 0.201564
vt 0.020040 0.197071
vt 0.020013 0.202072
vt 0.020013 0.202579
vt 0.020475 0.198838
vt 0.021321 0.200449
vt 0.020013 0.203086
vt 0.020013 0.203594
vt 0.022528 0.201812
vt 0.020013 0.204101
vt 0.024025 0.202845
vt 0.020013 0.204608
vt 0.025727 0.203491
vt 0.027533 0.203710
vt 0.020013 0.205116
vt 0.020013 0.205623
vt 0.029340 0.203491
vt 0.031041 0.202845
vt 0.020013 0.206130
vt 0.032539 0.201812
vt 0.020013 0.206638
vt 0.033746 0.200450
vt 0.020013 0.207145
vt 0.034591 0.198838
vt 0.020013 0.207652
vt 0.020013 0.208160
vt 0.035027 0.197071
vt 0.035027 0.195252
vt 0.020013 0.208667
vt 0.034591 0.193485
vt 0.020013 0.209174
vt 0.033746 0.191873
vt 0.020013 0.209681
vt 0.025145 0.040579
vt 0.051620 0.185664
vt 0.051620 0.185157
vt 0.026135 0.042466
vt 0.026646 0.044536
vt 0.051620 0.184650
vt 0.026646 0.046667
vt 0.051620 0.184142
vt 0.051620 0.183635
vt 0.026135 0.048737
vt 0.051620 0.183128
vt 0.025145 0.050624
vt 0.051620 0.182620
vt 0.023731 0.052219
vt 0.051620 0.182113
vt 0.021977 0.053430
vt 0.051620 0.181606
vt 0.019984 0.054186
vt 0.051620 0.181098
vt 0.017868 0.054443
vt 0.015752 0.054186
vt 0.051620 0.180591
vt 0.013759 0.053430
vt 0.051620 0.180084
vt 0.051620 0.179576
vt 0.012005 0.052219
vt 0.010592 0.050624
vt 0.051620 0.179069
vt 0.009601 0.048737
vt 0.051620 0.178562
vt 0.009091 0.046667
vt 0.051620 0.178055
vt 0.009091 0.044536
vt 0.051620 0.177547
vt 0.051620 0.177040
vt 0.009601 0.042466
vt 0.010592 0.040579
vt 0.051620 0.176533
vt 0.012005 0.038983
vt 0.051620 0.176025
vt 0.013760 0.037772
vt 0.051620 0.175518
vt 0.015752 0.037017
vt 0.051620 0.175011
vt 0.017868 0.036760
vt 0.051620 0.174503
vt 0.019984 0.037017
vt 0.051620 0.173996
vt 0.051620 0.173489
vt 0.051620 0.186679
vt 0.021977 0.037772
vt 0.023731 0.038983
vt 0.051620 0.186172
vt 0.178083 0.176531
vt 0.141496 0.145296
vt 0.178802 0.175720
vt 0.141334 0.145067
vt 0.179305 0.174761
vt 0.141155 0.144845
vt 0.140961 0.144638
vt 0.179564 0.173708
vt 0.179564 0.172625
vt 0.140752 0.144451
vt 0.179305 0.171573
vt 0.140526 0.144288
vt 0.178802 0.170614
vt 0.140277 0.144149
vt 0.178083 0.169803
vt 0.140008 0.144031
vt 0.177191 0.169187
vt 0.139718 0.143935
vt 0.176178 0.168803
vt 0.139409 0.143861
vt 0.175103 0.168672
vt 0.139086 0.143809
vt 0.174027 0.168803
vt 0.138760 0.143777
vt 0.173014 0.169187
vt 0.138435 0.143771
vt 0.172122 0.169803
vt 0.138113 0.143795
vt 0.137796 0.143847
vt 0.171404 0.170614
vt 0.137485 0.143925
vt 0.170900 0.171573
vt 0.137185 0.144029
vt 0.170641 0.172625
vt 0.170641 0.173709
vt 0.136898 0.144160
vt 0.170900 0.174761
vt 0.136623 0.144324
vt 0.171404 0.175720
vt 0.136358 0.144508
vt 0.172122 0.176531
vt 0.136111 0.144714
vt 0.173014 0.177146
vt 0.135882 0.144950
vt 0.135667 0.145199
vt 0.174027 0.177531
vt 0.135483 0.145472
vt 0.175103 0.177661
vt 0.177191 0.177146
vt 0.141634 0.145530
vt 0.135311 0.145767
vt 0.141747 0.145767
vt 0.176178 0.177531
vt 0.044220 0.138334
vt 0.048614 0.138334
vt 0.042968 0.139158
vt 0.047362 0.139158
vt 0.041794 0.140126
vt 0.046188 0.140126
vt 0.040700 0.141177
vt 0.045095 0.141177
vt 0.039709 0.142318
vt 0.044103 0.142318
vt 0.038838 0.143551
vt 0.043232 0.143551
vt 0.038042 0.144861
vt 0.042437 0.144861
vt 0.037348 0.146287
vt 0.041742 0.146287
vt 0.036766 0.147824
vt 0.041161 0.147824
vt 0.036322 0.149460
vt 0.040716 0.149460
vt 0.035999 0.151169
vt 0.040393 0.151169
vt 0.035854 0.152915
vt 0.040248 0.152915
vt 0.035851 0.154655
vt 0.040245 0.154655
vt 0.036010 0.156378
vt 0.040405 0.156378
vt 0.036312 0.158073
vt 0.040707 0.158073
vt 0.036766 0.159727
vt 0.041160 0.159727
vt 0.037345 0.161329
vt 0.041740 0.161329
vt 0.038068 0.162867
vt 0.042462 0.162867
vt 0.038914 0.164355
vt 0.043308 0.164355
vt 0.039918 0.165758
vt 0.044313 0.165758
vt 0.041025 0.167084
vt 0.045419 0.167084
vt 0.042247 0.168329
vt 0.046642 0.168329
vt 0.043612 0.169440
vt 0.048007 0.169440
vt 0.045057 0.170469
vt 0.049451 0.170469
vt 0.045504 0.137642
vt 0.049899 0.137642
vt 0.046650 0.171390
vt 0.051240 0.137098
vt 0.051045 0.171390
vt 0.046846 0.137098
vt 0.044664 0.139071
vt 0.141684 0.145176
vt 0.043505 0.139884
vt 0.141514 0.144930
vt 0.042384 0.140783
vt 0.141327 0.144693
vt 0.141119 0.144472
vt 0.041345 0.141777
vt 0.140893 0.144272
vt 0.040402 0.142856
vt 0.039557 0.144017
vt 0.140650 0.144092
vt 0.140383 0.143938
vt 0.038837 0.145289
vt 0.038210 0.146656
vt 0.140096 0.143804
vt 0.037691 0.148124
vt 0.139787 0.143693
vt 0.037295 0.149681
vt 0.139460 0.143607
vt 0.037034 0.151305
vt 0.139119 0.143549
vt 0.036873 0.152952
vt 0.138772 0.143513
vt 0.036863 0.154601
vt 0.138424 0.143508
vt 0.037004 0.156236
vt 0.138080 0.143536
vt 0.137740 0.143593
vt 0.037286 0.157846
vt 0.137408 0.143679
vt 0.037707 0.159420
vt 0.137086 0.143791
vt 0.038253 0.160944
vt 0.038924 0.162414
vt 0.136776 0.143930
vt 0.039775 0.163800
vt 0.136482 0.144108
vt 0.040707 0.165143
vt 0.136198 0.144302
vt 0.041750 0.166415
vt 0.135929 0.144520
vt 0.042944 0.167565
vt 0.135685 0.144769
vt 0.044222 0.168639
vt 0.135456 0.145037
vt 0.135254 0.145329
vt 0.045614 0.169591
vt 0.141933 0.145681
vt 0.047057 0.137867
vt 0.135080 0.145631
vt 0.047057 0.170405
vt 0.141825 0.145428
vt 0.045859 0.138390
vt 0.048030 0.137318
vt 0.032199 0.184258
vt 0.046667 0.138179
vt 0.032834 0.183047
vt 0.033161 0.181720
vt 0.045374 0.139207
vt 0.033161 0.180354
vt 0.044211 0.140361
vt 0.043175 0.141584
vt 0.032834 0.179027
vt 0.042234 0.142872
vt 0.032199 0.177817
vt 0.041363 0.144249
vt 0.031292 0.176794
vt 0.030168 0.176018
vt 0.040576 0.145752
vt 0.039901 0.147384
vt 0.028890 0.175533
vt 0.039362 0.149145
vt 0.027533 0.175368
vt 0.026177 0.175533
vt 0.039017 0.150998
vt 0.024899 0.176018
vt 0.038869 0.152871
vt 0.038889 0.154719
vt 0.023774 0.176794
vt 0.039051 0.156545
vt 0.022868 0.177817
vt 0.039367 0.158359
vt 0.022233 0.179027
vt 0.039845 0.160147
vt 0.021906 0.180354
vt 0.021906 0.181721
vt 0.040498 0.161864
vt 0.041271 0.163485
vt 0.022233 0.183047
vt 0.042155 0.165070
vt 0.022868 0.184258
vt 0.043213 0.166601
vt 0.023774 0.185280
vt 0.044406 0.168006
vt 0.024899 0.186057
vt 0.045697 0.169333
vt 0.026177 0.186541
vt 0.047133 0.170550
vt 0.027533 0.186706
vt 0.048673 0.171665
vt 0.028890 0.186541
vt 0.050329 0.172651
vt 0.050819 0.136018
vt 0.030168 0.186057
vt 0.049413 0.136612
vt 0.031293 0.185280
vt 0.033746 0.185325
vt 0.050068 0.185664
vt 0.050068 0.185157
vt 0.034591 0.183714
vt 0.035027 0.181947
vt 0.050068 0.184650
vt 0.035027 0.180127
vt 0.050068 0.184142
vt 0.050068 0.183635
vt 0.034591 0.178360
vt 0.050068 0.183128
vt 0.033746 0.176749
vt 0.050068 0.182620
vt 0.032539 0.175387
vt 0.050068 0.182113
vt 0.031041 0.174353
vt 0.029340 0.173708
vt 0.050068 0.181606
vt 0.050068 0.181098
vt 0.027533 0.173489
vt 0.050068 0.180591
vt 0.025727 0.173708
vt 0.024025 0.174353
vt 0.050068 0.180084
vt 0.022528 0.175387
vt 0.050068 0.179576
vt 0.021321 0.176749
vt 0.050068 0.179069
vt 0.050068 0.178562
vt 0.020475 0.178360
vt 0.020040 0.180127
vt 0.050068 0.178055
vt 0.020040 0.181947
vt 0.050068 0.177547
vt 0.020475 0.183714
vt 0.050068 0.177040
vt 0.021321 0.185325
vt 0.050068 0.176533
vt 0.022528 0.186687
vt 0.050068 0.176025
vt 0.024025 0.187721
vt 0.050068 0.175518
vt 0.025727 0.188366
vt 0.050068 0.175011
vt 0.027533 0.188586
vt 0.050068 0.174503
vt 0.050068 0.173996
vt 0.029340 0.188366
vt 0.050068 0.173489
vt 0.031041 0.187721
vt 0.050068 0.186679
vt 0.032539 0.186687
vt 0.050068 0.186172
vt 0.028910 0.207361
vt 0.011913 0.202072
vt 0.011913 0.214755
vt 0.027155 0.208572
vt 0.011913 0.201564
vt 0.025162 0.209327
vt 0.011913 0.214247
vt 0.023046 0.209584
vt 0.011913 0.213740
vt 0.020930 0.209327
vt 0.011913 0.213233
vt 0.018938 0.208572
vt 0.011913 0.212725
vt 0.017183 0.207361
vt 0.011913 0.212218
vt 0.015770 0.205765
vt 0.011913 0.211711
vt 0.014779 0.203878
vt 0.011913 0.211203
vt 0.011913 0.210696
vt 0.014269 0.201808
vt 0.014269 0.199677
vt 0.011913 0.210189
vt 0.014780 0.197607
vt 0.011913 0.209681
vt 0.011913 0.209174
vt 0.015770 0.195720
vt 0.017184 0.194125
vt 0.011913 0.208667
vt 0.018938 0.192914
vt 0.011913 0.208160
vt 0.011913 0.207652
vt 0.020931 0.192158
vt 0.011913 0.207145
vt 0.023047 0.191901
vt 0.011913 0.206638
vt 0.025163 0.192158
vt 0.027156 0.192914
vt 0.011913 0.206130
vt 0.028910 0.194125
vt 0.011913 0.205623
vt 0.011913 0.205116
vt 0.030323 0.195720
vt 0.011913 0.204608
vt 0.031314 0.197608
vt 0.011913 0.204101
vt 0.031824 0.199677
vt 0.011913 0.203594
vt 0.031824 0.201809
vt 0.011913 0.203086
vt 0.031314 0.203878
vt 0.030323 0.205765
vt 0.011913 0.202579
vt 0.177637 0.179066
vt 0.135528 0.146087
vt 0.176562 0.178936
vt 0.141750 0.146386
vt 0.135339 0.146386
vt 0.175486 0.179066
vt 0.141649 0.146152
vt 0.174473 0.179450
vt 0.141525 0.145922
vt 0.173581 0.180066
vt 0.141383 0.145701
vt 0.172863 0.180877
vt 0.141214 0.145494
vt 0.172359 0.181836
vt 0.141023 0.145296
vt 0.172100 0.182888
vt 0.140816 0.145110
vt 0.172100 0.183972
vt 0.140586 0.144942
vt 0.172359 0.185024
vt 0.140341 0.144789
vt 0.140083 0.144659
vt 0.172863 0.185983
vt 0.173581 0.186794
vt 0.139808 0.144556
vt 0.174473 0.187410
vt 0.139516 0.144476
vt 0.175486 0.187794
vt 0.139208 0.144422
vt 0.138885 0.144390
vt 0.176561 0.187925
vt 0.138564 0.144373
vt 0.177637 0.187794
vt 0.138250 0.144389
vt 0.178650 0.187410
vt 0.137935 0.144439
vt 0.179542 0.186794
vt 0.180260 0.185983
vt 0.137622 0.144513
vt 0.180764 0.185024
vt 0.137318 0.144614
vt 0.181023 0.183972
vt 0.137024 0.144743
vt 0.181023 0.182888
vt 0.136739 0.144908
vt 0.180764 0.181836
vt 0.136462 0.145097
vt 0.180260 0.180877
vt 0.136201 0.145314
vt 0.178650 0.179450
vt 0.135728 0.145805
vt 0.179542 0.180066
vt 0.135952 0.145550
vt 0.049530 0.170336
vt 0.053925 0.170336
vt 0.051380 0.137094
vt 0.051167 0.171272
vt 0.055775 0.137094
vt 0.055561 0.171272
vt 0.050061 0.137628
vt 0.054455 0.137628
vt 0.048811 0.138268
vt 0.053206 0.138268
vt 0.047626 0.139044
vt 0.052020 0.139044
vt 0.046491 0.139921
vt 0.050885 0.139921
vt 0.045412 0.140919
vt 0.049807 0.140919
vt 0.044411 0.142030
vt 0.048806 0.142030
vt 0.043486 0.143234
vt 0.047881 0.143234
vt 0.042683 0.144547
vt 0.047077 0.144547
vt 0.041983 0.145933
vt 0.046378 0.145933
vt 0.041380 0.147403
vt 0.045775 0.147403
vt 0.040898 0.148962
vt 0.045293 0.148962
vt 0.040562 0.150603
vt 0.044957 0.150603
vt 0.040367 0.152305
vt 0.044761 0.152305
vt 0.040340 0.154027
vt 0.044734 0.154027
vt 0.040461 0.155725
vt 0.044855 0.155725
vt 0.040695 0.157419
vt 0.045090 0.157419
vt 0.041120 0.159090
vt 0.045515 0.159090
vt 0.041678 0.160719
vt 0.046072 0.160719
vt 0.042384 0.162297
vt 0.046778 0.162297
vt 0.043217 0.163843
vt 0.047612 0.163843
vt 0.044228 0.165322
vt 0.048622 0.165322
vt 0.045366 0.166753
vt 0.049760 0.166753
vt 0.048041 0.169250
vt 0.052436 0.169250
vt 0.046654 0.168062
vt 0.051048 0.168062
vt 0.050117 0.169425
vt 0.135293 0.145932
vt 0.051579 0.170306
vt 0.141933 0.146311
vt 0.051579 0.137883
vt 0.135104 0.146238
vt 0.050394 0.138352
vt 0.141837 0.146060
vt 0.049234 0.138989
vt 0.141706 0.145814
vt 0.048097 0.139703
vt 0.141558 0.145573
vt 0.047038 0.140564
vt 0.141379 0.145348
vt 0.141177 0.145136
vt 0.046040 0.141535
vt 0.045076 0.142575
vt 0.140960 0.144930
vt 0.140715 0.144751
vt 0.044235 0.143747
vt 0.043443 0.144973
vt 0.140458 0.144581
vt 0.140178 0.144445
vt 0.042813 0.146312
vt 0.139883 0.144326
vt 0.042261 0.147716
vt 0.041833 0.149201
vt 0.139572 0.144232
vt 0.041539 0.150760
vt 0.139244 0.144167
vt 0.138905 0.144130
vt 0.041382 0.152371
vt 0.138562 0.144118
vt 0.041342 0.153998
vt 0.041421 0.155617
vt 0.138221 0.144131
vt 0.137884 0.144187
vt 0.041701 0.157216
vt 0.137549 0.144263
vt 0.042082 0.158799
vt 0.042606 0.160347
vt 0.137222 0.144370
vt 0.043262 0.161858
vt 0.136902 0.144505
vt 0.044091 0.163310
vt 0.136595 0.144676
vt 0.136301 0.144881
vt 0.045080 0.164695
vt 0.046183 0.166024
vt 0.136018 0.145111
vt 0.135751 0.145360
vt 0.047379 0.167281
vt 0.048683 0.168431
vt 0.135506 0.145632
vt 0.031293 0.207042
vt 0.053105 0.171546
vt 0.055357 0.136027
vt 0.030168 0.206266
vt 0.054811 0.172589
vt 0.028890 0.205781
vt 0.053969 0.136617
vt 0.052637 0.137314
vt 0.027533 0.205617
vt 0.051379 0.138124
vt 0.026177 0.205782
vt 0.050155 0.139030
vt 0.024899 0.206266
vt 0.023774 0.207043
vt 0.048967 0.140082
vt 0.047895 0.141266
vt 0.022868 0.208065
vt 0.022233 0.209276
vt 0.046900 0.142534
vt 0.021906 0.210602
vt 0.046009 0.143922
vt 0.021906 0.211969
vt 0.045223 0.145402
vt 0.044570 0.146980
vt 0.022233 0.213296
vt 0.044041 0.148626
vt 0.022868 0.214506
vt 0.023774 0.215529
vt 0.043630 0.150367
vt 0.043383 0.152211
vt 0.024899 0.216305
vt 0.043367 0.154076
vt 0.026177 0.216790
vt 0.043509 0.155887
vt 0.027533 0.216955
vt 0.043778 0.157678
vt 0.028890 0.216790
vt 0.044206 0.159458
vt 0.030168 0.216305
vt 0.044790 0.161200
vt 0.031293 0.215529
vt 0.045521 0.162894
vt 0.032199 0.214506
vt 0.046390 0.164558
vt 0.032834 0.213296
vt 0.047441 0.166191
vt 0.033161 0.211969
vt 0.048684 0.167731
vt 0.033161 0.210602
vt 0.050068 0.169128
vt 0.032834 0.209275
vt 0.051540 0.170381
vt 0.032199 0.208065
vt 0.032539 0.205636
vt 0.010361 0.202072
vt 0.010361 0.201564
vt 0.010361 0.214755
vt 0.031041 0.204602
vt 0.029340 0.203957
vt 0.010361 0.214247
vt 0.010361 0.213740
vt 0.027533 0.203737
vt 0.025727 0.203957
vt 0.010361 0.213233
vt 0.010361 0.212725
vt 0.024025 0.204602
vt 0.022528 0.205636
vt 0.010361 0.212218
vt 0.021321 0.206998
vt 0.010361 0.211711
vt 0.020475 0.208609
vt 0.010361 0.211203
vt 0.020040 0.210376
vt 0.010361 0.210696
vt 0.020040 0.212196
vt 0.010361 0.210189
vt 0.010361 0.209681
vt 0.020475 0.213963
vt 0.021321 0.215574
vt 0.010361 0.209174
vt 0.022528 0.216936
vt 0.010361 0.208667
vt 0.010361 0.208160
vt 0.024025 0.217970
vt 0.010361 0.207652
vt 0.025727 0.218615
vt 0.027533 0.218834
vt 0.010361 0.207145
vt 0.010361 0.206638
vt 0.029340 0.218615
vt 0.031041 0.217970
vt 0.010361 0.206130
vt 0.032539 0.216936
vt 0.010361 0.205623
vt 0.010361 0.205116
vt 0.033746 0.215574
vt 0.010361 0.204608
vt 0.034591 0.213962
vt 0.010361 0.204101
vt 0.035027 0.212196
vt 0.010361 0.203594
vt 0.035027 0.210376
vt 0.034591 0.208609
vt 0.010361 0.203086
vt 0.033746 0.206998
vt 0.010361 0.202579
vt 0.544564 0.473307
vt 0.532341 0.427172
vt 0.532127 0.426000
vt 0.544564 0.474499
vt 0.559106 0.426000
vt 0.546669 0.474499
vt 0.558892 0.427172
vt 0.546669 0.473307
vt 0.519361 0.474499
vt 0.531798 0.426000
vt 0.531584 0.427172
vt 0.519361 0.473307
vt 0.505032 0.427172
vt 0.517255 0.473307
vt 0.504818 0.426000
vt 0.517255 0.474499
vt 0.506848 0.389608
vt 0.534959 0.392133
vt 0.506444 0.389608
vt 0.552183 0.392133
vt 0.506848 0.396515
vt 0.534959 0.391621
vt 0.506444 0.396515
vt 0.552183 0.391621
vt 0.532144 0.392133
vt 0.506848 0.388500
vt 0.531635 0.391820
vt 0.506848 0.388265
vt 0.506444 0.388265
vt 0.555507 0.391820
vt 0.506444 0.388500
vt 0.554998 0.392133
vt 0.543557 0.391621
vt 0.506848 0.393131
vt 0.543584 0.391621
vt 0.506444 0.393131
vt 0.543557 0.391862
vt 0.506848 0.393036
vt 0.543286 0.392133
vt 0.506848 0.392885
vt 0.543856 0.392133
vt 0.506444 0.392885
vt 0.543584 0.391862
vt 0.506444 0.393036
vt 0.506847 0.379465
vt 0.534959 0.372558
vt 0.506444 0.379465
vt 0.552183 0.372558
vt 0.506848 0.372558
vt 0.534959 0.373070
vt 0.552183 0.373070
vt 0.506444 0.372558
vt 0.532144 0.372558
vt 0.506847 0.380573
vt 0.531635 0.372871
vt 0.506847 0.380808
vt 0.506444 0.380808
vt 0.555507 0.372871
vt 0.554998 0.372558
vt 0.506444 0.380573
vt 0.543557 0.373070
vt 0.506847 0.375942
vt 0.543584 0.373070
vt 0.506444 0.375942
vt 0.543557 0.372830
vt 0.506847 0.376037
vt 0.543286 0.372558
vt 0.506847 0.376188
vt 0.543856 0.372558
vt 0.506444 0.376188
vt 0.506444 0.376037
vt 0.543584 0.372830
s 0
usemtl Diffuse.007
f 8/8/1 35/35/1 9/9/1
f 24/24/2 49/49/2 50/50/2
f 1/1/3 28/28/3 2/2/3
f 16/16/4 43/43/4 17/17/4
f 10/10/5 35/35/5 36/36/5
f 24/24/6 51/51/6 25/25/6
f 3/3/7 28/28/7 29/29/7
f 18/18/8 43/43/8 44/44/8
f 11/11/9 36/36/9 37/37/9
f 26/26/10 51/51/10 52/52/10
f 3/3/11 30/30/11 4/4/11
f 19/19/12 44/44/12 45/45/12
f 11/11/13 38/38/14 12/12/13
f 1/1/15 52/52/16 27/27/15
f 4/4/17 31/31/17 5/5/17
f 19/19/18 46/46/18 20/20/18
f 13/13/19 38/38/19 39/39/20
f 5/5/21 32/32/21 6/6/21
f 21/21/22 46/46/23 47/47/23
f 14/14/24 39/39/24 40/40/25
f 7/7/26 32/32/26 33/33/26
f 21/21/27 48/48/27 22/22/27
f 14/14/28 41/41/28 15/15/28
f 8/8/29 33/33/30 34/34/30
f 22/22/31 49/49/31 23/23/31
f 15/15/32 42/42/32 16/16/32
f 11/11/33 15/15/33 19/19/33
f 120/153/34 56/56/34 121/155/34
f 109/131/35 67/67/35 110/133/35
f 104/121/36 72/72/36 105/123/36
f 93/98/37 83/84/37 94/100/37
f 122/157/38 54/54/38 123/159/38
f 117/147/39 59/59/39 118/149/39
f 106/125/40 70/70/40 107/127/40
f 95/102/41 81/82/41 96/104/41
f 90/92/42 86/87/42 91/94/42
f 119/151/43 57/57/43 120/153/43
f 108/129/44 68/68/44 109/131/44
f 103/119/45 73/73/45 104/121/45
f 92/96/46 84/85/46 93/98/46
f 121/155/47 55/55/47 122/157/47
f 116/145/48 60/60/48 117/147/48
f 105/123/49 71/71/49 106/125/49
f 94/100/50 82/83/50 95/102/50
f 89/90/51 87/88/51 90/92/51
f 110/133/52 66/66/52 111/135/52
f 118/149/53 58/58/53 119/151/53
f 107/127/54 69/69/54 108/129/54
f 123/159/55 53/53/55 124/161/55
f 96/104/56 80/81/56 97/106/56
f 91/94/57 85/86/57 92/96/57
f 102/117/58 74/74/58 103/119/58
f 97/106/59 79/80/59 98/108/59
f 124/161/60 88/89/60 89/90/60
f 111/135/61 65/65/61 112/137/61
f 98/108/62 78/78/62 99/110/62
f 112/137/63 64/64/63 113/139/63
f 99/111/64 77/77/64 100/113/64
f 113/139/65 63/63/65 114/141/65
f 100/113/66 76/76/66 101/115/66
f 114/141/67 62/62/67 115/143/67
f 101/115/68 75/75/68 102/117/68
f 115/143/69 61/61/69 116/145/69
f 97/107/70 113/140/70 121/156/70
f 126/165/71 127/168/71 125/163/71
f 128/169/72 131/175/72 127/168/72
f 132/176/73 129/171/73 131/175/73
f 130/173/74 125/164/74 129/170/74
f 128/169/70 130/174/70 132/176/70
f 134/180/71 135/182/71 133/177/71
f 136/183/72 139/189/72 135/182/72
f 140/190/73 137/185/73 139/189/73
f 138/188/74 133/178/74 137/184/74
f 139/189/75 133/179/75 135/182/75
f 136/183/70 138/188/70 140/190/70
f 142/193/71 143/196/71 141/191/71
f 144/198/72 147/201/72 143/195/72
f 148/202/73 145/199/73 147/201/73
f 146/200/74 141/192/74 145/199/74
f 141/192/74 151/209/74 145/199/74
f 152/211/75 149/204/75 150/206/75
f 147/201/72 150/207/72 143/195/72
f 143/196/71 149/205/71 141/191/71
f 155/217/76 157/219/76 153/213/76
f 157/220/77 167/239/77 165/233/77
f 153/214/70 165/234/70 161/227/70
f 154/215/78 160/226/78 156/218/78
f 156/218/75 168/240/75 164/232/75
f 155/217/75 167/239/75 159/225/75
f 154/216/70 166/236/70 158/222/70
f 166/237/79 160/226/79 158/223/79
f 170/243/80 171/244/80 169/241/80
f 171/245/81 176/254/81 175/251/81
f 173/248/82 171/246/82 175/252/82
f 174/250/83 172/247/83 170/243/83
f 176/254/84 173/249/84 175/253/84
f 178/257/85 179/258/85 177/255/85
f 179/259/86 184/268/86 183/265/86
f 181/262/87 179/260/87 183/266/87
f 182/264/88 180/261/88 178/257/88
f 182/264/89 183/267/89 184/268/89
f 193/285/72 194/287/72 198/296/72
f 315/506/70 204/308/70 330/534/70
f 191/282/71 321/519/71 317/510/71
f 199/299/90 324/525/90 325/527/90
f 198/297/73 323/523/73 324/525/73
f 204/308/71 313/502/71 330/534/71
f 190/280/70 312/500/70 316/508/70
f 197/295/70 317/510/70 323/523/70
f 192/284/73 316/508/73 318/513/73
f 187/274/75 311/498/75 313/502/75
f 314/504/91 189/278/91 315/506/91
f 195/291/92 320/517/92 321/519/92
f 194/289/70 319/514/70 320/516/70
f 185/270/73 322/521/73 311/498/73
f 326/529/75 202/305/75 200/300/75
f 200/301/71 327/531/71 326/530/71
f 203/306/74 200/302/74 202/305/74
f 186/272/71 314/504/71 312/500/71
f 196/293/70 325/527/70 322/521/70
f 207/314/75 214/327/75 210/319/75
f 208/315/71 213/326/71 207/313/71
f 206/312/70 212/323/70 216/332/70
f 212/324/72 214/328/72 215/330/72
f 210/320/34 212/324/34 211/322/34
f 215/330/37 213/326/37 216/331/37
f 205/310/73 211/322/73 206/311/73
f 343/560/75 220/339/75 217/333/75
f 221/340/74 218/335/74 217/334/74
f 347/567/73 219/337/73 221/341/73
f 225/348/72 230/359/72 224/346/72
f 223/345/71 255/408/71 231/360/71
f 237/373/75 364/601/75 363/600/75
f 227/353/75 354/581/75 353/580/75
f 222/342/73 227/352/73 352/577/73
f 227/353/93 229/356/93 228/354/93
f 328/532/73 203/306/73 202/305/73
f 224/347/73 252/402/73 253/404/73
f 222/343/74 254/407/74 223/344/74
f 232/362/74 258/415/74 233/364/74
f 348/569/72 355/584/72 349/571/72
f 252/403/70 231/361/70 255/409/70
f 368/609/94 370/614/94 371/616/94
f 239/376/74 232/362/74 233/364/74
f 233/365/71 259/416/71 241/380/71
f 232/363/73 237/372/73 362/597/73
f 237/373/93 239/376/93 238/374/93
f 229/356/74 222/343/74 223/344/74
f 234/367/73 256/410/73 257/412/73
f 247/393/74 260/418/74 261/420/74
f 256/411/70 241/381/70 259/417/70
f 235/368/72 240/379/72 234/366/72
f 248/395/95 250/398/95 249/397/95
f 245/389/96 243/385/96 242/382/96
f 246/390/71 243/384/71 262/423/71
f 244/386/73 247/392/73 261/421/73
f 262/422/72 244/387/72 263/424/72
f 238/375/71 235/369/71 359/592/71
f 246/391/70 245/389/70 242/382/70
f 375/623/71 386/646/71 262/423/71
f 263/424/72 248/395/72 262/422/72
f 228/355/71 225/349/71 349/572/71
f 259/417/94 257/413/94 256/411/94
f 386/645/72 373/620/72 387/647/72
f 390/653/97 266/431/97 264/426/97
f 396/665/98 268/435/98 394/661/98
f 398/669/99 269/437/99 272/443/99
f 267/432/74 272/442/74 265/428/74
f 393/659/70 268/435/70 267/433/70
f 391/655/100 269/437/100 395/663/100
f 393/659/101 266/431/101 392/657/101
f 397/667/102 270/439/102 396/665/102
f 398/669/103 271/441/103 397/667/103
f 347/567/97 220/339/97 346/565/97
f 273/444/72 276/447/72 274/445/72
f 276/447/75 278/449/75 274/445/75
f 273/444/70 279/450/70 275/446/70
f 282/454/104 1376/2652/104 1373/2645/104
f 283/456/74 284/457/74 282/455/74
f 285/459/74 286/460/74 284/457/74
f 287/462/74 288/463/74 286/460/74
f 289/465/74 290/466/74 288/463/74
f 293/471/74 290/466/74 291/468/74
f 295/474/74 292/469/74 293/471/74
f 422/702/105 1377/2653/105 407/679/105
f 298/479/72 299/480/72 300/482/72
f 300/482/72 301/483/72 302/485/72
f 302/485/72 303/486/72 304/488/72
f 304/488/72 305/489/72 306/491/72
f 305/489/72 308/494/72 306/491/72
f 307/492/72 310/497/72 308/494/72
f 294/473/106 307/493/106 292/470/106
f 293/471/71 310/497/71 295/474/71
f 290/467/107 303/487/107 288/464/107
f 283/456/74 1373/2646/74 1374/2647/74
f 286/461/108 299/481/108 284/458/108
f 1375/2649/72 297/477/72 298/479/72
f 292/470/109 305/490/109 290/467/109
f 288/464/110 301/484/110 286/461/110
f 295/474/75 309/496/75 294/473/75
f 284/458/111 297/478/111 282/454/111
f 315/507/112 324/526/112 319/515/112
f 328/532/72 327/531/72 329/533/72
f 336/546/75 340/554/75 333/541/75
f 339/553/71 334/542/71 333/540/71
f 342/558/70 338/550/70 332/539/70
f 338/551/74 340/555/74 335/545/74
f 337/549/61 335/545/61 336/547/61
f 341/557/58 339/553/58 340/555/58
f 337/549/73 331/537/73 332/538/73
f 343/561/72 345/564/72 347/568/72
f 379/631/73 356/585/73 350/574/73
f 349/571/72 379/632/72 348/569/72
f 357/587/71 380/633/71 349/572/71
f 355/584/95 353/580/95 354/581/95
f 357/588/70 378/630/70 381/635/70
f 359/591/72 383/640/72 358/589/72
f 356/586/74 351/576/74 350/573/74
f 378/630/96 380/634/96 381/635/96
f 358/589/72 365/604/72 359/591/72
f 367/607/71 384/641/71 359/592/71
f 365/604/95 363/600/95 364/601/95
f 383/639/73 366/605/73 360/594/73
f 387/648/73 371/615/73 370/613/73
f 367/608/70 382/638/70 385/643/70
f 366/606/74 361/596/74 360/593/74
f 371/616/70 372/617/70 368/609/70
f 389/651/73 376/625/73 251/401/73
f 374/622/74 389/652/74 388/649/74
f 376/626/93 374/622/93 375/624/93
f 389/652/74 369/611/74 388/649/74
f 388/650/71 368/610/71 372/618/71
f 255/409/94 253/405/94 252/403/94
f 382/638/96 384/642/96 385/643/96
f 376/626/75 249/397/75 250/398/75
f 390/654/72 397/668/72 394/662/72
f 400/672/74 401/673/74 399/671/74
f 404/676/75 402/674/75 400/672/75
f 405/677/70 399/671/70 401/673/70
f 1379/2658/104 408/681/104 1378/2656/104
f 409/683/72 410/684/72 411/686/72
f 411/686/72 412/687/72 413/689/72
f 413/689/72 414/690/72 415/692/72
f 415/692/72 416/693/72 417/695/72
f 416/693/72 419/698/72 417/695/72
f 418/696/72 421/701/72 419/698/72
f 424/706/74 425/707/74 423/704/74
f 426/709/74 427/710/74 425/707/74
f 428/712/74 429/713/74 427/710/74
f 430/715/74 431/716/74 429/713/74
f 434/721/74 431/716/74 432/718/74
f 436/724/74 433/719/74 434/721/74
f 433/720/106 420/700/106 418/697/106
f 436/724/71 419/698/71 421/701/71
f 429/714/107 416/694/107 414/691/107
f 1377/2654/72 408/682/72 409/683/72
f 425/708/108 412/688/108 410/685/108
f 424/706/74 1379/2657/74 1380/2659/74
f 431/717/109 418/697/109 416/694/109
f 427/711/110 414/691/110 412/688/110
f 435/723/75 421/701/75 420/700/75
f 423/705/111 410/685/111 408/681/111
f 457/765/72 484/820/72 458/767/72
f 451/753/72 476/804/72 477/806/72
f 444/739/72 469/790/72 470/792/72
f 459/769/72 484/820/72 485/822/72
f 451/753/72 478/808/72 452/755/72
f 445/741/72 470/792/72 471/794/72
f 460/771/72 485/822/72 486/824/72
f 437/725/72 464/780/72 438/727/72
f 452/755/72 479/810/72 453/757/72
f 445/741/72 472/796/72 446/743/72
f 461/774/72 486/824/72 487/826/72
f 439/729/72 464/780/72 465/782/72
f 454/759/72 479/810/72 480/812/72
f 447/745/72 472/796/72 473/798/72
f 461/774/72 488/829/72 462/776/72
f 439/729/72 466/784/72 440/731/72
f 454/759/72 481/814/72 455/761/72
f 448/747/72 473/798/72 474/800/72
f 437/725/72 488/829/72 463/778/72
f 440/731/72 467/786/72 441/733/72
f 456/763/72 481/814/72 482/816/72
f 449/749/72 474/800/72 475/802/72
f 441/733/72 468/788/72 442/735/72
f 456/763/72 483/818/72 457/765/72
f 449/749/72 476/804/72 450/751/72
f 442/735/72 469/790/72 443/737/72
f 472/797/113 525/905/113 473/799/113
f 487/827/114 540/937/114 488/830/114
f 466/785/115 517/889/115 518/891/115
f 480/813/116 533/921/116 481/815/116
f 474/801/117 525/905/117 526/907/117
f 488/830/118 516/887/118 463/779/118
f 466/785/119 519/893/119 467/787/119
f 482/817/120 533/921/120 534/923/120
f 474/801/121 527/909/121 475/803/121
f 467/787/122 520/895/122 468/789/122
f 482/817/123 535/925/123 483/819/123
f 475/803/124 528/911/124 476/805/124
f 468/789/125 521/897/125 469/791/125
f 483/819/126 536/927/126 484/821/126
f 477/807/127 528/911/127 529/913/127
f 470/793/128 521/897/128 522/899/128
f 485/823/129 536/927/129 537/929/129
f 478/809/130 529/913/130 530/915/130
f 471/795/131 522/899/131 523/901/131
f 486/825/132 537/929/132 538/931/132
f 464/781/133 516/887/133 515/885/133
f 478/809/134 531/917/134 479/811/134
f 472/797/135 523/901/135 524/903/135
f 487/828/136 538/931/136 539/933/136
f 465/783/137 515/885/137 517/889/137
f 480/813/138 531/917/138 532/919/138
f 495/843/73 548/954/73 496/846/73
f 490/833/72 516/888/72 489/831/72
f 491/835/72 515/886/72 490/833/72
f 491/835/72 518/892/72 517/890/72
f 492/837/72 519/894/72 518/892/72
f 493/839/72 520/896/72 519/894/72
f 495/844/72 520/896/72 494/841/72
f 496/845/72 521/898/72 495/844/72
f 497/847/72 522/900/72 496/845/72
f 497/847/72 524/904/72 523/902/72
f 499/851/72 524/904/72 498/849/72
f 500/853/72 525/906/72 499/851/72
f 500/853/72 527/910/72 526/908/72
f 501/855/72 528/912/72 527/910/72
f 502/857/72 529/914/72 528/912/72
f 503/859/72 530/916/72 529/914/72
f 504/861/72 531/918/72 530/916/72
f 506/865/72 531/918/72 505/863/72
f 506/865/72 533/922/72 532/920/72
f 508/869/72 533/922/72 507/867/72
f 508/869/72 535/926/72 534/924/72
f 509/871/72 536/928/72 535/926/72
f 511/875/72 536/928/72 510/873/72
f 511/875/72 538/932/72 537/930/72
f 513/881/72 538/932/72 512/877/72
f 514/883/72 539/936/72 513/879/72
f 489/831/72 540/938/72 514/883/72
f 565/987/72 557/971/72 549/955/72
f 510/874/139 563/984/139 511/876/139
f 503/860/140 556/970/140 504/862/140
f 496/846/141 549/956/141 497/848/141
f 511/876/142 564/986/142 512/878/142
f 489/832/143 541/940/143 490/834/143
f 504/862/144 557/972/144 505/864/144
f 497/848/145 550/958/145 498/850/145
f 512/878/146 565/988/146 513/880/146
f 490/834/147 543/944/147 491/836/147
f 505/864/148 558/974/148 506/866/148
f 498/850/149 551/960/149 499/852/149
f 513/882/150 566/991/150 514/884/150
f 491/836/151 544/946/151 492/838/151
f 506/866/152 559/976/152 507/868/152
f 499/852/153 552/962/153 500/854/153
f 514/884/154 542/942/154 489/832/154
f 492/838/155 545/948/155 493/840/155
f 507/868/156 560/978/156 508/870/156
f 500/854/157 553/964/157 501/856/157
f 493/840/158 546/950/158 494/842/158
f 508/870/71 561/980/71 509/872/71
f 501/856/159 554/966/159 502/858/159
f 494/842/160 547/952/160 495/843/160
f 509/872/161 562/982/161 510/874/161
f 502/858/162 555/968/162 503/860/162
f 450/752/159 579/1016/159 449/750/159
f 443/738/160 572/1002/160 442/736/160
f 458/768/161 587/1032/161 457/766/161
f 451/754/162 580/1018/162 450/752/162
f 444/740/73 573/1004/73 443/738/73
f 459/770/139 588/1034/139 458/768/139
f 452/756/140 581/1020/140 451/754/140
f 445/742/141 574/1006/141 444/740/141
f 460/772/142 589/1036/142 459/770/142
f 438/728/143 567/992/143 437/726/143
f 453/758/144 582/1022/144 452/756/144
f 446/744/145 575/1008/145 445/742/145
f 461/775/146 590/1038/146 460/772/146
f 439/730/147 568/994/147 438/728/147
f 454/760/148 583/1024/148 453/758/148
f 447/746/149 576/1010/149 446/744/149
f 462/777/150 591/1041/150 461/773/150
f 440/732/151 569/996/151 439/730/151
f 455/762/163 584/1026/163 454/760/163
f 448/748/153 577/1012/153 447/746/153
f 437/726/154 592/1043/154 462/777/154
f 441/734/155 570/998/155 440/732/155
f 456/764/156 585/1028/156 455/762/156
f 449/750/157 578/1014/157 448/748/157
f 442/736/164 571/1000/164 441/734/164
f 457/766/71 586/1030/71 456/764/71
f 571/1001/74 579/1017/74 587/1033/74
f 613/1086/72 640/1141/72 614/1088/72
f 607/1074/72 632/1125/72 633/1127/72
f 600/1060/72 625/1111/72 626/1113/72
f 614/1088/72 641/1143/72 615/1090/72
f 607/1074/72 634/1129/72 608/1076/72
f 600/1060/72 627/1115/72 601/1062/72
f 616/1092/72 641/1143/72 642/1145/72
f 593/1045/72 620/1100/72 594/1048/72
f 608/1076/72 635/1131/72 609/1078/72
f 602/1064/72 627/1115/72 628/1117/72
f 617/1094/72 642/1145/72 643/1147/72
f 595/1050/72 620/1100/72 621/1103/72
f 609/1078/72 636/1133/72 610/1080/72
f 603/1066/72 628/1117/72 629/1119/72
f 617/1094/72 644/1149/72 618/1096/72
f 595/1050/72 622/1105/72 596/1052/72
f 611/1082/72 636/1133/72 637/1135/72
f 604/1068/72 629/1119/72 630/1121/72
f 593/1045/72 644/1149/72 619/1098/72
f 596/1052/72 623/1107/72 597/1054/72
f 611/1082/72 638/1137/72 612/1084/72
f 605/1070/72 630/1121/72 631/1123/72
f 597/1054/72 624/1109/72 598/1056/72
f 612/1084/72 639/1139/72 613/1086/72
f 605/1070/72 632/1125/72 606/1072/72
f 599/1058/72 624/1109/72 625/1111/72
f 628/1118/113 681/1227/113 629/1120/113
f 643/1148/114 696/1257/114 644/1150/114
f 621/1104/165 674/1213/165 622/1106/165
f 636/1134/116 689/1243/116 637/1136/116
f 630/1122/166 681/1227/166 682/1229/166
f 644/1150/118 672/1209/118 619/1099/118
f 622/1106/119 675/1215/119 623/1108/119
f 637/1136/167 690/1245/167 638/1138/167
f 630/1122/168 683/1231/168 631/1124/168
f 623/1108/122 676/1217/122 624/1110/122
f 638/1138/123 691/1247/123 639/1140/123
f 631/1124/124 684/1233/124 632/1126/124
f 625/1112/125 676/1217/125 677/1219/125
f 639/1140/126 692/1249/126 640/1142/126
f 633/1128/127 684/1233/127 685/1235/127
f 626/1114/169 677/1219/169 678/1221/169
f 641/1144/129 692/1249/129 693/1251/129
f 634/1130/170 685/1235/170 686/1237/170
f 626/1114/131 679/1223/131 627/1116/131
f 642/1146/132 693/1251/132 694/1253/132
f 620/1101/133 672/1209/133 671/1205/133
f 634/1130/134 687/1239/134 635/1132/134
f 628/1118/135 679/1223/135 680/1225/135
f 642/1146/136 695/1255/136 643/1148/136
f 621/1104/137 671/1207/137 673/1211/137
f 635/1132/171 688/1241/171 636/1134/171
f 651/1165/73 704/1275/73 652/1168/73
f 645/1151/72 671/1208/72 672/1210/72
f 646/1155/72 673/1212/72 671/1206/72
f 647/1157/72 674/1214/72 673/1212/72
f 649/1161/72 674/1214/72 648/1159/72
f 649/1161/72 676/1218/72 675/1216/72
f 651/1166/72 676/1218/72 650/1163/72
f 652/1167/72 677/1220/72 651/1166/72
f 652/1167/72 679/1224/72 678/1222/72
f 654/1171/72 679/1224/72 653/1169/72
f 655/1173/72 680/1226/72 654/1171/72
f 656/1175/72 681/1228/72 655/1173/72
f 657/1177/72 682/1230/72 656/1175/72
f 658/1179/72 683/1232/72 657/1177/72
f 659/1181/72 684/1234/72 658/1179/72
f 660/1183/72 685/1236/72 659/1181/72
f 660/1183/72 687/1240/72 686/1238/72
f 661/1185/72 688/1242/72 687/1240/72
f 662/1187/72 689/1244/72 688/1242/72
f 663/1189/72 690/1246/72 689/1244/72
f 664/1191/72 691/1248/72 690/1246/72
f 666/1195/72 691/1248/72 665/1193/72
f 667/1197/72 692/1250/72 666/1195/72
f 668/1199/72 693/1252/72 667/1197/72
f 669/1201/72 694/1254/72 668/1199/72
f 669/1201/72 696/1258/72 695/1256/72
f 670/1203/72 672/1210/72 696/1258/72
f 721/1308/72 713/1292/72 705/1276/72
f 666/1196/139 719/1305/139 667/1198/139
f 659/1182/140 712/1291/140 660/1184/140
f 652/1168/141 705/1277/141 653/1170/141
f 667/1198/142 720/1307/142 668/1200/142
f 645/1152/172 697/1260/172 646/1153/172
f 660/1184/144 713/1293/144 661/1186/144
f 653/1170/173 706/1279/173 654/1172/173
f 668/1200/146 721/1309/146 669/1202/146
f 646/1156/147 699/1265/147 647/1158/147
f 661/1186/148 714/1295/148 662/1188/148
f 654/1172/149 707/1281/149 655/1174/149
f 669/1202/150 722/1311/150 670/1204/150
f 647/1158/151 700/1267/151 648/1160/151
f 662/1188/152 715/1297/152 663/1190/152
f 655/1174/153 708/1283/153 656/1176/153
f 670/1204/174 698/1263/174 645/1152/174
f 648/1160/155 701/1269/155 649/1162/155
f 663/1190/156 716/1299/156 664/1192/156
f 656/1176/157 709/1285/157 657/1178/157
f 649/1162/164 702/1271/164 650/1164/164
f 664/1192/71 717/1301/71 665/1194/71
f 657/1178/159 710/1287/159 658/1180/159
f 650/1164/160 703/1273/160 651/1165/160
f 665/1194/161 718/1303/161 666/1196/161
f 658/1180/162 711/1289/162 659/1182/162
f 606/1073/159 735/1337/159 605/1071/159
f 599/1059/160 728/1323/160 598/1057/160
f 614/1089/161 743/1353/161 613/1087/161
f 606/1073/162 737/1341/162 736/1339/162
f 600/1061/73 729/1325/73 599/1059/73
f 615/1091/139 744/1355/139 614/1089/139
f 607/1075/140 738/1343/140 737/1341/140
f 601/1063/141 730/1327/141 600/1061/141
f 616/1093/142 745/1357/142 615/1091/142
f 594/1049/143 723/1312/143 593/1046/143
f 609/1079/144 738/1343/144 608/1077/144
f 602/1065/173 731/1329/173 601/1063/173
f 617/1095/146 746/1359/146 616/1093/146
f 595/1051/147 724/1315/147 594/1047/147
f 610/1081/148 739/1345/148 609/1079/148
f 603/1067/149 732/1331/149 602/1065/149
f 618/1097/150 747/1361/150 617/1095/150
f 596/1053/151 725/1317/151 595/1051/151
f 611/1083/152 740/1347/152 610/1081/152
f 604/1069/153 733/1333/153 603/1067/153
f 593/1046/154 748/1363/154 618/1097/154
f 597/1055/155 726/1319/155 596/1053/155
f 612/1085/156 741/1349/156 611/1083/156
f 605/1071/157 734/1335/157 604/1069/157
f 598/1057/164 727/1321/164 597/1055/164
f 613/1087/71 742/1351/71 612/1085/71
f 727/1322/74 735/1338/74 743/1354/74
f 769/1406/72 796/1461/72 770/1408/72
f 763/1393/72 788/1444/72 789/1446/72
f 756/1379/72 781/1430/72 782/1432/72
f 771/1410/72 796/1461/72 797/1463/72
f 764/1395/72 789/1446/72 790/1448/72
f 757/1381/72 782/1432/72 783/1434/72
f 772/1412/72 797/1463/72 798/1465/72
f 749/1365/72 776/1420/72 750/1367/72
f 765/1398/72 790/1448/72 791/1451/72
f 757/1381/72 784/1436/72 758/1383/72
f 773/1414/72 798/1465/72 799/1467/72
f 751/1369/72 776/1420/72 777/1422/72
f 766/1400/72 791/1451/72 792/1453/72
f 759/1385/72 784/1436/72 785/1438/72
f 773/1414/72 800/1469/72 774/1416/72
f 751/1369/72 778/1424/72 752/1371/72
f 766/1400/72 793/1455/72 767/1402/72
f 760/1387/72 785/1438/72 786/1440/72
f 749/1365/72 800/1469/72 775/1418/72
f 752/1371/72 779/1426/72 753/1373/72
f 768/1404/72 793/1455/72 794/1457/72
f 760/1387/72 787/1442/72 761/1389/72
f 754/1375/72 779/1426/72 780/1428/72
f 768/1404/72 795/1459/72 769/1406/72
f 761/1389/72 788/1444/72 762/1391/72
f 755/1377/72 780/1428/72 781/1430/72
f 784/1437/113 837/1545/113 785/1439/113
f 800/1470/114 851/1575/114 852/1577/114
f 778/1425/115 829/1529/115 830/1531/115
f 793/1456/116 844/1561/116 845/1563/116
f 786/1441/166 837/1545/166 838/1547/166
f 775/1419/175 852/1577/175 828/1527/175
f 778/1425/176 831/1533/176 779/1427/176
f 793/1456/167 846/1565/167 794/1458/167
f 786/1441/177 839/1549/177 787/1443/177
f 779/1427/178 832/1535/178 780/1429/178
f 794/1458/123 847/1567/123 795/1460/123
f 787/1443/179 840/1551/179 788/1445/179
f 781/1431/125 832/1535/125 833/1537/125
f 795/1460/126 848/1569/126 796/1462/126
f 788/1445/180 841/1553/180 789/1447/180
f 782/1433/169 833/1537/169 834/1539/169
f 796/1462/129 849/1571/129 797/1464/129
f 789/1447/181 842/1555/181 790/1449/181
f 783/1435/182 834/1539/182 835/1541/182
f 798/1466/132 849/1571/132 850/1573/132
f 776/1421/133 828/1527/133 827/1525/133
f 790/1449/134 843/1557/134 791/1450/134
f 784/1437/135 835/1541/135 836/1543/135
f 799/1468/183 850/1573/183 851/1575/183
f 777/1423/137 827/1525/137 829/1529/137
f 792/1454/184 843/1558/184 844/1561/184
f 807/1483/73 860/1594/73 808/1486/73
f 802/1473/72 828/1528/72 801/1471/72
f 803/1475/72 827/1526/72 802/1473/72
f 803/1475/72 830/1532/72 829/1530/72
f 805/1479/72 830/1532/72 804/1477/72
f 805/1479/72 832/1536/72 831/1534/72
f 806/1481/72 833/1538/72 832/1536/72
f 808/1485/72 833/1538/72 807/1484/72
f 809/1487/72 834/1540/72 808/1485/72
f 809/1487/72 836/1544/72 835/1542/72
f 811/1491/72 836/1544/72 810/1489/72
f 812/1493/72 837/1546/72 811/1491/72
f 812/1493/72 839/1550/72 838/1548/72
f 813/1495/72 840/1552/72 839/1550/72
f 814/1497/72 841/1554/72 840/1552/72
f 815/1499/72 842/1556/72 841/1554/72
f 816/1501/72 843/1559/72 842/1556/72
f 818/1507/72 843/1560/72 817/1503/72
f 819/1509/72 844/1562/72 818/1507/72
f 819/1509/72 846/1566/72 845/1564/72
f 821/1513/72 846/1566/72 820/1511/72
f 822/1515/72 847/1568/72 821/1513/72
f 823/1517/72 848/1570/72 822/1515/72
f 823/1517/72 850/1574/72 849/1572/72
f 825/1521/72 850/1574/72 824/1519/72
f 826/1523/72 851/1576/72 825/1521/72
f 826/1523/72 828/1528/72 852/1578/72
f 877/1628/72 869/1611/72 861/1595/72
f 822/1516/139 875/1625/139 823/1518/139
f 815/1500/140 868/1610/140 816/1502/140
f 808/1486/141 861/1596/141 809/1488/141
f 823/1518/185 876/1627/185 824/1520/185
f 801/1472/143 853/1580/143 802/1474/143
f 816/1502/144 869/1612/144 817/1504/144
f 809/1488/173 862/1598/173 810/1490/173
f 824/1520/146 877/1629/146 825/1522/146
f 802/1474/147 855/1584/147 803/1476/147
f 817/1506/148 870/1615/148 818/1508/148
f 810/1490/149 863/1600/149 811/1492/149
f 825/1522/150 878/1631/150 826/1524/150
f 803/1476/151 856/1586/151 804/1478/151
f 818/1508/152 871/1617/152 819/1510/152
f 811/1492/153 864/1602/153 812/1494/153
f 826/1524/154 854/1582/154 801/1472/154
f 804/1478/155 857/1588/155 805/1480/155
f 819/1510/156 872/1619/156 820/1512/156
f 812/1494/157 865/1604/157 813/1496/157
f 805/1480/164 858/1590/164 806/1482/164
f 820/1512/71 873/1621/71 821/1514/71
f 813/1496/159 866/1606/159 814/1498/159
f 806/1482/160 859/1592/160 807/1483/160
f 821/1514/161 874/1623/161 822/1516/161
f 814/1498/162 867/1608/162 815/1500/162
f 762/1392/159 891/1656/159 761/1390/159
f 755/1378/160 884/1642/160 754/1376/160
f 770/1409/161 899/1673/161 769/1407/161
f 763/1394/162 892/1658/162 762/1392/162
f 756/1380/73 885/1644/73 755/1378/73
f 771/1411/139 900/1675/139 770/1409/139
f 764/1396/140 893/1660/140 763/1394/140
f 757/1382/141 886/1646/141 756/1380/141
f 772/1413/142 901/1677/142 771/1411/142
f 750/1368/143 879/1632/143 749/1366/143
f 765/1399/144 894/1662/144 764/1396/144
f 758/1384/173 887/1648/173 757/1382/173
f 773/1415/146 902/1679/146 772/1413/146
f 750/1368/147 881/1636/147 880/1634/147
f 766/1401/148 895/1665/148 765/1397/148
f 759/1386/149 888/1650/149 758/1384/149
f 774/1417/150 903/1681/150 773/1415/150
f 751/1370/151 882/1638/151 881/1636/151
f 767/1403/152 896/1667/152 766/1401/152
f 760/1388/153 889/1652/153 759/1386/153
f 749/1366/154 904/1683/154 774/1417/154
f 753/1374/155 882/1638/155 752/1372/155
f 768/1405/156 897/1669/156 767/1403/156
f 761/1390/157 890/1654/157 760/1388/157
f 754/1376/164 883/1640/164 753/1374/164
f 769/1407/71 898/1671/71 768/1405/71
f 883/1641/74 891/1657/74 899/1674/74
f 954/1785/147 1007/1895/147 1006/1893/147
f 950/1778/160 1003/1887/160 1002/1886/160
f 922/1720/173 1051/1986/173 1052/1987/173
f 947/1772/186 1000/1881/186 999/1880/186
f 936/1749/71 989/1858/71 988/1856/71
f 930/1736/143 1059/2002/143 1060/2004/143
f 956/1789/143 1008/1898/143 1007/1895/143
f 919/1714/157 1048/1979/157 1049/1981/157
f 944/1766/157 997/1875/157 996/1874/157
f 923/1722/141 1052/1987/141 1053/1990/141
f 933/1743/185 986/1851/185 985/1850/185
f 912/1699/156 1041/1964/156 1042/1967/156
f 952/1782/155 1005/1892/155 1004/1890/155
f 909/1693/139 1038/1958/139 1039/1961/139
f 934/1744/139 987/1853/139 986/1851/139
f 920/1716/153 1049/1981/153 1050/1983/153
f 945/1767/153 998/1877/153 997/1875/153
f 917/1710/162 1046/1975/162 1047/1978/162
f 911/1697/71 1040/1962/71 1041/1964/71
f 913/1701/152 1042/1967/152 1043/1969/152
f 953/1783/151 1006/1893/151 1005/1892/151
f 910/1695/161 1039/1961/161 1040/1962/161
f 921/1718/149 1050/1983/149 1051/1986/149
f 931/1739/150 984/1847/150 983/1846/150
f 942/1762/162 995/1871/162 994/1870/162
f 1059/2002/147 928/1733/147 1058/2000/147
f 966/1809/74 991/1861/74 992/1863/74
f 982/1843/74 1006/1894/74 1007/1896/74
f 959/1795/74 984/1848/74 985/1849/74
f 1000/1882/74 973/1825/74 999/1879/74
f 993/1867/74 966/1810/74 992/1864/74
f 983/1845/74 981/1841/74 1008/1897/74
f 986/1852/74 959/1795/74 985/1849/74
f 975/1829/74 1000/1882/74 1001/1883/74
f 994/1869/74 967/1813/74 993/1867/74
f 961/1799/74 986/1852/74 987/1854/74
f 976/1831/74 1001/1883/74 1002/1885/74
f 995/1872/74 968/1815/74 994/1869/74
f 962/1801/74 987/1854/74 988/1855/74
f 1003/1888/74 976/1831/74 1002/1885/74
f 996/1873/74 969/1817/74 995/1872/74
f 963/1803/74 988/1855/74 989/1857/74
f 1004/1889/74 977/1833/74 1003/1888/74
f 997/1876/74 970/1819/74 996/1873/74
f 990/1859/74 963/1803/74 989/1857/74
f 979/1837/74 1004/1889/74 1005/1891/74
f 952/1781/74 944/1765/74 936/1748/74
f 972/1823/74 997/1876/74 998/1878/74
f 965/1807/74 990/1859/74 991/1861/74
f 1006/1894/74 979/1837/74 1005/1891/74
f 958/1793/74 983/1845/74 984/1848/74
f 973/1825/74 998/1878/74 999/1879/74
f 1028/1938/187 977/1834/187 1029/1940/187
f 949/1776/73 1002/1886/73 1001/1884/73
f 1025/1932/188 974/1828/188 1026/1934/188
f 1033/1948/189 981/1842/189 1034/1951/189
f 1026/1934/190 975/1830/190 1027/1936/190
f 960/1798/191 1013/1907/191 1012/1905/191
f 968/1816/192 1021/1924/192 1020/1923/192
f 961/1800/193 1014/1909/193 1013/1907/193
f 962/1802/194 1015/1911/194 1014/1909/194
f 970/1820/195 1023/1928/195 1022/1926/195
f 978/1836/196 1031/1944/196 1030/1942/196
f 1023/1928/197 972/1824/197 1024/1930/197
f 1031/1944/198 980/1840/198 1032/1946/198
f 972/1824/199 1025/1932/199 1024/1930/199
f 1021/1925/74 1048/1980/74 1047/1977/74
f 1055/1993/74 1030/1943/74 1056/1995/74
f 1041/1965/74 1016/1913/74 1042/1966/74
f 1060/2003/74 1009/1899/74 1035/1952/74
f 1016/1913/74 1043/1968/74 1042/1966/74
f 1009/1899/74 1036/1954/74 1035/1952/74
f 1050/1984/74 1025/1933/74 1051/1985/74
f 1036/1954/74 1011/1903/74 1037/1956/74
f 1044/1971/74 1019/1920/74 1045/1973/74
f 1037/1956/74 1012/1906/74 1038/1959/74
f 1045/1973/74 1020/1922/74 1046/1976/74
f 1053/1989/74 1028/1939/74 1054/1991/74
f 1017/1915/200 966/1811/200 1018/1917/200
f 1046/1976/74 1021/1925/74 1047/1977/74
f 1025/1933/74 1052/1988/74 1051/1985/74
f 1014/1910/74 1041/1965/74 1040/1963/74
f 969/1818/201 1022/1926/201 1021/1924/201
f 1033/1949/74 1060/2003/74 1059/2001/74
f 981/1841/74 1007/1896/74 1008/1897/74
f 1022/1927/74 1049/1982/74 1048/1980/74
f 977/1834/202 1030/1942/202 1029/1940/202
f 1052/1988/74 1027/1937/74 1053/1989/74
f 1010/1902/203 959/1796/203 1011/1904/203
f 1030/1943/74 1057/1998/74 1056/1995/74
f 963/1804/204 1016/1914/204 1015/1911/204
f 1038/1959/74 1013/1908/74 1039/1960/74
f 966/1812/205 1019/1921/205 1018/1918/205
f 1049/1982/74 1024/1931/74 1050/1984/74
f 1034/1951/206 957/1792/206 1009/1900/206
f 1032/1946/207 982/1844/207 1033/1948/207
f 1011/1904/208 960/1798/208 1012/1905/208
f 1031/1945/74 1058/1999/74 1057/1998/74
f 1016/1914/209 965/1808/209 1017/1915/209
f 967/1814/210 1020/1923/210 1019/1921/210
f 1043/1968/74 1018/1919/74 1044/1971/74
f 1009/1900/211 958/1794/211 1010/1902/211
f 975/1830/212 1028/1938/212 1027/1936/212
f 1058/1999/74 1033/1949/74 1059/2001/74
f 1054/1991/74 1029/1941/74 1055/1993/74
f 918/1712/159 1047/1978/159 1048/1979/159
f 914/1703/148 1043/1969/148 1044/1970/148
f 939/1755/148 992/1866/148 991/1862/148
f 935/1747/161 988/1856/161 987/1853/161
f 907/1689/146 1036/1955/146 1037/1957/146
f 932/1741/146 985/1850/146 984/1847/146
f 943/1764/159 996/1874/159 995/1871/159
f 915/1706/144 1044/1972/144 1045/1974/144
f 940/1758/144 993/1868/144 992/1865/144
f 926/1728/164 1055/1994/164 1056/1996/164
f 951/1780/164 1004/1890/164 1003/1887/164
f 908/1691/142 1037/1957/142 1038/1958/142
f 948/1774/141 1001/1884/141 1000/1881/141
f 927/1731/155 1056/1996/155 1057/1997/155
f 937/1751/156 990/1860/156 989/1858/156
f 916/1708/140 1045/1974/140 1046/1975/140
f 941/1760/140 994/1870/140 993/1868/140
f 905/1686/154 1060/2004/154 1035/1953/154
f 955/1788/154 983/1846/154 1008/1898/154
f 924/1725/73 1053/1990/73 1054/1992/73
f 906/1687/72 914/1705/72 922/1721/72
f 1058/2000/151 927/1731/151 1057/1997/151
f 938/1753/152 991/1862/152 990/1860/152
f 925/1727/160 1054/1992/160 1055/1994/160
f 906/1688/150 1035/1953/150 1036/1955/150
f 946/1770/149 999/1880/149 998/1877/149
f 1013/1908/74 1040/1963/74 1039/1960/74
f 1110/2104/147 1163/2215/147 1162/2211/147
f 1106/2097/160 1159/2206/160 1158/2204/160
f 1063/2010/146 1192/2274/146 1193/2277/146
f 1103/2090/173 1156/2200/173 1155/2197/173
f 1092/2069/71 1145/2177/71 1144/2176/71
f 1071/2026/144 1200/2290/144 1201/2292/144
f 1112/2109/172 1164/2217/172 1163/2213/172
f 1067/2017/71 1196/2282/71 1197/2284/71
f 1100/2085/157 1153/2193/157 1152/2192/157
f 1079/2042/141 1208/2307/141 1209/2309/141
f 1089/2063/142 1142/2171/142 1141/2170/142
f 1068/2019/156 1197/2284/156 1198/2286/156
f 1108/2101/155 1161/2210/155 1160/2208/155
f 1065/2013/139 1194/2279/139 1195/2280/139
f 1090/2064/213 1143/2173/213 1142/2171/213
f 1076/2036/153 1205/2300/153 1206/2303/153
f 1101/2086/214 1154/2195/214 1153/2193/214
f 1203/2297/162 1072/2028/162 1202/2295/162
f 1082/2048/164 1211/2313/164 1212/2315/164
f 1069/2021/152 1198/2286/152 1199/2289/152
f 1109/2102/151 1162/2211/151 1161/2210/151
f 1066/2015/161 1195/2280/161 1196/2282/161
f 1062/2007/150 1191/2273/150 1192/2274/150
f 1102/2088/149 1155/2197/149 1154/2195/149
f 1074/2032/159 1203/2297/159 1204/2299/159
f 1085/2053/147 1214/2318/147 1215/2320/147
f 1148/2183/74 1121/2127/74 1147/2181/74
f 1163/2216/74 1136/2157/74 1162/2212/74
f 1115/2115/74 1140/2167/74 1141/2169/74
f 1130/2145/74 1155/2198/74 1156/2199/74
f 1149/2185/74 1122/2129/74 1148/2183/74
f 1139/2165/74 1137/2159/74 1164/2218/74
f 1116/2117/74 1141/2169/74 1142/2172/74
f 1157/2201/74 1130/2145/74 1156/2199/74
f 1124/2133/74 1149/2185/74 1150/2187/74
f 1117/2119/74 1142/2172/74 1143/2174/74
f 1132/2149/74 1157/2201/74 1158/2203/74
f 1125/2135/74 1150/2187/74 1151/2189/74
f 1118/2121/74 1143/2174/74 1144/2175/74
f 1133/2151/74 1158/2203/74 1159/2205/74
f 1126/2137/74 1151/2189/74 1152/2191/74
f 1145/2178/74 1118/2121/74 1144/2175/74
f 1160/2207/74 1133/2151/74 1159/2205/74
f 1127/2139/74 1152/2191/74 1153/2194/74
f 1146/2179/74 1119/2123/74 1145/2178/74
f 1135/2155/74 1160/2207/74 1161/2209/74
f 1108/2100/74 1100/2084/74 1092/2068/74
f 1128/2141/74 1153/2194/74 1154/2196/74
f 1147/2181/74 1120/2125/74 1146/2179/74
f 1162/2212/74 1135/2155/74 1161/2209/74
f 1140/2167/74 1113/2111/74 1139/2165/74
f 1129/2143/74 1154/2196/74 1155/2198/74
f 1184/2257/187 1133/2152/187 1185/2259/187
f 1105/2095/73 1158/2204/73 1157/2202/73
f 1181/2252/188 1130/2146/188 1182/2253/188
f 1189/2268/215 1137/2160/215 1190/2270/215
f 1130/2146/190 1183/2255/190 1182/2253/190
f 1175/2240/216 1124/2134/216 1176/2242/216
f 1183/2255/217 1132/2150/217 1184/2257/217
f 1117/2120/193 1170/2229/193 1169/2227/193
f 1118/2122/194 1171/2231/194 1170/2229/194
f 1133/2152/202 1186/2261/202 1185/2259/202
f 1134/2154/196 1187/2263/196 1186/2261/196
f 1179/2247/218 1128/2142/218 1180/2249/218
f 1135/2156/219 1188/2265/219 1187/2263/219
f 1113/2112/220 1166/2221/220 1165/2219/220
f 1177/2244/74 1204/2298/74 1203/2296/74
f 1185/2260/74 1212/2314/74 1211/2312/74
f 1171/2232/74 1198/2287/74 1197/2285/74
f 1216/2323/74 1165/2220/74 1191/2272/74
f 1198/2287/74 1173/2236/74 1199/2288/74
f 1187/2264/74 1214/2319/74 1213/2316/74
f 1206/2302/74 1181/2251/74 1207/2304/74
f 1192/2275/74 1167/2223/74 1193/2276/74
f 1174/2238/74 1201/2293/74 1200/2291/74
f 1193/2276/74 1168/2225/74 1194/2278/74
f 1182/2254/74 1209/2308/74 1208/2306/74
f 1168/2225/74 1195/2281/74 1194/2278/74
f 1188/2265/221 1138/2163/221 1189/2267/221
f 1202/2294/74 1177/2244/74 1203/2296/74
f 1207/2304/74 1182/2254/74 1208/2306/74
f 1170/2230/74 1197/2285/74 1196/2283/74
f 1125/2136/222 1178/2245/222 1177/2243/222
f 1189/2269/74 1216/2323/74 1215/2321/74
f 1164/2218/74 1138/2164/74 1163/2214/74
f 1204/2298/74 1179/2248/74 1205/2301/74
f 1126/2138/223 1179/2247/223 1178/2245/223
f 1175/2239/74 1202/2294/74 1201/2293/74
f 1114/2114/224 1167/2224/224 1166/2221/224
f 1186/2262/74 1213/2316/74 1212/2314/74
f 1119/2124/204 1172/2234/204 1171/2231/204
f 1209/2308/74 1184/2258/74 1210/2310/74
f 1122/2130/205 1175/2240/205 1174/2237/205
f 1205/2301/74 1180/2250/74 1206/2302/74
f 1137/2160/225 1165/2219/225 1190/2270/225
f 1121/2128/226 1174/2237/226 1173/2235/226
f 1167/2224/208 1116/2118/208 1168/2226/208
f 1165/2220/74 1192/2275/74 1191/2272/74
f 1120/2126/209 1173/2235/209 1172/2234/209
f 1168/2226/191 1117/2120/191 1169/2227/191
f 1173/2236/74 1200/2291/74 1199/2288/74
f 1128/2142/199 1181/2252/199 1180/2249/199
f 1176/2242/227 1125/2136/227 1177/2243/227
f 1214/2319/74 1189/2269/74 1215/2321/74
f 1210/2310/74 1185/2260/74 1211/2312/74
f 1098/2081/162 1151/2190/162 1150/2188/162
f 1070/2023/148 1199/2289/148 1200/2290/148
f 1095/2075/148 1148/2184/148 1147/2182/148
f 1091/2067/161 1144/2176/161 1143/2173/161
f 1078/2039/173 1207/2305/173 1208/2307/173
f 1088/2061/146 1141/2170/146 1140/2168/146
f 1099/2083/159 1152/2192/159 1151/2190/159
f 1086/2057/143 1215/2322/143 1216/2324/143
f 1096/2077/144 1149/2186/144 1148/2184/144
f 1062/2008/72 1070/2024/72 1078/2040/72
f 1107/2099/164 1160/2208/164 1159/2206/164
f 1064/2012/142 1193/2277/142 1194/2279/142
f 1104/2093/141 1157/2202/141 1156/2200/141
f 1083/2050/155 1212/2315/155 1213/2317/155
f 1093/2071/156 1146/2180/156 1145/2177/156
f 1202/2295/140 1071/2026/140 1201/2292/140
f 1097/2079/140 1150/2188/140 1149/2186/140
f 1061/2006/154 1216/2324/154 1191/2273/154
f 1111/2107/174 1139/2166/174 1164/2217/174
f 1080/2044/73 1209/2309/73 1210/2311/73
f 1075/2034/157 1204/2299/157 1205/2300/157
f 1084/2052/151 1213/2317/151 1214/2318/151
f 1094/2073/152 1147/2182/152 1146/2180/152
f 1081/2046/160 1210/2311/160 1211/2313/160
f 1077/2038/149 1206/2303/149 1207/2305/149
f 1087/2059/150 1140/2168/150 1139/2166/150
f 1169/2228/74 1196/2283/74 1195/2281/74
f 1266/2426/147 1319/2535/147 1318/2534/147
f 1262/2418/160 1315/2528/160 1314/2526/160
f 1219/2331/146 1348/2595/146 1349/2598/146
f 1259/2411/145 1312/2521/145 1311/2520/145
f 1248/2390/71 1301/2499/71 1300/2498/71
f 1242/2377/143 1371/2642/143 1372/2644/143
f 1252/2398/144 1305/2507/144 1304/2506/144
f 1223/2339/71 1352/2603/71 1353/2606/71
f 1256/2406/157 1309/2515/157 1308/2514/157
f 1235/2363/141 1364/2627/141 1365/2630/141
f 1260/2413/141 1313/2523/141 1312/2521/141
f 1239/2370/155 1368/2635/155 1369/2637/155
f 1264/2422/155 1317/2531/155 1316/2530/155
f 1221/2335/139 1350/2599/139 1351/2602/139
f 1253/2399/140 1306/2509/140 1305/2507/140
f 1232/2356/153 1361/2621/153 1362/2623/153
f 1257/2407/153 1310/2517/153 1309/2515/153
f 1229/2350/162 1358/2615/162 1359/2618/162
f 1238/2368/164 1367/2633/164 1368/2635/164
f 1240/2372/151 1369/2637/151 1370/2639/151
f 1250/2394/152 1303/2503/152 1302/2502/152
f 1237/2366/160 1366/2632/160 1367/2633/160
f 1233/2358/149 1362/2623/149 1363/2626/149
f 1258/2409/149 1311/2520/149 1310/2517/149
f 1230/2353/159 1359/2618/159 1360/2620/159
f 1241/2374/147 1370/2639/147 1371/2642/147
f 1278/2451/74 1303/2504/74 1304/2505/74
f 1294/2483/74 1318/2533/74 1319/2536/74
f 1271/2437/74 1296/2489/74 1297/2491/74
f 1312/2522/74 1285/2465/74 1311/2519/74
f 1305/2508/74 1278/2451/74 1304/2505/74
f 1264/2421/74 1256/2405/74 1248/2389/74
f 1298/2493/74 1271/2437/74 1297/2491/74
f 1287/2469/74 1312/2522/74 1313/2524/74
f 1306/2510/74 1279/2453/74 1305/2508/74
f 1273/2441/74 1298/2493/74 1299/2495/74
f 1288/2471/74 1313/2524/74 1314/2525/74
f 1307/2511/74 1280/2455/74 1306/2510/74
f 1300/2497/74 1273/2441/74 1299/2495/74
f 1289/2473/74 1314/2525/74 1315/2527/74
f 1308/2513/74 1281/2457/74 1307/2511/74
f 1301/2500/74 1274/2443/74 1300/2497/74
f 1316/2529/74 1289/2473/74 1315/2527/74
f 1309/2516/74 1282/2459/74 1308/2513/74
f 1276/2447/74 1301/2500/74 1302/2501/74
f 1317/2532/74 1290/2475/74 1316/2529/74
f 1269/2431/74 1320/2537/74 1295/2485/74
f 1284/2463/74 1309/2516/74 1310/2518/74
f 1303/2504/74 1276/2447/74 1302/2501/74
f 1318/2533/74 1291/2477/74 1317/2532/74
f 1270/2434/74 1295/2485/74 1296/2487/74
f 1285/2465/74 1310/2518/74 1311/2519/74
f 1288/2472/187 1341/2580/187 1340/2578/187
f 1261/2416/73 1314/2526/73 1313/2523/73
f 1322/2541/228 1271/2438/228 1323/2545/228
f 1345/2588/215 1293/2482/215 1346/2590/215
f 1338/2574/190 1287/2470/190 1339/2576/190
f 1324/2546/191 1273/2442/191 1325/2548/191
f 1332/2562/227 1281/2458/227 1333/2564/227
f 1273/2442/193 1326/2550/193 1325/2548/193
f 1274/2444/229 1327/2553/229 1326/2550/229
f 1289/2474/202 1342/2582/202 1341/2580/202
f 1290/2476/196 1343/2584/196 1342/2582/196
f 1335/2568/230 1284/2464/230 1336/2570/230
f 1343/2584/231 1292/2480/231 1344/2586/231
f 1284/2464/199 1337/2572/199 1336/2570/199
f 1333/2565/74 1360/2619/74 1359/2617/74
f 1341/2581/74 1368/2636/74 1367/2634/74
f 1360/2619/74 1335/2569/74 1361/2622/74
f 1342/2583/74 1369/2638/74 1368/2636/74
f 1328/2555/74 1355/2609/74 1354/2607/74
f 1321/2539/74 1348/2596/74 1347/2592/74
f 1355/2609/74 1330/2558/74 1356/2611/74
f 1348/2596/74 1323/2544/74 1349/2597/74
f 1330/2558/74 1357/2613/74 1356/2611/74
f 1349/2597/74 1324/2547/74 1350/2600/74
f 1364/2628/74 1339/2577/74 1365/2629/74
f 1365/2629/74 1340/2579/74 1366/2631/74
f 1293/2481/74 1319/2536/74 1320/2537/74
f 1358/2616/74 1333/2565/74 1359/2617/74
f 1337/2573/74 1364/2628/74 1363/2625/74
f 1326/2551/74 1353/2605/74 1352/2604/74
f 1281/2458/222 1334/2567/222 1333/2564/222
f 1345/2589/74 1372/2643/74 1371/2641/74
f 1344/2586/207 1294/2484/207 1345/2588/207
f 1353/2605/74 1328/2555/74 1354/2607/74
f 1282/2460/232 1335/2568/232 1334/2567/232
f 1331/2560/74 1358/2616/74 1357/2613/74
f 1337/2572/188 1286/2468/188 1338/2574/188
f 1372/2643/74 1321/2539/74 1347/2592/74
f 1327/2553/233 1276/2448/233 1328/2554/233
f 1350/2600/74 1325/2549/74 1351/2601/74
f 1278/2452/205 1331/2561/205 1330/2559/205
f 1361/2622/74 1336/2571/74 1362/2624/74
f 1293/2482/225 1321/2540/225 1346/2590/225
f 1277/2450/234 1330/2559/234 1329/2557/234
f 1323/2545/235 1272/2440/235 1324/2546/235
f 1343/2585/74 1370/2640/74 1369/2638/74
f 1276/2448/209 1329/2557/209 1328/2554/209
f 1331/2561/236 1280/2456/236 1332/2562/236
f 1362/2624/74 1337/2573/74 1363/2625/74
f 1269/2432/220 1322/2543/220 1321/2540/220
f 1287/2470/237 1340/2578/237 1339/2576/237
f 1370/2640/74 1345/2589/74 1371/2641/74
f 1340/2579/74 1367/2634/74 1366/2631/74
f 1254/2402/162 1307/2512/162 1306/2509/162
f 1226/2344/148 1355/2610/148 1356/2612/148
f 1251/2396/148 1304/2506/148 1303/2503/148
f 1247/2388/161 1300/2498/161 1299/2496/161
f 1234/2360/145 1363/2626/145 1364/2627/145
f 1244/2381/146 1297/2492/146 1296/2488/146
f 1255/2404/159 1308/2514/159 1307/2512/159
f 1227/2347/144 1356/2612/144 1357/2614/144
f 1268/2430/143 1320/2538/143 1319/2535/143
f 1218/2328/72 1226/2345/72 1234/2361/72
f 1263/2420/158 1316/2530/158 1315/2528/158
f 1220/2333/142 1349/2598/142 1350/2599/142
f 1245/2384/142 1298/2494/142 1297/2492/142
f 1224/2341/156 1353/2606/156 1354/2608/156
f 1249/2392/156 1302/2502/156 1301/2499/156
f 1228/2349/140 1357/2614/140 1358/2615/140
f 1246/2386/139 1299/2496/139 1298/2494/139
f 1217/2326/154 1372/2644/154 1347/2593/154
f 1267/2428/154 1295/2486/154 1320/2538/154
f 1236/2365/73 1365/2630/73 1366/2632/73
f 1231/2355/157 1360/2620/157 1361/2621/157
f 1225/2343/163 1354/2608/163 1355/2610/163
f 1265/2424/238 1318/2534/238 1317/2531/238
f 1222/2337/161 1351/2602/161 1352/2603/161
f 1218/2329/150 1347/2593/150 1348/2594/150
f 1243/2379/150 1296/2490/150 1295/2486/150
f 1325/2549/74 1352/2604/74 1351/2601/74
f 1380/2660/239 1378/2656/239 1377/2653/239
f 1376/2652/239 1374/2648/239 1373/2645/239
f 1374/2648/105 296/476/105 281/452/105
f 193/286/240 318/513/240 319/514/240
f 1386/2672/75 1401/2701/75 1400/2700/75
f 1381/2661/74 1393/2686/74 1382/2663/74
f 1388/2675/74 1381/2661/74 1382/2663/74
f 1382/2664/71 1394/2687/71 1390/2679/71
f 1381/2662/73 1386/2671/73 1399/2697/73
f 1386/2672/93 1388/2675/93 1387/2673/93
f 1383/2666/73 1391/2681/73 1392/2683/73
f 1391/2682/70 1390/2680/70 1394/2688/70
f 1384/2667/72 1389/2678/72 1383/2665/72
f 1387/2674/71 1384/2668/71 1396/2692/71
f 1394/2688/94 1392/2684/94 1391/2682/94
f 1396/2691/72 1406/2712/72 1395/2689/72
f 1395/2689/72 1402/2704/72 1396/2691/72
f 1404/2707/71 1407/2713/71 1396/2692/71
f 1402/2704/95 1400/2700/95 1401/2701/95
f 1406/2711/73 1403/2705/73 1397/2694/73
f 1404/2708/70 1405/2710/70 1408/2715/70
f 1403/2706/74 1398/2696/74 1397/2693/74
f 1405/2710/96 1407/2714/96 1408/2715/96
f 166/238/241 164/232/241 168/240/241
f 163/231/242 165/235/242 167/239/242
f 30/30/243 48/48/243 40/40/243
f 8/8/244 34/34/244 35/35/244
f 24/24/245 23/23/245 49/49/245
f 1/1/246 27/27/246 28/28/246
f 16/16/247 42/42/247 43/43/247
f 10/10/248 9/9/248 35/35/248
f 24/24/6 50/50/6 51/51/6
f 3/3/249 2/2/249 28/28/249
f 18/18/250 17/17/250 43/43/250
f 11/11/251 10/10/251 36/36/251
f 26/26/252 25/25/252 51/51/252
f 3/3/253 29/29/253 30/30/253
f 19/19/254 18/18/254 44/44/254
f 11/11/255 37/37/256 38/38/257
f 1/1/258 26/26/258 52/52/259
f 4/4/260 30/30/260 31/31/260
f 19/19/261 45/45/261 46/46/261
f 13/13/20 12/12/20 38/38/20
f 5/5/262 31/31/262 32/32/262
f 21/21/263 20/20/264 46/46/264
f 14/14/24 13/13/25 39/39/24
f 7/7/265 6/6/265 32/32/265
f 21/21/266 47/47/266 48/48/266
f 14/14/267 40/40/267 41/41/267
f 8/8/268 7/7/268 33/33/269
f 22/22/31 48/48/31 49/49/31
f 15/15/270 41/41/270 42/42/270
f 9/9/271 10/10/271 11/11/271
f 11/11/272 12/12/272 13/13/272
f 13/13/273 14/14/273 15/15/273
f 15/15/274 16/16/274 17/17/274
f 17/17/275 18/18/275 19/19/275
f 19/19/276 9/9/276 11/11/276
f 11/11/277 13/13/277 15/15/277
f 15/15/278 17/17/278 19/19/278
f 120/153/34 57/57/34 56/56/34
f 109/131/35 68/68/35 67/67/35
f 104/121/36 73/73/36 72/72/36
f 93/98/37 84/85/37 83/84/37
f 122/157/38 55/55/38 54/54/38
f 117/147/39 60/60/39 59/59/39
f 106/125/40 71/71/40 70/70/40
f 95/102/41 82/83/41 81/82/41
f 90/92/42 87/88/42 86/87/42
f 119/151/43 58/58/43 57/57/43
f 108/129/44 69/69/44 68/68/44
f 103/119/45 74/74/45 73/73/45
f 92/96/46 85/86/46 84/85/46
f 121/155/47 56/56/47 55/55/47
f 116/145/48 61/61/48 60/60/48
f 105/123/49 72/72/49 71/71/49
f 94/100/50 83/84/50 82/83/50
f 89/90/51 88/89/51 87/88/51
f 110/133/52 67/67/52 66/66/52
f 118/149/53 59/59/53 58/58/53
f 107/127/54 70/70/54 69/69/54
f 123/159/55 54/54/55 53/53/55
f 96/104/56 81/82/56 80/81/56
f 91/94/57 86/87/57 85/86/57
f 102/117/58 75/75/58 74/74/58
f 97/106/59 80/81/59 79/80/59
f 124/161/60 53/53/60 88/89/60
f 111/135/61 66/66/61 65/65/61
f 98/108/62 79/80/62 78/78/62
f 112/137/63 65/65/63 64/64/63
f 99/111/64 78/79/64 77/77/64
f 113/139/65 64/64/65 63/63/65
f 100/113/66 77/77/66 76/76/66
f 114/141/67 63/63/67 62/62/67
f 101/115/68 76/76/68 75/75/68
f 115/143/69 62/62/69 61/61/69
f 89/91/70 90/93/70 91/95/70
f 91/95/70 92/97/70 93/99/70
f 93/99/70 94/101/70 95/103/70
f 95/103/70 96/105/70 97/107/70
f 97/107/70 98/109/70 99/112/70
f 99/112/70 100/114/70 101/116/70
f 101/116/70 102/118/70 103/120/70
f 103/120/70 104/122/70 105/124/70
f 105/124/70 106/126/70 107/128/70
f 107/128/70 108/130/70 109/132/70
f 109/132/70 110/134/70 111/136/70
f 111/136/70 112/138/70 113/140/70
f 113/140/70 114/142/70 115/144/70
f 115/144/70 116/146/70 117/148/70
f 117/148/70 118/150/70 119/152/70
f 119/152/70 120/154/70 121/156/70
f 121/156/70 122/158/70 123/160/70
f 123/160/70 124/162/70 89/91/70
f 89/91/70 91/95/70 93/99/70
f 93/99/70 95/103/70 97/107/70
f 97/107/70 99/112/70 101/116/70
f 101/116/70 103/120/70 105/124/70
f 105/124/70 107/128/70 109/132/70
f 109/132/70 111/136/70 113/140/70
f 113/140/70 115/144/70 117/148/70
f 117/148/70 119/152/70 121/156/70
f 121/156/70 123/160/70 89/91/70
f 89/91/70 93/99/70 97/107/70
f 97/107/70 101/116/70 105/124/70
f 105/124/70 109/132/70 113/140/70
f 113/140/70 117/148/70 121/156/70
f 121/156/70 89/91/70 97/107/70
f 97/107/70 105/124/70 113/140/70
f 126/165/71 128/169/71 127/168/71
f 128/169/72 132/176/72 131/175/72
f 132/176/73 130/172/73 129/171/73
f 130/173/74 126/166/74 125/164/74
f 128/169/70 126/167/70 130/174/70
f 134/180/71 136/183/71 135/182/71
f 136/183/72 140/190/72 139/189/72
f 140/190/73 138/187/73 137/185/73
f 138/188/74 134/181/74 133/178/74
f 139/189/75 137/186/75 133/179/75
f 136/183/70 134/181/70 138/188/70
f 142/193/71 144/197/71 143/196/71
f 144/198/72 148/202/72 147/201/72
f 148/202/73 146/200/73 145/199/73
f 146/200/74 142/194/74 141/192/74
f 141/192/74 149/203/74 151/209/74
f 152/211/75 151/210/75 149/204/75
f 147/201/72 152/212/72 150/207/72
f 143/196/71 150/208/71 149/205/71
f 155/217/76 159/225/76 157/219/76
f 157/220/77 159/225/77 167/239/77
f 153/214/70 157/221/70 165/234/70
f 154/215/78 158/224/78 160/226/78
f 156/218/75 160/226/75 168/240/75
f 155/217/75 163/231/75 167/239/75
f 154/216/70 162/229/70 166/236/70
f 166/237/79 168/240/79 160/226/79
f 170/243/279 172/247/279 171/244/279
f 171/245/81 172/247/81 176/254/81
f 173/248/82 169/242/82 171/246/82
f 174/250/83 176/254/83 172/247/83
f 176/254/84 174/250/84 173/249/84
f 178/257/85 180/261/85 179/258/85
f 179/259/280 180/261/280 184/268/280
f 181/262/281 177/256/281 179/260/281
f 182/264/88 184/268/88 180/261/88
f 182/264/89 181/263/89 183/267/89
f 188/275/72 186/271/72 190/279/72
f 188/275/72 190/279/72 192/283/72
f 187/273/72 204/307/72 189/277/72
f 189/277/72 188/275/72 192/283/72
f 189/277/72 192/283/72 193/285/72
f 185/269/72 187/273/72 189/277/72
f 199/298/72 196/292/72 185/269/72
f 191/281/72 197/294/72 198/296/72
f 199/298/72 185/269/72 189/277/72
f 195/290/72 191/281/72 198/296/72
f 198/296/72 199/298/72 189/277/72
f 198/296/72 189/277/72 193/285/72
f 194/287/72 195/290/72 198/296/72
f 315/506/70 189/278/70 204/308/70
f 191/282/71 195/291/71 321/519/71
f 199/299/90 198/297/90 324/525/90
f 198/297/73 197/295/73 323/523/73
f 204/308/71 187/274/71 313/502/71
f 190/280/70 186/272/70 312/500/70
f 197/295/70 191/282/70 317/510/70
f 192/284/73 190/280/73 316/508/73
f 187/274/75 185/270/75 311/498/75
f 314/504/91 188/276/91 189/278/91
f 195/291/92 194/288/92 320/517/92
f 194/289/70 193/286/70 319/514/70
f 185/270/73 196/293/73 322/521/73
f 326/529/75 328/532/75 202/305/75
f 200/301/71 201/303/71 327/531/71
f 203/306/74 201/304/74 200/302/74
f 186/272/71 188/276/71 314/504/71
f 196/293/70 199/299/70 325/527/70
f 210/319/75 205/309/75 207/314/75
f 207/314/75 213/325/75 214/327/75
f 214/327/75 209/317/75 210/319/75
f 208/315/71 216/331/71 213/326/71
f 216/332/70 208/316/70 206/312/70
f 206/312/70 211/321/70 212/323/70
f 212/323/70 215/329/70 216/332/70
f 212/324/72 209/318/72 214/328/72
f 210/320/34 209/318/34 212/324/34
f 215/330/37 214/328/37 213/326/37
f 205/310/73 210/320/73 211/322/73
f 343/560/75 346/565/75 220/339/75
f 217/334/74 220/338/74 221/340/74
f 221/340/74 219/336/74 218/335/74
f 347/567/73 345/563/73 219/337/73
f 225/348/72 231/361/72 230/359/72
f 231/360/71 225/349/71 223/345/71
f 223/345/71 254/406/71 255/408/71
f 237/373/75 238/374/75 364/601/75
f 227/353/75 228/354/75 354/581/75
f 352/577/73 348/570/73 350/574/73
f 350/574/282 224/347/282 222/342/282
f 222/342/73 226/350/73 227/352/73
f 227/352/73 353/579/73 352/577/73
f 352/577/73 350/574/73 222/342/73
f 227/353/93 226/351/93 229/356/93
f 328/532/73 329/533/73 203/306/73
f 253/404/73 222/342/73 224/347/73
f 224/347/73 230/358/73 252/402/73
f 222/343/74 253/405/74 254/407/74
f 232/362/74 257/413/74 258/415/74
f 348/569/72 352/578/72 355/584/72
f 252/403/70 230/359/70 231/361/70
f 368/609/94 369/611/94 370/614/94
f 239/376/74 236/371/74 232/362/74
f 241/380/71 235/369/71 233/365/71
f 233/365/71 258/414/71 259/416/71
f 362/597/73 358/590/73 360/594/73
f 360/594/283 234/367/283 232/363/283
f 232/363/73 236/370/73 237/372/73
f 237/372/73 363/599/73 362/597/73
f 362/597/73 360/594/73 232/363/73
f 237/373/93 236/371/93 239/376/93
f 229/356/74 226/351/74 222/343/74
f 257/412/73 232/363/73 234/367/73
f 234/367/73 240/378/73 256/410/73
f 247/393/74 246/391/74 260/418/74
f 256/411/70 240/379/70 241/381/70
f 235/368/72 241/381/72 240/379/72
f 248/395/95 251/400/95 250/398/95
f 245/389/96 244/387/96 243/385/96
f 262/423/71 260/419/71 246/390/71
f 246/390/71 242/383/71 243/384/71
f 261/421/73 263/425/73 244/386/73
f 244/386/73 245/388/73 247/392/73
f 262/422/72 243/385/72 244/387/72
f 365/603/71 364/602/71 238/375/71
f 238/375/71 239/377/71 233/365/71
f 235/369/284 361/595/284 359/592/284
f 238/375/71 233/365/71 235/369/71
f 359/592/71 365/603/71 238/375/71
f 246/391/70 247/393/70 245/389/70
f 248/394/285 249/396/285 375/623/285
f 375/623/71 374/621/71 388/650/71
f 386/646/286 260/419/286 262/423/286
f 375/623/71 388/650/71 386/646/71
f 262/423/71 248/394/71 375/623/71
f 263/424/72 251/400/72 248/395/72
f 355/583/71 354/582/71 228/355/71
f 228/355/71 229/357/71 223/345/71
f 225/349/70 351/575/70 349/572/70
f 228/355/71 223/345/71 225/349/71
f 349/572/71 355/583/71 228/355/71
f 259/417/94 258/415/94 257/413/94
f 386/645/72 372/617/72 373/620/72
f 390/653/97 392/657/97 266/431/97
f 396/665/98 270/439/98 268/435/98
f 398/669/99 395/663/99 269/437/99
f 264/427/74 266/430/74 267/432/74
f 267/432/74 268/434/74 270/438/74
f 270/438/74 271/440/74 272/442/74
f 272/442/74 269/436/74 265/428/74
f 265/428/74 264/427/74 267/432/74
f 267/432/74 270/438/74 272/442/74
f 393/659/70 394/661/70 268/435/70
f 391/655/100 265/429/100 269/437/100
f 393/659/101 267/433/101 266/431/101
f 397/667/102 271/441/102 270/439/102
f 398/669/103 272/443/103 271/441/103
f 347/567/97 221/341/97 220/339/97
f 273/444/72 275/446/72 276/447/72
f 276/447/75 280/451/75 278/449/75
f 273/444/70 277/448/70 279/450/70
f 282/454/104 297/478/104 1376/2652/104
f 283/456/74 285/459/74 284/457/74
f 285/459/74 287/462/74 286/460/74
f 287/462/74 289/465/74 288/463/74
f 289/465/74 291/468/74 290/466/74
f 293/471/74 292/469/74 290/466/74
f 295/474/74 294/472/74 292/469/74
f 422/702/105 1380/2660/105 1377/2653/105
f 298/479/72 297/477/72 299/480/72
f 300/482/72 299/480/72 301/483/72
f 302/485/72 301/483/72 303/486/72
f 304/488/72 303/486/72 305/489/72
f 305/489/72 307/492/72 308/494/72
f 307/492/72 309/495/72 310/497/72
f 294/473/106 309/496/106 307/493/106
f 293/471/71 308/494/71 310/497/71
f 290/467/107 305/490/107 303/487/107
f 1374/2647/74 281/453/74 283/456/74
f 283/456/74 282/455/74 1373/2646/74
f 286/461/108 301/484/108 299/481/108
f 298/479/72 296/475/72 1375/2649/72
f 1375/2649/72 1376/2651/72 297/477/72
f 292/470/109 307/493/109 305/490/109
f 288/464/110 303/487/110 301/484/110
f 295/474/75 310/497/75 309/496/75
f 284/458/111 299/481/111 297/478/111
f 315/507/74 330/535/74 313/503/74
f 313/503/74 311/499/74 322/522/74
f 313/503/74 322/522/74 325/528/74
f 315/507/74 313/503/74 325/528/74
f 324/526/74 323/524/74 317/511/74
f 315/507/74 325/528/74 324/526/74
f 316/509/74 312/501/74 314/505/74
f 324/526/74 317/511/74 321/520/74
f 324/526/74 321/520/74 320/518/74
f 316/509/74 314/505/74 315/507/74
f 318/512/74 316/509/74 315/507/74
f 324/526/74 320/518/74 319/515/74
f 319/515/74 318/512/74 315/507/74
f 328/532/72 326/530/72 327/531/72
f 333/541/75 331/536/75 336/546/75
f 336/546/75 335/544/75 340/554/75
f 340/554/75 339/552/75 333/541/75
f 339/553/71 342/559/71 334/542/71
f 332/539/70 334/543/70 342/558/70
f 342/558/70 341/556/70 338/550/70
f 338/550/70 337/548/70 332/539/70
f 338/551/74 341/557/74 340/555/74
f 337/549/61 338/551/61 335/545/61
f 341/557/58 342/559/58 339/553/58
f 337/549/73 336/547/73 331/537/73
f 347/568/72 346/566/72 343/561/72
f 343/561/72 344/562/72 345/564/72
f 350/574/73 348/570/73 379/631/73
f 379/631/73 378/629/73 356/585/73
f 349/571/72 380/634/72 379/632/72
f 349/572/71 351/575/71 357/587/71
f 357/587/71 381/636/71 380/633/71
f 355/584/95 352/578/95 353/580/95
f 357/588/70 356/586/70 378/630/70
f 359/591/72 384/642/72 383/640/72
f 356/586/74 357/588/74 351/576/74
f 378/630/96 379/632/96 380/634/96
f 358/589/72 362/598/72 365/604/72
f 359/592/71 361/595/71 367/607/71
f 367/607/71 385/644/71 384/641/71
f 365/604/95 362/598/95 363/600/95
f 360/594/73 358/590/73 383/639/73
f 383/639/73 382/637/73 366/605/73
f 370/613/73 389/651/73 387/648/73
f 387/648/73 373/619/73 371/615/73
f 367/608/70 366/606/70 382/638/70
f 366/606/74 367/608/74 361/596/74
f 371/616/70 373/620/70 372/617/70
f 251/401/73 263/425/73 261/421/73
f 261/421/287 387/648/287 389/651/287
f 389/651/73 377/627/73 376/625/73
f 376/625/73 250/399/73 251/401/73
f 251/401/73 261/421/73 389/651/73
f 374/622/74 377/628/74 389/652/74
f 376/626/93 377/628/93 374/622/93
f 389/652/74 370/614/74 369/611/74
f 372/618/71 386/646/71 388/650/71
f 388/650/71 369/612/71 368/610/71
f 255/409/94 254/407/94 253/405/94
f 382/638/96 383/640/96 384/642/96
f 376/626/75 375/624/75 249/397/75
f 393/660/72 392/658/72 390/654/72
f 390/654/72 391/656/72 395/664/72
f 395/664/72 398/670/72 397/668/72
f 397/668/72 396/666/72 394/662/72
f 394/662/72 393/660/72 390/654/72
f 390/654/72 395/664/72 397/668/72
f 400/672/74 402/674/74 401/673/74
f 404/676/75 406/678/75 402/674/75
f 405/677/70 403/675/70 399/671/70
f 1379/2658/104 423/705/104 408/681/104
f 409/683/72 408/682/72 410/684/72
f 411/686/72 410/684/72 412/687/72
f 413/689/72 412/687/72 414/690/72
f 415/692/72 414/690/72 416/693/72
f 416/693/72 418/696/72 419/698/72
f 418/696/72 420/699/72 421/701/72
f 424/706/74 426/709/74 425/707/74
f 426/709/74 428/712/74 427/710/74
f 428/712/74 430/715/74 429/713/74
f 430/715/74 432/718/74 431/716/74
f 434/721/74 433/719/74 431/716/74
f 436/724/74 435/722/74 433/719/74
f 433/720/106 435/723/106 420/700/106
f 436/724/71 434/721/71 419/698/71
f 429/714/107 431/717/107 416/694/107
f 409/683/72 407/680/72 1377/2654/72
f 1377/2654/72 1378/2655/72 408/682/72
f 425/708/108 427/711/108 412/688/108
f 1380/2659/74 422/703/74 424/706/74
f 424/706/74 423/704/74 1379/2657/74
f 431/717/109 433/720/109 418/697/109
f 427/711/110 429/714/110 414/691/110
f 435/723/75 436/724/75 421/701/75
f 423/705/111 425/708/111 410/685/111
f 457/765/72 483/818/72 484/820/72
f 451/753/72 450/751/72 476/804/72
f 444/739/72 443/737/72 469/790/72
f 459/769/72 458/767/72 484/820/72
f 451/753/72 477/806/72 478/808/72
f 445/741/72 444/739/72 470/792/72
f 460/771/72 459/769/72 485/822/72
f 437/725/72 463/778/72 464/780/72
f 452/755/72 478/808/72 479/810/72
f 445/741/72 471/794/72 472/796/72
f 461/774/72 460/771/72 486/824/72
f 439/729/72 438/727/72 464/780/72
f 454/759/72 453/757/72 479/810/72
f 447/745/72 446/743/72 472/796/72
f 461/774/72 487/826/72 488/829/72
f 439/729/72 465/782/72 466/784/72
f 454/759/72 480/812/72 481/814/72
f 448/747/72 447/745/72 473/798/72
f 437/725/72 462/776/72 488/829/72
f 440/731/72 466/784/72 467/786/72
f 456/763/72 455/761/72 481/814/72
f 449/749/72 448/747/72 474/800/72
f 441/733/72 467/786/72 468/788/72
f 456/763/72 482/816/72 483/818/72
f 449/749/72 475/802/72 476/804/72
f 442/735/72 468/788/72 469/790/72
f 472/797/113 524/903/113 525/905/113
f 487/827/288 539/934/288 540/937/288
f 466/785/289 465/783/289 517/889/289
f 480/813/116 532/919/116 533/921/116
f 474/801/117 473/799/117 525/905/117
f 488/830/175 540/937/175 516/887/175
f 466/785/119 518/891/119 519/893/119
f 482/817/120 481/815/120 533/921/120
f 474/801/121 526/907/121 527/909/121
f 467/787/122 519/893/122 520/895/122
f 482/817/290 534/923/290 535/925/290
f 475/803/291 527/909/291 528/911/291
f 468/789/125 520/895/125 521/897/125
f 483/819/292 535/925/292 536/927/292
f 477/807/127 476/805/127 528/911/127
f 470/793/169 469/791/169 521/897/169
f 485/823/129 484/821/129 536/927/129
f 478/809/130 477/807/130 529/913/130
f 471/795/131 470/793/131 522/899/131
f 486/825/293 485/823/293 537/929/293
f 464/781/294 463/779/294 516/887/294
f 478/809/295 530/915/295 531/917/295
f 472/797/135 471/795/135 523/901/135
f 487/828/296 486/825/296 538/931/296
f 465/783/297 464/781/297 515/885/297
f 480/813/184 479/811/184 531/917/184
f 495/843/73 547/952/73 548/954/73
f 490/833/72 515/886/72 516/888/72
f 491/835/72 517/890/72 515/886/72
f 491/835/72 492/837/72 518/892/72
f 492/837/72 493/839/72 519/894/72
f 493/839/72 494/841/72 520/896/72
f 495/844/72 521/898/72 520/896/72
f 496/845/72 522/900/72 521/898/72
f 497/847/72 523/902/72 522/900/72
f 497/847/72 498/849/72 524/904/72
f 499/851/72 525/906/72 524/904/72
f 500/853/72 526/908/72 525/906/72
f 500/853/72 501/855/72 527/910/72
f 501/855/72 502/857/72 528/912/72
f 502/857/72 503/859/72 529/914/72
f 503/859/72 504/861/72 530/916/72
f 504/861/72 505/863/72 531/918/72
f 506/865/72 532/920/72 531/918/72
f 506/865/72 507/867/72 533/922/72
f 508/869/72 534/924/72 533/922/72
f 508/869/72 509/871/72 535/926/72
f 509/871/72 510/873/72 536/928/72
f 511/875/72 537/930/72 536/928/72
f 511/875/72 512/877/72 538/932/72
f 513/881/72 539/935/72 538/932/72
f 514/883/72 540/938/72 539/936/72
f 489/831/72 516/888/72 540/938/72
f 543/943/72 541/939/72 542/941/72
f 542/941/72 566/990/72 565/987/72
f 565/987/72 564/985/72 563/983/72
f 563/983/72 562/981/72 561/979/72
f 561/979/72 560/977/72 559/975/72
f 559/975/72 558/973/72 557/971/72
f 557/971/72 556/969/72 555/967/72
f 555/967/72 554/965/72 553/963/72
f 553/963/72 552/961/72 551/959/72
f 551/959/72 550/957/72 549/955/72
f 549/955/72 548/953/72 547/951/72
f 547/951/72 546/949/72 545/947/72
f 545/947/72 544/945/72 543/943/72
f 543/943/72 542/941/72 565/987/72
f 565/987/72 563/983/72 561/979/72
f 561/979/72 559/975/72 557/971/72
f 557/971/72 555/967/72 553/963/72
f 553/963/72 551/959/72 549/955/72
f 549/955/72 547/951/72 545/947/72
f 545/947/72 543/943/72 565/987/72
f 565/987/72 561/979/72 557/971/72
f 557/971/72 553/963/72 549/955/72
f 549/955/72 545/947/72 565/987/72
f 510/874/139 562/982/139 563/984/139
f 503/860/140 555/968/140 556/970/140
f 496/846/141 548/954/141 549/956/141
f 511/876/142 563/984/142 564/986/142
f 489/832/143 542/942/143 541/940/143
f 504/862/144 556/970/144 557/972/144
f 497/848/145 549/956/145 550/958/145
f 512/878/146 564/986/146 565/988/146
f 490/834/147 541/940/147 543/944/147
f 505/864/148 557/972/148 558/974/148
f 498/850/149 550/958/149 551/960/149
f 513/882/150 565/989/150 566/991/150
f 491/836/151 543/944/151 544/946/151
f 506/866/152 558/974/152 559/976/152
f 499/852/153 551/960/153 552/962/153
f 514/884/154 566/991/154 542/942/154
f 492/838/155 544/946/155 545/948/155
f 507/868/156 559/976/156 560/978/156
f 500/854/157 552/962/157 553/964/157
f 493/840/158 545/948/158 546/950/158
f 508/870/71 560/978/71 561/980/71
f 501/856/159 553/964/159 554/966/159
f 494/842/160 546/950/160 547/952/160
f 509/872/161 561/980/161 562/982/161
f 502/858/162 554/966/162 555/968/162
f 450/752/159 580/1018/159 579/1016/159
f 443/738/160 573/1004/160 572/1002/160
f 458/768/161 588/1034/161 587/1032/161
f 451/754/162 581/1020/162 580/1018/162
f 444/740/73 574/1006/73 573/1004/73
f 459/770/139 589/1036/139 588/1034/139
f 452/756/140 582/1022/140 581/1020/140
f 445/742/141 575/1008/141 574/1006/141
f 460/772/142 590/1038/142 589/1036/142
f 438/728/143 568/994/143 567/992/143
f 453/758/144 583/1024/144 582/1022/144
f 446/744/145 576/1010/145 575/1008/145
f 461/775/146 591/1040/146 590/1038/146
f 439/730/147 569/996/147 568/994/147
f 454/760/148 584/1026/148 583/1024/148
f 447/746/149 577/1012/149 576/1010/149
f 462/777/150 592/1043/150 591/1041/150
f 440/732/151 570/998/151 569/996/151
f 455/762/163 585/1028/163 584/1026/163
f 448/748/153 578/1014/153 577/1012/153
f 437/726/154 567/992/154 592/1043/154
f 441/734/155 571/1000/155 570/998/155
f 456/764/156 586/1030/156 585/1028/156
f 449/750/157 579/1016/157 578/1014/157
f 442/736/164 572/1002/164 571/1000/164
f 457/766/71 587/1032/71 586/1030/71
f 567/993/74 568/995/74 569/997/74
f 569/997/74 570/999/74 571/1001/74
f 571/1001/74 572/1003/74 573/1005/74
f 573/1005/74 574/1007/74 575/1009/74
f 575/1009/74 576/1011/74 577/1013/74
f 577/1013/74 578/1015/74 579/1017/74
f 579/1017/74 580/1019/74 581/1021/74
f 581/1021/74 582/1023/74 583/1025/74
f 583/1025/74 584/1027/74 585/1029/74
f 585/1029/74 586/1031/74 587/1033/74
f 587/1033/74 588/1035/74 589/1037/74
f 589/1037/74 590/1039/74 591/1042/74
f 591/1042/74 592/1044/74 567/993/74
f 567/993/74 569/997/74 571/1001/74
f 571/1001/74 573/1005/74 575/1009/74
f 575/1009/74 577/1013/74 579/1017/74
f 579/1017/74 581/1021/74 583/1025/74
f 583/1025/74 585/1029/74 587/1033/74
f 587/1033/74 589/1037/74 591/1042/74
f 591/1042/74 567/993/74 571/1001/74
f 571/1001/74 575/1009/74 579/1017/74
f 579/1017/74 583/1025/74 587/1033/74
f 587/1033/74 591/1042/74 571/1001/74
f 613/1086/72 639/1139/72 640/1141/72
f 607/1074/72 606/1072/72 632/1125/72
f 600/1060/72 599/1058/72 625/1111/72
f 614/1088/72 640/1141/72 641/1143/72
f 607/1074/72 633/1127/72 634/1129/72
f 600/1060/72 626/1113/72 627/1115/72
f 616/1092/72 615/1090/72 641/1143/72
f 593/1045/72 619/1098/72 620/1100/72
f 608/1076/72 634/1129/72 635/1131/72
f 602/1064/72 601/1062/72 627/1115/72
f 617/1094/72 616/1092/72 642/1145/72
f 595/1050/72 594/1048/72 620/1100/72
f 609/1078/72 635/1131/72 636/1133/72
f 603/1066/72 602/1064/72 628/1117/72
f 617/1094/72 643/1147/72 644/1149/72
f 595/1050/72 621/1103/72 622/1105/72
f 611/1082/72 610/1080/72 636/1133/72
f 604/1068/72 603/1066/72 629/1119/72
f 593/1045/72 618/1096/72 644/1149/72
f 596/1052/72 622/1105/72 623/1107/72
f 611/1082/72 637/1135/72 638/1137/72
f 605/1070/72 604/1068/72 630/1121/72
f 597/1054/72 623/1107/72 624/1109/72
f 612/1084/72 638/1137/72 639/1139/72
f 605/1070/72 631/1123/72 632/1125/72
f 599/1058/72 598/1056/72 624/1109/72
f 628/1118/113 680/1225/113 681/1227/113
f 643/1148/288 695/1255/288 696/1257/288
f 621/1104/298 673/1211/298 674/1213/298
f 636/1134/116 688/1241/116 689/1243/116
f 630/1122/299 629/1120/299 681/1227/299
f 644/1150/175 696/1257/175 672/1209/175
f 622/1106/119 674/1213/119 675/1215/119
f 637/1136/120 689/1243/120 690/1245/120
f 630/1122/300 682/1229/300 683/1231/300
f 623/1108/122 675/1215/122 676/1217/122
f 638/1138/123 690/1245/123 691/1247/123
f 631/1124/124 683/1231/124 684/1233/124
f 625/1112/125 624/1110/125 676/1217/125
f 639/1140/292 691/1247/292 692/1249/292
f 633/1128/127 632/1126/127 684/1233/127
f 626/1114/169 625/1112/169 677/1219/169
f 641/1144/129 640/1142/129 692/1249/129
f 634/1130/301 633/1128/301 685/1235/301
f 626/1114/131 678/1221/131 679/1223/131
f 642/1146/302 641/1144/302 693/1251/302
f 620/1101/294 619/1099/294 672/1209/294
f 634/1130/295 686/1237/295 687/1239/295
f 628/1118/135 627/1116/135 679/1223/135
f 642/1146/136 694/1253/136 695/1255/136
f 621/1104/297 620/1102/297 671/1207/297
f 635/1132/184 687/1239/184 688/1241/184
f 651/1165/73 703/1273/73 704/1275/73
f 645/1151/72 646/1154/72 671/1208/72
f 646/1155/72 647/1157/72 673/1212/72
f 647/1157/72 648/1159/72 674/1214/72
f 649/1161/72 675/1216/72 674/1214/72
f 649/1161/72 650/1163/72 676/1218/72
f 651/1166/72 677/1220/72 676/1218/72
f 652/1167/72 678/1222/72 677/1220/72
f 652/1167/72 653/1169/72 679/1224/72
f 654/1171/72 680/1226/72 679/1224/72
f 655/1173/72 681/1228/72 680/1226/72
f 656/1175/72 682/1230/72 681/1228/72
f 657/1177/72 683/1232/72 682/1230/72
f 658/1179/72 684/1234/72 683/1232/72
f 659/1181/72 685/1236/72 684/1234/72
f 660/1183/72 686/1238/72 685/1236/72
f 660/1183/72 661/1185/72 687/1240/72
f 661/1185/72 662/1187/72 688/1242/72
f 662/1187/72 663/1189/72 689/1244/72
f 663/1189/72 664/1191/72 690/1246/72
f 664/1191/72 665/1193/72 691/1248/72
f 666/1195/72 692/1250/72 691/1248/72
f 667/1197/72 693/1252/72 692/1250/72
f 668/1199/72 694/1254/72 693/1252/72
f 669/1201/72 695/1256/72 694/1254/72
f 669/1201/72 670/1203/72 696/1258/72
f 670/1203/72 645/1151/72 672/1210/72
f 699/1264/72 697/1259/72 698/1262/72
f 698/1262/72 722/1310/72 721/1308/72
f 721/1308/72 720/1306/72 719/1304/72
f 719/1304/72 718/1302/72 717/1300/72
f 717/1300/72 716/1298/72 715/1296/72
f 715/1296/72 714/1294/72 713/1292/72
f 713/1292/72 712/1290/72 711/1288/72
f 711/1288/72 710/1286/72 709/1284/72
f 709/1284/72 708/1282/72 707/1280/72
f 707/1280/72 706/1278/72 705/1276/72
f 705/1276/72 704/1274/72 703/1272/72
f 703/1272/72 702/1270/72 701/1268/72
f 701/1268/72 700/1266/72 699/1264/72
f 699/1264/72 698/1262/72 721/1308/72
f 721/1308/72 719/1304/72 717/1300/72
f 717/1300/72 715/1296/72 713/1292/72
f 713/1292/72 711/1288/72 709/1284/72
f 709/1284/72 707/1280/72 705/1276/72
f 705/1276/72 703/1272/72 701/1268/72
f 701/1268/72 699/1264/72 721/1308/72
f 721/1308/72 717/1300/72 713/1292/72
f 713/1292/72 709/1284/72 705/1276/72
f 705/1276/72 701/1268/72 721/1308/72
f 666/1196/139 718/1303/139 719/1305/139
f 659/1182/140 711/1289/140 712/1291/140
f 652/1168/141 704/1275/141 705/1277/141
f 667/1198/142 719/1305/142 720/1307/142
f 645/1152/172 698/1263/172 697/1260/172
f 660/1184/144 712/1291/144 713/1293/144
f 653/1170/173 705/1277/173 706/1279/173
f 668/1200/146 720/1307/146 721/1309/146
f 646/1156/147 697/1261/147 699/1265/147
f 661/1186/148 713/1293/148 714/1295/148
f 654/1172/149 706/1279/149 707/1281/149
f 669/1202/150 721/1309/150 722/1311/150
f 647/1158/151 699/1265/151 700/1267/151
f 662/1188/152 714/1295/152 715/1297/152
f 655/1174/153 707/1281/153 708/1283/153
f 670/1204/174 722/1311/174 698/1263/174
f 648/1160/155 700/1267/155 701/1269/155
f 663/1190/156 715/1297/156 716/1299/156
f 656/1176/157 708/1283/157 709/1285/157
f 649/1162/164 701/1269/164 702/1271/164
f 664/1192/71 716/1299/71 717/1301/71
f 657/1178/159 709/1285/159 710/1287/159
f 650/1164/160 702/1271/160 703/1273/160
f 665/1194/161 717/1301/161 718/1303/161
f 658/1180/162 710/1287/162 711/1289/162
f 606/1073/159 736/1339/159 735/1337/159
f 599/1059/160 729/1325/160 728/1323/160
f 614/1089/161 744/1355/161 743/1353/161
f 606/1073/162 607/1075/162 737/1341/162
f 600/1061/73 730/1327/73 729/1325/73
f 615/1091/139 745/1357/139 744/1355/139
f 607/1075/140 608/1077/140 738/1343/140
f 601/1063/141 731/1329/141 730/1327/141
f 616/1093/142 746/1359/142 745/1357/142
f 594/1049/143 724/1314/143 723/1312/143
f 609/1079/144 739/1345/144 738/1343/144
f 602/1065/173 732/1331/173 731/1329/173
f 617/1095/146 747/1361/146 746/1359/146
f 595/1051/147 725/1317/147 724/1315/147
f 610/1081/148 740/1347/148 739/1345/148
f 603/1067/149 733/1333/149 732/1331/149
f 618/1097/150 748/1363/150 747/1361/150
f 596/1053/151 726/1319/151 725/1317/151
f 611/1083/152 741/1349/152 740/1347/152
f 604/1069/153 734/1335/153 733/1333/153
f 593/1046/154 723/1312/154 748/1363/154
f 597/1055/155 727/1321/155 726/1319/155
f 612/1085/156 742/1351/156 741/1349/156
f 605/1071/157 735/1337/157 734/1335/157
f 598/1057/164 728/1323/164 727/1321/164
f 613/1087/71 743/1353/71 742/1351/71
f 723/1313/74 724/1316/74 725/1318/74
f 725/1318/74 726/1320/74 727/1322/74
f 727/1322/74 728/1324/74 729/1326/74
f 729/1326/74 730/1328/74 731/1330/74
f 731/1330/74 732/1332/74 733/1334/74
f 733/1334/74 734/1336/74 735/1338/74
f 735/1338/74 736/1340/74 737/1342/74
f 737/1342/74 738/1344/74 739/1346/74
f 739/1346/74 740/1348/74 741/1350/74
f 741/1350/74 742/1352/74 743/1354/74
f 743/1354/74 744/1356/74 745/1358/74
f 745/1358/74 746/1360/74 747/1362/74
f 747/1362/74 748/1364/74 723/1313/74
f 723/1313/74 725/1318/74 727/1322/74
f 727/1322/74 729/1326/74 731/1330/74
f 731/1330/74 733/1334/74 735/1338/74
f 735/1338/74 737/1342/74 739/1346/74
f 739/1346/74 741/1350/74 743/1354/74
f 743/1354/74 745/1358/74 747/1362/74
f 747/1362/74 723/1313/74 727/1322/74
f 727/1322/74 731/1330/74 735/1338/74
f 735/1338/74 739/1346/74 743/1354/74
f 743/1354/74 747/1362/74 727/1322/74
f 769/1406/72 795/1459/72 796/1461/72
f 763/1393/72 762/1391/72 788/1444/72
f 756/1379/72 755/1377/72 781/1430/72
f 771/1410/72 770/1408/72 796/1461/72
f 764/1395/72 763/1393/72 789/1446/72
f 757/1381/72 756/1379/72 782/1432/72
f 772/1412/72 771/1410/72 797/1463/72
f 749/1365/72 775/1418/72 776/1420/72
f 765/1398/72 764/1395/72 790/1448/72
f 757/1381/72 783/1434/72 784/1436/72
f 773/1414/72 772/1412/72 798/1465/72
f 751/1369/72 750/1367/72 776/1420/72
f 766/1400/72 765/1398/72 791/1451/72
f 759/1385/72 758/1383/72 784/1436/72
f 773/1414/72 799/1467/72 800/1469/72
f 751/1369/72 777/1422/72 778/1424/72
f 766/1400/72 792/1453/72 793/1455/72
f 760/1387/72 759/1385/72 785/1438/72
f 749/1365/72 774/1416/72 800/1469/72
f 752/1371/72 778/1424/72 779/1426/72
f 768/1404/72 767/1402/72 793/1455/72
f 760/1387/72 786/1440/72 787/1442/72
f 754/1375/72 753/1373/72 779/1426/72
f 768/1404/72 794/1457/72 795/1459/72
f 761/1389/72 787/1442/72 788/1444/72
f 755/1377/72 754/1375/72 780/1428/72
f 784/1437/113 836/1543/113 837/1545/113
f 800/1470/288 799/1468/288 851/1575/288
f 778/1425/298 777/1423/298 829/1529/298
f 793/1456/303 792/1454/303 844/1561/303
f 786/1441/299 785/1439/299 837/1545/299
f 775/1419/175 800/1470/175 852/1577/175
f 778/1425/119 830/1531/119 831/1533/119
f 793/1456/120 845/1563/120 846/1565/120
f 786/1441/300 838/1547/300 839/1549/300
f 779/1427/178 831/1533/178 832/1535/178
f 794/1458/123 846/1565/123 847/1567/123
f 787/1443/179 839/1549/179 840/1551/179
f 781/1431/304 780/1429/304 832/1535/304
f 795/1460/292 847/1567/292 848/1569/292
f 788/1445/180 840/1551/180 841/1553/180
f 782/1433/169 781/1431/169 833/1537/169
f 796/1462/129 848/1569/129 849/1571/129
f 789/1447/301 841/1553/301 842/1555/301
f 783/1435/131 782/1433/131 834/1539/131
f 798/1466/302 797/1464/302 849/1571/302
f 776/1421/133 775/1419/133 828/1527/133
f 790/1449/305 842/1555/305 843/1557/305
f 784/1437/306 783/1435/306 835/1541/306
f 799/1468/296 798/1466/296 850/1573/296
f 777/1423/297 776/1421/297 827/1525/297
f 792/1454/184 791/1452/184 843/1558/184
f 807/1483/73 859/1592/73 860/1594/73
f 802/1473/72 827/1526/72 828/1528/72
f 803/1475/72 829/1530/72 827/1526/72
f 803/1475/72 804/1477/72 830/1532/72
f 805/1479/72 831/1534/72 830/1532/72
f 805/1479/72 806/1481/72 832/1536/72
f 806/1481/72 807/1484/72 833/1538/72
f 808/1485/72 834/1540/72 833/1538/72
f 809/1487/72 835/1542/72 834/1540/72
f 809/1487/72 810/1489/72 836/1544/72
f 811/1491/72 837/1546/72 836/1544/72
f 812/1493/72 838/1548/72 837/1546/72
f 812/1493/72 813/1495/72 839/1550/72
f 813/1495/72 814/1497/72 840/1552/72
f 814/1497/72 815/1499/72 841/1554/72
f 815/1499/72 816/1501/72 842/1556/72
f 816/1501/72 817/1505/72 843/1559/72
f 818/1507/72 844/1562/72 843/1560/72
f 819/1509/72 845/1564/72 844/1562/72
f 819/1509/72 820/1511/72 846/1566/72
f 821/1513/72 847/1568/72 846/1566/72
f 822/1515/72 848/1570/72 847/1568/72
f 823/1517/72 849/1572/72 848/1570/72
f 823/1517/72 824/1519/72 850/1574/72
f 825/1521/72 851/1576/72 850/1574/72
f 826/1523/72 852/1578/72 851/1576/72
f 826/1523/72 801/1471/72 828/1528/72
f 855/1583/72 853/1579/72 854/1581/72
f 854/1581/72 878/1630/72 877/1628/72
f 877/1628/72 876/1626/72 875/1624/72
f 875/1624/72 874/1622/72 873/1620/72
f 873/1620/72 872/1618/72 871/1616/72
f 871/1616/72 870/1614/72 869/1611/72
f 869/1611/72 868/1609/72 867/1607/72
f 867/1607/72 866/1605/72 865/1603/72
f 865/1603/72 864/1601/72 863/1599/72
f 863/1599/72 862/1597/72 861/1595/72
f 861/1595/72 860/1593/72 859/1591/72
f 859/1591/72 858/1589/72 857/1587/72
f 857/1587/72 856/1585/72 855/1583/72
f 855/1583/72 854/1581/72 877/1628/72
f 877/1628/72 875/1624/72 873/1620/72
f 873/1620/72 871/1616/72 869/1611/72
f 869/1611/72 867/1607/72 865/1603/72
f 865/1603/72 863/1599/72 861/1595/72
f 861/1595/72 859/1591/72 857/1587/72
f 857/1587/72 855/1583/72 877/1628/72
f 877/1628/72 873/1620/72 869/1611/72
f 869/1611/72 865/1603/72 861/1595/72
f 861/1595/72 857/1587/72 877/1628/72
f 822/1516/139 874/1623/139 875/1625/139
f 815/1500/140 867/1608/140 868/1610/140
f 808/1486/141 860/1594/141 861/1596/141
f 823/1518/185 875/1625/185 876/1627/185
f 801/1472/143 854/1582/143 853/1580/143
f 816/1502/144 868/1610/144 869/1612/144
f 809/1488/173 861/1596/173 862/1598/173
f 824/1520/146 876/1627/146 877/1629/146
f 802/1474/147 853/1580/147 855/1584/147
f 817/1506/148 869/1613/148 870/1615/148
f 810/1490/149 862/1598/149 863/1600/149
f 825/1522/150 877/1629/150 878/1631/150
f 803/1476/151 855/1584/151 856/1586/151
f 818/1508/152 870/1615/152 871/1617/152
f 811/1492/153 863/1600/153 864/1602/153
f 826/1524/154 878/1631/154 854/1582/154
f 804/1478/155 856/1586/155 857/1588/155
f 819/1510/156 871/1617/156 872/1619/156
f 812/1494/157 864/1602/157 865/1604/157
f 805/1480/164 857/1588/164 858/1590/164
f 820/1512/71 872/1619/71 873/1621/71
f 813/1496/159 865/1604/159 866/1606/159
f 806/1482/160 858/1590/160 859/1592/160
f 821/1514/161 873/1621/161 874/1623/161
f 814/1498/162 866/1606/162 867/1608/162
f 762/1392/159 892/1658/159 891/1656/159
f 755/1378/160 885/1644/160 884/1642/160
f 770/1409/161 900/1675/161 899/1673/161
f 763/1394/162 893/1660/162 892/1658/162
f 756/1380/73 886/1646/73 885/1644/73
f 771/1411/139 901/1677/139 900/1675/139
f 764/1396/140 894/1662/140 893/1660/140
f 757/1382/141 887/1648/141 886/1646/141
f 772/1413/142 902/1679/142 901/1677/142
f 750/1368/143 880/1634/143 879/1632/143
f 765/1399/144 895/1664/144 894/1662/144
f 758/1384/173 888/1650/173 887/1648/173
f 773/1415/146 903/1681/146 902/1679/146
f 750/1368/147 751/1370/147 881/1636/147
f 766/1401/148 896/1667/148 895/1665/148
f 759/1386/149 889/1652/149 888/1650/149
f 774/1417/150 904/1683/150 903/1681/150
f 751/1370/151 752/1372/151 882/1638/151
f 767/1403/152 897/1669/152 896/1667/152
f 760/1388/153 890/1654/153 889/1652/153
f 749/1366/154 879/1632/154 904/1683/154
f 753/1374/155 883/1640/155 882/1638/155
f 768/1405/156 898/1671/156 897/1669/156
f 761/1390/157 891/1656/157 890/1654/157
f 754/1376/164 884/1642/164 883/1640/164
f 769/1407/71 899/1673/71 898/1671/71
f 879/1633/74 880/1635/74 881/1637/74
f 881/1637/74 882/1639/74 883/1641/74
f 883/1641/74 884/1643/74 885/1645/74
f 885/1645/74 886/1647/74 887/1649/74
f 887/1649/74 888/1651/74 889/1653/74
f 889/1653/74 890/1655/74 891/1657/74
f 891/1657/74 892/1659/74 893/1661/74
f 893/1661/74 894/1663/74 895/1666/74
f 895/1666/74 896/1668/74 897/1670/74
f 897/1670/74 898/1672/74 899/1674/74
f 899/1674/74 900/1676/74 901/1678/74
f 901/1678/74 902/1680/74 903/1682/74
f 903/1682/74 904/1684/74 879/1633/74
f 879/1633/74 881/1637/74 883/1641/74
f 883/1641/74 885/1645/74 887/1649/74
f 887/1649/74 889/1653/74 891/1657/74
f 891/1657/74 893/1661/74 895/1666/74
f 895/1666/74 897/1670/74 899/1674/74
f 899/1674/74 901/1678/74 903/1682/74
f 903/1682/74 879/1633/74 883/1641/74
f 883/1641/74 887/1649/74 891/1657/74
f 891/1657/74 895/1666/74 899/1674/74
f 899/1674/74 903/1682/74 883/1641/74
f 954/1785/147 956/1789/147 1007/1895/147
f 950/1778/160 951/1780/160 1003/1887/160
f 922/1720/173 921/1718/173 1051/1986/173
f 947/1772/186 948/1774/186 1000/1881/186
f 936/1749/71 937/1751/71 989/1858/71
f 930/1736/143 929/1734/143 1059/2002/143
f 956/1789/143 955/1788/143 1008/1898/143
f 919/1714/157 918/1712/157 1048/1979/157
f 944/1766/157 945/1767/157 997/1875/157
f 923/1722/141 922/1720/141 1052/1987/141
f 933/1743/185 934/1744/185 986/1851/185
f 912/1699/156 911/1697/156 1041/1964/156
f 952/1782/155 953/1783/155 1005/1892/155
f 909/1693/139 908/1691/139 1038/1958/139
f 934/1744/139 935/1747/139 987/1853/139
f 920/1716/153 919/1714/153 1049/1981/153
f 945/1767/153 946/1770/153 998/1877/153
f 917/1710/162 916/1708/162 1046/1975/162
f 911/1697/71 910/1695/71 1040/1962/71
f 913/1701/152 912/1699/152 1042/1967/152
f 953/1783/151 954/1785/151 1006/1893/151
f 910/1695/161 909/1693/161 1039/1961/161
f 921/1718/149 920/1716/149 1050/1983/149
f 931/1739/150 932/1741/150 984/1847/150
f 942/1762/162 943/1764/162 995/1871/162
f 1059/2002/147 929/1734/147 928/1733/147
f 966/1809/74 965/1807/74 991/1861/74
f 982/1843/74 980/1839/74 1006/1894/74
f 959/1795/74 958/1793/74 984/1848/74
f 1000/1882/74 974/1827/74 973/1825/74
f 993/1867/74 967/1813/74 966/1810/74
f 983/1845/74 957/1791/74 981/1841/74
f 986/1852/74 960/1797/74 959/1795/74
f 975/1829/74 974/1827/74 1000/1882/74
f 994/1869/74 968/1815/74 967/1813/74
f 961/1799/74 960/1797/74 986/1852/74
f 976/1831/74 975/1829/74 1001/1883/74
f 995/1872/74 969/1817/74 968/1815/74
f 962/1801/74 961/1799/74 987/1854/74
f 1003/1888/74 977/1833/74 976/1831/74
f 996/1873/74 970/1819/74 969/1817/74
f 963/1803/74 962/1801/74 988/1855/74
f 1004/1889/74 978/1835/74 977/1833/74
f 997/1876/74 971/1821/74 970/1819/74
f 990/1859/74 964/1805/74 963/1803/74
f 979/1837/74 978/1835/74 1004/1889/74
f 955/1787/74 956/1790/74 954/1786/74
f 954/1786/74 953/1784/74 952/1781/74
f 952/1781/74 951/1779/74 950/1777/74
f 950/1777/74 949/1775/74 948/1773/74
f 948/1773/74 947/1771/74 946/1769/74
f 946/1769/74 945/1768/74 944/1765/74
f 944/1765/74 943/1763/74 942/1761/74
f 942/1761/74 941/1759/74 940/1756/74
f 940/1756/74 939/1754/74 938/1752/74
f 938/1752/74 937/1750/74 936/1748/74
f 936/1748/74 935/1746/74 934/1745/74
f 934/1745/74 933/1742/74 932/1740/74
f 932/1740/74 931/1738/74 955/1787/74
f 955/1787/74 954/1786/74 952/1781/74
f 952/1781/74 950/1777/74 948/1773/74
f 948/1773/74 946/1769/74 944/1765/74
f 944/1765/74 942/1761/74 940/1756/74
f 940/1756/74 938/1752/74 936/1748/74
f 936/1748/74 934/1745/74 932/1740/74
f 932/1740/74 955/1787/74 952/1781/74
f 952/1781/74 948/1773/74 944/1765/74
f 944/1765/74 940/1756/74 936/1748/74
f 936/1748/74 932/1740/74 952/1781/74
f 972/1823/74 971/1821/74 997/1876/74
f 965/1807/74 964/1805/74 990/1859/74
f 1006/1894/74 980/1839/74 979/1837/74
f 958/1793/74 957/1791/74 983/1845/74
f 973/1825/74 972/1823/74 998/1878/74
f 1028/1938/307 976/1832/307 977/1834/307
f 949/1776/73 950/1778/73 1002/1886/73
f 1025/1932/188 973/1826/188 974/1828/188
f 1033/1948/189 982/1844/189 981/1842/189
f 1026/1934/190 974/1828/190 975/1830/190
f 960/1798/191 961/1800/191 1013/1907/191
f 968/1816/192 969/1818/192 1021/1924/192
f 961/1800/308 962/1802/308 1014/1909/308
f 962/1802/194 963/1804/194 1015/1911/194
f 970/1820/309 971/1822/309 1023/1928/309
f 978/1836/196 979/1838/196 1031/1944/196
f 1023/1928/310 971/1822/310 972/1824/310
f 1031/1944/219 979/1838/219 980/1840/219
f 972/1824/199 973/1826/199 1025/1932/199
f 1021/1925/74 1022/1927/74 1048/1980/74
f 1055/1993/74 1029/1941/74 1030/1943/74
f 1041/1965/74 1015/1912/74 1016/1913/74
f 1060/2003/74 1034/1950/74 1009/1899/74
f 1016/1913/74 1017/1916/74 1043/1968/74
f 1009/1899/74 1010/1901/74 1036/1954/74
f 1050/1984/74 1024/1931/74 1025/1933/74
f 1036/1954/74 1010/1901/74 1011/1903/74
f 1044/1971/74 1018/1919/74 1019/1920/74
f 1037/1956/74 1011/1903/74 1012/1906/74
f 1045/1973/74 1019/1920/74 1020/1922/74
f 1053/1989/74 1027/1937/74 1028/1939/74
f 1017/1915/311 965/1808/311 966/1811/311
f 1046/1976/74 1020/1922/74 1021/1925/74
f 1025/1933/74 1026/1935/74 1052/1988/74
f 1014/1910/74 1015/1912/74 1041/1965/74
f 969/1818/201 970/1820/201 1022/1926/201
f 1033/1949/74 1034/1950/74 1060/2003/74
f 981/1841/74 982/1843/74 1007/1896/74
f 1022/1927/74 1023/1929/74 1049/1982/74
f 977/1834/202 978/1836/202 1030/1942/202
f 1052/1988/74 1026/1935/74 1027/1937/74
f 1010/1902/224 958/1794/224 959/1796/224
f 1030/1943/74 1031/1945/74 1057/1998/74
f 963/1804/233 964/1806/233 1016/1914/233
f 1038/1959/74 1012/1906/74 1013/1908/74
f 966/1812/312 967/1814/312 1019/1921/312
f 1049/1982/74 1023/1929/74 1024/1931/74
f 1034/1951/206 981/1842/206 957/1792/206
f 1032/1946/313 980/1840/313 982/1844/313
f 1011/1904/314 959/1796/314 960/1798/314
f 1031/1945/74 1032/1947/74 1058/1999/74
f 1016/1914/209 964/1806/209 965/1808/209
f 967/1814/216 968/1816/216 1020/1923/216
f 1043/1968/74 1017/1916/74 1018/1919/74
f 1009/1900/220 957/1792/220 958/1794/220
f 975/1830/237 976/1832/237 1028/1938/237
f 1058/1999/74 1032/1947/74 1033/1949/74
f 1054/1991/74 1028/1939/74 1029/1941/74
f 918/1712/159 917/1710/159 1047/1978/159
f 914/1703/148 913/1701/148 1043/1969/148
f 939/1755/148 940/1757/148 992/1866/148
f 935/1747/161 936/1749/161 988/1856/161
f 907/1689/146 906/1688/146 1036/1955/146
f 932/1741/146 933/1743/146 985/1850/146
f 943/1764/159 944/1766/159 996/1874/159
f 915/1706/144 914/1704/144 1044/1972/144
f 940/1758/144 941/1760/144 993/1868/144
f 926/1728/164 925/1727/164 1055/1994/164
f 951/1780/164 952/1782/164 1004/1890/164
f 908/1691/142 907/1689/142 1037/1957/142
f 948/1774/141 949/1776/141 1001/1884/141
f 927/1731/155 926/1728/155 1056/1996/155
f 937/1751/156 938/1753/156 990/1860/156
f 916/1708/140 915/1706/140 1045/1974/140
f 941/1760/140 942/1762/140 994/1870/140
f 905/1686/154 930/1736/154 1060/2004/154
f 955/1788/154 931/1739/154 983/1846/154
f 924/1725/73 923/1722/73 1053/1990/73
f 928/1732/72 929/1735/72 930/1737/72
f 930/1737/72 905/1685/72 906/1687/72
f 906/1687/72 907/1690/72 908/1692/72
f 908/1692/72 909/1694/72 910/1696/72
f 910/1696/72 911/1698/72 912/1700/72
f 912/1700/72 913/1702/72 914/1705/72
f 914/1705/72 915/1707/72 916/1709/72
f 916/1709/72 917/1711/72 918/1713/72
f 918/1713/72 919/1715/72 920/1717/72
f 920/1717/72 921/1719/72 922/1721/72
f 922/1721/72 923/1723/72 924/1724/72
f 924/1724/72 925/1726/72 926/1729/72
f 926/1729/72 927/1730/72 928/1732/72
f 928/1732/72 930/1737/72 906/1687/72
f 906/1687/72 908/1692/72 910/1696/72
f 910/1696/72 912/1700/72 914/1705/72
f 914/1705/72 916/1709/72 918/1713/72
f 918/1713/72 920/1717/72 922/1721/72
f 922/1721/72 924/1724/72 926/1729/72
f 926/1729/72 928/1732/72 906/1687/72
f 906/1687/72 910/1696/72 914/1705/72
f 914/1705/72 918/1713/72 922/1721/72
f 922/1721/72 926/1729/72 906/1687/72
f 1058/2000/151 928/1733/151 927/1731/151
f 938/1753/152 939/1755/152 991/1862/152
f 925/1727/160 924/1725/160 1054/1992/160
f 906/1688/150 905/1686/150 1035/1953/150
f 946/1770/149 947/1772/149 999/1880/149
f 1013/1908/74 1014/1910/74 1040/1963/74
f 1110/2104/147 1112/2108/147 1163/2215/147
f 1106/2097/160 1107/2099/160 1159/2206/160
f 1063/2010/146 1062/2007/146 1192/2274/146
f 1103/2090/173 1104/2093/173 1156/2200/173
f 1092/2069/71 1093/2071/71 1145/2177/71
f 1071/2026/144 1070/2023/144 1200/2290/144
f 1112/2109/172 1111/2107/172 1164/2217/172
f 1067/2017/71 1066/2015/71 1196/2282/71
f 1100/2085/157 1101/2086/157 1153/2193/157
f 1079/2042/141 1078/2039/141 1208/2307/141
f 1089/2063/142 1090/2064/142 1142/2171/142
f 1068/2019/156 1067/2017/156 1197/2284/156
f 1108/2101/155 1109/2102/155 1161/2210/155
f 1065/2013/139 1064/2012/139 1194/2279/139
f 1090/2064/213 1091/2067/213 1143/2173/213
f 1076/2036/153 1075/2034/153 1205/2300/153
f 1101/2086/214 1102/2088/214 1154/2195/214
f 1203/2297/162 1073/2029/162 1072/2028/162
f 1082/2048/164 1081/2046/164 1211/2313/164
f 1069/2021/152 1068/2019/152 1198/2286/152
f 1109/2102/151 1110/2104/151 1162/2211/151
f 1066/2015/161 1065/2013/161 1195/2280/161
f 1062/2007/150 1061/2006/150 1191/2273/150
f 1102/2088/149 1103/2090/149 1155/2197/149
f 1074/2032/159 1073/2029/159 1203/2297/159
f 1085/2053/147 1084/2052/147 1214/2318/147
f 1148/2183/74 1122/2129/74 1121/2127/74
f 1163/2216/74 1138/2161/74 1136/2157/74
f 1115/2115/74 1114/2113/74 1140/2167/74
f 1130/2145/74 1129/2143/74 1155/2198/74
f 1149/2185/74 1123/2131/74 1122/2129/74
f 1139/2165/74 1113/2111/74 1137/2159/74
f 1116/2117/74 1115/2115/74 1141/2169/74
f 1157/2201/74 1131/2147/74 1130/2145/74
f 1124/2133/74 1123/2131/74 1149/2185/74
f 1117/2119/74 1116/2117/74 1142/2172/74
f 1132/2149/74 1131/2147/74 1157/2201/74
f 1125/2135/74 1124/2133/74 1150/2187/74
f 1118/2121/74 1117/2119/74 1143/2174/74
f 1133/2151/74 1132/2149/74 1158/2203/74
f 1126/2137/74 1125/2135/74 1151/2189/74
f 1145/2178/74 1119/2123/74 1118/2121/74
f 1160/2207/74 1134/2153/74 1133/2151/74
f 1127/2139/74 1126/2137/74 1152/2191/74
f 1146/2179/74 1120/2125/74 1119/2123/74
f 1135/2155/74 1134/2153/74 1160/2207/74
f 1111/2106/74 1112/2110/74 1110/2105/74
f 1110/2105/74 1109/2103/74 1108/2100/74
f 1108/2100/74 1107/2098/74 1106/2096/74
f 1106/2096/74 1105/2094/74 1104/2092/74
f 1104/2092/74 1103/2091/74 1102/2089/74
f 1102/2089/74 1101/2087/74 1100/2084/74
f 1100/2084/74 1099/2082/74 1098/2080/74
f 1098/2080/74 1097/2078/74 1096/2076/74
f 1096/2076/74 1095/2074/74 1094/2072/74
f 1094/2072/74 1093/2070/74 1092/2068/74
f 1092/2068/74 1091/2066/74 1090/2065/74
f 1090/2065/74 1089/2062/74 1088/2060/74
f 1088/2060/74 1087/2058/74 1111/2106/74
f 1111/2106/74 1110/2105/74 1108/2100/74
f 1108/2100/74 1106/2096/74 1104/2092/74
f 1104/2092/74 1102/2089/74 1100/2084/74
f 1100/2084/74 1098/2080/74 1096/2076/74
f 1096/2076/74 1094/2072/74 1092/2068/74
f 1092/2068/74 1090/2065/74 1088/2060/74
f 1088/2060/74 1111/2106/74 1108/2100/74
f 1108/2100/74 1104/2092/74 1100/2084/74
f 1100/2084/74 1096/2076/74 1092/2068/74
f 1092/2068/74 1088/2060/74 1108/2100/74
f 1128/2141/74 1127/2139/74 1153/2194/74
f 1147/2181/74 1121/2127/74 1120/2125/74
f 1162/2212/74 1136/2157/74 1135/2155/74
f 1140/2167/74 1114/2113/74 1113/2111/74
f 1129/2143/74 1128/2141/74 1154/2196/74
f 1184/2257/307 1132/2150/307 1133/2152/307
f 1105/2095/73 1106/2097/73 1158/2204/73
f 1181/2252/188 1129/2144/188 1130/2146/188
f 1189/2268/189 1138/2162/189 1137/2160/189
f 1130/2146/315 1131/2148/315 1183/2255/315
f 1175/2240/316 1123/2132/316 1124/2134/316
f 1183/2255/217 1131/2148/217 1132/2150/217
f 1117/2120/308 1118/2122/308 1170/2229/308
f 1118/2122/194 1119/2124/194 1171/2231/194
f 1133/2152/202 1134/2154/202 1186/2261/202
f 1134/2154/196 1135/2156/196 1187/2263/196
f 1179/2247/317 1127/2140/317 1128/2142/317
f 1135/2156/318 1136/2158/318 1188/2265/318
f 1113/2112/319 1114/2114/319 1166/2221/319
f 1177/2244/74 1178/2246/74 1204/2298/74
f 1185/2260/74 1186/2262/74 1212/2314/74
f 1171/2232/74 1172/2233/74 1198/2287/74
f 1216/2323/74 1190/2271/74 1165/2220/74
f 1198/2287/74 1172/2233/74 1173/2236/74
f 1187/2264/74 1188/2266/74 1214/2319/74
f 1206/2302/74 1180/2250/74 1181/2251/74
f 1192/2275/74 1166/2222/74 1167/2223/74
f 1174/2238/74 1175/2239/74 1201/2293/74
f 1193/2276/74 1167/2223/74 1168/2225/74
f 1182/2254/74 1183/2256/74 1209/2308/74
f 1168/2225/74 1169/2228/74 1195/2281/74
f 1188/2265/320 1136/2158/320 1138/2163/320
f 1202/2294/74 1176/2241/74 1177/2244/74
f 1207/2304/74 1181/2251/74 1182/2254/74
f 1170/2230/74 1171/2232/74 1197/2285/74
f 1125/2136/222 1126/2138/222 1178/2245/222
f 1189/2269/74 1190/2271/74 1216/2323/74
f 1164/2218/74 1137/2159/74 1138/2164/74
f 1204/2298/74 1178/2246/74 1179/2248/74
f 1126/2138/223 1127/2140/223 1179/2247/223
f 1175/2239/74 1176/2241/74 1202/2294/74
f 1114/2114/321 1115/2116/321 1167/2224/321
f 1186/2262/74 1187/2264/74 1213/2316/74
f 1119/2124/233 1120/2126/233 1172/2234/233
f 1209/2308/74 1183/2256/74 1184/2258/74
f 1122/2130/322 1123/2132/322 1175/2240/322
f 1205/2301/74 1179/2248/74 1180/2250/74
f 1137/2160/206 1113/2112/206 1165/2219/206
f 1121/2128/323 1122/2130/323 1174/2237/323
f 1167/2224/208 1115/2116/208 1116/2118/208
f 1165/2220/74 1166/2222/74 1192/2275/74
f 1120/2126/209 1121/2128/209 1173/2235/209
f 1168/2226/191 1116/2118/191 1117/2120/191
f 1173/2236/74 1174/2238/74 1200/2291/74
f 1128/2142/199 1129/2144/199 1181/2252/199
f 1176/2242/227 1124/2134/227 1125/2136/227
f 1214/2319/74 1188/2266/74 1189/2269/74
f 1210/2310/74 1184/2258/74 1185/2260/74
f 1098/2081/162 1099/2083/162 1151/2190/162
f 1070/2023/148 1069/2021/148 1199/2289/148
f 1095/2075/148 1096/2077/148 1148/2184/148
f 1091/2067/161 1092/2069/161 1144/2176/161
f 1078/2039/173 1077/2038/173 1207/2305/173
f 1088/2061/146 1089/2063/146 1141/2170/146
f 1099/2083/159 1100/2085/159 1152/2192/159
f 1086/2057/143 1085/2054/143 1215/2322/143
f 1096/2077/144 1097/2079/144 1149/2186/144
f 1084/2051/72 1085/2055/72 1086/2056/72
f 1086/2056/72 1061/2005/72 1062/2008/72
f 1062/2008/72 1063/2009/72 1064/2011/72
f 1064/2011/72 1065/2014/72 1066/2016/72
f 1066/2016/72 1067/2018/72 1068/2020/72
f 1068/2020/72 1069/2022/72 1070/2024/72
f 1070/2024/72 1071/2025/72 1072/2027/72
f 1072/2027/72 1073/2030/72 1074/2031/72
f 1074/2031/72 1075/2033/72 1076/2035/72
f 1076/2035/72 1077/2037/72 1078/2040/72
f 1078/2040/72 1079/2041/72 1080/2043/72
f 1080/2043/72 1081/2045/72 1082/2047/72
f 1082/2047/72 1083/2049/72 1084/2051/72
f 1084/2051/72 1086/2056/72 1062/2008/72
f 1062/2008/72 1064/2011/72 1066/2016/72
f 1066/2016/72 1068/2020/72 1070/2024/72
f 1070/2024/72 1072/2027/72 1074/2031/72
f 1074/2031/72 1076/2035/72 1078/2040/72
f 1078/2040/72 1080/2043/72 1082/2047/72
f 1082/2047/72 1084/2051/72 1062/2008/72
f 1062/2008/72 1066/2016/72 1070/2024/72
f 1070/2024/72 1074/2031/72 1078/2040/72
f 1078/2040/72 1082/2047/72 1062/2008/72
f 1107/2099/164 1108/2101/164 1160/2208/164
f 1064/2012/142 1063/2010/142 1193/2277/142
f 1104/2093/141 1105/2095/141 1157/2202/141
f 1083/2050/155 1082/2048/155 1212/2315/155
f 1093/2071/156 1094/2073/156 1146/2180/156
f 1202/2295/140 1072/2028/140 1071/2026/140
f 1097/2079/140 1098/2081/140 1150/2188/140
f 1061/2006/154 1086/2057/154 1216/2324/154
f 1111/2107/174 1087/2059/174 1139/2166/174
f 1080/2044/73 1079/2042/73 1209/2309/73
f 1075/2034/157 1074/2032/157 1204/2299/157
f 1084/2052/151 1083/2050/151 1213/2317/151
f 1094/2073/152 1095/2075/152 1147/2182/152
f 1081/2046/160 1080/2044/160 1210/2311/160
f 1077/2038/149 1076/2036/149 1206/2303/149
f 1087/2059/150 1088/2061/150 1140/2168/150
f 1169/2228/74 1170/2230/74 1196/2283/74
f 1266/2426/147 1268/2430/147 1319/2535/147
f 1262/2418/160 1263/2420/160 1315/2528/160
f 1219/2331/146 1218/2327/146 1348/2595/146
f 1259/2411/145 1260/2413/145 1312/2521/145
f 1248/2390/71 1249/2392/71 1301/2499/71
f 1242/2377/143 1241/2374/143 1371/2642/143
f 1252/2398/144 1253/2399/144 1305/2507/144
f 1223/2339/71 1222/2337/71 1352/2603/71
f 1256/2406/157 1257/2407/157 1309/2515/157
f 1235/2363/141 1234/2360/141 1364/2627/141
f 1260/2413/141 1261/2416/141 1313/2523/141
f 1239/2370/155 1238/2368/155 1368/2635/155
f 1264/2422/155 1265/2424/155 1317/2531/155
f 1221/2335/139 1220/2333/139 1350/2599/139
f 1253/2399/140 1254/2402/140 1306/2509/140
f 1232/2356/153 1231/2355/153 1361/2621/153
f 1257/2407/153 1258/2409/153 1310/2517/153
f 1229/2350/162 1228/2349/162 1358/2615/162
f 1238/2368/164 1237/2366/164 1367/2633/164
f 1240/2372/151 1239/2370/151 1369/2637/151
f 1250/2394/163 1251/2396/163 1303/2503/163
f 1237/2366/160 1236/2365/160 1366/2632/160
f 1233/2358/149 1232/2356/149 1362/2623/149
f 1258/2409/149 1259/2411/149 1311/2520/149
f 1230/2353/159 1229/2350/159 1359/2618/159
f 1241/2374/147 1240/2372/147 1370/2639/147
f 1278/2451/74 1277/2449/74 1303/2504/74
f 1294/2483/74 1292/2479/74 1318/2533/74
f 1271/2437/74 1270/2433/74 1296/2489/74
f 1312/2522/74 1286/2467/74 1285/2465/74
f 1305/2508/74 1279/2453/74 1278/2451/74
f 1267/2427/74 1268/2429/74 1266/2425/74
f 1266/2425/74 1265/2423/74 1264/2421/74
f 1264/2421/74 1263/2419/74 1262/2417/74
f 1262/2417/74 1261/2415/74 1260/2414/74
f 1260/2414/74 1259/2412/74 1258/2410/74
f 1258/2410/74 1257/2408/74 1256/2405/74
f 1256/2405/74 1255/2403/74 1254/2401/74
f 1254/2401/74 1253/2400/74 1252/2397/74
f 1252/2397/74 1251/2395/74 1250/2393/74
f 1250/2393/74 1249/2391/74 1248/2389/74
f 1248/2389/74 1247/2387/74 1246/2385/74
f 1246/2385/74 1245/2383/74 1244/2380/74
f 1244/2380/74 1243/2378/74 1267/2427/74
f 1267/2427/74 1266/2425/74 1264/2421/74
f 1264/2421/74 1262/2417/74 1260/2414/74
f 1260/2414/74 1258/2410/74 1256/2405/74
f 1256/2405/74 1254/2401/74 1252/2397/74
f 1252/2397/74 1250/2393/74 1248/2389/74
f 1248/2389/74 1246/2385/74 1244/2380/74
f 1244/2380/74 1267/2427/74 1264/2421/74
f 1264/2421/74 1260/2414/74 1256/2405/74
f 1256/2405/74 1252/2397/74 1248/2389/74
f 1248/2389/74 1244/2380/74 1264/2421/74
f 1298/2493/74 1272/2439/74 1271/2437/74
f 1287/2469/74 1286/2467/74 1312/2522/74
f 1306/2510/74 1280/2455/74 1279/2453/74
f 1273/2441/74 1272/2439/74 1298/2493/74
f 1288/2471/74 1287/2469/74 1313/2524/74
f 1307/2511/74 1281/2457/74 1280/2455/74
f 1300/2497/74 1274/2443/74 1273/2441/74
f 1289/2473/74 1288/2471/74 1314/2525/74
f 1308/2513/74 1282/2459/74 1281/2457/74
f 1301/2500/74 1275/2445/74 1274/2443/74
f 1316/2529/74 1290/2475/74 1289/2473/74
f 1309/2516/74 1283/2461/74 1282/2459/74
f 1276/2447/74 1275/2445/74 1301/2500/74
f 1317/2532/74 1291/2477/74 1290/2475/74
f 1269/2431/74 1293/2481/74 1320/2537/74
f 1284/2463/74 1283/2461/74 1309/2516/74
f 1303/2504/74 1277/2449/74 1276/2447/74
f 1318/2533/74 1292/2479/74 1291/2477/74
f 1270/2434/74 1269/2431/74 1295/2485/74
f 1285/2465/74 1284/2463/74 1310/2518/74
f 1288/2472/187 1289/2474/187 1341/2580/187
f 1261/2416/73 1262/2418/73 1314/2526/73
f 1322/2541/321 1270/2435/321 1271/2438/321
f 1345/2588/189 1294/2484/189 1293/2482/189
f 1338/2574/190 1286/2468/190 1287/2470/190
f 1324/2546/191 1272/2440/191 1273/2442/191
f 1332/2562/227 1280/2456/227 1281/2458/227
f 1273/2442/308 1274/2444/308 1326/2550/308
f 1274/2444/194 1275/2446/194 1327/2553/194
f 1289/2474/202 1290/2476/202 1342/2582/202
f 1290/2476/324 1291/2478/324 1343/2584/324
f 1335/2568/230 1283/2462/230 1284/2464/230
f 1343/2584/325 1291/2478/325 1292/2480/325
f 1284/2464/199 1285/2466/199 1337/2572/199
f 1333/2565/74 1334/2566/74 1360/2619/74
f 1341/2581/74 1342/2583/74 1368/2636/74
f 1360/2619/74 1334/2566/74 1335/2569/74
f 1342/2583/74 1343/2585/74 1369/2638/74
f 1328/2555/74 1329/2556/74 1355/2609/74
f 1321/2539/74 1322/2542/74 1348/2596/74
f 1355/2609/74 1329/2556/74 1330/2558/74
f 1348/2596/74 1322/2542/74 1323/2544/74
f 1330/2558/74 1331/2560/74 1357/2613/74
f 1349/2597/74 1323/2544/74 1324/2547/74
f 1364/2628/74 1338/2575/74 1339/2577/74
f 1365/2629/74 1339/2577/74 1340/2579/74
f 1293/2481/74 1294/2483/74 1319/2536/74
f 1358/2616/74 1332/2563/74 1333/2565/74
f 1337/2573/74 1338/2575/74 1364/2628/74
f 1326/2551/74 1327/2552/74 1353/2605/74
f 1281/2458/326 1282/2460/326 1334/2567/326
f 1345/2589/74 1346/2591/74 1372/2643/74
f 1344/2586/320 1292/2480/320 1294/2484/320
f 1353/2605/74 1327/2552/74 1328/2555/74
f 1282/2460/232 1283/2462/232 1335/2568/232
f 1331/2560/74 1332/2563/74 1358/2616/74
f 1337/2572/188 1285/2466/188 1286/2468/188
f 1372/2643/74 1346/2591/74 1321/2539/74
f 1327/2553/204 1275/2446/204 1276/2448/204
f 1350/2600/74 1324/2547/74 1325/2549/74
f 1278/2452/322 1279/2454/322 1331/2561/322
f 1361/2622/74 1335/2569/74 1336/2571/74
f 1293/2482/206 1269/2432/206 1321/2540/206
f 1277/2450/323 1278/2452/323 1330/2559/323
f 1323/2545/314 1271/2438/314 1272/2440/314
f 1343/2585/74 1344/2587/74 1370/2640/74
f 1276/2448/209 1277/2450/209 1329/2557/209
f 1331/2561/236 1279/2454/236 1280/2456/236
f 1362/2624/74 1336/2571/74 1337/2573/74
f 1269/2432/319 1270/2436/319 1322/2543/319
f 1287/2470/237 1288/2472/237 1340/2578/237
f 1370/2640/74 1344/2587/74 1345/2589/74
f 1340/2579/74 1341/2581/74 1367/2634/74
f 1254/2402/162 1255/2404/162 1307/2512/162
f 1226/2344/148 1225/2343/148 1355/2610/148
f 1251/2396/148 1252/2398/148 1304/2506/148
f 1247/2388/161 1248/2390/161 1300/2498/161
f 1234/2360/145 1233/2358/145 1363/2626/145
f 1244/2381/146 1245/2384/146 1297/2492/146
f 1255/2404/159 1256/2406/159 1308/2514/159
f 1227/2347/144 1226/2344/144 1356/2612/144
f 1268/2430/143 1267/2428/143 1320/2538/143
f 1240/2373/72 1241/2375/72 1242/2376/72
f 1242/2376/72 1217/2325/72 1218/2328/72
f 1218/2328/72 1219/2330/72 1220/2332/72
f 1220/2332/72 1221/2334/72 1222/2336/72
f 1222/2336/72 1223/2338/72 1224/2340/72
f 1224/2340/72 1225/2342/72 1226/2345/72
f 1226/2345/72 1227/2346/72 1228/2348/72
f 1228/2348/72 1229/2351/72 1230/2352/72
f 1230/2352/72 1231/2354/72 1232/2357/72
f 1232/2357/72 1233/2359/72 1234/2361/72
f 1234/2361/72 1235/2362/72 1236/2364/72
f 1236/2364/72 1237/2367/72 1238/2369/72
f 1238/2369/72 1239/2371/72 1240/2373/72
f 1240/2373/72 1242/2376/72 1218/2328/72
f 1218/2328/72 1220/2332/72 1222/2336/72
f 1222/2336/72 1224/2340/72 1226/2345/72
f 1226/2345/72 1228/2348/72 1230/2352/72
f 1230/2352/72 1232/2357/72 1234/2361/72
f 1234/2361/72 1236/2364/72 1238/2369/72
f 1238/2369/72 1240/2373/72 1218/2328/72
f 1218/2328/72 1222/2336/72 1226/2345/72
f 1226/2345/72 1230/2352/72 1234/2361/72
f 1234/2361/72 1238/2369/72 1218/2328/72
f 1263/2420/158 1264/2422/158 1316/2530/158
f 1220/2333/142 1219/2331/142 1349/2598/142
f 1245/2384/142 1246/2386/142 1298/2494/142
f 1224/2341/156 1223/2339/156 1353/2606/156
f 1249/2392/156 1250/2394/156 1302/2502/156
f 1228/2349/140 1227/2347/140 1357/2614/140
f 1246/2386/139 1247/2388/139 1299/2496/139
f 1217/2326/154 1242/2377/154 1372/2644/154
f 1267/2428/154 1243/2379/154 1295/2486/154
f 1236/2365/73 1235/2363/73 1365/2630/73
f 1231/2355/157 1230/2353/157 1360/2620/157
f 1225/2343/163 1224/2341/163 1354/2608/163
f 1265/2424/238 1266/2426/238 1318/2534/238
f 1222/2337/161 1221/2335/161 1351/2602/161
f 1218/2329/150 1217/2326/150 1347/2593/150
f 1243/2379/150 1244/2382/150 1296/2490/150
f 1325/2549/74 1326/2551/74 1352/2604/74
f 1380/2660/239 1379/2658/239 1378/2656/239
f 1376/2652/239 1375/2650/239 1374/2648/239
f 1374/2648/105 1375/2650/105 296/476/105
f 193/286/240 192/284/240 318/513/240
f 1386/2672/75 1387/2673/75 1401/2701/75
f 1381/2661/74 1392/2684/74 1393/2686/74
f 1388/2675/74 1385/2670/74 1381/2661/74
f 1390/2679/71 1384/2668/71 1382/2664/71
f 1382/2664/71 1393/2685/71 1394/2687/71
f 1399/2697/73 1395/2690/73 1397/2694/73
f 1397/2694/327 1383/2666/327 1381/2662/327
f 1381/2662/73 1385/2669/73 1386/2671/73
f 1386/2671/73 1400/2699/73 1399/2697/73
f 1399/2697/73 1397/2694/73 1381/2662/73
f 1386/2672/93 1385/2670/93 1388/2675/93
f 1392/2683/73 1381/2662/73 1383/2666/73
f 1383/2666/73 1389/2677/73 1391/2681/73
f 1391/2682/70 1389/2678/70 1390/2680/70
f 1384/2667/72 1390/2680/72 1389/2678/72
f 1402/2703/71 1401/2702/71 1387/2674/71
f 1387/2674/71 1388/2676/71 1382/2664/71
f 1384/2668/70 1398/2695/70 1396/2692/70
f 1387/2674/71 1382/2664/71 1384/2668/71
f 1396/2692/71 1402/2703/71 1387/2674/71
f 1394/2688/94 1393/2686/94 1392/2684/94
f 1396/2691/72 1407/2714/72 1406/2712/72
f 1395/2689/72 1399/2698/72 1402/2704/72
f 1396/2692/71 1398/2695/71 1404/2707/71
f 1404/2707/71 1408/2716/71 1407/2713/71
f 1402/2704/95 1399/2698/95 1400/2700/95
f 1397/2694/73 1395/2690/73 1406/2711/73
f 1406/2711/73 1405/2709/73 1403/2705/73
f 1404/2708/70 1403/2706/70 1405/2710/70
f 1403/2706/74 1404/2708/74 1398/2696/74
f 1405/2710/96 1406/2712/96 1407/2714/96
f 166/238/241 162/230/241 164/232/241
f 163/231/242 161/228/242 165/235/242
f 34/34/328 33/33/328 32/32/328
f 32/32/329 31/31/329 30/30/329
f 30/30/330 29/29/330 28/28/330
f 28/28/331 27/27/331 52/52/331
f 52/52/332 51/51/332 50/50/332
f 50/50/333 49/49/333 48/48/333
f 48/48/334 47/47/334 46/46/334
f 46/46/335 45/45/335 44/44/335
f 44/44/336 43/43/336 42/42/336
f 42/42/337 41/41/337 40/40/337
f 40/40/338 39/39/338 38/38/338
f 38/38/339 37/37/339 36/36/339
f 36/36/340 35/35/340 34/34/340
f 34/34/341 32/32/341 30/30/341
f 30/30/342 28/28/342 52/52/342
f 52/52/343 50/50/343 48/48/343
f 48/48/344 46/46/344 44/44/344
f 44/44/345 42/42/345 40/40/345
f 40/40/346 38/38/346 36/36/346
f 36/36/344 34/34/344 30/30/344
f 30/30/347 52/52/347 48/48/347
f 48/48/348 44/44/348 40/40/348
f 40/40/349 36/36/349 30/30/349
