# Blender 3.3.1
# www.blender.org
mtllib end_hook.mtl
o Hook.Hitch.7f221b
v 0.006482 0.083614 -0.053296
v 0.006482 0.083614 -0.053296
v 0.006482 0.083614 -0.053296
v 0.022775 0.082009 -0.053343
v 0.022775 0.082009 -0.053343
v 0.022775 0.082009 -0.053343
v 0.038442 0.077256 -0.053388
v 0.038442 0.077256 -0.053388
v 0.038442 0.077256 -0.053388
v 0.038442 0.077256 -0.053388
v 0.038442 -0.077070 -0.053388
v 0.038442 -0.077070 -0.053388
v 0.038442 -0.077070 -0.053388
v 0.022775 -0.081822 -0.053343
v 0.022775 -0.081822 -0.053343
v 0.022775 -0.081822 -0.053343
v 0.006482 -0.083427 -0.053296
v 0.006482 -0.083427 -0.053296
v 0.006482 -0.083427 -0.053296
v -0.009811 -0.081822 -0.053249
v -0.009811 -0.081822 -0.053249
v -0.009811 -0.081822 -0.053249
v -0.025479 -0.077069 -0.053204
v -0.025479 -0.077069 -0.053204
v -0.025479 -0.077069 -0.053204
v -0.039917 -0.069351 -0.053163
v -0.039917 -0.069351 -0.053163
v -0.039917 -0.069351 -0.053163
v -0.052573 -0.058965 -0.053127
v -0.052573 -0.058965 -0.053127
v -0.052573 -0.058965 -0.053127
v -0.062960 -0.046308 -0.053097
v -0.062960 -0.046308 -0.053097
v -0.062960 -0.046308 -0.053097
v -0.070677 -0.031868 -0.053075
v -0.070677 -0.031868 -0.053075
v -0.070677 -0.031868 -0.053075
v -0.075430 -0.016201 -0.053061
v -0.075430 -0.016201 -0.053061
v -0.075430 -0.016201 -0.053061
v -0.077035 0.000093 -0.053056
v -0.077035 0.000093 -0.053056
v -0.077035 0.000093 -0.053056
v -0.075430 0.016387 -0.053061
v -0.075430 0.016387 -0.053061
v -0.075430 0.016387 -0.053061
v -0.070677 0.032055 -0.053075
v -0.070677 0.032055 -0.053075
v -0.070677 0.032055 -0.053075
v -0.062960 0.046495 -0.053097
v -0.062960 0.046495 -0.053097
v -0.062960 0.046495 -0.053097
v -0.052573 0.059151 -0.053127
v -0.052573 0.059151 -0.053127
v -0.052573 0.059151 -0.053127
v -0.039917 0.069538 -0.053163
v -0.039917 0.069538 -0.053163
v -0.039917 0.069538 -0.053163
v -0.025478 0.077256 -0.053204
v -0.025478 0.077256 -0.053204
v -0.025478 0.077256 -0.053204
v -0.009811 0.082009 -0.053249
v -0.009811 0.082009 -0.053249
v -0.009811 0.082009 -0.053249
v 0.006482 0.064565 -0.053296
v 0.006482 0.064565 -0.053296
v 0.006482 0.064565 -0.053296
v 0.019059 0.063326 -0.053332
v 0.019059 0.063326 -0.053332
v 0.019059 0.063326 -0.053332
v 0.031153 0.059658 -0.053367
v 0.031153 0.059658 -0.053367
v 0.031153 0.059658 -0.053367
v 0.042299 0.053700 -0.053399
v 0.042299 0.053700 -0.053399
v 0.042299 0.053700 -0.053399
v 0.042299 0.053700 -0.053399
v 0.042299 -0.053513 -0.053399
v 0.042299 -0.053513 -0.053399
v 0.042299 -0.053513 -0.053399
v 0.031153 -0.059471 -0.053367
v 0.031153 -0.059471 -0.053367
v 0.031153 -0.059471 -0.053367
v 0.019059 -0.063139 -0.053332
v 0.019059 -0.063139 -0.053332
v 0.019059 -0.063139 -0.053332
v 0.006482 -0.064378 -0.053296
v 0.006482 -0.064378 -0.053296
v 0.006482 -0.064378 -0.053296
v -0.006095 -0.063139 -0.053260
v -0.006095 -0.063139 -0.053260
v -0.006095 -0.063139 -0.053260
v -0.018189 -0.059471 -0.053225
v -0.018189 -0.059471 -0.053225
v -0.018189 -0.059471 -0.053225
v -0.029335 -0.053513 -0.053193
v -0.029335 -0.053513 -0.053193
v -0.029335 -0.053513 -0.053193
v -0.039104 -0.045495 -0.053165
v -0.039104 -0.045495 -0.053165
v -0.039104 -0.045495 -0.053165
v -0.047122 -0.035725 -0.053142
v -0.047122 -0.035725 -0.053142
v -0.047122 -0.035725 -0.053142
v -0.053079 -0.024579 -0.053125
v -0.053079 -0.024579 -0.053125
v -0.053079 -0.024579 -0.053125
v -0.056748 -0.012484 -0.053115
v -0.056748 -0.012484 -0.053115
v -0.056748 -0.012484 -0.053115
v -0.057987 0.000093 -0.053111
v -0.057987 0.000093 -0.053111
v -0.057987 0.000093 -0.053111
v -0.056748 0.012671 -0.053115
v -0.056748 0.012671 -0.053115
v -0.056748 0.012671 -0.053115
v -0.053079 0.024766 -0.053125
v -0.053079 0.024766 -0.053125
v -0.053079 0.024766 -0.053125
v -0.047122 0.035912 -0.053142
v -0.047122 0.035912 -0.053142
v -0.047122 0.035912 -0.053142
v -0.039104 0.045682 -0.053165
v -0.039104 0.045682 -0.053165
v -0.039104 0.045682 -0.053165
v -0.029335 0.053700 -0.053193
v -0.029335 0.053700 -0.053193
v -0.029335 0.053700 -0.053193
v -0.018189 0.059658 -0.053225
v -0.018189 0.059658 -0.053225
v -0.018189 0.059658 -0.053225
v -0.006095 0.063326 -0.053260
v -0.006095 0.063326 -0.053260
v -0.006095 0.063326 -0.053260
v 0.038753 0.077090 -0.053389
v 0.052881 0.069538 -0.053429
v 0.052881 0.069538 -0.053429
v 0.052881 0.069538 -0.053429
v 0.052881 0.069538 -0.053429
v 0.073207 0.061708 -0.053462
v 0.073207 0.061708 -0.053462
v 0.073207 0.061708 -0.053462
v 0.073207 0.061708 -0.053462
v 0.073207 0.061708 -0.053462
v 0.073207 0.061708 -0.053462
v 0.092115 0.060130 -0.053487
v 0.092115 0.060130 -0.053487
v 0.092115 0.060130 -0.053487
v 0.092115 0.060130 -0.053487
v 0.092115 0.060130 -0.053487
v 0.088754 0.038021 -0.053515
v 0.088754 0.038021 -0.053515
v 0.088754 0.038021 -0.053515
v 0.088754 0.038021 -0.053515
v 0.088754 0.038021 -0.053515
v 0.089246 0.018944 -0.053531
v 0.089246 0.018944 -0.053531
v 0.089246 0.018944 -0.053531
v 0.089246 0.018944 -0.053531
v 0.090851 0.003502 -0.053535
v 0.090851 0.003502 -0.053535
v 0.090851 0.003502 -0.053535
v 0.090851 0.003502 -0.053535
v 0.090851 0.003502 -0.053535
v 0.094359 -0.014496 -0.053528
v 0.094359 -0.014496 -0.053528
v 0.094359 -0.014496 -0.053528
v 0.094359 -0.014496 -0.053528
v 0.095673 -0.029543 -0.053900
v 0.095673 -0.029543 -0.053900
v 0.095673 -0.029543 -0.053900
v 0.095673 -0.029543 -0.053900
v 0.095673 -0.029543 -0.053900
v 0.082741 -0.042047 -0.053492
v 0.082741 -0.042047 -0.053492
v 0.082741 -0.042047 -0.053492
v 0.082741 -0.042047 -0.053492
v 0.082741 -0.042047 -0.053492
v 0.065537 -0.058965 -0.053465
v 0.065537 -0.058965 -0.053465
v 0.065537 -0.058965 -0.053465
v 0.065537 -0.058965 -0.053465
v 0.052881 -0.069351 -0.053429
v 0.052881 -0.069351 -0.053429
v 0.052881 -0.069351 -0.053429
v 0.317941 0.201596 -0.053373
v 0.317941 0.201596 -0.053373
v 0.317941 0.201596 -0.053373
v 0.317941 0.201596 -0.053373
v 0.314581 0.179487 -0.053401
v 0.314581 0.179487 -0.053401
v 0.314581 0.179487 -0.053401
v 0.314581 0.179487 -0.053401
v 0.315072 0.160410 -0.053416
v 0.315072 0.160410 -0.053416
v 0.315072 0.160410 -0.053416
v 0.315072 0.160410 -0.053416
v 0.315072 0.160410 -0.053416
v 0.316677 0.144968 -0.053421
v 0.316677 0.144968 -0.053421
v 0.316677 0.144968 -0.053421
v 0.316677 0.144968 -0.053421
v 0.316677 0.144968 -0.053421
v 0.320185 0.126970 -0.053414
v 0.320185 0.126970 -0.053414
v 0.320185 0.126970 -0.053414
v 0.320185 0.126970 -0.053414
v 0.052068 0.045682 -0.053427
v 0.052068 0.045682 -0.053427
v 0.052068 0.045682 -0.053427
v 0.052068 0.045682 -0.053427
v 0.052068 0.045682 -0.053427
v 0.060086 0.035912 -0.053450
v 0.060086 0.035912 -0.053450
v 0.060086 0.035912 -0.053450
v 0.060086 0.035912 -0.053450
v 0.060086 0.035912 -0.053450
v 0.066043 0.024766 -0.053467
v 0.066043 0.024766 -0.053467
v 0.066043 0.024766 -0.053467
v 0.066043 0.024766 -0.053467
v 0.066043 0.024766 -0.053467
v 0.069712 0.012671 -0.053478
v 0.069712 0.012671 -0.053478
v 0.069712 0.012671 -0.053478
v 0.069712 0.012671 -0.053478
v 0.069712 0.012671 -0.053478
v 0.070951 0.000093 -0.053481
v 0.070951 0.000093 -0.053481
v 0.070951 0.000093 -0.053481
v 0.070951 0.000093 -0.053481
v 0.069712 -0.012484 -0.053478
v 0.069712 -0.012484 -0.053478
v 0.069712 -0.012484 -0.053478
v 0.069712 -0.012484 -0.053478
v 0.069712 -0.012484 -0.053478
v 0.066043 -0.024579 -0.053467
v 0.066043 -0.024579 -0.053467
v 0.066043 -0.024579 -0.053467
v 0.066043 -0.024579 -0.053467
v 0.060086 -0.035725 -0.053450
v 0.060086 -0.035725 -0.053450
v 0.060086 -0.035725 -0.053450
v 0.060086 -0.035725 -0.053450
v 0.052068 -0.045495 -0.053427
v 0.052068 -0.045495 -0.053427
v 0.052068 -0.045495 -0.053427
v 0.052068 -0.045495 -0.053427
v 0.322250 0.112154 -0.053397
v 0.322250 0.112154 -0.053397
v 0.322250 0.112154 -0.053397
v 0.322250 0.112154 -0.053397
v 0.322250 0.112154 -0.053397
v 0.322250 0.112154 -0.053397
v 0.239589 0.093406 -0.053439
v 0.239589 0.093406 -0.053439
v 0.239589 0.093406 -0.053439
v 0.239589 0.093406 -0.053439
v 0.239589 0.093406 -0.053439
v 0.237524 0.108221 -0.053456
v 0.237524 0.108221 -0.053456
v 0.237524 0.108221 -0.053456
v 0.237524 0.108221 -0.053456
v 0.237524 0.108221 -0.053456
v 0.234016 0.126220 -0.053463
v 0.234016 0.126220 -0.053463
v 0.234016 0.126220 -0.053463
v 0.234016 0.126220 -0.053463
v 0.232411 0.141662 -0.053458
v 0.232411 0.141662 -0.053458
v 0.232411 0.141662 -0.053458
v 0.232411 0.141662 -0.053458
v 0.231920 0.160738 -0.053442
v 0.231920 0.160738 -0.053442
v 0.231920 0.160738 -0.053442
v 0.231920 0.160738 -0.053442
v 0.235280 0.182848 -0.053415
v 0.235280 0.182848 -0.053415
v 0.235280 0.182848 -0.053415
v 0.235280 0.182848 -0.053415
v 0.175628 0.138533 -0.053445
v 0.175628 0.138533 -0.053445
v 0.175628 0.138533 -0.053445
v 0.175628 0.138533 -0.053445
v 0.172267 0.116424 -0.053473
v 0.172267 0.116424 -0.053473
v 0.172267 0.116424 -0.053473
v 0.172267 0.116424 -0.053473
v 0.172759 0.097347 -0.053488
v 0.172759 0.097347 -0.053488
v 0.172759 0.097347 -0.053488
v 0.174364 0.081905 -0.053493
v 0.174364 0.081905 -0.053493
v 0.174364 0.081905 -0.053493
v 0.177872 0.063907 -0.053486
v 0.177872 0.063907 -0.053486
v 0.177872 0.063907 -0.053486
v 0.177872 0.063907 -0.053486
v 0.177872 0.063907 -0.053486
v 0.179937 0.049091 -0.053469
v 0.179937 0.049091 -0.053469
v 0.179937 0.049091 -0.053469
v 0.179937 0.049091 -0.053469
v 0.127954 -0.004598 -0.053495
v 0.127954 -0.004598 -0.053495
v 0.127954 -0.004598 -0.053495
v 0.127954 -0.004598 -0.053495
v 0.125890 0.010218 -0.053512
v 0.125890 0.010218 -0.053512
v 0.125890 0.010218 -0.053512
v 0.125890 0.010218 -0.053512
v 0.122381 0.028216 -0.053519
v 0.122381 0.028216 -0.053519
v 0.122381 0.028216 -0.053519
v 0.122381 0.028216 -0.053519
v 0.120776 0.043658 -0.053515
v 0.120776 0.043658 -0.053515
v 0.120776 0.043658 -0.053515
v 0.120285 0.062735 -0.053499
v 0.120285 0.062735 -0.053499
v 0.120285 0.062735 -0.053499
v 0.120285 0.062735 -0.053499
v 0.123645 0.084844 -0.053471
v 0.123645 0.084844 -0.053471
v 0.123645 0.084844 -0.053471
v 0.123645 0.084844 -0.053471
v 0.323958 0.092614 -0.053198
v 0.323958 0.092614 -0.053198
v 0.323958 0.092614 -0.053198
v 0.323958 0.092614 -0.053198
v 0.352932 0.070457 -0.053184
v 0.352932 0.070457 -0.053184
v 0.352932 0.070457 -0.053184
v 0.352932 0.070457 -0.053184
v 0.437025 0.157586 -0.053141
v 0.437025 0.157586 -0.053141
v 0.437025 0.157586 -0.053141
v 0.437025 0.157586 -0.053141
v 0.400654 0.118180 -0.053159
v 0.400654 0.118180 -0.053159
v 0.400654 0.118180 -0.053159
v 0.400654 0.118180 -0.053159
v 0.424515 0.142894 -0.053147
v 0.424515 0.142894 -0.053147
v 0.424515 0.142894 -0.053147
v 0.424515 0.142894 -0.053147
v 0.379350 0.095171 -0.053170
v 0.379350 0.095171 -0.053170
v 0.379350 0.095171 -0.053170
v 0.379350 0.095171 -0.053170
v 0.387871 0.011654 -0.053166
v 0.387871 0.011654 -0.053166
v 0.387871 0.011654 -0.053166
v 0.503256 0.014688 -0.053107
v 0.503256 0.014688 -0.053107
v 0.503256 0.014688 -0.053107
v 0.453489 0.012507 -0.053133
v 0.422810 0.013359 -0.053148
v 0.488428 0.012507 -0.053115
v 0.369123 -0.076123 -0.053175
v 0.369123 -0.076123 -0.053175
v 0.369123 -0.076123 -0.053175
v 0.428707 -0.149821 -0.053145
v 0.428707 -0.149821 -0.053145
v 0.428707 -0.149821 -0.053145
v 0.404063 -0.118733 -0.053158
v 0.386167 -0.094871 -0.053167
v 0.418549 -0.139186 -0.053150
v 0.293280 -0.131516 -0.053214
v 0.293280 -0.131516 -0.053214
v 0.293280 -0.131516 -0.053214
v 0.295087 -0.217146 -0.053213
v 0.295087 -0.217146 -0.053213
v 0.295087 -0.217146 -0.053213
v 0.294984 -0.175831 -0.053213
v 0.294132 -0.153673 -0.053213
v 0.294984 -0.199692 -0.053213
v 0.158636 -0.197988 -0.053282
v 0.158636 -0.197988 -0.053282
v 0.158636 -0.197988 -0.053282
v 0.158636 -0.197988 -0.053282
v 0.173123 -0.209919 -0.053275
v 0.173123 -0.209919 -0.053275
v 0.173123 -0.209919 -0.053275
v 0.173123 -0.174126 -0.053275
v 0.173123 -0.174126 -0.053275
v 0.173123 -0.174126 -0.053275
v 0.173123 -0.192023 -0.053275
v 0.226810 -0.217589 -0.053247
v 0.226810 -0.217589 -0.053247
v 0.226810 -0.217589 -0.053247
v 0.233628 -0.141742 -0.053244
v 0.233628 -0.141742 -0.053244
v 0.233628 -0.141742 -0.053244
v 0.229367 -0.176683 -0.053246
v 0.231071 -0.158787 -0.053245
v 0.229367 -0.197136 -0.053246
v 0.331628 -0.107654 -0.053194
v 0.331628 -0.107654 -0.053194
v 0.331628 -0.107654 -0.053194
v 0.369226 -0.196318 -0.053175
v 0.369226 -0.196318 -0.053175
v 0.369226 -0.196318 -0.053175
v 0.352932 -0.164752 -0.053184
v 0.340150 -0.134925 -0.053190
v 0.360602 -0.186909 -0.053180
v 0.387871 -0.035217 -0.053166
v 0.387871 -0.035217 -0.053166
v 0.387871 -0.035217 -0.053166
v 0.486860 -0.079736 -0.053116
v 0.486860 -0.079736 -0.053116
v 0.486860 -0.079736 -0.053116
v 0.449228 -0.063340 -0.053135
v 0.419402 -0.046296 -0.053150
v 0.473941 -0.074418 -0.053122
v 0.372532 0.041482 -0.053174
v 0.372532 0.041482 -0.053174
v 0.372532 0.041482 -0.053174
v 0.482224 0.090364 -0.053118
v 0.482224 0.090364 -0.053118
v 0.482224 0.090364 -0.053118
v 0.434741 0.064491 -0.053142
v 0.403210 0.055117 -0.053158
v 0.467976 0.078979 -0.053125
v 0.293692 -0.142235 -0.053214
v 0.388385 0.048528 -0.053166
v 0.232412 -0.149848 -0.053245
v 0.402251 0.012356 -0.053159
v 0.365232 0.081963 -0.053177
v 0.365232 0.081963 -0.053177
v 0.365232 0.081963 -0.053177
v 0.400561 -0.039676 -0.053160
v 0.376739 -0.084500 -0.053172
v 0.335881 -0.121265 -0.053192
v 0.418108 0.059546 -0.053151
v 0.435027 0.013019 -0.053142
v 0.230223 -0.167695 -0.053246
v 0.346805 -0.150456 -0.053187
v 0.294479 -0.162690 -0.053213
v 0.388822 0.105401 -0.053165
v 0.388822 0.105401 -0.053165
v 0.388822 0.105401 -0.053165
v 0.431837 -0.053402 -0.053144
v 0.395728 -0.107620 -0.053162
v 0.006428 0.083614 0.052667
v 0.006428 0.083614 0.052667
v 0.006428 0.083614 0.052667
v 0.022722 0.082009 0.052620
v 0.022722 0.082009 0.052620
v 0.022722 0.082009 0.052620
v 0.038389 0.077256 0.052575
v 0.038389 0.077256 0.052575
v 0.038389 0.077256 0.052575
v 0.038389 0.077256 0.052575
v 0.038389 -0.077070 0.052575
v 0.038389 -0.077070 0.052575
v 0.038389 -0.077070 0.052575
v 0.022722 -0.081822 0.052620
v 0.022722 -0.081822 0.052620
v 0.022722 -0.081822 0.052620
v 0.006428 -0.083427 0.052667
v 0.006428 -0.083427 0.052667
v 0.006428 -0.083427 0.052667
v -0.009865 -0.081822 0.052713
v -0.009865 -0.081822 0.052713
v -0.009865 -0.081822 0.052713
v -0.025532 -0.077070 0.052758
v -0.025532 -0.077070 0.052758
v -0.025532 -0.077070 0.052758
v -0.039971 -0.069351 0.052800
v -0.039971 -0.069351 0.052800
v -0.039971 -0.069351 0.052800
v -0.052627 -0.058965 0.052836
v -0.052627 -0.058965 0.052836
v -0.052627 -0.058965 0.052836
v -0.063013 -0.046308 0.052866
v -0.063013 -0.046308 0.052866
v -0.063013 -0.046308 0.052866
v -0.070731 -0.031868 0.052888
v -0.070731 -0.031868 0.052888
v -0.070731 -0.031868 0.052888
v -0.075484 -0.016201 0.052902
v -0.075484 -0.016201 0.052902
v -0.075484 -0.016201 0.052902
v -0.077088 0.000093 0.052906
v -0.077088 0.000093 0.052906
v -0.077088 0.000093 0.052906
v -0.075484 0.016387 0.052902
v -0.075484 0.016387 0.052902
v -0.075484 0.016387 0.052902
v -0.070731 0.032055 0.052888
v -0.070731 0.032055 0.052888
v -0.070731 0.032055 0.052888
v -0.063013 0.046495 0.052866
v -0.063013 0.046495 0.052866
v -0.063013 0.046495 0.052866
v -0.052627 0.059151 0.052836
v -0.052627 0.059151 0.052836
v -0.052627 0.059151 0.052836
v -0.039971 0.069538 0.052800
v -0.039971 0.069538 0.052800
v -0.039971 0.069538 0.052800
v -0.025532 0.077256 0.052758
v -0.025532 0.077256 0.052758
v -0.025532 0.077256 0.052758
v -0.009865 0.082009 0.052713
v -0.009865 0.082009 0.052713
v -0.009865 0.082009 0.052713
v 0.006428 0.064565 0.052667
v 0.006428 0.064565 0.052667
v 0.006428 0.064565 0.052667
v 0.019006 0.063326 0.052631
v 0.019006 0.063326 0.052631
v 0.019006 0.063326 0.052631
v 0.031099 0.059658 0.052596
v 0.031099 0.059658 0.052596
v 0.031099 0.059658 0.052596
v 0.042245 0.053700 0.052564
v 0.042245 0.053700 0.052564
v 0.042245 0.053700 0.052564
v 0.042245 0.053700 0.052564
v 0.042245 -0.053513 0.052564
v 0.042245 -0.053513 0.052564
v 0.042245 -0.053513 0.052564
v 0.031099 -0.059471 0.052596
v 0.031099 -0.059471 0.052596
v 0.031099 -0.059471 0.052596
v 0.019006 -0.063139 0.052631
v 0.019006 -0.063139 0.052631
v 0.019006 -0.063139 0.052631
v 0.006428 -0.064378 0.052667
v 0.006428 -0.064378 0.052667
v 0.006428 -0.064378 0.052667
v -0.006149 -0.063139 0.052703
v -0.006149 -0.063139 0.052703
v -0.006149 -0.063139 0.052703
v -0.018243 -0.059471 0.052737
v -0.018243 -0.059471 0.052737
v -0.018243 -0.059471 0.052737
v -0.029389 -0.053513 0.052769
v -0.029389 -0.053513 0.052769
v -0.029389 -0.053513 0.052769
v -0.039158 -0.045495 0.052797
v -0.039158 -0.045495 0.052797
v -0.039158 -0.045495 0.052797
v -0.047175 -0.035725 0.052820
v -0.047175 -0.035725 0.052820
v -0.047175 -0.035725 0.052820
v -0.053133 -0.024579 0.052838
v -0.053133 -0.024579 0.052838
v -0.053133 -0.024579 0.052838
v -0.056802 -0.012484 0.052848
v -0.056802 -0.012484 0.052848
v -0.056802 -0.012484 0.052848
v -0.058040 0.000093 0.052852
v -0.058040 0.000093 0.052852
v -0.058040 0.000093 0.052852
v -0.056802 0.012671 0.052848
v -0.056802 0.012671 0.052848
v -0.056802 0.012671 0.052848
v -0.053133 0.024766 0.052838
v -0.053133 0.024766 0.052838
v -0.053133 0.024766 0.052838
v -0.047175 0.035912 0.052820
v -0.047175 0.035912 0.052820
v -0.047175 0.035912 0.052820
v -0.039158 0.045682 0.052797
v -0.039158 0.045682 0.052797
v -0.039158 0.045682 0.052797
v -0.029389 0.053700 0.052769
v -0.029389 0.053700 0.052769
v -0.029389 0.053700 0.052769
v -0.018243 0.059658 0.052737
v -0.018243 0.059658 0.052737
v -0.018243 0.059658 0.052737
v -0.006149 0.063326 0.052703
v -0.006149 0.063326 0.052703
v -0.006149 0.063326 0.052703
v 0.038699 0.077090 0.052574
v 0.052828 0.069538 0.052533
v 0.052828 0.069538 0.052533
v 0.052828 0.069538 0.052533
v 0.052828 0.069538 0.052533
v 0.073153 0.061708 0.052501
v 0.073153 0.061708 0.052501
v 0.073153 0.061708 0.052501
v 0.073153 0.061708 0.052501
v 0.073153 0.061708 0.052501
v 0.073153 0.061708 0.052501
v 0.092061 0.060130 0.052475
v 0.092061 0.060130 0.052475
v 0.092061 0.060130 0.052475
v 0.092061 0.060130 0.052475
v 0.092061 0.060130 0.052475
v 0.088701 0.038021 0.052448
v 0.088701 0.038021 0.052448
v 0.088701 0.038021 0.052448
v 0.088701 0.038021 0.052448
v 0.088701 0.038021 0.052448
v 0.089192 0.018944 0.052432
v 0.089192 0.018944 0.052432
v 0.089192 0.018944 0.052432
v 0.089192 0.018944 0.052432
v 0.090797 0.003502 0.052427
v 0.090797 0.003502 0.052427
v 0.090797 0.003502 0.052427
v 0.090797 0.003502 0.052427
v 0.090797 0.003502 0.052427
v 0.094306 -0.014496 0.052435
v 0.094306 -0.014496 0.052435
v 0.094306 -0.014496 0.052435
v 0.094306 -0.014496 0.052435
v 0.094306 -0.014496 0.052435
v 0.096370 -0.029312 0.052452
v 0.096370 -0.029312 0.052452
v 0.096370 -0.029312 0.052452
v 0.096370 -0.029312 0.052452
v 0.096370 -0.029312 0.052452
v 0.082687 -0.042047 0.052471
v 0.082687 -0.042047 0.052471
v 0.082687 -0.042047 0.052471
v 0.082687 -0.042047 0.052471
v 0.082687 -0.042047 0.052471
v 0.082687 -0.042047 0.052471
v 0.065484 -0.058965 0.052497
v 0.065484 -0.058965 0.052497
v 0.065484 -0.058965 0.052497
v 0.065484 -0.058965 0.052497
v 0.052828 -0.069351 0.052533
v 0.052828 -0.069351 0.052533
v 0.052828 -0.069351 0.052533
v 0.317887 0.201596 0.052590
v 0.317887 0.201596 0.052590
v 0.317887 0.201596 0.052590
v 0.317887 0.201596 0.052590
v 0.314527 0.179487 0.052562
v 0.314527 0.179487 0.052562
v 0.314527 0.179487 0.052562
v 0.314527 0.179487 0.052562
v 0.315019 0.160410 0.052546
v 0.315019 0.160410 0.052546
v 0.315019 0.160410 0.052546
v 0.315019 0.160410 0.052546
v 0.315019 0.160410 0.052546
v 0.316623 0.144968 0.052542
v 0.316623 0.144968 0.052542
v 0.316623 0.144968 0.052542
v 0.316623 0.144968 0.052542
v 0.316623 0.144968 0.052542
v 0.320132 0.126970 0.052549
v 0.320132 0.126970 0.052549
v 0.320132 0.126970 0.052549
v 0.320132 0.126970 0.052549
v 0.052015 0.045682 0.052536
v 0.052015 0.045682 0.052536
v 0.052015 0.045682 0.052536
v 0.052015 0.045682 0.052536
v 0.052015 0.045682 0.052536
v 0.060032 0.035912 0.052513
v 0.060032 0.035912 0.052513
v 0.060032 0.035912 0.052513
v 0.060032 0.035912 0.052513
v 0.060032 0.035912 0.052513
v 0.060032 0.035912 0.052513
v 0.065990 0.024766 0.052496
v 0.065990 0.024766 0.052496
v 0.065990 0.024766 0.052496
v 0.065990 0.024766 0.052496
v 0.065990 0.024766 0.052496
v 0.069658 0.012671 0.052485
v 0.069658 0.012671 0.052485
v 0.069658 0.012671 0.052485
v 0.069658 0.012671 0.052485
v 0.070897 0.000093 0.052482
v 0.070897 0.000093 0.052482
v 0.070897 0.000093 0.052482
v 0.070897 0.000093 0.052482
v 0.070897 0.000093 0.052482
v 0.069658 -0.012484 0.052485
v 0.069658 -0.012484 0.052485
v 0.069658 -0.012484 0.052485
v 0.069658 -0.012484 0.052485
v 0.065990 -0.024579 0.052496
v 0.065990 -0.024579 0.052496
v 0.065990 -0.024579 0.052496
v 0.065990 -0.024579 0.052496
v 0.065990 -0.024579 0.052496
v 0.060032 -0.035725 0.052513
v 0.060032 -0.035725 0.052513
v 0.060032 -0.035725 0.052513
v 0.060032 -0.035725 0.052513
v 0.052015 -0.045495 0.052536
v 0.052015 -0.045495 0.052536
v 0.052015 -0.045495 0.052536
v 0.052015 -0.045495 0.052536
v 0.322196 0.112154 0.052566
v 0.322196 0.112154 0.052566
v 0.322196 0.112154 0.052566
v 0.322196 0.112154 0.052566
v 0.322196 0.112154 0.052566
v 0.239536 0.093406 0.052524
v 0.239536 0.093406 0.052524
v 0.239536 0.093406 0.052524
v 0.239536 0.093406 0.052524
v 0.239536 0.093406 0.052524
v 0.237471 0.108221 0.052507
v 0.237471 0.108221 0.052507
v 0.237471 0.108221 0.052507
v 0.237471 0.108221 0.052507
v 0.233962 0.126220 0.052500
v 0.233962 0.126220 0.052500
v 0.233962 0.126220 0.052500
v 0.233962 0.126220 0.052500
v 0.233962 0.126220 0.052500
v 0.232358 0.141662 0.052504
v 0.232358 0.141662 0.052504
v 0.232358 0.141662 0.052504
v 0.232358 0.141662 0.052504
v 0.231866 0.160738 0.052520
v 0.231866 0.160738 0.052520
v 0.231866 0.160738 0.052520
v 0.231866 0.160738 0.052520
v 0.235226 0.182848 0.052548
v 0.235226 0.182848 0.052548
v 0.235226 0.182848 0.052548
v 0.235226 0.182848 0.052548
v 0.175574 0.138533 0.052518
v 0.175574 0.138533 0.052518
v 0.175574 0.138533 0.052518
v 0.175574 0.138533 0.052518
v 0.172214 0.116424 0.052490
v 0.172214 0.116424 0.052490
v 0.172214 0.116424 0.052490
v 0.172214 0.116424 0.052490
v 0.172705 0.097347 0.052474
v 0.172705 0.097347 0.052474
v 0.172705 0.097347 0.052474
v 0.172705 0.097347 0.052474
v 0.174310 0.081905 0.052470
v 0.174310 0.081905 0.052470
v 0.174310 0.081905 0.052470
v 0.177819 0.063907 0.052477
v 0.177819 0.063907 0.052477
v 0.177819 0.063907 0.052477
v 0.177819 0.063907 0.052477
v 0.177819 0.063907 0.052477
v 0.179883 0.049091 0.052494
v 0.179883 0.049091 0.052494
v 0.179883 0.049091 0.052494
v 0.179883 0.049091 0.052494
v 0.127901 -0.004598 0.052468
v 0.127901 -0.004598 0.052468
v 0.127901 -0.004598 0.052468
v 0.127901 -0.004598 0.052468
v 0.125836 0.010218 0.052450
v 0.125836 0.010218 0.052450
v 0.125836 0.010218 0.052450
v 0.125836 0.010218 0.052450
v 0.122328 0.028216 0.052443
v 0.122328 0.028216 0.052443
v 0.122328 0.028216 0.052443
v 0.122328 0.028216 0.052443
v 0.120723 0.043658 0.052448
v 0.120723 0.043658 0.052448
v 0.120723 0.043658 0.052448
v 0.120231 0.062735 0.052464
v 0.120231 0.062735 0.052464
v 0.120231 0.062735 0.052464
v 0.120231 0.062735 0.052464
v 0.123592 0.084844 0.052492
v 0.123592 0.084844 0.052492
v 0.123592 0.084844 0.052492
v 0.123592 0.084844 0.052492
v 0.323905 0.092614 0.052764
v 0.323905 0.092614 0.052764
v 0.323905 0.092614 0.052764
v 0.323905 0.092614 0.052764
v 0.352879 0.070457 0.052779
v 0.352879 0.070457 0.052779
v 0.352879 0.070457 0.052779
v 0.352879 0.070457 0.052779
v 0.436971 0.157586 0.052822
v 0.436971 0.157586 0.052822
v 0.436971 0.157586 0.052822
v 0.436971 0.157586 0.052822
v 0.400600 0.118180 0.052803
v 0.400600 0.118180 0.052803
v 0.400600 0.118180 0.052803
v 0.400600 0.118180 0.052803
v 0.424461 0.142894 0.052815
v 0.424461 0.142894 0.052815
v 0.424461 0.142894 0.052815
v 0.424461 0.142894 0.052815
v 0.379296 0.095171 0.052792
v 0.379296 0.095171 0.052792
v 0.379296 0.095171 0.052792
v 0.379296 0.095171 0.052792
v 0.387818 0.011654 0.052797
v 0.387818 0.011654 0.052797
v 0.387818 0.011654 0.052797
v 0.503202 0.014688 0.052855
v 0.503202 0.014688 0.052855
v 0.503202 0.014688 0.052855
v 0.453435 0.012507 0.052830
v 0.422757 0.013359 0.052814
v 0.488374 0.012507 0.052848
v 0.369070 -0.076123 0.052787
v 0.369070 -0.076123 0.052787
v 0.369070 -0.076123 0.052787
v 0.428654 -0.149821 0.052817
v 0.428654 -0.149821 0.052817
v 0.428654 -0.149821 0.052817
v 0.404009 -0.118733 0.052805
v 0.386113 -0.094871 0.052796
v 0.418496 -0.139186 0.052812
v 0.293226 -0.131516 0.052749
v 0.293226 -0.131516 0.052749
v 0.293226 -0.131516 0.052749
v 0.295033 -0.217146 0.052750
v 0.295033 -0.217146 0.052750
v 0.295033 -0.217146 0.052750
v 0.294931 -0.175831 0.052750
v 0.294079 -0.153673 0.052749
v 0.294931 -0.199692 0.052750
v 0.158583 -0.197988 0.052681
v 0.158583 -0.197988 0.052681
v 0.158583 -0.197988 0.052681
v 0.173070 -0.209919 0.052688
v 0.173070 -0.209919 0.052688
v 0.173070 -0.209919 0.052688
v 0.173070 -0.174126 0.052688
v 0.173070 -0.174126 0.052688
v 0.173070 -0.174126 0.052688
v 0.173070 -0.192023 0.052688
v 0.226757 -0.217589 0.052715
v 0.226757 -0.217589 0.052715
v 0.226757 -0.217589 0.052715
v 0.233574 -0.141742 0.052719
v 0.233574 -0.141742 0.052719
v 0.233574 -0.141742 0.052719
v 0.229313 -0.176683 0.052717
v 0.231018 -0.158787 0.052717
v 0.229313 -0.197136 0.052717
v 0.331574 -0.107654 0.052768
v 0.331574 -0.107654 0.052768
v 0.331574 -0.107654 0.052768
v 0.369172 -0.196318 0.052787
v 0.369172 -0.196318 0.052787
v 0.369172 -0.196318 0.052787
v 0.352878 -0.164752 0.052779
v 0.340096 -0.134925 0.052773
v 0.360548 -0.186909 0.052783
v 0.387818 -0.035217 0.052797
v 0.387818 -0.035217 0.052797
v 0.387818 -0.035217 0.052797
v 0.486806 -0.079736 0.052847
v 0.486806 -0.079736 0.052847
v 0.486806 -0.079736 0.052847
v 0.486806 -0.079736 0.052847
v 0.449174 -0.063340 0.052828
v 0.419348 -0.046296 0.052813
v 0.473887 -0.074418 0.052840
v 0.372478 0.041482 0.052789
v 0.372478 0.041482 0.052789
v 0.372478 0.041482 0.052789
v 0.482170 0.090364 0.052845
v 0.482170 0.090364 0.052845
v 0.482170 0.090364 0.052845
v 0.434687 0.064491 0.052821
v 0.403157 0.055117 0.052805
v 0.467922 0.078979 0.052837
v 0.293639 -0.142235 0.052749
v 0.388332 0.048528 0.052797
v 0.232358 -0.149848 0.052718
v 0.402198 0.012356 0.052804
v 0.365178 0.081963 0.052785
v 0.365178 0.081963 0.052785
v 0.365178 0.081963 0.052785
v 0.400508 -0.039676 0.052803
v 0.376685 -0.084500 0.052791
v 0.335827 -0.121265 0.052770
v 0.418054 0.059546 0.052812
v 0.434974 0.013019 0.052821
v 0.230169 -0.167695 0.052717
v 0.346752 -0.150456 0.052776
v 0.294425 -0.162690 0.052749
v 0.388768 0.105401 0.052797
v 0.388768 0.105401 0.052797
v 0.388768 0.105401 0.052797
v 0.431783 -0.053402 0.052819
v 0.395675 -0.107620 0.052801
v 0.164843 -0.190061 -0.000300
v 0.164843 -0.190061 -0.000300
v 0.164843 -0.190061 -0.000300
v 0.164843 -0.190061 -0.000300
v 0.159644 -0.216289 -0.000303
v 0.159644 -0.216289 -0.000303
v 0.159644 -0.216289 -0.000303
v 0.159644 -0.216289 -0.000303
v 0.242072 -0.154466 -0.000261
v 0.242072 -0.154466 -0.000261
v 0.242072 -0.154466 -0.000261
v 0.242072 -0.154466 -0.000261
v 0.307639 -0.143225 -0.000228
v 0.307639 -0.143225 -0.000228
v 0.307639 -0.143225 -0.000228
v 0.307639 -0.143225 -0.000228
v 0.349789 -0.116997 -0.000207
v 0.349789 -0.116997 -0.000207
v 0.349789 -0.116997 -0.000207
v 0.349789 -0.116997 -0.000207
v 0.391003 -0.082339 -0.000186
v 0.391003 -0.082339 -0.000186
v 0.391003 -0.082339 -0.000186
v 0.391003 -0.082339 -0.000186
v 0.411610 -0.037377 -0.000175
v 0.411610 -0.037377 -0.000175
v 0.411610 -0.037377 -0.000175
v 0.411610 -0.037377 -0.000175
v 0.411610 0.014142 -0.000175
v 0.411610 0.014142 -0.000175
v 0.411610 0.014142 -0.000175
v 0.411610 0.014142 -0.000175
v 0.394750 0.046927 -0.000184
v 0.394750 0.046927 -0.000184
v 0.394750 0.046927 -0.000184
v 0.394750 0.046927 -0.000184
v 0.373206 0.078775 -0.000195
v 0.373206 0.078775 -0.000195
v 0.373206 0.078775 -0.000195
v 0.373206 0.078775 -0.000195
v 0.341359 0.103129 -0.000211
v 0.341359 0.103129 -0.000211
v 0.341359 0.103129 -0.000211
v 0.341359 0.103129 -0.000211
v 0.248624 0.104000 -0.000475
v 0.248624 0.104000 -0.000475
v 0.248624 0.104000 -0.000475
v 0.248624 0.104000 -0.000475
v 0.183057 0.055291 -0.000508
v 0.183057 0.055291 -0.000508
v 0.183057 0.055291 -0.000508
v 0.183057 0.055291 -0.000508
v 0.125920 -0.003722 -0.000537
v 0.125920 -0.003722 -0.000537
v 0.125920 -0.003722 -0.000537
v 0.125920 -0.003722 -0.000537
v 0.091263 -0.030887 -0.000555
v 0.091263 -0.030887 -0.000555
v 0.091263 -0.030887 -0.000555
v 0.091263 -0.030887 -0.000555
v 0.076223 -0.044885 -0.000534
v 0.076223 -0.044885 -0.000534
v 0.076223 -0.044885 -0.000534
v 0.076223 -0.044885 -0.000534
v 0.057313 -0.063480 -0.000505
v 0.057313 -0.063480 -0.000505
v 0.057313 -0.063480 -0.000505
v 0.057313 -0.063480 -0.000505
v 0.043403 -0.074896 -0.000465
v 0.043403 -0.074896 -0.000465
v 0.043403 -0.074896 -0.000465
v 0.043403 -0.074896 -0.000465
v 0.027532 -0.083380 -0.000419
v 0.027532 -0.083380 -0.000419
v 0.027532 -0.083380 -0.000419
v 0.027532 -0.083380 -0.000419
v 0.010311 -0.088604 -0.000370
v 0.010311 -0.088604 -0.000370
v 0.010311 -0.088604 -0.000370
v 0.010311 -0.088604 -0.000370
v -0.007598 -0.089381 -0.000318
v -0.007598 -0.089381 -0.000318
v -0.007598 -0.089381 -0.000318
v -0.007598 -0.089381 -0.000318
v -0.025507 -0.086138 -0.000267
v -0.025507 -0.086138 -0.000267
v -0.025507 -0.086138 -0.000267
v -0.025507 -0.086138 -0.000267
v -0.025507 -0.086138 -0.000267
v -0.042234 -0.080914 -0.000217
v -0.042234 -0.080914 -0.000217
v -0.042234 -0.080914 -0.000217
v -0.042234 -0.080914 -0.000217
v -0.042234 -0.080914 -0.000217
v -0.042234 -0.080914 -0.000217
v -0.055146 -0.073417 -0.000170
v -0.055146 -0.073417 -0.000170
v -0.055146 -0.073417 -0.000170
v -0.055146 -0.073417 -0.000170
v -0.055146 -0.073417 -0.000170
v -0.068564 -0.062000 -0.000130
v -0.068564 -0.062000 -0.000130
v -0.068564 -0.062000 -0.000130
v -0.068564 -0.062000 -0.000130
v -0.068564 -0.062000 -0.000130
v -0.078007 -0.049568 -0.000096
v -0.078007 -0.049568 -0.000096
v -0.078007 -0.049568 -0.000096
v -0.078007 -0.049568 -0.000096
v -0.086490 -0.033697 -0.000072
v -0.086490 -0.033697 -0.000072
v -0.086490 -0.033697 -0.000072
v -0.086490 -0.033697 -0.000072
v -0.090235 -0.017462 -0.000056
v -0.090235 -0.017462 -0.000056
v -0.090235 -0.017462 -0.000056
v -0.090235 -0.017462 -0.000056
v -0.091999 0.000448 -0.000051
v -0.091999 0.000448 -0.000051
v -0.091999 0.000448 -0.000051
v -0.091999 0.000448 -0.000051
v -0.090235 0.018358 -0.000056
v -0.090235 0.018358 -0.000056
v -0.090235 0.018358 -0.000056
v -0.090235 0.018358 -0.000056
v -0.090235 0.018358 -0.000056
v -0.085011 0.034593 -0.000071
v -0.085011 0.034593 -0.000071
v -0.085011 0.034593 -0.000071
v -0.085011 0.034593 -0.000071
v -0.085011 0.034593 -0.000071
v -0.077514 0.050958 -0.000096
v -0.077514 0.050958 -0.000096
v -0.077514 0.050958 -0.000096
v -0.077514 0.050958 -0.000096
v -0.077514 0.050958 -0.000096
v -0.066098 0.064376 -0.000129
v -0.066098 0.064376 -0.000129
v -0.066098 0.064376 -0.000129
v -0.066098 0.064376 -0.000129
v -0.066098 0.064376 -0.000129
v -0.053667 0.075793 -0.000169
v -0.053667 0.075793 -0.000169
v -0.053667 0.075793 -0.000169
v -0.053667 0.075793 -0.000169
v -0.039769 0.084276 -0.000216
v -0.039769 0.084276 -0.000216
v -0.039769 0.084276 -0.000216
v -0.039769 0.084276 -0.000216
v -0.025507 0.091473 -0.000267
v -0.025507 0.091473 -0.000267
v -0.025507 0.091473 -0.000267
v -0.025507 0.091473 -0.000267
v -0.007598 0.093237 -0.000318
v -0.007598 0.093237 -0.000318
v -0.007598 0.093237 -0.000318
v -0.007598 0.093237 -0.000318
v 0.010311 0.091473 -0.000370
v 0.010311 0.091473 -0.000370
v 0.010311 0.091473 -0.000370
v 0.010311 0.091473 -0.000370
v 0.010311 0.091473 -0.000370
v 0.010311 0.091473 -0.000370
v 0.027532 0.086249 -0.000419
v 0.027532 0.086249 -0.000419
v 0.027532 0.086249 -0.000419
v 0.027532 0.086249 -0.000419
v 0.043403 0.077766 -0.000465
v 0.043403 0.077766 -0.000465
v 0.043403 0.077766 -0.000465
v 0.043403 0.077766 -0.000465
v 0.065743 0.069159 -0.000500
v 0.065743 0.069159 -0.000500
v 0.065743 0.069159 -0.000500
v 0.065743 0.069159 -0.000500
v 0.086526 0.067425 -0.000528
v 0.086526 0.067425 -0.000528
v 0.086526 0.067425 -0.000528
v 0.086526 0.067425 -0.000528
v 0.121183 0.094589 -0.000511
v 0.121183 0.094589 -0.000511
v 0.121183 0.094589 -0.000511
v 0.121183 0.094589 -0.000511
v 0.178321 0.153602 -0.000482
v 0.178321 0.153602 -0.000482
v 0.178321 0.153602 -0.000482
v 0.178321 0.153602 -0.000482
v 0.243888 0.202311 -0.000449
v 0.243888 0.202311 -0.000449
v 0.243888 0.202311 -0.000449
v 0.243888 0.202311 -0.000449
v 0.334745 0.222918 -0.000403
v 0.334745 0.222918 -0.000403
v 0.334745 0.222918 -0.000403
v 0.334745 0.222918 -0.000403
v 0.466002 0.175031 -0.000148
v 0.466002 0.175031 -0.000148
v 0.466002 0.175031 -0.000148
v 0.466002 0.175031 -0.000148
v 0.516779 0.101387 -0.000122
v 0.516779 0.101387 -0.000122
v 0.516779 0.101387 -0.000122
v 0.516779 0.101387 -0.000122
v 0.540261 0.017598 -0.000110
v 0.540261 0.017598 -0.000110
v 0.540261 0.017598 -0.000110
v 0.540261 0.017598 -0.000110
v 0.521753 -0.086797 -0.000120
v 0.521753 -0.086797 -0.000120
v 0.521753 -0.086797 -0.000120
v 0.521753 -0.086797 -0.000120
v 0.521753 -0.086797 -0.000120
v 0.457347 -0.164319 -0.000152
v 0.457347 -0.164319 -0.000152
v 0.457347 -0.164319 -0.000152
v 0.457347 -0.164319 -0.000152
v 0.457347 -0.164319 -0.000152
v 0.391359 -0.215548 -0.000186
v 0.391359 -0.215548 -0.000186
v 0.391359 -0.215548 -0.000186
v 0.391359 -0.215548 -0.000186
v 0.309868 -0.238319 -0.000227
v 0.309868 -0.238319 -0.000227
v 0.309868 -0.238319 -0.000227
v 0.309868 -0.238319 -0.000227
v 0.309868 -0.238319 -0.000227
v 0.234578 -0.237833 -0.000265
v 0.234578 -0.237833 -0.000265
v 0.234578 -0.237833 -0.000265
v 0.234578 -0.237833 -0.000265
v 0.175568 -0.229402 -0.000295
v 0.175568 -0.229402 -0.000295
v 0.175568 -0.229402 -0.000295
v 0.175568 -0.229402 -0.000295
v 0.169306 -0.184586 -0.026781
v 0.169306 -0.184586 -0.026781
v 0.169306 -0.184586 -0.026781
v 0.169306 -0.184586 -0.026781
v 0.159318 -0.210002 -0.026786
v 0.159318 -0.210002 -0.026786
v 0.159318 -0.210002 -0.026786
v 0.159318 -0.210002 -0.026786
v 0.239192 -0.150094 -0.026745
v 0.239192 -0.150094 -0.026745
v 0.239192 -0.150094 -0.026745
v 0.239192 -0.150094 -0.026745
v 0.302729 -0.139201 -0.026713
v 0.302729 -0.139201 -0.026713
v 0.302729 -0.139201 -0.026713
v 0.302729 -0.139201 -0.026713
v 0.343574 -0.113786 -0.026693
v 0.343574 -0.113786 -0.026693
v 0.343574 -0.113786 -0.026693
v 0.343574 -0.113786 -0.026693
v 0.383511 -0.080201 -0.026672
v 0.383511 -0.080201 -0.026672
v 0.383511 -0.080201 -0.026672
v 0.383511 -0.080201 -0.026672
v 0.403480 -0.036631 -0.026662
v 0.403480 -0.036631 -0.026662
v 0.403480 -0.036631 -0.026662
v 0.403480 -0.036631 -0.026662
v 0.403480 0.013292 -0.026662
v 0.403480 0.013292 -0.026662
v 0.403480 0.013292 -0.026662
v 0.403480 0.013292 -0.026662
v 0.387142 0.045062 -0.026670
v 0.387142 0.045062 -0.026670
v 0.387142 0.045062 -0.026670
v 0.387142 0.045062 -0.026670
v 0.366265 0.075923 -0.026681
v 0.366265 0.075923 -0.026681
v 0.366265 0.075923 -0.026681
v 0.366265 0.075923 -0.026681
v 0.335405 0.099524 -0.026697
v 0.335405 0.099524 -0.026697
v 0.335405 0.099524 -0.026697
v 0.335405 0.099524 -0.026697
v 0.245542 0.100367 -0.026952
v 0.245542 0.100367 -0.026952
v 0.245542 0.100367 -0.026952
v 0.245542 0.100367 -0.026952
v 0.182005 0.053167 -0.026985
v 0.182005 0.053167 -0.026985
v 0.182005 0.053167 -0.026985
v 0.182005 0.053167 -0.026985
v 0.126638 -0.004019 -0.027013
v 0.126638 -0.004019 -0.027013
v 0.126638 -0.004019 -0.027013
v 0.126638 -0.004019 -0.027013
v 0.093054 -0.030342 -0.027030
v 0.093054 -0.030342 -0.027030
v 0.093054 -0.030342 -0.027030
v 0.093054 -0.030342 -0.027030
v 0.078480 -0.043906 -0.027009
v 0.078480 -0.043906 -0.027009
v 0.078480 -0.043906 -0.027009
v 0.078480 -0.043906 -0.027009
v 0.060156 -0.061925 -0.026981
v 0.060156 -0.061925 -0.026981
v 0.060156 -0.061925 -0.026981
v 0.060156 -0.061925 -0.026981
v 0.046676 -0.072989 -0.026943
v 0.046676 -0.072989 -0.026943
v 0.046676 -0.072989 -0.026943
v 0.046676 -0.072989 -0.026943
v 0.031297 -0.081209 -0.026898
v 0.031297 -0.081209 -0.026898
v 0.031297 -0.081209 -0.026898
v 0.031297 -0.081209 -0.026898
v 0.014609 -0.086272 -0.026851
v 0.014609 -0.086272 -0.026851
v 0.014609 -0.086272 -0.026851
v 0.014609 -0.086272 -0.026851
v -0.002745 -0.086994 -0.026801
v -0.002745 -0.086994 -0.026801
v -0.002745 -0.086994 -0.026801
v -0.002745 -0.086994 -0.026801
v -0.020099 -0.083806 -0.026751
v -0.020099 -0.083806 -0.026751
v -0.020099 -0.083806 -0.026751
v -0.020099 -0.083806 -0.026751
v -0.020099 -0.083806 -0.026751
v -0.036293 -0.078743 -0.026703
v -0.036293 -0.078743 -0.026703
v -0.036293 -0.078743 -0.026703
v -0.036293 -0.078743 -0.026703
v -0.048714 -0.071509 -0.026657
v -0.048714 -0.071509 -0.026657
v -0.048714 -0.071509 -0.026657
v -0.048714 -0.071509 -0.026657
v -0.061700 -0.060446 -0.026618
v -0.061700 -0.060446 -0.026618
v -0.061700 -0.060446 -0.026618
v -0.061700 -0.060446 -0.026618
v -0.070790 -0.048445 -0.026585
v -0.070790 -0.048445 -0.026585
v -0.070790 -0.048445 -0.026585
v -0.070790 -0.048445 -0.026585
v -0.079011 -0.033065 -0.026562
v -0.079011 -0.033065 -0.026562
v -0.079011 -0.033065 -0.026562
v -0.079011 -0.033065 -0.026562
v -0.082593 -0.017363 -0.026547
v -0.082593 -0.017363 -0.026547
v -0.082593 -0.017363 -0.026547
v -0.082593 -0.017363 -0.026547
v -0.084303 -0.000008 -0.026542
v -0.084303 -0.000008 -0.026542
v -0.084303 -0.000008 -0.026542
v -0.084303 -0.000008 -0.026542
v -0.082593 0.017347 -0.026547
v -0.082593 0.017347 -0.026547
v -0.082593 0.017347 -0.026547
v -0.082593 0.017347 -0.026547
v -0.082593 0.017347 -0.026547
v -0.077531 0.033049 -0.026561
v -0.077531 0.033049 -0.026561
v -0.077531 0.033049 -0.026561
v -0.077531 0.033049 -0.026561
v -0.070297 0.048922 -0.026585
v -0.070297 0.048922 -0.026585
v -0.070297 0.048922 -0.026585
v -0.070297 0.048922 -0.026585
v -0.070297 0.048922 -0.026585
v -0.059235 0.061909 -0.026617
v -0.059235 0.061909 -0.026617
v -0.059235 0.061909 -0.026617
v -0.059235 0.061909 -0.026617
v -0.047234 0.072973 -0.026656
v -0.047234 0.072973 -0.026656
v -0.047234 0.072973 -0.026656
v -0.047234 0.072973 -0.026656
v -0.033827 0.081193 -0.026701
v -0.033827 0.081193 -0.026701
v -0.033827 0.081193 -0.026701
v -0.033827 0.081193 -0.026701
v -0.020099 0.088228 -0.026751
v -0.020099 0.088228 -0.026751
v -0.020099 0.088228 -0.026751
v -0.020099 0.088228 -0.026751
v -0.002745 0.089938 -0.026801
v -0.002745 0.089938 -0.026801
v -0.002745 0.089938 -0.026801
v -0.002745 0.089938 -0.026801
v -0.002745 0.089938 -0.026801
v 0.014609 0.088228 -0.026851
v 0.014609 0.088228 -0.026851
v 0.014609 0.088228 -0.026851
v 0.014609 0.088228 -0.026851
v 0.031297 0.083166 -0.026898
v 0.031297 0.083166 -0.026898
v 0.031297 0.083166 -0.026898
v 0.031297 0.083166 -0.026898
v 0.046676 0.074945 -0.026943
v 0.046676 0.074945 -0.026943
v 0.046676 0.074945 -0.026943
v 0.046676 0.074945 -0.026943
v 0.068325 0.066605 -0.026977
v 0.068325 0.066605 -0.026977
v 0.068325 0.066605 -0.026977
v 0.068325 0.066605 -0.026977
v 0.088464 0.064925 -0.027004
v 0.088464 0.064925 -0.027004
v 0.088464 0.064925 -0.027004
v 0.088464 0.064925 -0.027004
v 0.122048 0.091248 -0.026987
v 0.122048 0.091248 -0.026987
v 0.122048 0.091248 -0.026987
v 0.122048 0.091248 -0.026987
v 0.177416 0.148433 -0.026959
v 0.177416 0.148433 -0.026959
v 0.177416 0.148433 -0.026959
v 0.177416 0.148433 -0.026959
v 0.240952 0.195633 -0.026927
v 0.240952 0.195633 -0.026927
v 0.240952 0.195633 -0.026927
v 0.240952 0.195633 -0.026927
v 0.328996 0.215603 -0.026883
v 0.328996 0.215603 -0.026883
v 0.328996 0.215603 -0.026883
v 0.328996 0.215603 -0.026883
v 0.456074 0.169046 -0.026635
v 0.456074 0.169046 -0.026635
v 0.456074 0.169046 -0.026635
v 0.456074 0.169046 -0.026635
v 0.504935 0.097607 -0.026611
v 0.504935 0.097607 -0.026611
v 0.504935 0.097607 -0.026611
v 0.504935 0.097607 -0.026611
v 0.527576 0.016603 -0.026599
v 0.527576 0.016603 -0.026599
v 0.527576 0.016603 -0.026599
v 0.527576 0.016603 -0.026599
v 0.509793 -0.084369 -0.026608
v 0.509793 -0.084369 -0.026608
v 0.509793 -0.084369 -0.026608
v 0.509793 -0.084369 -0.026608
v 0.447534 -0.159338 -0.026640
v 0.447534 -0.159338 -0.026640
v 0.447534 -0.159338 -0.026640
v 0.447534 -0.159338 -0.026640
v 0.447534 -0.159338 -0.026640
v 0.383780 -0.208942 -0.026672
v 0.383780 -0.208942 -0.026672
v 0.383780 -0.208942 -0.026672
v 0.383780 -0.208942 -0.026672
v 0.304813 -0.231046 -0.026712
v 0.304813 -0.231046 -0.026712
v 0.304813 -0.231046 -0.026712
v 0.304813 -0.231046 -0.026712
v 0.231931 -0.230879 -0.026749
v 0.231931 -0.230879 -0.026749
v 0.231931 -0.230879 -0.026749
v 0.231931 -0.230879 -0.026749
v 0.174748 -0.222709 -0.026778
v 0.174748 -0.222709 -0.026778
v 0.174748 -0.222709 -0.026778
v 0.174748 -0.222709 -0.026778
v 0.174748 -0.222709 -0.026778
v 0.169441 -0.186010 0.026193
v 0.169441 -0.186010 0.026193
v 0.169441 -0.186010 0.026193
v 0.169441 -0.186010 0.026193
v 0.159370 -0.211637 0.026188
v 0.159370 -0.211637 0.026188
v 0.159370 -0.211637 0.026188
v 0.159370 -0.211637 0.026188
v 0.239907 -0.151232 0.026229
v 0.239907 -0.151232 0.026229
v 0.239907 -0.151232 0.026229
v 0.239907 -0.151232 0.026229
v 0.303971 -0.140249 0.026261
v 0.303971 -0.140249 0.026261
v 0.303971 -0.140249 0.026261
v 0.303971 -0.140249 0.026261
v 0.345155 -0.114623 0.026282
v 0.345155 -0.114623 0.026282
v 0.345155 -0.114623 0.026282
v 0.345155 -0.114623 0.026282
v 0.385424 -0.080759 0.026303
v 0.385424 -0.080759 0.026303
v 0.385424 -0.080759 0.026303
v 0.385424 -0.080759 0.026303
v 0.405558 -0.036828 0.026313
v 0.405558 -0.036828 0.026313
v 0.405558 -0.036828 0.026313
v 0.405558 -0.036828 0.026313
v 0.405558 0.013510 0.026313
v 0.405558 0.013510 0.026313
v 0.405558 0.013510 0.026313
v 0.405558 0.013510 0.026313
v 0.389085 0.045543 0.026305
v 0.389085 0.045543 0.026305
v 0.389085 0.045543 0.026305
v 0.389085 0.045543 0.026305
v 0.368035 0.076661 0.026294
v 0.368035 0.076661 0.026294
v 0.368035 0.076661 0.026294
v 0.368035 0.076661 0.026294
v 0.336918 0.100457 0.026278
v 0.336918 0.100457 0.026278
v 0.336918 0.100457 0.026278
v 0.336918 0.100457 0.026278
v 0.246310 0.101307 0.026020
v 0.246310 0.101307 0.026020
v 0.246310 0.101307 0.026020
v 0.246310 0.101307 0.026020
v 0.182246 0.053715 0.025988
v 0.182246 0.053715 0.025988
v 0.182246 0.053715 0.025988
v 0.182246 0.053715 0.025988
v 0.126419 -0.003945 0.025959
v 0.126419 -0.003945 0.025959
v 0.126419 -0.003945 0.025959
v 0.126419 -0.003945 0.025959
v 0.092557 -0.030486 0.025942
v 0.092557 -0.030486 0.025942
v 0.092557 -0.030486 0.025942
v 0.092557 -0.030486 0.025942
v 0.077862 -0.044163 0.025963
v 0.077862 -0.044163 0.025963
v 0.077862 -0.044163 0.025963
v 0.077862 -0.044163 0.025963
v 0.059386 -0.062332 0.025991
v 0.059386 -0.062332 0.025991
v 0.059386 -0.062332 0.025991
v 0.059386 -0.062332 0.025991
v 0.045794 -0.073487 0.026030
v 0.045794 -0.073487 0.026030
v 0.045794 -0.073487 0.026030
v 0.045794 -0.073487 0.026030
v 0.030287 -0.081776 0.026075
v 0.030287 -0.081776 0.026075
v 0.030287 -0.081776 0.026075
v 0.030287 -0.081776 0.026075
v 0.013461 -0.086880 0.026123
v 0.013461 -0.086880 0.026123
v 0.013461 -0.086880 0.026123
v 0.013461 -0.086880 0.026123
v -0.004037 -0.087617 0.026173
v -0.004037 -0.087617 0.026173
v -0.004037 -0.087617 0.026173
v -0.004037 -0.087617 0.026173
v -0.021535 -0.084414 0.026223
v -0.021535 -0.084414 0.026223
v -0.021535 -0.084414 0.026223
v -0.021535 -0.084414 0.026223
v -0.037868 -0.079310 0.026272
v -0.037868 -0.079310 0.026272
v -0.037868 -0.079310 0.026272
v -0.037868 -0.079310 0.026272
v -0.037868 -0.079310 0.026272
v -0.050416 -0.072007 0.026318
v -0.050416 -0.072007 0.026318
v -0.050416 -0.072007 0.026318
v -0.050416 -0.072007 0.026318
v -0.050416 -0.072007 0.026318
v -0.063514 -0.060852 0.026357
v -0.063514 -0.060852 0.026357
v -0.063514 -0.060852 0.026357
v -0.063514 -0.060852 0.026357
v -0.063514 -0.060852 0.026357
v -0.072696 -0.048739 0.026390
v -0.072696 -0.048739 0.026390
v -0.072696 -0.048739 0.026390
v -0.072696 -0.048739 0.026390
v -0.072696 -0.048739 0.026390
v -0.080985 -0.033232 0.026414
v -0.080985 -0.033232 0.026414
v -0.080985 -0.033232 0.026414
v -0.080985 -0.033232 0.026414
v -0.084609 -0.017392 0.026429
v -0.084609 -0.017392 0.026429
v -0.084609 -0.017392 0.026429
v -0.084609 -0.017392 0.026429
v -0.086333 0.000107 0.026434
v -0.086333 0.000107 0.026434
v -0.086333 0.000107 0.026434
v -0.086333 0.000107 0.026434
v -0.084609 0.017606 0.026429
v -0.084609 0.017606 0.026429
v -0.084609 0.017606 0.026429
v -0.084609 0.017606 0.026429
v -0.079505 0.033447 0.026415
v -0.079505 0.033447 0.026415
v -0.079505 0.033447 0.026415
v -0.079505 0.033447 0.026415
v -0.079505 0.033447 0.026415
v -0.072203 0.049447 0.026390
v -0.072203 0.049447 0.026390
v -0.072203 0.049447 0.026390
v -0.072203 0.049447 0.026390
v -0.061049 0.062547 0.026358
v -0.061049 0.062547 0.026358
v -0.061049 0.062547 0.026358
v -0.061049 0.062547 0.026358
v -0.061049 0.062547 0.026358
v -0.048936 0.073702 0.026319
v -0.048936 0.073702 0.026319
v -0.048936 0.073702 0.026319
v -0.048936 0.073702 0.026319
v -0.035402 0.081991 0.026273
v -0.035402 0.081991 0.026273
v -0.035402 0.081991 0.026273
v -0.035402 0.081991 0.026273
v -0.021535 0.089067 0.026223
v -0.021535 0.089067 0.026223
v -0.021535 0.089067 0.026223
v -0.021535 0.089067 0.026223
v -0.004037 0.090791 0.026173
v -0.004037 0.090791 0.026173
v -0.004037 0.090791 0.026173
v -0.004037 0.090791 0.026173
v 0.013461 0.089067 0.026123
v 0.013461 0.089067 0.026123
v 0.013461 0.089067 0.026123
v 0.013461 0.089067 0.026123
v 0.030287 0.083963 0.026075
v 0.030287 0.083963 0.026075
v 0.030287 0.083963 0.026075
v 0.030287 0.083963 0.026075
v 0.030287 0.083963 0.026075
v 0.045794 0.075674 0.026030
v 0.045794 0.075674 0.026030
v 0.045794 0.075674 0.026030
v 0.045794 0.075674 0.026030
v 0.067622 0.067265 0.025995
v 0.067622 0.067265 0.025995
v 0.067622 0.067265 0.025995
v 0.067622 0.067265 0.025995
v 0.087929 0.065571 0.025968
v 0.087929 0.065571 0.025968
v 0.087929 0.065571 0.025968
v 0.087929 0.065571 0.025968
v 0.121791 0.092112 0.025985
v 0.121791 0.092112 0.025985
v 0.121791 0.092112 0.025985
v 0.121791 0.092112 0.025985
v 0.177618 0.149772 0.026013
v 0.177618 0.149772 0.026013
v 0.177618 0.149772 0.026013
v 0.177618 0.149772 0.026013
v 0.241682 0.197364 0.026046
v 0.241682 0.197364 0.026046
v 0.241682 0.197364 0.026046
v 0.241682 0.197364 0.026046
v 0.330456 0.217499 0.026091
v 0.330456 0.217499 0.026091
v 0.330456 0.217499 0.026091
v 0.330456 0.217499 0.026091
v 0.458619 0.170597 0.026340
v 0.458619 0.170597 0.026340
v 0.458619 0.170597 0.026340
v 0.458619 0.170597 0.026340
v 0.507978 0.098585 0.026365
v 0.507978 0.098585 0.026365
v 0.507978 0.098585 0.026365
v 0.507978 0.098585 0.026365
v 0.530837 0.016859 0.026376
v 0.530837 0.016859 0.026376
v 0.530837 0.016859 0.026376
v 0.530837 0.016859 0.026376
v 0.512866 -0.085003 0.026367
v 0.512866 -0.085003 0.026367
v 0.512866 -0.085003 0.026367
v 0.512866 -0.085003 0.026367
v 0.512866 -0.085003 0.026367
v 0.450050 -0.160634 0.026335
v 0.450050 -0.160634 0.026335
v 0.450050 -0.160634 0.026335
v 0.450050 -0.160634 0.026335
v 0.450050 -0.160634 0.026335
v 0.385715 -0.210660 0.026303
v 0.385715 -0.210660 0.026303
v 0.385715 -0.210660 0.026303
v 0.385715 -0.210660 0.026303
v 0.385715 -0.210660 0.026303
v 0.306093 -0.232937 0.026263
v 0.306093 -0.232937 0.026263
v 0.306093 -0.232937 0.026263
v 0.306093 -0.232937 0.026263
v 0.232586 -0.232687 0.026225
v 0.232586 -0.232687 0.026225
v 0.232586 -0.232687 0.026225
v 0.232586 -0.232687 0.026225
v 0.174928 -0.224450 0.026196
v 0.174928 -0.224450 0.026196
v 0.174928 -0.224450 0.026196
v 0.174928 -0.224450 0.026196
v 0.074517 0.046865 0.052496
v 0.074517 0.046865 0.052496
v 0.074517 0.046865 0.052496
v 0.074517 0.046865 0.052496
v 0.078693 0.001429 0.052460
v 0.078693 0.001429 0.052460
v 0.078693 0.001429 0.052460
v 0.077431 0.015167 0.052464
v 0.077431 0.015167 0.052464
v 0.077431 0.015167 0.052464
v 0.077431 0.015167 0.052464
v 0.077431 0.015167 0.052464
v 0.081301 -0.026964 0.052473
v 0.081301 -0.026964 0.052473
v 0.081301 -0.026964 0.052473
v 0.081301 -0.026964 0.052473
v 0.081301 -0.026964 0.052473
v 0.076011 0.030614 0.052475
v 0.076011 0.030614 0.052475
v 0.076011 0.030614 0.052475
v 0.076011 0.030614 0.052475
v 0.076011 0.030614 0.052475
v 0.080049 -0.013333 0.052464
v 0.080049 -0.013333 0.052464
v 0.080049 -0.013333 0.052464
v 0.080049 -0.013333 0.052464
v 0.080049 -0.013333 0.052464
v 0.080049 -0.013333 0.052464
v 0.081358 -0.027145 -0.053691
v 0.081358 -0.027145 -0.053691
v 0.081358 -0.027145 -0.053691
v 0.081358 -0.027145 -0.053691
v 0.076063 0.030613 -0.053488
v 0.076063 0.030613 -0.053488
v 0.076063 0.030613 -0.053488
v 0.076063 0.030613 -0.053488
v 0.076063 0.030613 -0.053488
v 0.080101 -0.013332 -0.053499
v 0.080101 -0.013332 -0.053499
v 0.080101 -0.013332 -0.053499
v 0.080101 -0.013332 -0.053499
v 0.080101 -0.013332 -0.053499
v 0.074571 0.046865 -0.053467
v 0.074571 0.046865 -0.053467
v 0.074571 0.046865 -0.053467
v 0.074571 0.046865 -0.053467
v 0.074571 0.046865 -0.053467
v 0.078744 0.001428 -0.053502
v 0.078744 0.001428 -0.053502
v 0.078744 0.001428 -0.053502
v 0.078744 0.001428 -0.053502
v 0.077482 0.015166 -0.053499
v 0.077482 0.015166 -0.053499
v 0.077482 0.015166 -0.053499
v 0.077482 0.015166 -0.053499
vn -0.0029 -0.0000 -1.0000
vn -0.0021 0.0002 -1.0000
vn -0.0022 0.0001 -1.0000
vn -0.0021 -0.0000 -1.0000
vn -0.0022 0.0003 -1.0000
vn -0.0171 -0.0149 -0.9997
vn -0.0059 0.0189 -0.9998
vn -0.0060 0.0190 -0.9998
vn -0.0024 -0.0006 -1.0000
vn -0.0026 -0.0005 -1.0000
vn -0.0027 -0.0000 -1.0000
vn -0.0030 0.0008 -1.0000
vn -0.0024 0.0005 -1.0000
vn -0.0025 0.0014 -1.0000
vn -0.0024 0.0014 -1.0000
vn -0.0025 0.0015 -1.0000
vn -0.0016 0.0004 -1.0000
vn -0.0021 0.0006 -1.0000
vn -0.0016 -0.0000 -1.0000
vn 0.0007 -0.0003 -1.0000
vn -0.0001 0.0008 -1.0000
vn -0.0025 0.0116 -0.9999
vn 0.0003 0.0003 -1.0000
vn -0.0005 0.0013 -1.0000
vn -0.0003 0.0008 -1.0000
vn 0.0008 -0.0003 -1.0000
vn 0.0008 -0.0002 -1.0000
vn -0.0009 0.0014 -1.0000
vn 0.0002 0.0003 -1.0000
vn 0.0015 -0.0009 -1.0000
vn 0.0012 -0.0010 -1.0000
vn 0.0004 0.0003 -1.0000
vn 0.0007 -0.0010 -1.0000
vn 0.0007 -0.0011 -1.0000
vn 0.0003 0.0008 -1.0000
vn 0.0006 -0.0003 -1.0000
vn 0.0002 0.0012 -1.0000
vn 0.0028 -0.0099 -0.9999
vn -0.0010 -0.0058 -1.0000
vn 0.0005 -0.0000 -1.0000
vn 0.0034 -0.0008 -1.0000
vn 0.0034 -0.0010 -1.0000
vn 0.0038 -0.0006 -1.0000
vn 0.0033 0.0006 -1.0000
vn 0.0026 0.0009 -1.0000
vn 0.0022 0.0003 -1.0000
vn 0.0021 0.0002 -1.0000
vn 0.0021 -0.0000 -1.0000
vn 0.0031 -0.0028 -1.0000
vn 0.0022 -0.0016 -1.0000
vn 0.0025 -0.0019 -1.0000
vn -0.0025 -0.0000 -1.0000
vn -0.0026 -0.0000 -1.0000
vn 0.0029 -0.0000 1.0000
vn 0.0021 -0.0002 1.0000
vn 0.0022 -0.0002 1.0000
vn 0.0021 -0.0001 1.0000
vn 0.0022 -0.0001 1.0000
vn 0.0014 -0.0000 1.0000
vn 0.0018 0.0013 1.0000
vn 0.0019 0.0012 1.0000
vn 0.0026 0.0005 1.0000
vn 0.0026 0.0006 1.0000
vn 0.0027 -0.0000 1.0000
vn 0.0024 -0.0005 1.0000
vn 0.0030 -0.0008 1.0000
vn 0.0024 -0.0014 1.0000
vn 0.0025 -0.0013 1.0000
vn 0.0025 -0.0014 1.0000
vn 0.0027 -0.0015 1.0000
vn 0.0021 -0.0006 1.0000
vn 0.0018 -0.0006 1.0000
vn 0.0016 -0.0000 1.0000
vn -0.0007 0.0003 1.0000
vn 0.0001 -0.0008 1.0000
vn -0.0013 0.0010 1.0000
vn -0.0003 -0.0003 1.0000
vn 0.0005 -0.0013 1.0000
vn 0.0003 -0.0008 1.0000
vn -0.0008 0.0002 1.0000
vn 0.0009 -0.0014 1.0000
vn -0.0002 -0.0003 1.0000
vn -0.0015 0.0009 1.0000
vn -0.0012 0.0010 1.0000
vn -0.0004 -0.0003 1.0000
vn -0.0007 0.0010 1.0000
vn -0.0003 -0.0008 1.0000
vn -0.0006 0.0003 1.0000
vn -0.0002 -0.0012 1.0000
vn -0.0028 0.0099 0.9999
vn 0.0010 0.0058 1.0000
vn -0.0005 -0.0000 1.0000
vn -0.0034 0.0008 1.0000
vn -0.0038 0.0006 1.0000
vn -0.0033 -0.0006 1.0000
vn -0.0026 -0.0009 1.0000
vn -0.0021 -0.0003 1.0000
vn -0.0021 -0.0000 1.0000
vn -0.0021 -0.0001 1.0000
vn -0.0031 0.0028 1.0000
vn -0.0022 0.0016 1.0000
vn -0.0025 0.0019 1.0000
vn 0.0026 -0.0000 1.0000
vn 0.0023 -0.0000 1.0000
vn -0.8837 0.4385 -0.1639
vn -0.8836 0.4385 -0.1640
vn -0.4261 0.8312 -0.3571
vn -0.1571 0.9172 -0.3661
vn -0.4735 0.7613 -0.4431
vn -0.5682 0.6760 -0.4692
vn -0.7676 0.3519 -0.5356
vn -0.8308 -0.0000 -0.5565
vn -0.7531 -0.3875 -0.5316
vn -0.7085 -0.4795 -0.5178
vn -0.5358 -0.7009 -0.4708
vn -0.0082 -0.9577 -0.2876
vn 0.5941 -0.7997 -0.0865
vn 0.7173 -0.6944 -0.0572
vn 0.6160 -0.7859 -0.0538
vn 0.6798 -0.7305 -0.0654
vn 0.6993 -0.7113 -0.0705
vn 0.6336 -0.7722 -0.0477
vn 0.4714 -0.8818 0.0125
vn 0.2896 -0.9537 0.0809
vn 0.0687 -0.9868 0.1466
vn 0.0688 -0.9868 0.1466
vn -0.1380 -0.9735 0.1822
vn -0.2870 -0.9335 0.2151
vn -0.2869 -0.9335 0.2152
vn -0.4664 -0.8397 0.2783
vn -0.4664 -0.8397 0.2782
vn -0.6098 -0.7301 0.3083
vn -0.7390 -0.5847 0.3347
vn -0.8280 -0.4431 0.3435
vn -0.9074 -0.2416 0.3438
vn -0.9400 -0.0927 0.3282
vn -0.9400 0.0927 0.3283
vn -0.9042 0.2832 0.3196
vn -0.8487 0.4193 0.3224
vn -0.7276 0.6093 0.3151
vn -0.7277 0.6093 0.3151
vn -0.6239 0.7185 0.3074
vn -0.4720 0.8265 0.3067
vn -0.3492 0.8745 0.3366
vn -0.3492 0.8745 0.3367
vn -0.0928 0.9512 0.2943
vn -0.0928 0.9512 0.2944
vn 0.0962 0.9697 0.2247
vn 0.2873 0.9458 0.1515
vn 0.4701 0.8791 0.0788
vn 0.3571 0.9264 0.1197
vn 0.0819 0.9787 0.1881
vn -0.5975 0.7621 0.2495
vn -0.6987 0.6764 0.2329
vn -0.5722 0.7700 0.2824
vn -0.1996 0.8791 0.4329
vn 0.0980 -0.9952 -0.0000
vn -0.0980 -0.9952 -0.0000
vn -0.2903 -0.9569 -0.0001
vn -0.4714 -0.8819 -0.0002
vn -0.6344 -0.7730 -0.0003
vn -0.7730 -0.6344 -0.0004
vn -0.8819 -0.4714 -0.0004
vn -0.9569 -0.2903 -0.0005
vn -0.9952 -0.0980 -0.0005
vn 0.2903 -0.9569 0.0001
vn 0.4714 -0.8819 0.0002
vn 0.6344 -0.7730 0.0003
vn 0.7730 -0.6344 0.0004
vn 0.8819 -0.4714 0.0004
vn 0.9569 -0.2903 0.0005
vn 0.9952 -0.0980 0.0005
vn 0.9952 0.0980 0.0005
vn 0.9569 0.2903 0.0005
vn 0.8819 0.4714 0.0004
vn 0.7730 0.6344 0.0004
vn 0.6344 0.7730 0.0003
vn 0.4714 0.8819 0.0002
vn 0.2903 0.9569 0.0001
vn 0.0980 0.9952 -0.0000
vn -0.0980 0.9952 -0.0000
vn -0.2903 0.9569 -0.0001
vn -0.4714 0.8819 -0.0002
vn -0.6344 0.7730 -0.0003
vn -0.7730 0.6344 -0.0004
vn -0.8819 0.4714 -0.0004
vn -0.9569 0.2903 -0.0005
vn -0.9952 0.0980 -0.0005
vn 0.2771 0.7568 0.5920
vn 0.5947 0.4042 0.6949
vn 0.5948 0.4042 0.6949
vn 0.6724 0.1873 0.7161
vn 0.6727 0.1877 0.7157
vn 0.6728 0.1878 0.7156
vn 0.6934 -0.1215 0.7102
vn 0.6934 -0.1215 0.7103
vn 0.5762 -0.4789 0.6623
vn 0.5769 -0.4790 0.6617
vn 0.4764 -0.6115 0.6317
vn 0.2220 -0.7932 0.5670
vn 0.2220 -0.7932 0.5671
vn 0.0009 -0.8637 0.5040
vn -0.1250 -0.8736 0.4704
vn -0.5946 -0.7218 0.3542
vn -0.6261 -0.7604 -0.1728
vn -0.1372 -0.9613 -0.2387
vn -0.0041 -0.9659 -0.2589
vn -0.0041 -0.9659 -0.2588
vn 0.2568 -0.9182 -0.3015
vn 0.2569 -0.9181 -0.3016
vn 0.2569 -0.9182 -0.3016
vn 0.2569 -0.9181 -0.3017
vn 0.5748 -0.7394 -0.3506
vn 0.5749 -0.7394 -0.3505
vn 0.5748 -0.7394 -0.3504
vn 0.5749 -0.7394 -0.3504
vn 0.7129 -0.5919 -0.3761
vn 0.7130 -0.5922 -0.3755
vn 0.8937 -0.1579 -0.4200
vn 0.8937 -0.1579 -0.4199
vn 0.8715 0.2439 -0.4254
vn 0.8716 0.2438 -0.4253
vn 0.8715 0.2439 -0.4255
vn 0.7537 0.5175 -0.4051
vn 0.3259 0.8897 -0.3198
vn 0.3259 0.8897 -0.3197
vn -0.2159 0.9522 -0.2162
vn -0.5908 0.7954 -0.1351
vn -0.7140 0.6914 -0.1106
vn -0.6125 0.7815 -0.1186
vn 0.0827 0.9927 -0.0877
vn 0.3589 0.9318 -0.0549
vn 0.4710 0.8814 -0.0356
vn 0.2894 0.9546 -0.0700
vn 0.0972 0.9897 -0.1055
vn -0.0974 0.9853 -0.1406
vn -0.4447 0.8732 -0.1995
vn -0.4446 0.8732 -0.1995
vn -0.5104 0.8333 -0.2121
vn -0.5105 0.8333 -0.2121
vn -0.5102 0.8334 -0.2123
vn -0.6586 0.7144 -0.2364
vn -0.6581 0.7148 -0.2366
vn -0.6581 0.7148 -0.2367
vn -0.6584 0.7145 -0.2365
vn -0.7379 0.6272 -0.2492
vn -0.7378 0.6273 -0.2493
vn -0.8761 0.3996 -0.2699
vn -0.8760 0.3998 -0.2700
vn -0.8758 0.4000 -0.2701
vn -0.8759 0.3999 -0.2701
vn -0.9152 0.2942 -0.2752
vn -0.9152 0.2943 -0.2752
vn -0.9556 0.0940 -0.2792
vn -0.9565 -0.0941 -0.2763
vn -0.9383 -0.2149 -0.2708
vn -0.9383 -0.2150 -0.2707
vn -0.9383 -0.2154 -0.2706
vn -0.9383 -0.2151 -0.2707
vn -0.8536 -0.4559 -0.2519
vn -0.7747 -0.5867 -0.2357
vn -0.7746 -0.5869 -0.2356
vn -0.7746 -0.5869 -0.2355
vn -0.6345 -0.7445 -0.2079
vn -0.6344 -0.7445 -0.2078
vn -0.4947 -0.8500 -0.1808
vn -0.4950 -0.8498 -0.1810
vn -0.4947 -0.8500 -0.1809
vn -0.4949 -0.8499 -0.1810
vn -0.2954 -0.9445 -0.1435
vn -0.2957 -0.9444 -0.1437
vn -0.1788 -0.9763 -0.1218
vn -0.1784 -0.9764 -0.1215
vn -0.1782 -0.9765 -0.1213
vn -0.1785 -0.9764 -0.1216
vn 0.0419 -0.9958 -0.0816
vn 0.0424 -0.9958 -0.0812
vn 0.0424 -0.9958 -0.0813
vn 0.0422 -0.9958 -0.0814
vn 0.2900 -0.9563 -0.0372
vn 0.4714 -0.8819 -0.0053
vn 0.6343 -0.7728 0.0227
vn 0.7008 -0.7126 0.0334
vn 0.6810 -0.7316 0.0310
vn 0.6167 -0.7868 0.0255
vn 0.7182 -0.6953 0.0273
vn 0.5958 -0.8021 0.0407
vn -0.0097 -0.9905 0.1370
vn -0.5901 -0.7715 0.2377
vn -0.7982 -0.5398 0.2673
vn -0.8547 -0.4395 0.2764
vn -0.9560 -0.0000 0.2934
vn -0.8729 0.4000 0.2792
vn -0.6254 0.7435 0.2369
vn -0.5153 0.8279 0.2213
vn -0.1664 0.9698 0.1782
vn -0.4251 0.8921 0.1531
vn -0.4251 0.8921 0.1532
vn -0.9592 0.2823 -0.0124
vn -0.9593 0.2821 -0.0123
vn -0.9593 0.2821 -0.0122
vn -0.8875 0.4408 0.1344
vn -0.4334 0.8447 0.3141
vn -0.4333 0.8447 0.3142
vn -0.1598 0.9314 0.3271
vn -0.4847 0.7786 0.3986
vn -0.5832 0.6933 0.4233
vn -0.7940 0.3638 0.4870
vn -0.8617 -0.0000 0.5075
vn -0.7786 -0.4003 0.4833
vn -0.7312 -0.4945 0.4699
vn -0.5500 -0.7189 0.4250
vn -0.0098 -0.9666 0.2562
vn 0.5946 -0.8004 0.0767
vn 0.7175 -0.6947 0.0509
vn 0.6135 -0.7886 0.0420
vn 0.6874 -0.7244 0.0525
vn 0.6998 -0.7116 0.0626
vn 0.6339 -0.7722 0.0425
vn 0.4714 -0.8819 -0.0107
vn 0.2894 -0.9546 -0.0711
vn 0.0681 -0.9895 -0.1273
vn -0.1398 -0.9781 -0.1539
vn -0.1399 -0.9781 -0.1539
vn -0.2900 -0.9399 -0.1803
vn -0.2900 -0.9399 -0.1804
vn -0.2901 -0.9398 -0.1804
vn -0.4733 -0.8486 -0.2364
vn -0.4732 -0.8486 -0.2364
vn -0.6199 -0.7402 -0.2604
vn -0.7534 -0.5943 -0.2815
vn -0.8453 -0.4513 -0.2860
vn -0.9273 -0.2461 -0.2819
vn -0.9273 -0.2461 -0.2820
vn -0.9600 -0.0945 -0.2635
vn -0.9602 0.0945 -0.2628
vn -0.9230 0.2885 -0.2546
vn -0.8663 0.4269 -0.2594
vn -0.7417 0.6198 -0.2564
vn -0.7417 0.6198 -0.2565
vn -0.6355 0.7296 -0.2527
vn -0.4805 0.8380 -0.2586
vn -0.3564 0.8865 -0.2952
vn -0.3563 0.8865 -0.2952
vn -0.0953 0.9602 -0.2624
vn 0.0955 0.9752 -0.1995
vn 0.2873 0.9484 -0.1341
vn 0.4701 0.8799 -0.0695
vn 0.3573 0.9280 -0.1057
vn 0.0818 0.9826 -0.1666
vn -0.6015 0.7675 -0.2219
vn -0.7028 0.6806 -0.2070
vn -0.5771 0.7770 -0.2515
vn -0.2035 0.8981 -0.3899
vn 0.2908 0.7874 -0.5436
vn 0.6307 0.4276 -0.6476
vn 0.7157 0.1994 -0.6693
vn 0.7156 0.1994 -0.6694
vn 0.7157 0.1994 -0.6694
vn 0.7158 0.1994 -0.6692
vn 0.7370 -0.1289 -0.6635
vn 0.6078 -0.5043 -0.6134
vn 0.6078 -0.5042 -0.6134
vn 0.6077 -0.5041 -0.6136
vn 0.5000 -0.6408 -0.5825
vn 0.5000 -0.6408 -0.5826
vn 0.2312 -0.8235 -0.5181
vn 0.2312 -0.8235 -0.5182
vn 0.2312 -0.8236 -0.5180
vn 0.0020 -0.8895 -0.4569
vn -0.1278 -0.8962 -0.4248
vn -0.6029 -0.7323 -0.3165
vn -0.6305 -0.7655 0.1279
vn -0.1392 -0.9740 0.1787
vn -0.0049 -0.9809 0.1944
vn -0.0049 -0.9809 0.1943
vn 0.2619 -0.9376 0.2288
vn 0.2621 -0.9377 0.2282
vn 0.5910 -0.7610 0.2675
vn 0.5910 -0.7610 0.2676
vn 0.7364 -0.6119 0.2885
vn 0.7366 -0.6119 0.2881
vn 0.9312 -0.1647 0.3252
vn 0.9312 -0.1647 0.3251
vn 0.9091 0.2546 0.3296
vn 0.9090 0.2546 0.3299
vn 0.9091 0.2546 0.3299
vn 0.7827 0.5382 0.3127
vn 0.7826 0.5382 0.3127
vn 0.3325 0.9113 0.2427
vn 0.3325 0.9113 0.2428
vn 0.3326 0.9113 0.2428
vn -0.2184 0.9624 0.1615
vn -0.5934 0.7987 0.0997
vn -0.7161 0.6933 0.0812
vn -0.6146 0.7840 0.0874
vn 0.0831 0.9944 0.0652
vn 0.3592 0.9323 0.0412
vn 0.4713 0.8816 0.0270
vn 0.2900 0.9556 0.0523
vn 0.0979 0.9921 0.0784
vn -0.0972 0.9898 0.1044
vn -0.4471 0.8821 0.1485
vn -0.4473 0.8820 0.1487
vn -0.5145 0.8428 0.1578
vn -0.5147 0.8427 0.1580
vn -0.5147 0.8427 0.1579
vn -0.5146 0.8428 0.1578
vn -0.6660 0.7247 0.1766
vn -0.6661 0.7247 0.1767
vn -0.6661 0.7246 0.1767
vn -0.6659 0.7249 0.1765
vn -0.7478 0.6372 0.1863
vn -0.7480 0.6369 0.1866
vn -0.8905 0.4077 0.2022
vn -0.8905 0.4075 0.2022
vn -0.8906 0.4073 0.2024
vn -0.9313 0.3003 0.2063
vn -0.9313 0.2999 0.2066
vn -0.9731 0.0959 0.2094
vn -0.9736 -0.0959 0.2070
vn -0.9542 -0.2197 0.2029
vn -0.9544 -0.2192 0.2026
vn -0.9543 -0.2193 0.2028
vn -0.8661 -0.4632 0.1881
vn -0.7844 -0.5950 0.1753
vn -0.7840 -0.5955 0.1755
vn -0.6403 -0.7524 0.1544
vn -0.6400 -0.7527 0.1546
vn -0.4981 -0.8567 0.1340
vn -0.4972 -0.8572 0.1344
vn -0.2963 -0.9492 0.1062
vn -0.2961 -0.9492 0.1063
vn -0.1784 -0.9799 0.0898
vn -0.1781 -0.9799 0.0899
vn -0.1779 -0.9799 0.0900
vn -0.1783 -0.9799 0.0899
vn 0.0427 -0.9973 0.0601
vn 0.0428 -0.9973 0.0602
vn 0.0429 -0.9973 0.0602
vn 0.2903 -0.9565 0.0277
vn 0.4714 -0.8819 0.0044
vn 0.6343 -0.7729 -0.0161
vn 0.7009 -0.7128 -0.0239
vn 0.6811 -0.7318 -0.0222
vn 0.6168 -0.7869 -0.0182
vn 0.7183 -0.6955 -0.0194
vn 0.5961 -0.8024 -0.0295
vn -0.0090 -0.9948 -0.1019
vn -0.5976 -0.7816 -0.1790
vn -0.8112 -0.5488 -0.2022
vn -0.8696 -0.4472 -0.2093
vn -0.9749 -0.0000 -0.2227
vn -0.8885 0.4073 -0.2114
vn -0.6332 0.7531 -0.1783
vn -0.5209 0.8373 -0.1662
vn -0.1674 0.9769 -0.1329
vn -0.4278 0.8979 -0.1038
vn -0.4277 0.8979 -0.1037
vn -0.4277 0.8979 -0.1038
vn -0.9588 0.2822 0.0320
vn -0.9588 0.2823 0.0319
vn -0.9588 0.2824 0.0318
vn 0.0017 0.0005 1.0000
vn 0.0019 0.0007 1.0000
vn 0.0020 -0.0011 1.0000
vn 0.0021 -0.0008 1.0000
vn 0.0021 0.0001 1.0000
vn 0.0013 -0.0002 1.0000
vn 0.0020 0.0005 1.0000
vn -0.0022 0.0008 -1.0000
vn -0.0020 0.0008 -1.0000
vn -0.0021 -0.0004 -1.0000
vn -0.0024 -0.0002 -1.0000
vn -0.0013 0.0002 -1.0000
vn -0.0086 -0.0068 -0.9999
vn -0.0025 0.0003 -1.0000
vn -0.0022 0.0002 -1.0000
vn -0.0084 0.0077 -0.9999
vn -0.0085 0.0078 -0.9999
vn -0.0083 0.0076 -0.9999
vt 0.465896 0.451652
vt 0.465896 0.313308
vt 0.465896 0.472477
vt 0.465896 0.314050
vt 0.465896 0.473656
vt 0.465896 0.472833
vt 0.465896 0.315505
vt 0.465896 0.388650
vt 0.465896 0.474001
vt 0.465896 0.308135
vt 0.465896 0.351166
vt 0.465896 0.466359
vt 0.465896 0.322316
vt 0.465896 0.351908
vt 0.465896 0.460813
vt 0.465896 0.467470
vt 0.465896 0.464101
vt 0.465896 0.351908
vt 0.465896 0.461979
vt 0.465896 0.293122
vt 0.465896 0.465291
vt 0.465896 0.351166
vt 0.465896 0.342421
vt 0.465896 0.294368
vt 0.465896 0.349711
vt 0.465896 0.426180
vt 0.465896 0.341497
vt 0.465896 0.347599
vt 0.465896 0.392868
vt 0.465896 0.426925
vt 0.465896 0.344911
vt 0.465896 0.471142
vt 0.465896 0.392407
vt 0.465896 0.341750
vt 0.465896 0.481106
vt 0.465896 0.471395
vt 0.465896 0.338238
vt 0.465896 0.274230
vt 0.465896 0.480970
vt 0.465896 0.334509
vt 0.465896 0.277985
vt 0.465896 0.278032
vt 0.465896 0.330707
vt 0.465896 0.274183
vt 0.465896 0.480635
vt 0.465896 0.326979
vt 0.465896 0.480782
vt 0.465896 0.309057
vt 0.465896 0.323466
vt 0.465896 0.309244
vt 0.465896 0.467223
vt 0.465896 0.320305
vt 0.465896 0.467520
vt 0.465896 0.286142
vt 0.465896 0.317617
vt 0.465896 0.285660
vt 0.465896 0.294590
vt 0.465896 0.315505
vt 0.465896 0.293914
vt 0.465896 0.468410
vt 0.465896 0.314050
vt 0.465896 0.467442
vt 0.465896 0.450510
vt 0.465896 0.313308
vt 0.465896 0.417760
vt 0.465896 0.317710
vt 0.465896 0.392537
vt 0.465896 0.317049
vt 0.465896 0.417750
vt 0.465896 0.318282
vt 0.465896 0.417141
vt 0.465896 0.317040
vt 0.465896 0.319405
vt 0.465896 0.442354
vt 0.465896 0.417150
vt 0.465896 0.321036
vt 0.465896 0.393211
vt 0.465896 0.374002
vt 0.465896 0.442363
vt 0.465896 0.345810
vt 0.465896 0.442354
vt 0.465896 0.451086
vt 0.465896 0.346933
vt 0.465896 0.451077
vt 0.465896 0.374012
vt 0.465896 0.347506
vt 0.465896 0.374002
vt 0.465896 0.347506
vt 0.465896 0.317040
vt 0.465896 0.346934
vt 0.465896 0.317049
vt 0.465896 0.374012
vt 0.465896 0.345811
vt 0.465896 0.374002
vt 0.465896 0.341653
vt 0.465896 0.344180
vt 0.465896 0.341644
vt 0.465896 0.291255
vt 0.465896 0.342105
vt 0.465896 0.291262
vt 0.465896 0.458149
vt 0.465896 0.339665
vt 0.465896 0.458142
vt 0.465896 0.315864
vt 0.465896 0.336954
vt 0.465896 0.315859
vt 0.465896 0.462541
vt 0.465896 0.334075
vt 0.465896 0.462539
vt 0.465896 0.442355
vt 0.465896 0.331141
vt 0.465896 0.442354
vt 0.465896 0.438899
vt 0.465896 0.328263
vt 0.465896 0.438331
vt 0.465896 0.438898
vt 0.465896 0.325551
vt 0.465896 0.392544
vt 0.465896 0.438328
vt 0.465896 0.323111
vt 0.465896 0.317046
vt 0.465896 0.392539
vt 0.465896 0.321036
vt 0.465896 0.392546
vt 0.465896 0.317040
vt 0.465896 0.319406
vt 0.465896 0.315859
vt 0.465896 0.392538
vt 0.465896 0.318282
vt 0.465896 0.315859
vt 0.465896 0.315868
vt 0.465896 0.317710
vt 0.465896 0.392547
vt 0.465896 0.315868
vt 0.465896 0.388711
vt 0.465896 0.317617
vt 0.465896 0.477930
vt 0.465896 0.469060
vt 0.465896 0.309244
vt 0.465896 0.441817
vt 0.465896 0.440258
vt 0.465896 0.476274
vt 0.465896 0.475939
vt 0.465896 0.469883
vt 0.465896 0.470235
vt 0.465896 0.455712
vt 0.465896 0.328418
vt 0.465896 0.480345
vt 0.465896 0.281242
vt 0.465896 0.470544
vt 0.465896 0.443338
vt 0.465896 0.447372
vt 0.465896 0.324699
vt 0.465896 0.277461
vt 0.465896 0.420509
vt 0.465896 0.439416
vt 0.465896 0.475662
vt 0.465896 0.417866
vt 0.465896 0.396287
vt 0.465896 0.475900
vt 0.465896 0.449172
vt 0.465896 0.375784
vt 0.465896 0.398372
vt 0.465896 0.397714
vt 0.465896 0.477119
vt 0.465896 0.415397
vt 0.465896 0.374632
vt 0.465896 0.395777
vt 0.465896 0.313362
vt 0.465896 0.480628
vt 0.465896 0.413481
vt 0.465896 0.456287
vt 0.465896 0.464458
vt 0.465896 0.310879
vt 0.465896 0.357217
vt 0.465896 0.471754
vt 0.465896 0.464929
vt 0.465896 0.462527
vt 0.465896 0.347599
vt 0.465896 0.471801
vt 0.465896 0.349398
vt 0.465896 0.463437
vt 0.465896 0.349711
vt 0.465896 0.321311
vt 0.465896 0.350251
vt 0.465896 0.408750
vt 0.465896 0.437730
vt 0.465896 0.348763
vt 0.465896 0.352506
vt 0.465896 0.435833
vt 0.465896 0.406588
vt 0.465896 0.349811
vt 0.465896 0.398971
vt 0.465896 0.405720
vt 0.465896 0.441817
vt 0.465896 0.318489
vt 0.465896 0.400478
vt 0.465896 0.392539
vt 0.465896 0.442247
vt 0.465896 0.315868
vt 0.465896 0.396684
vt 0.465896 0.394460
vt 0.465896 0.445832
vt 0.465896 0.315738
vt 0.465896 0.463081
vt 0.465896 0.448556
vt 0.465896 0.443400
vt 0.465896 0.374002
vt 0.465896 0.442362
vt 0.465896 0.323111
vt 0.465896 0.447359
vt 0.465896 0.472387
vt 0.465896 0.317047
vt 0.465896 0.374009
vt 0.465896 0.447520
vt 0.465896 0.448537
vt 0.465896 0.433538
vt 0.465896 0.462539
vt 0.465896 0.317042
vt 0.465896 0.457327
vt 0.465896 0.442962
vt 0.465896 0.449437
vt 0.465896 0.438535
vt 0.465896 0.462541
vt 0.465896 0.480378
vt 0.465896 0.412590
vt 0.465896 0.459690
vt 0.465896 0.438964
vt 0.465896 0.438534
vt 0.465896 0.480588
vt 0.465896 0.418853
vt 0.465896 0.438965
vt 0.465896 0.374005
vt 0.465896 0.462283
vt 0.465896 0.421459
vt 0.465896 0.449061
vt 0.465896 0.374002
vt 0.465896 0.437421
vt 0.465896 0.362042
vt 0.465896 0.462658
vt 0.465896 0.437426
vt 0.465896 0.442360
vt 0.465896 0.362679
vt 0.465896 0.476512
vt 0.465896 0.442354
vt 0.465896 0.374010
vt 0.465896 0.344180
vt 0.465896 0.476224
vt 0.465896 0.362193
vt 0.465896 0.462672
vt 0.465896 0.462788
vt 0.465896 0.397999
vt 0.465896 0.453628
vt 0.465896 0.445451
vt 0.465896 0.400061
vt 0.465896 0.443297
vt 0.465896 0.425100
vt 0.465896 0.417151
vt 0.465896 0.431794
vt 0.465896 0.296057
vt 0.465896 0.442978
vt 0.465896 0.443400
vt 0.465896 0.456944
vt 0.465896 0.423433
vt 0.465896 0.354592
vt 0.465896 0.461928
vt 0.465896 0.296187
vt 0.465896 0.458783
vt 0.465896 0.444776
vt 0.465896 0.352506
vt 0.465896 0.386039
vt 0.465896 0.461498
vt 0.465896 0.421437
vt 0.465896 0.442226
vt 0.465896 0.416152
vt 0.465896 0.386907
vt 0.465896 0.351593
vt 0.465896 0.389069
vt 0.465896 0.417750
vt 0.465896 0.418049
vt 0.465896 0.276202
vt 0.465896 0.368848
vt 0.465896 0.442960
vt 0.465896 0.435004
vt 0.465896 0.447191
vt 0.465896 0.438692
vt 0.465896 0.400213
vt 0.465896 0.459481
vt 0.465896 0.397110
vt 0.465896 0.462031
vt 0.465896 0.369704
vt 0.465896 0.371789
vt 0.465896 0.441528
vt 0.465896 0.384701
vt 0.465896 0.439689
vt 0.465896 0.382265
vt 0.465896 0.277461
vt 0.465896 0.440688
vt 0.465896 0.458454
vt 0.465896 0.442355
vt 0.465896 0.456316
vt 0.465896 0.414539
vt 0.465896 0.335835
vt 0.465896 0.422954
vt 0.465896 0.438964
vt 0.465896 0.465760
vt 0.465896 0.318482
vt 0.465896 0.424699
vt 0.465896 0.405080
vt 0.465896 0.294813
vt 0.465896 0.441102
vt 0.465896 0.389085
vt 0.465896 0.407017
vt 0.465896 0.367349
vt 0.465896 0.292377
vt 0.465896 0.379758
vt 0.465896 0.427169
vt 0.465896 0.386999
vt 0.465896 0.464543
vt 0.465896 0.286763
vt 0.465896 0.382861
vt 0.465896 0.429811
vt 0.465896 0.293554
vt 0.465896 0.465014
vt 0.465896 0.460312
vt 0.465896 0.290544
vt 0.465896 0.454436
vt 0.465896 0.419652
vt 0.465896 0.365125
vt 0.465896 0.397560
vt 0.465896 0.456496
vt 0.465896 0.445967
vt 0.465896 0.373588
vt 0.465896 0.351293
vt 0.465896 0.379159
vt 0.465896 0.378242
vt 0.465896 0.381985
vt 0.465896 0.406588
vt 0.465896 0.366785
vt 0.465896 0.339661
vt 0.465896 0.417151
vt 0.465896 0.414699
vt 0.465896 0.374690
vt 0.465896 0.376700
vt 0.465896 0.344225
vt 0.465896 0.425874
vt 0.465896 0.359550
vt 0.465896 0.467461
vt 0.465896 0.464152
vt 0.465896 0.458996
vt 0.465896 0.444677
vt 0.465896 0.386340
vt 0.465896 0.345098
vt 0.465896 0.361535
vt 0.465896 0.404691
vt 0.465896 0.381176
vt 0.465896 0.354282
vt 0.465896 0.350222
vt 0.465896 0.359087
vt 0.465896 0.445234
vt 0.465896 0.440852
vt 0.465896 0.326098
vt 0.465896 0.320505
vt 0.465896 0.396371
vt 0.465896 0.403480
vt 0.465896 0.322932
vt 0.465896 0.324934
vt 0.465896 0.321098
vt 0.465896 0.446561
vt 0.465896 0.424312
vt 0.465896 0.305304
vt 0.465896 0.290265
vt 0.465896 0.289532
vt 0.465896 0.318489
vt 0.465896 0.297248
vt 0.465896 0.301276
vt 0.465896 0.292783
vt 0.465896 0.461041
vt 0.465896 0.395179
vt 0.465896 0.334993
vt 0.465896 0.274350
vt 0.465896 0.392085
vt 0.465896 0.439091
vt 0.465896 0.274110
vt 0.465896 0.458747
vt 0.465896 0.400914
vt 0.465896 0.280806
vt 0.465896 0.277458
vt 0.465896 0.426499
vt 0.465896 0.274411
vt 0.465896 0.280059
vt 0.465896 0.416848
vt 0.465896 0.438366
vt 0.465896 0.295186
vt 0.465896 0.288063
vt 0.465896 0.291646
vt 0.465896 0.284237
vt 0.465896 0.429476
vt 0.465896 0.436074
vt 0.465896 0.315042
vt 0.465896 0.303626
vt 0.465896 0.336370
vt 0.465896 0.378840
vt 0.465896 0.307290
vt 0.465896 0.311112
vt 0.465896 0.304200
vt 0.465896 0.433794
vt 0.465896 0.434785
vt 0.465896 0.336329
vt 0.465896 0.341615
vt 0.465896 0.382334
vt 0.465896 0.403429
vt 0.465896 0.339507
vt 0.465896 0.338593
vt 0.465896 0.340833
vt 0.465896 0.378552
vt 0.465896 0.448374
vt 0.465896 0.348568
vt 0.465896 0.372800
vt 0.465896 0.387779
vt 0.465896 0.386454
vt 0.465896 0.361429
vt 0.465896 0.355338
vt 0.465896 0.368710
vt 0.465896 0.303355
vt 0.465896 0.352067
vt 0.465896 0.293503
vt 0.465896 0.347207
vt 0.465896 0.374389
vt 0.465896 0.355138
vt 0.465896 0.465193
vt 0.465896 0.337240
vt 0.465896 0.325578
vt 0.465896 0.313080
vt 0.465896 0.358216
vt 0.465896 0.351839
vt 0.465896 0.289863
vt 0.465896 0.309122
vt 0.465896 0.299636
vt 0.465896 0.362767
vt 0.465896 0.415436
vt 0.465896 0.464938
vt 0.465896 0.338974
vt 0.465896 0.323864
vt 0.465896 0.374988
vt 0.465896 0.312710
vt 0.465896 0.408906
vt 0.465896 0.311968
vt 0.465896 0.407615
vt 0.465896 0.465046
vt 0.465896 0.310513
vt 0.465896 0.398371
vt 0.465896 0.463762
vt 0.465896 0.466970
vt 0.465896 0.274852
vt 0.465896 0.473377
vt 0.465896 0.472880
vt 0.465896 0.274110
vt 0.465896 0.460215
vt 0.465896 0.472153
vt 0.465896 0.471789
vt 0.465896 0.274110
vt 0.465896 0.458930
vt 0.465896 0.472323
vt 0.465896 0.470478
vt 0.465896 0.274852
vt 0.465896 0.434040
vt 0.465896 0.470970
vt 0.465896 0.276306
vt 0.465896 0.284962
vt 0.465896 0.435091
vt 0.465896 0.278419
vt 0.465896 0.471142
vt 0.465896 0.284120
vt 0.465896 0.281107
vt 0.465896 0.475779
vt 0.465896 0.471710
vt 0.465896 0.284268
vt 0.465896 0.349905
vt 0.465896 0.475459
vt 0.465896 0.287780
vt 0.465896 0.274329
vt 0.465896 0.350111
vt 0.465896 0.291509
vt 0.465896 0.278130
vt 0.465896 0.391360
vt 0.465896 0.295311
vt 0.465896 0.395162
vt 0.465896 0.472522
vt 0.465896 0.299039
vt 0.465896 0.472359
vt 0.465896 0.471088
vt 0.465896 0.302552
vt 0.465896 0.470864
vt 0.465896 0.470784
vt 0.465896 0.305713
vt 0.465896 0.470421
vt 0.465896 0.471771
vt 0.465896 0.308401
vt 0.465896 0.471205
vt 0.465896 0.476979
vt 0.465896 0.310513
vt 0.465896 0.477770
vt 0.465896 0.424521
vt 0.465896 0.311968
vt 0.465896 0.425582
vt 0.465896 0.376235
vt 0.465896 0.312710
vt 0.465896 0.442364
vt 0.465896 0.308308
vt 0.465896 0.417141
vt 0.465896 0.341653
vt 0.465896 0.442354
vt 0.465896 0.307735
vt 0.465896 0.392537
vt 0.465896 0.341644
vt 0.465896 0.306612
vt 0.465896 0.417750
vt 0.465896 0.392546
vt 0.465896 0.304982
vt 0.465896 0.393810
vt 0.465896 0.349398
vt 0.465896 0.417758
vt 0.465896 0.280207
vt 0.465896 0.417750
vt 0.465896 0.426482
vt 0.465896 0.279084
vt 0.465896 0.426473
vt 0.465896 0.349408
vt 0.465896 0.278512
vt 0.465896 0.349398
vt 0.465896 0.278512
vt 0.465896 0.341644
vt 0.465896 0.279084
vt 0.465896 0.341654
vt 0.465896 0.349408
vt 0.465896 0.280207
vt 0.465896 0.349398
vt 0.465896 0.317048
vt 0.465896 0.281838
vt 0.465896 0.317040
vt 0.465896 0.315859
vt 0.465896 0.283913
vt 0.465896 0.315867
vt 0.465896 0.433544
vt 0.465896 0.286353
vt 0.465896 0.433538
vt 0.465896 0.291259
vt 0.465896 0.289064
vt 0.465896 0.291255
vt 0.465896 0.437937
vt 0.465896 0.291942
vt 0.465896 0.437934
vt 0.465896 0.417751
vt 0.465896 0.294877
vt 0.465896 0.417750
vt 0.465896 0.463503
vt 0.465896 0.297755
vt 0.465896 0.462935
vt 0.465896 0.463502
vt 0.465896 0.300467
vt 0.465896 0.417148
vt 0.465896 0.462933
vt 0.465896 0.302907
vt 0.465896 0.341650
vt 0.465896 0.417144
vt 0.465896 0.304982
vt 0.465896 0.417150
vt 0.465896 0.341644
vt 0.465896 0.306612
vt 0.465896 0.291255
vt 0.465896 0.417143
vt 0.465896 0.307735
vt 0.465896 0.291255
vt 0.465896 0.291263
vt 0.465896 0.308308
vt 0.465896 0.417151
vt 0.465896 0.291264
vt 0.465896 0.398330
vt 0.465896 0.477556
vt 0.465896 0.308401
vt 0.465896 0.462116
vt 0.465896 0.465748
vt 0.465896 0.480783
vt 0.465896 0.472499
vt 0.465896 0.430971
vt 0.465896 0.425298
vt 0.465896 0.464093
vt 0.465896 0.460813
vt 0.465896 0.447160
vt 0.465896 0.325092
vt 0.465896 0.476378
vt 0.465896 0.417866
vt 0.465896 0.463363
vt 0.465896 0.439712
vt 0.465896 0.321311
vt 0.465896 0.421585
vt 0.465896 0.440857
vt 0.465896 0.455052
vt 0.465896 0.276195
vt 0.465896 0.442355
vt 0.465896 0.334279
vt 0.465896 0.444779
vt 0.465896 0.461318
vt 0.465896 0.274110
vt 0.465896 0.454673
vt 0.465896 0.480708
vt 0.465896 0.334041
vt 0.465896 0.346751
vt 0.465896 0.459381
vt 0.465896 0.479131
vt 0.465896 0.375204
vt 0.465896 0.476450
vt 0.465896 0.348496
vt 0.465896 0.292005
vt 0.465896 0.480134
vt 0.465896 0.464337
vt 0.465896 0.470607
vt 0.465896 0.294659
vt 0.465896 0.316509
vt 0.465896 0.448573
vt 0.465896 0.334110
vt 0.465896 0.470030
vt 0.465896 0.469818
vt 0.465896 0.334063
vt 0.465896 0.278419
vt 0.465896 0.474817
vt 0.465896 0.468803
vt 0.465896 0.276307
vt 0.465896 0.473988
vt 0.465896 0.473875
vt 0.465896 0.408331
vt 0.465896 0.347968
vt 0.465896 0.370341
vt 0.465896 0.385656
vt 0.465896 0.415554
vt 0.465896 0.346920
vt 0.465896 0.438299
vt 0.465896 0.368444
vt 0.465896 0.461849
vt 0.465896 0.414047
vt 0.465896 0.378242
vt 0.465896 0.462337
vt 0.465896 0.437431
vt 0.465896 0.464938
vt 0.465896 0.459928
vt 0.465896 0.315868
vt 0.465896 0.336851
vt 0.465896 0.461907
vt 0.465896 0.390200
vt 0.465896 0.462214
vt 0.465896 0.462937
vt 0.465896 0.336721
vt 0.465896 0.349398
vt 0.465896 0.417757
vt 0.465896 0.475741
vt 0.465896 0.425429
vt 0.465896 0.302907
vt 0.465896 0.341651
vt 0.465896 0.349404
vt 0.465896 0.424251
vt 0.465896 0.432018
vt 0.465896 0.457419
vt 0.465896 0.346530
vt 0.465896 0.437934
vt 0.465896 0.341646
vt 0.465896 0.455292
vt 0.465896 0.315047
vt 0.465896 0.317694
vt 0.465896 0.463139
vt 0.465896 0.437937
vt 0.465896 0.315000
vt 0.465896 0.329562
vt 0.465896 0.463568
vt 0.465896 0.463138
vt 0.465896 0.457707
vt 0.465896 0.457660
vt 0.465896 0.329352
vt 0.465896 0.463569
vt 0.465896 0.349401
vt 0.465896 0.477138
vt 0.465896 0.455409
vt 0.465896 0.349398
vt 0.465896 0.462025
vt 0.465896 0.314760
vt 0.465896 0.442962
vt 0.465896 0.476729
vt 0.465896 0.462030
vt 0.465896 0.417756
vt 0.465896 0.317694
vt 0.465896 0.329352
vt 0.465896 0.417750
vt 0.465896 0.349406
vt 0.465896 0.329640
vt 0.465896 0.281838
vt 0.465896 0.388149
vt 0.465896 0.309244
vt 0.465896 0.441189
vt 0.465896 0.462643
vt 0.465896 0.361594
vt 0.465896 0.422037
vt 0.465896 0.413032
vt 0.465896 0.442962
vt 0.465896 0.348763
vt 0.465896 0.335623
vt 0.465896 0.414699
vt 0.465896 0.456546
vt 0.465896 0.443255
vt 0.465896 0.317040
vt 0.465896 0.458384
vt 0.465896 0.317170
vt 0.465896 0.442226
vt 0.465896 0.317891
vt 0.465896 0.444799
vt 0.465896 0.442656
vt 0.465896 0.417750
vt 0.465896 0.442960
vt 0.465896 0.445510
vt 0.465896 0.418618
vt 0.465896 0.348763
vt 0.465896 0.442960
vt 0.465896 0.353086
vt 0.465896 0.321579
vt 0.465896 0.388650
vt 0.465896 0.350660
vt 0.465896 0.349398
vt 0.465896 0.378612
vt 0.465896 0.338834
vt 0.465896 0.366653
vt 0.465896 0.442978
vt 0.465896 0.460215
vt 0.465896 0.315867
vt 0.465896 0.370341
vt 0.465896 0.447209
vt 0.465896 0.302779
vt 0.465896 0.460215
vt 0.465896 0.462765
vt 0.465896 0.312764
vt 0.465896 0.317042
vt 0.465896 0.441129
vt 0.465896 0.300693
vt 0.465896 0.423653
vt 0.465896 0.397444
vt 0.465896 0.319478
vt 0.465896 0.366750
vt 0.465896 0.439291
vt 0.465896 0.421515
vt 0.465896 0.395777
vt 0.465896 0.318368
vt 0.465896 0.436785
vt 0.465896 0.404162
vt 0.465896 0.339194
vt 0.465896 0.455034
vt 0.465896 0.419433
vt 0.465896 0.406300
vt 0.465896 0.337449
vt 0.465896 0.349398
vt 0.465896 0.468683
vt 0.465896 0.334394
vt 0.465896 0.351834
vt 0.465896 0.470620
vt 0.465896 0.283398
vt 0.465896 0.285483
vt 0.465896 0.433053
vt 0.465896 0.295411
vt 0.465896 0.430410
vt 0.465896 0.298514
vt 0.465896 0.330613
vt 0.465896 0.464561
vt 0.465896 0.395964
vt 0.465896 0.456462
vt 0.465896 0.334394
vt 0.465896 0.460330
vt 0.465896 0.347836
vt 0.465896 0.441628
vt 0.465896 0.358662
vt 0.465896 0.368354
vt 0.465896 0.445656
vt 0.465896 0.339367
vt 0.465896 0.301976
vt 0.465896 0.350199
vt 0.465896 0.318489
vt 0.465896 0.274110
vt 0.465896 0.356177
vt 0.465896 0.379758
vt 0.465896 0.439689
vt 0.465896 0.295401
vt 0.465896 0.357070
vt 0.465896 0.286484
vt 0.465896 0.388650
vt 0.465896 0.352506
vt 0.465896 0.320031
vt 0.465896 0.278579
vt 0.465896 0.374604
vt 0.465896 0.446618
vt 0.465896 0.295411
vt 0.465896 0.293719
vt 0.465896 0.431122
vt 0.465896 0.453614
vt 0.465896 0.308171
vt 0.465896 0.291734
vt 0.465896 0.381000
vt 0.465896 0.402164
vt 0.465896 0.298987
vt 0.465896 0.303047
vt 0.465896 0.294182
vt 0.465896 0.431854
vt 0.465896 0.429843
vt 0.465896 0.327171
vt 0.465896 0.332764
vt 0.465896 0.391016
vt 0.465896 0.379758
vt 0.465896 0.330338
vt 0.465896 0.328335
vt 0.465896 0.332172
vt 0.465896 0.432920
vt 0.465896 0.424410
vt 0.465896 0.347966
vt 0.465896 0.363737
vt 0.465896 0.276652
vt 0.465896 0.389069
vt 0.465896 0.356022
vt 0.465896 0.351994
vt 0.465896 0.360486
vt 0.465896 0.345498
vt 0.465896 0.312334
vt 0.465896 0.378920
vt 0.465896 0.313690
vt 0.465896 0.422911
vt 0.465896 0.379159
vt 0.465896 0.347948
vt 0.465896 0.290526
vt 0.465896 0.372463
vt 0.465896 0.375811
vt 0.465896 0.435503
vt 0.465896 0.373210
vt 0.465896 0.292506
vt 0.465896 0.274593
vt 0.465896 0.438463
vt 0.465896 0.358083
vt 0.465896 0.365206
vt 0.465896 0.361623
vt 0.465896 0.369032
vt 0.465896 0.441219
vt 0.465896 0.443408
vt 0.465896 0.338227
vt 0.465896 0.349644
vt 0.465896 0.406950
vt 0.465896 0.408546
vt 0.465896 0.345979
vt 0.465896 0.342157
vt 0.465896 0.349070
vt 0.465896 0.442005
vt 0.465896 0.442303
vt 0.465896 0.316940
vt 0.465896 0.311654
vt 0.465896 0.388470
vt 0.465896 0.382914
vt 0.465896 0.379911
vt 0.465896 0.313763
vt 0.465896 0.314676
vt 0.465896 0.312436
vt 0.465896 0.445826
vt 0.465896 0.453778
vt 0.465896 0.304701
vt 0.465896 0.280469
vt 0.465896 0.398567
vt 0.465896 0.399238
vt 0.465896 0.291840
vt 0.465896 0.297931
vt 0.465896 0.284559
vt 0.465896 0.349914
vt 0.465896 0.301202
vt 0.465896 0.359767
vt 0.465896 0.306062
vt 0.465896 0.297679
vt 0.465896 0.298132
vt 0.465896 0.349398
vt 0.465896 0.316029
vt 0.465896 0.327691
vt 0.465896 0.340189
vt 0.465896 0.295053
vt 0.465896 0.301430
vt 0.465896 0.363407
vt 0.465896 0.344147
vt 0.465896 0.353633
vt 0.465896 0.445832
vt 0.465896 0.297117
vt 0.465896 0.290503
vt 0.465896 0.314295
vt 0.465896 0.329405
vt 0.465896 0.341341
vt 0.465896 0.346419
vt 0.465896 0.410347
vt 0.465896 0.431256
vt 0.465896 0.347550
vt 0.465896 0.340211
vt 0.465896 0.469781
vt 0.465896 0.464020
vt 0.465896 0.430093
vt 0.465896 0.411511
vt 0.465896 0.424271
vt 0.465896 0.440307
vt 0.465896 0.390079
vt 0.465896 0.290301
vt 0.465896 0.439718
vt 0.465896 0.424861
vt 0.465896 0.279702
vt 0.465896 0.445301
vt 0.465896 0.378552
vt 0.465896 0.278774
vt 0.465896 0.443166
vt 0.465896 0.441546
vt 0.465896 0.292205
vt 0.465896 0.432797
vt 0.465896 0.440316
vt 0.465896 0.439062
vt 0.465896 0.454650
vt 0.465896 0.453030
vt 0.465896 0.452279
vt 0.465896 0.451024
vt 0.465896 0.395179
vt 0.465896 0.334993
vt 0.465896 0.386619
vt 0.465896 0.343553
vt 0.465896 0.466962
vt 0.465896 0.468267
vt 0.465896 0.458034
vt 0.465896 0.459339
vt 0.465896 0.455249
vt 0.465896 0.457095
vt 0.465896 0.464558
vt 0.465896 0.466404
vt 0.465896 0.423183
vt 0.465896 0.376409
vt 0.465896 0.401649
vt 0.465896 0.397943
vt 0.465896 0.413481
vt 0.465896 0.348763
vt 0.465896 0.432447
vt 0.465896 0.367729
vt 0.465896 0.395482
vt 0.465896 0.436823
vt 0.465896 0.288998
vt 0.465896 0.463102
vt 0.465896 0.376409
vt 0.465896 0.417750
vt 0.465896 0.278774
vt 0.465896 0.452877
vt 0.465896 0.348415
vt 0.465896 0.342466
vt 0.465896 0.348722
vt 0.465896 0.342252
vt 0.465896 0.351370
vt 0.465896 0.369076
vt 0.465896 0.415214
vt 0.465896 0.471298
vt 0.465896 0.351908
vt 0.465896 0.368694
vt 0.465896 0.470864
vt 0.465896 0.381198
vt 0.465896 0.415722
vt 0.465896 0.470941
vt 0.465896 0.454019
vt 0.465896 0.363448
vt 0.465896 0.470440
vt 0.465896 0.381800
vt 0.465896 0.470828
vt 0.465896 0.474650
vt 0.465896 0.453544
vt 0.465896 0.364118
vt 0.465896 0.469632
vt 0.465896 0.473837
vt 0.465896 0.470338
vt 0.465896 0.475341
vt 0.465896 0.408422
vt 0.465896 0.475127
vt 0.465896 0.473011
vt 0.465896 0.469140
vt 0.465896 0.474529
vt 0.465896 0.473854
vt 0.465896 0.467584
vt 0.465896 0.300498
vt 0.465896 0.404353
vt 0.465896 0.470421
vt 0.465896 0.451652
vt 0.465896 0.348845
vt 0.465896 0.474587
vt 0.465896 0.475573
vt 0.465896 0.475237
vt 0.465896 0.301024
vt 0.465896 0.481465
vt 0.465896 0.388742
vt 0.465896 0.481491
vt 0.465896 0.349306
vt 0.465896 0.476130
vt 0.465896 0.471207
vt 0.465896 0.320340
vt 0.465896 0.481800
vt 0.465896 0.481884
vt 0.465896 0.474708
vt 0.465896 0.381647
vt 0.465896 0.470939
vt 0.465896 0.320713
vt 0.465896 0.369520
vt 0.465896 0.474600
vt 0.465896 0.477503
vt 0.465896 0.381800
vt 0.465896 0.369446
vt 0.465896 0.348754
vt 0.465896 0.477603
vt 0.465896 0.371063
vt 0.465896 0.344576
vt 0.465896 0.375242
vt 0.465896 0.342421
vt 0.465896 0.313212
vt 0.465896 0.480381
vt 0.465896 0.315373
vt 0.465896 0.372137
vt 0.465896 0.480180
vt 0.465896 0.477625
vt 0.465896 0.470833
vt 0.465896 0.477501
vt 0.465896 0.471014
vt 0.465896 0.371613
vt 0.465896 0.465536
vt 0.465896 0.472326
vt 0.465896 0.467929
vt 0.465896 0.474792
vt 0.465896 0.470416
vt 0.465896 0.479479
vt 0.465896 0.277461
vt 0.465896 0.479188
vt 0.465896 0.277875
vt 0.465896 0.460146
vt 0.465896 0.434896
vt 0.465896 0.459801
vt 0.465896 0.435386
vt 0.465896 0.481988
vt 0.465896 0.409021
vt 0.465896 0.481660
vt 0.465896 0.409491
vt 0.465896 0.475964
vt 0.465896 0.468059
vt 0.465896 0.475461
vt 0.465896 0.468765
vt 0.465896 0.402511
vt 0.465896 0.470948
vt 0.465896 0.401997
vt 0.465896 0.469140
vt 0.465896 0.402511
vt 0.465896 0.434071
vt 0.465896 0.465160
vt 0.465896 0.285560
vt 0.465896 0.467769
vt 0.465896 0.286270
vt 0.465896 0.451652
vt 0.465896 0.364717
vt 0.465896 0.469823
vt 0.465896 0.462936
vt 0.465896 0.451178
vt 0.465896 0.365384
vt 0.465896 0.348704
vt 0.465896 0.463679
vt 0.465896 0.469323
vt 0.465896 0.463636
vt 0.465896 0.463853
vt 0.465896 0.461847
vt 0.465896 0.348428
vt 0.465896 0.464074
vt 0.465896 0.413794
vt 0.465896 0.432554
vt 0.465896 0.453628
vt 0.465896 0.451623
vt 0.465896 0.432867
vt 0.465896 0.413481
vt 0.465896 0.413233
vt 0.465896 0.313274
vt 0.465896 0.432199
vt 0.465896 0.294308
vt 0.465896 0.399806
vt 0.465896 0.400066
vt 0.465896 0.421438
vt 0.465896 0.421699
vt 0.465896 0.384949
vt 0.465896 0.353189
vt 0.465896 0.352506
vt 0.465896 0.385632
vt 0.465896 0.421694
vt 0.465896 0.293391
vt 0.465896 0.400923
vt 0.465896 0.314161
vt 0.465896 0.404057
vt 0.465896 0.424284
vt 0.465896 0.424262
vt 0.465896 0.378840
vt 0.465896 0.404079
vt 0.465896 0.317891
vt 0.465896 0.389069
vt 0.465896 0.410912
vt 0.465896 0.406382
vt 0.465896 0.403459
vt 0.465896 0.293272
vt 0.465896 0.427034
vt 0.465896 0.409145
vt 0.465896 0.388359
vt 0.465896 0.409968
vt 0.465896 0.293272
vt 0.465896 0.418702
vt 0.465896 0.427512
vt 0.465896 0.407636
vt 0.465896 0.428542
vt 0.465896 0.274259
vt 0.465896 0.314161
vt 0.465896 0.399055
vt 0.465896 0.412590
vt 0.465896 0.407865
vt 0.465896 0.376409
vt 0.465896 0.442362
vt 0.465896 0.291742
vt 0.465896 0.296679
vt 0.465896 0.470343
vt 0.465896 0.463270
vt 0.465896 0.390250
vt 0.465896 0.428521
vt 0.465896 0.347968
vt 0.465896 0.465418
vt 0.465896 0.399055
vt 0.465896 0.411812
vt 0.465896 0.341627
vt 0.465896 0.467799
vt 0.465896 0.470341
vt 0.465896 0.340907
vt 0.465896 0.417151
vt 0.465896 0.429908
vt 0.465896 0.423781
vt 0.465896 0.437417
vt 0.465896 0.390556
vt 0.465896 0.445639
vt 0.465896 0.438749
vt 0.465896 0.422448
vt 0.465896 0.445928
vt 0.465896 0.430685
vt 0.465896 0.379386
vt 0.465896 0.434468
vt 0.465896 0.441271
vt 0.465896 0.444701
vt 0.465896 0.433811
vt 0.465896 0.442801
vt 0.465896 0.439235
vt 0.465896 0.452400
vt 0.465896 0.433465
vt 0.465896 0.433572
vt 0.465896 0.450827
vt 0.465896 0.445057
vt 0.465896 0.335682
vt 0.465896 0.387661
vt 0.465896 0.343977
vt 0.465896 0.467634
vt 0.465896 0.379366
vt 0.465896 0.447160
vt 0.465896 0.458982
vt 0.465896 0.455811
vt 0.465896 0.456129
vt 0.465896 0.444276
vt 0.465896 0.465150
vt 0.465896 0.453297
vt 0.465896 0.422312
vt 0.465896 0.421790
vt 0.465896 0.401445
vt 0.465896 0.400923
vt 0.465896 0.433870
vt 0.465896 0.414561
vt 0.465896 0.415492
vt 0.465896 0.432940
vt 0.465896 0.336851
vt 0.465896 0.394955
vt 0.465896 0.465662
vt 0.465896 0.289085
vt 0.465896 0.318368
vt 0.465896 0.376473
vt 0.465896 0.455754
vt 0.465896 0.279177
vt 0.465896 0.342252
vt 0.465896 0.470730
vt 0.465896 0.342550
vt 0.465896 0.471156
vt 0.465896 0.468770
vt 0.465896 0.345196
vt 0.465896 0.355711
vt 0.465896 0.409021
vt 0.465896 0.469740
vt 0.465896 0.345717
vt 0.465896 0.374988
vt 0.465896 0.327684
vt 0.465896 0.356619
vt 0.465896 0.409513
vt 0.465896 0.357217
vt 0.465896 0.472802
vt 0.465896 0.375571
vt 0.465896 0.328754
vt 0.465896 0.468397
vt 0.465896 0.467333
vt 0.465896 0.357867
vt 0.465896 0.473985
vt 0.465896 0.467561
vt 0.465896 0.470668
vt 0.465896 0.469066
vt 0.465896 0.468542
vt 0.465896 0.478473
vt 0.465896 0.443600
vt 0.465896 0.299738
vt 0.465896 0.468230
vt 0.465896 0.471900
vt 0.465896 0.294176
vt 0.465896 0.335778
vt 0.465896 0.446107
vt 0.465896 0.301024
vt 0.465896 0.469229
vt 0.465896 0.432684
vt 0.465896 0.294681
vt 0.465896 0.334993
vt 0.465896 0.475127
vt 0.465896 0.386356
vt 0.465896 0.469768
vt 0.465896 0.433442
vt 0.465896 0.313960
vt 0.465896 0.477580
vt 0.465896 0.475505
vt 0.465896 0.385969
vt 0.465896 0.375254
vt 0.465896 0.474648
vt 0.465896 0.314321
vt 0.465896 0.477849
vt 0.465896 0.274126
vt 0.465896 0.471101
vt 0.465896 0.375400
vt 0.465896 0.474587
vt 0.465896 0.278175
vt 0.465896 0.278175
vt 0.465896 0.471198
vt 0.465896 0.371135
vt 0.465896 0.274126
vt 0.465896 0.375184
vt 0.465896 0.474254
vt 0.465896 0.375770
vt 0.465896 0.473975
vt 0.465896 0.474419
vt 0.465896 0.371940
vt 0.465896 0.477233
vt 0.465896 0.302700
vt 0.465896 0.477406
vt 0.465896 0.302832
vt 0.465896 0.460813
vt 0.465896 0.478144
vt 0.465896 0.477597
vt 0.465896 0.461141
vt 0.465896 0.474183
vt 0.465896 0.283839
vt 0.465896 0.292521
vt 0.465896 0.284237
vt 0.465896 0.292094
vt 0.465896 0.441258
vt 0.465896 0.301024
vt 0.465896 0.441729
vt 0.465896 0.300429
vt 0.465896 0.415363
vt 0.465896 0.474926
vt 0.465896 0.415812
vt 0.465896 0.474196
vt 0.465896 0.474379
vt 0.465896 0.443758
vt 0.465896 0.475063
vt 0.465896 0.444974
vt 0.465896 0.475995
vt 0.465896 0.395657
vt 0.465896 0.465803
vt 0.465896 0.397408
vt 0.465896 0.467059
vt 0.465896 0.466240
vt 0.465896 0.291833
vt 0.465896 0.467485
vt 0.465896 0.292521
vt 0.465896 0.301623
vt 0.465896 0.370967
vt 0.465896 0.462628
vt 0.465896 0.469163
vt 0.465896 0.302804
vt 0.465896 0.371613
vt 0.465896 0.469883
vt 0.465896 0.463534
vt 0.465896 0.463879
vt 0.465896 0.469841
vt 0.465896 0.461854
vt 0.465896 0.455734
vt 0.465896 0.470266
vt 0.465896 0.464237
vt 0.465896 0.432974
vt 0.465896 0.292742
vt 0.465896 0.451946
vt 0.465896 0.465642
vt 0.465896 0.414492
vt 0.465896 0.274259
vt 0.465896 0.314161
vt 0.465896 0.367142
vt 0.465896 0.295783
vt 0.465896 0.348763
vt 0.465896 0.399055
vt 0.465896 0.391013
vt 0.465896 0.420018
vt 0.465896 0.411976
vt 0.465896 0.353809
vt 0.465896 0.352506
vt 0.465896 0.385234
vt 0.465896 0.383931
vt 0.465896 0.406327
vt 0.465896 0.421850
vt 0.465896 0.386230
vt 0.465896 0.386254
vt 0.465896 0.401753
vt 0.465896 0.404159
vt 0.465896 0.405784
vt 0.465896 0.379758
vt 0.465896 0.423689
vt 0.465896 0.379583
vt 0.465896 0.379758
vt 0.465896 0.392134
vt 0.465896 0.403564
vt 0.465896 0.403389
vt 0.465896 0.398457
vt 0.465896 0.425943
vt 0.465896 0.402385
vt 0.465896 0.413941
vt 0.465896 0.386040
vt 0.465896 0.338834
vt 0.465896 0.426227
vt 0.465896 0.379700
vt 0.465896 0.407187
vt 0.465896 0.312980
vt 0.465896 0.292506
vt 0.465896 0.319793
vt 0.465896 0.407187
vt 0.465896 0.441522
vt 0.465896 0.424882
vt 0.465896 0.296057
vt 0.465896 0.275583
vt 0.465896 0.469614
vt 0.465896 0.385969
vt 0.465896 0.344202
vt 0.465896 0.428110
vt 0.465896 0.438295
vt 0.465896 0.340211
vt 0.465896 0.341154
vt 0.465896 0.429890
vt 0.465896 0.292506
vt 0.465896 0.346604
vt 0.465896 0.338576
vt 0.465896 0.463535
vt 0.465896 0.319257
vt 0.465896 0.411644
vt 0.465896 0.274259
vt 0.465896 0.440673
vt 0.465896 0.437389
vt 0.465896 0.290656
vt 0.465896 0.433965
vt 0.465896 0.425580
vt 0.465896 0.422297
vt 0.465896 0.279235
vt 0.465896 0.439849
vt 0.465896 0.279393
vt 0.465896 0.445228
vt 0.465896 0.442961
vt 0.465896 0.432457
vt 0.465896 0.291452
vt 0.465896 0.427632
vt 0.465896 0.440444
vt 0.465896 0.454182
vt 0.465896 0.442379
vt 0.465896 0.443678
vt 0.465896 0.452132
vt 0.465896 0.394668
vt 0.465896 0.430691
vt 0.465896 0.455113
vt 0.465896 0.386304
vt 0.465896 0.466493
vt 0.465896 0.446749
vt 0.465896 0.455156
vt 0.465896 0.457770
vt 0.465896 0.446433
vt 0.465896 0.457748
vt 0.465896 0.337449
vt 0.465896 0.466844
vt 0.465896 0.346545
vt 0.465896 0.377417
vt 0.465896 0.371341
vt 0.465896 0.398457
vt 0.465896 0.350301
vt 0.465896 0.337978
vt 0.465896 0.349565
vt 0.465896 0.319447
vt 0.465896 0.368096
vt 0.465896 0.437936
vt 0.465896 0.436431
vt 0.465896 0.455214
vt 0.465896 0.463164
vt 0.465896 0.419300
vt 0.465896 0.417795
vt 0.465896 0.465204
vt 0.465896 0.453174
vt 0.465896 0.464382
vt 0.465896 0.348627
vt 0.465896 0.463762
vt 0.465896 0.348418
vt 0.465896 0.463542
vt 0.465896 0.375242
vt 0.465896 0.468454
vt 0.465896 0.477475
vt 0.465896 0.462452
vt 0.465896 0.374869
vt 0.465896 0.467549
vt 0.465896 0.477050
vt 0.465896 0.467442
vt 0.465896 0.477126
vt 0.465896 0.466850
vt 0.465896 0.460215
vt 0.465896 0.466359
vt 0.465896 0.476635
vt 0.465896 0.477036
vt 0.465896 0.453592
vt 0.465896 0.465536
vt 0.465896 0.459751
vt 0.465896 0.475852
vt 0.465896 0.465103
vt 0.465896 0.476557
vt 0.465896 0.452250
vt 0.465896 0.481360
vt 0.465896 0.465575
vt 0.465896 0.475372
vt 0.465896 0.463738
vt 0.465896 0.462158
vt 0.465896 0.440832
vt 0.465896 0.405193
vt 0.465896 0.480886
vt 0.465896 0.464168
vt 0.465896 0.480843
vt 0.465896 0.278323
vt 0.465896 0.480625
vt 0.465896 0.460813
vt 0.465896 0.441729
vt 0.465896 0.388259
vt 0.465896 0.477799
vt 0.465896 0.343040
vt 0.465896 0.480454
vt 0.465896 0.277461
vt 0.465896 0.477483
vt 0.465896 0.469209
vt 0.465896 0.475525
vt 0.465896 0.391789
vt 0.465896 0.478280
vt 0.465896 0.480991
vt 0.465896 0.356505
vt 0.465896 0.477221
vt 0.465896 0.468865
vt 0.465896 0.375807
vt 0.465896 0.480886
vt 0.465896 0.274259
vt 0.465896 0.356619
vt 0.465896 0.375735
vt 0.465896 0.348706
vt 0.465896 0.278342
vt 0.465896 0.391155
vt 0.465896 0.344623
vt 0.465896 0.395238
vt 0.465896 0.337029
vt 0.465896 0.479029
vt 0.465896 0.334920
vt 0.465896 0.320713
vt 0.465896 0.478843
vt 0.465896 0.471339
vt 0.465896 0.477566
vt 0.465896 0.471219
vt 0.465896 0.477407
vt 0.465896 0.366231
vt 0.465896 0.477324
vt 0.465896 0.363894
vt 0.465896 0.473256
vt 0.465896 0.476921
vt 0.465896 0.473204
vt 0.465896 0.478270
vt 0.465896 0.472921
vt 0.465896 0.477768
vt 0.465896 0.453880
vt 0.465896 0.470416
vt 0.465896 0.453544
vt 0.465896 0.471116
vt 0.465896 0.475733
vt 0.465896 0.417866
vt 0.465896 0.475416
vt 0.465896 0.418665
vt 0.465896 0.469720
vt 0.465896 0.383148
vt 0.465896 0.469229
vt 0.465896 0.381809
vt 0.465896 0.415722
vt 0.465896 0.396280
vt 0.465896 0.414335
vt 0.465896 0.395777
vt 0.465896 0.471761
vt 0.465896 0.428730
vt 0.465896 0.470382
vt 0.465896 0.426180
vt 0.465896 0.473050
vt 0.465896 0.473585
vt 0.465896 0.445445
vt 0.465896 0.468630
vt 0.465896 0.463628
vt 0.465896 0.472273
vt 0.465896 0.444981
vt 0.465896 0.470503
vt 0.465896 0.342522
vt 0.465896 0.467231
vt 0.465896 0.463140
vt 0.465896 0.463860
vt 0.465896 0.447181
vt 0.465896 0.469719
vt 0.465896 0.342252
vt 0.465896 0.413481
vt 0.465896 0.395044
vt 0.465896 0.453870
vt 0.465896 0.457172
vt 0.465896 0.432117
vt 0.465896 0.376409
vt 0.465896 0.412574
vt 0.465896 0.336899
vt 0.465896 0.431105
vt 0.465896 0.318368
vt 0.465896 0.399055
vt 0.465896 0.390855
vt 0.465896 0.420192
vt 0.465896 0.411991
vt 0.465896 0.384195
vt 0.465896 0.385442
vt 0.465896 0.352506
vt 0.465896 0.353753
vt 0.465896 0.380054
vt 0.465896 0.293272
vt 0.465896 0.400325
vt 0.465896 0.399463
vt 0.465896 0.313544
vt 0.465896 0.424208
vt 0.465896 0.379758
vt 0.465896 0.403775
vt 0.465896 0.404503
vt 0.465896 0.317340
vt 0.465896 0.379758
vt 0.465896 0.379758
vt 0.465896 0.412883
vt 0.465896 0.316581
vt 0.465896 0.293323
vt 0.465896 0.388650
vt 0.465896 0.387417
vt 0.465896 0.388052
vt 0.465896 0.409955
vt 0.465896 0.294636
vt 0.465896 0.409749
vt 0.465896 0.417748
vt 0.465896 0.432322
vt 0.465896 0.407573
vt 0.465896 0.428878
vt 0.465896 0.275137
vt 0.465896 0.274110
vt 0.465896 0.390551
vt 0.465896 0.414134
vt 0.465896 0.377033
vt 0.465896 0.437336
vt 0.465896 0.292205
vt 0.465896 0.291178
vt 0.465896 0.464084
vt 0.465896 0.320713
vt 0.465896 0.390556
vt 0.465896 0.423812
vt 0.465896 0.480181
vt 0.465896 0.428226
vt 0.465896 0.348754
vt 0.465896 0.422974
vt 0.465896 0.457850
vt 0.465896 0.452754
vt 0.465896 0.331189
vt 0.465896 0.316895
vt 0.465896 0.316523
vt 0.465896 0.331439
vt 0.465896 0.446773
vt 0.465896 0.449136
vt 0.465896 0.291142
vt 0.465896 0.445819
vt 0.465896 0.480327
vt 0.465896 0.476593
vt 0.465896 0.377811
vt 0.465896 0.453511
vt 0.465896 0.344965
vt 0.465896 0.315000
vt 0.465896 0.424973
vt 0.465896 0.452207
vt 0.465896 0.479553
vt 0.465896 0.374632
vt 0.465896 0.454408
vt 0.465896 0.453887
vt 0.465896 0.450035
vt 0.465896 0.477349
vt 0.465896 0.309991
vt 0.465896 0.358457
vt 0.465896 0.459053
vt 0.465896 0.479783
vt 0.465896 0.450218
vt 0.465896 0.321311
vt 0.465896 0.417009
vt 0.465896 0.455271
vt 0.465896 0.445066
vt 0.465896 0.459871
vt 0.465896 0.476562
vt 0.465896 0.453809
vt 0.465896 0.377954
vt 0.465896 0.450209
vt 0.465896 0.323310
vt 0.465896 0.448462
vt 0.465896 0.443936
vt 0.465896 0.437330
vt 0.465896 0.476541
vt 0.465896 0.478752
vt 0.465896 0.451090
vt 0.465896 0.417608
vt 0.465896 0.452912
vt 0.465896 0.437421
vt 0.465896 0.453289
vt 0.465896 0.478502
vt 0.465896 0.413738
s 0
usemtl Hook.Hitch.7f221b
f 14/14/1 18/18/1 88/88/1
f 14/14/1 88/88/1 86/86/1
f 18/18/1 22/22/1 90/90/1
f 18/18/1 90/90/1 88/88/1
f 22/22/1 25/25/1 93/93/1
f 22/22/1 93/93/1 90/90/1
f 25/25/1 28/28/1 96/96/1
f 25/25/1 96/96/1 93/93/1
f 28/28/1 31/31/1 99/99/1
f 28/28/1 99/99/1 96/96/1
f 31/31/1 34/34/1 102/102/1
f 31/31/1 102/102/1 99/99/1
f 34/34/1 37/37/1 105/105/1
f 34/34/1 105/105/1 102/102/1
f 37/37/1 40/40/1 108/108/1
f 37/37/1 108/108/1 105/105/1
f 40/40/1 43/43/1 111/111/1
f 40/40/1 111/111/1 108/108/1
f 43/43/1 46/46/1 114/114/1
f 43/43/1 114/114/1 111/111/1
f 46/46/1 49/49/1 117/117/1
f 46/46/1 117/117/1 114/114/1
f 49/49/1 52/52/1 120/120/1
f 49/49/1 120/120/1 117/117/1
f 52/52/1 55/55/1 123/123/1
f 52/52/1 123/123/1 120/120/1
f 55/55/1 58/58/1 126/126/1
f 55/55/1 126/126/1 123/123/1
f 58/58/1 61/61/1 129/129/1
f 58/58/1 129/129/1 126/126/1
f 61/61/1 64/64/1 132/132/1
f 61/61/1 132/132/1 129/129/1
f 64/64/1 2/2/1 66/66/1
f 64/64/1 66/66/1 132/132/1
f 2/2/1 4/4/1 70/70/1
f 2/2/1 70/70/1 66/66/1
f 4/4/1 7/7/1 73/73/1
f 4/4/1 73/73/1 70/70/1
f 7/7/1 76/76/1 73/73/1
f 11/11/1 14/14/1 86/86/1
f 11/11/1 86/86/1 83/83/1
f 80/80/1 11/11/1 83/83/1
f 179/179/1 183/183/1 247/247/1
s 1
f 176/176/2 180/180/3 248/248/4
f 176/176/2 248/248/4 244/244/5
s 0
f 169/169/6 174/174/6 1610/1610/6
s 1
f 165/165/7 170/170/8 1613/1613/7
f 165/165/7 1613/1613/7 1620/1620/8
s 0
f 162/162/9 167/167/9 1622/1622/9
s 1
f 161/161/10 1621/1621/10 1630/1630/10
s 0
f 157/157/11 160/160/11 1629/1629/11
f 157/157/11 1629/1629/11 1635/1635/11
f 151/151/12 156/156/12 1633/1633/12
f 152/152/13 1634/1634/13 1614/1614/13
s 1
f 147/147/14 153/153/15 1615/1615/14
f 147/147/14 1615/1615/14 1624/1624/16
s 0
f 141/141/17 1627/1627/17 217/217/17
f 140/140/18 216/216/18 211/211/18
f 137/137/19 142/142/19 212/212/19
f 164/164/20 313/313/20 309/309/20
f 164/164/20 309/309/20 168/168/20
f 155/155/21 322/322/21 317/317/21
f 155/155/21 317/317/21 158/158/21
s 1
f 166/166/22 308/308/22 304/304/22
f 166/166/22 304/304/22 171/171/22
s 0
f 159/159/23 318/318/23 312/312/23
f 159/159/23 312/312/23 163/163/23
f 149/149/24 326/326/24 320/320/24
f 149/149/24 320/320/24 154/154/24
f 321/321/25 287/287/25 289/289/25
f 321/321/25 289/289/25 316/316/25
f 314/314/26 294/294/26 296/296/26
f 315/315/27 297/297/27 310/310/27
f 325/325/28 283/283/28 285/285/28
f 325/325/28 285/285/28 319/319/28
f 318/318/29 291/291/29 292/292/29
f 318/318/29 292/292/29 312/312/29
f 311/311/30 299/299/30 301/301/30
f 311/311/30 301/301/30 305/305/30
f 298/298/31 264/264/31 257/257/31
f 298/298/31 257/257/31 300/300/31
f 291/291/23 270/270/23 265/265/23
f 291/291/23 265/265/23 292/292/23
f 284/284/24 279/279/24 273/273/24
f 284/284/24 273/273/24 286/286/24
f 288/288/21 274/274/21 269/269/21
f 288/288/21 269/269/21 290/290/21
f 293/293/20 268/268/20 263/263/20
f 293/293/20 263/263/20 295/295/20
f 272/272/32 195/195/32 199/199/32
f 272/272/32 199/199/32 266/266/32
f 262/262/33 205/205/33 251/251/33
f 261/261/34 250/250/34 256/256/34
f 276/276/35 191/191/35 194/194/35
f 276/276/35 194/194/35 271/271/35
f 267/267/36 200/200/36 204/204/36
f 267/267/36 204/204/36 260/260/36
f 280/280/37 187/187/37 190/190/37
f 280/280/37 190/190/37 275/275/37
f 258/258/38 252/252/38 330/330/38
s 1
f 333/333/39 329/329/39 249/249/39
f 333/333/39 249/249/39 429/429/39
s 0
f 423/423/40 426/426/40 430/430/40
f 423/423/40 430/430/40 347/347/40
f 358/358/40 428/428/40 426/426/40
f 358/358/40 426/426/40 423/423/40
f 414/414/40 432/432/40 428/428/40
f 414/414/40 428/428/40 358/358/40
f 414/414/40 367/367/40 433/433/40
f 414/414/40 433/433/40 432/432/40
f 405/405/40 434/434/40 433/433/40
f 405/405/40 433/433/40 367/367/40
f 376/376/40 425/425/40 434/434/40
f 376/376/40 434/434/40 405/405/40
f 396/396/40 427/427/40 425/425/40
f 396/396/40 425/425/40 376/376/40
f 387/387/40 394/394/40 427/427/40
f 427/427/40 396/396/40 388/388/40
f 427/427/40 388/388/40 387/387/40
f 388/388/40 381/381/40 387/387/40
f 384/384/40 381/381/40 388/388/40
f 384/384/40 388/388/40 395/395/40
f 384/384/40 395/395/40 397/397/40
f 388/388/40 396/396/40 437/437/40
f 388/388/40 437/437/40 395/395/40
f 384/384/40 397/397/40 391/391/40
f 395/395/40 437/437/40 439/439/40
f 395/395/40 439/439/40 375/375/40
f 377/377/40 397/397/40 395/395/40
f 377/377/40 395/395/40 375/375/40
f 373/373/40 391/391/40 397/397/40
f 373/373/40 397/397/40 377/377/40
f 375/375/40 439/439/40 438/438/40
f 375/375/40 438/438/40 404/404/40
f 404/404/40 406/406/40 377/377/40
f 404/404/40 377/377/40 375/375/40
f 406/406/40 401/401/40 373/373/40
f 406/406/40 373/373/40 377/377/40
f 404/404/40 438/438/40 444/444/40
f 404/404/40 444/444/40 366/366/40
f 366/366/40 368/368/40 406/406/40
f 366/366/40 406/406/40 404/404/40
f 368/368/40 363/363/40 401/401/40
f 366/366/40 444/444/40 443/443/40
f 366/366/40 443/443/40 413/413/40
f 401/401/40 406/406/40 368/368/40
f 413/413/40 415/415/40 368/368/40
f 413/413/40 368/368/40 366/366/40
f 415/415/40 410/410/40 363/363/40
f 415/415/40 363/363/40 368/368/40
f 413/413/40 443/443/40 436/436/40
f 413/413/40 436/436/40 357/357/40
f 357/357/40 359/359/40 415/415/40
f 357/357/40 415/415/40 413/413/40
f 359/359/40 354/354/40 410/410/40
f 359/359/40 410/410/40 415/415/40
f 357/357/40 436/436/40 435/435/40
f 357/357/40 435/435/40 422/422/40
f 422/422/40 424/424/40 359/359/40
f 422/422/40 359/359/40 357/357/40
f 424/424/40 419/419/40 354/354/40
f 424/424/40 354/354/40 359/359/40
f 339/339/40 422/422/40 435/435/40
f 339/339/40 435/435/40 440/440/40
f 339/339/40 343/343/40 424/424/40
f 339/339/40 424/424/40 422/422/40
f 343/343/40 335/335/40 419/419/40
f 419/419/40 424/424/40 343/343/40
s 1
f 206/206/41 203/203/42 442/442/41
f 206/206/41 442/442/41 349/349/41
s 0
f 254/254/43 207/207/43 350/350/43
f 202/202/44 198/198/44 342/342/44
f 193/193/45 346/346/45 197/197/45
s 1
f 192/192/46 188/188/47 336/336/48
f 192/192/46 336/336/48 344/344/48
s 0
f 253/253/49 348/348/49 431/431/49
f 427/427/40 394/394/40 371/371/40
f 427/427/40 371/371/40 425/425/40
f 433/433/40 362/362/40 409/409/40
f 433/433/40 409/409/40 432/432/40
f 426/426/40 418/418/40 334/334/40
f 426/426/40 334/334/40 430/430/40
f 434/434/40 400/400/40 362/362/40
f 434/434/40 362/362/40 433/433/40
f 428/428/40 353/353/40 418/418/40
f 428/428/40 418/418/40 426/426/40
f 425/425/40 371/371/40 400/400/40
f 425/425/40 400/400/40 434/434/40
f 432/432/40 409/409/40 353/353/40
f 432/432/40 353/353/40 428/428/40
f 196/196/50 345/345/50 340/340/50
f 435/435/40 423/423/40 347/347/40
f 435/435/40 347/347/40 440/440/40
f 444/444/40 367/367/40 414/414/40
f 444/444/40 414/414/40 443/443/40
f 436/436/40 358/358/40 423/423/40
f 436/436/40 423/423/40 435/435/40
f 201/201/51 341/341/51 441/441/51
f 443/443/40 414/414/40 358/358/40
f 443/443/40 358/358/40 436/436/40
f 439/439/40 376/376/40 405/405/40
f 439/439/40 405/405/40 438/438/40
f 438/438/40 405/405/40 367/367/40
f 438/438/40 367/367/40 444/444/40
f 437/437/40 396/396/40 376/376/40
f 437/437/40 376/376/40 439/439/40
f 11/11/1 80/80/1 183/183/1
s 1
f 135/135/52 8/8/1 77/77/53
s 0
f 7/7/1 136/136/1 76/76/1
f 76/76/1 136/136/1 210/210/1
f 183/183/1 80/80/1 247/247/1
f 458/458/54 530/530/54 532/532/54
f 458/458/54 532/532/54 462/462/54
f 462/462/54 532/532/54 534/534/54
f 462/462/54 534/534/54 466/466/54
f 466/466/54 534/534/54 537/537/54
f 466/466/54 537/537/54 469/469/54
f 469/469/54 537/537/54 540/540/54
f 469/469/54 540/540/54 472/472/54
f 472/472/54 540/540/54 543/543/54
f 472/472/54 543/543/54 475/475/54
f 475/475/54 543/543/54 546/546/54
f 475/475/54 546/546/54 478/478/54
f 478/478/54 546/546/54 549/549/54
f 478/478/54 549/549/54 481/481/54
f 481/481/54 549/549/54 552/552/54
f 481/481/54 552/552/54 484/484/54
f 484/484/54 552/552/54 555/555/54
f 484/484/54 555/555/54 487/487/54
f 487/487/54 555/555/54 558/558/54
f 487/487/54 558/558/54 490/490/54
f 490/490/54 558/558/54 561/561/54
f 490/490/54 561/561/54 493/493/54
f 493/493/54 561/561/54 564/564/54
f 493/493/54 564/564/54 496/496/54
f 496/496/54 564/564/54 567/567/54
f 496/496/54 567/567/54 499/499/54
f 499/499/54 567/567/54 570/570/54
f 499/499/54 570/570/54 502/502/54
f 502/502/54 570/570/54 573/573/54
f 502/502/54 573/573/54 505/505/54
f 505/505/54 573/573/54 576/576/54
f 505/505/54 576/576/54 508/508/54
f 508/508/54 576/576/54 510/510/54
f 508/508/54 510/510/54 446/446/54
f 446/446/54 510/510/54 514/514/54
f 446/446/54 514/514/54 448/448/54
f 448/448/54 514/514/54 517/517/54
f 448/448/54 517/517/54 451/451/54
f 451/451/54 517/517/54 520/520/54
f 455/455/54 527/527/54 530/530/54
f 455/455/54 530/530/54 458/458/54
f 524/524/54 527/527/54 455/455/54
f 626/626/54 695/695/54 629/629/54
s 1
f 622/622/55 691/691/56 694/694/57
f 622/622/55 694/694/57 625/625/58
s 0
f 615/615/59 1594/1594/59 619/619/59
s 1
f 612/612/60 1605/1605/60 1598/1598/60
s 0
f 611/611/61 1597/1597/61 616/616/61
s 1
f 606/606/62 1587/1587/62 1608/1608/62
f 607/607/63 1609/1609/63 613/613/63
s 0
f 602/602/64 1591/1591/64 1588/1588/64
f 602/602/64 1588/1588/64 608/608/64
f 599/599/65 1603/1603/65 1593/1593/65
f 598/598/66 1592/1592/66 603/603/66
f 593/593/67 1585/1585/67 1602/1602/68
s 1
f 593/593/69 1602/1602/70 597/597/69
s 0
f 586/586/71 657/657/71 661/661/71
s 1
f 587/587/72 662/662/72 1583/1583/72
s 0
f 580/580/73 656/656/73 585/585/73
f 604/604/74 610/610/74 758/758/74
f 604/604/74 758/758/74 761/761/74
f 595/595/75 601/601/75 764/764/75
f 595/595/75 764/764/75 766/766/75
f 609/609/76 614/614/76 752/752/76
f 609/609/76 752/752/76 756/756/76
f 600/600/77 605/605/77 762/762/77
f 600/600/77 762/762/77 763/763/77
f 591/591/78 596/596/78 768/768/78
s 1
f 591/591/78 768/768/78 772/772/78
s 0
f 767/767/79 765/765/79 738/738/79
f 767/767/79 738/738/79 732/732/79
f 760/760/80 757/757/80 745/745/80
f 759/759/80 744/744/80 739/739/80
f 773/773/81 769/769/81 734/734/81
f 773/773/81 734/734/81 730/730/81
f 763/763/82 762/762/82 741/741/82
f 763/763/82 741/741/82 735/735/82
f 755/755/83 751/751/83 747/747/83
f 755/755/83 747/747/83 742/742/83
f 743/743/84 748/748/84 702/702/84
f 743/743/84 702/702/84 706/706/84
f 735/735/77 741/741/77 713/713/77
f 736/736/77 714/714/77 717/717/77
f 729/729/78 733/733/78 722/722/78
f 729/729/78 722/722/78 726/726/78
f 731/731/75 737/737/75 718/718/75
f 731/731/75 718/718/75 721/721/75
f 740/740/74 746/746/74 707/707/74
f 740/740/74 707/707/74 710/710/74
f 715/715/85 712/712/85 649/649/85
f 715/715/85 649/649/85 643/643/85
f 708/708/86 703/703/86 699/699/86
f 708/708/86 699/699/86 652/652/86
f 719/719/87 716/716/87 644/644/87
f 719/719/87 644/644/87 638/638/87
f 711/711/88 709/709/88 653/653/88
f 711/711/88 653/653/88 648/648/88
f 725/725/89 720/720/89 639/639/89
f 725/725/89 639/639/89 634/634/89
f 701/701/90 775/775/90 698/698/90
s 1
f 781/781/91 878/878/91 700/700/91
f 781/781/91 700/700/91 776/776/91
s 0
f 870/870/92 797/797/92 877/877/92
f 870/870/92 877/877/92 873/873/92
f 805/805/92 870/870/92 873/873/92
f 805/805/92 873/873/92 875/875/92
f 861/861/92 805/805/92 875/875/92
f 861/861/92 875/875/92 879/879/92
f 861/861/92 879/879/92 880/880/92
f 861/861/92 880/880/92 814/814/92
f 851/851/92 814/814/92 880/880/92
f 851/851/92 880/880/92 881/881/92
f 823/823/92 851/851/92 881/881/92
f 823/823/92 881/881/92 872/872/92
f 842/842/92 823/823/92 872/872/92
f 842/842/92 872/872/92 874/874/92
f 874/874/92 840/840/92 833/833/92
f 833/833/92 834/834/92 842/842/92
f 833/833/92 842/842/92 874/874/92
f 834/834/92 833/833/92 827/827/92
f 830/830/92 834/834/92 827/827/92
f 830/830/92 841/841/92 834/834/92
f 830/830/92 843/843/92 841/841/92
f 834/834/92 841/841/92 884/884/92
f 834/834/92 884/884/92 842/842/92
f 830/830/92 836/836/92 843/843/92
f 841/841/92 822/822/92 886/886/92
f 841/841/92 886/886/92 884/884/92
f 824/824/92 822/822/92 841/841/92
f 824/824/92 841/841/92 843/843/92
f 819/819/92 824/824/92 843/843/92
f 819/819/92 843/843/92 836/836/92
f 822/822/92 850/850/92 885/885/92
f 822/822/92 885/885/92 886/886/92
f 850/850/92 822/822/92 824/824/92
f 850/850/92 824/824/92 852/852/92
f 852/852/92 824/824/92 819/819/92
f 852/852/92 819/819/92 847/847/92
f 850/850/92 813/813/92 891/891/92
f 850/850/92 891/891/92 885/885/92
f 813/813/92 850/850/92 852/852/92
f 813/813/92 852/852/92 815/815/92
f 815/815/92 847/847/92 810/810/92
f 813/813/92 860/860/92 890/890/92
f 813/813/92 890/890/92 891/891/92
f 847/847/92 815/815/92 852/852/92
f 860/860/92 813/813/92 815/815/92
f 860/860/92 815/815/92 862/862/92
f 862/862/92 815/815/92 810/810/92
f 862/862/92 810/810/92 856/856/92
f 860/860/92 804/804/92 883/883/92
f 860/860/92 883/883/92 890/890/92
f 804/804/92 860/860/92 862/862/92
f 804/804/92 862/862/92 806/806/92
f 806/806/92 862/862/92 856/856/92
f 806/806/92 856/856/92 801/801/92
f 804/804/92 869/869/92 882/882/92
f 804/804/92 882/882/92 883/883/92
f 869/869/92 804/804/92 806/806/92
f 869/869/92 806/806/92 871/871/92
f 871/871/92 806/806/92 801/801/92
f 871/871/92 801/801/92 866/866/92
f 789/789/92 889/889/92 882/882/92
f 789/789/92 882/882/92 869/869/92
f 789/789/92 869/869/92 871/871/92
f 789/789/92 871/871/92 793/793/92
f 793/793/92 866/866/92 783/783/92
f 866/866/92 793/793/92 871/871/92
s 1
f 651/651/93 795/795/93 887/887/93
f 651/651/93 887/887/93 645/645/93
s 0
f 696/696/94 794/794/94 650/650/94
f 646/646/95 786/786/95 640/640/95
f 636/636/96 641/641/96 790/790/96
s 1
f 637/637/97 792/792/98 782/782/98
f 637/637/97 782/782/98 633/633/99
s 0
f 697/697/100 876/876/100 796/796/100
f 874/874/92 872/872/92 818/818/92
f 874/874/92 818/818/92 840/840/92
f 880/880/92 879/879/92 855/855/92
f 880/880/92 855/855/92 809/809/92
f 873/873/92 877/877/92 780/780/92
f 873/873/92 780/780/92 865/865/92
f 881/881/92 880/880/92 809/809/92
f 881/881/92 809/809/92 846/846/92
f 875/875/92 873/873/92 865/865/92
f 875/875/92 865/865/92 800/800/92
f 872/872/92 881/881/92 846/846/92
f 872/872/92 846/846/92 818/818/92
f 879/879/92 875/875/92 800/800/92
f 879/879/92 800/800/92 855/855/92
f 642/642/101 788/788/101 791/791/101
f 882/882/92 889/889/92 797/797/92
f 882/882/92 797/797/92 870/870/92
f 891/891/92 890/890/92 861/861/92
f 891/891/92 861/861/92 814/814/92
f 883/883/92 882/882/92 870/870/92
f 883/883/92 870/870/92 805/805/92
f 647/647/102 888/888/102 787/787/102
f 890/890/92 883/883/92 805/805/92
f 890/890/92 805/805/92 861/861/92
f 886/886/92 885/885/92 851/851/92
f 886/886/92 851/851/92 823/823/92
f 885/885/92 891/891/92 814/814/92
f 885/885/92 814/814/92 851/851/92
f 884/884/92 886/886/92 823/823/92
f 884/884/92 823/823/92 842/842/92
f 455/455/54 629/629/54 524/524/54
s 1
f 579/579/103 521/521/54 452/452/104
s 0
f 520/520/54 581/581/54 451/451/54
f 520/520/54 658/658/54 581/581/54
f 629/629/54 695/695/54 524/524/54
s 1
f 1357/1357/105 825/825/105 831/831/106
f 1357/1357/105 831/831/106 1353/1353/105
f 1361/1361/107 1355/1355/107 832/832/107
f 1361/1361/107 832/832/107 838/838/107
s 0
f 1367/1367/108 1363/1363/108 839/839/108
f 1367/1367/108 839/839/108 817/817/108
f 1371/1371/109 1365/1365/109 816/816/109
f 1371/1371/109 816/816/109 845/845/109
s 1
f 1375/1375/110 1369/1369/110 844/844/110
s 0
f 1375/1375/110 844/844/110 808/808/110
f 1379/1379/111 1373/1373/111 807/807/111
f 1379/1379/111 807/807/111 854/854/111
f 1382/1382/112 1378/1378/112 853/853/112
f 1382/1382/112 853/853/112 798/798/112
f 1386/1386/113 1383/1383/113 799/799/113
f 1386/1386/113 799/799/113 863/863/113
f 1387/1387/114 864/864/114 778/778/114
f 1387/1387/114 778/778/114 1389/1389/114
f 1391/1391/115 779/779/115 774/774/115
f 1391/1391/115 774/774/115 1393/1393/115
f 1397/1397/116 1395/1395/116 777/777/116
f 1397/1397/116 777/777/116 704/704/116
f 1398/1398/117 705/705/117 749/749/117
f 1398/1398/117 749/749/117 1400/1400/117
f 1402/1402/118 750/750/118 754/754/118
f 1402/1402/118 754/754/118 1406/1406/118
f 1404/1404/119 753/753/119 617/617/119
f 1404/1404/119 617/617/119 1408/1408/119
f 1410/1410/120 618/618/120 623/623/120
f 1410/1410/120 623/623/120 1412/1412/120
f 1414/1414/121 624/624/121 628/628/121
f 1414/1414/121 628/628/121 1418/1418/121
f 1416/1416/122 627/627/122 631/631/122
f 1416/1416/122 631/631/122 1422/1422/122
f 1420/1420/123 630/630/123 457/457/123
f 1420/1420/123 457/457/123 1426/1426/123
f 1424/1424/124 456/456/124 460/460/124
f 1424/1424/124 460/460/124 1430/1430/124
s 1
f 1429/1429/125 459/459/126 463/463/126
f 1429/1429/125 463/463/126 1435/1435/126
f 1433/1433/127 461/461/127 465/465/127
f 1433/1433/127 465/465/127 1439/1439/127
f 1437/1437/128 464/464/129 468/468/129
f 1437/1437/128 468/468/129 1444/1444/129
f 1441/1441/130 467/467/131 471/471/130
f 1441/1441/130 471/471/130 1449/1449/131
f 1446/1446/132 470/470/132 474/474/132
f 1446/1446/132 474/474/132 1454/1454/132
f 1451/1451/133 473/473/133 477/477/133
f 1451/1451/133 477/477/133 1459/1459/133
s 0
f 1456/1456/134 476/476/134 480/480/134
f 1456/1456/134 480/480/134 1463/1463/134
s 1
f 1461/1461/135 479/479/135 483/483/135
f 1461/1461/135 483/483/135 1467/1467/135
s 0
f 1466/1466/136 482/482/136 485/485/136
f 1466/1466/136 485/485/136 1470/1470/136
f 1471/1471/137 486/486/137 488/488/137
f 1471/1471/137 488/488/137 1473/1473/137
s 1
f 1475/1475/138 489/489/138 491/491/138
f 1475/1475/138 491/491/138 1478/1478/138
f 1480/1480/139 492/492/139 494/494/139
f 1480/1480/139 494/494/139 1482/1482/139
f 1484/1484/140 495/495/141 497/497/141
f 1484/1484/140 497/497/141 1487/1487/141
f 1489/1489/142 498/498/142 500/500/142
f 1489/1489/142 500/500/142 1491/1491/142
f 1493/1493/143 501/501/143 503/503/143
f 1493/1493/143 503/503/143 1495/1495/143
f 1497/1497/144 504/504/145 506/506/145
f 1497/1497/144 506/506/145 1499/1499/144
s 0
f 1501/1501/146 507/507/146 445/445/146
f 1501/1501/147 445/445/147 1503/1503/147
f 1504/1504/148 447/447/148 449/449/148
f 1504/1504/148 449/449/148 1506/1506/148
f 1508/1508/149 450/450/149 453/453/149
f 1508/1508/149 453/453/149 1510/1510/149
f 1517/1517/150 1513/1513/150 454/454/150
f 1517/1517/150 454/454/150 583/583/150
f 1515/1515/151 582/582/151 589/589/151
f 1515/1515/151 589/589/151 1521/1521/151
f 1519/1519/152 588/588/152 594/594/152
f 1519/1519/152 594/594/152 1525/1525/152
f 1524/1524/153 590/590/153 771/771/153
f 1524/1524/153 771/771/153 1530/1530/153
f 1528/1528/154 770/770/154 727/727/154
f 1528/1528/154 727/727/154 1532/1532/154
f 1534/1534/155 728/728/155 723/723/155
f 1534/1534/155 723/723/155 1536/1536/155
f 1538/1538/156 724/724/156 632/632/156
f 1538/1538/156 632/632/156 1540/1540/156
f 133/133/157 67/67/157 511/511/157
f 133/133/157 511/511/157 577/577/157
f 65/65/158 69/69/158 513/513/158
f 65/65/158 513/513/158 509/509/158
f 68/68/159 72/72/159 516/516/159
f 68/68/159 516/516/159 512/512/159
f 71/71/160 75/75/160 519/519/160
f 71/71/160 519/519/160 515/515/160
f 209/209/161 655/655/161 518/518/161
f 209/209/161 518/518/161 74/74/161
f 208/208/162 214/214/162 660/660/162
s 1
f 208/208/162 660/660/162 654/654/162
s 0
f 213/213/163 219/219/163 666/666/163
f 213/213/163 666/666/163 659/659/163
f 218/218/164 224/224/164 671/671/164
f 218/218/164 671/671/164 665/665/164
f 223/223/165 229/229/165 675/675/165
f 223/223/165 675/675/165 670/670/165
f 130/130/166 134/134/166 578/578/166
f 130/130/166 578/578/166 574/574/166
f 127/127/167 131/131/167 575/575/167
f 127/127/167 575/575/167 571/571/167
f 124/124/168 128/128/168 572/572/168
f 124/124/168 572/572/168 568/568/168
f 121/121/169 125/125/169 569/569/169
f 121/121/169 569/569/169 565/565/169
f 118/118/170 122/122/170 566/566/170
f 118/118/170 566/566/170 562/562/170
f 115/115/171 119/119/171 563/563/171
s 1
f 115/115/171 563/563/171 559/559/171
s 0
f 113/113/172 116/116/172 560/560/172
f 113/113/172 560/560/172 557/557/172
f 110/110/173 112/112/173 556/556/173
f 110/110/173 556/556/173 554/554/173
f 107/107/174 109/109/174 553/553/174
f 107/107/174 553/553/174 551/551/174
f 104/104/175 106/106/175 550/550/175
f 104/104/175 550/550/175 548/548/175
f 101/101/176 103/103/176 547/547/176
f 101/101/176 547/547/176 545/545/176
f 98/98/177 100/100/177 544/544/177
f 98/98/177 544/544/177 542/542/177
f 95/95/178 97/97/178 541/541/178
f 95/95/178 541/541/178 539/539/178
f 92/92/179 94/94/179 538/538/179
f 92/92/179 538/538/179 536/536/179
f 89/89/180 91/91/180 535/535/180
f 89/89/180 535/535/180 533/533/180
f 85/85/181 87/87/181 531/531/181
f 85/85/181 531/531/181 529/529/181
f 82/82/182 84/84/182 528/528/182
f 82/82/182 528/528/182 526/526/182
f 79/79/183 81/81/183 525/525/183
f 79/79/183 525/525/183 523/523/183
f 246/246/184 78/78/184 522/522/184
f 246/246/184 522/522/184 693/693/184
f 242/242/185 245/245/185 692/692/185
f 242/242/185 692/692/185 689/689/185
f 238/238/186 241/241/186 688/688/186
f 238/238/186 688/688/186 684/684/186
f 233/233/187 237/237/187 683/683/187
f 233/233/187 683/683/187 680/680/187
f 228/228/188 232/232/188 679/679/188
f 228/228/188 679/679/188 674/674/188
s 1
f 1543/1543/189 1541/1541/189 635/635/189
f 1543/1543/189 635/635/189 784/784/189
f 1545/1545/190 785/785/191 867/867/190
f 1545/1545/190 867/867/190 1547/1547/191
f 1551/1551/192 1548/1548/193 868/868/194
f 1551/1551/192 868/868/194 802/802/193
f 1556/1556/195 1552/1552/195 803/803/195
f 1556/1556/195 803/803/195 859/859/196
s 0
f 1561/1561/197 1555/1555/197 857/857/197
f 1562/1562/198 858/858/198 812/812/198
s 1
f 1560/1560/199 811/811/199 849/849/199
f 1560/1560/199 849/849/199 1568/1568/199
f 1572/1572/200 1565/1565/201 848/848/200
f 1572/1572/200 848/848/200 821/821/200
f 1577/1577/202 1571/1571/202 820/820/202
f 1577/1577/202 820/820/202 837/837/202
s 0
f 1581/1581/203 1575/1575/203 835/835/203
f 1581/1581/203 835/835/203 829/829/203
f 1359/1359/204 1579/1579/204 828/828/204
f 1359/1359/204 828/828/204 826/826/204
f 1132/1132/205 1347/1347/205 1123/1123/205
f 1132/1132/205 1123/1123/205 899/899/205
f 1350/1350/206 1343/1343/206 1119/1119/206
f 1350/1350/206 1119/1119/206 1125/1125/206
s 1
f 1345/1345/207 1339/1339/208 1114/1114/207
f 1345/1345/207 1114/1114/207 1121/1121/208
f 1342/1342/209 1336/1336/210 1110/1110/211
f 1342/1342/209 1110/1110/211 1117/1117/212
f 1331/1331/213 1104/1104/214 1111/1111/215
f 1331/1331/213 1111/1111/215 1338/1338/216
s 0
f 1333/1333/217 1327/1327/217 1099/1099/217
f 1334/1334/218 1100/1100/218 1106/1106/218
s 1
f 1329/1329/219 1325/1325/220 1096/1096/220
f 1329/1329/219 1096/1096/220 1102/1102/219
f 1324/1324/221 1321/1321/221 1093/1093/222
f 1324/1324/221 1093/1093/222 1095/1095/223
f 1317/1317/224 1089/1089/224 1091/1091/224
f 1317/1317/224 1091/1091/224 1320/1320/224
f 1315/1315/225 1313/1313/226 1086/1086/225
f 1315/1315/225 1086/1086/225 1088/1088/225
s 0
f 1308/1308/227 1082/1082/227 1084/1084/227
f 1308/1308/227 1084/1084/227 1310/1310/227
f 1304/1304/228 1078/1078/228 1080/1080/228
f 1304/1304/228 1080/1080/228 1306/1306/228
f 1298/1298/229 1072/1072/229 1076/1076/229
f 1298/1298/229 1076/1076/229 1302/1302/229
f 1294/1294/230 1068/1068/230 1074/1074/230
f 1294/1294/230 1074/1074/230 1300/1300/230
f 1290/1290/231 1064/1064/231 1070/1070/231
f 1290/1290/231 1070/1070/231 1296/1296/231
f 1287/1287/232 1060/1060/232 1066/1066/232
f 1287/1287/232 1066/1066/232 1293/1293/232
f 1289/1289/233 1285/1285/233 1058/1058/233
f 1289/1289/233 1058/1058/233 1062/1062/233
f 1281/1281/234 1054/1054/234 1056/1056/234
f 1281/1281/234 1056/1056/234 1283/1283/234
f 1275/1275/235 1048/1048/235 1050/1050/235
f 1276/1276/235 1051/1051/235 1278/1278/235
f 1271/1271/236 1044/1044/236 1046/1046/236
f 1271/1271/236 1046/1046/236 1273/1273/236
s 1
f 1267/1267/237 1040/1040/237 1042/1042/238
f 1267/1267/237 1042/1042/238 1269/1269/237
f 1263/1263/239 1036/1036/240 1038/1038/241
f 1263/1263/239 1038/1038/241 1265/1265/239
f 1259/1259/242 1032/1032/243 1034/1034/244
f 1259/1259/242 1034/1034/244 1261/1261/245
s 0
f 1256/1256/246 1027/1027/246 1030/1030/246
s 1
f 1255/1255/247 1029/1029/247 1258/1258/247
f 1250/1250/248 1022/1022/249 1024/1024/250
f 1250/1250/248 1024/1024/250 1252/1252/251
s 0
f 1247/1247/252 1017/1017/252 1020/1020/252
s 1
f 1246/1246/253 1019/1019/253 1249/1249/253
s 0
f 1242/1242/254 1012/1012/254 1014/1014/254
f 1242/1242/254 1014/1014/254 1244/1244/254
f 1236/1236/255 1007/1007/255 1011/1011/255
f 1236/1236/255 1011/1011/255 1241/1241/255
s 1
f 1231/1231/256 1002/1002/257 1008/1008/258
f 1231/1231/256 1008/1008/258 1237/1237/259
s 0
f 1227/1227/260 998/998/260 1004/1004/260
f 1227/1227/260 1004/1004/260 1233/1233/260
s 1
f 1223/1223/261 994/994/262 1000/1000/262
f 1223/1223/261 1000/1000/262 1229/1229/263
f 1219/1219/264 989/989/264 996/996/264
s 0
f 1219/1219/265 996/996/265 1225/1225/265
s 1
f 1215/1215/266 983/983/267 991/991/268
f 1215/1215/266 991/991/268 1221/1221/269
s 0
f 1210/1210/270 978/978/270 985/985/270
f 1211/1211/271 986/986/271 1217/1217/271
s 1
f 1206/1206/272 973/973/273 980/980/274
f 1206/1206/272 980/980/274 1213/1213/275
f 1202/1202/276 969/969/277 975/975/278
f 1202/1202/276 975/975/278 1208/1208/279
s 0
f 1198/1198/280 965/965/280 971/971/280
f 1198/1198/280 971/971/280 1204/1204/280
f 1194/1194/281 961/961/281 967/967/281
f 1194/1194/281 967/967/281 1200/1200/281
f 1191/1191/282 956/956/282 962/962/282
f 1191/1191/282 962/962/282 1197/1197/282
f 1189/1189/283 954/954/283 958/958/283
f 1189/1189/283 958/958/283 1193/1193/283
f 1184/1184/284 950/950/284 952/952/284
f 1184/1184/284 952/952/284 1186/1186/284
f 1179/1179/285 944/944/285 948/948/285
f 1179/1179/285 948/948/285 1183/1183/285
f 1177/1177/286 942/942/286 946/946/286
f 1177/1177/286 946/946/286 1181/1181/286
f 1173/1173/287 938/938/287 940/940/287
f 1173/1173/287 940/940/287 1175/1175/287
f 1171/1171/288 1169/1169/288 934/934/288
f 1171/1171/288 934/934/288 936/936/288
f 1164/1164/289 930/930/289 932/932/289
f 1164/1164/289 932/932/289 1166/1166/289
f 1159/1159/290 927/927/290 929/929/290
f 1159/1159/290 929/929/290 1162/1162/290
f 1158/1158/291 1156/1156/291 923/923/291
f 1158/1158/291 923/923/291 925/925/291
f 1154/1154/292 1150/1150/292 917/917/292
f 1154/1154/292 917/917/292 921/921/292
f 1151/1151/293 1146/1146/293 913/913/293
f 1151/1151/293 913/913/293 919/919/293
f 1148/1148/294 1142/1142/294 909/909/294
f 1148/1148/294 909/909/294 915/915/294
f 1144/1144/295 1138/1138/295 904/904/295
f 1144/1144/295 904/904/295 910/910/295
f 1140/1140/296 1136/1136/296 902/902/296
f 1140/1140/296 902/902/296 906/906/296
s 1
f 1135/1135/297 1129/1129/297 894/894/297
f 1135/1135/297 894/894/297 900/900/298
f 1130/1130/299 897/897/300 893/893/301
f 1130/1130/299 893/893/301 1126/1126/300
f 378/378/302 1131/1131/302 1127/1127/302
f 378/378/302 1127/1127/302 385/385/302
f 392/392/303 386/386/303 1128/1128/304
f 392/392/303 1128/1128/304 1134/1134/303
s 0
f 370/370/305 393/393/305 1137/1137/305
f 370/370/305 1137/1137/305 1141/1141/305
f 399/399/306 369/369/306 1139/1139/306
f 399/399/306 1139/1139/306 1145/1145/306
f 361/361/307 398/398/307 1143/1143/307
f 361/361/307 1143/1143/307 1149/1149/307
f 408/408/308 360/360/308 1147/1147/308
f 408/408/308 1147/1147/308 1153/1153/308
f 351/351/309 407/407/309 1152/1152/309
f 351/351/309 1152/1152/309 1155/1155/309
f 416/416/310 352/352/310 1157/1157/310
f 416/416/310 1157/1157/310 1160/1160/310
f 417/417/311 1161/1161/311 1163/1163/311
f 417/417/311 1163/1163/311 331/331/311
f 332/332/312 1165/1165/312 1167/1167/312
f 332/332/312 1167/1167/312 327/327/312
f 255/255/313 328/328/313 1168/1168/313
f 255/255/313 1168/1168/313 1170/1170/313
f 259/259/314 1172/1172/314 1174/1174/314
f 259/259/314 1174/1174/314 302/302/314
f 303/303/315 1176/1176/315 1180/1180/315
f 303/303/315 1180/1180/315 307/307/315
s 1
f 306/306/316 1178/1178/316 1182/1182/316
f 306/306/316 1182/1182/316 172/172/316
f 173/173/317 1185/1185/317 1187/1187/317
f 173/173/317 1187/1187/317 177/177/317
s 0
f 178/178/318 1188/1188/318 1192/1192/318
f 178/178/318 1192/1192/318 182/182/318
f 181/181/319 1190/1190/319 1196/1196/319
f 181/181/319 1196/1196/319 185/185/319
f 184/184/320 1195/1195/320 1201/1201/320
f 184/184/320 1201/1201/320 13/13/320
f 12/12/321 1199/1199/321 1205/1205/321
f 12/12/321 1205/1205/321 16/16/321
s 1
f 15/15/322 1203/1203/322 1209/1209/322
f 15/15/322 1209/1209/322 19/19/322
f 17/17/323 1207/1207/324 1214/1214/323
f 17/17/323 1214/1214/323 21/21/323
f 20/20/325 1212/1212/326 1218/1218/327
f 20/20/325 1218/1218/327 24/24/325
f 23/23/328 1216/1216/328 1222/1222/329
f 23/23/328 1222/1222/329 27/27/328
f 26/26/330 1220/1220/330 1226/1226/330
f 26/26/330 1226/1226/330 30/30/330
f 29/29/331 1224/1224/331 1230/1230/331
f 29/29/331 1230/1230/331 33/33/331
s 0
f 32/32/332 1228/1228/332 1234/1234/332
f 32/32/332 1234/1234/332 36/36/332
s 1
f 35/35/333 1232/1232/333 1238/1238/333
f 35/35/333 1238/1238/333 39/39/334
f 38/38/335 1235/1235/335 1240/1240/335
f 38/38/335 1240/1240/335 42/42/335
s 0
f 41/41/336 1239/1239/336 1243/1243/336
f 41/41/336 1243/1243/336 44/44/336
s 1
f 45/45/337 1245/1245/337 1248/1248/337
f 45/45/337 1248/1248/337 47/47/337
f 48/48/338 1251/1251/338 1253/1253/338
f 48/48/338 1253/1253/338 50/50/338
f 51/51/339 1254/1254/339 1257/1257/340
f 51/51/339 1257/1257/340 53/53/340
f 54/54/341 1260/1260/341 1262/1262/341
f 54/54/341 1262/1262/341 56/56/341
f 57/57/342 1264/1264/342 1266/1266/342
f 57/57/342 1266/1266/342 59/59/342
f 60/60/343 1268/1268/343 1270/1270/343
f 60/60/343 1270/1270/343 62/62/344
s 0
f 63/63/345 1272/1272/345 1274/1274/345
f 63/63/345 1274/1274/345 1/1/345
f 3/3/346 1277/1277/346 1279/1279/346
f 3/3/346 1279/1279/346 5/5/346
f 6/6/347 1280/1280/347 1282/1282/347
f 6/6/347 1282/1282/347 9/9/347
f 139/139/348 10/10/348 1284/1284/348
f 139/139/348 1284/1284/348 1288/1288/348
f 138/138/349 1286/1286/349 1292/1292/349
f 138/138/349 1292/1292/349 145/145/349
f 144/144/350 1291/1291/350 1297/1297/350
f 144/144/350 1297/1297/350 150/150/350
f 146/146/351 1295/1295/351 1301/1301/351
f 146/146/351 1301/1301/351 324/324/351
f 323/323/352 1299/1299/352 1303/1303/352
f 323/323/352 1303/1303/352 281/281/352
f 282/282/353 1305/1305/353 1307/1307/353
f 282/282/353 1307/1307/353 277/277/353
f 278/278/354 1309/1309/354 1311/1311/354
f 278/278/354 1311/1311/354 186/186/354
s 1
f 337/337/355 189/189/355 1312/1312/355
f 337/337/355 1312/1312/355 1314/1314/355
f 338/338/356 1316/1316/356 1318/1318/356
f 338/338/356 1318/1318/356 420/420/356
f 355/355/357 421/421/358 1319/1319/359
f 355/355/357 1319/1319/359 1322/1322/360
f 412/412/361 356/356/361 1323/1323/361
f 412/412/361 1323/1323/361 1328/1328/361
f 365/365/362 411/411/363 1326/1326/364
f 365/365/362 1326/1326/364 1332/1332/363
f 364/364/365 1330/1330/365 1337/1337/365
f 364/364/365 1337/1337/365 403/403/366
f 374/374/367 402/402/368 1335/1335/369
f 374/374/367 1335/1335/369 1341/1341/367
f 390/390/370 372/372/370 1340/1340/370
f 390/390/370 1340/1340/370 1346/1346/370
s 0
f 383/383/371 389/389/371 1344/1344/371
f 383/383/371 1344/1344/371 1351/1351/371
f 379/379/372 382/382/372 1348/1348/372
f 380/380/372 1349/1349/372 1133/1133/372
f 898/898/373 1122/1122/373 1578/1578/373
f 898/898/373 1578/1578/373 1358/1358/373
f 1124/1124/374 1118/1118/374 1574/1574/374
f 1124/1124/374 1574/1574/374 1580/1580/374
s 1
f 1120/1120/375 1113/1113/376 1570/1570/376
f 1120/1120/375 1570/1570/376 1576/1576/376
s 0
f 1115/1115/377 1109/1109/377 1566/1566/377
s 1
f 1116/1116/378 1567/1567/378 1573/1573/378
f 1105/1105/379 1563/1563/380 1569/1569/379
f 1105/1105/379 1569/1569/379 1112/1112/380
s 0
f 1107/1107/381 1101/1101/381 1557/1557/381
f 1108/1108/382 1558/1558/382 1564/1564/382
s 1
f 1103/1103/383 1098/1098/383 1554/1554/383
f 1103/1103/383 1554/1554/383 1559/1559/384
f 1097/1097/385 1094/1094/386 1550/1550/387
f 1097/1097/385 1550/1550/387 1553/1553/385
f 1090/1090/388 1546/1546/388 1549/1549/388
f 1090/1090/388 1549/1549/388 1092/1092/389
f 1087/1087/390 1085/1085/391 1542/1542/392
f 1087/1087/390 1542/1542/392 1544/1544/391
s 0
f 1081/1081/393 1537/1537/393 1539/1539/393
f 1081/1081/393 1539/1539/393 1083/1083/393
f 1077/1077/394 1533/1533/394 1535/1535/394
f 1077/1077/394 1535/1535/394 1079/1079/394
f 1071/1071/395 1527/1527/395 1531/1531/395
f 1071/1071/395 1531/1531/395 1075/1075/395
f 1067/1067/396 1523/1523/396 1529/1529/396
f 1067/1067/396 1529/1529/396 1073/1073/396
f 1063/1063/397 1520/1520/397 1526/1526/397
f 1063/1063/397 1526/1526/397 1069/1069/397
f 1059/1059/398 1516/1516/398 1522/1522/398
f 1059/1059/398 1522/1522/398 1065/1065/398
f 1061/1061/399 1057/1057/399 1514/1514/399
f 1061/1061/399 1514/1514/399 1518/1518/399
f 1052/1052/400 1509/1509/400 1511/1511/400
f 1053/1053/400 1512/1512/400 1055/1055/400
f 1047/1047/401 1505/1505/401 1507/1507/401
f 1047/1047/401 1507/1507/401 1049/1049/401
f 1043/1043/402 1500/1500/402 1502/1502/402
f 1043/1043/402 1502/1502/402 1045/1045/402
s 1
f 1039/1039/403 1496/1496/403 1498/1498/404
f 1039/1039/403 1498/1498/404 1041/1041/403
f 1035/1035/405 1492/1492/406 1494/1494/407
f 1035/1035/405 1494/1494/407 1037/1037/408
f 1031/1031/409 1488/1488/410 1490/1490/411
f 1031/1031/409 1490/1490/411 1033/1033/412
f 1025/1025/413 1483/1483/413 1485/1485/413
s 0
f 1026/1026/414 1486/1486/414 1028/1028/414
s 1
f 1021/1021/415 1479/1479/416 1481/1481/417
f 1021/1021/415 1481/1481/417 1023/1023/416
s 0
f 1015/1015/418 1474/1474/418 1476/1476/418
f 1016/1016/419 1477/1477/419 1018/1018/419
f 1010/1010/420 1469/1469/420 1472/1472/420
f 1010/1010/420 1472/1472/420 1013/1013/420
f 1005/1005/421 1464/1464/421 1468/1468/421
f 1005/1005/421 1468/1468/421 1009/1009/421
s 1
f 1001/1001/422 1460/1460/423 1465/1465/423
f 1001/1001/422 1465/1465/423 1006/1006/424
s 0
f 997/997/425 1455/1455/425 1462/1462/425
f 997/997/425 1462/1462/425 1003/1003/425
f 993/993/426 1450/1450/426 1458/1458/426
s 1
f 992/992/427 1457/1457/427 999/999/427
s 0
f 988/988/428 1445/1445/428 1453/1453/428
f 987/987/429 1452/1452/429 995/995/429
s 1
f 982/982/430 1440/1440/430 1448/1448/430
s 0
f 981/981/431 1447/1447/431 990/990/431
f 977/977/432 1436/1436/432 1443/1443/432
f 976/976/433 1442/1442/433 984/984/433
s 1
f 972/972/434 1432/1432/435 1438/1438/436
f 972/972/434 1438/1438/436 979/979/437
f 968/968/438 1428/1428/439 1434/1434/438
f 968/968/438 1434/1434/438 974/974/440
s 0
f 964/964/441 1425/1425/441 1431/1431/441
f 964/964/441 1431/1431/441 970/970/441
f 960/960/442 1421/1421/442 1427/1427/442
f 960/960/442 1427/1427/442 966/966/442
f 957/957/443 1417/1417/443 1423/1423/443
f 957/957/443 1423/1423/443 963/963/443
f 955/955/444 1415/1415/444 1419/1419/444
f 955/955/444 1419/1419/444 959/959/444
f 951/951/445 1411/1411/445 1413/1413/445
f 951/951/445 1413/1413/445 953/953/445
f 945/945/446 1405/1405/446 1409/1409/446
f 945/945/446 1409/1409/446 949/949/446
f 943/943/447 1403/1403/447 1407/1407/447
f 943/943/447 1407/1407/447 947/947/447
f 939/939/448 1399/1399/448 1401/1401/448
f 939/939/448 1401/1401/448 941/941/448
f 937/937/449 935/935/449 1394/1394/449
f 937/937/449 1394/1394/449 1396/1396/449
f 931/931/450 1390/1390/450 1392/1392/450
f 931/931/450 1392/1392/450 933/933/450
f 926/926/451 1385/1385/451 1388/1388/451
f 926/926/451 1388/1388/451 928/928/451
f 924/924/452 922/922/452 1381/1381/452
f 924/924/452 1381/1381/452 1384/1384/452
f 920/920/453 916/916/453 1376/1376/453
f 920/920/453 1376/1376/453 1380/1380/453
f 918/918/454 912/912/454 1372/1372/454
s 1
f 918/918/454 1372/1372/454 1377/1377/454
s 0
f 914/914/455 908/908/455 1368/1368/455
f 914/914/455 1368/1368/455 1374/1374/455
f 911/911/456 905/905/456 1364/1364/456
f 911/911/456 1364/1364/456 1370/1370/456
f 907/907/457 903/903/457 1362/1362/457
f 907/907/457 1362/1362/457 1366/1366/457
s 1
f 901/901/458 895/895/459 1354/1354/460
f 901/901/458 1354/1354/460 1360/1360/459
f 896/896/461 1356/1356/462 1352/1352/463
f 896/896/461 1352/1352/463 892/892/462
s 0
f 1590/1590/65 1601/1601/65 669/669/65
f 1589/1589/64 668/668/64 672/672/64
s 1
f 1596/1596/464 1604/1604/464 681/681/464
s 0
f 1596/1596/465 681/681/465 687/687/465
s 1
f 1600/1600/466 1584/1584/466 664/664/466
s 0
f 1599/1599/467 663/663/467 667/667/467
f 1606/1606/62 1586/1586/62 676/676/62
s 1
f 1607/1607/468 677/677/468 682/682/468
s 0
f 1582/1582/469 592/592/469 584/584/469
f 1588/1588/64 1591/1591/64 673/673/64
f 1588/1588/64 673/673/64 678/678/64
f 621/621/59 1595/1595/59 686/686/59
f 620/620/470 685/685/470 690/690/470
s 1
f 1625/1625/471 1618/1618/471 221/221/471
s 0
f 1626/1626/472 222/222/472 215/215/472
f 1632/1632/473 1623/1623/473 236/236/473
s 1
f 1631/1631/474 235/235/474 231/231/474
s 0
f 1628/1628/475 143/143/475 148/148/475
f 1635/1635/11 1629/1629/11 230/230/11
f 1635/1635/11 230/230/11 225/225/11
s 1
f 1611/1611/476 175/175/476 243/243/476
f 1611/1611/476 243/243/476 239/239/476
f 1616/1616/477 1636/1636/477 226/226/477
s 0
f 1617/1617/478 227/227/478 220/220/478
s 1
f 1619/1619/479 1612/1612/480 240/240/481
f 1619/1619/479 240/240/481 234/234/480
