# Blender 3.3.1
# www.blender.org
mtllib pirate_ship.mtl
o ship-pirate-small
v -0.413246 0.269771 0.356068
v -0.413246 0.283259 0.356068
v -0.399015 0.269771 0.390425
v -0.399015 0.283259 0.390425
v -0.359292 0.283259 0.406879
v -0.359292 0.269771 0.406879
v -0.319569 0.283259 0.390425
v -0.319569 0.269771 0.390425
v -0.305338 0.283259 0.356068
v -0.305338 0.269771 0.356068
v -0.305338 0.283259 0.296748
v -0.305338 0.269771 0.296748
v -0.332315 0.276515 0.310236
v -0.332315 0.283259 0.310236
v -0.332315 0.276515 0.350702
v -0.332315 0.283259 0.350702
v -0.340216 0.276515 0.369778
v -0.340216 0.283259 0.369778
v -0.359292 0.283259 0.377679
v -0.359292 0.276515 0.377679
v -0.378368 0.283259 0.369778
v -0.378368 0.276515 0.369778
v -0.386269 0.283259 0.350702
v -0.386269 0.276515 0.350702
v -0.386269 0.283259 0.310236
v -0.386269 0.276515 0.310236
v -0.413246 0.269771 0.296748
v -0.413246 0.283259 0.296748
v -0.318826 0.283259 0.283259
v -0.399758 0.283259 0.283259
v -0.318826 0.269771 0.283259
v -0.399758 0.269771 0.283259
v -0.409295 0.283259 0.287210
v -0.409295 0.269771 0.287210
v -0.309288 0.283259 0.287210
v -0.309288 0.269771 0.287210
v -0.278361 0.053954 0.396534
v -0.251384 0.053954 0.396534
v -0.278361 0.039723 0.430891
v -0.251384 0.039723 0.430891
v -0.251384 -0.000000 0.447344
v -0.278361 -0.000000 0.447344
v -0.251384 -0.039723 0.430891
v -0.278361 -0.039723 0.430891
v -0.251383 -0.053954 0.396534
v -0.278361 -0.053954 0.396534
v -0.271616 -0.026977 0.283259
v -0.251383 -0.026977 0.283259
v -0.271616 -0.026977 0.391168
v -0.251384 -0.026977 0.391168
v -0.271616 -0.019076 0.410243
v -0.251384 -0.019076 0.410243
v -0.251384 -0.000000 0.418145
v -0.271616 -0.000000 0.418145
v -0.251384 0.019075 0.410243
v -0.271616 0.019075 0.410243
v -0.251384 0.026977 0.391168
v -0.271616 0.026977 0.391168
v -0.251384 0.026977 0.283259
v -0.271616 0.026977 0.283259
v -0.251383 -0.053954 0.283259
v -0.278361 -0.053954 0.283259
v -0.251384 0.053954 0.283259
v -0.278361 0.053954 0.283259
v -0.420395 -0.111955 0.472099
v -0.365463 -0.111955 0.472099
v -0.420395 -0.242794 0.472099
v -0.365463 -0.242794 0.472099
v -0.373050 -0.111955 0.424889
v -0.318118 -0.111955 0.424889
v -0.373050 -0.242794 0.424889
v -0.318118 -0.242794 0.424889
v -0.359562 -0.111955 0.448494
v -0.359561 -0.242794 0.448494
v -0.359562 -0.111955 0.466198
v -0.359562 -0.242794 0.466198
v -0.373050 -0.111955 0.448494
v -0.373050 -0.242794 0.448494
v -0.312217 -0.111955 0.401284
v -0.312217 -0.242794 0.401284
v -0.312217 -0.111955 0.418988
v -0.312217 -0.242794 0.418988
v -0.325705 -0.111955 0.401284
v -0.325705 -0.242794 0.401284
v -0.264872 -0.111955 0.354074
v -0.264872 -0.242794 0.354074
v -0.264872 -0.111955 0.371778
v -0.264872 -0.242794 0.371778
v -0.278361 -0.111955 0.354074
v -0.278361 -0.242794 0.354074
v -0.217527 -0.111955 0.306864
v -0.217527 -0.242794 0.306864
v -0.217527 -0.111955 0.324568
v -0.217527 -0.242794 0.324568
v -0.231016 -0.111955 0.306864
v -0.231016 -0.242794 0.306864
v -0.278361 -0.111955 0.330469
v -0.223428 -0.111955 0.330469
v -0.278361 -0.242794 0.330469
v -0.223428 -0.242794 0.330469
v -0.325705 -0.111955 0.377679
v -0.270773 -0.111955 0.377679
v -0.325705 -0.242794 0.377679
v -0.270773 -0.242794 0.377679
v 0.350991 0.023480 0.283259
v 0.323879 0.023480 0.283259
v 0.364547 -0.000000 0.283259
v 0.310323 -0.000000 0.283259
v 0.350991 -0.023480 0.283259
v 0.323879 -0.023480 0.283259
v 0.357668 -0.000000 0.896044
v 0.347551 -0.017522 0.896044
v 0.327318 -0.017522 0.896044
v 0.327318 0.017522 0.896044
v 0.347551 0.017522 0.896044
v 0.317202 -0.000000 0.896044
v -0.420395 0.111955 0.472099
v -0.365463 0.111955 0.472099
v -0.420395 0.242793 0.472099
v -0.365463 0.242793 0.472099
v -0.373050 0.111955 0.424889
v -0.318118 0.111955 0.424889
v -0.373050 0.242793 0.424889
v -0.318118 0.242793 0.424889
v -0.359562 0.111955 0.448494
v -0.359562 0.242793 0.448494
v -0.359562 0.111955 0.466198
v -0.359562 0.242793 0.466198
v -0.373050 0.111955 0.448494
v -0.373050 0.242793 0.448494
v -0.312217 0.111955 0.401284
v -0.312217 0.242793 0.401284
v -0.312217 0.111955 0.418988
v -0.312217 0.242793 0.418988
v -0.325705 0.111955 0.401284
v -0.325705 0.242793 0.401284
v -0.264872 0.111955 0.354074
v -0.264872 0.242794 0.354074
v -0.264872 0.111955 0.371778
v -0.264872 0.242794 0.371778
v -0.278361 0.111955 0.354074
v -0.278361 0.242794 0.354074
v -0.217527 0.111955 0.306864
v -0.217527 0.242794 0.306864
v -0.217527 0.111955 0.324568
v -0.217527 0.242794 0.324568
v -0.231016 0.111955 0.306864
v -0.231016 0.242794 0.306864
v -0.278361 0.111955 0.330469
v -0.223429 0.111955 0.330469
v -0.278361 0.242794 0.330469
v -0.223429 0.242794 0.330469
v -0.325705 0.111955 0.377679
v -0.270773 0.111955 0.377679
v -0.325705 0.242793 0.377679
v -0.270773 0.242793 0.377679
v -0.359292 -0.276515 0.377679
v -0.378367 -0.276515 0.369778
v -0.359292 -0.283260 0.377679
v -0.378367 -0.283260 0.369778
v -0.386269 -0.276515 0.350702
v -0.386269 -0.283260 0.350702
v -0.413246 -0.283260 0.356068
v -0.413246 -0.269771 0.356068
v -0.399015 -0.283260 0.390425
v -0.399015 -0.269771 0.390425
v -0.413246 -0.283260 0.296748
v -0.413246 -0.269771 0.296748
v -0.386269 -0.276515 0.310236
v -0.332315 -0.276515 0.310236
v -0.386269 -0.283260 0.310236
v -0.332315 -0.283260 0.310236
v -0.409295 -0.283260 0.287210
v -0.409295 -0.269771 0.287210
v -0.305338 -0.269771 0.356068
v -0.305338 -0.283260 0.356068
v -0.319569 -0.269771 0.390425
v -0.319569 -0.283260 0.390425
v -0.359292 -0.269771 0.406879
v -0.359292 -0.283260 0.406879
v -0.332315 -0.283260 0.350702
v -0.332315 -0.276515 0.350702
v -0.309288 -0.269771 0.287210
v -0.309288 -0.283260 0.287210
v -0.305338 -0.269771 0.296748
v -0.305338 -0.283260 0.296748
v -0.399757 -0.269771 0.283259
v -0.399757 -0.283260 0.283259
v -0.318826 -0.283260 0.283259
v -0.340216 -0.283260 0.369778
v -0.318826 -0.269771 0.283259
v -0.340216 -0.276515 0.369778
v -0.325063 0.038056 0.577598
v -0.325063 0.048929 0.566725
v -0.291849 0.038056 0.577598
v -0.291849 0.048929 0.566725
v -0.325063 -0.038056 0.577598
v -0.291849 -0.038056 0.577598
v -0.325063 -0.048929 0.566725
v -0.291849 -0.048929 0.566725
v -0.325063 -0.048929 0.490612
v -0.291849 -0.048929 0.490612
v -0.325063 -0.038056 0.479739
v -0.291849 -0.038056 0.479739
v -0.325063 -0.000000 0.517795
v -0.325063 -0.010873 0.528668
v -0.325063 0.010873 0.528668
v -0.325063 0.048929 0.490612
v -0.325063 0.038056 0.479739
v -0.325063 -0.000000 0.539542
v -0.291849 -0.000000 0.539542
v -0.291849 0.010873 0.528668
v -0.291849 -0.010873 0.528668
v -0.291849 -0.000000 0.517795
v -0.291849 0.048929 0.490612
v -0.291849 0.038056 0.479739
v -0.300153 0.023643 0.515898
v -0.316760 0.023643 0.515898
v -0.300153 0.035659 0.503883
v -0.316760 0.035659 0.503883
v -0.300153 0.012770 0.505025
v -0.316760 0.012770 0.505025
v -0.300153 0.024786 0.493009
v -0.316760 0.024786 0.493009
v -0.300153 0.023643 0.541439
v -0.300153 0.035659 0.553455
v -0.316760 0.023643 0.541439
v -0.316760 0.035659 0.553455
v -0.316760 -0.035659 0.503883
v -0.316760 -0.023644 0.515898
v -0.300153 -0.035659 0.503883
v -0.300153 -0.023644 0.515898
v -0.316760 0.012770 0.552312
v -0.316760 0.024786 0.564328
v -0.300153 0.012770 0.552312
v -0.300153 0.024786 0.564328
v -0.300153 -0.024786 0.564328
v -0.316760 -0.024786 0.564328
v -0.300153 -0.012771 0.552312
v -0.316760 -0.012771 0.552312
v -0.316760 -0.024786 0.493009
v -0.316760 -0.012771 0.505025
v -0.300153 -0.024786 0.493009
v -0.300153 -0.012771 0.505025
v -0.300153 -0.035659 0.553455
v -0.316760 -0.035659 0.553455
v -0.300153 -0.023644 0.541439
v -0.316760 -0.023644 0.541439
v -0.038166 0.023480 0.283259
v -0.065278 0.023480 0.283259
v -0.024610 -0.000000 0.283259
v -0.078834 -0.000000 0.283259
v -0.038166 -0.023480 0.283259
v -0.065278 -0.023480 0.283259
v -0.031489 -0.000000 1.343933
v -0.041605 -0.017523 1.343933
v -0.061838 -0.017523 1.343933
v -0.061838 0.017522 1.343933
v -0.041605 0.017522 1.343933
v -0.071954 -0.000000 1.343933
v 0.016701 -0.158141 -0.000000
v -0.101323 -0.158141 -0.000000
v 0.016701 -0.252058 0.078265
v -0.101323 -0.252059 0.078265
v -0.101323 -0.296748 0.197436
v 0.016701 -0.296748 0.197436
v -0.101323 -0.148374 0.283259
v -0.101323 -0.296748 0.283259
v -0.101323 -0.148374 0.197436
v -0.101324 0.148374 0.197436
v -0.101324 0.296748 0.197436
v -0.101324 0.296748 0.283259
v -0.101324 0.148374 0.283259
v -0.101324 0.252058 0.078265
v -0.101324 0.158141 0.000000
v 0.016701 0.252058 0.078265
v 0.016701 0.158141 0.000000
v 0.016701 0.296748 0.197436
v 0.016701 0.296748 0.283259
v 0.016701 0.148374 0.283259
v 0.016701 0.148374 0.197436
v 0.016701 -0.148374 0.197436
v 0.016701 -0.148374 0.283259
v 0.016701 -0.296748 0.283259
v -0.420395 -0.084978 0.512564
v -0.420395 -0.084978 0.472099
v -0.412493 -0.084978 0.531640
v -0.291849 -0.084978 0.472099
v -0.393418 -0.084978 0.539542
v -0.291849 -0.084978 0.539542
v -0.420395 0.084978 0.472099
v -0.420395 0.084978 0.512564
v -0.291849 0.084978 0.472099
v -0.412494 0.084978 0.531640
v -0.393418 0.084977 0.539542
v -0.291849 0.084978 0.539542
v -0.420395 0.125443 0.512565
v -0.412494 0.125443 0.531640
v -0.420395 0.125443 0.472099
v -0.278361 0.125443 0.472099
v -0.393418 0.125443 0.539542
v -0.278361 0.125443 0.539542
v -0.259285 0.117542 0.472099
v -0.251384 0.098466 0.472099
v -0.259285 0.117542 0.539542
v -0.251384 0.098466 0.539542
v -0.278361 -0.125444 0.472099
v -0.278361 -0.125444 0.539542
v -0.259285 -0.117542 0.472099
v -0.259285 -0.117542 0.539542
v -0.251383 -0.098467 0.472099
v -0.251383 -0.098467 0.539542
v -0.412493 -0.125444 0.531640
v -0.393418 -0.125444 0.539541
v -0.420395 -0.125444 0.512564
v -0.420395 -0.125444 0.472099
v 0.016701 -0.296748 0.283259
v 0.016701 -0.242794 0.283259
v 0.016701 -0.296748 0.333841
v 0.016701 -0.242794 0.333841
v 0.033562 -0.296748 0.350702
v 0.033562 -0.242794 0.350702
v 0.016701 0.242794 0.283259
v 0.016701 0.296748 0.283259
v 0.016701 0.242794 0.333841
v 0.016701 0.296748 0.333841
v 0.033562 0.242794 0.350702
v 0.033562 0.296748 0.350702
v 0.107181 0.296748 0.350702
v 0.107181 0.296748 0.283259
v 0.206713 0.233342 0.350702
v 0.490486 0.052569 0.283259
v 0.292982 0.178386 0.418145
v 0.490486 0.052568 0.418145
v 0.091456 0.242794 0.283259
v 0.091456 0.242794 0.350702
v 0.436532 0.022967 0.283259
v 0.177725 0.187837 0.350702
v 0.263994 0.132881 0.418145
v 0.436532 0.022967 0.418145
v 0.436532 -0.022967 0.283259
v 0.436532 -0.022967 0.418145
v 0.091456 -0.242794 0.350702
v 0.091456 -0.242794 0.283259
v 0.177725 -0.187837 0.350702
v 0.263994 -0.132881 0.418145
v 0.490486 -0.052568 0.283259
v 0.490486 -0.052568 0.418145
v 0.107181 -0.296748 0.283259
v 0.107181 -0.296748 0.350702
v 0.206713 -0.233342 0.350702
v 0.292982 -0.178386 0.418145
v -0.153017 -0.242794 0.350702
v -0.153017 -0.296748 0.350702
v -0.268209 -0.242794 0.524248
v -0.268209 -0.296748 0.524248
v -0.118184 -0.242794 0.350702
v -0.101323 -0.242794 0.333841
v -0.118184 -0.296748 0.350702
v -0.101323 -0.296748 0.333841
v -0.153017 0.296748 0.350702
v -0.153017 0.242794 0.350702
v -0.268210 0.296748 0.524248
v -0.268210 0.242793 0.524248
v -0.296716 0.296748 0.539542
v -0.296716 0.242793 0.539542
v -0.101323 -0.242794 0.283259
v -0.101323 -0.296748 0.283259
v -0.296716 -0.242794 0.539542
v -0.296716 -0.296748 0.539542
v -0.101324 0.296748 0.283259
v -0.101324 0.242794 0.283259
v -0.101324 0.296748 0.333841
v -0.101324 0.242794 0.333841
v -0.118184 0.296748 0.350702
v -0.118184 0.242794 0.350702
v -0.480689 0.202328 0.566519
v -0.480689 0.242793 0.566519
v -0.480689 0.202328 0.539542
v -0.480689 0.242793 0.472099
v -0.480689 -0.242794 0.472099
v -0.480689 -0.202328 0.539541
v -0.480689 -0.242794 0.566519
v -0.480689 -0.202328 0.566519
v -0.189199 0.296748 0.283259
v -0.189199 0.242794 0.283259
v -0.314542 0.242793 0.472099
v -0.314542 0.296748 0.472099
v -0.189199 -0.242794 0.283259
v -0.189199 -0.296748 0.283259
v -0.314542 -0.296748 0.472099
v -0.314542 -0.242794 0.472099
v -0.534643 0.202328 0.539542
v -0.534643 -0.202328 0.539541
v -0.534643 0.202328 0.566519
v -0.534643 0.229305 0.566519
v -0.514890 0.276994 0.566519
v -0.440223 0.242793 0.566519
v -0.440223 0.296748 0.566519
v -0.467200 0.296748 0.566519
v -0.440223 0.242793 0.539542
v -0.440223 0.296748 0.539542
v -0.534643 -0.202328 0.566519
v -0.534643 -0.229306 0.566519
v -0.514889 -0.276995 0.566519
v -0.440223 -0.242794 0.566519
v -0.440223 -0.296748 0.566519
v -0.467200 -0.296748 0.566519
v -0.440223 -0.242794 0.539541
v -0.440223 -0.296748 0.539541
v -0.514889 -0.276995 0.472099
v -0.467200 -0.296748 0.472099
v -0.467200 0.296748 0.472099
v -0.534643 0.229305 0.472099
v -0.514890 0.276994 0.472099
v -0.467200 0.242793 0.472099
v -0.534643 -0.229306 0.472099
v -0.467200 -0.242794 0.472099
v 0.043678 -0.269771 0.256282
v 0.043678 -0.310237 0.256282
v 0.043678 -0.269771 0.283259
v 0.043678 -0.310237 0.283259
v 0.030190 -0.323725 0.283259
v 0.030190 -0.323725 0.256282
v -0.114812 -0.323725 0.283259
v -0.114812 -0.323725 0.256282
v -0.128300 -0.310237 0.256282
v -0.128300 -0.269771 0.256282
v -0.128300 -0.310237 0.283259
v -0.128300 -0.269771 0.283259
v -0.231016 -0.111955 0.283259
v -0.231016 -0.242794 0.283259
v -0.278361 -0.111955 0.283259
v -0.325705 -0.111955 0.354074
v 0.490486 0.037768 0.404998
v 0.490486 0.037768 0.350702
v 0.652349 0.028326 0.404998
v 0.652349 0.028326 0.381286
v 0.490486 -0.037768 0.350702
v 0.652349 -0.028326 0.381286
v 0.490486 -0.037768 0.404998
v 0.652349 -0.028326 0.404998
v 0.490486 0.024263 0.418145
v 0.652349 0.014821 0.418145
v 0.490486 -0.024263 0.418145
v 0.652349 -0.014820 0.418145
v -0.231016 0.111955 0.283259
v -0.231016 0.242794 0.283259
v -0.278361 0.111955 0.283259
v -0.325705 0.111955 0.354074
v -0.278361 0.111955 0.283259
v -0.278361 -0.111955 0.283259
v -0.278361 0.111955 0.472099
v -0.278361 -0.111955 0.472099
v -0.189199 0.242794 0.283259
v -0.314542 0.242793 0.472099
v -0.189199 0.269771 0.283259
v -0.314542 0.269771 0.472099
v -0.507666 0.269770 0.472099
v -0.420395 0.269771 0.472099
v -0.507666 0.111955 0.472099
v -0.420395 0.242793 0.472099
v -0.420395 0.111955 0.472099
v -0.507666 -0.111955 0.472099
v -0.420395 -0.111955 0.472099
v -0.507666 -0.269771 0.472099
v -0.420395 -0.242794 0.472099
v -0.420395 -0.269771 0.472099
v -0.314542 -0.242794 0.472099
v -0.314542 -0.269771 0.472099
v -0.420395 0.242793 0.283259
v -0.189199 -0.242794 0.283259
v -0.189199 -0.269771 0.283259
v -0.420395 -0.242794 0.283259
v -0.420395 0.111955 0.283259
v -0.420395 -0.111955 0.283259
v -0.316760 0.045926 0.528668
v -0.300153 0.045926 0.528668
v -0.316760 -0.000000 0.574594
v -0.300153 -0.000000 0.574594
v -0.316760 -0.028934 0.528668
v -0.300153 -0.028934 0.528668
v -0.300153 -0.000000 0.557602
v -0.316760 -0.000000 0.557602
v -0.316760 -0.045926 0.528668
v -0.300153 -0.045926 0.528668
v -0.316760 -0.000000 0.499735
v -0.300153 -0.000000 0.499735
v -0.316760 0.028933 0.528668
v -0.316760 -0.000000 0.482743
v -0.300153 0.028933 0.528668
v -0.300153 -0.000000 0.482743
v -0.128301 0.269771 0.256282
v -0.128301 0.310236 0.256282
v -0.128301 0.269771 0.283259
v -0.128301 0.310236 0.283259
v -0.114812 0.323725 0.283259
v -0.114812 0.323725 0.256282
v 0.030190 0.323725 0.283259
v 0.030190 0.323725 0.256282
v 0.043678 0.310236 0.256282
v 0.043678 0.269771 0.256282
v 0.043678 0.310236 0.283259
v 0.043678 0.269771 0.283259
v -0.071037 0.033455 0.391168
v -0.032406 0.033455 0.391168
v -0.090352 -0.000000 0.391168
v -0.013091 -0.000000 0.391168
v -0.071037 -0.033455 0.391168
v -0.032406 -0.033455 0.391168
v -0.078209 0.045877 0.283259
v -0.025235 0.045877 0.283259
v -0.104696 -0.000000 0.283259
v 0.001253 -0.000000 0.283259
v -0.025235 -0.045877 0.283259
v -0.078209 -0.045877 0.283259
v -0.024610 0.046725 1.038618
v -0.078564 0.046725 1.038618
v 0.002367 -0.000000 1.038618
v -0.105541 -0.000000 1.038618
v -0.024610 -0.046726 1.038618
v -0.078564 -0.046726 1.038618
v -0.089355 0.065416 1.146526
v -0.013819 0.065416 1.146526
v -0.127123 -0.000000 1.146526
v -0.089355 -0.065416 1.146526
v -0.013819 -0.065416 1.146526
v 0.023949 -0.000000 1.146526
v -0.076704 0.043503 1.052106
v -0.026470 0.043503 1.052106
v -0.101820 -0.000000 1.052106
v -0.001353 -0.000000 1.052106
v -0.076704 -0.043504 1.052106
v -0.026470 -0.043504 1.052106
v -0.101820 -0.000000 1.146526
v -0.076704 -0.043504 1.146526
v -0.026470 -0.043504 1.146526
v -0.001353 -0.000000 1.146526
v -0.026470 0.043503 1.146526
v -0.076704 0.043503 1.146526
v -0.278361 0.269771 0.283259
v 0.099318 0.269771 0.283259
v -0.278361 -0.269771 0.283259
v 0.463509 0.037768 0.283259
v 0.463509 -0.037768 0.283259
v 0.099319 -0.269771 0.283259
v 0.463509 -0.037768 0.146890
v 0.099319 -0.148374 0.026977
v 0.099319 -0.229305 0.094420
v 0.099319 -0.269771 0.202328
v 0.099318 0.269771 0.202328
v 0.099318 0.229305 0.094420
v 0.463509 0.037768 0.146890
v 0.099318 0.148374 0.026977
v -0.372780 -0.229305 0.094420
v -0.372780 0.229305 0.094420
v -0.440223 -0.269771 0.202328
v -0.440223 0.269771 0.202328
v -0.372780 0.148374 0.026977
v -0.189199 0.148374 0.026977
v -0.189199 0.229305 0.094420
v -0.440223 -0.269771 0.283259
v -0.189199 -0.269771 0.202328
v -0.314542 -0.269771 0.472099
v -0.507666 -0.269771 0.472099
v -0.507666 -0.269771 0.377679
v -0.189199 -0.269771 0.283259
v 0.099319 -0.269771 0.283259
v -0.189199 0.269771 0.202328
v -0.372780 -0.148374 0.026977
v 0.463509 0.037768 0.283259
v 0.463509 -0.037768 0.283259
v -0.507666 0.269771 0.377679
v -0.507666 0.269770 0.472099
v -0.507666 -0.111955 0.472099
v -0.507666 0.111955 0.472099
v -0.440223 0.269771 0.283259
v 0.099318 0.269771 0.283259
v -0.420395 0.269771 0.472099
v -0.314542 0.269771 0.472099
v -0.189199 0.269771 0.283259
v -0.189199 -0.229305 0.094420
v -0.189199 -0.148374 0.026977
v -0.328031 -0.296748 0.202328
v -0.328031 -0.296748 0.256282
v -0.314542 -0.283260 0.202328
v -0.314542 -0.283260 0.256282
v -0.314542 0.283259 0.202328
v -0.314542 0.269771 0.202328
v -0.314542 0.283259 0.256282
v -0.314542 0.269771 0.256282
v -0.328031 0.296748 0.256282
v -0.328031 0.296748 0.202328
v -0.314542 -0.269771 0.202328
v -0.314542 -0.269771 0.256282
v -0.467200 0.283259 0.202328
v -0.467200 0.283259 0.256282
v -0.467200 -0.283260 0.202328
v -0.467200 -0.283260 0.256282
v -0.453712 0.296748 0.256282
v -0.453712 0.296748 0.202328
v -0.453711 -0.296748 0.202328
v -0.453711 -0.296748 0.256282
v -0.440223 0.269771 0.256282
v -0.440223 -0.269771 0.256282
v 0.361100 -0.014821 0.418145
v 0.388078 -0.014821 0.643606
v 0.506725 -0.014821 0.445122
v 0.418653 -0.014821 0.706989
v 0.361100 -0.014821 0.869067
v 0.516823 -0.014821 0.554999
v 0.361100 0.014820 0.869067
v 0.388078 0.014820 0.643606
v 0.418653 0.014820 0.706989
v 0.506725 0.014821 0.445122
v 0.361100 0.014821 0.418145
v 0.516823 0.014821 0.554999
v -0.009719 -0.242794 0.436829
v -0.009719 -0.269771 0.436829
v -0.009719 -0.242794 0.467178
v -0.009719 -0.269771 0.467178
v -0.067045 -0.269771 0.436829
v -0.067045 -0.242794 0.436829
v -0.067045 -0.269771 0.467178
v -0.067045 -0.242794 0.467178
v -0.023208 -0.242794 0.423340
v -0.053557 -0.242794 0.423340
v -0.023208 -0.269771 0.423340
v -0.053557 -0.269771 0.423340
v -0.053557 -0.242794 0.480667
v -0.023208 -0.242794 0.480667
v -0.053557 -0.269771 0.480667
v -0.023208 -0.269771 0.480667
v -0.009719 0.269771 0.436829
v -0.009719 0.242794 0.436829
v -0.009719 0.269771 0.467178
v -0.009719 0.242794 0.467178
v -0.067045 0.242794 0.436829
v -0.067045 0.269771 0.436829
v -0.067045 0.242794 0.467178
v -0.067045 0.269771 0.467178
v -0.023208 0.269771 0.423341
v -0.053557 0.269771 0.423341
v -0.023208 0.242794 0.423341
v -0.053557 0.242794 0.423341
v -0.053557 0.269771 0.480667
v -0.023208 0.269771 0.480667
v -0.053557 0.242794 0.480667
v -0.023208 0.242794 0.480667
v -0.009719 0.269771 1.016836
v -0.009719 0.242793 1.016836
v -0.009719 0.269771 1.047185
v -0.009719 0.242793 1.047185
v -0.067046 0.242793 1.016836
v -0.067046 0.269770 1.016836
v -0.067046 0.242793 1.047185
v -0.067046 0.269770 1.047185
v -0.023208 0.269770 1.003348
v -0.053557 0.269770 1.003348
v -0.023208 0.242793 1.003348
v -0.053557 0.242793 1.003348
v -0.053557 0.269770 1.060674
v -0.023208 0.269770 1.060674
v -0.053557 0.242793 1.060674
v -0.023208 0.242793 1.060674
v -0.009719 -0.242794 1.016836
v -0.009719 -0.269771 1.016836
v -0.009719 -0.242794 1.047185
v -0.009719 -0.269771 1.047185
v -0.067045 -0.269771 1.016836
v -0.067045 -0.242794 1.016836
v -0.067045 -0.269771 1.047185
v -0.067045 -0.242794 1.047185
v -0.023208 -0.242794 1.003348
v -0.053557 -0.242794 1.003348
v -0.023208 -0.269771 1.003348
v -0.053557 -0.269771 1.003348
v -0.053557 -0.242794 1.060674
v -0.023208 -0.242794 1.060674
v -0.053557 -0.269771 1.060674
v -0.023208 -0.269771 1.060674
v 0.025320 0.256282 0.873591
v 0.045888 0.296748 0.742007
v 0.069087 0.256282 0.885041
v 0.091445 0.296748 0.742007
v -0.025428 0.296748 0.508025
v -0.041242 0.296748 0.476116
v -0.023208 0.296748 0.467178
v 0.025320 0.256282 0.610423
v 0.069087 0.256282 0.598974
v -0.041242 0.296748 1.007899
v -0.025428 0.296748 0.975990
v -0.023208 0.296748 1.016836
v 0.025320 -0.256282 0.610423
v 0.045889 -0.296748 0.742007
v 0.069087 -0.256282 0.598974
v 0.091445 -0.296748 0.742007
v 0.025320 -0.256283 0.873591
v 0.069087 -0.256283 0.885041
v -0.025428 -0.296748 0.975990
v -0.041242 -0.296748 1.007898
v -0.023208 -0.296748 1.016836
v -0.041242 -0.296748 0.476116
v -0.025428 -0.296748 0.508025
v -0.023208 -0.296748 0.467178
v -0.053557 0.296748 1.047186
v -0.053557 0.296748 1.016836
v -0.023208 0.296748 1.047186
v -0.023208 0.296748 1.016836
v -0.053557 -0.296748 1.016836
v -0.053557 -0.296748 1.047185
v -0.023208 -0.296748 1.016836
v -0.023208 -0.296748 1.047185
v -0.053557 0.296748 0.467178
v -0.053557 0.296748 0.436829
v -0.023208 0.296748 0.467178
v -0.023208 0.296748 0.436829
v -0.053557 -0.296748 0.436829
v -0.053557 -0.296748 0.467178
v -0.023208 -0.296748 0.436829
v -0.023208 -0.296748 0.467178
v 0.099942 -0.056279 0.649985
v 0.099942 -0.070721 0.649985
v 0.099942 -0.049058 0.657206
v 0.099942 -0.104683 0.683946
v 0.099942 0.104682 0.683947
v 0.099942 0.049057 0.657206
v 0.099942 -0.049058 0.621745
v 0.099942 0.049057 0.621745
v 0.099942 0.056278 0.649985
v 0.099942 0.070721 0.649985
v 0.099942 0.041140 0.689015
v 0.099942 0.104682 0.706306
v 0.099942 0.064412 0.698655
v 0.099942 0.074052 0.721927
v 0.099942 0.093503 0.717486
v 0.099942 0.115192 0.769849
v 0.099942 0.064412 0.745199
v 0.099942 -0.041140 0.689015
v 0.099942 0.017868 0.698655
v 0.099942 -0.104683 0.706306
v 0.099942 -0.017868 0.698655
v 0.099942 -0.064413 0.698655
v 0.099942 0.008228 0.721927
v 0.099942 -0.008228 0.721927
v 0.099942 -0.074052 0.721927
v 0.099942 -0.093503 0.717486
v 0.099942 -0.064413 0.745199
v 0.099942 -0.115192 0.769849
v 0.099942 0.081453 0.851302
v 0.099942 -0.081453 0.851302
v 0.099942 -0.000000 0.885041
v 0.069087 -0.049058 0.657206
v 0.069087 -0.056279 0.649985
v 0.069087 -0.070721 0.649985
v 0.069087 -0.104683 0.683946
v 0.069087 0.070721 0.649985
v 0.069087 0.056278 0.649985
v 0.069087 0.093503 0.717486
v 0.069087 0.104682 0.706306
v 0.069087 0.041140 0.689015
v 0.069087 0.017868 0.698655
v 0.069087 0.064412 0.745199
v 0.069087 0.008228 0.721927
v 0.069087 -0.000000 0.885041
v 0.069087 -0.081453 0.851302
v 0.069087 -0.008228 0.721927
v 0.069087 -0.017868 0.698655
v 0.069087 -0.115192 0.769849
v 0.069087 -0.093503 0.717486
v 0.069087 0.104682 0.683947
v 0.069087 0.049057 0.621745
v 0.069087 -0.049058 0.621745
v 0.069087 -0.064413 0.745199
v 0.069087 0.115192 0.769849
v 0.069087 0.081453 0.851302
v 0.069087 -0.074052 0.721927
v 0.069087 -0.041140 0.689015
v 0.069087 -0.064413 0.698655
v 0.069087 -0.104683 0.706306
v 0.069087 0.049057 0.657206
v 0.069087 0.064412 0.698655
v 0.069087 0.074052 0.721927
v -0.186221 -0.007440 1.256353
v -0.210737 -0.000000 1.288473
v -0.186221 -0.007440 1.320592
v -0.186221 -0.007440 1.192114
v -0.210737 -0.000000 1.224233
v -0.144754 0.009156 1.320592
v -0.144754 0.009156 1.192114
v -0.110873 -0.013163 1.320592
v -0.110873 -0.013163 1.192114
v -0.087480 -0.013163 1.320592
v -0.087480 -0.013163 1.192114
v -0.067499 -0.000000 1.320592
v -0.067499 -0.000000 1.192114
v -0.161027 0.009156 1.320592
v -0.161027 0.009156 1.192114
v -0.174927 -0.000000 1.320592
v -0.174927 -0.000000 1.192114
v -0.028056 0.015777 1.192114
v -0.028056 -0.015778 1.192114
v -0.028056 0.015777 1.219094
v -0.028056 -0.015778 1.219094
v -0.035944 0.023665 1.192114
v -0.067499 0.023665 1.192114
v -0.075387 0.015777 1.192114
v -0.075387 -0.015778 1.192114
v -0.035944 -0.023666 1.192114
v -0.067499 -0.023666 1.192114
v -0.035944 0.023665 1.219094
v -0.035945 0.023665 1.294897
v -0.067499 0.023665 1.294897
v -0.028056 0.015777 1.294897
v -0.075387 0.015777 1.294897
v -0.028056 -0.015778 1.294897
v -0.075387 -0.015778 1.294897
v -0.035944 -0.023666 1.294897
v -0.067499 -0.023666 1.294897
v -0.067499 0.023665 1.219094
v -0.075387 0.015777 1.219094
v -0.075387 -0.015778 1.219094
v -0.067499 -0.023666 1.219094
v -0.035944 -0.023666 1.219094
v -0.035945 0.023665 1.321877
v -0.028056 0.015777 1.321877
v -0.067499 0.023665 1.321877
v -0.075387 0.015777 1.321877
v -0.075387 -0.015778 1.321877
v -0.028056 -0.015778 1.321877
v -0.067499 -0.023666 1.321877
v -0.035944 -0.023666 1.321877
v 0.202935 -0.007440 0.803543
v 0.178420 -0.000000 0.835662
v 0.202935 -0.007440 0.867782
v 0.202935 -0.007440 0.739304
v 0.178420 -0.000000 0.771423
v 0.244402 0.009156 0.867782
v 0.244402 0.009156 0.739304
v 0.278284 -0.013163 0.867782
v 0.278284 -0.013163 0.739304
v 0.301676 -0.013163 0.867782
v 0.301676 -0.013163 0.739304
v 0.321658 -0.000000 0.867782
v 0.321658 -0.000000 0.739304
v 0.228129 0.009156 0.867782
v 0.228129 0.009156 0.739304
v 0.214229 -0.000000 0.867782
v 0.214229 -0.000000 0.739304
v 0.361100 0.015777 0.739304
v 0.361100 -0.015777 0.739304
v 0.361100 0.015777 0.766284
v 0.361100 -0.015777 0.766284
v 0.353212 0.023666 0.739304
v 0.321658 0.023666 0.739304
v 0.313769 0.015777 0.739304
v 0.313769 -0.015777 0.739304
v 0.353212 -0.023666 0.739304
v 0.321658 -0.023666 0.739304
v 0.353212 0.023666 0.766284
v 0.353212 0.023666 0.842086
v 0.321658 0.023666 0.842086
v 0.361100 0.015777 0.842086
v 0.313769 0.015777 0.842086
v 0.361100 -0.015777 0.842086
v 0.313769 -0.015777 0.842086
v 0.353212 -0.023666 0.842086
v 0.321658 -0.023666 0.842086
v 0.321658 0.023666 0.766284
v 0.313769 0.015777 0.766284
v 0.313769 -0.015777 0.766284
v 0.321658 -0.023666 0.766284
v 0.353212 -0.023666 0.766284
v 0.353212 0.023666 0.869067
v 0.361100 0.015777 0.869067
v 0.321658 0.023666 0.869067
v 0.313769 0.015777 0.869067
v 0.313769 -0.015777 0.869067
v 0.361100 -0.015777 0.869067
v 0.321658 -0.023666 0.869067
v 0.353212 -0.023666 0.869067
vn -0.7071 -0.0000 0.7071
vn -0.9808 -0.0000 0.1951
vn -0.0000 -0.0000 1.0000
vn 0.7071 -0.0001 0.7071
vn 0.7071 -0.0000 0.7071
vn 0.9808 -0.0000 0.1951
vn 0.9808 -0.0000 -0.1951
vn -1.0000 -0.0000 -0.0000
vn -0.7071 -0.0000 -0.7071
vn -0.9239 -0.0000 -0.3827
vn -0.0000 -0.0000 -1.0000
vn 0.7071 -0.0000 -0.7071
vn 0.9239 -0.0000 -0.3827
vn 1.0000 -0.0000 -0.0000
vn -0.9808 -0.0000 -0.1951
vn 0.1951 -0.0000 -0.9808
vn -0.1951 -0.0000 -0.9808
vn -0.0000 1.0000 -0.0000
vn -0.0000 0.7071 0.7071
vn -0.0000 0.9808 0.1951
vn -0.0001 0.7071 0.7071
vn 0.0002 0.7071 0.7071
vn -0.0000 -0.7071 0.7071
vn -0.0000 -0.9808 0.1951
vn -0.0001 -0.9808 0.1951
vn -0.0000 0.7071 -0.7071
vn -0.0000 0.9239 -0.3827
vn -0.0000 -0.7071 -0.7071
vn -0.0000 -0.9239 -0.3827
vn -0.0000 -1.0000 -0.0000
vn 1.0000 0.0001 -0.0000
vn 0.3827 -0.0000 0.9239
vn 0.7071 -0.0003 -0.7071
vn 0.7071 0.0001 -0.7071
vn 1.0000 -0.0000 0.0001
vn 0.7071 0.0004 -0.7071
vn 0.3827 0.0001 0.9239
vn 0.9999 -0.0000 0.0112
vn 0.5000 -0.8660 0.0112
vn 0.9999 -0.0000 0.0113
vn -0.5000 -0.8660 0.0112
vn -0.5000 -0.8660 0.0113
vn -0.5000 0.8660 0.0112
vn 0.5000 0.8660 0.0112
vn 0.5000 0.8660 0.0113
vn -0.9999 -0.0000 0.0112
vn 0.7070 -0.0000 0.7072
vn 0.7071 0.0003 -0.7071
vn 0.7071 -0.0004 -0.7071
vn 0.0001 0.7071 0.7071
vn -0.0002 0.7071 0.7071
vn -0.0001 0.7071 -0.7071
vn 0.0001 0.7071 -0.7071
vn -0.0001 -0.7071 0.7071
vn 0.0001 -0.7071 0.7071
vn -0.0001 -0.7071 -0.7071
vn 1.0000 -0.0000 0.0065
vn 0.5000 -0.8660 0.0065
vn 1.0000 -0.0000 0.0064
vn -0.5000 -0.8660 0.0065
vn -0.5000 0.8660 0.0065
vn 0.5000 0.8660 0.0065
vn -1.0000 -0.0000 0.0065
vn -1.0000 -0.0000 0.0064
vn -0.0000 -0.8154 -0.5789
vn -0.0000 -0.3404 -0.9403
vn -0.0000 -0.9840 -0.1784
vn -0.0000 0.3404 -0.9403
vn -0.0000 0.8154 -0.5789
vn -0.0000 0.9840 -0.1784
vn -0.0000 -1.0000 -0.0001
vn 0.1951 0.9808 -0.0000
vn 0.7071 0.7071 -0.0000
vn 0.9808 0.1951 -0.0000
vn -0.1951 -0.0000 0.9808
vn 0.7071 -0.7071 -0.0000
vn 0.1951 -0.9808 -0.0000
vn 0.9808 -0.1951 -0.0000
vn -0.9808 0.0001 0.1951
vn 0.9808 -0.1951 0.0001
vn -0.9239 -0.0000 0.3827
vn -0.3827 -0.0000 0.9239
vn 0.5373 0.8434 -0.0000
vn 0.8767 0.4810 -0.0003
vn 0.8767 0.4810 -0.0000
vn -0.5373 -0.8434 -0.0000
vn -0.5373 0.8434 -0.0000
vn 0.8767 -0.4810 -0.0000
vn 0.5373 -0.8434 -0.0000
vn 0.8767 -0.4810 -0.0002
vn -0.2424 0.1544 0.9578
vn -0.2424 -0.1544 0.9578
vn -0.2425 0.1543 0.9578
vn -0.2423 0.1544 0.9578
vn -0.2423 -0.1544 0.9578
vn 0.6733 -0.0000 0.7394
vn 0.8332 -0.0000 0.5530
vn 0.6733 0.0001 0.7394
vn 0.9239 -0.0000 0.3827
vn 0.2437 -0.0000 0.9699
vn 0.2437 -0.0000 0.9698
vn -0.8332 -0.0000 -0.5530
vn -0.1951 -0.9808 -0.0000
vn -0.7071 -0.7071 -0.0000
vn -0.1951 0.9808 -0.0000
vn -0.9808 0.1951 -0.0000
vn -0.7071 0.7071 -0.0000
vn -0.9808 0.1951 -0.0001
vn 0.2437 -0.0001 0.9698
vn -0.9808 -0.1951 0.0001
vn -0.9808 -0.1951 -0.0000
vn 0.9239 -0.3827 -0.0000
vn -0.3827 -0.9239 -0.0000
vn 0.3827 -0.9239 -0.0000
vn -0.9239 -0.3827 -0.0000
vn 0.0535 0.9177 0.3936
vn 0.0582 0.9983 -0.0000
vn 0.0538 0.9221 0.3833
vn 0.0534 0.9177 0.3936
vn 0.1857 -0.0000 -0.9826
vn 0.0582 -0.9983 -0.0000
vn 0.0536 -0.9221 0.3833
vn 0.0538 -0.9221 0.3833
vn 0.0535 -0.9177 0.3936
vn 0.0227 -0.3882 0.9213
vn 0.0213 0.3643 0.9310
vn 0.0226 0.3882 0.9213
vn 0.0212 -0.3643 0.9310
vn 0.0212 -0.3643 0.9311
vn 0.0226 -0.3882 0.9213
vn 0.0538 -0.9221 0.3832
vn 0.0538 0.9221 0.3832
vn 0.0227 0.3882 0.9213
vn 0.0212 0.3643 0.9310
vn -0.0000 0.9239 0.3827
vn -0.0000 -0.3827 0.9239
vn -0.0000 0.3827 -0.9239
vn -0.0000 -0.9239 0.3827
vn -0.0000 -0.3827 -0.9239
vn -0.0000 0.3827 0.9239
vn -0.9239 0.3827 -0.0000
vn 0.3827 0.9239 -0.0000
vn -0.3827 0.9239 -0.0000
vn 0.9239 0.3827 -0.0000
vn -0.4956 0.8585 0.1317
vn 0.4956 0.8585 0.1318
vn 0.4956 0.8585 0.1317
vn -0.9913 -0.0000 0.1317
vn -0.4957 0.8585 0.1318
vn -0.4957 0.8585 0.1317
vn 0.9913 -0.0000 0.1317
vn 0.4957 -0.8584 0.1318
vn 0.4957 -0.8585 0.1318
vn 0.4957 -0.8585 0.1317
vn 0.4956 -0.8585 0.1318
vn -0.4956 -0.8585 0.1317
vn 0.4956 -0.8585 0.1317
vn 0.4957 0.8585 0.1317
vn 0.9913 -0.0000 0.1318
vn -0.4957 -0.8585 0.1317
vn -0.9913 -0.0000 0.1318
vn 0.4903 0.8492 -0.1961
vn -0.4903 0.8492 -0.1961
vn -0.9806 -0.0000 -0.1961
vn -0.4903 -0.8492 -0.1961
vn 0.4903 -0.8492 -0.1961
vn 0.9806 -0.0000 -0.1961
vn 0.5000 0.8660 -0.0000
vn -0.5000 0.8660 -0.0000
vn -0.5000 -0.8660 -0.0000
vn 0.5000 -0.8660 -0.0000
vn 0.4590 -0.7367 -0.4966
vn 0.4084 -0.5844 -0.7012
vn 0.5308 -0.8361 -0.1383
vn 0.5309 -0.8361 -0.1383
vn 0.5180 -0.8450 -0.1330
vn 0.5309 0.8361 -0.1383
vn 0.4590 0.7367 -0.4966
vn 0.5180 0.8450 -0.1330
vn 0.5308 0.8361 -0.1383
vn 0.4084 0.5844 -0.7012
vn -0.9694 -0.0000 -0.2456
vn -0.9170 -0.0000 -0.3990
vn -0.0000 0.8369 -0.5474
vn -0.0000 0.6402 -0.7682
vn -0.0001 0.8154 -0.5789
vn -0.0000 -0.9898 -0.1422
vn -0.0000 0.9898 -0.1422
vn -0.0001 0.9840 -0.1784
vn -0.9169 -0.0000 -0.3991
vn 0.3127 -0.0000 -0.9498
vn -0.9523 -0.0000 -0.3052
vn -0.8137 -0.0000 -0.5812
vn -0.0000 -0.6402 -0.7682
vn -0.0000 -0.8369 -0.5474
vn 0.3827 0.9239 -0.0002
vn -0.9239 0.3827 -0.0001
vn -0.3827 -0.9239 -0.0002
vn 0.6092 -0.7341 0.2998
vn 0.6092 -0.7341 0.2999
vn 0.9331 -0.1400 0.3313
vn 0.5318 -0.7311 0.4274
vn 0.6628 -0.3605 0.6563
vn 0.6092 0.7341 0.2999
vn 0.9331 0.1400 0.3313
vn 0.6092 0.7341 0.2998
vn 0.5318 0.7311 0.4274
vn 0.6628 0.3605 0.6563
vn 0.1822 -0.0000 -0.9833
vn -0.9929 -0.0000 -0.1188
vn 0.6092 0.7342 0.2998
vn 0.6092 0.7342 0.2999
vn 0.5317 -0.7311 0.4274
vn 0.6092 -0.7342 0.2998
vn 0.6628 0.3605 0.6564
vn 0.5317 0.7311 0.4274
vn -0.9929 -0.0000 0.1188
vn -0.1822 -0.0000 -0.9833
vn 0.3827 -0.0000 -0.9239
vn -0.3827 -0.0000 -0.9239
vn -0.3827 -0.0001 0.9239
vn 0.3827 -0.0001 -0.9239
vn 0.9239 0.0001 -0.3827
vn -0.3827 0.0001 -0.9239
vn -0.9239 0.0002 0.3827
vn -0.0001 1.0000 -0.0000
vn 0.9239 -0.0001 0.3827
vn -0.9239 -0.0001 -0.3827
vn 0.7441 0.5850 0.3227
vn -0.0131 0.9616 0.2742
vn -0.0739 0.9564 0.2826
vn 0.6841 0.7294 -0.0000
vn 0.7441 0.5849 0.3228
vn 0.2430 0.6121 -0.7525
vn 0.4981 0.8667 0.0271
vn 0.1104 0.9656 0.2354
vn 0.2430 0.6120 -0.7526
vn 0.7441 0.5850 -0.3228
vn 0.2429 0.6121 -0.7526
vn 0.7441 0.5850 -0.3227
vn -0.0739 0.9564 -0.2826
vn -0.0131 0.9616 -0.2742
vn 0.7441 0.5849 -0.3228
vn 0.2430 0.6121 0.7525
vn 0.4981 0.8667 -0.0271
vn 0.1104 0.9656 -0.2354
vn 0.2430 0.6120 0.7526
vn 0.7441 0.5850 0.3228
vn 0.2429 0.6121 0.7526
vn 0.7441 -0.5850 -0.3227
vn -0.0131 -0.9616 -0.2742
vn -0.0739 -0.9564 -0.2826
vn 0.6841 -0.7294 -0.0000
vn 0.7441 -0.5849 -0.3228
vn 0.7441 -0.5850 0.3227
vn -0.0739 -0.9564 0.2826
vn -0.0131 -0.9616 0.2742
vn 0.7441 -0.5849 0.3228
vn 0.2430 -0.6121 0.7525
vn 0.4981 -0.8667 -0.0271
vn 0.1104 -0.9656 -0.2354
vn 0.2430 -0.6120 0.7526
vn 0.7441 -0.5850 0.3228
vn 0.2429 -0.6121 0.7526
vn 0.2430 -0.6121 -0.7525
vn 0.4981 -0.8667 0.0271
vn 0.1104 -0.9656 0.2354
vn 0.2430 -0.6120 -0.7526
vn 0.7441 -0.5850 -0.3228
vn 0.2429 -0.6121 -0.7526
vn -0.4440 -0.0000 0.8960
vn 0.2429 0.6121 0.7525
vn 0.2430 0.6121 0.7526
vn -0.4441 -0.0000 0.8960
vn -0.8960 -0.0000 0.4441
vn -0.9525 -0.0000 0.3045
vn -0.9525 -0.0000 -0.3045
vn 0.2430 -0.6121 0.7526
vn 0.7441 0.5849 0.3227
vn 0.6840 -0.7295 -0.0000
vn 0.6840 0.7295 -0.0000
vn -0.8960 -0.0000 -0.4441
vn -0.4441 -0.0000 -0.8960
vn 0.2430 0.6121 -0.7526
vn 0.7441 -0.5849 -0.3227
vn 0.7071 0.0003 0.7071
vn -0.7071 -0.0004 -0.7071
vn -0.7071 0.0003 -0.7071
vn -0.7071 -0.0003 0.7071
vn 0.7071 -0.0004 0.7071
vn -0.7071 0.0004 0.7071
vn 0.0001 -0.3827 -0.9239
vn 0.0001 0.9239 0.3827
vn 0.0001 -0.7071 -0.7071
vn -0.0003 0.7071 -0.7071
vn 0.0003 -0.7071 -0.7071
vn -0.0003 -0.7071 -0.7071
vn -0.0001 0.3827 -0.9239
vn -0.0001 -0.9239 0.3827
vn 0.0001 0.3827 -0.9239
vn 0.0004 0.7071 -0.7071
vn 0.4637 -0.8860 -0.0000
vn -0.2904 -0.9569 -0.0000
vn 0.3234 -0.9463 -0.0000
vn -0.3234 0.9463 -0.0000
vn 0.2904 0.9569 -0.0000
vn -0.4637 0.8860 -0.0000
vn 0.2872 0.9579 -0.0000
vn -0.2872 -0.9579 -0.0000
vn -0.5501 0.8351 -0.0000
vn -0.2872 0.9579 -0.0000
vn 0.2872 -0.9579 -0.0000
vn 0.5501 -0.8351 -0.0000
vn 0.2871 0.9579 -0.0000
vn -0.2871 0.9579 -0.0000
vn 0.2871 -0.9579 -0.0000
vn -0.2871 -0.9579 -0.0000
vn -0.3235 0.9462 -0.0000
vn 0.3235 -0.9462 -0.0000
vn 0.2872 0.9579 -0.0001
vn -0.2872 -0.9579 -0.0001
vn -0.3827 -0.9239 -0.0003
vt 0.968750 0.142795
vt 0.968750 0.142795
vt 0.968750 0.198380
vt 0.968750 0.198380
vt 0.968750 0.225000
vt 0.968750 0.225000
vt 0.968750 0.198380
vt 0.968750 0.198380
vt 0.968750 0.142795
vt 0.968750 0.142795
vt 0.968750 0.046823
vt 0.968750 0.046823
vt 0.968750 0.068645
vt 0.093750 0.068645
vt 0.968750 0.068645
vt 0.968750 0.134113
vt 0.093750 0.134113
vt 0.968750 0.134113
vt 0.968750 0.164975
vt 0.093750 0.164975
vt 0.968750 0.164975
vt 0.968750 0.177759
vt 0.968750 0.177759
vt 0.093750 0.177759
vt 0.968750 0.164975
vt 0.968750 0.164975
vt 0.093750 0.164975
vt 0.968750 0.134113
vt 0.968750 0.134113
vt 0.093750 0.134113
vt 0.968750 0.068645
vt 0.968750 0.068645
vt 0.093750 0.068645
vt 0.968750 0.046823
vt 0.968750 0.046823
vt 0.968750 0.025000
vt 0.968750 0.025000
vt 0.968750 0.025000
vt 0.968750 0.025000
vt 0.968750 0.031392
vt 0.968750 0.031392
vt 0.968750 0.031392
vt 0.968750 0.031392
vt 0.968750 0.163068
vt 0.968750 0.163068
vt 0.968750 0.204945
vt 0.968750 0.204945
vt 0.968750 0.225000
vt 0.968750 0.225000
vt 0.968750 0.204945
vt 0.968750 0.204945
vt 0.968750 0.163068
vt 0.968750 0.163068
vt 0.968750 0.025000
vt 0.218750 0.025000
vt 0.968750 0.025000
vt 0.968750 0.156527
vt 0.218750 0.156527
vt 0.968750 0.156527
vt 0.968750 0.179778
vt 0.218750 0.179778
vt 0.968750 0.179778
vt 0.968750 0.189409
vt 0.968750 0.189409
vt 0.218750 0.189409
vt 0.968750 0.179778
vt 0.968750 0.179778
vt 0.218750 0.179778
vt 0.968750 0.156527
vt 0.968750 0.156527
vt 0.218750 0.156527
vt 0.968750 0.025000
vt 0.968750 0.025000
vt 0.218750 0.025000
vt 0.968750 0.025000
vt 0.968750 0.025000
vt 0.968750 0.025000
vt 0.968750 0.025000
vt 0.968750 0.225000
vt 0.968750 0.225000
vt 0.968750 0.225000
vt 0.968750 0.225000
vt 0.968750 0.175000
vt 0.843750 0.175000
vt 0.968750 0.175000
vt 0.968750 0.175000
vt 0.843750 0.175000
vt 0.968750 0.175000
vt 0.968750 0.200000
vt 0.968750 0.200000
vt 0.968750 0.218750
vt 0.968750 0.218750
vt 0.968750 0.200000
vt 0.843750 0.200000
vt 0.968750 0.200000
vt 0.843750 0.200000
vt 0.968750 0.150000
vt 0.968750 0.150000
vt 0.968750 0.168750
vt 0.968750 0.168750
vt 0.968750 0.150000
vt 0.843750 0.150000
vt 0.968750 0.150000
vt 0.843750 0.150000
vt 0.968750 0.100000
vt 0.843750 0.100000
vt 0.968750 0.100000
vt 0.968750 0.118750
vt 0.843750 0.118750
vt 0.968750 0.118750
vt 0.968750 0.100000
vt 0.843750 0.100000
vt 0.968750 0.100000
vt 0.843750 0.100000
vt 0.968750 0.050000
vt 0.843750 0.050000
vt 0.968750 0.050000
vt 0.968750 0.068750
vt 0.843750 0.068750
vt 0.968750 0.068750
vt 0.968750 0.050000
vt 0.843750 0.050000
vt 0.968750 0.050000
vt 0.843750 0.050000
vt 0.968750 0.075000
vt 0.843750 0.075000
vt 0.968750 0.075000
vt 0.843750 0.075000
vt 0.968750 0.075000
vt 0.843750 0.075000
vt 0.968750 0.075000
vt 0.968750 0.125000
vt 0.843750 0.125000
vt 0.968750 0.125000
vt 0.843750 0.125000
vt 0.968750 0.125000
vt 0.843750 0.125000
vt 0.968750 0.125000
vt 0.968750 0.025000
vt 0.968750 0.025000
vt 0.968750 0.025000
vt 0.968750 0.025000
vt 0.968750 0.025000
vt 0.968750 0.025000
vt 0.968750 0.225000
vt 0.843750 0.225000
vt 0.968750 0.225000
vt 0.843750 0.225000
vt 0.968750 0.225000
vt 0.843750 0.225000
vt 0.968750 0.225000
vt 0.843750 0.225000
vt 0.968750 0.225000
vt 0.843750 0.225000
vt 0.968750 0.225000
vt 0.843750 0.225000
vt 0.968750 0.225000
vt 0.968750 0.225000
vt 0.968750 0.225000
vt 0.968750 0.225000
vt 0.968750 0.175000
vt 0.843750 0.175000
vt 0.968750 0.175000
vt 0.968750 0.175000
vt 0.843750 0.175000
vt 0.968750 0.175000
vt 0.968750 0.200000
vt 0.968750 0.200000
vt 0.968750 0.218750
vt 0.968750 0.218750
vt 0.968750 0.200000
vt 0.843750 0.200000
vt 0.968750 0.200000
vt 0.843750 0.200000
vt 0.968750 0.150000
vt 0.968750 0.150000
vt 0.968750 0.168750
vt 0.968750 0.168750
vt 0.968750 0.150000
vt 0.843750 0.150000
vt 0.968750 0.150000
vt 0.843750 0.150000
vt 0.968750 0.100000
vt 0.843750 0.100000
vt 0.968750 0.100000
vt 0.968750 0.118750
vt 0.843750 0.118750
vt 0.968750 0.118750
vt 0.968750 0.100000
vt 0.843750 0.100000
vt 0.968750 0.100000
vt 0.843750 0.100000
vt 0.968750 0.050000
vt 0.843750 0.050000
vt 0.968750 0.050000
vt 0.968750 0.068750
vt 0.843750 0.068750
vt 0.968750 0.068750
vt 0.968750 0.050000
vt 0.843750 0.050000
vt 0.968750 0.050000
vt 0.843750 0.050000
vt 0.968750 0.075000
vt 0.843750 0.075000
vt 0.968750 0.075000
vt 0.843750 0.075000
vt 0.968750 0.075000
vt 0.843750 0.075000
vt 0.968750 0.075000
vt 0.968750 0.125000
vt 0.843750 0.125000
vt 0.968750 0.125000
vt 0.843750 0.125000
vt 0.968750 0.125000
vt 0.843750 0.125000
vt 0.968750 0.125000
vt 0.968750 0.177759
vt 0.093750 0.177759
vt 0.968750 0.164975
vt 0.093750 0.164975
vt 0.968750 0.177759
vt 0.968750 0.164975
vt 0.968750 0.134113
vt 0.093750 0.134113
vt 0.968750 0.134113
vt 0.968750 0.142795
vt 0.968750 0.142795
vt 0.968750 0.198380
vt 0.968750 0.198380
vt 0.968750 0.046823
vt 0.968750 0.046823
vt 0.968750 0.068645
vt 0.093750 0.068645
vt 0.968750 0.068645
vt 0.093750 0.068645
vt 0.968750 0.068645
vt 0.968750 0.068645
vt 0.968750 0.031392
vt 0.968750 0.031392
vt 0.968750 0.142795
vt 0.968750 0.142795
vt 0.968750 0.198380
vt 0.968750 0.198380
vt 0.968750 0.225000
vt 0.968750 0.225000
vt 0.968750 0.134113
vt 0.968750 0.134113
vt 0.093750 0.134113
vt 0.968750 0.031392
vt 0.968750 0.031392
vt 0.968750 0.046823
vt 0.968750 0.046823
vt 0.968750 0.025000
vt 0.968750 0.025000
vt 0.968750 0.025000
vt 0.968750 0.164975
vt 0.968750 0.025000
vt 0.968750 0.164975
vt 0.093750 0.164975
vt 0.968750 0.225000
vt 0.968750 0.202778
vt 0.968750 0.225000
vt 0.968750 0.202778
vt 0.968750 0.225000
vt 0.968750 0.225000
vt 0.968750 0.202778
vt 0.968750 0.202778
vt 0.968750 0.047222
vt 0.968750 0.047222
vt 0.968750 0.025000
vt 0.968750 0.025000
vt 0.968750 0.102778
vt 0.968750 0.125000
vt 0.968750 0.125000
vt 0.968750 0.047222
vt 0.968750 0.025000
vt 0.968750 0.147222
vt 0.968750 0.147222
vt 0.968750 0.125000
vt 0.968750 0.125000
vt 0.968750 0.102778
vt 0.968750 0.047222
vt 0.968750 0.025000
vt 0.968750 0.098900
vt 0.843750 0.098900
vt 0.968750 0.098900
vt 0.843750 0.098900
vt 0.968750 0.074343
vt 0.843750 0.074343
vt 0.968750 0.074343
vt 0.843750 0.074343
vt 0.968750 0.076678
vt 0.843750 0.076678
vt 0.968750 0.076678
vt 0.843750 0.076678
vt 0.968750 0.052121
vt 0.843750 0.052121
vt 0.968750 0.052121
vt 0.843750 0.052121
vt 0.968750 0.151100
vt 0.843750 0.151100
vt 0.968750 0.175657
vt 0.843750 0.175657
vt 0.968750 0.151100
vt 0.843750 0.151100
vt 0.968750 0.175657
vt 0.843750 0.175657
vt 0.968750 0.074343
vt 0.843750 0.074343
vt 0.968750 0.098900
vt 0.843750 0.098900
vt 0.968750 0.074343
vt 0.843750 0.074343
vt 0.968750 0.098900
vt 0.843750 0.098900
vt 0.968750 0.173322
vt 0.843750 0.173322
vt 0.968750 0.197879
vt 0.843750 0.197879
vt 0.968750 0.173322
vt 0.843750 0.173322
vt 0.968750 0.197879
vt 0.843750 0.197879
vt 0.968750 0.197879
vt 0.843750 0.197879
vt 0.968750 0.197879
vt 0.843750 0.197879
vt 0.968750 0.173322
vt 0.843750 0.173322
vt 0.968750 0.173322
vt 0.843750 0.173322
vt 0.968750 0.052121
vt 0.843750 0.052121
vt 0.968750 0.076678
vt 0.843750 0.076678
vt 0.968750 0.052121
vt 0.843750 0.052121
vt 0.968750 0.076678
vt 0.843750 0.076678
vt 0.968750 0.175657
vt 0.843750 0.175657
vt 0.968750 0.175657
vt 0.843750 0.175657
vt 0.968750 0.151100
vt 0.843750 0.151100
vt 0.968750 0.151100
vt 0.843750 0.151100
vt 0.968750 0.025000
vt 0.968750 0.025000
vt 0.968750 0.025000
vt 0.968750 0.025000
vt 0.968750 0.025000
vt 0.968750 0.025000
vt 0.968750 0.225000
vt 0.843750 0.225000
vt 0.968750 0.225000
vt 0.843750 0.225000
vt 0.968750 0.225000
vt 0.843750 0.225000
vt 0.968750 0.225000
vt 0.843750 0.225000
vt 0.968750 0.225000
vt 0.843750 0.225000
vt 0.968750 0.225000
vt 0.843750 0.225000
vt 0.968750 0.175000
vt 0.968750 0.175000
vt 0.968750 0.147370
vt 0.968750 0.147370
vt 0.968750 0.105298
vt 0.968750 0.105298
vt 0.968750 0.075000
vt 0.968750 0.075000
vt 0.968750 0.105298
vt 0.968750 0.105298
vt 0.968750 0.105298
vt 0.968750 0.075000
vt 0.968750 0.075000
vt 0.968750 0.147370
vt 0.968750 0.175000
vt 0.968750 0.147370
vt 0.968750 0.175000
vt 0.968750 0.105298
vt 0.968750 0.075000
vt 0.968750 0.075000
vt 0.968750 0.105298
vt 0.968750 0.105298
vt 0.968750 0.075000
vt 0.968750 0.075000
vt 0.968750 0.135000
vt 0.968750 0.075000
vt 0.968750 0.163284
vt 0.968750 0.075000
vt 0.968750 0.175000
vt 0.968750 0.175000
vt 0.968750 0.075000
vt 0.968750 0.135000
vt 0.968750 0.075000
vt 0.968750 0.163284
vt 0.968750 0.175000
vt 0.968750 0.175000
vt 0.968750 0.135000
vt 0.968750 0.163284
vt 0.968750 0.075000
vt 0.968750 0.075000
vt 0.968750 0.175000
vt 0.968750 0.175000
vt 0.968750 0.075000
vt 0.968750 0.075000
vt 0.968750 0.175000
vt 0.968750 0.175000
vt 0.968750 0.075000
vt 0.968750 0.175000
vt 0.968750 0.075000
vt 0.968750 0.175000
vt 0.968750 0.075000
vt 0.968750 0.175000
vt 0.968750 0.163284
vt 0.968750 0.175000
vt 0.968750 0.135000
vt 0.968750 0.075000
vt 0.968750 0.075000
vt 0.968750 0.075000
vt 0.968750 0.112500
vt 0.968750 0.112500
vt 0.968750 0.125000
vt 0.968750 0.125000
vt 0.968750 0.075000
vt 0.968750 0.075000
vt 0.968750 0.112500
vt 0.968750 0.112500
vt 0.968750 0.125000
vt 0.968750 0.125000
vt 0.968750 0.125000
vt 0.968750 0.075000
vt 0.968750 0.125000
vt 0.968750 0.075000
vt 0.968750 0.175000
vt 0.968750 0.175000
vt 0.968750 0.075000
vt 0.968750 0.125000
vt 0.968750 0.075000
vt 0.968750 0.125000
vt 0.968750 0.175000
vt 0.968750 0.175000
vt 0.968750 0.075000
vt 0.968750 0.175000
vt 0.968750 0.125000
vt 0.968750 0.075000
vt 0.968750 0.125000
vt 0.968750 0.175000
vt 0.968750 0.075000
vt 0.968750 0.175000
vt 0.968750 0.075000
vt 0.968750 0.125000
vt 0.968750 0.125000
vt 0.968750 0.175000
vt 0.968750 0.098810
vt 0.968750 0.098810
vt 0.968750 0.160077
vt 0.968750 0.160077
vt 0.968750 0.098810
vt 0.968750 0.092857
vt 0.968750 0.098810
vt 0.968750 0.092857
vt 0.968750 0.098810
vt 0.968750 0.098810
vt 0.968750 0.160077
vt 0.968750 0.160077
vt 0.968750 0.165476
vt 0.968750 0.165476
vt 0.968750 0.075000
vt 0.968750 0.075000
vt 0.968750 0.165476
vt 0.968750 0.165476
vt 0.968750 0.075000
vt 0.968750 0.075000
vt 0.968750 0.092857
vt 0.968750 0.092857
vt 0.968750 0.098810
vt 0.968750 0.098810
vt 0.968750 0.175000
vt 0.968750 0.175000
vt 0.968750 0.165476
vt 0.968750 0.141667
vt 0.968750 0.141667
vt 0.968750 0.165476
vt 0.968750 0.175000
vt 0.968750 0.175000
vt 0.968750 0.075000
vt 0.968750 0.075000
vt 0.968750 0.141667
vt 0.968750 0.141667
vt 0.968750 0.075000
vt 0.968750 0.075000
vt 0.968750 0.141667
vt 0.968750 0.141667
vt 0.968750 0.165476
vt 0.968750 0.165476
vt 0.968750 0.175000
vt 0.968750 0.175000
vt 0.968750 0.175000
vt 0.968750 0.175000
vt 0.968750 0.175000
vt 0.968750 0.175000
vt 0.968750 0.165476
vt 0.968750 0.165476
vt 0.968750 0.175000
vt 0.968750 0.175000
vt 0.968750 0.175000
vt 0.968750 0.175000
vt 0.968750 0.175000
vt 0.968750 0.175000
vt 0.968750 0.165476
vt 0.968750 0.165476
vt 0.968750 0.141667
vt 0.968750 0.141667
vt 0.968750 0.141667
vt 0.968750 0.141667
vt 0.968750 0.141667
vt 0.968750 0.141667
vt 0.968750 0.141667
vt 0.968750 0.141667
vt 0.843750 0.025000
vt 0.843750 0.025000
vt 0.843750 0.225000
vt 0.843750 0.225000
vt 0.843750 0.225000
vt 0.843750 0.025000
vt 0.843750 0.225000
vt 0.843750 0.025000
vt 0.843750 0.025000
vt 0.843750 0.025000
vt 0.843750 0.225000
vt 0.843750 0.225000
vt 0.843750 0.025000
vt 0.843750 0.025000
vt 0.843750 0.025000
vt 0.843750 0.100000
vt 0.843750 0.186014
vt 0.843750 0.025000
vt 0.843750 0.186014
vt 0.843750 0.115697
vt 0.843750 0.025000
vt 0.843750 0.115697
vt 0.843750 0.186014
vt 0.843750 0.186014
vt 0.843750 0.225000
vt 0.843750 0.225000
vt 0.468750 0.025000
vt 0.843750 0.225000
vt 0.843750 0.225000
vt 0.468750 0.025000
vt 0.843750 0.025000
vt 0.843750 0.025000
vt 0.843750 0.025000
vt 0.843750 0.100000
vt 0.843750 0.025000
vt 0.843750 0.025000
vt 0.843750 0.225000
vt 0.843750 0.225000
vt 0.843750 0.025000
vt 0.843750 0.225000
vt 0.843750 0.025000
vt 0.843750 0.225000
vt 0.843750 0.225000
vt 0.843750 0.225000
vt 0.843750 0.225000
vt 0.843750 0.225000
vt 0.843750 0.225000
vt 0.843750 0.225000
vt 0.843750 0.225000
vt 0.843750 0.225000
vt 0.843750 0.225000
vt 0.843750 0.225000
vt 0.843750 0.225000
vt 0.843750 0.225000
vt 0.843750 0.025000
vt 0.843750 0.025000
vt 0.843750 0.025000
vt 0.843750 0.025000
vt 0.843750 0.025000
vt 0.843750 0.025000
vt 0.843750 0.125000
vt 0.843750 0.125000
vt 0.843750 0.218862
vt 0.843750 0.218862
vt 0.843750 0.125000
vt 0.843750 0.125000
vt 0.843750 0.184133
vt 0.843750 0.184133
vt 0.843750 0.125000
vt 0.843750 0.125000
vt 0.843750 0.065867
vt 0.843750 0.065867
vt 0.843750 0.125000
vt 0.843750 0.031138
vt 0.843750 0.125000
vt 0.843750 0.031138
vt 0.843750 0.025000
vt 0.843750 0.025000
vt 0.843750 0.225000
vt 0.843750 0.225000
vt 0.843750 0.225000
vt 0.843750 0.025000
vt 0.843750 0.225000
vt 0.843750 0.025000
vt 0.843750 0.025000
vt 0.843750 0.025000
vt 0.843750 0.225000
vt 0.843750 0.225000
vt 0.843750 0.225000
vt 0.843750 0.225000
vt 0.843750 0.225000
vt 0.843750 0.225000
vt 0.843750 0.225000
vt 0.843750 0.225000
vt 0.843750 0.025000
vt 0.843750 0.025000
vt 0.843750 0.025000
vt 0.843750 0.025000
vt 0.843750 0.025000
vt 0.843750 0.025000
vt 0.843750 0.025000
vt 0.843750 0.025000
vt 0.843750 0.025000
vt 0.843750 0.025000
vt 0.843750 0.025000
vt 0.843750 0.025000
vt 0.843750 0.225000
vt 0.843750 0.225000
vt 0.843750 0.225000
vt 0.843750 0.225000
vt 0.843750 0.225000
vt 0.843750 0.225000
vt 0.843750 0.050000
vt 0.843750 0.050000
vt 0.843750 0.050000
vt 0.843750 0.050000
vt 0.843750 0.050000
vt 0.843750 0.050000
vt 0.843750 0.225000
vt 0.843750 0.225000
vt 0.843750 0.225000
vt 0.843750 0.225000
vt 0.843750 0.225000
vt 0.843750 0.225000
vt 0.843750 0.225000
vt 0.843750 0.225000
vt 0.843750 0.225000
vt 0.843750 0.225000
vt 0.843750 0.225000
vt 0.843750 0.225000
vt 0.843750 0.171121
vt 0.843750 0.225000
vt 0.843750 0.194697
vt 0.843750 0.146212
vt 0.843750 0.146212
vt 0.843750 0.194697
vt 0.843750 0.171121
vt 0.843750 0.225000
vt 0.843750 0.194697
vt 0.843750 0.194697
vt 0.843750 0.146212
vt 0.843750 0.075000
vt 0.843750 0.146212
vt 0.843750 0.075000
vt 0.843750 0.225000
vt 0.843750 0.225000
vt 0.843750 0.194697
vt 0.843750 0.109848
vt 0.843750 0.146212
vt 0.843750 0.025000
vt 0.843750 0.025000
vt 0.843750 0.067424
vt 0.843750 0.109848
vt 0.843750 0.109848
vt 0.843750 0.146212
vt 0.843750 0.225000
vt 0.843750 0.109848
vt 0.843750 0.109848
vt 0.843750 0.067424
vt 0.843750 0.025000
vt 0.843750 0.025000
vt 0.843750 0.025000
vt 0.843750 0.109848
vt 0.843750 0.109848
vt 0.843750 0.025000
vt 0.843750 0.025000
vt 0.843750 0.109848
vt 0.843750 0.194697
vt 0.843750 0.225000
vt 0.843750 0.075000
vt 0.843750 0.175000
vt 0.843750 0.075000
vt 0.843750 0.175000
vt 0.843750 0.075000
vt 0.843750 0.075000
vt 0.843750 0.175000
vt 0.843750 0.175000
vt 0.843750 0.175000
vt 0.843750 0.075000
vt 0.843750 0.075000
vt 0.843750 0.175000
vt 0.843750 0.075000
vt 0.843750 0.175000
vt 0.843750 0.075000
vt 0.843750 0.175000
vt 0.843750 0.175000
vt 0.843750 0.075000
vt 0.843750 0.075000
vt 0.843750 0.175000
vt 0.843750 0.175000
vt 0.843750 0.175000
vt 0.468750 0.025000
vt 0.468750 0.125000
vt 0.468750 0.036965
vt 0.468750 0.153113
vt 0.468750 0.225000
vt 0.468750 0.085700
vt 0.468750 0.225000
vt 0.468750 0.125000
vt 0.468750 0.153113
vt 0.468750 0.036965
vt 0.468750 0.025000
vt 0.468750 0.085700
vt 0.468750 0.072059
vt 0.468750 0.072059
vt 0.468750 0.177941
vt 0.468750 0.177941
vt 0.468750 0.072059
vt 0.468750 0.072059
vt 0.468750 0.177941
vt 0.468750 0.177941
vt 0.468750 0.025000
vt 0.468750 0.025000
vt 0.468750 0.025000
vt 0.468750 0.025000
vt 0.468750 0.225000
vt 0.468750 0.225000
vt 0.468750 0.225000
vt 0.468750 0.225000
vt 0.468750 0.072059
vt 0.468750 0.072059
vt 0.468750 0.177941
vt 0.468750 0.177941
vt 0.468750 0.072059
vt 0.468750 0.072059
vt 0.468750 0.177941
vt 0.468750 0.177941
vt 0.468750 0.025000
vt 0.468750 0.025000
vt 0.468750 0.025000
vt 0.468750 0.025000
vt 0.468750 0.225000
vt 0.468750 0.225000
vt 0.468750 0.225000
vt 0.468750 0.225000
vt 0.468750 0.072059
vt 0.468750 0.072059
vt 0.468750 0.177941
vt 0.468750 0.177941
vt 0.468750 0.072059
vt 0.468750 0.072059
vt 0.468750 0.177941
vt 0.468750 0.177941
vt 0.468750 0.025000
vt 0.468750 0.025000
vt 0.468750 0.025000
vt 0.468750 0.025000
vt 0.468750 0.225000
vt 0.468750 0.225000
vt 0.468750 0.225000
vt 0.468750 0.225000
vt 0.468750 0.072059
vt 0.468750 0.072059
vt 0.468750 0.177941
vt 0.468750 0.177941
vt 0.468750 0.072059
vt 0.468750 0.072059
vt 0.468750 0.177941
vt 0.468750 0.177941
vt 0.468750 0.025000
vt 0.468750 0.025000
vt 0.468750 0.025000
vt 0.468750 0.025000
vt 0.468750 0.225000
vt 0.468750 0.225000
vt 0.468750 0.225000
vt 0.468750 0.225000
vt 0.468750 0.172879
vt 0.468750 0.125000
vt 0.468750 0.177045
vt 0.468750 0.125000
vt 0.468750 0.039863
vt 0.468750 0.028252
vt 0.468750 0.025000
vt 0.468750 0.077121
vt 0.468750 0.072955
vt 0.468750 0.221748
vt 0.468750 0.210137
vt 0.468750 0.225000
vt 0.468750 0.077121
vt 0.468750 0.125000
vt 0.468750 0.072955
vt 0.468750 0.125000
vt 0.468750 0.172879
vt 0.468750 0.177045
vt 0.468750 0.210137
vt 0.468750 0.221748
vt 0.468750 0.225000
vt 0.468750 0.028252
vt 0.468750 0.039863
vt 0.468750 0.025000
vt 0.843750 0.225000
vt 0.843750 0.025000
vt 0.843750 0.225000
vt 0.843750 0.025000
vt 0.843750 0.025000
vt 0.843750 0.225000
vt 0.843750 0.025000
vt 0.843750 0.225000
vt 0.843750 0.225000
vt 0.843750 0.025000
vt 0.843750 0.225000
vt 0.843750 0.025000
vt 0.843750 0.025000
vt 0.843750 0.225000
vt 0.843750 0.025000
vt 0.843750 0.225000
vt 0.593750 0.046451
vt 0.343750 0.046451
vt 0.593750 0.046451
vt 0.343750 0.046451
vt 0.593750 0.051936
vt 0.343750 0.051936
vt 0.593750 0.072249
vt 0.343750 0.072249
vt 0.593750 0.072249
vt 0.343750 0.072249
vt 0.593750 0.051936
vt 0.343750 0.051936
vt 0.593750 0.025000
vt 0.343750 0.025000
vt 0.593750 0.025000
vt 0.343750 0.025000
vt 0.593750 0.046451
vt 0.343750 0.046451
vt 0.593750 0.046451
vt 0.343750 0.046451
vt 0.593750 0.076099
vt 0.343750 0.076099
vt 0.593750 0.089233
vt 0.343750 0.089233
vt 0.593750 0.083421
vt 0.343750 0.083421
vt 0.593750 0.101099
vt 0.343750 0.101099
vt 0.593750 0.097725
vt 0.343750 0.097725
vt 0.593750 0.137500
vt 0.343750 0.137500
vt 0.593750 0.118776
vt 0.343750 0.118776
vt 0.593750 0.076099
vt 0.343750 0.076099
vt 0.593750 0.083421
vt 0.343750 0.083421
vt 0.593750 0.089233
vt 0.343750 0.089233
vt 0.593750 0.083421
vt 0.343750 0.083421
vt 0.593750 0.083421
vt 0.343750 0.083421
vt 0.593750 0.101099
vt 0.343750 0.101099
vt 0.593750 0.101099
vt 0.343750 0.101099
vt 0.593750 0.101099
vt 0.343750 0.101099
vt 0.593750 0.097725
vt 0.343750 0.097725
vt 0.593750 0.118776
vt 0.343750 0.118776
vt 0.593750 0.137500
vt 0.343750 0.137500
vt 0.593750 0.199372
vt 0.343750 0.199372
vt 0.593750 0.199372
vt 0.343750 0.199372
vt 0.593750 0.225000
vt 0.343750 0.225000
vt 0.343750 0.051936
vt 0.343750 0.046451
vt 0.343750 0.046451
vt 0.343750 0.072249
vt 0.343750 0.046451
vt 0.343750 0.046451
vt 0.343750 0.097725
vt 0.343750 0.089233
vt 0.343750 0.076099
vt 0.343750 0.083421
vt 0.343750 0.118776
vt 0.343750 0.101099
vt 0.343750 0.225000
vt 0.343750 0.199372
vt 0.343750 0.101099
vt 0.343750 0.083421
vt 0.343750 0.137500
vt 0.343750 0.097725
vt 0.343750 0.072249
vt 0.343750 0.025000
vt 0.343750 0.025000
vt 0.343750 0.118776
vt 0.343750 0.137500
vt 0.343750 0.199372
vt 0.343750 0.101099
vt 0.343750 0.076099
vt 0.343750 0.083421
vt 0.343750 0.089233
vt 0.343750 0.051936
vt 0.343750 0.083421
vt 0.343750 0.101099
vt 0.468750 0.125000
vt 0.468750 0.175000
vt 0.468750 0.225000
vt 0.468750 0.025000
vt 0.468750 0.075000
vt 0.468750 0.225000
vt 0.468750 0.025000
vt 0.468750 0.225000
vt 0.468750 0.025000
vt 0.468750 0.225000
vt 0.468750 0.025000
vt 0.468750 0.225000
vt 0.468750 0.025000
vt 0.468750 0.225000
vt 0.468750 0.025000
vt 0.468750 0.225000
vt 0.468750 0.025000
vt 0.468750 0.025000
vt 0.468750 0.025000
vt 0.468750 0.066584
vt 0.468750 0.066584
vt 0.468750 0.025000
vt 0.468750 0.025000
vt 0.468750 0.025000
vt 0.468750 0.025000
vt 0.468750 0.025000
vt 0.468750 0.025000
vt 0.468750 0.066584
vt 0.468750 0.183416
vt 0.468750 0.183416
vt 0.468750 0.183416
vt 0.468750 0.183416
vt 0.468750 0.183416
vt 0.468750 0.183416
vt 0.468750 0.183416
vt 0.468750 0.183416
vt 0.468750 0.066584
vt 0.468750 0.066584
vt 0.468750 0.066584
vt 0.468750 0.066584
vt 0.468750 0.066584
vt 0.468750 0.225000
vt 0.468750 0.225000
vt 0.468750 0.225000
vt 0.468750 0.225000
vt 0.468750 0.225000
vt 0.468750 0.225000
vt 0.468750 0.225000
vt 0.468750 0.225000
vt 0.468750 0.125000
vt 0.468750 0.175000
vt 0.468750 0.225000
vt 0.468750 0.025000
vt 0.468750 0.075000
vt 0.468750 0.225000
vt 0.468750 0.025000
vt 0.468750 0.225000
vt 0.468750 0.025000
vt 0.468750 0.225000
vt 0.468750 0.025000
vt 0.468750 0.225000
vt 0.468750 0.025000
vt 0.468750 0.225000
vt 0.468750 0.025000
vt 0.468750 0.225000
vt 0.468750 0.025000
vt 0.468750 0.025000
vt 0.468750 0.025000
vt 0.468750 0.066584
vt 0.468750 0.066584
vt 0.468750 0.025000
vt 0.468750 0.025000
vt 0.468750 0.025000
vt 0.468750 0.025000
vt 0.468750 0.025000
vt 0.468750 0.025000
vt 0.468750 0.066584
vt 0.468750 0.183416
vt 0.468750 0.183416
vt 0.468750 0.183416
vt 0.468750 0.183416
vt 0.468750 0.183416
vt 0.468750 0.183416
vt 0.468750 0.183416
vt 0.468750 0.183416
vt 0.468750 0.066584
vt 0.468750 0.066584
vt 0.468750 0.066584
vt 0.468750 0.066584
vt 0.468750 0.066584
vt 0.468750 0.225000
vt 0.468750 0.225000
vt 0.468750 0.225000
vt 0.468750 0.225000
vt 0.468750 0.225000
vt 0.468750 0.225000
vt 0.468750 0.225000
vt 0.468750 0.225000
s 0
usemtl colormap.001
f 3/3/1 2/2/2 1/1/2
f 2/2/2 3/3/1 4/4/1
f 3/3/1 5/5/3 4/4/1
f 5/5/3 3/3/1 6/6/3
f 6/6/3 7/7/4 5/5/3
f 7/7/5 6/6/3 8/8/5
f 7/7/5 10/10/6 9/9/6
f 10/10/6 7/7/5 8/8/5
f 9/9/6 12/12/7 11/11/7
f 12/12/7 9/9/6 10/10/6
f 15/16/8 14/15/8 13/13/8
f 14/15/8 15/16/8 16/18/8
f 17/19/9 16/18/10 15/16/10
f 16/18/10 17/19/9 18/21/9
f 17/19/9 19/22/11 18/21/9
f 19/22/11 17/19/9 20/23/11
f 20/23/11 21/25/12 19/22/11
f 21/25/12 20/23/11 22/26/12
f 21/25/12 24/29/13 23/28/13
f 24/29/13 21/25/12 22/26/12
f 23/28/14 26/32/14 25/31/14
f 26/32/14 23/28/14 24/29/14
f 26/32/3 14/15/3 25/31/3
f 14/15/3 26/32/3 13/13/3
f 1/1/2 28/35/15 27/34/15
f 28/35/15 1/1/2 2/2/2
f 31/38/16 30/37/17 29/36/16
f 30/37/17 31/38/16 32/39/17
f 32/39/17 33/40/9 30/37/17
f 33/40/9 32/39/17 34/41/9
f 27/34/15 33/40/9 34/41/9
f 33/40/9 27/34/15 28/35/15
f 11/11/7 36/43/12 35/42/12
f 36/43/12 11/11/7 12/12/7
f 36/43/12 29/36/16 35/42/12
f 29/36/16 36/43/12 31/38/16
f 4/4/18 28/35/18 2/2/18
f 28/35/18 4/4/18 33/40/18
f 33/40/18 4/4/18 30/37/18
f 30/37/18 4/4/18 25/31/18
f 30/37/18 25/31/18 29/36/18
f 25/31/18 4/4/18 23/28/18
f 4/4/18 21/25/18 23/28/18
f 21/25/18 4/4/18 5/5/18
f 21/25/18 5/5/18 19/22/18
f 19/22/18 5/5/18 7/7/18
f 19/22/18 7/7/18 18/21/18
f 18/21/18 7/7/18 16/18/18
f 16/18/18 7/7/18 14/15/18
f 29/36/18 25/31/18 14/15/18
f 29/36/18 14/15/18 7/7/18
f 29/36/18 7/7/18 9/9/18
f 29/36/18 9/9/18 35/42/18
f 35/42/18 9/9/18 11/11/18
f 39/46/19 38/45/20 37/44/20
f 38/45/20 39/46/19 40/47/21
f 39/46/19 41/48/3 40/47/19
f 41/48/3 39/46/22 42/49/3
f 42/49/3 43/50/23 41/48/3
f 43/50/23 42/49/3 44/51/23
f 43/50/23 46/53/24 45/52/25
f 46/53/24 43/50/23 44/51/23
f 49/57/18 48/56/18 47/54/18
f 48/56/18 49/57/18 50/59/18
f 51/60/26 50/59/27 49/57/27
f 50/59/27 51/60/26 52/62/26
f 51/60/26 53/63/11 52/62/26
f 53/63/11 51/60/26 54/64/11
f 54/64/11 55/66/28 53/63/11
f 55/66/28 54/64/11 56/67/28
f 55/66/28 58/70/29 57/69/29
f 58/70/29 55/66/28 56/67/28
f 57/69/30 60/73/30 59/72/30
f 60/73/30 57/69/30 58/70/30
f 45/52/24 62/76/30 61/75/30
f 62/76/30 45/52/24 46/53/24
f 61/75/31 43/50/31 45/52/31
f 48/56/14 43/50/14 61/75/14
f 50/59/14 43/50/14 48/56/14
f 52/62/14 43/50/14 50/59/14
f 53/63/14 43/50/14 52/62/14
f 53/63/14 41/48/14 43/50/14
f 55/66/14 41/48/14 53/63/14
f 55/66/14 40/47/14 41/48/14
f 40/47/14 55/66/14 57/69/14
f 59/72/14 40/47/14 57/69/14
f 63/77/14 40/47/14 59/72/14
f 40/47/14 63/77/14 38/45/14
f 37/44/20 63/77/18 64/78/18
f 63/77/18 37/44/20 38/45/20
f 67/81/3 66/80/32 65/79/3
f 66/80/32 67/81/3 68/82/32
f 71/86/3 70/85/32 69/83/3
f 70/85/32 71/86/3 72/88/32
f 75/91/14 74/90/12 73/89/33
f 74/90/34 75/91/35 76/92/35
f 74/90/12 77/93/11 73/89/12
f 77/93/11 74/90/36 78/95/11
f 81/99/14 80/98/12 79/97/33
f 80/98/34 81/99/14 82/100/14
f 80/98/12 83/101/11 79/97/12
f 83/101/11 80/98/36 84/103/11
f 87/108/14 86/107/12 85/105/33
f 86/107/34 87/108/14 88/110/14
f 86/107/12 89/111/11 85/105/12
f 89/111/11 86/107/36 90/113/11
f 93/118/14 92/117/12 91/115/33
f 92/117/34 93/118/14 94/120/14
f 92/117/12 95/121/11 91/115/12
f 95/121/11 92/117/36 96/123/11
f 99/129/3 98/127/32 97/125/3
f 98/127/32 99/129/3 100/131/32
f 98/127/32 94/120/5 93/118/5
f 94/120/5 98/127/32 100/131/37
f 66/80/32 76/92/5 75/91/5
f 76/92/5 66/80/32 68/82/32
f 70/85/32 82/100/5 81/99/5
f 82/100/5 70/85/32 72/88/32
f 103/136/3 102/134/32 101/132/3
f 102/134/32 103/136/3 104/138/32
f 102/134/32 88/110/5 87/108/5
f 88/110/5 102/134/32 104/138/32
f 107/141/11 106/140/11 105/139/11
f 106/140/11 107/141/11 108/142/11
f 108/142/11 107/141/11 109/143/11
f 108/142/11 109/143/11 110/144/11
f 111/145/38 109/143/39 107/141/38
f 109/143/39 111/145/40 112/147/39
f 109/143/39 113/149/41 110/144/41
f 113/149/42 109/143/39 112/147/39
f 114/151/43 105/139/44 106/140/43
f 105/139/44 114/151/43 115/153/44
f 115/153/44 107/141/38 105/139/45
f 107/141/38 115/153/44 111/145/38
f 116/155/46 106/140/43 108/142/46
f 106/140/43 116/155/46 114/151/43
f 113/149/41 108/142/46 110/144/41
f 108/142/46 113/149/42 116/155/46
f 156/216/32 154/212/32 140/188/5
f 139/186/5 140/188/5 154/212/32
f 156/216/32 155/214/3 154/212/32
f 153/210/3 154/212/32 155/214/3
f 124/166/32 122/163/32 134/178/5
f 133/177/5 134/178/5 122/163/32
f 120/160/32 118/158/32 128/170/5
f 127/169/5 128/170/5 118/158/32
f 152/209/32 150/205/32 146/198/47
f 145/196/47 146/198/47 150/205/32
f 152/209/32 151/207/3 150/205/32
f 149/203/3 150/205/32 151/207/3
f 148/201/11 144/195/12 147/199/11
f 143/193/48 147/199/11 144/195/12
f 146/198/14 145/196/14 144/195/49
f 143/193/12 144/195/12 145/196/14
f 142/191/11 138/185/12 141/189/11
f 137/183/48 141/189/11 138/185/12
f 140/188/14 139/186/14 138/185/49
f 137/183/12 138/185/12 139/186/14
f 136/181/11 132/176/12 135/179/11
f 131/175/48 135/179/11 132/176/12
f 134/178/14 133/177/14 132/176/49
f 131/175/12 132/176/12 133/177/14
f 130/173/11 126/168/12 129/171/11
f 125/167/48 129/171/11 126/168/12
f 128/170/14 127/169/14 126/168/49
f 125/167/12 126/168/12 127/169/14
f 124/166/32 123/164/3 122/163/32
f 121/161/3 122/163/32 123/164/3
f 120/160/32 119/159/3 118/158/32
f 117/157/3 118/158/32 119/159/3
f 159/221/11 158/219/12 157/217/11
f 158/219/12 159/221/11 160/222/12
f 158/219/12 162/225/13 161/223/13
f 162/225/13 158/219/12 160/222/12
f 165/228/1 164/227/2 163/226/2
f 164/227/2 165/228/1 166/229/1
f 163/226/2 168/231/15 167/230/15
f 168/231/15 163/226/2 164/227/2
f 171/236/3 170/234/3 169/232/3
f 170/234/3 171/236/3 172/237/3
f 167/230/15 174/239/9 173/238/9
f 174/239/9 167/230/15 168/231/15
f 177/242/5 176/241/6 175/240/6
f 176/241/6 177/242/5 178/243/5
f 180/245/3 177/242/4 179/244/3
f 177/242/5 180/245/3 178/243/5
f 165/228/1 179/244/3 166/229/1
f 179/244/3 165/228/1 180/245/3
f 181/246/8 170/234/8 172/237/8
f 170/234/8 181/246/8 182/247/8
f 185/251/7 184/250/12 183/249/12
f 184/250/12 185/251/7 186/252/7
f 188/254/17 174/239/9 187/253/17
f 174/239/9 188/254/17 173/238/9
f 173/238/30 163/226/30 167/230/30
f 163/226/30 173/238/30 165/228/30
f 165/228/30 173/238/30 188/254/30
f 165/228/30 188/254/30 171/236/30
f 171/236/30 188/254/30 189/255/30
f 162/225/30 165/228/30 171/236/30
f 160/222/30 165/228/30 162/225/30
f 165/228/30 160/222/30 180/245/30
f 180/245/30 160/222/30 159/221/30
f 171/236/30 189/255/30 172/237/30
f 180/245/30 159/221/30 178/243/30
f 178/243/30 159/221/30 190/256/30
f 178/243/30 190/256/30 181/246/30
f 172/237/30 189/255/30 181/246/30
f 181/246/30 189/255/30 178/243/30
f 178/243/30 189/255/30 176/241/30
f 176/241/30 189/255/30 184/250/30
f 176/241/30 184/250/30 186/252/30
f 175/240/6 186/252/7 185/251/7
f 186/252/7 175/240/6 176/241/6
f 184/250/12 191/257/16 183/249/12
f 191/257/16 184/250/12 189/255/16
f 190/256/9 182/247/10 181/246/10
f 182/247/10 190/256/9 192/258/9
f 190/256/9 157/217/11 192/258/9
f 157/217/11 190/256/9 159/221/11
f 161/223/14 171/236/14 169/232/14
f 171/236/14 161/223/14 162/225/14
f 189/255/16 187/253/17 191/257/16
f 187/253/17 189/255/16 188/254/17
f 195/262/19 194/261/19 193/260/19
f 194/261/19 195/262/19 196/263/19
f 199/266/23 198/265/23 197/264/23
f 198/265/23 199/266/23 200/267/23
f 203/270/28 202/269/28 201/268/28
f 202/269/28 203/270/28 204/271/28
f 201/268/8 205/272/8 203/270/8
f 205/272/8 201/268/8 206/273/8
f 207/274/8 205/272/8 206/273/8
f 207/274/8 206/273/8 199/266/8
f 208/275/8 205/272/8 207/274/8
f 205/272/8 208/275/8 209/276/8
f 207/274/8 199/266/8 210/277/8
f 210/277/8 199/266/8 197/264/8
f 210/277/8 194/261/8 207/274/8
f 194/261/8 210/277/8 193/260/8
f 211/278/14 196/263/14 195/262/14
f 196/263/14 211/278/14 212/279/14
f 200/267/14 212/279/14 211/278/14
f 200/267/14 211/278/14 198/265/14
f 213/280/14 212/279/14 200/267/14
f 214/281/14 212/279/14 213/280/14
f 202/269/14 214/281/14 213/280/14
f 214/281/14 202/269/14 204/271/14
f 214/281/14 215/282/14 212/279/14
f 215/282/14 214/281/14 216/283/14
f 215/282/26 209/276/26 208/275/26
f 209/276/26 215/282/26 216/283/26
f 218/286/19 212/279/19 217/284/19
f 217/284/21 212/279/21 219/288/21
f 218/286/19 207/274/19 212/279/19
f 215/282/50 219/288/50 212/279/50
f 207/274/19 218/286/19 208/275/19
f 215/282/19 220/290/19 219/288/19
f 208/275/19 220/290/19 215/282/19
f 220/290/51 208/275/51 218/286/51
f 214/281/28 222/294/28 221/292/28
f 214/281/28 221/292/28 223/296/28
f 205/272/28 222/294/28 214/281/28
f 223/296/28 216/283/28 214/281/28
f 222/294/28 205/272/28 209/276/28
f 224/298/28 216/283/28 223/296/28
f 209/276/28 224/298/28 222/294/28
f 224/298/28 209/276/28 216/283/28
f 226/302/52 212/279/52 225/300/52
f 225/300/26 212/279/26 227/304/26
f 226/302/26 196/263/26 212/279/26
f 207/274/26 227/304/26 212/279/26
f 196/263/26 226/302/26 194/261/26
f 207/274/53 228/306/53 227/304/53
f 194/261/26 228/306/26 207/274/26
f 228/306/26 194/261/26 226/302/26
f 230/310/54 201/268/54 229/308/54
f 229/308/23 201/268/23 231/312/23
f 230/310/54 206/273/54 201/268/54
f 202/269/23 231/312/23 201/268/23
f 206/273/23 230/310/23 213/280/23
f 202/269/55 232/314/55 231/312/55
f 213/280/55 232/314/55 202/269/55
f 232/314/23 213/280/23 230/310/23
f 234/318/23 210/277/23 233/316/23
f 233/316/23 210/277/23 235/320/23
f 234/318/23 193/260/23 210/277/23
f 211/278/23 235/320/23 210/277/23
f 193/260/23 234/318/23 195/262/23
f 211/278/23 236/322/23 235/320/23
f 195/262/23 236/322/23 211/278/23
f 236/322/23 195/262/23 234/318/23
f 238/326/19 198/265/19 237/324/19
f 237/324/50 198/265/50 239/328/50
f 238/326/19 197/264/19 198/265/19
f 211/278/21 239/328/21 198/265/21
f 197/264/19 238/326/19 210/277/19
f 211/278/19 240/330/19 239/328/19
f 210/277/19 240/330/19 211/278/19
f 240/330/22 210/277/22 238/326/22
f 203/270/52 242/334/52 241/332/52
f 203/270/26 241/332/26 243/336/26
f 205/272/53 242/334/53 203/270/53
f 243/336/26 204/271/26 203/270/26
f 242/334/26 205/272/26 214/281/26
f 244/338/53 204/271/53 243/336/53
f 204/271/52 244/338/52 214/281/52
f 242/334/26 214/281/26 244/338/26
f 200/267/28 246/342/28 245/340/28
f 200/267/56 245/340/56 247/344/56
f 199/266/28 246/342/28 200/267/28
f 247/344/28 213/280/28 200/267/28
f 246/342/28 199/266/28 206/273/28
f 248/346/28 213/280/28 247/344/28
f 206/273/56 248/346/56 246/342/56
f 248/346/28 206/273/28 213/280/28
f 251/350/11 250/349/11 249/348/11
f 250/349/11 251/350/11 252/351/11
f 252/351/11 251/350/11 253/352/11
f 252/351/11 253/352/11 254/353/11
f 255/354/57 253/352/58 251/350/57
f 253/352/58 255/354/59 256/356/58
f 253/352/58 257/358/60 254/353/60
f 257/358/60 253/352/58 256/356/58
f 258/360/61 249/348/62 250/349/61
f 249/348/62 258/360/61 259/362/62
f 259/362/62 251/350/57 249/348/62
f 251/350/57 259/362/62 255/354/57
f 260/364/63 250/349/61 252/351/63
f 250/349/61 260/364/64 258/360/61
f 257/358/60 252/351/63 254/353/60
f 252/351/63 257/358/60 260/364/63
f 263/368/65 262/367/66 261/366/66
f 262/367/66 263/368/65 264/369/65
f 263/368/65 265/370/67 264/369/65
f 265/370/67 263/368/65 266/371/67
f 269/374/8 268/373/8 267/372/8
f 268/373/8 269/374/8 265/370/8
f 270/375/8 265/370/8 269/374/8
f 271/376/8 265/370/8 270/375/8
f 271/376/8 264/369/8 265/370/8
f 271/376/8 270/375/8 272/377/8
f 272/377/8 270/375/8 273/378/8
f 274/379/8 264/369/8 271/376/8
f 274/379/8 262/367/8 264/369/8
f 262/367/8 274/379/8 275/380/8
f 277/382/68 274/379/69 276/381/69
f 274/379/69 277/382/68 275/380/68
f 278/383/70 274/379/69 271/376/70
f 274/379/69 278/383/70 276/381/69
f 279/384/18 271/376/70 272/377/18
f 271/376/70 279/384/18 278/383/70
f 261/366/66 275/380/68 277/382/68
f 275/380/68 261/366/66 262/367/66
f 281/386/14 279/384/14 280/385/14
f 279/384/14 281/386/14 278/383/14
f 266/371/14 278/383/14 281/386/14
f 266/371/14 281/386/14 282/387/14
f 266/371/14 282/387/14 283/388/14
f 266/371/14 283/388/14 284/389/14
f 263/368/14 278/383/14 266/371/14
f 263/368/14 276/381/14 278/383/14
f 261/366/14 276/381/14 263/368/14
f 276/381/14 261/366/14 277/382/14
f 266/371/67 268/373/30 265/370/67
f 268/373/30 266/371/67 284/389/30
f 287/392/18 286/391/18 285/390/18
f 286/391/18 287/392/18 288/393/18
f 288/393/18 287/392/18 289/394/18
f 288/393/18 289/394/18 290/395/18
f 293/398/30 292/397/30 291/396/30
f 292/397/30 293/398/30 294/399/30
f 294/399/71 293/398/71 295/400/71
f 295/400/30 293/398/30 296/401/30
f 294/399/1 297/402/2 292/397/2
f 297/402/2 294/399/1 298/403/1
f 298/403/18 299/404/18 297/402/18
f 299/404/18 298/403/18 300/405/72
f 300/405/72 298/403/18 301/406/18
f 300/405/72 301/406/18 302/407/72
f 305/410/73 304/409/74 303/408/73
f 304/409/74 305/410/73 306/411/74
f 292/397/2 299/404/8 291/396/8
f 299/404/8 292/397/2 297/402/2
f 305/410/73 300/405/72 302/407/72
f 300/405/72 305/410/73 303/408/73
f 294/399/1 301/406/75 298/403/1
f 301/406/75 294/399/1 295/400/75
f 309/414/76 308/413/77 307/412/77
f 308/413/77 309/414/76 310/415/76
f 312/417/78 309/414/76 311/416/78
f 309/414/76 312/417/78 310/415/76
f 313/418/1 289/394/75 287/392/1
f 289/394/75 313/418/1 314/419/75
f 313/418/1 285/390/2 315/420/79
f 285/390/2 313/418/1 287/392/1
f 307/412/77 315/420/30 316/421/30
f 315/420/30 307/412/77 313/418/30
f 313/418/30 307/412/77 314/419/30
f 314/419/30 307/412/77 308/413/77
f 306/411/74 311/416/80 304/409/74
f 311/416/78 306/411/74 312/417/78
f 315/420/2 286/391/8 316/421/8
f 286/391/8 315/420/2 285/390/2
f 314/419/75 290/395/3 289/394/75
f 290/395/3 314/419/75 312/417/3
f 312/417/3 296/401/3 290/395/3
f 312/417/3 314/419/75 310/415/3
f 310/415/3 314/419/75 308/413/3
f 306/411/3 296/401/3 312/417/3
f 306/411/3 295/400/75 296/401/3
f 305/410/3 295/400/75 306/411/3
f 302/407/3 295/400/75 305/410/3
f 295/400/75 302/407/3 301/406/75
f 316/421/11 309/414/11 307/412/11
f 316/421/11 311/416/11 309/414/11
f 286/391/11 311/416/11 316/421/11
f 288/393/11 311/416/11 286/391/11
f 293/398/11 311/416/11 288/393/11
f 311/416/11 293/398/11 304/409/11
f 291/396/11 304/409/11 293/398/11
f 291/396/11 303/408/11 304/409/11
f 299/404/11 303/408/11 291/396/11
f 303/408/11 299/404/11 300/405/11
f 290/395/8 293/398/8 288/393/8
f 293/398/8 290/395/8 296/401/8
f 319/424/81 318/423/8 317/422/8
f 318/423/8 319/424/81 320/425/81
f 321/426/82 320/425/81 319/424/81
f 320/425/81 321/426/82 322/427/82
f 325/430/81 324/429/8 323/428/8
f 324/429/8 325/430/81 326/431/81
f 327/432/82 326/431/81 325/430/81
f 326/431/81 327/432/82 328/433/82
f 331/436/83 330/435/83 329/434/83
f 330/435/83 331/436/83 332/437/84
f 332/437/85 331/436/83 333/438/83
f 332/437/85 333/438/83 334/439/85
f 337/442/86 336/441/86 335/440/86
f 336/441/86 337/442/86 338/443/86
f 338/443/86 337/442/86 339/444/86
f 339/444/86 337/442/86 340/445/86
f 342/447/8 337/442/8 341/446/8
f 337/442/8 342/447/8 340/445/8
f 345/450/87 344/449/87 343/448/87
f 344/449/87 345/450/87 341/446/87
f 341/446/87 345/450/87 346/451/87
f 341/446/87 346/451/87 342/447/87
f 334/439/85 347/452/88 332/437/85
f 347/452/88 334/439/85 348/453/88
f 347/452/88 350/455/89 349/454/89
f 350/455/89 347/452/88 351/456/89
f 351/456/89 347/452/88 352/457/89
f 352/457/89 347/452/88 348/453/90
f 330/435/11 323/428/11 324/429/11
f 323/428/11 330/435/11 335/440/11
f 335/440/11 330/435/11 332/437/11
f 335/440/11 332/437/11 337/442/11
f 337/442/11 332/437/11 347/452/11
f 337/442/11 347/452/11 341/446/11
f 341/446/11 347/452/11 344/449/11
f 344/449/11 347/452/11 349/454/11
f 344/449/11 349/454/11 317/422/11
f 317/422/11 318/423/11 344/449/11
f 335/440/30 325/430/30 323/428/30
f 325/430/30 335/440/30 327/432/30
f 327/432/30 335/440/30 336/441/30
f 328/433/18 324/429/18 326/431/18
f 324/429/18 328/433/18 330/435/18
f 330/435/18 328/433/18 329/434/18
f 327/432/82 329/434/3 328/433/82
f 329/434/3 327/432/82 336/441/3
f 329/434/3 336/441/3 331/436/91
f 331/436/91 336/441/3 338/443/91
f 321/426/82 343/448/3 322/427/82
f 350/455/3 343/448/3 321/426/82
f 351/456/92 343/448/3 350/455/3
f 343/448/3 351/456/92 345/450/92
f 339/444/91 334/439/3 333/438/91
f 334/439/3 339/444/93 340/445/3
f 334/439/3 340/445/3 348/453/3
f 348/453/3 340/445/3 342/447/3
f 348/453/3 342/447/3 346/451/92
f 348/453/3 346/451/92 352/457/92
f 322/427/18 318/423/18 320/425/18
f 318/423/18 322/427/18 344/449/18
f 344/449/18 322/427/18 343/448/18
f 338/443/94 333/438/93 331/436/94
f 333/438/94 338/443/94 339/444/94
f 345/450/95 352/457/95 346/451/95
f 352/457/92 345/450/95 351/456/95
f 349/454/30 319/424/30 317/422/30
f 319/424/30 349/454/30 321/426/30
f 321/426/30 349/454/30 350/455/30
f 355/460/96 354/459/97 353/458/97
f 354/459/97 355/460/96 356/461/98
f 359/464/32 358/463/99 357/462/32
f 358/463/99 359/464/32 360/465/99
f 363/468/96 362/467/97 361/466/97
f 362/467/97 363/468/96 364/469/98
f 366/471/100 363/468/96 365/470/100
f 363/468/96 366/471/100 364/469/96
f 358/463/99 368/473/14 367/472/14
f 368/473/14 358/463/99 360/465/99
f 354/459/3 357/462/32 353/458/3
f 357/462/32 354/459/3 359/464/32
f 370/475/101 355/460/96 369/474/101
f 355/460/96 370/475/101 356/461/96
f 373/478/99 372/477/14 371/476/14
f 372/477/14 373/478/99 374/479/99
f 362/467/3 375/480/32 361/466/3
f 375/480/32 362/467/3 376/481/32
f 376/481/32 373/478/99 375/480/32
f 373/478/99 376/481/32 374/479/99
f 379/484/14 378/483/14 377/482/14
f 379/484/14 380/485/14 378/483/14
f 380/485/14 379/484/14 381/486/14
f 382/487/14 381/486/14 379/484/14
f 381/486/14 382/487/14 383/488/14
f 383/488/14 382/487/14 384/489/14
f 372/477/11 385/490/11 371/476/11
f 385/490/11 372/477/11 386/491/11
f 387/492/102 385/490/102 386/491/102
f 385/490/102 387/492/102 388/493/102
f 368/473/11 389/494/11 367/472/11
f 389/494/11 368/473/11 390/495/11
f 391/496/102 389/494/102 390/495/102
f 389/494/102 391/496/102 392/497/102
f 394/499/3 379/484/3 393/498/3
f 379/484/3 394/499/3 382/487/3
f 377/482/3 396/501/3 395/500/3
f 378/483/3 396/501/3 377/482/3
f 396/501/3 378/483/3 397/502/3
f 398/503/3 397/502/3 378/483/3
f 399/504/3 397/502/3 398/503/3
f 397/502/3 399/504/3 400/505/3
f 402/507/14 398/503/14 401/506/14
f 398/503/14 402/507/14 399/504/14
f 379/484/30 395/500/30 393/498/30
f 395/500/30 379/484/30 377/482/30
f 404/509/3 384/489/3 403/508/3
f 384/489/3 404/509/3 383/488/3
f 383/488/3 404/509/3 405/510/3
f 383/488/3 405/510/3 406/511/3
f 406/511/3 405/510/3 407/512/3
f 407/512/3 405/510/3 408/513/3
f 406/511/14 410/515/14 409/514/14
f 410/515/14 406/511/14 407/512/14
f 384/489/18 394/499/18 403/508/18
f 394/499/18 384/489/18 382/487/18
f 412/517/103 405/510/104 411/516/104
f 405/510/104 412/517/103 408/513/103
f 399/504/18 413/518/105 400/505/105
f 413/518/105 399/504/18 402/507/18
f 413/518/105 402/507/18 388/493/18
f 388/493/18 402/507/18 365/470/18
f 388/493/18 365/470/18 385/490/18
f 385/490/18 365/470/18 363/468/18
f 385/490/18 363/468/18 361/466/18
f 385/490/18 361/466/18 371/476/18
f 371/476/18 361/466/18 375/480/18
f 371/476/18 375/480/18 373/478/18
f 396/501/106 415/520/107 414/519/106
f 415/520/107 396/501/108 397/502/107
f 376/481/30 372/477/30 374/479/30
f 362/467/30 372/477/30 376/481/30
f 362/467/30 386/491/30 372/477/30
f 364/469/30 386/491/30 362/467/30
f 366/471/30 386/491/30 364/469/30
f 366/471/30 387/492/30 386/491/30
f 401/506/30 387/492/30 366/471/30
f 387/492/30 401/506/30 416/521/30
f 398/503/30 416/521/30 401/506/30
f 378/483/30 416/521/30 398/503/30
f 416/521/30 378/483/30 380/485/30
f 400/505/105 415/520/107 397/502/107
f 415/520/107 400/505/105 413/518/105
f 401/506/3 365/470/109 402/507/3
f 365/470/101 401/506/3 366/471/101
f 405/510/104 417/522/110 411/516/104
f 417/522/111 405/510/104 404/509/111
f 391/496/11 418/523/11 392/497/11
f 418/523/11 391/496/11 381/486/11
f 381/486/11 391/496/11 411/516/11
f 411/516/11 391/496/11 412/517/11
f 417/522/11 381/486/11 411/516/11
f 414/519/11 381/486/11 417/522/11
f 414/519/11 380/485/11 381/486/11
f 415/520/11 380/485/11 414/519/11
f 415/520/11 416/521/11 380/485/11
f 415/520/11 387/492/11 416/521/11
f 413/518/11 387/492/11 415/520/11
f 387/492/11 413/518/11 388/493/11
f 406/511/18 381/486/18 383/488/18
f 381/486/18 406/511/18 418/523/18
f 418/523/18 406/511/18 409/514/18
f 418/523/18 409/514/18 392/497/18
f 392/497/18 409/514/18 369/474/18
f 392/497/18 369/474/18 389/494/18
f 389/494/18 369/474/18 355/460/18
f 389/494/18 355/460/18 353/458/18
f 389/494/18 353/458/18 367/472/18
f 367/472/18 353/458/18 357/462/18
f 367/472/18 357/462/18 358/463/18
f 410/515/3 369/474/109 409/514/3
f 369/474/101 410/515/3 370/475/101
f 394/499/8 404/509/111 403/508/8
f 394/499/8 417/522/111 404/509/111
f 417/522/111 394/499/8 414/519/106
f 393/498/8 414/519/106 394/499/8
f 414/519/106 393/498/8 396/501/106
f 396/501/106 393/498/8 395/500/8
f 359/464/30 368/473/30 360/465/30
f 354/459/30 368/473/30 359/464/30
f 354/459/30 390/495/30 368/473/30
f 356/461/30 390/495/30 354/459/30
f 370/475/30 390/495/30 356/461/30
f 370/475/30 391/496/30 390/495/30
f 410/515/30 391/496/30 370/475/30
f 410/515/30 412/517/103 391/496/30
f 412/517/103 410/515/30 408/513/103
f 407/512/30 408/513/103 410/515/30
f 22/27/18 26/33/18 24/30/18
f 26/33/18 22/27/18 13/14/18
f 13/14/18 22/27/18 20/24/18
f 13/14/18 20/24/18 17/20/18
f 13/14/18 17/20/18 15/17/18
f 170/235/30 161/224/30 169/233/30
f 161/224/30 170/235/30 158/220/30
f 158/220/30 170/235/30 157/218/30
f 157/218/30 170/235/30 192/259/30
f 192/259/30 170/235/30 182/248/30
f 421/526/14 420/525/112 419/524/14
f 420/525/112 421/526/14 422/527/112
f 425/530/113 424/529/114 423/528/114
f 424/529/114 425/530/113 426/531/113
f 429/534/115 428/533/8 427/532/115
f 428/533/8 429/534/115 430/535/8
f 429/534/115 426/531/113 425/530/113
f 426/531/113 429/534/115 427/532/115
f 423/528/114 420/525/112 422/527/112
f 420/525/112 423/528/114 424/529/114
f 427/532/11 424/529/11 426/531/11
f 424/529/11 427/532/11 420/525/11
f 420/525/11 427/532/11 428/533/11
f 420/525/11 428/533/11 419/524/11
f 422/527/3 425/530/3 423/528/3
f 425/530/3 422/527/3 429/534/3
f 429/534/3 422/527/3 421/526/3
f 429/534/3 421/526/3 430/535/3
f 77/94/14 71/87/14 69/84/14
f 71/87/14 77/94/14 78/96/14
f 95/122/14 432/537/14 431/536/14
f 432/537/14 95/122/14 96/124/14
f 83/102/14 103/137/14 101/133/14
f 103/137/14 83/102/14 84/104/14
f 89/112/14 99/130/14 97/126/14
f 99/130/14 89/112/14 90/114/14
f 91/116/18 98/128/18 93/119/18
f 95/122/18 98/128/18 91/116/18
f 98/128/18 95/122/18 97/126/18
f 431/536/18 97/126/18 95/122/18
f 97/126/18 431/536/18 433/538/18
f 102/135/18 434/539/18 101/133/18
f 434/539/18 102/135/18 89/112/18
f 89/112/18 102/135/18 85/106/18
f 85/106/18 102/135/18 87/109/18
f 437/542/116 436/541/117 435/540/118
f 436/541/117 437/542/119 438/543/117
f 438/543/120 439/544/120 436/541/120
f 439/544/120 438/543/120 440/545/120
f 440/545/121 441/546/122 439/544/121
f 441/546/123 440/545/121 442/547/124
f 445/551/125 444/549/126 443/548/127
f 444/549/126 445/551/125 446/552/128
f 445/551/125 442/547/124 446/552/129
f 442/547/124 445/551/130 441/546/131
f 443/548/127 437/542/116 435/540/132
f 437/542/116 443/548/133 444/549/134
f 441/546/8 436/541/8 439/544/8
f 436/541/8 441/546/8 435/540/8
f 435/540/8 441/546/8 445/551/8
f 435/540/8 445/551/8 443/548/8
f 437/542/14 440/545/14 438/543/14
f 440/545/14 437/542/14 442/547/14
f 442/547/14 437/542/14 444/549/14
f 442/547/14 444/549/14 446/552/14
f 116/156/3 115/154/3 114/152/3
f 115/154/3 116/156/3 111/146/3
f 111/146/3 116/156/3 113/150/3
f 111/146/3 113/150/3 112/148/3
f 139/187/30 154/213/30 137/184/30
f 137/184/30 154/213/30 141/190/30
f 141/190/30 154/213/30 450/557/30
f 153/211/30 450/557/30 154/213/30
f 449/556/30 447/554/30 149/204/30
f 147/200/30 149/204/30 447/554/30
f 149/204/30 147/200/30 150/206/30
f 143/194/30 150/206/30 147/200/30
f 145/197/30 150/206/30 143/194/30
f 142/192/14 141/190/14 151/208/14
f 149/204/14 151/208/14 141/190/14
f 136/182/14 135/180/14 155/215/14
f 153/211/14 155/215/14 135/180/14
f 148/202/14 147/200/14 448/555/14
f 447/554/14 448/555/14 147/200/14
f 130/174/14 129/172/14 123/165/14
f 121/162/14 123/165/14 129/172/14
f 453/560/14 452/559/14 451/558/14
f 452/559/14 453/560/14 454/561/14
f 457/564/97 456/563/97 455/562/97
f 456/563/97 457/564/97 458/565/97
f 461/568/3 460/567/3 459/566/3
f 460/567/3 461/568/3 462/569/3
f 462/569/3 458/565/3 460/567/3
f 458/565/3 462/569/3 456/563/3
f 462/569/3 461/568/3 463/570/3
f 464/571/3 463/570/3 461/568/3
f 463/570/3 464/571/3 453/560/3
f 453/560/3 464/571/3 454/561/3
f 454/561/3 464/571/3 465/572/3
f 466/573/3 465/572/3 464/571/3
f 465/572/3 466/573/3 467/574/3
f 467/574/3 466/573/3 468/575/3
f 468/575/3 469/576/3 467/574/3
f 469/576/3 468/575/3 470/577/3
f 448/555/30 462/569/30 471/578/30
f 462/569/30 448/555/30 456/563/30
f 456/563/30 448/555/30 455/562/30
f 469/576/97 473/580/97 472/579/97
f 473/580/97 469/576/97 470/577/97
f 469/576/18 474/581/18 467/574/18
f 474/581/18 469/576/18 432/537/18
f 432/537/18 469/576/18 472/579/18
f 453/560/18 475/582/18 463/570/18
f 475/582/18 453/560/18 451/558/18
f 452/559/30 465/572/30 476/583/30
f 465/572/30 452/559/30 454/561/30
f 226/303/135 477/584/18 228/307/135
f 477/584/18 226/303/135 478/585/18
f 238/327/136 480/587/3 479/586/3
f 480/587/3 238/327/136 237/325/136
f 482/589/18 230/311/135 481/588/18
f 230/311/135 482/589/18 232/315/135
f 239/329/137 484/591/11 483/590/11
f 484/591/11 239/329/137 240/331/137
f 238/327/8 484/591/8 240/331/8
f 484/591/8 238/327/8 234/319/8
f 234/319/8 238/327/8 479/586/8
f 234/319/8 233/317/8 484/591/8
f 485/592/30 245/341/138 246/343/138
f 245/341/138 485/592/30 486/593/30
f 487/594/3 221/293/136 222/295/136
f 221/293/136 487/594/3 488/595/3
f 483/590/11 233/317/139 235/321/139
f 233/317/139 483/590/11 484/591/11
f 232/315/14 486/593/14 231/313/14
f 486/593/14 232/315/14 482/589/14
f 486/593/14 482/589/14 247/345/14
f 486/593/14 247/345/14 245/341/14
f 218/287/8 477/584/8 220/291/8
f 477/584/8 218/287/8 489/596/8
f 477/584/8 489/596/8 228/307/8
f 228/307/8 489/596/8 227/305/8
f 242/335/8 487/594/8 241/333/8
f 224/299/8 241/333/8 487/594/8
f 224/299/8 487/594/8 222/295/8
f 241/333/8 224/299/8 490/597/8
f 489/596/30 225/301/29 227/305/29
f 225/301/29 489/596/30 491/598/30
f 485/592/8 230/311/8 229/309/8
f 230/311/8 485/592/8 481/588/8
f 481/588/8 485/592/8 248/347/8
f 248/347/8 485/592/8 246/343/8
f 236/323/14 483/590/14 235/321/14
f 237/325/14 483/590/14 236/323/14
f 237/325/14 236/323/14 480/587/14
f 483/590/14 237/325/14 239/329/14
f 244/339/14 243/337/14 488/595/14
f 243/337/14 223/297/14 488/595/14
f 488/595/14 223/297/14 221/293/14
f 223/297/14 243/337/14 492/599/14
f 492/599/11 224/299/137 223/297/137
f 224/299/137 492/599/11 490/597/11
f 479/586/3 236/323/140 234/319/140
f 236/323/140 479/586/3 480/587/3
f 217/285/138 489/596/30 218/287/138
f 489/596/30 217/285/138 491/598/30
f 242/335/140 488/595/3 487/594/3
f 488/595/3 242/335/140 244/339/140
f 243/337/139 490/597/11 492/599/11
f 490/597/11 243/337/139 241/333/139
f 478/585/14 217/285/14 219/289/14
f 217/285/14 478/585/14 491/598/14
f 491/598/14 478/585/14 226/303/14
f 491/598/14 226/303/14 225/301/14
f 478/585/18 220/291/27 477/584/18
f 220/291/27 478/585/18 219/289/27
f 247/345/27 481/588/18 248/347/27
f 481/588/18 247/345/27 482/589/18
f 229/309/29 486/593/30 485/592/30
f 486/593/30 229/309/29 231/313/29
f 495/602/8 494/601/141 493/600/8
f 494/601/141 495/602/8 496/603/141
f 499/606/142 498/605/143 497/604/143
f 498/605/143 499/606/142 500/607/142
f 503/610/144 502/609/14 501/608/144
f 502/609/14 503/610/144 504/611/14
f 503/610/144 500/607/142 499/606/142
f 500/607/142 503/610/144 501/608/144
f 497/604/143 494/601/141 496/603/141
f 494/601/141 497/604/143 498/605/143
f 501/608/11 498/605/11 500/607/11
f 498/605/11 501/608/11 494/601/11
f 494/601/11 501/608/11 502/609/11
f 494/601/11 502/609/11 493/600/11
f 496/603/3 499/606/3 497/604/3
f 499/606/3 496/603/3 503/610/3
f 503/610/3 496/603/3 495/602/3
f 503/610/3 495/602/3 504/611/3
f 507/614/3 506/613/3 505/612/3
f 506/613/3 507/614/3 508/615/3
f 508/615/3 507/614/3 509/616/3
f 508/615/3 509/616/3 510/617/3
f 505/612/145 512/619/146 511/618/145
f 512/619/146 505/612/145 506/613/147
f 507/614/148 511/618/149 513/620/148
f 511/618/149 507/614/148 505/612/150
f 508/615/151 515/622/152 514/621/151
f 515/622/153 508/615/151 510/617/154
f 515/622/155 509/616/156 516/623/156
f 509/616/156 515/622/155 510/617/157
f 506/613/158 514/621/159 512/619/158
f 514/621/159 506/613/158 508/615/151
f 509/616/160 513/620/161 516/623/160
f 513/620/161 509/616/160 507/614/148
f 260/365/3 259/363/3 258/361/3
f 259/363/3 260/365/3 255/355/3
f 255/355/3 260/365/3 257/359/3
f 255/355/3 257/359/3 256/357/3
f 519/626/11 518/625/11 517/624/11
f 518/625/11 519/626/11 520/627/11
f 520/627/11 519/626/11 521/628/11
f 520/627/11 521/628/11 522/629/11
f 524/631/162 518/625/163 523/630/163
f 518/625/163 524/631/162 517/624/162
f 525/632/164 518/625/163 520/627/164
f 518/625/163 525/632/164 523/630/163
f 522/629/165 527/634/166 526/633/165
f 527/634/166 522/629/165 521/628/166
f 528/635/167 521/628/166 519/626/167
f 521/628/166 528/635/167 527/634/166
f 526/633/165 520/627/164 522/629/165
f 520/627/164 526/633/165 525/632/164
f 524/631/162 519/626/167 517/624/162
f 519/626/167 524/631/162 528/635/167
f 531/638/3 530/637/3 529/636/3
f 530/637/3 531/638/3 532/639/3
f 532/639/3 531/638/3 533/640/3
f 532/639/3 533/640/3 534/641/3
f 535/642/14 533/640/168 531/638/14
f 533/640/168 535/642/14 536/643/168
f 537/644/169 533/640/168 536/643/168
f 533/640/168 537/644/169 534/641/169
f 537/644/169 532/639/8 534/641/169
f 532/639/8 537/644/169 538/645/8
f 538/645/8 530/637/170 532/639/8
f 530/637/170 538/645/8 539/646/170
f 530/637/170 540/647/171 529/636/171
f 540/647/171 530/637/170 539/646/170
f 540/647/171 531/638/14 529/636/171
f 531/638/14 540/647/171 535/642/14
f 528/635/3 537/644/3 527/634/3
f 527/634/3 537/644/3 526/633/3
f 528/635/3 538/645/3 537/644/3
f 536/643/3 526/633/3 537/644/3
f 528/635/3 539/646/3 538/645/3
f 524/631/3 539/646/3 528/635/3
f 536/643/3 525/632/3 526/633/3
f 535/642/3 525/632/3 536/643/3
f 539/646/3 524/631/3 540/647/3
f 540/647/3 525/632/3 535/642/3
f 523/630/3 540/647/3 524/631/3
f 540/647/3 523/630/3 525/632/3
f 543/650/3 542/649/3 541/648/3
f 542/649/3 543/650/3 544/651/3
f 544/651/3 543/650/3 545/652/3
f 545/652/3 543/650/3 546/653/3
f 549/656/172 548/655/173 547/654/174
f 547/654/175 550/657/176 549/656/172
f 553/660/177 552/659/178 551/658/179
f 553/660/180 554/661/181 552/659/178
f 557/664/182 556/663/183 555/662/183
f 556/663/183 557/664/182 558/666/182
f 556/663/184 560/669/185 559/668/185
f 560/669/185 556/663/184 561/670/186
f 552/659/69 560/669/185 561/670/69
f 560/669/185 552/659/186 554/661/185
f 563/672/67 562/671/30 557/664/187
f 562/671/30 563/672/67 564/673/30
f 565/674/30 562/671/30 564/673/30
f 562/671/30 565/674/30 566/675/30
f 564/673/30 563/672/67 567/676/30
f 550/657/67 567/676/30 563/672/67
f 567/676/30 550/657/67 568/677/30
f 569/678/70 556/663/184 558/666/188
f 556/663/184 569/678/70 561/670/69
f 551/658/70 561/670/69 569/678/70
f 561/670/69 551/658/189 552/659/69
f 555/662/190 559/668/8 570/679/8
f 559/668/8 555/662/190 556/663/190
f 553/660/191 548/655/191 554/661/191
f 548/655/191 553/660/191 547/654/191
f 571/680/14 547/654/14 553/660/14
f 547/654/14 571/680/14 572/681/14
f 547/654/175 568/677/89 550/657/176
f 568/677/89 547/654/175 572/681/89
f 565/674/8 573/682/192 566/675/192
f 573/682/192 565/674/8 574/683/8
f 574/683/8 565/674/8 575/684/8
f 574/683/8 575/684/8 576/685/8
f 566/675/192 577/686/193 562/671/193
f 577/686/193 566/675/192 573/682/192
f 562/671/8 558/666/182 557/664/182
f 558/666/182 562/671/8 577/686/8
f 571/680/83 551/658/179 578/687/83
f 551/658/179 571/680/83 553/660/177
f 579/688/18 573/682/18 574/683/18
f 573/682/18 579/688/18 577/686/18
f 577/686/18 579/688/18 558/666/188
f 558/666/188 579/688/18 569/678/70
f 569/678/70 579/688/18 580/689/18
f 569/678/70 580/689/18 581/690/18
f 578/687/18 569/678/70 581/690/18
f 569/678/70 578/687/18 551/658/70
f 570/679/194 582/691/65 555/662/195
f 582/691/65 570/679/194 583/692/194
f 548/655/194 582/691/65 583/692/194
f 582/691/65 548/655/194 549/656/65
f 559/668/11 583/692/11 570/679/11
f 583/692/11 559/668/11 560/669/11
f 554/661/11 583/692/11 560/669/11
f 583/692/11 554/661/11 548/655/11
f 555/662/195 563/672/67 557/664/187
f 563/672/67 555/662/195 582/691/65
f 549/656/65 563/672/67 582/691/65
f 563/672/67 549/656/65 550/657/67
f 586/695/112 585/694/114 584/693/114
f 585/694/114 586/695/112 587/696/112
f 590/699/144 589/698/14 588/697/144
f 589/698/14 590/699/144 591/700/14
f 590/699/144 593/702/142 592/701/196
f 593/702/142 590/699/144 588/697/144
f 595/704/14 586/695/112 594/703/14
f 586/695/112 595/704/14 587/696/112
f 598/707/115 597/706/141 596/705/141
f 597/706/141 598/707/115 599/708/115
f 600/709/143 596/705/141 597/706/197
f 596/705/141 600/709/143 601/710/143
f 586/695/11 557/665/11 594/703/11
f 598/707/11 557/665/11 586/695/11
f 598/707/11 586/695/11 584/693/11
f 598/707/11 584/693/11 602/711/11
f 598/707/11 558/667/11 557/665/11
f 596/705/11 558/667/11 598/707/11
f 596/705/11 589/698/11 558/667/11
f 596/705/11 588/697/11 589/698/11
f 601/710/11 588/697/11 596/705/11
f 588/697/11 601/710/11 593/702/11
f 592/701/142 601/710/143 600/709/143
f 601/710/143 592/701/142 593/702/142
f 602/711/113 599/708/115 598/707/115
f 599/708/115 602/711/113 603/712/198
f 584/693/114 603/712/113 602/711/113
f 603/712/113 584/693/114 585/694/114
f 597/706/3 592/701/3 600/709/3
f 592/701/3 597/706/3 590/699/3
f 590/699/3 597/706/3 604/713/3
f 591/700/3 590/699/3 604/713/3
f 604/713/3 597/706/3 599/708/3
f 604/713/3 599/708/3 605/714/3
f 605/714/3 599/708/3 595/704/3
f 595/704/3 599/708/3 587/696/3
f 587/696/3 599/708/3 603/712/3
f 587/696/3 603/712/3 585/694/3
f 56/68/14 60/74/14 58/71/14
f 60/74/14 56/68/14 47/55/14
f 47/55/14 56/68/14 54/65/14
f 47/55/14 54/65/14 51/61/14
f 47/55/14 51/61/14 49/58/14
f 608/717/30 607/716/30 606/715/30
f 607/716/30 608/717/30 609/718/199
f 609/718/200 610/719/201 607/716/30
f 609/718/199 608/717/30 611/720/202
f 611/720/202 608/717/30 446/553/203
f 614/723/204 613/722/18 612/721/205
f 615/724/18 613/722/18 614/723/206
f 613/722/18 615/724/18 616/725/18
f 615/724/18 614/723/206 617/726/207
f 615/724/18 617/726/207 444/550/208
f 608/717/11 616/725/209 615/724/11
f 616/725/209 608/717/11 606/715/209
f 610/719/210 613/722/8 607/716/8
f 613/722/8 610/719/210 612/721/210
f 612/721/205 609/718/200 614/723/211
f 609/718/199 612/721/205 610/719/201
f 614/723/212 611/720/202 617/726/207
f 611/720/213 614/723/206 609/718/214
f 617/726/207 446/553/203 444/550/215
f 446/553/203 617/726/216 611/720/202
f 607/716/8 616/725/217 606/715/217
f 616/725/217 607/716/8 613/722/8
f 446/553/218 615/724/11 444/550/218
f 615/724/11 446/553/218 608/717/11
f 3/3/1 2/2/2 1/1/2
f 2/2/2 3/3/1 4/4/1
f 3/3/1 5/5/3 4/4/1
f 5/5/3 3/3/1 6/6/3
f 6/6/3 7/7/4 5/5/3
f 7/7/5 6/6/3 8/8/5
f 7/7/5 10/10/6 9/9/6
f 10/10/6 7/7/5 8/8/5
f 9/9/6 12/12/7 11/11/7
f 12/12/7 9/9/6 10/10/6
f 15/16/8 14/15/8 13/13/8
f 14/15/8 15/16/8 16/18/8
f 17/19/9 16/18/10 15/16/10
f 16/18/10 17/19/9 18/21/9
f 17/19/9 19/22/11 18/21/9
f 19/22/11 17/19/9 20/23/11
f 20/23/11 21/25/12 19/22/11
f 21/25/12 20/23/11 22/26/12
f 21/25/12 24/29/13 23/28/13
f 24/29/13 21/25/12 22/26/12
f 23/28/14 26/32/14 25/31/14
f 26/32/14 23/28/14 24/29/14
f 26/32/3 14/15/3 25/31/3
f 14/15/3 26/32/3 13/13/3
f 1/1/2 28/35/15 27/34/15
f 28/35/15 1/1/2 2/2/2
f 31/38/16 30/37/17 29/36/16
f 30/37/17 31/38/16 32/39/17
f 32/39/17 33/40/9 30/37/17
f 33/40/9 32/39/17 34/41/9
f 27/34/15 33/40/9 34/41/9
f 33/40/9 27/34/15 28/35/15
f 11/11/7 36/43/12 35/42/12
f 36/43/12 11/11/7 12/12/7
f 36/43/12 29/36/16 35/42/12
f 29/36/16 36/43/12 31/38/16
f 4/4/18 28/35/18 2/2/18
f 28/35/18 4/4/18 33/40/18
f 33/40/18 4/4/18 30/37/18
f 30/37/18 4/4/18 25/31/18
f 30/37/18 25/31/18 29/36/18
f 25/31/18 4/4/18 23/28/18
f 4/4/18 21/25/18 23/28/18
f 21/25/18 4/4/18 5/5/18
f 21/25/18 5/5/18 19/22/18
f 19/22/18 5/5/18 7/7/18
f 19/22/18 7/7/18 18/21/18
f 18/21/18 7/7/18 16/18/18
f 16/18/18 7/7/18 14/15/18
f 29/36/18 25/31/18 14/15/18
f 29/36/18 14/15/18 7/7/18
f 29/36/18 7/7/18 9/9/18
f 29/36/18 9/9/18 35/42/18
f 35/42/18 9/9/18 11/11/18
f 39/46/19 38/45/20 37/44/20
f 38/45/20 39/46/19 40/47/21
f 39/46/19 41/48/3 40/47/19
f 41/48/3 39/46/22 42/49/3
f 42/49/3 43/50/23 41/48/3
f 43/50/23 42/49/3 44/51/23
f 43/50/23 46/53/24 45/52/25
f 46/53/24 43/50/23 44/51/23
f 49/57/18 48/56/18 47/54/18
f 48/56/18 49/57/18 50/59/18
f 51/60/26 50/59/27 49/57/27
f 50/59/27 51/60/26 52/62/26
f 51/60/26 53/63/11 52/62/26
f 53/63/11 51/60/26 54/64/11
f 54/64/11 55/66/28 53/63/11
f 55/66/28 54/64/11 56/67/28
f 55/66/28 58/70/29 57/69/29
f 58/70/29 55/66/28 56/67/28
f 57/69/30 60/73/30 59/72/30
f 60/73/30 57/69/30 58/70/30
f 45/52/24 62/76/30 61/75/30
f 62/76/30 45/52/24 46/53/24
f 61/75/31 43/50/31 45/52/31
f 48/56/14 43/50/14 61/75/14
f 50/59/14 43/50/14 48/56/14
f 52/62/14 43/50/14 50/59/14
f 53/63/14 43/50/14 52/62/14
f 53/63/14 41/48/14 43/50/14
f 55/66/14 41/48/14 53/63/14
f 55/66/14 40/47/14 41/48/14
f 40/47/14 55/66/14 57/69/14
f 59/72/14 40/47/14 57/69/14
f 63/77/14 40/47/14 59/72/14
f 40/47/14 63/77/14 38/45/14
f 37/44/20 63/77/18 64/78/18
f 63/77/18 37/44/20 38/45/20
f 67/81/3 66/80/32 65/79/3
f 66/80/32 67/81/3 68/82/32
f 71/86/3 70/85/32 69/83/3
f 70/85/32 71/86/3 72/88/32
f 75/91/14 74/90/12 73/89/33
f 74/90/34 75/91/35 76/92/35
f 74/90/12 77/93/11 73/89/12
f 77/93/11 74/90/36 78/95/11
f 81/99/14 80/98/12 79/97/33
f 80/98/34 81/99/14 82/100/14
f 80/98/12 83/101/11 79/97/12
f 83/101/11 80/98/36 84/103/11
f 87/108/14 86/107/12 85/105/33
f 86/107/34 87/108/14 88/110/14
f 86/107/12 89/111/11 85/105/12
f 89/111/11 86/107/36 90/113/11
f 93/118/14 92/117/12 91/115/33
f 92/117/34 93/118/14 94/120/14
f 92/117/12 95/121/11 91/115/12
f 95/121/11 92/117/36 96/123/11
f 99/129/3 98/127/32 97/125/3
f 98/127/32 99/129/3 100/131/32
f 98/127/32 94/120/5 93/118/5
f 94/120/5 98/127/32 100/131/37
f 66/80/32 76/92/5 75/91/5
f 76/92/5 66/80/32 68/82/32
f 70/85/32 82/100/5 81/99/5
f 82/100/5 70/85/32 72/88/32
f 103/136/3 102/134/32 101/132/3
f 102/134/32 103/136/3 104/138/32
f 102/134/32 88/110/5 87/108/5
f 88/110/5 102/134/32 104/138/32
f 107/141/11 106/140/11 105/139/11
f 106/140/11 107/141/11 108/142/11
f 108/142/11 107/141/11 109/143/11
f 108/142/11 109/143/11 110/144/11
f 111/145/38 109/143/39 107/141/38
f 109/143/39 111/145/40 112/147/39
f 109/143/39 113/149/41 110/144/41
f 113/149/42 109/143/39 112/147/39
f 114/151/43 105/139/44 106/140/43
f 105/139/44 114/151/43 115/153/44
f 115/153/44 107/141/38 105/139/45
f 107/141/38 115/153/44 111/145/38
f 116/155/46 106/140/43 108/142/46
f 106/140/43 116/155/46 114/151/43
f 113/149/41 108/142/46 110/144/41
f 108/142/46 113/149/42 116/155/46
f 156/216/32 154/212/32 140/188/5
f 139/186/5 140/188/5 154/212/32
f 156/216/32 155/214/3 154/212/32
f 153/210/3 154/212/32 155/214/3
f 124/166/32 122/163/32 134/178/5
f 133/177/5 134/178/5 122/163/32
f 120/160/32 118/158/32 128/170/5
f 127/169/5 128/170/5 118/158/32
f 152/209/32 150/205/32 146/198/47
f 145/196/47 146/198/47 150/205/32
f 152/209/32 151/207/3 150/205/32
f 149/203/3 150/205/32 151/207/3
f 148/201/11 144/195/12 147/199/11
f 143/193/48 147/199/11 144/195/12
f 146/198/14 145/196/14 144/195/49
f 143/193/12 144/195/12 145/196/14
f 142/191/11 138/185/12 141/189/11
f 137/183/48 141/189/11 138/185/12
f 140/188/14 139/186/14 138/185/49
f 137/183/12 138/185/12 139/186/14
f 136/181/11 132/176/12 135/179/11
f 131/175/48 135/179/11 132/176/12
f 134/178/14 133/177/14 132/176/49
f 131/175/12 132/176/12 133/177/14
f 130/173/11 126/168/12 129/171/11
f 125/167/48 129/171/11 126/168/12
f 128/170/14 127/169/14 126/168/49
f 125/167/12 126/168/12 127/169/14
f 124/166/32 123/164/3 122/163/32
f 121/161/3 122/163/32 123/164/3
f 120/160/32 119/159/3 118/158/32
f 117/157/3 118/158/32 119/159/3
f 159/221/11 158/219/12 157/217/11
f 158/219/12 159/221/11 160/222/12
f 158/219/12 162/225/13 161/223/13
f 162/225/13 158/219/12 160/222/12
f 165/228/1 164/227/2 163/226/2
f 164/227/2 165/228/1 166/229/1
f 163/226/2 168/231/15 167/230/15
f 168/231/15 163/226/2 164/227/2
f 171/236/3 170/234/3 169/232/3
f 170/234/3 171/236/3 172/237/3
f 167/230/15 174/239/9 173/238/9
f 174/239/9 167/230/15 168/231/15
f 177/242/5 176/241/6 175/240/6
f 176/241/6 177/242/5 178/243/5
f 180/245/3 177/242/4 179/244/3
f 177/242/5 180/245/3 178/243/5
f 165/228/1 179/244/3 166/229/1
f 179/244/3 165/228/1 180/245/3
f 181/246/8 170/234/8 172/237/8
f 170/234/8 181/246/8 182/247/8
f 185/251/7 184/250/12 183/249/12
f 184/250/12 185/251/7 186/252/7
f 188/254/17 174/239/9 187/253/17
f 174/239/9 188/254/17 173/238/9
f 173/238/30 163/226/30 167/230/30
f 163/226/30 173/238/30 165/228/30
f 165/228/30 173/238/30 188/254/30
f 165/228/30 188/254/30 171/236/30
f 171/236/30 188/254/30 189/255/30
f 162/225/30 165/228/30 171/236/30
f 160/222/30 165/228/30 162/225/30
f 165/228/30 160/222/30 180/245/30
f 180/245/30 160/222/30 159/221/30
f 171/236/30 189/255/30 172/237/30
f 180/245/30 159/221/30 178/243/30
f 178/243/30 159/221/30 190/256/30
f 178/243/30 190/256/30 181/246/30
f 172/237/30 189/255/30 181/246/30
f 181/246/30 189/255/30 178/243/30
f 178/243/30 189/255/30 176/241/30
f 176/241/30 189/255/30 184/250/30
f 176/241/30 184/250/30 186/252/30
f 175/240/6 186/252/7 185/251/7
f 186/252/7 175/240/6 176/241/6
f 184/250/12 191/257/16 183/249/12
f 191/257/16 184/250/12 189/255/16
f 190/256/9 182/247/10 181/246/10
f 182/247/10 190/256/9 192/258/9
f 190/256/9 157/217/11 192/258/9
f 157/217/11 190/256/9 159/221/11
f 161/223/14 171/236/14 169/232/14
f 171/236/14 161/223/14 162/225/14
f 189/255/16 187/253/17 191/257/16
f 187/253/17 189/255/16 188/254/17
f 195/262/19 194/261/19 193/260/19
f 194/261/19 195/262/19 196/263/19
f 199/266/23 198/265/23 197/264/23
f 198/265/23 199/266/23 200/267/23
f 203/270/28 202/269/28 201/268/28
f 202/269/28 203/270/28 204/271/28
f 201/268/8 205/272/8 203/270/8
f 205/272/8 201/268/8 206/273/8
f 207/274/8 205/272/8 206/273/8
f 207/274/8 206/273/8 199/266/8
f 208/275/8 205/272/8 207/274/8
f 205/272/8 208/275/8 209/276/8
f 207/274/8 199/266/8 210/277/8
f 210/277/8 199/266/8 197/264/8
f 210/277/8 194/261/8 207/274/8
f 194/261/8 210/277/8 193/260/8
f 211/278/14 196/263/14 195/262/14
f 196/263/14 211/278/14 212/279/14
f 200/267/14 212/279/14 211/278/14
f 200/267/14 211/278/14 198/265/14
f 213/280/14 212/279/14 200/267/14
f 214/281/14 212/279/14 213/280/14
f 202/269/14 214/281/14 213/280/14
f 214/281/14 202/269/14 204/271/14
f 214/281/14 215/282/14 212/279/14
f 215/282/14 214/281/14 216/283/14
f 215/282/26 209/276/26 208/275/26
f 209/276/26 215/282/26 216/283/26
f 218/286/19 212/279/19 217/284/19
f 217/284/21 212/279/21 219/288/21
f 218/286/19 207/274/19 212/279/19
f 215/282/50 219/288/50 212/279/50
f 207/274/19 218/286/19 208/275/19
f 215/282/19 220/290/19 219/288/19
f 208/275/19 220/290/19 215/282/19
f 220/290/51 208/275/51 218/286/51
f 214/281/28 222/294/28 221/292/28
f 214/281/28 221/292/28 223/296/28
f 205/272/28 222/294/28 214/281/28
f 223/296/28 216/283/28 214/281/28
f 222/294/28 205/272/28 209/276/28
f 224/298/28 216/283/28 223/296/28
f 209/276/28 224/298/28 222/294/28
f 224/298/28 209/276/28 216/283/28
f 226/302/52 212/279/52 225/300/52
f 225/300/26 212/279/26 227/304/26
f 226/302/26 196/263/26 212/279/26
f 207/274/26 227/304/26 212/279/26
f 196/263/26 226/302/26 194/261/26
f 207/274/53 228/306/53 227/304/53
f 194/261/26 228/306/26 207/274/26
f 228/306/26 194/261/26 226/302/26
f 230/310/54 201/268/54 229/308/54
f 229/308/23 201/268/23 231/312/23
f 230/310/54 206/273/54 201/268/54
f 202/269/23 231/312/23 201/268/23
f 206/273/23 230/310/23 213/280/23
f 202/269/55 232/314/55 231/312/55
f 213/280/55 232/314/55 202/269/55
f 232/314/23 213/280/23 230/310/23
f 234/318/23 210/277/23 233/316/23
f 233/316/23 210/277/23 235/320/23
f 234/318/23 193/260/23 210/277/23
f 211/278/23 235/320/23 210/277/23
f 193/260/23 234/318/23 195/262/23
f 211/278/23 236/322/23 235/320/23
f 195/262/23 236/322/23 211/278/23
f 236/322/23 195/262/23 234/318/23
f 238/326/19 198/265/19 237/324/19
f 237/324/50 198/265/50 239/328/50
f 238/326/19 197/264/19 198/265/19
f 211/278/21 239/328/21 198/265/21
f 197/264/19 238/326/19 210/277/19
f 211/278/19 240/330/19 239/328/19
f 210/277/19 240/330/19 211/278/19
f 240/330/22 210/277/22 238/326/22
f 203/270/52 242/334/52 241/332/52
f 203/270/26 241/332/26 243/336/26
f 205/272/53 242/334/53 203/270/53
f 243/336/26 204/271/26 203/270/26
f 242/334/26 205/272/26 214/281/26
f 244/338/53 204/271/53 243/336/53
f 204/271/52 244/338/52 214/281/52
f 242/334/26 214/281/26 244/338/26
f 200/267/28 246/342/28 245/340/28
f 200/267/56 245/340/56 247/344/56
f 199/266/28 246/342/28 200/267/28
f 247/344/28 213/280/28 200/267/28
f 246/342/28 199/266/28 206/273/28
f 248/346/28 213/280/28 247/344/28
f 206/273/56 248/346/56 246/342/56
f 248/346/28 206/273/28 213/280/28
f 251/350/11 250/349/11 249/348/11
f 250/349/11 251/350/11 252/351/11
f 252/351/11 251/350/11 253/352/11
f 252/351/11 253/352/11 254/353/11
f 255/354/57 253/352/58 251/350/57
f 253/352/58 255/354/59 256/356/58
f 253/352/58 257/358/60 254/353/60
f 257/358/60 253/352/58 256/356/58
f 258/360/61 249/348/62 250/349/61
f 249/348/62 258/360/61 259/362/62
f 259/362/62 251/350/57 249/348/62
f 251/350/57 259/362/62 255/354/57
f 260/364/63 250/349/61 252/351/63
f 250/349/61 260/364/64 258/360/61
f 257/358/60 252/351/63 254/353/60
f 252/351/63 257/358/60 260/364/63
f 263/368/65 262/367/66 261/366/66
f 262/367/66 263/368/65 264/369/65
f 263/368/65 265/370/67 264/369/65
f 265/370/67 263/368/65 266/371/67
f 269/374/8 268/373/8 267/372/8
f 268/373/8 269/374/8 265/370/8
f 270/375/8 265/370/8 269/374/8
f 271/376/8 265/370/8 270/375/8
f 271/376/8 264/369/8 265/370/8
f 271/376/8 270/375/8 272/377/8
f 272/377/8 270/375/8 273/378/8
f 274/379/8 264/369/8 271/376/8
f 274/379/8 262/367/8 264/369/8
f 262/367/8 274/379/8 275/380/8
f 277/382/68 274/379/69 276/381/69
f 274/379/69 277/382/68 275/380/68
f 278/383/70 274/379/69 271/376/70
f 274/379/69 278/383/70 276/381/69
f 279/384/18 271/376/70 272/377/18
f 271/376/70 279/384/18 278/383/70
f 261/366/66 275/380/68 277/382/68
f 275/380/68 261/366/66 262/367/66
f 281/386/14 279/384/14 280/385/14
f 279/384/14 281/386/14 278/383/14
f 266/371/14 278/383/14 281/386/14
f 266/371/14 281/386/14 282/387/14
f 266/371/14 282/387/14 283/388/14
f 266/371/14 283/388/14 284/389/14
f 263/368/14 278/383/14 266/371/14
f 263/368/14 276/381/14 278/383/14
f 261/366/14 276/381/14 263/368/14
f 276/381/14 261/366/14 277/382/14
f 266/371/67 268/373/30 265/370/67
f 268/373/30 266/371/67 284/389/30
f 287/392/18 286/391/18 285/390/18
f 286/391/18 287/392/18 288/393/18
f 288/393/18 287/392/18 289/394/18
f 288/393/18 289/394/18 290/395/18
f 293/398/30 292/397/30 291/396/30
f 292/397/30 293/398/30 294/399/30
f 294/399/71 293/398/71 295/400/71
f 295/400/30 293/398/30 296/401/30
f 294/399/1 297/402/2 292/397/2
f 297/402/2 294/399/1 298/403/1
f 298/403/18 299/404/18 297/402/18
f 299/404/18 298/403/18 300/405/72
f 300/405/72 298/403/18 301/406/18
f 300/405/72 301/406/18 302/407/72
f 305/410/73 304/409/74 303/408/73
f 304/409/74 305/410/73 306/411/74
f 292/397/2 299/404/8 291/396/8
f 299/404/8 292/397/2 297/402/2
f 305/410/73 300/405/72 302/407/72
f 300/405/72 305/410/73 303/408/73
f 294/399/1 301/406/75 298/403/1
f 301/406/75 294/399/1 295/400/75
f 309/414/76 308/413/77 307/412/77
f 308/413/77 309/414/76 310/415/76
f 312/417/78 309/414/76 311/416/78
f 309/414/76 312/417/78 310/415/76
f 313/418/1 289/394/75 287/392/1
f 289/394/75 313/418/1 314/419/75
f 313/418/1 285/390/2 315/420/79
f 285/390/2 313/418/1 287/392/1
f 307/412/77 315/420/30 316/421/30
f 315/420/30 307/412/77 313/418/30
f 313/418/30 307/412/77 314/419/30
f 314/419/30 307/412/77 308/413/77
f 306/411/74 311/416/80 304/409/74
f 311/416/78 306/411/74 312/417/78
f 315/420/2 286/391/8 316/421/8
f 286/391/8 315/420/2 285/390/2
f 314/419/75 290/395/3 289/394/75
f 290/395/3 314/419/75 312/417/3
f 312/417/3 296/401/3 290/395/3
f 312/417/3 314/419/75 310/415/3
f 310/415/3 314/419/75 308/413/3
f 306/411/3 296/401/3 312/417/3
f 306/411/3 295/400/75 296/401/3
f 305/410/3 295/400/75 306/411/3
f 302/407/3 295/400/75 305/410/3
f 295/400/75 302/407/3 301/406/75
f 316/421/11 309/414/11 307/412/11
f 316/421/11 311/416/11 309/414/11
f 286/391/11 311/416/11 316/421/11
f 288/393/11 311/416/11 286/391/11
f 293/398/11 311/416/11 288/393/11
f 311/416/11 293/398/11 304/409/11
f 291/396/11 304/409/11 293/398/11
f 291/396/11 303/408/11 304/409/11
f 299/404/11 303/408/11 291/396/11
f 303/408/11 299/404/11 300/405/11
f 290/395/8 293/398/8 288/393/8
f 293/398/8 290/395/8 296/401/8
f 319/424/81 318/423/8 317/422/8
f 318/423/8 319/424/81 320/425/81
f 321/426/82 320/425/81 319/424/81
f 320/425/81 321/426/82 322/427/82
f 325/430/81 324/429/8 323/428/8
f 324/429/8 325/430/81 326/431/81
f 327/432/82 326/431/81 325/430/81
f 326/431/81 327/432/82 328/433/82
f 331/436/83 330/435/83 329/434/83
f 330/435/83 331/436/83 332/437/84
f 332/437/85 331/436/83 333/438/83
f 332/437/85 333/438/83 334/439/85
f 337/442/86 336/441/86 335/440/86
f 336/441/86 337/442/86 338/443/86
f 338/443/86 337/442/86 339/444/86
f 339/444/86 337/442/86 340/445/86
f 342/447/8 337/442/8 341/446/8
f 337/442/8 342/447/8 340/445/8
f 345/450/87 344/449/87 343/448/87
f 344/449/87 345/450/87 341/446/87
f 341/446/87 345/450/87 346/451/87
f 341/446/87 346/451/87 342/447/87
f 334/439/85 347/452/88 332/437/85
f 347/452/88 334/439/85 348/453/88
f 347/452/88 350/455/89 349/454/89
f 350/455/89 347/452/88 351/456/89
f 351/456/89 347/452/88 352/457/89
f 352/457/89 347/452/88 348/453/90
f 330/435/11 323/428/11 324/429/11
f 323/428/11 330/435/11 335/440/11
f 335/440/11 330/435/11 332/437/11
f 335/440/11 332/437/11 337/442/11
f 337/442/11 332/437/11 347/452/11
f 337/442/11 347/452/11 341/446/11
f 341/446/11 347/452/11 344/449/11
f 344/449/11 347/452/11 349/454/11
f 344/449/11 349/454/11 317/422/11
f 317/422/11 318/423/11 344/449/11
f 335/440/30 325/430/30 323/428/30
f 325/430/30 335/440/30 327/432/30
f 327/432/30 335/440/30 336/441/30
f 328/433/18 324/429/18 326/431/18
f 324/429/18 328/433/18 330/435/18
f 330/435/18 328/433/18 329/434/18
f 327/432/82 329/434/3 328/433/82
f 329/434/3 327/432/82 336/441/3
f 329/434/3 336/441/3 331/436/91
f 331/436/91 336/441/3 338/443/91
f 321/426/82 343/448/3 322/427/82
f 350/455/3 343/448/3 321/426/82
f 351/456/92 343/448/3 350/455/3
f 343/448/3 351/456/92 345/450/92
f 339/444/91 334/439/3 333/438/91
f 334/439/3 339/444/93 340/445/3
f 334/439/3 340/445/3 348/453/3
f 348/453/3 340/445/3 342/447/3
f 348/453/3 342/447/3 346/451/92
f 348/453/3 346/451/92 352/457/92
f 322/427/18 318/423/18 320/425/18
f 318/423/18 322/427/18 344/449/18
f 344/449/18 322/427/18 343/448/18
f 338/443/94 333/438/93 331/436/94
f 333/438/94 338/443/94 339/444/94
f 345/450/95 352/457/95 346/451/95
f 352/457/92 345/450/95 351/456/95
f 349/454/30 319/424/30 317/422/30
f 319/424/30 349/454/30 321/426/30
f 321/426/30 349/454/30 350/455/30
f 355/460/96 354/459/97 353/458/97
f 354/459/97 355/460/96 356/461/98
f 359/464/32 358/463/99 357/462/32
f 358/463/99 359/464/32 360/465/99
f 363/468/96 362/467/97 361/466/97
f 362/467/97 363/468/96 364/469/98
f 366/471/100 363/468/96 365/470/100
f 363/468/96 366/471/100 364/469/96
f 358/463/99 368/473/14 367/472/14
f 368/473/14 358/463/99 360/465/99
f 354/459/3 357/462/32 353/458/3
f 357/462/32 354/459/3 359/464/32
f 370/475/101 355/460/96 369/474/101
f 355/460/96 370/475/101 356/461/96
f 373/478/99 372/477/14 371/476/14
f 372/477/14 373/478/99 374/479/99
f 362/467/3 375/480/32 361/466/3
f 375/480/32 362/467/3 376/481/32
f 376/481/32 373/478/99 375/480/32
f 373/478/99 376/481/32 374/479/99
f 379/484/14 378/483/14 377/482/14
f 379/484/14 380/485/14 378/483/14
f 380/485/14 379/484/14 381/486/14
f 382/487/14 381/486/14 379/484/14
f 381/486/14 382/487/14 383/488/14
f 383/488/14 382/487/14 384/489/14
f 372/477/11 385/490/11 371/476/11
f 385/490/11 372/477/11 386/491/11
f 387/492/102 385/490/102 386/491/102
f 385/490/102 387/492/102 388/493/102
f 368/473/11 389/494/11 367/472/11
f 389/494/11 368/473/11 390/495/11
f 391/496/102 389/494/102 390/495/102
f 389/494/102 391/496/102 392/497/102
f 394/499/3 379/484/3 393/498/3
f 379/484/3 394/499/3 382/487/3
f 377/482/3 396/501/3 395/500/3
f 378/483/3 396/501/3 377/482/3
f 396/501/3 378/483/3 397/502/3
f 398/503/3 397/502/3 378/483/3
f 399/504/3 397/502/3 398/503/3
f 397/502/3 399/504/3 400/505/3
f 402/507/14 398/503/14 401/506/14
f 398/503/14 402/507/14 399/504/14
f 379/484/30 395/500/30 393/498/30
f 395/500/30 379/484/30 377/482/30
f 404/509/3 384/489/3 403/508/3
f 384/489/3 404/509/3 383/488/3
f 383/488/3 404/509/3 405/510/3
f 383/488/3 405/510/3 406/511/3
f 406/511/3 405/510/3 407/512/3
f 407/512/3 405/510/3 408/513/3
f 406/511/14 410/515/14 409/514/14
f 410/515/14 406/511/14 407/512/14
f 384/489/18 394/499/18 403/508/18
f 394/499/18 384/489/18 382/487/18
f 412/517/103 405/510/104 411/516/104
f 405/510/104 412/517/103 408/513/103
f 399/504/18 413/518/105 400/505/105
f 413/518/105 399/504/18 402/507/18
f 413/518/105 402/507/18 388/493/18
f 388/493/18 402/507/18 365/470/18
f 388/493/18 365/470/18 385/490/18
f 385/490/18 365/470/18 363/468/18
f 385/490/18 363/468/18 361/466/18
f 385/490/18 361/466/18 371/476/18
f 371/476/18 361/466/18 375/480/18
f 371/476/18 375/480/18 373/478/18
f 396/501/106 415/520/107 414/519/106
f 415/520/107 396/501/108 397/502/107
f 376/481/30 372/477/30 374/479/30
f 362/467/30 372/477/30 376/481/30
f 362/467/30 386/491/30 372/477/30
f 364/469/30 386/491/30 362/467/30
f 366/471/30 386/491/30 364/469/30
f 366/471/30 387/492/30 386/491/30
f 401/506/30 387/492/30 366/471/30
f 387/492/30 401/506/30 416/521/30
f 398/503/30 416/521/30 401/506/30
f 378/483/30 416/521/30 398/503/30
f 416/521/30 378/483/30 380/485/30
f 400/505/105 415/520/107 397/502/107
f 415/520/107 400/505/105 413/518/105
f 401/506/3 365/470/109 402/507/3
f 365/470/101 401/506/3 366/471/101
f 405/510/104 417/522/110 411/516/104
f 417/522/111 405/510/104 404/509/111
f 391/496/11 418/523/11 392/497/11
f 418/523/11 391/496/11 381/486/11
f 381/486/11 391/496/11 411/516/11
f 411/516/11 391/496/11 412/517/11
f 417/522/11 381/486/11 411/516/11
f 414/519/11 381/486/11 417/522/11
f 414/519/11 380/485/11 381/486/11
f 415/520/11 380/485/11 414/519/11
f 415/520/11 416/521/11 380/485/11
f 415/520/11 387/492/11 416/521/11
f 413/518/11 387/492/11 415/520/11
f 387/492/11 413/518/11 388/493/11
f 406/511/18 381/486/18 383/488/18
f 381/486/18 406/511/18 418/523/18
f 418/523/18 406/511/18 409/514/18
f 418/523/18 409/514/18 392/497/18
f 392/497/18 409/514/18 369/474/18
f 392/497/18 369/474/18 389/494/18
f 389/494/18 369/474/18 355/460/18
f 389/494/18 355/460/18 353/458/18
f 389/494/18 353/458/18 367/472/18
f 367/472/18 353/458/18 357/462/18
f 367/472/18 357/462/18 358/463/18
f 410/515/3 369/474/109 409/514/3
f 369/474/101 410/515/3 370/475/101
f 394/499/8 404/509/111 403/508/8
f 394/499/8 417/522/111 404/509/111
f 417/522/111 394/499/8 414/519/106
f 393/498/8 414/519/106 394/499/8
f 414/519/106 393/498/8 396/501/106
f 396/501/106 393/498/8 395/500/8
f 359/464/30 368/473/30 360/465/30
f 354/459/30 368/473/30 359/464/30
f 354/459/30 390/495/30 368/473/30
f 356/461/30 390/495/30 354/459/30
f 370/475/30 390/495/30 356/461/30
f 370/475/30 391/496/30 390/495/30
f 410/515/30 391/496/30 370/475/30
f 410/515/30 412/517/103 391/496/30
f 412/517/103 410/515/30 408/513/103
f 407/512/30 408/513/103 410/515/30
f 22/27/18 26/33/18 24/30/18
f 26/33/18 22/27/18 13/14/18
f 13/14/18 22/27/18 20/24/18
f 13/14/18 20/24/18 17/20/18
f 13/14/18 17/20/18 15/17/18
f 170/235/30 161/224/30 169/233/30
f 161/224/30 170/235/30 158/220/30
f 158/220/30 170/235/30 157/218/30
f 157/218/30 170/235/30 192/259/30
f 192/259/30 170/235/30 182/248/30
f 421/526/14 420/525/112 419/524/14
f 420/525/112 421/526/14 422/527/112
f 425/530/113 424/529/114 423/528/114
f 424/529/114 425/530/113 426/531/113
f 429/534/115 428/533/8 427/532/115
f 428/533/8 429/534/115 430/535/8
f 429/534/115 426/531/113 425/530/113
f 426/531/113 429/534/115 427/532/115
f 423/528/114 420/525/112 422/527/112
f 420/525/112 423/528/114 424/529/114
f 427/532/11 424/529/11 426/531/11
f 424/529/11 427/532/11 420/525/11
f 420/525/11 427/532/11 428/533/11
f 420/525/11 428/533/11 419/524/11
f 422/527/3 425/530/3 423/528/3
f 425/530/3 422/527/3 429/534/3
f 429/534/3 422/527/3 421/526/3
f 429/534/3 421/526/3 430/535/3
f 77/94/14 71/87/14 69/84/14
f 71/87/14 77/94/14 78/96/14
f 95/122/14 432/537/14 431/536/14
f 432/537/14 95/122/14 96/124/14
f 83/102/14 103/137/14 101/133/14
f 103/137/14 83/102/14 84/104/14
f 89/112/14 99/130/14 97/126/14
f 99/130/14 89/112/14 90/114/14
f 91/116/18 98/128/18 93/119/18
f 95/122/18 98/128/18 91/116/18
f 98/128/18 95/122/18 97/126/18
f 431/536/18 97/126/18 95/122/18
f 97/126/18 431/536/18 433/538/18
f 102/135/18 434/539/18 101/133/18
f 434/539/18 102/135/18 89/112/18
f 89/112/18 102/135/18 85/106/18
f 85/106/18 102/135/18 87/109/18
f 437/542/116 436/541/117 435/540/118
f 436/541/117 437/542/119 438/543/117
f 438/543/120 439/544/120 436/541/120
f 439/544/120 438/543/120 440/545/120
f 440/545/121 441/546/122 439/544/121
f 441/546/123 440/545/121 442/547/124
f 445/551/125 444/549/126 443/548/127
f 444/549/126 445/551/125 446/552/128
f 445/551/125 442/547/124 446/552/129
f 442/547/124 445/551/130 441/546/131
f 443/548/127 437/542/116 435/540/132
f 437/542/116 443/548/133 444/549/134
f 441/546/8 436/541/8 439/544/8
f 436/541/8 441/546/8 435/540/8
f 435/540/8 441/546/8 445/551/8
f 435/540/8 445/551/8 443/548/8
f 437/542/14 440/545/14 438/543/14
f 440/545/14 437/542/14 442/547/14
f 442/547/14 437/542/14 444/549/14
f 442/547/14 444/549/14 446/552/14
f 116/156/3 115/154/3 114/152/3
f 115/154/3 116/156/3 111/146/3
f 111/146/3 116/156/3 113/150/3
f 111/146/3 113/150/3 112/148/3
f 139/187/30 154/213/30 137/184/30
f 137/184/30 154/213/30 141/190/30
f 141/190/30 154/213/30 450/557/30
f 153/211/30 450/557/30 154/213/30
f 449/556/30 447/554/30 149/204/30
f 147/200/30 149/204/30 447/554/30
f 149/204/30 147/200/30 150/206/30
f 143/194/30 150/206/30 147/200/30
f 145/197/30 150/206/30 143/194/30
f 142/192/14 141/190/14 151/208/14
f 149/204/14 151/208/14 141/190/14
f 136/182/14 135/180/14 155/215/14
f 153/211/14 155/215/14 135/180/14
f 148/202/14 147/200/14 448/555/14
f 447/554/14 448/555/14 147/200/14
f 130/174/14 129/172/14 123/165/14
f 121/162/14 123/165/14 129/172/14
f 453/560/14 452/559/14 451/558/14
f 452/559/14 453/560/14 454/561/14
f 457/564/97 456/563/97 455/562/97
f 456/563/97 457/564/97 458/565/97
f 461/568/3 460/567/3 459/566/3
f 460/567/3 461/568/3 462/569/3
f 462/569/3 458/565/3 460/567/3
f 458/565/3 462/569/3 456/563/3
f 462/569/3 461/568/3 463/570/3
f 464/571/3 463/570/3 461/568/3
f 463/570/3 464/571/3 453/560/3
f 453/560/3 464/571/3 454/561/3
f 454/561/3 464/571/3 465/572/3
f 466/573/3 465/572/3 464/571/3
f 465/572/3 466/573/3 467/574/3
f 467/574/3 466/573/3 468/575/3
f 468/575/3 469/576/3 467/574/3
f 469/576/3 468/575/3 470/577/3
f 448/555/30 462/569/30 471/578/30
f 462/569/30 448/555/30 456/563/30
f 456/563/30 448/555/30 455/562/30
f 469/576/97 473/580/97 472/579/97
f 473/580/97 469/576/97 470/577/97
f 469/576/18 474/581/18 467/574/18
f 474/581/18 469/576/18 432/537/18
f 432/537/18 469/576/18 472/579/18
f 453/560/18 475/582/18 463/570/18
f 475/582/18 453/560/18 451/558/18
f 452/559/30 465/572/30 476/583/30
f 465/572/30 452/559/30 454/561/30
f 226/303/135 477/584/18 228/307/135
f 477/584/18 226/303/135 478/585/18
f 238/327/136 480/587/3 479/586/3
f 480/587/3 238/327/136 237/325/136
f 482/589/18 230/311/135 481/588/18
f 230/311/135 482/589/18 232/315/135
f 239/329/137 484/591/11 483/590/11
f 484/591/11 239/329/137 240/331/137
f 238/327/8 484/591/8 240/331/8
f 484/591/8 238/327/8 234/319/8
f 234/319/8 238/327/8 479/586/8
f 234/319/8 233/317/8 484/591/8
f 485/592/30 245/341/138 246/343/138
f 245/341/138 485/592/30 486/593/30
f 487/594/3 221/293/136 222/295/136
f 221/293/136 487/594/3 488/595/3
f 483/590/11 233/317/139 235/321/139
f 233/317/139 483/590/11 484/591/11
f 232/315/14 486/593/14 231/313/14
f 486/593/14 232/315/14 482/589/14
f 486/593/14 482/589/14 247/345/14
f 486/593/14 247/345/14 245/341/14
f 218/287/8 477/584/8 220/291/8
f 477/584/8 218/287/8 489/596/8
f 477/584/8 489/596/8 228/307/8
f 228/307/8 489/596/8 227/305/8
f 242/335/8 487/594/8 241/333/8
f 224/299/8 241/333/8 487/594/8
f 224/299/8 487/594/8 222/295/8
f 241/333/8 224/299/8 490/597/8
f 489/596/30 225/301/29 227/305/29
f 225/301/29 489/596/30 491/598/30
f 485/592/8 230/311/8 229/309/8
f 230/311/8 485/592/8 481/588/8
f 481/588/8 485/592/8 248/347/8
f 248/347/8 485/592/8 246/343/8
f 236/323/14 483/590/14 235/321/14
f 237/325/14 483/590/14 236/323/14
f 237/325/14 236/323/14 480/587/14
f 483/590/14 237/325/14 239/329/14
f 244/339/14 243/337/14 488/595/14
f 243/337/14 223/297/14 488/595/14
f 488/595/14 223/297/14 221/293/14
f 223/297/14 243/337/14 492/599/14
f 492/599/11 224/299/137 223/297/137
f 224/299/137 492/599/11 490/597/11
f 479/586/3 236/323/140 234/319/140
f 236/323/140 479/586/3 480/587/3
f 217/285/138 489/596/30 218/287/138
f 489/596/30 217/285/138 491/598/30
f 242/335/140 488/595/3 487/594/3
f 488/595/3 242/335/140 244/339/140
f 243/337/139 490/597/11 492/599/11
f 490/597/11 243/337/139 241/333/139
f 478/585/14 217/285/14 219/289/14
f 217/285/14 478/585/14 491/598/14
f 491/598/14 478/585/14 226/303/14
f 491/598/14 226/303/14 225/301/14
f 478/585/18 220/291/27 477/584/18
f 220/291/27 478/585/18 219/289/27
f 247/345/27 481/588/18 248/347/27
f 481/588/18 247/345/27 482/589/18
f 229/309/29 486/593/30 485/592/30
f 486/593/30 229/309/29 231/313/29
f 495/602/8 494/601/141 493/600/8
f 494/601/141 495/602/8 496/603/141
f 499/606/142 498/605/143 497/604/143
f 498/605/143 499/606/142 500/607/142
f 503/610/144 502/609/14 501/608/144
f 502/609/14 503/610/144 504/611/14
f 503/610/144 500/607/142 499/606/142
f 500/607/142 503/610/144 501/608/144
f 497/604/143 494/601/141 496/603/141
f 494/601/141 497/604/143 498/605/143
f 501/608/11 498/605/11 500/607/11
f 498/605/11 501/608/11 494/601/11
f 494/601/11 501/608/11 502/609/11
f 494/601/11 502/609/11 493/600/11
f 496/603/3 499/606/3 497/604/3
f 499/606/3 496/603/3 503/610/3
f 503/610/3 496/603/3 495/602/3
f 503/610/3 495/602/3 504/611/3
f 507/614/3 506/613/3 505/612/3
f 506/613/3 507/614/3 508/615/3
f 508/615/3 507/614/3 509/616/3
f 508/615/3 509/616/3 510/617/3
f 505/612/145 512/619/146 511/618/145
f 512/619/146 505/612/145 506/613/147
f 507/614/148 511/618/149 513/620/148
f 511/618/149 507/614/148 505/612/150
f 508/615/151 515/622/152 514/621/151
f 515/622/153 508/615/151 510/617/154
f 515/622/155 509/616/156 516/623/156
f 509/616/156 515/622/155 510/617/157
f 506/613/158 514/621/159 512/619/158
f 514/621/159 506/613/158 508/615/151
f 509/616/160 513/620/161 516/623/160
f 513/620/161 509/616/160 507/614/148
f 260/365/3 259/363/3 258/361/3
f 259/363/3 260/365/3 255/355/3
f 255/355/3 260/365/3 257/359/3
f 255/355/3 257/359/3 256/357/3
f 519/626/11 518/625/11 517/624/11
f 518/625/11 519/626/11 520/627/11
f 520/627/11 519/626/11 521/628/11
f 520/627/11 521/628/11 522/629/11
f 524/631/162 518/625/163 523/630/163
f 518/625/163 524/631/162 517/624/162
f 525/632/164 518/625/163 520/627/164
f 518/625/163 525/632/164 523/630/163
f 522/629/165 527/634/166 526/633/165
f 527/634/166 522/629/165 521/628/166
f 528/635/167 521/628/166 519/626/167
f 521/628/166 528/635/167 527/634/166
f 526/633/165 520/627/164 522/629/165
f 520/627/164 526/633/165 525/632/164
f 524/631/162 519/626/167 517/624/162
f 519/626/167 524/631/162 528/635/167
f 531/638/3 530/637/3 529/636/3
f 530/637/3 531/638/3 532/639/3
f 532/639/3 531/638/3 533/640/3
f 532/639/3 533/640/3 534/641/3
f 535/642/14 533/640/168 531/638/14
f 533/640/168 535/642/14 536/643/168
f 537/644/169 533/640/168 536/643/168
f 533/640/168 537/644/169 534/641/169
f 537/644/169 532/639/8 534/641/169
f 532/639/8 537/644/169 538/645/8
f 538/645/8 530/637/170 532/639/8
f 530/637/170 538/645/8 539/646/170
f 530/637/170 540/647/171 529/636/171
f 540/647/171 530/637/170 539/646/170
f 540/647/171 531/638/14 529/636/171
f 531/638/14 540/647/171 535/642/14
f 528/635/3 537/644/3 527/634/3
f 527/634/3 537/644/3 526/633/3
f 528/635/3 538/645/3 537/644/3
f 536/643/3 526/633/3 537/644/3
f 528/635/3 539/646/3 538/645/3
f 524/631/3 539/646/3 528/635/3
f 536/643/3 525/632/3 526/633/3
f 535/642/3 525/632/3 536/643/3
f 539/646/3 524/631/3 540/647/3
f 540/647/3 525/632/3 535/642/3
f 523/630/3 540/647/3 524/631/3
f 540/647/3 523/630/3 525/632/3
f 543/650/3 542/649/3 541/648/3
f 542/649/3 543/650/3 544/651/3
f 544/651/3 543/650/3 545/652/3
f 545/652/3 543/650/3 546/653/3
f 549/656/172 548/655/173 547/654/174
f 547/654/175 550/657/176 549/656/172
f 553/660/177 552/659/178 551/658/179
f 553/660/180 554/661/181 552/659/178
f 557/664/182 556/663/183 555/662/183
f 556/663/183 557/664/182 558/666/182
f 556/663/184 560/669/185 559/668/185
f 560/669/185 556/663/184 561/670/186
f 552/659/69 560/669/185 561/670/69
f 560/669/185 552/659/186 554/661/185
f 563/672/67 562/671/30 557/664/187
f 562/671/30 563/672/67 564/673/30
f 565/674/30 562/671/30 564/673/30
f 562/671/30 565/674/30 566/675/30
f 564/673/30 563/672/67 567/676/30
f 550/657/67 567/676/30 563/672/67
f 567/676/30 550/657/67 568/677/30
f 569/678/70 556/663/184 558/666/188
f 556/663/184 569/678/70 561/670/69
f 551/658/70 561/670/69 569/678/70
f 561/670/69 551/658/189 552/659/69
f 555/662/190 559/668/8 570/679/8
f 559/668/8 555/662/190 556/663/190
f 553/660/191 548/655/191 554/661/191
f 548/655/191 553/660/191 547/654/191
f 571/680/14 547/654/14 553/660/14
f 547/654/14 571/680/14 572/681/14
f 547/654/175 568/677/89 550/657/176
f 568/677/89 547/654/175 572/681/89
f 565/674/8 573/682/192 566/675/192
f 573/682/192 565/674/8 574/683/8
f 574/683/8 565/674/8 575/684/8
f 574/683/8 575/684/8 576/685/8
f 566/675/192 577/686/193 562/671/193
f 577/686/193 566/675/192 573/682/192
f 562/671/8 558/666/182 557/664/182
f 558/666/182 562/671/8 577/686/8
f 571/680/83 551/658/179 578/687/83
f 551/658/179 571/680/83 553/660/177
f 579/688/18 573/682/18 574/683/18
f 573/682/18 579/688/18 577/686/18
f 577/686/18 579/688/18 558/666/188
f 558/666/188 579/688/18 569/678/70
f 569/678/70 579/688/18 580/689/18
f 569/678/70 580/689/18 581/690/18
f 578/687/18 569/678/70 581/690/18
f 569/678/70 578/687/18 551/658/70
f 570/679/194 582/691/65 555/662/195
f 582/691/65 570/679/194 583/692/194
f 548/655/194 582/691/65 583/692/194
f 582/691/65 548/655/194 549/656/65
f 559/668/11 583/692/11 570/679/11
f 583/692/11 559/668/11 560/669/11
f 554/661/11 583/692/11 560/669/11
f 583/692/11 554/661/11 548/655/11
f 555/662/195 563/672/67 557/664/187
f 563/672/67 555/662/195 582/691/65
f 549/656/65 563/672/67 582/691/65
f 563/672/67 549/656/65 550/657/67
f 586/695/112 585/694/114 584/693/114
f 585/694/114 586/695/112 587/696/112
f 590/699/144 589/698/14 588/697/144
f 589/698/14 590/699/144 591/700/14
f 590/699/144 593/702/142 592/701/196
f 593/702/142 590/699/144 588/697/144
f 595/704/14 586/695/112 594/703/14
f 586/695/112 595/704/14 587/696/112
f 598/707/115 597/706/141 596/705/141
f 597/706/141 598/707/115 599/708/115
f 600/709/143 596/705/141 597/706/197
f 596/705/141 600/709/143 601/710/143
f 586/695/11 557/665/11 594/703/11
f 598/707/11 557/665/11 586/695/11
f 598/707/11 586/695/11 584/693/11
f 598/707/11 584/693/11 602/711/11
f 598/707/11 558/667/11 557/665/11
f 596/705/11 558/667/11 598/707/11
f 596/705/11 589/698/11 558/667/11
f 596/705/11 588/697/11 589/698/11
f 601/710/11 588/697/11 596/705/11
f 588/697/11 601/710/11 593/702/11
f 592/701/142 601/710/143 600/709/143
f 601/710/143 592/701/142 593/702/142
f 602/711/113 599/708/115 598/707/115
f 599/708/115 602/711/113 603/712/198
f 584/693/114 603/712/113 602/711/113
f 603/712/113 584/693/114 585/694/114
f 597/706/3 592/701/3 600/709/3
f 592/701/3 597/706/3 590/699/3
f 590/699/3 597/706/3 604/713/3
f 591/700/3 590/699/3 604/713/3
f 604/713/3 597/706/3 599/708/3
f 604/713/3 599/708/3 605/714/3
f 605/714/3 599/708/3 595/704/3
f 595/704/3 599/708/3 587/696/3
f 587/696/3 599/708/3 603/712/3
f 587/696/3 603/712/3 585/694/3
f 56/68/14 60/74/14 58/71/14
f 60/74/14 56/68/14 47/55/14
f 47/55/14 56/68/14 54/65/14
f 47/55/14 54/65/14 51/61/14
f 47/55/14 51/61/14 49/58/14
f 608/717/30 607/716/30 606/715/30
f 607/716/30 608/717/30 609/718/199
f 609/718/200 610/719/201 607/716/30
f 609/718/199 608/717/30 611/720/202
f 611/720/202 608/717/30 446/553/203
f 614/723/204 613/722/18 612/721/205
f 615/724/18 613/722/18 614/723/206
f 613/722/18 615/724/18 616/725/18
f 615/724/18 614/723/206 617/726/207
f 615/724/18 617/726/207 444/550/208
f 608/717/11 616/725/209 615/724/11
f 616/725/209 608/717/11 606/715/209
f 610/719/210 613/722/8 607/716/8
f 613/722/8 610/719/210 612/721/210
f 612/721/205 609/718/200 614/723/211
f 609/718/199 612/721/205 610/719/201
f 614/723/212 611/720/202 617/726/207
f 611/720/213 614/723/206 609/718/214
f 617/726/207 446/553/203 444/550/215
f 446/553/203 617/726/216 611/720/202
f 607/716/8 616/725/217 606/715/217
f 616/725/217 607/716/8 613/722/8
f 446/553/218 615/724/11 444/550/218
f 615/724/11 446/553/218 608/717/11
f 620/729/99 619/728/13 618/727/13
f 619/728/13 620/729/99 621/730/99
f 624/733/81 623/732/10 622/731/10
f 623/732/10 624/733/81 625/734/81
f 628/737/219 627/736/220 626/735/219
f 627/736/220 628/737/219 629/738/220
f 632/741/82 631/740/32 630/739/82
f 631/740/32 632/741/82 633/742/32
f 631/740/32 621/730/99 620/729/99
f 621/730/99 631/740/32 633/742/37
f 632/741/82 625/734/81 624/733/81
f 625/734/81 632/741/82 630/739/221
f 618/727/13 628/737/219 626/735/222
f 628/737/219 618/727/13 619/728/223
f 622/731/10 627/736/220 629/738/224
f 627/736/220 622/731/10 623/732/10
f 630/739/18 623/732/18 625/734/18
f 623/732/18 630/739/18 627/736/18
f 627/736/18 630/739/18 631/740/18
f 627/736/18 631/740/18 626/735/18
f 626/735/18 631/740/18 620/729/18
f 626/735/18 620/729/18 618/727/18
f 629/738/30 624/733/30 622/731/30
f 624/733/30 629/738/30 632/741/30
f 632/741/30 629/738/30 628/737/30
f 632/741/30 628/737/30 633/742/30
f 633/742/30 628/737/30 619/728/30
f 633/742/30 619/728/30 621/730/30
f 636/745/99 635/744/13 634/743/13
f 635/744/13 636/745/99 637/746/99
f 640/749/81 639/748/10 638/747/10
f 639/748/10 640/749/81 641/750/81
f 644/753/219 643/752/220 642/751/219
f 643/752/220 644/753/219 645/754/220
f 648/757/82 647/756/32 646/755/82
f 647/756/32 648/757/82 649/758/32
f 647/756/32 637/746/99 636/745/99
f 637/746/99 647/756/32 649/758/37
f 648/757/82 641/750/81 640/749/81
f 641/750/81 648/757/82 646/755/221
f 634/743/13 644/753/219 642/751/222
f 644/753/219 634/743/13 635/744/13
f 638/747/10 643/752/220 645/754/220
f 643/752/220 638/747/10 639/748/10
f 646/755/18 639/748/18 641/750/18
f 639/748/18 646/755/18 643/752/18
f 643/752/18 646/755/18 647/756/18
f 643/752/18 647/756/18 642/751/18
f 642/751/18 647/756/18 636/745/18
f 642/751/18 636/745/18 634/743/18
f 645/754/30 640/749/30 638/747/30
f 640/749/30 645/754/30 648/757/30
f 648/757/30 645/754/30 644/753/30
f 648/757/30 644/753/30 649/758/30
f 649/758/30 644/753/30 635/744/30
f 649/758/30 635/744/30 637/746/30
f 652/761/99 651/760/13 650/759/13
f 651/760/13 652/761/99 653/762/99
f 656/765/81 655/764/10 654/763/10
f 655/764/10 656/765/81 657/766/81
f 660/769/219 659/768/220 658/767/219
f 659/768/220 660/769/219 661/770/220
f 664/773/82 663/772/32 662/771/82
f 663/772/32 664/773/82 665/774/32
f 663/772/32 653/762/99 652/761/99
f 653/762/99 663/772/32 665/774/32
f 664/773/82 657/766/81 656/765/225
f 657/766/81 664/773/82 662/771/82
f 650/759/13 660/769/219 658/767/219
f 660/769/219 650/759/13 651/760/13
f 654/763/10 659/768/220 661/770/220
f 659/768/220 654/763/10 655/764/10
f 662/771/18 655/764/18 657/766/18
f 655/764/18 662/771/18 659/768/18
f 659/768/18 662/771/18 663/772/18
f 659/768/18 663/772/18 658/767/18
f 658/767/226 663/772/226 652/761/226
f 658/767/226 652/761/226 650/759/226
f 661/770/30 656/765/30 654/763/30
f 656/765/30 661/770/30 664/773/30
f 664/773/30 661/770/30 660/769/30
f 664/773/30 660/769/30 665/774/30
f 665/774/30 660/769/30 651/760/30
f 665/774/30 651/760/30 653/762/30
f 668/777/99 667/776/13 666/775/13
f 667/776/13 668/777/99 669/778/99
f 672/781/81 671/780/10 670/779/10
f 671/780/10 672/781/81 673/782/81
f 676/785/219 675/784/220 674/783/219
f 675/784/220 676/785/219 677/786/220
f 680/789/82 679/788/32 678/787/82
f 679/788/32 680/789/82 681/790/32
f 679/788/32 669/778/99 668/777/227
f 669/778/99 679/788/32 681/790/32
f 680/789/82 673/782/81 672/781/225
f 673/782/81 680/789/82 678/787/221
f 666/775/13 676/785/219 674/783/219
f 676/785/219 666/775/13 667/776/13
f 670/779/10 675/784/220 677/786/220
f 675/784/220 670/779/10 671/780/228
f 678/787/18 671/780/18 673/782/18
f 671/780/18 678/787/18 675/784/18
f 675/784/18 678/787/18 679/788/18
f 675/784/18 679/788/18 674/783/18
f 674/783/18 679/788/18 668/777/18
f 674/783/18 668/777/18 666/775/18
f 677/786/30 672/781/30 670/779/30
f 672/781/30 677/786/30 680/789/30
f 680/789/30 677/786/30 676/785/30
f 680/789/30 676/785/30 681/790/30
f 681/790/30 676/785/30 667/776/30
f 681/790/30 667/776/30 669/778/30
f 684/793/229 683/792/230 682/791/231
f 685/794/232 683/792/230 684/793/233
f 688/797/234 687/796/18 686/795/235
f 689/798/236 688/797/237 686/795/235
f 690/799/238 688/797/239 689/798/236
f 690/799/240 689/798/241 683/792/242
f 685/794/232 690/799/243 683/792/242
f 693/802/244 692/801/245 691/800/18
f 682/791/246 692/801/245 693/802/247
f 684/793/248 682/791/246 693/802/249
f 696/805/250 695/804/251 694/803/252
f 697/806/253 695/804/251 696/805/254
f 699/808/255 698/807/256 695/804/257
f 697/806/253 699/808/258 695/804/257
f 702/811/259 701/810/30 700/809/260
f 698/807/261 702/811/262 700/809/260
f 699/808/263 702/811/264 698/807/261
f 705/814/265 704/813/266 703/812/30
f 694/803/267 704/813/266 705/814/268
f 696/805/269 694/803/267 705/814/270
f 701/810/271 693/802/272 691/800/271
f 693/802/273 701/810/274 702/811/259
f 703/812/275 686/795/275 687/796/275
f 686/795/275 703/812/275 704/813/275
f 686/795/275 704/813/275 694/803/276
f 686/795/275 694/803/276 689/798/276
f 695/804/8 689/798/276 694/803/276
f 689/798/276 695/804/8 683/792/8
f 695/804/8 682/791/277 683/792/8
f 682/791/277 695/804/8 698/807/277
f 684/793/233 702/811/262 699/808/258
f 702/811/278 684/793/233 693/802/247
f 688/797/234 696/805/254 705/814/268
f 696/805/254 688/797/237 690/799/243
f 684/793/279 697/806/280 685/794/281
f 697/806/280 684/793/233 699/808/258
f 700/809/282 682/791/277 698/807/277
f 682/791/277 700/809/282 692/801/282
f 692/801/282 700/809/282 691/800/282
f 691/800/282 700/809/282 701/810/282
f 688/797/234 703/812/283 687/796/283
f 703/812/283 688/797/284 705/814/265
f 685/794/281 696/805/254 690/799/243
f 696/805/285 685/794/281 697/806/280
f 708/817/18 707/816/18 706/815/18
f 707/816/18 708/817/18 709/818/18
f 712/821/30 711/820/30 710/819/30
f 711/820/30 712/821/30 713/822/30
f 708/817/5 712/821/12 709/818/33
f 712/821/12 708/817/5 713/822/286
f 712/821/12 707/816/287 709/818/12
f 707/816/9 712/821/36 710/819/9
f 711/820/1 707/816/9 710/819/288
f 707/816/9 711/820/1 706/815/289
f 711/820/1 708/817/290 706/815/1
f 708/817/5 711/820/291 713/822/5
f 716/825/18 715/824/18 714/823/18
f 715/824/18 716/825/18 717/826/18
f 720/829/30 719/828/30 718/827/30
f 719/828/30 720/829/30 721/830/30
f 716/825/5 720/829/12 717/826/33
f 720/829/12 716/825/5 721/830/286
f 720/829/12 715/824/287 717/826/12
f 715/824/9 720/829/36 718/827/9
f 719/828/1 715/824/9 718/827/288
f 715/824/9 719/828/1 714/823/289
f 719/828/1 716/825/290 714/823/1
f 716/825/5 719/828/291 721/830/5
f 724/835/14 723/833/14 722/831/14
f 723/833/14 724/835/14 725/837/14
f 725/837/14 724/835/14 726/839/14
f 727/841/14 726/839/14 724/835/14
f 728/843/14 727/841/14 724/835/14
f 727/841/14 728/843/14 729/845/14
f 730/847/14 726/839/14 727/841/14
f 726/839/14 730/847/14 731/849/14
f 725/837/14 726/839/14 732/851/14
f 732/851/14 726/839/14 733/853/14
f 732/851/14 733/853/14 734/855/14
f 734/855/14 733/853/14 735/857/14
f 735/857/14 733/853/14 736/859/14
f 735/857/14 736/859/14 737/861/14
f 735/857/14 737/861/14 738/863/14
f 739/865/14 725/837/14 732/851/14
f 740/867/14 739/865/14 732/851/14
f 725/837/14 739/865/14 741/869/14
f 739/865/14 740/867/14 742/871/14
f 741/869/14 739/865/14 743/873/14
f 742/871/14 740/867/14 744/875/14
f 742/871/14 744/875/14 745/877/14
f 745/877/14 744/875/14 738/863/14
f 741/869/14 743/873/14 746/879/14
f 741/869/14 746/879/14 747/881/14
f 745/877/14 738/863/14 748/883/14
f 738/863/14 737/861/14 748/883/14
f 747/881/14 746/879/14 749/885/14
f 749/885/14 746/879/14 748/883/14
f 749/885/14 748/883/14 737/861/14
f 749/885/14 737/861/14 750/887/14
f 749/885/14 750/887/14 751/889/14
f 751/889/14 750/887/14 752/891/14
f 724/836/292 754/894/137 753/893/139
f 754/894/137 724/836/139 722/832/137
f 723/834/139 754/894/137 722/832/137
f 754/894/137 723/834/139 755/895/139
f 725/838/29 755/895/139 723/834/139
f 755/895/139 725/838/29 756/896/29
f 730/848/139 757/897/137 731/850/137
f 757/897/137 730/848/139 758/898/139
f 736/860/20 760/900/293 759/899/20
f 760/900/135 736/860/20 733/854/135
f 762/902/19 732/852/3 761/901/3
f 732/852/3 762/902/19 740/868/19
f 744/876/137 763/903/139 738/864/139
f 763/903/139 744/876/137 764/904/137
f 766/906/23 752/892/3 765/905/3
f 752/892/3 766/906/23 751/890/23
f 768/908/23 745/878/138 767/907/138
f 745/878/138 768/908/23 742/872/23
f 770/910/24 749/886/30 769/909/30
f 749/886/30 770/910/24 747/882/24
f 733/854/135 771/911/27 760/900/135
f 771/911/27 733/854/135 726/840/27
f 728/844/294 772/912/26 729/846/295
f 772/912/52 728/844/28 773/913/296
f 744/876/135 762/902/19 764/904/135
f 762/902/19 744/876/135 740/868/19
f 773/913/28 724/836/139 753/893/139
f 724/836/139 773/913/28 728/844/297
f 748/884/137 767/907/139 745/878/139
f 767/907/139 748/884/137 774/914/137
f 737/862/18 759/899/20 775/915/18
f 759/899/20 737/862/18 736/860/20
f 765/905/3 750/888/19 776/916/19
f 750/888/19 765/905/3 752/892/3
f 748/884/298 777/917/18 774/914/137
f 777/917/18 748/884/137 746/880/18
f 779/919/19 739/866/3 778/918/3
f 739/866/3 779/919/19 743/874/19
f 778/918/3 742/872/23 768/908/23
f 742/872/23 778/918/3 739/866/3
f 780/920/138 747/882/24 770/910/24
f 747/882/24 780/920/138 741/870/299
f 750/888/19 775/915/18 776/916/19
f 775/915/18 750/888/19 737/862/18
f 769/909/30 751/890/23 766/906/23
f 751/890/23 769/909/30 749/886/30
f 758/898/139 727/842/300 781/921/137
f 727/842/137 758/898/139 730/848/139
f 731/850/137 771/911/27 726/840/27
f 771/911/27 731/850/137 757/897/137
f 756/896/29 741/870/138 780/920/138
f 741/870/138 756/896/29 725/838/29
f 727/842/137 772/912/301 781/921/137
f 772/912/26 727/842/137 729/846/26
f 746/880/18 779/919/19 777/917/18
f 779/919/19 746/880/18 743/874/19
f 761/901/3 734/856/23 782/922/23
f 734/856/23 761/901/3 732/852/3
f 782/922/23 735/858/30 783/923/30
f 735/858/30 782/922/23 734/856/23
f 783/923/30 738/864/139 763/903/139
f 738/864/139 783/923/30 735/858/30
f 786/926/302 785/925/303 784/924/304
f 784/924/304 788/928/303 787/927/302
f 784/924/305 785/925/306 786/926/307
f 787/927/307 788/928/306 784/924/305
f 791/931/308 790/930/308 789/929/308
f 790/930/308 791/931/308 792/932/308
f 789/929/309 790/930/309 791/931/309
f 792/932/309 791/931/309 790/930/309
f 795/935/310 794/934/311 793/933/311
f 794/934/311 795/935/310 796/936/310
f 793/933/312 794/934/312 795/935/313
f 796/936/313 795/935/313 794/934/312
f 789/929/314 798/938/315 797/937/315
f 798/938/315 789/929/314 790/930/314
f 797/937/316 798/938/316 789/929/317
f 790/930/317 789/929/317 798/938/316
f 799/939/310 784/924/318 786/926/307
f 784/924/318 799/939/310 787/927/307
f 787/927/307 799/939/310 800/940/310
f 800/940/310 799/939/310 797/937/311
f 800/940/310 797/937/311 798/938/311
f 786/926/302 784/924/319 799/939/313
f 787/927/302 799/939/313 784/924/319
f 800/940/313 799/939/313 787/927/302
f 797/937/312 799/939/313 800/940/313
f 798/938/312 797/937/312 800/940/313
f 793/933/315 792/932/314 791/931/314
f 792/932/314 793/933/315 794/934/315
f 791/931/317 792/932/317 793/933/316
f 794/934/316 793/933/316 792/932/317
f 803/943/144 802/942/112 801/941/144
f 802/942/112 803/943/144 804/944/112
f 801/941/11 806/946/11 805/945/11
f 806/946/11 801/941/11 807/947/11
f 807/947/11 801/941/11 802/942/11
f 807/947/11 802/942/11 808/948/11
f 808/948/11 802/942/11 809/949/11
f 808/948/11 809/949/11 810/950/11
f 803/943/144 805/945/142 811/951/196
f 805/945/142 803/943/144 801/941/144
f 814/954/11 813/953/11 812/952/11
f 813/953/11 814/954/11 815/955/11
f 815/955/11 814/954/11 816/956/11
f 815/955/11 816/956/11 817/957/11
f 817/957/11 816/956/11 818/958/11
f 817/957/11 818/958/11 819/959/11
f 821/961/3 811/951/3 820/960/3
f 811/951/3 821/961/3 803/943/3
f 803/943/3 821/961/3 822/962/3
f 803/943/3 822/962/3 804/944/3
f 804/944/3 822/962/3 823/963/3
f 804/944/3 823/963/3 824/964/3
f 809/949/114 823/963/113 810/950/113
f 823/963/113 809/949/114 824/964/114
f 826/966/144 812/952/142 825/965/196
f 812/952/142 826/966/144 814/954/144
f 820/960/143 807/947/141 821/961/141
f 807/947/141 820/960/143 806/946/143
f 828/968/3 825/965/3 827/967/3
f 825/965/3 828/968/3 826/966/3
f 826/966/3 828/968/3 829/969/3
f 826/966/3 829/969/3 830/970/3
f 830/970/3 829/969/3 831/971/3
f 830/970/3 831/971/3 832/972/3
f 822/962/115 807/947/141 808/948/115
f 807/947/141 822/962/115 821/961/141
f 825/965/142 813/953/143 827/967/143
f 813/953/143 825/965/142 812/952/142
f 826/966/144 816/956/112 814/954/144
f 816/956/112 826/966/144 830/970/112
f 829/969/115 815/955/141 817/957/115
f 815/955/141 829/969/115 828/968/141
f 827/967/143 815/955/141 828/968/141
f 815/955/141 827/967/143 813/953/143
f 811/951/142 806/946/143 820/960/143
f 806/946/143 811/951/142 805/945/142
f 804/944/112 809/949/114 802/942/112
f 809/949/114 804/944/112 824/964/114
f 830/970/112 818/958/114 816/956/112
f 818/958/114 830/970/112 832/972/114
f 818/958/114 831/971/113 819/959/113
f 831/971/113 818/958/114 832/972/114
f 831/971/113 817/957/115 819/959/113
f 817/957/115 831/971/113 829/969/115
f 823/963/113 808/948/115 810/950/113
f 808/948/115 823/963/113 822/962/115
f 835/975/302 834/974/303 833/973/304
f 833/973/304 837/977/303 836/976/302
f 833/973/305 834/974/306 835/975/307
f 836/976/307 837/977/306 833/973/305
f 840/980/308 839/979/308 838/978/320
f 839/979/308 840/980/308 841/981/308
f 838/978/309 839/979/309 840/980/321
f 841/981/309 840/980/309 839/979/309
f 844/984/310 843/983/311 842/982/311
f 843/983/311 844/984/310 845/985/310
f 842/982/312 843/983/312 844/984/313
f 845/985/313 844/984/313 843/983/312
f 838/978/314 847/987/315 846/986/315
f 847/987/315 838/978/314 839/979/314
f 846/986/316 847/987/316 838/978/317
f 839/979/317 838/978/317 847/987/316
f 848/988/310 833/973/318 835/975/307
f 833/973/318 848/988/310 836/976/307
f 836/976/307 848/988/310 849/989/310
f 849/989/310 848/988/310 846/986/311
f 849/989/310 846/986/311 847/987/311
f 835/975/302 833/973/319 848/988/313
f 836/976/302 848/988/313 833/973/319
f 849/989/313 848/988/313 836/976/302
f 846/986/312 848/988/313 849/989/313
f 847/987/312 846/986/312 849/989/313
f 842/982/315 841/981/314 840/980/314
f 841/981/314 842/982/315 843/983/315
f 840/980/317 841/981/317 842/982/316
f 843/983/316 842/982/316 841/981/317
f 852/992/144 851/991/112 850/990/144
f 851/991/112 852/992/144 853/993/112
f 850/990/11 855/995/11 854/994/11
f 855/995/11 850/990/11 856/996/11
f 856/996/11 850/990/11 851/991/11
f 856/996/11 851/991/11 857/997/11
f 857/997/11 851/991/11 858/998/11
f 857/997/11 858/998/11 859/999/11
f 852/992/144 854/994/142 860/1000/142
f 854/994/142 852/992/144 850/990/144
f 863/1003/11 862/1002/11 861/1001/11
f 862/1002/11 863/1003/11 864/1004/11
f 864/1004/11 863/1003/11 865/1005/11
f 864/1004/11 865/1005/11 866/1006/11
f 866/1006/11 865/1005/11 867/1007/11
f 866/1006/11 867/1007/11 868/1008/11
f 870/1010/3 860/1000/3 869/1009/3
f 860/1000/3 870/1010/3 852/992/3
f 852/992/3 870/1010/3 871/1011/3
f 852/992/3 871/1011/3 853/993/3
f 853/993/3 871/1011/3 872/1012/3
f 853/993/3 872/1012/3 873/1013/3
f 858/998/114 872/1012/113 859/999/113
f 872/1012/113 858/998/114 873/1013/114
f 875/1015/144 861/1001/142 874/1014/196
f 861/1001/142 875/1015/144 863/1003/144
f 869/1009/143 856/996/141 870/1010/141
f 856/996/141 869/1009/143 855/995/143
f 877/1017/3 874/1014/3 876/1016/3
f 874/1014/3 877/1017/3 875/1015/3
f 875/1015/3 877/1017/3 878/1018/3
f 875/1015/3 878/1018/3 879/1019/3
f 879/1019/3 878/1018/3 880/1020/3
f 879/1019/3 880/1020/3 881/1021/3
f 871/1011/115 856/996/141 857/997/115
f 856/996/141 871/1011/115 870/1010/141
f 874/1014/142 862/1002/143 876/1016/143
f 862/1002/143 874/1014/142 861/1001/142
f 875/1015/144 865/1005/112 863/1003/144
f 865/1005/112 875/1015/144 879/1019/112
f 878/1018/115 864/1004/141 866/1006/115
f 864/1004/141 878/1018/115 877/1017/141
f 876/1016/143 864/1004/141 877/1017/141
f 864/1004/141 876/1016/143 862/1002/143
f 860/1000/142 855/995/143 869/1009/143
f 855/995/143 860/1000/142 854/994/142
f 853/993/112 858/998/114 851/991/112
f 858/998/114 853/993/112 873/1013/114
f 879/1019/112 867/1007/114 865/1005/112
f 867/1007/114 879/1019/112 881/1021/114
f 867/1007/114 880/1020/113 868/1008/113
f 880/1020/113 867/1007/114 881/1021/114
f 880/1020/113 866/1006/115 868/1008/113
f 866/1006/115 880/1020/322 878/1018/115
f 872/1012/113 857/997/115 859/999/113
f 857/997/115 872/1012/198 871/1011/115
