# Blender 3.3.1
# www.blender.org
o police
v 0.286817 0.129248 0.190569
v 0.286817 0.161560 0.190569
v 0.310196 0.129248 0.180885
v 0.310196 0.161560 0.180885
v 0.330272 0.161560 0.028392
v 0.330272 0.129248 0.028392
v 0.345677 0.161560 0.048468
v 0.345677 0.129248 0.048468
v 0.261728 0.161560 0.193872
v 0.236639 0.161560 0.190569
v 0.261728 0.193872 0.179332
v 0.240402 0.193872 0.176524
v 0.168095 0.129248 0.071847
v 0.168095 0.161560 0.071847
v 0.164792 0.129248 0.096936
v 0.164792 0.161560 0.096936
v 0.236639 0.129248 0.003303
v 0.261728 0.129248 -0.000000
v 0.236639 0.161560 0.003303
v 0.261728 0.161560 -0.000000
v 0.213260 0.161560 0.012987
v 0.220530 0.193872 0.025579
v 0.240402 0.193872 0.017348
v 0.330272 0.129248 0.165480
v 0.330272 0.161560 0.165480
v 0.213260 0.129248 0.012987
v 0.341316 0.096936 0.118262
v 0.333085 0.096936 0.138134
v 0.355361 0.129248 0.122025
v 0.345677 0.129248 0.145404
v 0.283053 0.193872 0.176524
v 0.302926 0.193872 0.168293
v 0.261728 0.129248 0.193872
v 0.261728 0.193872 0.014540
v 0.193184 0.161560 0.028392
v 0.203465 0.193872 0.038674
v 0.177779 0.161560 0.048468
v 0.190371 0.193872 0.055738
v 0.193184 0.161560 0.165480
v 0.203465 0.193872 0.155199
v 0.213260 0.161560 0.180886
v 0.220530 0.193872 0.168293
v 0.193184 0.129248 0.028392
v 0.177779 0.129248 0.048468
v 0.355361 0.161560 0.071847
v 0.355361 0.129248 0.071847
v 0.182140 0.193872 0.075611
v 0.179332 0.193872 0.096936
v 0.319991 0.193872 0.038674
v 0.333085 0.193872 0.055738
v 0.193184 0.129248 0.165480
v 0.213260 0.129248 0.180886
v 0.236639 0.129248 0.190569
v 0.168095 0.161560 0.122025
v 0.182140 0.193872 0.118262
v 0.286817 0.129248 0.003303
v 0.286817 0.161560 0.003303
v 0.310196 0.161560 0.012987
v 0.283053 0.193872 0.017348
v 0.302926 0.193872 0.025579
v 0.344124 0.193872 0.096936
v 0.358664 0.161560 0.096936
v 0.341316 0.193872 0.118262
v 0.355361 0.161560 0.122025
v 0.341316 0.193872 0.075611
v 0.168095 0.129248 0.122025
v 0.310196 0.129248 0.012987
v 0.177779 0.129248 0.145404
v 0.177779 0.161560 0.145404
v 0.345677 0.161560 0.145404
v 0.190371 0.193872 0.138134
v 0.333085 0.193872 0.138134
v 0.319991 0.193872 0.155199
v 0.358664 0.129248 0.096936
v 0.319991 0.096936 0.155199
v 0.240402 0.096936 0.176524
v 0.261728 0.096936 0.179332
v 0.220530 0.096936 0.025579
v 0.240402 0.096936 0.017348
v 0.333085 0.096936 0.055738
v 0.341316 0.096936 0.075611
v 0.302926 0.096936 0.168293
v 0.203465 0.096936 0.155199
v 0.220530 0.096936 0.168293
v 0.182140 0.096936 0.075611
v 0.179332 0.096936 0.096936
v 0.261728 0.096936 0.014540
v 0.283053 0.096936 0.017348
v 0.315004 0.193872 0.096936
v 0.313189 0.193872 0.083147
v 0.313189 0.193872 0.110725
v 0.307866 0.193872 0.070298
v 0.299400 0.193872 0.059264
v 0.307866 0.193872 0.123574
v 0.299400 0.193872 0.134608
v 0.288366 0.193872 0.050798
v 0.275517 0.193872 0.045475
v 0.261728 0.193872 0.043660
v 0.288366 0.193872 0.143075
v 0.275517 0.193872 0.148397
v 0.247939 0.193872 0.045475
v 0.235090 0.193872 0.050798
v 0.261728 0.193872 0.150212
v 0.247939 0.193872 0.148397
v 0.235090 0.193872 0.143075
v 0.224056 0.193872 0.059264
v 0.215589 0.193872 0.070298
v 0.224056 0.193872 0.134608
v 0.215589 0.193872 0.123574
v 0.210267 0.193872 0.083147
v 0.210267 0.193872 0.110725
v 0.208452 0.193872 0.096936
v 0.302926 0.096936 0.025579
v 0.319991 0.096936 0.038674
v 0.182140 0.096936 0.118262
v 0.190371 0.096936 0.138134
v 0.190371 0.096936 0.055738
v 0.283053 0.096936 0.176524
v 0.344124 0.096936 0.096936
v 0.203465 0.096936 0.038674
v 0.280496 0.161560 0.078168
v 0.274999 0.161560 0.073950
v 0.286752 0.193872 0.071912
v 0.279423 0.193872 0.066288
v 0.288270 0.161560 0.096936
v 0.297118 0.193872 0.096936
v 0.287366 0.161560 0.103806
v 0.295912 0.193872 0.106096
v 0.261728 0.161560 0.070394
v 0.254858 0.161560 0.071298
v 0.261728 0.193872 0.061546
v 0.252568 0.193872 0.062752
v 0.236090 0.161560 0.103806
v 0.238741 0.161560 0.110207
v 0.227544 0.193872 0.106096
v 0.231079 0.193872 0.114631
v 0.295912 0.193872 0.087777
v 0.287366 0.161560 0.090067
v 0.274999 0.161560 0.119923
v 0.280496 0.161560 0.115705
v 0.279423 0.193872 0.127585
v 0.286752 0.193872 0.121961
v 0.231079 0.193872 0.079241
v 0.238741 0.161560 0.083665
v 0.227544 0.193872 0.087777
v 0.236090 0.161560 0.090067
v 0.268598 0.161560 0.071298
v 0.270887 0.193872 0.062752
v 0.292376 0.193872 0.079241
v 0.284714 0.161560 0.083665
v 0.242960 0.161560 0.115705
v 0.236703 0.193872 0.121961
v 0.284714 0.161560 0.110207
v 0.292376 0.193872 0.114631
v 0.254858 0.161560 0.122574
v 0.261728 0.161560 0.123479
v 0.252568 0.193872 0.131120
v 0.261728 0.193872 0.132326
v 0.248457 0.161560 0.119923
v 0.244033 0.193872 0.127585
v 0.248457 0.161560 0.073950
v 0.242960 0.161560 0.078168
v 0.244033 0.193872 0.066288
v 0.236703 0.193872 0.071912
v 0.268598 0.161560 0.122574
v 0.235185 0.161560 0.096936
v 0.226338 0.193872 0.096936
v 0.270887 0.193872 0.131120
v 0.208452 0.193872 0.096936
v 0.210267 0.193872 0.083147
v 0.210267 0.193872 0.110725
v 0.215589 0.193872 0.123574
v 0.215589 0.193872 0.070298
v 0.224056 0.193872 0.059264
v 0.224056 0.193872 0.134608
v 0.226338 0.193872 0.096936
v 0.227544 0.193872 0.106096
v 0.227544 0.193872 0.087777
v 0.235090 0.193872 0.143075
v 0.231079 0.193872 0.114631
v 0.236703 0.193872 0.121961
v 0.235090 0.193872 0.050798
v 0.231079 0.193872 0.079241
v 0.236703 0.193872 0.071912
v 0.247939 0.193872 0.148397
v 0.244033 0.193872 0.127585
v 0.252568 0.193872 0.131120
v 0.261728 0.193872 0.150212
v 0.261728 0.193872 0.132326
v 0.247939 0.193872 0.045475
v 0.244033 0.193872 0.066288
v 0.252568 0.193872 0.062752
v 0.275517 0.193872 0.148397
v 0.270887 0.193872 0.131120
v 0.279423 0.193872 0.127585
v 0.261728 0.193872 0.043660
v 0.261728 0.193872 0.061546
v 0.270887 0.193872 0.062752
v 0.275517 0.193872 0.045475
v 0.279423 0.193872 0.066288
v 0.288366 0.193872 0.143075
v 0.286752 0.193872 0.121961
v 0.292376 0.193872 0.114631
v 0.288366 0.193872 0.050798
v 0.286752 0.193872 0.071912
v 0.292376 0.193872 0.079241
v 0.299400 0.193872 0.134608
v 0.299400 0.193872 0.059264
v 0.295912 0.193872 0.106096
v 0.295912 0.193872 0.087777
v 0.297118 0.193872 0.096936
v 0.307866 0.193872 0.123574
v 0.307866 0.193872 0.070298
v 0.313189 0.193872 0.110725
v 0.313189 0.193872 0.083147
v 0.315004 0.193872 0.096936
v -0.383491 -0.210028 0.129248
v -0.383491 -0.166946 0.129248
v -0.383451 -0.210028 0.129552
v -0.383451 -0.167047 0.129552
v -0.452369 -0.210028 0.096936
v -0.452369 -0.210028 0.129248
v -0.358664 -0.210028 0.096936
v -0.370862 -0.210028 0.159945
v -0.350836 -0.210028 0.186044
v -0.355361 -0.210028 0.122025
v -0.345677 -0.210028 0.145404
v -0.324736 -0.210028 0.206070
v -0.330272 -0.210028 0.165481
v -0.310196 -0.210028 0.180886
v -0.294343 -0.210029 0.218659
v -0.286817 -0.210029 0.190570
v -0.261728 -0.210029 0.222953
v -0.261728 -0.210029 0.193873
v -0.236639 -0.210029 0.190570
v -0.229112 -0.210029 0.218659
v -0.213260 -0.210029 0.180886
v -0.198719 -0.210029 0.206070
v -0.193184 -0.210029 0.165481
v -0.172620 -0.210029 0.186044
v -0.177779 -0.210029 0.145404
v -0.168095 -0.210029 0.122025
v -0.152594 -0.210029 0.159945
v -0.164792 -0.210029 0.096936
v -0.164792 -0.210029 0.064624
v -0.135711 -0.210029 0.096936
v -0.140005 -0.210029 0.129552
v 0.164792 -0.210029 0.064624
v 0.135711 -0.210029 0.096936
v 0.140005 -0.210029 0.129552
v 0.152594 -0.210029 0.159945
v 0.164792 -0.210029 0.096936
v 0.172620 -0.210029 0.186044
v 0.168095 -0.210029 0.122025
v 0.177779 -0.210029 0.145404
v 0.198719 -0.210029 0.206070
v 0.193184 -0.210029 0.165480
v 0.213260 -0.210029 0.180885
v 0.229112 -0.210029 0.218659
v 0.236639 -0.210029 0.190569
v 0.261728 -0.210029 0.222953
v 0.261728 -0.210029 0.193872
v 0.286817 -0.210029 0.190569
v 0.294344 -0.210029 0.218659
v 0.310196 -0.210029 0.180885
v 0.324736 -0.210029 0.206070
v 0.330272 -0.210029 0.165480
v 0.350836 -0.210029 0.186044
v 0.345677 -0.210029 0.145404
v 0.355361 -0.210029 0.122025
v 0.370862 -0.210029 0.159945
v 0.358664 -0.210029 0.096936
v 0.358664 -0.210029 0.064624
v 0.403901 -0.210029 0.064624
v 0.383491 -0.210029 0.129248
v 0.383451 -0.210029 0.129552
v 0.403901 -0.210029 0.129248
v -0.484681 -0.177716 0.096936
v -0.484681 0.177716 0.096936
v -0.484681 -0.177716 0.129248
v -0.484681 0.177716 0.129248
v 0.383451 0.210028 0.129552
v 0.370862 0.210028 0.159945
v 0.383491 0.210028 0.129248
v 0.403901 0.210028 0.064624
v 0.403901 0.210028 0.129248
v 0.358664 0.210028 0.064624
v 0.358664 0.210028 0.096936
v 0.355361 0.210028 0.122025
v 0.350836 0.210028 0.186044
v 0.345677 0.210028 0.145404
v 0.330272 0.210028 0.165480
v 0.324737 0.210028 0.206070
v 0.310196 0.210028 0.180885
v 0.294344 0.210029 0.218659
v 0.286817 0.210029 0.190569
v 0.261728 0.210029 0.193872
v 0.261728 0.210029 0.222953
v 0.236639 0.210029 0.190569
v 0.229112 0.210029 0.218659
v 0.213260 0.210029 0.180885
v 0.198719 0.210029 0.206070
v 0.193184 0.210029 0.165480
v 0.177779 0.210029 0.145404
v 0.172620 0.210029 0.186044
v 0.168095 0.210029 0.122025
v 0.164792 0.210029 0.096936
v 0.152594 0.210029 0.159945
v 0.164792 0.210029 0.064624
v 0.140005 0.210029 0.129552
v 0.135711 0.210029 0.096936
v -0.135711 0.210029 0.096936
v -0.164792 0.210029 0.064624
v -0.152594 0.210029 0.159945
v -0.140005 0.210029 0.129552
v -0.164792 0.210029 0.096936
v -0.168095 0.210029 0.122025
v -0.172620 0.210029 0.186044
v -0.177779 0.210029 0.145404
v -0.193184 0.210029 0.165481
v -0.198719 0.210029 0.206070
v -0.213260 0.210029 0.180886
v -0.229112 0.210029 0.218659
v -0.236639 0.210029 0.190570
v -0.261728 0.210029 0.193873
v -0.261728 0.210029 0.222953
v -0.286817 0.210029 0.190570
v -0.294343 0.210029 0.218659
v -0.310196 0.210029 0.180886
v -0.324736 0.210029 0.206070
v -0.330272 0.210029 0.165481
v -0.345677 0.210029 0.145404
v -0.350836 0.210029 0.186044
v -0.355361 0.210029 0.122025
v -0.358664 0.210029 0.096936
v -0.370862 0.210029 0.159945
v -0.383451 0.210029 0.129552
v -0.383491 0.210029 0.129248
v -0.452369 0.210029 0.096936
v -0.452369 0.210029 0.129248
v -0.177779 0.129248 0.145404
v -0.193184 0.129248 0.165481
v -0.213260 0.129248 0.180886
v -0.236639 0.129248 0.190570
v 0.324736 -0.177716 0.206070
v 0.350836 -0.177716 0.186044
v -0.355361 0.129248 0.122025
v -0.345677 0.129248 0.145404
v -0.229112 -0.177716 0.218659
v -0.198719 -0.177716 0.206070
v 0.310196 0.129248 0.180885
v 0.286817 0.129248 0.190569
v 0.198719 0.177716 0.206070
v 0.229112 0.177716 0.218659
v 0.226185 0.177716 0.217447
v -0.229112 0.177716 0.218659
v -0.198719 0.177716 0.206070
v -0.350836 0.177716 0.186044
v -0.324736 0.177716 0.206070
v 0.140005 0.167047 0.129552
v 0.152594 0.177178 0.159945
v 0.345677 0.129248 0.145404
v 0.330272 0.129248 0.165480
v -0.152594 0.177178 0.159945
v -0.153833 0.177716 0.161560
v -0.172620 0.177716 0.186044
v -0.164792 -0.129248 0.064624
v -0.164792 -0.129248 0.096936
v -0.261728 0.129248 0.193873
v -0.286817 0.129248 0.190570
v 0.164792 0.129248 0.064624
v 0.164792 0.129248 0.096936
v -0.177716 -0.177716 0.189954
v -0.172620 -0.177716 0.186044
v 0.172620 0.177716 0.186044
v -0.177716 0.177716 0.189954
v 0.261728 0.177716 0.222953
v 0.294344 0.177716 0.218659
v 0.324737 0.177716 0.206070
v 0.350836 0.177716 0.186044
v -0.261728 -0.177716 0.222953
v 0.213260 0.129248 0.180885
v 0.193184 0.129248 0.165480
v -0.310196 0.129248 0.180886
v -0.330272 0.129248 0.165481
v -0.261728 0.177716 0.222953
v 0.261728 0.129248 0.193872
v 0.236639 0.129248 0.190569
v 0.140005 -0.167047 0.129552
v 0.152594 -0.177178 0.159945
v -0.294343 0.177716 0.218659
v 0.168095 0.129248 0.122025
v -0.168095 0.129248 0.122025
v -0.164792 0.129248 0.096936
v -0.140005 -0.167047 0.129552
v -0.152594 -0.177178 0.159945
v -0.358664 0.129248 0.096936
v -0.153834 -0.177716 0.161560
v 0.153834 -0.177716 0.161560
v -0.135711 -0.156175 0.096936
v 0.135711 -0.156175 0.096936
v 0.383451 0.167047 0.129552
v 0.370862 0.177178 0.159945
v 0.383451 -0.167047 0.129552
v 0.370862 -0.177178 0.159945
v 0.172620 -0.177716 0.186044
v 0.198719 -0.177716 0.206070
v -0.294343 -0.177716 0.218659
v 0.177779 0.129248 0.145404
v -0.370862 -0.177178 0.159945
v 0.358664 0.129248 0.096936
v 0.355361 0.129248 0.122025
v -0.140005 0.167047 0.129552
v -0.369622 -0.177716 0.161560
v -0.350836 -0.177716 0.186044
v -0.135711 0.156175 0.096936
v 0.229112 -0.177716 0.218659
v 0.261728 -0.177716 0.222953
v 0.369622 0.177716 0.161560
v 0.153834 0.177716 0.161560
v 0.135711 0.156175 0.096936
v 0.294344 -0.177716 0.218659
v 0.369622 -0.177716 0.161560
v -0.383491 0.166946 0.129248
v -0.383451 0.167047 0.129552
v -0.324736 -0.177716 0.206070
v -0.370862 0.177178 0.159945
v 0.226185 -0.177716 0.217447
v -0.369622 0.177716 0.161560
v 0.436213 0.177716 0.064624
v 0.436213 -0.177716 0.064624
v 0.436213 0.177716 0.129248
v 0.436213 -0.177716 0.129248
v 0.383491 -0.166946 0.129248
v 0.409286 -0.166946 0.129248
v 0.409287 0.166946 0.129248
v 0.426749 -0.200565 0.129248
v 0.383491 0.166946 0.129248
v 0.426749 0.200565 0.129248
v 0.358664 -0.129248 0.064624
v 0.358664 -0.129248 0.096936
v 0.355361 -0.129248 0.122025
v 0.164792 -0.129248 0.064624
v 0.164792 -0.129248 0.096936
v 0.261728 -0.129248 0.193872
v 0.236639 -0.129248 0.190569
v 0.213260 -0.129248 0.180885
v 0.345677 -0.129248 0.145404
v 0.330272 -0.129248 0.165480
v 0.168095 -0.129248 0.122025
v 0.177779 -0.129248 0.145404
v 0.193184 -0.129248 0.165480
v 0.310196 -0.129248 0.180885
v 0.286817 -0.129248 0.190569
v 0.358664 0.129248 0.064624
v -0.164792 0.129248 0.064624
v -0.168095 -0.129248 0.122025
v -0.261728 -0.129248 0.193873
v -0.286817 -0.129248 0.190570
v -0.310196 -0.129248 0.180886
v -0.177779 -0.129248 0.145404
v -0.193184 -0.129248 0.165481
v -0.358664 -0.129248 0.096936
v -0.355361 -0.129248 0.122025
v -0.345677 -0.129248 0.145404
v -0.330272 -0.129248 0.165481
v -0.213260 -0.129248 0.180886
v -0.236639 -0.129248 0.190570
v 0.426749 0.200565 0.064624
v 0.426749 -0.200565 0.064624
v -0.475217 -0.200565 0.096936
v -0.475217 -0.200565 0.129248
v -0.475217 0.200565 0.129248
v -0.475217 0.200565 0.096936
v -0.463140 -0.166946 0.129248
v -0.463140 0.166946 0.129248
v -0.177716 -0.177716 0.189954
v -0.177716 -0.177716 0.258497
v -0.172620 -0.177716 0.186044
v -0.064624 -0.177716 0.258497
v -0.153834 -0.177716 0.161560
v 0.153834 -0.177716 0.161560
v 0.181165 -0.177716 0.258497
v 0.172620 -0.177716 0.186044
v 0.185117 -0.177716 0.226185
v 0.185117 -0.177716 0.258497
v 0.198719 -0.177716 0.206070
v 0.226185 -0.177716 0.226185
v 0.226185 -0.177716 0.217447
v -0.177716 0.177716 0.258497
v -0.177716 0.177716 0.189954
v -0.064624 0.177716 0.258497
v -0.172620 0.177716 0.186044
v -0.153834 0.177716 0.161560
v 0.153834 0.177716 0.161560
v 0.181165 0.177716 0.258497
v 0.172620 0.177716 0.186044
v 0.185117 0.177716 0.226185
v 0.185117 0.177716 0.258497
v 0.198719 0.177716 0.206070
v 0.226185 0.177716 0.226185
v 0.226185 0.177716 0.217447
v 0.000000 0.113092 0.387745
v 0.000000 0.046598 0.387745
v -0.193872 0.113092 0.387745
v -0.193872 -0.113092 0.387745
v 0.000000 -0.046598 0.387745
v 0.000000 -0.113092 0.387745
v 0.387745 0.177716 0.161560
v 0.420057 0.177716 0.161560
v -0.484681 0.177716 0.161560
v -0.420057 0.177716 0.161560
v 0.226185 0.177716 0.258497
v 0.226185 0.144903 0.258497
v 0.096936 0.145404 0.387745
v 0.119784 0.118303 0.364897
v 0.119784 -0.118303 0.364897
v 0.096936 -0.145404 0.387745
v 0.226185 -0.177716 0.258497
v 0.226185 -0.144903 0.258497
v 0.226185 -0.177716 0.226185
v 0.185117 -0.177716 0.226185
v 0.226185 -0.226185 0.226185
v 0.185117 -0.226185 0.226185
v -0.290809 -0.177716 0.258497
v -0.234263 -0.149443 0.371589
v -0.177716 -0.177716 0.258497
v -0.208122 -0.145404 0.387745
v -0.064624 -0.153241 0.356398
v -0.064624 -0.177716 0.258497
v 0.083264 -0.153241 0.356398
v 0.181165 -0.177716 0.258497
v 0.185117 -0.177716 0.258497
v 0.185117 -0.242341 0.258497
v 0.226185 -0.242341 0.258497
v -0.484681 -0.177716 0.161560
v -0.420057 -0.177716 0.161560
v 0.226185 -0.242341 0.242341
v 0.420057 -0.177716 0.161560
v 0.420057 0.113092 0.161560
v 0.420057 -0.113092 0.161560
v 0.185117 0.242341 0.258497
v 0.185117 0.242341 0.242341
v 0.226185 0.242341 0.258497
v 0.226185 0.242341 0.242341
v 0.387745 -0.177716 0.161560
v 0.420057 0.177716 0.226185
v 0.420057 -0.177716 0.226185
v 0.226185 0.177716 0.226185
v 0.387745 0.177716 0.193872
v 0.420057 0.177716 0.193872
v -0.358664 -0.129248 0.064624
v -0.358664 0.129248 0.064624
v -0.290809 0.177716 0.258497
v -0.177716 0.177716 0.258497
v -0.234263 0.149443 0.371589
v -0.208121 0.145404 0.387745
v -0.064624 0.153241 0.356398
v -0.064624 0.177716 0.258497
v 0.083264 0.153241 0.356398
v 0.181165 0.177716 0.258497
v 0.185117 0.177716 0.258497
v -0.484681 0.113092 0.242341
v -0.484681 -0.113092 0.242341
v -0.484681 0.113092 0.210029
v -0.484681 -0.113092 0.210029
v -0.484681 0.177716 0.210029
v -0.484681 -0.177716 0.210029
v 0.420057 0.113092 0.193872
v 0.420057 -0.113092 0.193872
v 0.420057 -0.177716 0.193872
v 0.387745 -0.177716 0.193872
v -0.468525 0.177716 0.258497
v -0.468525 0.113092 0.258497
v -0.468525 -0.113092 0.258497
v -0.468525 -0.177716 0.258497
v -0.484681 -0.177716 0.242341
v -0.484681 0.177716 0.242341
v 0.226185 0.226185 0.226185
v 0.185117 0.226185 0.226185
v 0.185117 0.177716 0.226185
v 0.185117 -0.242341 0.242341
v 0.064624 -0.046598 0.387745
v 0.064624 0.046598 0.387745
v 0.064624 -0.113092 0.387745
v 0.064624 0.113092 0.387745
v 0.000000 0.113092 0.387745
v 0.000000 -0.113092 0.387745
v -0.193872 -0.113092 0.387745
v -0.193872 0.113092 0.387745
v -0.240635 0.119520 0.358844
v -0.276358 0.137381 0.287398
v -0.240635 -0.119520 0.358844
v -0.276358 -0.137381 0.287398
v -0.500837 -0.040390 0.080780
v -0.500837 -0.056546 0.096936
v -0.484681 -0.040390 0.080780
v -0.484681 -0.056546 0.096936
v -0.500837 0.040390 0.080780
v -0.484681 0.040390 0.080780
v -0.500837 0.056546 0.096936
v -0.484681 0.056546 0.096936
v -0.500837 -0.040390 0.137326
v -0.484681 -0.040390 0.137326
v -0.500837 -0.056546 0.121170
v -0.484681 -0.056546 0.121170
v -0.484681 0.056546 0.121170
v -0.484681 0.040390 0.137326
v -0.500837 0.040390 0.137326
v -0.500837 0.056546 0.121170
v 0.000000 0.046598 0.420057
v 0.064624 0.046598 0.420057
v 0.000000 -0.046598 0.420057
v 0.064624 -0.046598 0.420057
v 0.000000 -0.046598 0.387745
v 0.000000 0.046598 0.387745
v 0.000000 0.096613 0.420057
v 0.000000 0.113092 0.387745
v 0.064624 0.096613 0.420057
v 0.064624 0.113092 0.387745
v 0.064624 0.046598 0.387745
v 0.064624 0.046598 0.420057
v 0.000000 0.046598 0.420057
v 0.000000 0.046598 0.387745
v -0.484681 -0.177716 0.210029
v -0.484681 -0.113092 0.210029
v -0.484681 -0.177716 0.242341
v -0.484681 -0.113092 0.242341
v -0.484681 0.113092 0.210029
v -0.484681 0.177716 0.210029
v -0.484681 0.113092 0.242341
v -0.484681 0.177716 0.242341
v 0.064624 -0.046598 0.420057
v 0.064624 -0.096613 0.420057
v 0.000000 -0.046598 0.420057
v 0.000000 -0.096613 0.420057
v 0.000000 -0.046598 0.387745
v 0.000000 -0.113092 0.387745
v 0.064624 -0.113092 0.387745
v 0.064624 -0.046598 0.387745
v -0.064624 -0.177716 0.258497
v -0.064624 -0.153241 0.356398
v 0.181165 -0.177716 0.258497
v 0.083264 -0.153241 0.356398
v 0.226185 -0.144903 0.258497
v 0.119784 -0.118303 0.364897
v 0.226185 0.144903 0.258497
v 0.119784 0.118303 0.364897
v -0.064624 0.153241 0.356398
v -0.064624 0.177716 0.258497
v 0.083264 0.153241 0.356398
v 0.181166 0.177716 0.258497
v -0.276358 0.137381 0.287398
v -0.240635 0.119520 0.358844
v -0.276358 -0.137381 0.287398
v -0.240635 -0.119520 0.358844
v 0.387745 -0.177716 0.161560
v 0.387745 -0.177716 0.193872
v 0.387745 0.177716 0.193872
v 0.387745 0.177716 0.161560
v 0.452369 0.129248 0.193872
v 0.468525 0.129248 0.193872
v 0.452369 0.096936 0.193872
v 0.484681 0.096936 0.193872
v 0.452369 0.064624 0.193872
v 0.420057 0.096936 0.193872
v 0.420057 0.064624 0.193872
v 0.452369 -0.096936 0.129248
v 0.484681 -0.096936 0.129248
v 0.452369 -0.161560 0.129248
v 0.484681 -0.129248 0.129248
v 0.484405 -0.133466 0.129248
v 0.483580 -0.137611 0.129248
v 0.482222 -0.141614 0.129248
v 0.480352 -0.145404 0.129248
v 0.478004 -0.148919 0.129248
v 0.475217 -0.152096 0.129248
v 0.472039 -0.154883 0.129248
v 0.468525 -0.157231 0.129248
v 0.464734 -0.159101 0.129248
v 0.460732 -0.160459 0.129248
v 0.456587 -0.161284 0.129248
v 0.452369 0.161560 0.129248
v 0.456587 0.161284 0.129248
v 0.452369 0.096936 0.129248
v 0.460732 0.160459 0.129248
v 0.464734 0.159101 0.129248
v 0.468525 0.157231 0.129248
v 0.472039 0.154883 0.129248
v 0.475217 0.152096 0.129248
v 0.478004 0.148919 0.129248
v 0.480352 0.145404 0.129248
v 0.482222 0.141614 0.129248
v 0.483580 0.137611 0.129248
v 0.484405 0.133466 0.129248
v 0.484681 0.129248 0.129248
v 0.484681 0.096936 0.129248
v 0.452369 0.096936 0.226185
v 0.476603 0.096936 0.226185
v 0.452369 0.064624 0.226185
v 0.476603 0.064624 0.226185
v 0.452369 -0.064624 0.226185
v 0.476603 -0.064624 0.226185
v 0.452369 -0.096936 0.226185
v 0.476603 -0.096936 0.226185
v 0.420057 0.064624 0.161560
v 0.452369 0.064624 0.161560
v 0.452369 0.064624 0.129248
v 0.460447 0.064624 0.161560
v 0.484681 0.064624 0.129248
v 0.460447 0.064624 0.193872
v 0.476603 0.064624 0.161560
v 0.476603 0.064624 0.193872
v 0.484681 0.064624 0.193872
v 0.484681 0.096936 0.161560
v 0.452369 0.096936 0.161560
v 0.420057 0.096936 0.161560
v 0.452369 -0.064624 0.193872
v 0.460447 -0.064624 0.193872
v 0.476603 -0.064624 0.193872
v 0.484681 -0.064624 0.193872
v 0.476603 -0.064624 0.161560
v 0.484681 -0.064624 0.129248
v 0.460447 -0.064624 0.161560
v 0.452369 -0.064624 0.129248
v 0.452369 -0.064624 0.161560
v 0.420057 -0.064624 0.193872
v 0.420057 -0.064624 0.161560
v 0.484681 -0.096936 0.193872
v 0.452369 -0.096936 0.193872
v 0.452369 -0.096936 0.161560
v 0.420057 -0.096936 0.193872
v 0.420057 -0.096936 0.161560
v 0.484681 -0.096936 0.161560
v 0.475217 0.152096 0.088609
v 0.478004 0.148919 0.088609
v 0.480352 0.145404 0.088609
v 0.482222 0.141614 0.088609
v 0.483580 0.137611 0.088609
v 0.484405 0.133466 0.088609
v 0.484681 0.129248 0.088609
v 0.460732 0.160459 0.088609
v 0.464734 0.159101 0.088609
v 0.468525 0.157231 0.088609
v 0.472039 0.154883 0.088609
v 0.456587 0.161284 0.088609
v 0.452369 0.161560 0.088609
v 0.478004 -0.148919 0.088609
v 0.475217 -0.152096 0.088609
v 0.452369 -0.161560 0.088609
v 0.456587 -0.161284 0.088609
v 0.484405 -0.133466 0.088609
v 0.483580 -0.137611 0.088609
v 0.464734 -0.159101 0.088609
v 0.468525 -0.157231 0.088609
v 0.472039 -0.154883 0.088609
v 0.460732 -0.160459 0.088609
v 0.484681 -0.129248 0.088609
v 0.480352 -0.145404 0.088609
v 0.482222 -0.141614 0.088609
v 0.452369 0.129248 0.161560
v 0.452369 -0.129248 0.161560
v 0.452369 -0.129248 0.193872
v 0.468525 -0.129248 0.193872
v 0.500837 0.040390 0.060336
v 0.500837 0.056546 0.076492
v 0.484681 0.040390 0.060336
v 0.484681 0.056546 0.076492
v 0.500837 -0.040390 0.060336
v 0.484681 -0.040390 0.060336
v 0.500837 -0.056546 0.076492
v 0.484681 -0.056546 0.076492
v 0.500837 0.040390 0.116882
v 0.484681 0.040390 0.116882
v 0.500837 0.056546 0.100726
v 0.484681 0.056546 0.100726
v 0.484681 -0.056546 0.100726
v 0.484681 -0.040390 0.116882
v 0.500837 -0.040390 0.116882
v 0.500837 -0.056546 0.100726
v 0.468525 0.129248 0.161560
v 0.468525 -0.129248 0.161560
v -0.236639 0.129248 0.190570
v -0.236639 0.161560 0.190570
v -0.213260 0.129248 0.180886
v -0.213260 0.161560 0.180886
v -0.193184 0.161560 0.028392
v -0.193184 0.129248 0.028392
v -0.177779 0.161560 0.048468
v -0.177779 0.129248 0.048468
v -0.261728 0.161560 0.193873
v -0.286817 0.161560 0.190570
v -0.261728 0.193873 0.179332
v -0.283053 0.193873 0.176525
v -0.355361 0.129248 0.071847
v -0.355361 0.161560 0.071847
v -0.358664 0.161560 0.096936
v -0.286817 0.129248 0.003303
v -0.261728 0.129248 0.000000
v -0.286817 0.161560 0.003303
v -0.261728 0.161560 0.000000
v -0.310196 0.161560 0.012987
v -0.302926 0.193873 0.025579
v -0.283053 0.193873 0.017348
v -0.193184 0.129248 0.165481
v -0.193184 0.161560 0.165481
v -0.310196 0.129248 0.012987
v -0.182140 0.096936 0.118262
v -0.190371 0.096936 0.138134
v -0.168095 0.129248 0.122025
v -0.177779 0.129248 0.145404
v -0.240402 0.193873 0.176525
v -0.220530 0.193873 0.168293
v -0.261728 0.193873 0.014540
v -0.330272 0.161560 0.028392
v -0.319990 0.193873 0.038674
v -0.345677 0.161560 0.048468
v -0.333085 0.193873 0.055738
v -0.330272 0.161560 0.165481
v -0.319990 0.193873 0.155199
v -0.310196 0.161560 0.180886
v -0.302926 0.193873 0.168293
v -0.330272 0.129248 0.028392
v -0.345677 0.129248 0.048468
v -0.168095 0.161560 0.071847
v -0.168095 0.129248 0.071847
v -0.341316 0.193873 0.075611
v -0.344124 0.193873 0.096936
v -0.203465 0.193873 0.038674
v -0.190371 0.193873 0.055738
v -0.330272 0.129248 0.165481
v -0.310196 0.129248 0.180886
v -0.355361 0.161560 0.122025
v -0.341316 0.193873 0.118262
v -0.236639 0.129248 0.003303
v -0.236639 0.161560 0.003303
v -0.213260 0.161560 0.012987
v -0.240402 0.193873 0.017348
v -0.220530 0.193873 0.025579
v -0.179332 0.193873 0.096936
v -0.164792 0.161560 0.096936
v -0.182140 0.193873 0.118262
v -0.168095 0.161560 0.122025
v -0.182140 0.193873 0.075611
v -0.213260 0.129248 0.012987
v -0.345677 0.129248 0.145404
v -0.345677 0.161560 0.145404
v -0.177779 0.161560 0.145404
v -0.333085 0.193873 0.138134
v -0.190371 0.193873 0.138134
v -0.203465 0.193873 0.155199
v -0.164792 0.129248 0.096936
v -0.203465 0.096936 0.155199
v -0.283053 0.096936 0.176525
v -0.261728 0.096936 0.179332
v -0.302926 0.096936 0.025579
v -0.283053 0.096936 0.017348
v -0.190371 0.096936 0.055738
v -0.182140 0.096936 0.075611
v -0.220530 0.096936 0.168293
v -0.319990 0.096936 0.155199
v -0.302926 0.096936 0.168293
v -0.341316 0.096936 0.075611
v -0.344124 0.096936 0.096936
v -0.261728 0.096936 0.014540
v -0.240402 0.096936 0.017348
v -0.208452 0.193873 0.096936
v -0.210267 0.193873 0.083147
v -0.210267 0.193873 0.110725
v -0.215589 0.193873 0.070298
v -0.224056 0.193873 0.059264
v -0.215589 0.193873 0.123574
v -0.224056 0.193873 0.134608
v -0.235090 0.193873 0.050798
v -0.247939 0.193873 0.045475
v -0.261728 0.193873 0.043660
v -0.235090 0.193873 0.143075
v -0.247939 0.193873 0.148397
v -0.275517 0.193873 0.045475
v -0.288366 0.193873 0.050798
v -0.261728 0.193873 0.150213
v -0.275517 0.193873 0.148397
v -0.288366 0.193873 0.143075
v -0.299400 0.193873 0.059264
v -0.307866 0.193873 0.070298
v -0.299400 0.193873 0.134608
v -0.307866 0.193873 0.123574
v -0.313189 0.193873 0.083147
v -0.313189 0.193873 0.110725
v -0.315004 0.193873 0.096936
v -0.220530 0.096936 0.025579
v -0.203465 0.096936 0.038674
v -0.341316 0.096936 0.118262
v -0.333085 0.096936 0.138134
v -0.333085 0.096936 0.055738
v -0.240402 0.096936 0.176525
v -0.179332 0.096936 0.096936
v -0.319991 0.096936 0.038674
v -0.242959 0.161560 0.078168
v -0.248457 0.161560 0.073950
v -0.236703 0.193873 0.071912
v -0.244033 0.193873 0.066288
v -0.235185 0.161560 0.096936
v -0.226338 0.193873 0.096936
v -0.236090 0.161560 0.103806
v -0.227544 0.193873 0.106096
v -0.261728 0.161560 0.070394
v -0.268598 0.161560 0.071298
v -0.261728 0.193873 0.061546
v -0.270887 0.193873 0.062752
v -0.287366 0.161560 0.103806
v -0.284714 0.161560 0.110208
v -0.295912 0.193873 0.106096
v -0.292376 0.193873 0.114631
v -0.227544 0.193873 0.087777
v -0.236090 0.161560 0.090067
v -0.248457 0.161560 0.119923
v -0.242959 0.161560 0.115705
v -0.244033 0.193873 0.127585
v -0.236703 0.193873 0.121961
v -0.292376 0.193873 0.079241
v -0.284714 0.161560 0.083665
v -0.295912 0.193873 0.087777
v -0.287366 0.161560 0.090067
v -0.254858 0.161560 0.071298
v -0.252568 0.193873 0.062752
v -0.231079 0.193873 0.079241
v -0.238741 0.161560 0.083665
v -0.280496 0.161560 0.115705
v -0.286752 0.193873 0.121961
v -0.238741 0.161560 0.110208
v -0.231079 0.193873 0.114631
v -0.268598 0.161560 0.122574
v -0.261728 0.161560 0.123479
v -0.270887 0.193873 0.131120
v -0.261728 0.193873 0.132326
v -0.274999 0.161560 0.119923
v -0.279423 0.193873 0.127585
v -0.274999 0.161560 0.073950
v -0.280496 0.161560 0.078168
v -0.279423 0.193873 0.066288
v -0.286752 0.193873 0.071912
v -0.254858 0.161560 0.122574
v -0.288270 0.161560 0.096936
v -0.297118 0.193873 0.096936
v -0.252568 0.193873 0.131120
v -0.315004 0.193873 0.096936
v -0.313189 0.193873 0.083147
v -0.313189 0.193873 0.110725
v -0.307866 0.193873 0.123574
v -0.307866 0.193873 0.070298
v -0.299400 0.193873 0.059264
v -0.299400 0.193873 0.134608
v -0.297118 0.193873 0.096936
v -0.295912 0.193873 0.106096
v -0.295912 0.193873 0.087777
v -0.288366 0.193873 0.143075
v -0.292376 0.193873 0.114631
v -0.286752 0.193873 0.121961
v -0.288366 0.193873 0.050798
v -0.292376 0.193873 0.079241
v -0.286752 0.193873 0.071912
v -0.275517 0.193873 0.148397
v -0.279423 0.193873 0.127585
v -0.270887 0.193873 0.131120
v -0.261728 0.193873 0.150213
v -0.261728 0.193873 0.132326
v -0.275517 0.193873 0.045475
v -0.279423 0.193873 0.066288
v -0.270887 0.193873 0.062752
v -0.247939 0.193873 0.148397
v -0.252568 0.193873 0.131120
v -0.244033 0.193873 0.127585
v -0.261728 0.193873 0.043660
v -0.261728 0.193873 0.061546
v -0.252568 0.193873 0.062752
v -0.247939 0.193873 0.045475
v -0.244033 0.193873 0.066288
v -0.235090 0.193873 0.143075
v -0.236703 0.193873 0.121961
v -0.231079 0.193873 0.114631
v -0.235090 0.193873 0.050798
v -0.236703 0.193873 0.071912
v -0.231079 0.193873 0.079241
v -0.224056 0.193873 0.134608
v -0.224056 0.193873 0.059264
v -0.227544 0.193873 0.106096
v -0.227544 0.193873 0.087777
v -0.226338 0.193873 0.096936
v -0.215589 0.193873 0.123574
v -0.215589 0.193873 0.070298
v -0.210267 0.193873 0.110725
v -0.210267 0.193873 0.083147
v -0.208452 0.193873 0.096936
v -0.286817 -0.161560 0.190570
v -0.310196 -0.129248 0.180886
v -0.310196 -0.161560 0.180886
v -0.330272 -0.161560 0.028392
v -0.330272 -0.129248 0.028392
v -0.345677 -0.161560 0.048468
v -0.345677 -0.129248 0.048468
v -0.261728 -0.161560 0.193873
v -0.236639 -0.161560 0.190570
v -0.261728 -0.193872 0.179332
v -0.240402 -0.193872 0.176525
v -0.168095 -0.129248 0.071847
v -0.168095 -0.161560 0.071847
v -0.164792 -0.129248 0.096936
v -0.164792 -0.161560 0.096936
v -0.236639 -0.129248 0.003303
v -0.261728 -0.129248 0.000000
v -0.236639 -0.161560 0.003303
v -0.261728 -0.161560 0.000000
v -0.213260 -0.161560 0.012987
v -0.220530 -0.193872 0.025579
v -0.240402 -0.193872 0.017348
v -0.330272 -0.129248 0.165481
v -0.330272 -0.161560 0.165481
v -0.213260 -0.129248 0.012987
v -0.341316 -0.096936 0.118262
v -0.333085 -0.096936 0.138134
v -0.345677 -0.129248 0.145404
v -0.283053 -0.193872 0.176525
v -0.302926 -0.193872 0.168293
v -0.261728 -0.193872 0.014540
v -0.193184 -0.161560 0.028392
v -0.203465 -0.193872 0.038674
v -0.177779 -0.161560 0.048468
v -0.190371 -0.193872 0.055738
v -0.193184 -0.161560 0.165481
v -0.203465 -0.193872 0.155199
v -0.213260 -0.161560 0.180886
v -0.220530 -0.193872 0.168293
v -0.193184 -0.129248 0.028392
v -0.177779 -0.129248 0.048468
v -0.355361 -0.161560 0.071847
v -0.355361 -0.129248 0.071847
v -0.182140 -0.193872 0.075611
v -0.179332 -0.193872 0.096936
v -0.319991 -0.193872 0.038674
v -0.333085 -0.193872 0.055738
v -0.193184 -0.129248 0.165481
v -0.213260 -0.129248 0.180886
v -0.236639 -0.129248 0.190570
v -0.168095 -0.161560 0.122025
v -0.182140 -0.193872 0.118262
v -0.286817 -0.129248 0.003303
v -0.286817 -0.161560 0.003303
v -0.310196 -0.161560 0.012987
v -0.283053 -0.193872 0.017348
v -0.302926 -0.193872 0.025579
v -0.344124 -0.193872 0.096936
v -0.358664 -0.161560 0.096936
v -0.341316 -0.193872 0.118262
v -0.355361 -0.161560 0.122025
v -0.341316 -0.193872 0.075611
v -0.168095 -0.129248 0.122025
v -0.310196 -0.129248 0.012987
v -0.177779 -0.129248 0.145404
v -0.177779 -0.161560 0.145404
v -0.345677 -0.161560 0.145404
v -0.190371 -0.193872 0.138134
v -0.333085 -0.193872 0.138134
v -0.319991 -0.193872 0.155199
v -0.319990 -0.096936 0.155199
v -0.240402 -0.096936 0.176525
v -0.261728 -0.096936 0.179332
v -0.220530 -0.096936 0.025579
v -0.240402 -0.096936 0.017348
v -0.333085 -0.096936 0.055738
v -0.341316 -0.096936 0.075611
v -0.302926 -0.096936 0.168293
v -0.203465 -0.096936 0.155199
v -0.220530 -0.096936 0.168293
v -0.182140 -0.096936 0.075611
v -0.179332 -0.096936 0.096936
v -0.261728 -0.096936 0.014540
v -0.283053 -0.096936 0.017348
v -0.315004 -0.193872 0.096936
v -0.313189 -0.193872 0.083147
v -0.313189 -0.193872 0.110725
v -0.307866 -0.193872 0.070298
v -0.299400 -0.193872 0.059264
v -0.307866 -0.193872 0.123574
v -0.299400 -0.193872 0.134608
v -0.288366 -0.193872 0.050798
v -0.275517 -0.193872 0.045475
v -0.261728 -0.193872 0.043660
v -0.288366 -0.193872 0.143075
v -0.275517 -0.193872 0.148397
v -0.247939 -0.193872 0.045475
v -0.235090 -0.193872 0.050798
v -0.261728 -0.193872 0.150213
v -0.247939 -0.193872 0.148397
v -0.235090 -0.193872 0.143075
v -0.224056 -0.193872 0.059264
v -0.215589 -0.193872 0.070298
v -0.224056 -0.193872 0.134608
v -0.215589 -0.193872 0.123574
v -0.210267 -0.193872 0.083147
v -0.210267 -0.193872 0.110725
v -0.208452 -0.193872 0.096936
v -0.302926 -0.096936 0.025579
v -0.319991 -0.096936 0.038674
v -0.182140 -0.096936 0.118262
v -0.190371 -0.096936 0.138134
v -0.190371 -0.096936 0.055738
v -0.283053 -0.096936 0.176525
v -0.344124 -0.096936 0.096936
v -0.203465 -0.096936 0.038674
v -0.280496 -0.161560 0.078168
v -0.274999 -0.161560 0.073950
v -0.286752 -0.193872 0.071912
v -0.279423 -0.193872 0.066288
v -0.288270 -0.161560 0.096936
v -0.297118 -0.193872 0.096936
v -0.287366 -0.161560 0.103806
v -0.295912 -0.193872 0.106096
v -0.261728 -0.161560 0.070394
v -0.254858 -0.161560 0.071298
v -0.261728 -0.193872 0.061546
v -0.252568 -0.193872 0.062752
v -0.236090 -0.161560 0.103806
v -0.238741 -0.161560 0.110208
v -0.227544 -0.193872 0.106096
v -0.231079 -0.193872 0.114631
v -0.295912 -0.193872 0.087777
v -0.287366 -0.161560 0.090067
v -0.274999 -0.161560 0.119923
v -0.280496 -0.161560 0.115705
v -0.279423 -0.193872 0.127585
v -0.286752 -0.193872 0.121961
v -0.231079 -0.193872 0.079241
v -0.238741 -0.161560 0.083665
v -0.227544 -0.193872 0.087777
v -0.236090 -0.161560 0.090067
v -0.268598 -0.161560 0.071298
v -0.270887 -0.193872 0.062752
v -0.292376 -0.193872 0.079241
v -0.284714 -0.161560 0.083665
v -0.242959 -0.161560 0.115705
v -0.236703 -0.193872 0.121961
v -0.284714 -0.161560 0.110208
v -0.292376 -0.193872 0.114631
v -0.254858 -0.161560 0.122574
v -0.261728 -0.161560 0.123479
v -0.252568 -0.193872 0.131120
v -0.261728 -0.193872 0.132326
v -0.248457 -0.161560 0.119923
v -0.244033 -0.193872 0.127585
v -0.248457 -0.161560 0.073950
v -0.242959 -0.161560 0.078168
v -0.244033 -0.193872 0.066288
v -0.236703 -0.193872 0.071912
v -0.268598 -0.161560 0.122574
v -0.235185 -0.161560 0.096936
v -0.226338 -0.193872 0.096936
v -0.270887 -0.193872 0.131120
v -0.208452 -0.193872 0.096936
v -0.210267 -0.193872 0.083147
v -0.210267 -0.193872 0.110725
v -0.215589 -0.193872 0.123574
v -0.215589 -0.193872 0.070298
v -0.224056 -0.193872 0.059264
v -0.224056 -0.193872 0.134608
v -0.226338 -0.193872 0.096936
v -0.227544 -0.193872 0.106096
v -0.227544 -0.193872 0.087777
v -0.235090 -0.193872 0.143075
v -0.231079 -0.193872 0.114631
v -0.236703 -0.193872 0.121961
v -0.235090 -0.193872 0.050798
v -0.231079 -0.193872 0.079241
v -0.236703 -0.193872 0.071912
v -0.247939 -0.193872 0.148397
v -0.244033 -0.193872 0.127585
v -0.252568 -0.193872 0.131120
v -0.261728 -0.193872 0.150213
v -0.261728 -0.193872 0.132326
v -0.247939 -0.193872 0.045475
v -0.244033 -0.193872 0.066288
v -0.252568 -0.193872 0.062752
v -0.275517 -0.193872 0.148397
v -0.270887 -0.193872 0.131120
v -0.279423 -0.193872 0.127585
v -0.261728 -0.193872 0.043660
v -0.261728 -0.193872 0.061546
v -0.270887 -0.193872 0.062752
v -0.275517 -0.193872 0.045475
v -0.279423 -0.193872 0.066288
v -0.288366 -0.193872 0.143075
v -0.286752 -0.193872 0.121961
v -0.292376 -0.193872 0.114631
v -0.288366 -0.193872 0.050798
v -0.286752 -0.193872 0.071912
v -0.292376 -0.193872 0.079241
v -0.299400 -0.193872 0.134608
v -0.299400 -0.193872 0.059264
v -0.295912 -0.193872 0.106096
v -0.295912 -0.193872 0.087777
v -0.297118 -0.193872 0.096936
v -0.307866 -0.193872 0.123574
v -0.307866 -0.193872 0.070298
v -0.313189 -0.193872 0.110725
v -0.313189 -0.193872 0.083147
v -0.315004 -0.193872 0.096936
v 0.236639 -0.129248 0.190569
v 0.236639 -0.161560 0.190569
v 0.213260 -0.129248 0.180886
v 0.213260 -0.161560 0.180886
v 0.193184 -0.161560 0.028392
v 0.193184 -0.129248 0.028392
v 0.177779 -0.161560 0.048468
v 0.177779 -0.129248 0.048468
v 0.261728 -0.161560 0.193872
v 0.286817 -0.161560 0.190569
v 0.261728 -0.193873 0.179332
v 0.283053 -0.193873 0.176524
v 0.355361 -0.129248 0.071847
v 0.355361 -0.161560 0.071847
v 0.358664 -0.129248 0.096936
v 0.358664 -0.161560 0.096936
v 0.286817 -0.129248 0.003303
v 0.261728 -0.129248 -0.000000
v 0.286817 -0.161560 0.003303
v 0.261728 -0.161560 -0.000000
v 0.310196 -0.161560 0.012987
v 0.302926 -0.193873 0.025579
v 0.283053 -0.193873 0.017348
v 0.193184 -0.129248 0.165480
v 0.193184 -0.161560 0.165480
v 0.310196 -0.129248 0.012987
v 0.182140 -0.096936 0.118262
v 0.190371 -0.096936 0.138134
v 0.168095 -0.129248 0.122025
v 0.177779 -0.129248 0.145404
v 0.240402 -0.193873 0.176524
v 0.220530 -0.193873 0.168293
v 0.261728 -0.129248 0.193872
v 0.261728 -0.193873 0.014540
v 0.330272 -0.161560 0.028392
v 0.319991 -0.193873 0.038674
v 0.345677 -0.161560 0.048468
v 0.333085 -0.193873 0.055738
v 0.330272 -0.161560 0.165480
v 0.319991 -0.193873 0.155199
v 0.310196 -0.161560 0.180885
v 0.302926 -0.193873 0.168293
v 0.330272 -0.129248 0.028392
v 0.345677 -0.129248 0.048468
v 0.168095 -0.161560 0.071847
v 0.168095 -0.129248 0.071847
v 0.341316 -0.193873 0.075611
v 0.344124 -0.193873 0.096936
v 0.203465 -0.193873 0.038674
v 0.190371 -0.193873 0.055738
v 0.330272 -0.129248 0.165480
v 0.310196 -0.129248 0.180885
v 0.286817 -0.129248 0.190569
v 0.355361 -0.161560 0.122025
v 0.341316 -0.193873 0.118262
v 0.236639 -0.129248 0.003303
v 0.236639 -0.161560 0.003303
v 0.213260 -0.161560 0.012987
v 0.240402 -0.193873 0.017348
v 0.220530 -0.193873 0.025579
v 0.179332 -0.193873 0.096936
v 0.164792 -0.161560 0.096936
v 0.182140 -0.193873 0.118262
v 0.168095 -0.161560 0.122025
v 0.182140 -0.193873 0.075611
v 0.355361 -0.129248 0.122025
v 0.213260 -0.129248 0.012987
v 0.345677 -0.129248 0.145404
v 0.345677 -0.161560 0.145404
v 0.177779 -0.161560 0.145404
v 0.333085 -0.193873 0.138134
v 0.190371 -0.193873 0.138134
v 0.203465 -0.193873 0.155199
v 0.164792 -0.129248 0.096936
v 0.203465 -0.096936 0.155199
v 0.283053 -0.096936 0.176524
v 0.261728 -0.096936 0.179332
v 0.302926 -0.096936 0.025579
v 0.283053 -0.096936 0.017348
v 0.190371 -0.096936 0.055738
v 0.182140 -0.096936 0.075611
v 0.220530 -0.096936 0.168293
v 0.319991 -0.096936 0.155199
v 0.302926 -0.096936 0.168293
v 0.341316 -0.096936 0.075611
v 0.344124 -0.096936 0.096936
v 0.261728 -0.096936 0.014540
v 0.240402 -0.096936 0.017348
v 0.208452 -0.193873 0.096936
v 0.210267 -0.193873 0.083147
v 0.210267 -0.193873 0.110725
v 0.215589 -0.193873 0.070298
v 0.224056 -0.193873 0.059264
v 0.215589 -0.193873 0.123574
v 0.224056 -0.193873 0.134608
v 0.235090 -0.193873 0.050798
v 0.247939 -0.193873 0.045475
v 0.261728 -0.193873 0.043660
v 0.235090 -0.193873 0.143075
v 0.247939 -0.193873 0.148397
v 0.275517 -0.193873 0.045475
v 0.288366 -0.193873 0.050798
v 0.261728 -0.193873 0.150212
v 0.275517 -0.193873 0.148397
v 0.288366 -0.193873 0.143075
v 0.299400 -0.193873 0.059264
v 0.307866 -0.193873 0.070298
v 0.299400 -0.193873 0.134608
v 0.307866 -0.193873 0.123574
v 0.313189 -0.193873 0.083147
v 0.313189 -0.193873 0.110725
v 0.315004 -0.193873 0.096936
v 0.220530 -0.096936 0.025579
v 0.203465 -0.096936 0.038674
v 0.341316 -0.096936 0.118262
v 0.333085 -0.096936 0.138134
v 0.333085 -0.096936 0.055738
v 0.240402 -0.096936 0.176524
v 0.179332 -0.096936 0.096936
v 0.319991 -0.096936 0.038674
v 0.242959 -0.161560 0.078168
v 0.248457 -0.161560 0.073950
v 0.236703 -0.193873 0.071912
v 0.244033 -0.193873 0.066288
v 0.235185 -0.161560 0.096936
v 0.226338 -0.193873 0.096936
v 0.236090 -0.161560 0.103806
v 0.227544 -0.193873 0.106096
v 0.261728 -0.161560 0.070394
v 0.268598 -0.161560 0.071298
v 0.261728 -0.193873 0.061546
v 0.270887 -0.193873 0.062752
v 0.287366 -0.161560 0.103806
v 0.284714 -0.161560 0.110207
v 0.295912 -0.193873 0.106096
v 0.292376 -0.193873 0.114631
v 0.227544 -0.193873 0.087777
v 0.236090 -0.161560 0.090067
v 0.248457 -0.161560 0.119923
v 0.242959 -0.161560 0.115705
v 0.244033 -0.193873 0.127585
v 0.236703 -0.193873 0.121961
v 0.292376 -0.193873 0.079241
v 0.284714 -0.161560 0.083665
v 0.295912 -0.193873 0.087777
v 0.287366 -0.161560 0.090067
v 0.254858 -0.161560 0.071298
v 0.252568 -0.193873 0.062752
v 0.231079 -0.193873 0.079241
v 0.238741 -0.161560 0.083665
v 0.280496 -0.161560 0.115705
v 0.286752 -0.193873 0.121961
v 0.238741 -0.161560 0.110207
v 0.231079 -0.193873 0.114631
v 0.268598 -0.161560 0.122574
v 0.261728 -0.161560 0.123479
v 0.270887 -0.193873 0.131120
v 0.261728 -0.193873 0.132326
v 0.274999 -0.161560 0.119923
v 0.279423 -0.193873 0.127585
v 0.274999 -0.161560 0.073950
v 0.280496 -0.161560 0.078168
v 0.279423 -0.193873 0.066288
v 0.286752 -0.193873 0.071912
v 0.254858 -0.161560 0.122574
v 0.288270 -0.161560 0.096936
v 0.297118 -0.193873 0.096936
v 0.252568 -0.193873 0.131120
v 0.315004 -0.193873 0.096936
v 0.313189 -0.193873 0.083147
v 0.313189 -0.193873 0.110725
v 0.307866 -0.193873 0.123574
v 0.307866 -0.193873 0.070298
v 0.299400 -0.193873 0.059264
v 0.299400 -0.193873 0.134608
v 0.297118 -0.193873 0.096936
v 0.295912 -0.193873 0.106096
v 0.295912 -0.193873 0.087777
v 0.288366 -0.193873 0.143075
v 0.292376 -0.193873 0.114631
v 0.286752 -0.193873 0.121961
v 0.288366 -0.193873 0.050798
v 0.292376 -0.193873 0.079241
v 0.286752 -0.193873 0.071912
v 0.275517 -0.193873 0.148397
v 0.279423 -0.193873 0.127585
v 0.270887 -0.193873 0.131120
v 0.261728 -0.193873 0.150212
v 0.261728 -0.193873 0.132326
v 0.275517 -0.193873 0.045475
v 0.279423 -0.193873 0.066288
v 0.270887 -0.193873 0.062752
v 0.247939 -0.193873 0.148397
v 0.252568 -0.193873 0.131120
v 0.244033 -0.193873 0.127585
v 0.261728 -0.193873 0.043660
v 0.261728 -0.193873 0.061546
v 0.252568 -0.193873 0.062752
v 0.247939 -0.193873 0.045475
v 0.244033 -0.193873 0.066288
v 0.235090 -0.193873 0.143075
v 0.236703 -0.193873 0.121961
v 0.231079 -0.193873 0.114631
v 0.235090 -0.193873 0.050798
v 0.236703 -0.193873 0.071912
v 0.231079 -0.193873 0.079241
v 0.224056 -0.193873 0.134608
v 0.224056 -0.193873 0.059264
v 0.227544 -0.193873 0.106096
v 0.227544 -0.193873 0.087777
v 0.226338 -0.193873 0.096936
v 0.215589 -0.193873 0.123574
v 0.215589 -0.193873 0.070298
v 0.210267 -0.193873 0.110725
v 0.210267 -0.193873 0.083147
v 0.208452 -0.193873 0.096936
vn 0.4892 -0.2064 0.8474
vn 0.2532 0.2064 0.9451
vn 0.2532 -0.2064 0.9451
vn 0.4892 0.2064 0.8474
vn 0.8474 0.2064 -0.4892
vn 0.6919 -0.2064 -0.6919
vn 0.6919 0.2064 -0.6919
vn 0.6919 -0.2063 -0.6919
vn 0.8474 -0.2064 -0.4892
vn -0.0000 0.4104 0.9119
vn -0.2533 0.2064 0.9451
vn -0.0000 0.2063 0.9785
vn -0.2360 0.4104 0.8809
vn -0.9785 -0.2064 -0.0000
vn -0.9451 0.2064 -0.2533
vn -0.9451 -0.2064 -0.2533
vn -0.9785 0.2064 -0.0000
vn -0.2533 0.2064 -0.9451
vn -0.0000 -0.2064 -0.9785
vn -0.2533 -0.2064 -0.9451
vn -0.0000 0.2064 -0.9785
vn -0.4559 0.4104 -0.7898
vn -0.2532 0.2064 -0.9451
vn -0.4892 0.2063 -0.8474
vn -0.2360 0.4104 -0.8808
vn 0.6919 0.2064 0.6919
vn 0.6919 -0.2064 0.6919
vn -0.4892 -0.2064 -0.8474
vn -0.2532 -0.2064 -0.9451
vn -0.4893 0.2064 -0.8474
vn 0.9451 -0.2064 0.2532
vn 0.7898 -0.4104 0.4559
vn 0.8809 -0.4104 0.2360
vn 0.9451 -0.2063 0.2533
vn 0.8474 -0.2063 0.4892
vn 0.4893 0.2064 0.8474
vn 0.2360 0.4104 0.8808
vn 0.2532 0.2063 0.9451
vn 0.4559 0.4104 0.7898
vn 0.2533 0.2064 0.9451
vn -0.0000 -0.2064 0.9785
vn 0.2533 -0.2064 0.9451
vn -0.0000 0.2064 0.9785
vn -0.2360 0.4104 -0.8809
vn -0.2533 0.2063 -0.9451
vn -0.0000 0.4104 -0.9119
vn -0.8474 0.2064 -0.4892
vn -0.6448 0.4104 -0.6448
vn -0.6919 0.2063 -0.6919
vn -0.7897 0.4104 -0.4560
vn -0.4892 0.2064 0.8474
vn -0.6448 0.4104 0.6448
vn -0.6919 0.2063 0.6919
vn -0.4560 0.4104 0.7897
vn -0.8474 -0.2064 -0.4892
vn -0.6919 0.2064 -0.6919
vn -0.6919 -0.2064 -0.6919
vn 0.9451 0.2064 -0.2532
vn 0.9451 -0.2064 -0.2532
vn 0.2360 0.4104 0.8809
vn -0.8809 0.4104 -0.2360
vn -0.9451 0.2063 -0.2533
vn -0.9119 0.4104 -0.0000
vn 0.6448 0.4104 -0.6448
vn 0.6919 0.2063 -0.6919
vn 0.7897 0.4104 -0.4560
vn -0.4892 -0.2064 0.8474
vn -0.6919 0.2064 0.6919
vn -0.6919 -0.2064 0.6919
vn -0.2533 -0.2064 0.9451
vn -0.9451 0.2064 0.2533
vn -0.9785 0.2063 -0.0000
vn -0.8809 0.4104 0.2360
vn 0.2533 -0.2064 -0.9451
vn 0.2533 0.2064 -0.9451
vn 0.2360 0.4104 -0.8808
vn 0.4893 0.2064 -0.8474
vn 0.2532 0.2063 -0.9451
vn 0.4559 0.4104 -0.7898
vn -0.0000 0.2063 -0.9785
vn 0.2360 0.4104 -0.8809
vn 0.8809 0.4104 0.2360
vn 0.9785 0.2063 -0.0000
vn 0.9119 0.4104 -0.0000
vn 0.9785 0.2064 -0.0000
vn 0.8808 0.4104 0.2360
vn 0.9451 0.2063 0.2532
vn 0.8808 0.4104 -0.2360
vn 0.9451 0.2063 -0.2532
vn 0.8809 0.4104 -0.2360
vn -0.9451 -0.2064 0.2533
vn 0.4892 0.2064 -0.8474
vn 0.4892 -0.2064 -0.8474
vn -0.8474 0.2064 0.4892
vn -0.8474 -0.2064 0.4892
vn -0.2532 0.2064 0.9451
vn -0.2532 -0.2064 0.9451
vn 0.6919 0.2063 0.6919
vn 0.8474 -0.2064 0.4892
vn 0.8474 0.2064 0.4892
vn 0.6919 -0.2063 0.6919
vn -0.9451 0.2064 0.2532
vn -0.7898 0.4104 0.4559
vn -0.8808 0.4104 0.2360
vn -0.8474 0.2063 0.4892
vn -0.9451 -0.2064 -0.2532
vn -0.8474 -0.2064 -0.4893
vn -0.9451 0.2064 -0.2532
vn 0.6448 0.4104 0.6448
vn 0.7897 0.4104 0.4560
vn -0.4892 0.2064 -0.8474
vn -0.2360 0.4104 0.8808
vn -0.4893 0.2064 0.8474
vn -0.2532 0.2063 0.9451
vn -0.4559 0.4104 0.7898
vn 0.9451 0.2064 0.2533
vn 0.9785 -0.2064 -0.0000
vn 0.9451 0.2064 0.2532
vn 0.9451 -0.2064 0.2533
vn 0.7898 0.4104 0.4559
vn 0.8474 0.2063 0.4892
vn 0.6448 -0.4104 0.6448
vn 0.7897 -0.4104 0.4560
vn -0.0000 -0.4104 0.9119
vn -0.2360 -0.4104 0.8809
vn -0.0000 -0.2063 0.9785
vn 0.9451 0.2064 -0.2533
vn 0.9451 -0.2064 -0.2533
vn -0.9451 -0.2064 0.2532
vn -0.8474 0.2064 0.4893
vn -0.7897 0.4104 0.4560
vn -0.4893 -0.2064 -0.8474
vn -0.2360 -0.4104 -0.8808
vn -0.4559 -0.4104 -0.7898
vn -0.2532 -0.2063 -0.9451
vn 0.9451 -0.2063 -0.2533
vn 0.7898 -0.4104 -0.4559
vn 0.8474 -0.2063 -0.4892
vn 0.8809 -0.4104 -0.2360
vn 0.4560 -0.4104 0.7897
vn -0.4560 -0.4104 0.7897
vn -0.6448 -0.4104 0.6448
vn -0.4892 -0.2063 0.8474
vn -0.8809 -0.4104 -0.2360
vn -0.9451 -0.2063 -0.2533
vn -0.9119 -0.4104 -0.0000
vn 0.2360 -0.4104 -0.8809
vn -0.0000 -0.4104 -0.9119
vn 0.2533 -0.2063 -0.9451
vn -0.4560 0.4104 -0.7897
vn -0.0000 1.0000 -0.0000
vn 0.7898 0.4104 -0.4559
vn 0.9451 0.2063 -0.2533
vn 0.8474 0.2063 -0.4892
vn 0.4892 -0.2063 -0.8474
vn 0.6448 -0.4104 -0.6448
vn 0.4560 -0.4104 -0.7897
vn -0.7898 -0.4104 0.4559
vn -0.9451 -0.2063 0.2532
vn -0.8808 -0.4104 0.2360
vn -0.8474 -0.2063 0.4892
vn -0.7898 -0.4104 -0.4559
vn -0.8474 -0.2063 -0.4892
vn -0.9451 -0.2063 -0.2532
vn -0.8808 -0.4104 -0.2360
vn 0.7897 -0.4104 -0.4560
vn 0.4559 -0.4104 0.7898
vn 0.2360 -0.4104 0.8808
vn 0.4892 -0.2063 0.8474
vn -0.7897 -0.4104 0.4560
vn -0.6919 -0.2063 0.6919
vn 0.4560 0.4104 0.7897
vn 0.4560 0.4104 -0.7897
vn 0.4892 0.2063 -0.8474
vn 0.9119 -0.4104 -0.0000
vn 0.9785 -0.2063 -0.0000
vn 0.2532 -0.2064 -0.9451
vn 0.4559 -0.4104 -0.7898
vn 0.2360 -0.4104 -0.8808
vn -0.7898 0.4104 -0.4559
vn -0.8474 0.2063 -0.4892
vn -0.8808 0.4104 -0.2360
vn -0.6448 -0.4104 -0.6448
vn -0.6919 -0.2063 -0.6919
vn -0.7897 -0.4104 -0.4560
vn -0.2360 -0.4104 0.8808
vn -0.4893 -0.2064 0.8474
vn -0.4559 -0.4104 0.7898
vn -0.2532 -0.2063 0.9451
vn -0.2360 -0.4104 -0.8809
vn -0.0000 -0.2063 -0.9785
vn -0.0000 -1.0000 -0.0000
vn -0.8809 -0.4104 0.2360
vn -0.9451 -0.2063 0.2533
vn 0.8808 -0.4104 -0.2360
vn 0.9451 -0.2063 -0.2532
vn 0.2532 0.2064 -0.9451
vn 0.2360 -0.4104 0.8809
vn 0.2533 -0.2063 0.9451
vn -0.4560 -0.4104 -0.7897
vn -0.4892 -0.2063 -0.8474
vn -0.6820 0.2641 0.6820
vn -0.4822 0.2641 0.8353
vn -0.9316 0.2641 -0.2496
vn -0.9645 0.2641 -0.0000
vn -0.0000 0.2641 0.9645
vn 0.2496 0.2641 0.9316
vn 0.9316 0.2641 -0.2496
vn 0.8353 0.2641 -0.4823
vn -0.9316 0.2641 0.2496
vn -0.4822 0.2641 -0.8353
vn -0.6820 0.2641 -0.6820
vn 0.9316 0.2641 0.2496
vn 0.8353 0.2641 0.4823
vn -0.2496 0.2641 0.9316
vn -0.8353 0.2641 0.4823
vn 0.8353 0.2641 -0.4822
vn 0.6820 0.2641 -0.6820
vn -0.8353 0.2641 -0.4822
vn 0.2496 0.2641 -0.9316
vn -0.0000 0.2641 -0.9645
vn -0.8353 0.2641 0.4822
vn 0.4822 0.2641 -0.8353
vn 0.4822 0.2641 0.8353
vn 0.6820 0.2641 0.6820
vn 0.8353 0.2641 0.4822
vn 0.4823 0.2641 -0.8353
vn 0.9645 0.2641 -0.0000
vn -0.2496 0.2641 -0.9316
vn -0.4823 0.2641 -0.8353
vn -0.4823 0.2641 0.8353
vn 0.4823 0.2641 0.8353
vn -0.8353 0.2641 -0.4823
vn -0.9659 -0.0000 0.2588
vn -0.9914 -0.0000 0.1306
vn -0.9914 -0.0000 0.1310
vn -0.9723 -0.0000 0.2339
vn -0.0000 -1.0000 0.0001
vn -1.0000 -0.0000 -0.0000
vn -0.8660 -0.0000 -0.5000
vn -0.7071 -0.0000 -0.7071
vn -0.5000 -0.0000 -0.8660
vn -0.2588 -0.0000 -0.9659
vn 0.5000 -0.0000 0.8660
vn 0.7071 -0.0001 0.7071
vn 0.7071 -0.0000 0.7071
vn 0.8660 -0.0000 -0.5000
vn 0.9659 -0.0000 -0.2588
vn 0.2588 -0.0000 0.9659
vn -0.5000 -0.0000 0.8660
vn -0.2588 -0.0000 0.9659
vn -0.3827 -0.0000 0.9239
vn -0.7071 -0.0000 0.7071
vn -0.7071 0.0001 0.7071
vn -0.8660 -0.0000 0.5000
vn -0.8773 -0.0000 0.4799
vn 0.8660 -0.0000 0.5000
vn 0.7934 -0.0000 0.6088
vn 0.8773 -0.0000 0.4799
vn -0.9979 -0.0000 -0.0654
vn -0.0000 -0.0000 -1.0000
vn 0.2588 -0.0000 -0.9659
vn 0.9979 -0.0000 -0.0654
vn 1.0000 -0.0000 -0.0000
vn 0.6088 -0.0000 0.7934
vn 0.7071 -0.0000 0.7072
vn 0.5001 -0.0000 0.8660
vn 0.6088 -0.0000 0.7933
vn -0.0000 -0.0000 1.0000
vn -0.0000 0.0001 1.0000
vn 0.5000 -0.0000 -0.8660
vn 0.7071 -0.0000 -0.7071
vn -0.9659 -0.0000 -0.2588
vn 0.9659 -0.0000 0.2588
vn 0.9723 -0.0000 0.2339
vn 0.9914 -0.0000 -0.1305
vn -0.0000 -0.9487 -0.3162
vn -0.0000 -0.9487 -0.3163
vn -0.2588 0.0001 0.9659
vn -0.9914 -0.0000 0.1305
vn -0.7933 -0.0000 0.6088
vn -0.7934 -0.0000 0.6088
vn 0.9914 -0.0000 0.1305
vn -0.0000 -0.0001 1.0000
vn 0.7933 -0.0000 0.6088
vn -0.9915 -0.0000 0.1305
vn 0.9808 0.1951 -0.0000
vn 0.9808 -0.1951 -0.0000
vn 0.6593 0.0001 0.7518
vn 0.5819 -0.0000 0.8132
vn 0.6593 -0.0000 0.7518
vn 0.6594 -0.0000 0.7518
vn -0.0000 0.9487 -0.3162
vn -0.0000 0.9487 -0.3163
vn 0.7071 0.7071 -0.0000
vn 0.3827 0.9239 -0.0000
vn 0.7071 -0.7071 -0.0000
vn 0.3827 -0.9239 -0.0000
vn -0.7071 -0.7071 -0.0000
vn -0.9239 -0.3827 -0.0000
vn -0.3827 0.9239 -0.0000
vn -0.7071 0.7071 -0.0000
vn -0.9239 0.3827 -0.0000
vn -0.3827 -0.9239 -0.0000
vn -0.0001 0.9486 -0.3164
vn -0.0000 -0.3827 -0.9239
vn -0.0000 -0.9701 0.2425
vn -0.0000 -0.9702 0.2425
vn 0.9487 -0.0000 -0.3162
vn -0.0000 0.9239 -0.3827
vn -0.0001 -0.9486 -0.3164
vn -0.8320 -0.0000 -0.5547
vn 0.1644 -0.0000 0.9864
vn -0.0000 0.9701 0.2425
vn -0.0000 -0.0000 -0.0000
vn -0.8629 -0.0000 0.5055
vn -0.8629 -0.0000 0.5054
vn -0.7586 -0.0000 0.6515
vn -0.2842 -0.0000 0.9588
vn -0.0000 0.3827 -0.9239
vn -0.0000 -0.9239 -0.3827
vn -0.2841 -0.0000 0.9588
vn -0.8944 -0.0000 0.4472
vn -0.0000 -0.9239 0.3827
vn -0.0000 -0.3827 0.9239
vn 0.0002 -0.3827 0.9239
vn -0.0000 0.3827 0.9239
vn -0.0000 0.9239 0.3827
vn -0.0002 0.3827 0.9239
vn 0.7071 -0.0003 0.7071
vn -0.7071 0.0003 0.7071
vn 0.7071 0.0002 0.7071
vn -0.7071 -0.0002 0.7071
vn -0.0000 0.5223 0.8528
vn -0.0000 0.8908 0.4543
vn -0.0000 0.5224 0.8527
vn -0.0000 -0.5224 0.8527
vn -0.0000 -0.8908 0.4543
vn -0.0000 -0.5223 0.8528
vn 0.7071 -0.7071 -0.0002
vn 0.7071 -0.7071 0.0003
vn 0.7071 0.7071 0.0002
vn 0.7071 0.7071 -0.0003
vn 0.9701 -0.0000 0.2425
vn 0.9925 -0.0000 0.1222
vn 0.7934 0.6088 -0.0000
vn 0.7933 0.6088 -0.0000
vn 0.8660 0.5000 -0.0000
vn 0.9239 0.3827 -0.0000
vn 0.9659 0.2588 -0.0000
vn 0.9914 0.1305 -0.0000
vn 0.9995 0.0327 -0.0000
vn 0.2588 0.9659 -0.0000
vn 0.5000 0.8660 -0.0000
vn 0.6088 0.7934 -0.0000
vn 0.1305 0.9914 -0.0000
vn 0.0654 0.9979 -0.0000
vn 0.7934 0.6087 -0.0000
vn 0.7933 -0.6088 -0.0000
vn 0.7934 -0.6088 -0.0000
vn 0.1305 -0.9914 -0.0000
vn 0.0654 -0.9979 -0.0000
vn 0.9914 -0.1305 -0.0000
vn 0.9659 -0.2588 -0.0000
vn 0.5000 -0.8660 -0.0000
vn 0.6088 -0.7934 -0.0000
vn 0.2588 -0.9659 -0.0000
vn 0.9995 -0.0327 -0.0000
vn 0.8660 -0.5000 -0.0000
vn 0.7934 -0.6087 -0.0000
vn 0.6087 -0.7934 -0.0000
vn 0.9239 -0.3827 -0.0000
vn 0.5257 0.8506 -0.0000
vn 0.5257 0.8507 -0.0000
vn 0.8944 0.4472 -0.0000
vn 0.5257 -0.8506 -0.0000
vn 0.8944 -0.4472 -0.0000
vn 0.5257 -0.8507 -0.0000
vn 0.8808 -0.4104 0.2360
vn 0.8474 0.2064 -0.4893
vn -0.9451 0.2063 -0.2532
vn 0.9451 0.2063 0.2533
vn -0.9451 0.2063 0.2533
vn -0.9785 -0.2063 -0.0000
vn 0.8474 -0.2064 0.4893
vn 0.4893 -0.2064 0.8474
vn 0.2532 -0.2063 0.9451
vn 0.4892 0.2063 0.8474
vn -0.4892 0.2063 0.8474
vn -0.2533 0.2063 0.9451
vn 0.6820 -0.2641 0.6820
vn 0.4822 -0.2641 0.8353
vn 0.9316 -0.2641 -0.2496
vn 0.9645 -0.2641 -0.0000
vn -0.0000 -0.2641 0.9645
vn -0.2496 -0.2641 0.9316
vn -0.9316 -0.2641 -0.2496
vn -0.8353 -0.2641 -0.4823
vn 0.9316 -0.2641 0.2496
vn 0.4822 -0.2641 -0.8353
vn 0.6820 -0.2641 -0.6820
vn -0.9316 -0.2641 0.2496
vn -0.8353 -0.2641 0.4823
vn 0.2496 -0.2641 0.9316
vn 0.8353 -0.2641 0.4823
vn -0.8353 -0.2641 -0.4822
vn -0.6820 -0.2641 -0.6820
vn 0.8353 -0.2641 -0.4822
vn -0.2496 -0.2641 -0.9316
vn -0.0000 -0.2641 -0.9645
vn 0.8353 -0.2641 0.4822
vn -0.4822 -0.2641 -0.8353
vn -0.4822 -0.2641 0.8353
vn -0.6820 -0.2641 0.6820
vn -0.8353 -0.2641 0.4822
vn -0.4823 -0.2641 -0.8353
vn -0.9645 -0.2641 -0.0000
vn 0.2496 -0.2641 -0.9316
vn 0.4823 -0.2641 -0.8353
vn 0.4823 -0.2641 0.8353
vn -0.4823 -0.2641 0.8353
vn 0.8353 -0.2641 -0.4823
vt 0.593750 0.218185
vt 0.593750 0.218185
vt 0.593750 0.198205
vt 0.593750 0.198205
vt 0.593750 0.025000
vt 0.593750 0.025000
vt 0.593750 0.025000
vt 0.593750 0.025000
vt 0.593750 0.225000
vt 0.593750 0.218185
vt 0.593750 0.195000
vt 0.593750 0.189207
vt 0.593750 0.025000
vt 0.593750 0.025000
vt 0.593750 0.025000
vt 0.593750 0.025000
vt 0.593750 0.025000
vt 0.593750 0.025000
vt 0.593750 0.025000
vt 0.593750 0.025000
vt 0.593750 0.025000
vt 0.593750 0.025000
vt 0.593750 0.025000
vt 0.593750 0.166421
vt 0.593750 0.166421
vt 0.593750 0.025000
vt 0.593750 0.068999
vt 0.593750 0.110000
vt 0.593750 0.076764
vt 0.593750 0.125000
vt 0.593750 0.189207
vt 0.593750 0.172224
vt 0.593750 0.225000
vt 0.593750 0.025000
vt 0.593750 0.025000
vt 0.593750 0.025000
vt 0.593750 0.025000
vt 0.593750 0.025000
vt 0.593750 0.166421
vt 0.593750 0.145208
vt 0.593750 0.198205
vt 0.593750 0.172224
vt 0.593750 0.025000
vt 0.593750 0.025000
vt 0.593750 0.025000
vt 0.593750 0.025000
vt 0.593750 0.025000
vt 0.593750 0.025000
vt 0.593750 0.025000
vt 0.593750 0.025000
vt 0.593750 0.166421
vt 0.593750 0.198205
vt 0.593750 0.218185
vt 0.593750 0.076764
vt 0.593750 0.068999
vt 0.593750 0.025000
vt 0.593750 0.025000
vt 0.593750 0.025000
vt 0.593750 0.025000
vt 0.593750 0.025000
vt 0.593750 0.025000
vt 0.593750 0.025000
vt 0.593750 0.068999
vt 0.593750 0.076764
vt 0.593750 0.025000
vt 0.593750 0.076764
vt 0.593750 0.025000
vt 0.593750 0.125000
vt 0.593750 0.125000
vt 0.593750 0.125000
vt 0.593750 0.110000
vt 0.593750 0.110000
vt 0.593750 0.145208
vt 0.593750 0.025000
vt 0.593750 0.145208
vt 0.593750 0.189207
vt 0.593750 0.195000
vt 0.593750 0.025000
vt 0.593750 0.025000
vt 0.593750 0.025000
vt 0.593750 0.025000
vt 0.593750 0.172224
vt 0.593750 0.145208
vt 0.593750 0.172224
vt 0.593750 0.025000
vt 0.593750 0.025000
vt 0.593750 0.025000
vt 0.593750 0.025000
vt 0.593750 0.025000
vt 0.593750 0.025000
vt 0.593750 0.053449
vt 0.593750 0.025000
vt 0.593750 0.025000
vt 0.593750 0.079960
vt 0.593750 0.102725
vt 0.593750 0.025000
vt 0.593750 0.025000
vt 0.593750 0.025000
vt 0.593750 0.120194
vt 0.593750 0.131175
vt 0.593750 0.025000
vt 0.593750 0.025000
vt 0.593750 0.134920
vt 0.593750 0.131175
vt 0.593750 0.120194
vt 0.593750 0.025000
vt 0.593750 0.025000
vt 0.593750 0.102725
vt 0.593750 0.079960
vt 0.593750 0.025000
vt 0.593750 0.053449
vt 0.593750 0.025000
vt 0.593750 0.025000
vt 0.593750 0.025000
vt 0.593750 0.068999
vt 0.593750 0.110000
vt 0.593750 0.025000
vt 0.593750 0.189207
vt 0.593750 0.025000
vt 0.593750 0.025000
vt 0.718750 0.025000
vt 0.718750 0.025000
vt 0.718750 0.025000
vt 0.718750 0.025000
vt 0.718750 0.025000
vt 0.718750 0.025000
vt 0.718750 0.039174
vt 0.718750 0.043898
vt 0.718750 0.025000
vt 0.718750 0.025000
vt 0.718750 0.025000
vt 0.718750 0.025000
vt 0.718750 0.039174
vt 0.718750 0.052381
vt 0.718750 0.043898
vt 0.718750 0.061508
vt 0.718750 0.025000
vt 0.718750 0.025000
vt 0.718750 0.072426
vt 0.718750 0.063723
vt 0.718750 0.088235
vt 0.718750 0.076631
vt 0.718750 0.025000
vt 0.718750 0.025000
vt 0.718750 0.025000
vt 0.718750 0.025000
vt 0.718750 0.025000
vt 0.718750 0.025000
vt 0.718750 0.025000
vt 0.718750 0.025000
vt 0.718750 0.063723
vt 0.718750 0.076631
vt 0.718750 0.052381
vt 0.718750 0.061508
vt 0.718750 0.077897
vt 0.718750 0.079763
vt 0.718750 0.095529
vt 0.718750 0.098017
vt 0.718750 0.072426
vt 0.718750 0.088235
vt 0.718750 0.025000
vt 0.718750 0.025000
vt 0.718750 0.025000
vt 0.718750 0.025000
vt 0.718750 0.077897
vt 0.718750 0.025000
vt 0.718750 0.025000
vt 0.718750 0.095529
vt 0.718750 0.125000
vt 0.718750 0.099118
vt 0.718750 0.150882
vt 0.718750 0.175000
vt 0.718750 0.075000
vt 0.718750 0.054289
vt 0.718750 0.195711
vt 0.718750 0.125000
vt 0.718750 0.142193
vt 0.718750 0.107807
vt 0.718750 0.211602
vt 0.718750 0.158214
vt 0.718750 0.171971
vt 0.718750 0.038397
vt 0.718750 0.091786
vt 0.718750 0.078029
vt 0.718750 0.221593
vt 0.718750 0.182528
vt 0.718750 0.189164
vt 0.718750 0.225000
vt 0.718750 0.191427
vt 0.718750 0.028407
vt 0.718750 0.067472
vt 0.718750 0.060836
vt 0.718750 0.221593
vt 0.718750 0.189164
vt 0.718750 0.182528
vt 0.718750 0.025000
vt 0.718750 0.058573
vt 0.718750 0.060836
vt 0.718750 0.028407
vt 0.718750 0.067472
vt 0.718750 0.211602
vt 0.718750 0.171971
vt 0.718750 0.158214
vt 0.718750 0.038397
vt 0.718750 0.078029
vt 0.718750 0.091786
vt 0.718750 0.195711
vt 0.718750 0.054289
vt 0.718750 0.142193
vt 0.718750 0.107807
vt 0.718750 0.125000
vt 0.718750 0.175000
vt 0.718750 0.075000
vt 0.718750 0.150882
vt 0.718750 0.099118
vt 0.718750 0.125000
vt 0.093750 0.311364
vt 0.093750 0.311364
vt 0.718750 0.061364
vt 0.093750 0.311534
vt 0.093750 0.311534
vt 0.718750 0.061534
vt 0.093750 0.293182
vt 0.718750 0.043182
vt 0.093750 0.311364
vt 0.093750 0.293182
vt 0.718750 0.043182
vt 0.093750 0.328636
vt 0.093750 0.343322
vt 0.093750 0.307299
vt 0.093750 0.320455
vt 0.093750 0.354591
vt 0.093750 0.331751
vt 0.093750 0.340420
vt 0.093750 0.361675
vt 0.093750 0.345869
vt 0.093750 0.364091
vt 0.093750 0.347727
vt 0.093750 0.345869
vt 0.093750 0.361675
vt 0.093750 0.340420
vt 0.093750 0.354591
vt 0.093750 0.331751
vt 0.093750 0.343322
vt 0.093750 0.320455
vt 0.093750 0.307299
vt 0.093750 0.328636
vt 0.093750 0.293182
vt 0.093750 0.275000
vt 0.718750 0.025000
vt 0.093750 0.293182
vt 0.093750 0.311534
vt 0.093750 0.275000
vt 0.718750 0.025000
vt 0.093750 0.293182
vt 0.093750 0.311534
vt 0.093750 0.328636
vt 0.093750 0.293182
vt 0.093750 0.343322
vt 0.093750 0.307299
vt 0.093750 0.320455
vt 0.093750 0.354591
vt 0.093750 0.331751
vt 0.093750 0.340420
vt 0.093750 0.361675
vt 0.093750 0.345869
vt 0.093750 0.364091
vt 0.093750 0.347727
vt 0.093750 0.345869
vt 0.093750 0.361675
vt 0.093750 0.340420
vt 0.093750 0.354591
vt 0.093750 0.331751
vt 0.093750 0.343322
vt 0.093750 0.320455
vt 0.093750 0.307299
vt 0.093750 0.328636
vt 0.093750 0.293182
vt 0.093750 0.275000
vt 0.718750 0.025000
vt 0.093750 0.275000
vt 0.718750 0.025000
vt 0.093750 0.311364
vt 0.093750 0.311534
vt 0.093750 0.311364
vt 0.093750 0.293182
vt 0.718750 0.043182
vt 0.093750 0.293182
vt 0.718750 0.043182
vt 0.093750 0.311364
vt 0.093750 0.311364
vt 0.093750 0.311534
vt 0.093750 0.328636
vt 0.093750 0.311364
vt 0.093750 0.275000
vt 0.718750 0.025000
vt 0.093750 0.311364
vt 0.093750 0.275000
vt 0.718750 0.025000
vt 0.093750 0.293182
vt 0.093750 0.307299
vt 0.093750 0.343322
vt 0.093750 0.320455
vt 0.093750 0.331751
vt 0.093750 0.354591
vt 0.093750 0.340420
vt 0.093750 0.361675
vt 0.093750 0.345869
vt 0.093750 0.347727
vt 0.093750 0.364091
vt 0.093750 0.345869
vt 0.093750 0.361675
vt 0.093750 0.340420
vt 0.093750 0.354591
vt 0.093750 0.331751
vt 0.093750 0.320455
vt 0.093750 0.343322
vt 0.093750 0.307299
vt 0.093750 0.293182
vt 0.093750 0.328636
vt 0.093750 0.275000
vt 0.718750 0.025000
vt 0.093750 0.311534
vt 0.093750 0.293182
vt 0.093750 0.293182
vt 0.093750 0.275000
vt 0.718750 0.025000
vt 0.093750 0.328636
vt 0.093750 0.311534
vt 0.093750 0.293182
vt 0.093750 0.307299
vt 0.093750 0.343322
vt 0.093750 0.320455
vt 0.093750 0.331751
vt 0.093750 0.354591
vt 0.093750 0.340420
vt 0.093750 0.361675
vt 0.093750 0.345869
vt 0.093750 0.347727
vt 0.093750 0.364091
vt 0.093750 0.345869
vt 0.093750 0.361675
vt 0.093750 0.340420
vt 0.093750 0.354591
vt 0.093750 0.331751
vt 0.093750 0.320455
vt 0.093750 0.343322
vt 0.093750 0.307299
vt 0.093750 0.293182
vt 0.718750 0.043182
vt 0.093750 0.328636
vt 0.093750 0.311534
vt 0.093750 0.311364
vt 0.093750 0.293182
vt 0.718750 0.043182
vt 0.093750 0.311364
vt 0.093750 0.320455
vt 0.593750 0.070455
vt 0.093750 0.331751
vt 0.593750 0.081751
vt 0.093750 0.340420
vt 0.593750 0.090420
vt 0.093750 0.345869
vt 0.593750 0.095869
vt 0.093750 0.354591
vt 0.718750 0.104591
vt 0.093750 0.343322
vt 0.718750 0.093322
vt 0.093750 0.307299
vt 0.593750 0.057299
vt 0.593750 0.076764
vt 0.093750 0.320455
vt 0.593750 0.070455
vt 0.093750 0.361675
vt 0.718750 0.111675
vt 0.093750 0.354591
vt 0.718750 0.104591
vt 0.093750 0.340420
vt 0.593750 0.090420
vt 0.093750 0.345869
vt 0.593750 0.095869
vt 0.093750 0.354591
vt 0.093750 0.361675
vt 0.718750 0.111675
vt 0.093750 0.360992
vt 0.718750 0.110992
vt 0.093750 0.361675
vt 0.718750 0.111675
vt 0.093750 0.354591
vt 0.718750 0.104591
vt 0.093750 0.343322
vt 0.718750 0.093322
vt 0.093750 0.354591
vt 0.718750 0.104591
vt 0.093750 0.311534
vt 0.093750 0.328636
vt 0.093750 0.320455
vt 0.593750 0.070455
vt 0.093750 0.331751
vt 0.593750 0.081751
vt 0.093750 0.328636
vt 0.093750 0.329545
vt 0.093750 0.343322
vt 0.093750 0.275000
vt 0.718750 0.025000
vt 0.593750 0.025000
vt 0.093750 0.293182
vt 0.593750 0.043182
vt 0.093750 0.347727
vt 0.593750 0.097727
vt 0.593750 0.225000
vt 0.093750 0.345869
vt 0.593750 0.095869
vt 0.593750 0.218185
vt 0.093750 0.275000
vt 0.718750 0.025000
vt 0.593750 0.025000
vt 0.093750 0.293182
vt 0.593750 0.043182
vt 0.093750 0.345522
vt 0.718750 0.095522
vt 0.093750 0.343322
vt 0.093750 0.343322
vt 0.093750 0.345522
vt 0.718750 0.095522
vt 0.093750 0.364091
vt 0.718750 0.114091
vt 0.093750 0.361675
vt 0.718750 0.111675
vt 0.093750 0.354591
vt 0.718750 0.104591
vt 0.093750 0.343322
vt 0.718750 0.093322
vt 0.093750 0.364091
vt 0.718750 0.114091
vt 0.093750 0.340420
vt 0.593750 0.090420
vt 0.093750 0.331751
vt 0.593750 0.081751
vt 0.093750 0.340420
vt 0.593750 0.090420
vt 0.093750 0.331751
vt 0.593750 0.081751
vt 0.093750 0.364091
vt 0.718750 0.114091
vt 0.093750 0.347727
vt 0.593750 0.097727
vt 0.093750 0.345869
vt 0.593750 0.095869
vt 0.093750 0.311534
vt 0.093750 0.328636
vt 0.093750 0.361675
vt 0.718750 0.111675
vt 0.093750 0.307299
vt 0.593750 0.057299
vt 0.093750 0.307299
vt 0.593750 0.057299
vt 0.093750 0.293182
vt 0.593750 0.043182
vt 0.093750 0.311534
vt 0.093750 0.328636
vt 0.093750 0.293182
vt 0.718750 0.043182
vt 0.593750 0.043182
vt 0.593750 0.025000
vt 0.093750 0.329545
vt 0.093750 0.329545
vt 0.093750 0.293182
vt 0.093750 0.293182
vt 0.093750 0.311534
vt 0.718750 0.061534
vt 0.093750 0.328636
vt 0.718750 0.078636
vt 0.093750 0.311534
vt 0.718750 0.061534
vt 0.093750 0.328636
vt 0.718750 0.078636
vt 0.093750 0.343322
vt 0.093750 0.354591
vt 0.093750 0.361675
vt 0.718750 0.111675
vt 0.093750 0.320455
vt 0.593750 0.070455
vt 0.093750 0.328636
vt 0.718750 0.078636
vt 0.093750 0.293182
vt 0.593750 0.043182
vt 0.093750 0.307299
vt 0.593750 0.057299
vt 0.093750 0.311534
vt 0.093750 0.329545
vt 0.718750 0.079545
vt 0.093750 0.343322
vt 0.718750 0.093322
vt 0.093750 0.293182
vt 0.093750 0.361675
vt 0.718750 0.111675
vt 0.093750 0.364091
vt 0.718750 0.114091
vt 0.093750 0.329545
vt 0.718750 0.079545
vt 0.093750 0.329545
vt 0.093750 0.293182
vt 0.093750 0.361675
vt 0.718750 0.111675
vt 0.093750 0.329545
vt 0.718750 0.079545
vt 0.093750 0.311364
vt 0.718750 0.061364
vt 0.093750 0.311534
vt 0.718750 0.061534
vt 0.093750 0.354591
vt 0.718750 0.104591
vt 0.093750 0.328636
vt 0.718750 0.078636
vt 0.093750 0.360992
vt 0.718750 0.110992
vt 0.093750 0.329545
vt 0.718750 0.079545
vt 0.093750 0.275000
vt 0.718750 0.025000
vt 0.093750 0.275000
vt 0.718750 0.025000
vt 0.093750 0.311364
vt 0.093750 0.311364
vt 0.093750 0.311364
vt 0.718750 0.061364
vt 0.093750 0.311364
vt 0.718750 0.061364
vt 0.093750 0.311364
vt 0.718750 0.061364
vt 0.093750 0.311364
vt 0.093750 0.311364
vt 0.718750 0.061364
vt 0.093750 0.311364
vt 0.093750 0.275000
vt 0.718750 0.025000
vt 0.593750 0.025000
vt 0.093750 0.293182
vt 0.593750 0.043182
vt 0.093750 0.307299
vt 0.593750 0.057299
vt 0.093750 0.275000
vt 0.718750 0.025000
vt 0.593750 0.025000
vt 0.093750 0.293182
vt 0.593750 0.043182
vt 0.093750 0.347727
vt 0.593750 0.097727
vt 0.093750 0.345869
vt 0.593750 0.095869
vt 0.093750 0.340420
vt 0.593750 0.090420
vt 0.093750 0.320455
vt 0.593750 0.070455
vt 0.093750 0.331751
vt 0.593750 0.081751
vt 0.093750 0.307299
vt 0.593750 0.057299
vt 0.093750 0.320455
vt 0.593750 0.070455
vt 0.093750 0.331751
vt 0.593750 0.081751
vt 0.093750 0.340420
vt 0.593750 0.090420
vt 0.093750 0.345869
vt 0.593750 0.095869
vt 0.093750 0.275000
vt 0.718750 0.025000
vt 0.593750 0.025000
vt 0.093750 0.275000
vt 0.718750 0.025000
vt 0.593750 0.025000
vt 0.093750 0.307299
vt 0.593750 0.057299
vt 0.093750 0.347727
vt 0.593750 0.097727
vt 0.593750 0.225000
vt 0.093750 0.345869
vt 0.593750 0.095869
vt 0.593750 0.218185
vt 0.093750 0.340420
vt 0.593750 0.090420
vt 0.093750 0.320455
vt 0.593750 0.070455
vt 0.093750 0.331751
vt 0.593750 0.081751
vt 0.093750 0.293182
vt 0.718750 0.043182
vt 0.593750 0.043182
vt 0.593750 0.025000
vt 0.093750 0.307299
vt 0.593750 0.057299
vt 0.593750 0.076764
vt 0.093750 0.320455
vt 0.593750 0.070455
vt 0.093750 0.331751
vt 0.593750 0.081751
vt 0.093750 0.340420
vt 0.593750 0.090420
vt 0.093750 0.345869
vt 0.593750 0.095869
vt 0.093750 0.275000
vt 0.718750 0.025000
vt 0.093750 0.275000
vt 0.718750 0.025000
vt 0.093750 0.293182
vt 0.718750 0.043182
vt 0.093750 0.311364
vt 0.093750 0.311364
vt 0.093750 0.293182
vt 0.718750 0.043182
vt 0.093750 0.311364
vt 0.718750 0.061364
vt 0.093750 0.311364
vt 0.718750 0.061364
vt 0.093750 0.333582
vt 0.093750 0.475000
vt 0.093750 0.325514
vt 0.093750 0.475000
vt 0.093750 0.275000
vt 0.093750 0.275000
vt 0.093750 0.475000
vt 0.093750 0.325514
vt 0.093750 0.408333
vt 0.093750 0.475000
vt 0.093750 0.366833
vt 0.093750 0.408333
vt 0.093750 0.390305
vt 0.093750 0.475000
vt 0.093750 0.333582
vt 0.093750 0.475000
vt 0.093750 0.325514
vt 0.093750 0.275000
vt 0.093750 0.275000
vt 0.093750 0.475000
vt 0.093750 0.325514
vt 0.093750 0.408333
vt 0.093750 0.475000
vt 0.093750 0.366833
vt 0.093750 0.408333
vt 0.093750 0.390305
vt 0.093750 0.379348
vt 0.093750 0.475000
vt 0.093750 0.466304
vt 0.093750 0.466304
vt 0.093750 0.275000
vt 0.093750 0.370652
vt 0.718750 0.079545
vt 0.718750 0.079545
vt 0.218750 0.025000
vt 0.718750 0.079545
vt 0.718750 0.079545
vt 0.718750 0.134091
vt 0.718750 0.134091
vt 0.718750 0.206818
vt 0.718750 0.193962
vt 0.718750 0.193962
vt 0.718750 0.206818
vt 0.718750 0.134091
vt 0.718750 0.134091
vt 0.718750 0.115909
vt 0.718750 0.115909
vt 0.093750 0.365909
vt 0.718750 0.115909
vt 0.718750 0.115909
vt 0.093750 0.365909
vt 0.718750 0.134091
vt 0.718750 0.197727
vt 0.718750 0.134091
vt 0.718750 0.206818
vt 0.718750 0.189179
vt 0.718750 0.134091
vt 0.718750 0.189179
vt 0.718750 0.134091
vt 0.718750 0.134091
vt 0.093750 0.384091
vt 0.718750 0.134091
vt 0.093750 0.384091
vt 0.718750 0.134091
vt 0.718750 0.079545
vt 0.718750 0.079545
vt 0.718750 0.125000
vt 0.718750 0.079545
vt 0.218750 0.025000
vt 0.718750 0.079545
vt 0.218750 0.025000
vt 0.718750 0.079545
vt 0.218750 0.025000
vt 0.718750 0.134091
vt 0.093750 0.384091
vt 0.718750 0.125000
vt 0.093750 0.375000
vt 0.718750 0.134091
vt 0.718750 0.125000
vt 0.718750 0.079545
vt 0.718750 0.115909
vt 0.718750 0.115909
vt 0.718750 0.115909
vt 0.718750 0.097727
vt 0.718750 0.097727
vt 0.218750 0.225000
vt 0.718750 0.025000
vt 0.593750 0.025000
vt 0.718750 0.025000
vt 0.593750 0.025000
vt 0.718750 0.134091
vt 0.718750 0.134091
vt 0.718750 0.197727
vt 0.718750 0.206818
vt 0.718750 0.189179
vt 0.718750 0.134091
vt 0.718750 0.189179
vt 0.718750 0.134091
vt 0.718750 0.134091
vt 0.093750 0.384091
vt 0.718750 0.125000
vt 0.718750 0.125000
vt 0.718750 0.106818
vt 0.718750 0.106818
vt 0.718750 0.106818
vt 0.718750 0.106818
vt 0.718750 0.097727
vt 0.218750 0.225000
vt 0.718750 0.097727
vt 0.218750 0.225000
vt 0.718750 0.097727
vt 0.218750 0.225000
vt 0.718750 0.097727
vt 0.718750 0.134091
vt 0.718750 0.134091
vt 0.718750 0.134091
vt 0.718750 0.134091
vt 0.718750 0.125000
vt 0.718750 0.125000
vt 0.718750 0.115909
vt 0.718750 0.115909
vt 0.093750 0.365909
vt 0.718750 0.115909
vt 0.093750 0.365909
vt 0.718750 0.125000
vt 0.093750 0.375000
vt 0.718750 0.206818
vt 0.593750 0.206818
vt 0.718750 0.206818
vt 0.593750 0.206818
vt 0.718750 0.206818
vt 0.718750 0.206818
vt 0.718750 0.206818
vt 0.718750 0.206818
vt 0.718750 0.206818
vt 0.718750 0.206818
vt 0.718750 0.190556
vt 0.718750 0.150353
vt 0.718750 0.190556
vt 0.718750 0.150353
vt 0.718750 0.025000
vt 0.093750 0.275000
vt 0.718750 0.082143
vt 0.093750 0.332143
vt 0.718750 0.025000
vt 0.718750 0.082143
vt 0.718750 0.025000
vt 0.093750 0.275000
vt 0.718750 0.025000
vt 0.718750 0.082143
vt 0.093750 0.332143
vt 0.718750 0.082143
vt 0.718750 0.225000
vt 0.093750 0.475000
vt 0.718750 0.225000
vt 0.718750 0.167857
vt 0.093750 0.417857
vt 0.718750 0.167857
vt 0.718750 0.167857
vt 0.718750 0.225000
vt 0.718750 0.225000
vt 0.093750 0.475000
vt 0.718750 0.167857
vt 0.093750 0.417857
vt 0.593750 0.225000
vt 0.593750 0.225000
vt 0.593750 0.225000
vt 0.593750 0.225000
vt 0.593750 0.206818
vt 0.593750 0.206818
vt 0.343750 0.225000
vt 0.343750 0.025000
vt 0.343750 0.225000
vt 0.343750 0.025000
vt 0.343750 0.025000
vt 0.343750 0.225000
vt 0.343750 0.225000
vt 0.343750 0.025000
vt 0.343750 0.025000
vt 0.343750 0.025000
vt 0.343750 0.225000
vt 0.343750 0.225000
vt 0.343750 0.025000
vt 0.343750 0.025000
vt 0.343750 0.225000
vt 0.343750 0.225000
vt 0.468750 0.225000
vt 0.468750 0.225000
vt 0.468750 0.225000
vt 0.468750 0.225000
vt 0.468750 0.025000
vt 0.468750 0.025000
vt 0.468750 0.025000
vt 0.468750 0.025000
vt 0.093750 0.025000
vt 0.093750 0.209024
vt 0.093750 0.025000
vt 0.093750 0.209024
vt 0.093750 0.025000
vt 0.093750 0.225000
vt 0.093750 0.025000
vt 0.093750 0.225000
vt 0.093750 0.209024
vt 0.093750 0.025000
vt 0.093750 0.209024
vt 0.093750 0.025000
vt 0.093750 0.079325
vt 0.093750 0.213623
vt 0.093750 0.079325
vt 0.093750 0.213623
vt 0.218750 0.025000
vt 0.218750 0.225000
vt 0.218750 0.225000
vt 0.218750 0.025000
vt 0.718750 0.178026
vt 0.343750 0.178026
vt 0.718750 0.178026
vt 0.343750 0.178026
vt 0.718750 0.178026
vt 0.718750 0.178026
vt 0.343750 0.178026
vt 0.718750 0.178026
vt 0.718750 0.178026
vt 0.718750 0.178026
vt 0.718750 0.084080
vt 0.718750 0.084080
vt 0.718750 0.084080
vt 0.718750 0.084080
vt 0.718750 0.084080
vt 0.718750 0.084080
vt 0.718750 0.084080
vt 0.718750 0.084080
vt 0.718750 0.084080
vt 0.718750 0.084080
vt 0.718750 0.084080
vt 0.718750 0.084080
vt 0.718750 0.084080
vt 0.718750 0.084080
vt 0.718750 0.084080
vt 0.718750 0.084080
vt 0.718750 0.084080
vt 0.718750 0.084080
vt 0.718750 0.084080
vt 0.718750 0.084080
vt 0.718750 0.084080
vt 0.718750 0.084080
vt 0.718750 0.084080
vt 0.718750 0.084080
vt 0.718750 0.084080
vt 0.718750 0.084080
vt 0.718750 0.084080
vt 0.718750 0.084080
vt 0.718750 0.084080
vt 0.718750 0.084080
vt 0.718750 0.225000
vt 0.718750 0.225000
vt 0.718750 0.225000
vt 0.718750 0.225000
vt 0.718750 0.225000
vt 0.718750 0.225000
vt 0.718750 0.225000
vt 0.718750 0.225000
vt 0.718750 0.131053
vt 0.718750 0.131053
vt 0.718750 0.084080
vt 0.718750 0.131053
vt 0.718750 0.084080
vt 0.718750 0.178026
vt 0.718750 0.131053
vt 0.718750 0.178026
vt 0.718750 0.178026
vt 0.718750 0.131053
vt 0.343750 0.131053
vt 0.093750 0.381053
vt 0.718750 0.131053
vt 0.093750 0.381053
vt 0.718750 0.131053
vt 0.718750 0.178026
vt 0.718750 0.178026
vt 0.718750 0.178026
vt 0.718750 0.178026
vt 0.718750 0.131053
vt 0.718750 0.084080
vt 0.718750 0.131053
vt 0.718750 0.084080
vt 0.718750 0.131053
vt 0.718750 0.178026
vt 0.718750 0.131053
vt 0.718750 0.178026
vt 0.468750 0.178026
vt 0.718750 0.178026
vt 0.718750 0.131053
vt 0.093750 0.381053
vt 0.718750 0.178026
vt 0.718750 0.131053
vt 0.718750 0.131053
vt 0.093750 0.381053
vt 0.468750 0.131053
vt 0.718750 0.025000
vt 0.718750 0.025000
vt 0.718750 0.025000
vt 0.718750 0.025000
vt 0.718750 0.025000
vt 0.718750 0.025000
vt 0.718750 0.025000
vt 0.718750 0.025000
vt 0.718750 0.025000
vt 0.718750 0.025000
vt 0.718750 0.025000
vt 0.718750 0.025000
vt 0.718750 0.025000
vt 0.718750 0.025000
vt 0.718750 0.025000
vt 0.718750 0.025000
vt 0.718750 0.025000
vt 0.718750 0.025000
vt 0.718750 0.025000
vt 0.718750 0.025000
vt 0.718750 0.025000
vt 0.718750 0.025000
vt 0.718750 0.025000
vt 0.718750 0.025000
vt 0.718750 0.025000
vt 0.718750 0.025000
vt 0.718750 0.131053
vt 0.343750 0.131053
vt 0.093750 0.381053
vt 0.718750 0.131053
vt 0.093750 0.381053
vt 0.468750 0.131053
vt 0.718750 0.178026
vt 0.468750 0.178026
vt 0.718750 0.178026
vt 0.468750 0.178026
vt 0.718750 0.025000
vt 0.093750 0.275000
vt 0.718750 0.082143
vt 0.093750 0.332143
vt 0.718750 0.025000
vt 0.718750 0.082143
vt 0.718750 0.025000
vt 0.093750 0.275000
vt 0.718750 0.025000
vt 0.718750 0.082143
vt 0.093750 0.332143
vt 0.718750 0.082143
vt 0.718750 0.225000
vt 0.093750 0.475000
vt 0.718750 0.225000
vt 0.718750 0.167857
vt 0.093750 0.417857
vt 0.718750 0.167857
vt 0.718750 0.167857
vt 0.718750 0.225000
vt 0.718750 0.225000
vt 0.093750 0.475000
vt 0.718750 0.167857
vt 0.093750 0.417857
vt 0.343750 0.131053
vt 0.093750 0.381053
vt 0.093750 0.381053
vt 0.468750 0.131053
vt 0.593750 0.218185
vt 0.593750 0.218185
vt 0.593750 0.198205
vt 0.593750 0.198205
vt 0.593750 0.025000
vt 0.593750 0.025000
vt 0.593750 0.025000
vt 0.593750 0.025000
vt 0.593750 0.225000
vt 0.593750 0.218185
vt 0.593750 0.195000
vt 0.593750 0.189207
vt 0.593750 0.025000
vt 0.593750 0.025000
vt 0.593750 0.025000
vt 0.593750 0.025000
vt 0.593750 0.025000
vt 0.593750 0.025000
vt 0.593750 0.025000
vt 0.593750 0.025000
vt 0.593750 0.025000
vt 0.593750 0.025000
vt 0.593750 0.166421
vt 0.593750 0.166421
vt 0.593750 0.025000
vt 0.593750 0.068999
vt 0.593750 0.110000
vt 0.593750 0.076764
vt 0.593750 0.125000
vt 0.593750 0.189207
vt 0.593750 0.172224
vt 0.593750 0.025000
vt 0.593750 0.025000
vt 0.593750 0.025000
vt 0.593750 0.025000
vt 0.593750 0.025000
vt 0.593750 0.166421
vt 0.593750 0.145208
vt 0.593750 0.198205
vt 0.593750 0.172224
vt 0.593750 0.025000
vt 0.593750 0.025000
vt 0.593750 0.025000
vt 0.593750 0.025000
vt 0.593750 0.025000
vt 0.593750 0.025000
vt 0.593750 0.025000
vt 0.593750 0.025000
vt 0.593750 0.166421
vt 0.593750 0.198205
vt 0.593750 0.076764
vt 0.593750 0.068999
vt 0.593750 0.025000
vt 0.593750 0.025000
vt 0.593750 0.025000
vt 0.593750 0.025000
vt 0.593750 0.025000
vt 0.593750 0.025000
vt 0.593750 0.025000
vt 0.593750 0.068999
vt 0.593750 0.076764
vt 0.593750 0.025000
vt 0.593750 0.025000
vt 0.593750 0.125000
vt 0.593750 0.125000
vt 0.593750 0.125000
vt 0.593750 0.110000
vt 0.593750 0.110000
vt 0.593750 0.145208
vt 0.593750 0.025000
vt 0.593750 0.145208
vt 0.593750 0.189207
vt 0.593750 0.195000
vt 0.593750 0.025000
vt 0.593750 0.025000
vt 0.593750 0.025000
vt 0.593750 0.025000
vt 0.593750 0.172224
vt 0.593750 0.145208
vt 0.593750 0.172224
vt 0.593750 0.025000
vt 0.593750 0.025000
vt 0.593750 0.025000
vt 0.593750 0.025000
vt 0.593750 0.025000
vt 0.593750 0.025000
vt 0.593750 0.053449
vt 0.593750 0.025000
vt 0.593750 0.025000
vt 0.593750 0.079960
vt 0.593750 0.102725
vt 0.593750 0.025000
vt 0.593750 0.025000
vt 0.593750 0.025000
vt 0.593750 0.120194
vt 0.593750 0.131175
vt 0.593750 0.025000
vt 0.593750 0.025000
vt 0.593750 0.134920
vt 0.593750 0.131175
vt 0.593750 0.120194
vt 0.593750 0.025000
vt 0.593750 0.025000
vt 0.593750 0.102725
vt 0.593750 0.079960
vt 0.593750 0.025000
vt 0.593750 0.053449
vt 0.593750 0.025000
vt 0.593750 0.025000
vt 0.593750 0.025000
vt 0.593750 0.068999
vt 0.593750 0.110000
vt 0.593750 0.025000
vt 0.593750 0.189207
vt 0.593750 0.025000
vt 0.593750 0.025000
vt 0.718750 0.025000
vt 0.718750 0.025000
vt 0.718750 0.025000
vt 0.718750 0.025000
vt 0.718750 0.025000
vt 0.718750 0.025000
vt 0.718750 0.039174
vt 0.718750 0.043898
vt 0.718750 0.025000
vt 0.718750 0.025000
vt 0.718750 0.025000
vt 0.718750 0.025000
vt 0.718750 0.039174
vt 0.718750 0.052381
vt 0.718750 0.043898
vt 0.718750 0.061508
vt 0.718750 0.025000
vt 0.718750 0.025000
vt 0.718750 0.072426
vt 0.718750 0.063723
vt 0.718750 0.088235
vt 0.718750 0.076631
vt 0.718750 0.025000
vt 0.718750 0.025000
vt 0.718750 0.025000
vt 0.718750 0.025000
vt 0.718750 0.025000
vt 0.718750 0.025000
vt 0.718750 0.025000
vt 0.718750 0.025000
vt 0.718750 0.063723
vt 0.718750 0.076631
vt 0.718750 0.052381
vt 0.718750 0.061508
vt 0.718750 0.077897
vt 0.718750 0.079763
vt 0.718750 0.095529
vt 0.718750 0.098017
vt 0.718750 0.072426
vt 0.718750 0.088235
vt 0.718750 0.025000
vt 0.718750 0.025000
vt 0.718750 0.025000
vt 0.718750 0.025000
vt 0.718750 0.077897
vt 0.718750 0.025000
vt 0.718750 0.025000
vt 0.718750 0.095529
vt 0.718750 0.125000
vt 0.718750 0.099118
vt 0.718750 0.150882
vt 0.718750 0.175000
vt 0.718750 0.075000
vt 0.718750 0.054289
vt 0.718750 0.195711
vt 0.718750 0.125000
vt 0.718750 0.142193
vt 0.718750 0.107807
vt 0.718750 0.211602
vt 0.718750 0.158214
vt 0.718750 0.171971
vt 0.718750 0.038397
vt 0.718750 0.091786
vt 0.718750 0.078029
vt 0.718750 0.221593
vt 0.718750 0.182528
vt 0.718750 0.189164
vt 0.718750 0.225000
vt 0.718750 0.191427
vt 0.718750 0.028407
vt 0.718750 0.067472
vt 0.718750 0.060836
vt 0.718750 0.221593
vt 0.718750 0.189164
vt 0.718750 0.182528
vt 0.718750 0.025000
vt 0.718750 0.058573
vt 0.718750 0.060836
vt 0.718750 0.028407
vt 0.718750 0.067472
vt 0.718750 0.211602
vt 0.718750 0.171971
vt 0.718750 0.158214
vt 0.718750 0.038397
vt 0.718750 0.078029
vt 0.718750 0.091786
vt 0.718750 0.195711
vt 0.718750 0.054289
vt 0.718750 0.142193
vt 0.718750 0.107807
vt 0.718750 0.125000
vt 0.718750 0.175000
vt 0.718750 0.075000
vt 0.718750 0.150882
vt 0.718750 0.099118
vt 0.718750 0.125000
vt 0.593750 0.218185
vt 0.593750 0.198205
vt 0.593750 0.198205
vt 0.593750 0.025000
vt 0.593750 0.025000
vt 0.593750 0.025000
vt 0.593750 0.025000
vt 0.593750 0.225000
vt 0.593750 0.218185
vt 0.593750 0.195000
vt 0.593750 0.189207
vt 0.593750 0.025000
vt 0.593750 0.025000
vt 0.593750 0.025000
vt 0.593750 0.025000
vt 0.593750 0.025000
vt 0.593750 0.025000
vt 0.593750 0.025000
vt 0.593750 0.025000
vt 0.593750 0.025000
vt 0.593750 0.025000
vt 0.593750 0.025000
vt 0.593750 0.166421
vt 0.593750 0.166421
vt 0.593750 0.025000
vt 0.593750 0.068999
vt 0.593750 0.110000
vt 0.593750 0.125000
vt 0.593750 0.189207
vt 0.593750 0.172224
vt 0.593750 0.025000
vt 0.593750 0.025000
vt 0.593750 0.025000
vt 0.593750 0.025000
vt 0.593750 0.025000
vt 0.593750 0.166421
vt 0.593750 0.145208
vt 0.593750 0.198205
vt 0.593750 0.172224
vt 0.593750 0.025000
vt 0.593750 0.025000
vt 0.593750 0.025000
vt 0.593750 0.025000
vt 0.593750 0.025000
vt 0.593750 0.025000
vt 0.593750 0.025000
vt 0.593750 0.025000
vt 0.593750 0.166421
vt 0.593750 0.198205
vt 0.593750 0.218185
vt 0.593750 0.076764
vt 0.593750 0.068999
vt 0.593750 0.025000
vt 0.593750 0.025000
vt 0.593750 0.025000
vt 0.593750 0.025000
vt 0.593750 0.025000
vt 0.593750 0.025000
vt 0.593750 0.025000
vt 0.593750 0.068999
vt 0.593750 0.076764
vt 0.593750 0.025000
vt 0.593750 0.076764
vt 0.593750 0.025000
vt 0.593750 0.125000
vt 0.593750 0.125000
vt 0.593750 0.125000
vt 0.593750 0.110000
vt 0.593750 0.110000
vt 0.593750 0.145208
vt 0.593750 0.145208
vt 0.593750 0.189207
vt 0.593750 0.195000
vt 0.593750 0.025000
vt 0.593750 0.025000
vt 0.593750 0.025000
vt 0.593750 0.025000
vt 0.593750 0.172224
vt 0.593750 0.145208
vt 0.593750 0.172224
vt 0.593750 0.025000
vt 0.593750 0.025000
vt 0.593750 0.025000
vt 0.593750 0.025000
vt 0.593750 0.025000
vt 0.593750 0.025000
vt 0.593750 0.053449
vt 0.593750 0.025000
vt 0.593750 0.025000
vt 0.593750 0.079960
vt 0.593750 0.102725
vt 0.593750 0.025000
vt 0.593750 0.025000
vt 0.593750 0.025000
vt 0.593750 0.120194
vt 0.593750 0.131175
vt 0.593750 0.025000
vt 0.593750 0.025000
vt 0.593750 0.134920
vt 0.593750 0.131175
vt 0.593750 0.120194
vt 0.593750 0.025000
vt 0.593750 0.025000
vt 0.593750 0.102725
vt 0.593750 0.079960
vt 0.593750 0.025000
vt 0.593750 0.053449
vt 0.593750 0.025000
vt 0.593750 0.025000
vt 0.593750 0.025000
vt 0.593750 0.068999
vt 0.593750 0.110000
vt 0.593750 0.025000
vt 0.593750 0.189207
vt 0.593750 0.025000
vt 0.593750 0.025000
vt 0.718750 0.025000
vt 0.718750 0.025000
vt 0.718750 0.025000
vt 0.718750 0.025000
vt 0.718750 0.025000
vt 0.718750 0.025000
vt 0.718750 0.039174
vt 0.718750 0.043898
vt 0.718750 0.025000
vt 0.718750 0.025000
vt 0.718750 0.025000
vt 0.718750 0.025000
vt 0.718750 0.039174
vt 0.718750 0.052381
vt 0.718750 0.043898
vt 0.718750 0.061508
vt 0.718750 0.025000
vt 0.718750 0.025000
vt 0.718750 0.072426
vt 0.718750 0.063723
vt 0.718750 0.088235
vt 0.718750 0.076631
vt 0.718750 0.025000
vt 0.718750 0.025000
vt 0.718750 0.025000
vt 0.718750 0.025000
vt 0.718750 0.025000
vt 0.718750 0.025000
vt 0.718750 0.025000
vt 0.718750 0.025000
vt 0.718750 0.063723
vt 0.718750 0.076631
vt 0.718750 0.052381
vt 0.718750 0.061508
vt 0.718750 0.077897
vt 0.718750 0.079763
vt 0.718750 0.095529
vt 0.718750 0.098017
vt 0.718750 0.072426
vt 0.718750 0.088235
vt 0.718750 0.025000
vt 0.718750 0.025000
vt 0.718750 0.025000
vt 0.718750 0.025000
vt 0.718750 0.077897
vt 0.718750 0.025000
vt 0.718750 0.025000
vt 0.718750 0.095529
vt 0.718750 0.125000
vt 0.718750 0.099118
vt 0.718750 0.150882
vt 0.718750 0.175000
vt 0.718750 0.075000
vt 0.718750 0.054289
vt 0.718750 0.195711
vt 0.718750 0.125000
vt 0.718750 0.142193
vt 0.718750 0.107807
vt 0.718750 0.211602
vt 0.718750 0.158214
vt 0.718750 0.171971
vt 0.718750 0.038397
vt 0.718750 0.091786
vt 0.718750 0.078029
vt 0.718750 0.221593
vt 0.718750 0.182528
vt 0.718750 0.189164
vt 0.718750 0.225000
vt 0.718750 0.191427
vt 0.718750 0.028407
vt 0.718750 0.067472
vt 0.718750 0.060836
vt 0.718750 0.221593
vt 0.718750 0.189164
vt 0.718750 0.182528
vt 0.718750 0.025000
vt 0.718750 0.058573
vt 0.718750 0.060836
vt 0.718750 0.028407
vt 0.718750 0.067472
vt 0.718750 0.211602
vt 0.718750 0.171971
vt 0.718750 0.158214
vt 0.718750 0.038397
vt 0.718750 0.078029
vt 0.718750 0.091786
vt 0.718750 0.195711
vt 0.718750 0.054289
vt 0.718750 0.142193
vt 0.718750 0.107807
vt 0.718750 0.125000
vt 0.718750 0.175000
vt 0.718750 0.075000
vt 0.718750 0.150882
vt 0.718750 0.099118
vt 0.718750 0.125000
vt 0.593750 0.218185
vt 0.593750 0.218185
vt 0.593750 0.198205
vt 0.593750 0.198205
vt 0.593750 0.025000
vt 0.593750 0.025000
vt 0.593750 0.025000
vt 0.593750 0.025000
vt 0.593750 0.225000
vt 0.593750 0.218185
vt 0.593750 0.195000
vt 0.593750 0.189207
vt 0.593750 0.025000
vt 0.593750 0.025000
vt 0.593750 0.025000
vt 0.593750 0.025000
vt 0.593750 0.025000
vt 0.593750 0.025000
vt 0.593750 0.025000
vt 0.593750 0.025000
vt 0.593750 0.025000
vt 0.593750 0.025000
vt 0.593750 0.025000
vt 0.593750 0.166421
vt 0.593750 0.166421
vt 0.593750 0.025000
vt 0.593750 0.068999
vt 0.593750 0.110000
vt 0.593750 0.076764
vt 0.593750 0.125000
vt 0.593750 0.189207
vt 0.593750 0.172224
vt 0.593750 0.225000
vt 0.593750 0.025000
vt 0.593750 0.025000
vt 0.593750 0.025000
vt 0.593750 0.025000
vt 0.593750 0.025000
vt 0.593750 0.166421
vt 0.593750 0.145208
vt 0.593750 0.198205
vt 0.593750 0.172224
vt 0.593750 0.025000
vt 0.593750 0.025000
vt 0.593750 0.025000
vt 0.593750 0.025000
vt 0.593750 0.025000
vt 0.593750 0.025000
vt 0.593750 0.025000
vt 0.593750 0.025000
vt 0.593750 0.166421
vt 0.593750 0.198205
vt 0.593750 0.218185
vt 0.593750 0.076764
vt 0.593750 0.068999
vt 0.593750 0.025000
vt 0.593750 0.025000
vt 0.593750 0.025000
vt 0.593750 0.025000
vt 0.593750 0.025000
vt 0.593750 0.025000
vt 0.593750 0.025000
vt 0.593750 0.068999
vt 0.593750 0.076764
vt 0.593750 0.025000
vt 0.593750 0.076764
vt 0.593750 0.025000
vt 0.593750 0.125000
vt 0.593750 0.125000
vt 0.593750 0.125000
vt 0.593750 0.110000
vt 0.593750 0.110000
vt 0.593750 0.145208
vt 0.593750 0.025000
vt 0.593750 0.145208
vt 0.593750 0.189207
vt 0.593750 0.195000
vt 0.593750 0.025000
vt 0.593750 0.025000
vt 0.593750 0.025000
vt 0.593750 0.025000
vt 0.593750 0.172224
vt 0.593750 0.145208
vt 0.593750 0.172224
vt 0.593750 0.025000
vt 0.593750 0.025000
vt 0.593750 0.025000
vt 0.593750 0.025000
vt 0.593750 0.025000
vt 0.593750 0.025000
vt 0.593750 0.053449
vt 0.593750 0.025000
vt 0.593750 0.025000
vt 0.593750 0.079960
vt 0.593750 0.102725
vt 0.593750 0.025000
vt 0.593750 0.025000
vt 0.593750 0.025000
vt 0.593750 0.120194
vt 0.593750 0.131175
vt 0.593750 0.025000
vt 0.593750 0.025000
vt 0.593750 0.134920
vt 0.593750 0.131175
vt 0.593750 0.120194
vt 0.593750 0.025000
vt 0.593750 0.025000
vt 0.593750 0.102725
vt 0.593750 0.079960
vt 0.593750 0.025000
vt 0.593750 0.053449
vt 0.593750 0.025000
vt 0.593750 0.025000
vt 0.593750 0.025000
vt 0.593750 0.068999
vt 0.593750 0.110000
vt 0.593750 0.025000
vt 0.593750 0.189207
vt 0.593750 0.025000
vt 0.593750 0.025000
vt 0.718750 0.025000
vt 0.718750 0.025000
vt 0.718750 0.025000
vt 0.718750 0.025000
vt 0.718750 0.025000
vt 0.718750 0.025000
vt 0.718750 0.039174
vt 0.718750 0.043898
vt 0.718750 0.025000
vt 0.718750 0.025000
vt 0.718750 0.025000
vt 0.718750 0.025000
vt 0.718750 0.039174
vt 0.718750 0.052381
vt 0.718750 0.043898
vt 0.718750 0.061508
vt 0.718750 0.025000
vt 0.718750 0.025000
vt 0.718750 0.072426
vt 0.718750 0.063723
vt 0.718750 0.088235
vt 0.718750 0.076631
vt 0.718750 0.025000
vt 0.718750 0.025000
vt 0.718750 0.025000
vt 0.718750 0.025000
vt 0.718750 0.025000
vt 0.718750 0.025000
vt 0.718750 0.025000
vt 0.718750 0.025000
vt 0.718750 0.063723
vt 0.718750 0.076631
vt 0.718750 0.052381
vt 0.718750 0.061508
vt 0.718750 0.077897
vt 0.718750 0.079763
vt 0.718750 0.095529
vt 0.718750 0.098017
vt 0.718750 0.072426
vt 0.718750 0.088235
vt 0.718750 0.025000
vt 0.718750 0.025000
vt 0.718750 0.025000
vt 0.718750 0.025000
vt 0.718750 0.077897
vt 0.718750 0.025000
vt 0.718750 0.025000
vt 0.718750 0.095529
vt 0.718750 0.125000
vt 0.718750 0.099118
vt 0.718750 0.150882
vt 0.718750 0.175000
vt 0.718750 0.075000
vt 0.718750 0.054289
vt 0.718750 0.195711
vt 0.718750 0.125000
vt 0.718750 0.142193
vt 0.718750 0.107807
vt 0.718750 0.211602
vt 0.718750 0.158214
vt 0.718750 0.171971
vt 0.718750 0.038397
vt 0.718750 0.091786
vt 0.718750 0.078029
vt 0.718750 0.221593
vt 0.718750 0.182528
vt 0.718750 0.189164
vt 0.718750 0.225000
vt 0.718750 0.191427
vt 0.718750 0.028407
vt 0.718750 0.067472
vt 0.718750 0.060836
vt 0.718750 0.221593
vt 0.718750 0.189164
vt 0.718750 0.182528
vt 0.718750 0.025000
vt 0.718750 0.058573
vt 0.718750 0.060836
vt 0.718750 0.028407
vt 0.718750 0.067472
vt 0.718750 0.211602
vt 0.718750 0.171971
vt 0.718750 0.158214
vt 0.718750 0.038397
vt 0.718750 0.078029
vt 0.718750 0.091786
vt 0.718750 0.195711
vt 0.718750 0.054289
vt 0.718750 0.142193
vt 0.718750 0.107807
vt 0.718750 0.125000
vt 0.718750 0.175000
vt 0.718750 0.075000
vt 0.718750 0.150882
vt 0.718750 0.099118
vt 0.718750 0.125000
s 0
f 3/3/1 2/2/2 1/1/3
f 2/2/2 3/3/1 4/4/4
f 7/7/5 6/6/6 5/5/7
f 6/6/8 7/7/5 8/8/9
f 11/11/10 10/10/11 9/9/12
f 10/10/11 11/11/10 12/12/13
f 15/15/14 14/14/15 13/13/16
f 14/14/15 15/15/14 16/16/17
f 19/19/18 18/18/19 17/17/20
f 18/18/19 19/19/18 20/20/21
f 22/22/22 19/19/23 21/21/24
f 19/19/23 22/22/22 23/23/25
f 25/25/26 3/3/1 24/24/27
f 3/3/1 25/25/26 4/4/4
f 26/26/28 19/19/23 17/17/29
f 19/19/23 26/26/28 21/21/30
f 29/29/31 28/28/32 27/27/33
f 28/28/32 29/29/34 30/30/35
f 4/4/36 31/31/37 2/2/38
f 31/31/37 4/4/36 32/32/39
f 2/2/40 33/33/41 1/1/42
f 33/33/41 2/2/40 9/9/43
f 23/23/44 20/20/21 19/19/45
f 20/20/21 23/23/44 34/34/46
f 37/37/47 36/36/48 35/35/49
f 36/36/48 37/37/47 38/38/50
f 41/41/51 40/40/52 39/39/53
f 40/40/52 41/41/51 42/42/54
f 44/44/55 35/35/56 43/43/57
f 35/35/56 44/44/55 37/37/47
f 45/45/58 8/8/9 7/7/5
f 8/8/9 45/45/58 46/46/59
f 2/2/40 11/11/10 9/9/12
f 11/11/10 2/2/40 31/31/60
f 16/16/17 47/47/61 14/14/62
f 47/47/61 16/16/17 48/48/63
f 49/49/64 7/7/5 5/5/65
f 7/7/5 49/49/64 50/50/66
f 52/52/67 39/39/68 51/51/69
f 39/39/68 52/52/67 41/41/51
f 33/33/41 10/10/11 53/53/70
f 10/10/11 33/33/41 9/9/43
f 54/54/71 48/48/63 16/16/72
f 48/48/63 54/54/71 55/55/73
f 20/20/21 56/56/74 18/18/19
f 56/56/74 20/20/21 57/57/75
f 59/59/76 58/58/77 57/57/78
f 58/58/77 59/59/76 60/60/79
f 34/34/46 57/57/75 20/20/80
f 57/57/75 34/34/46 59/59/81
f 63/63/82 62/62/83 61/61/84
f 62/62/85 63/63/86 64/64/87
f 65/65/88 62/62/83 45/45/89
f 62/62/83 65/65/90 61/61/84
f 66/66/91 16/16/17 15/15/14
f 16/16/17 66/66/91 54/54/71
f 58/58/92 6/6/6 67/67/93
f 6/6/6 58/58/92 5/5/7
f 51/51/69 69/69/94 68/68/95
f 69/69/94 51/51/69 39/39/68
f 10/10/96 52/52/67 53/53/97
f 52/52/67 10/10/96 41/41/51
f 25/25/98 30/30/99 70/70/100
f 30/30/99 25/25/98 24/24/101
f 54/54/102 71/71/103 55/55/104
f 71/71/103 54/54/102 69/69/105
f 13/13/106 37/37/47 44/44/107
f 37/37/47 13/13/106 14/14/108
f 73/73/109 70/70/100 72/72/110
f 70/70/100 73/73/109 25/25/26
f 35/35/56 26/26/28 43/43/57
f 26/26/28 35/35/56 21/21/111
f 12/12/112 41/41/113 10/10/114
f 41/41/113 12/12/112 42/42/115
f 64/64/116 74/74/117 62/62/85
f 74/74/117 64/64/118 29/29/119
f 72/72/120 64/64/118 63/63/82
f 64/64/118 72/72/120 70/70/121
f 30/30/99 75/75/122 28/28/123
f 75/75/122 30/30/99 24/24/27
f 77/77/124 53/53/70 76/76/125
f 53/53/70 77/77/124 33/33/126
f 62/62/85 46/46/59 45/45/127
f 46/46/128 62/62/85 74/74/117
f 68/68/95 54/54/102 66/66/129
f 54/54/102 68/68/95 69/69/130
f 69/69/94 40/40/52 71/71/131
f 40/40/52 69/69/94 39/39/53
f 26/26/132 79/79/133 78/78/134
f 79/79/133 26/26/132 17/17/135
f 46/46/136 80/80/137 8/8/138
f 80/80/137 46/46/59 81/81/139
f 75/75/122 3/3/1 82/82/140
f 3/3/1 75/75/122 24/24/101
f 84/84/141 51/51/69 83/83/142
f 51/51/69 84/84/141 52/52/143
f 85/85/144 15/15/14 13/13/145
f 15/15/14 85/85/144 86/86/146
f 18/18/19 88/88/147 87/87/148
f 88/88/147 18/18/19 56/56/149
f 36/36/48 21/21/111 35/35/49
f 21/21/111 36/36/48 22/22/150
f 65/65/151 63/63/151 61/61/151
f 63/63/151 65/65/151 50/50/151
f 63/63/151 50/50/151 72/72/151
f 72/72/151 50/50/151 49/49/151
f 72/72/151 49/49/151 73/73/151
f 73/73/151 49/49/151 89/89/151
f 89/89/151 49/49/151 90/90/151
f 91/91/151 73/73/151 89/89/151
f 90/90/151 49/49/151 60/60/151
f 90/90/151 60/60/151 92/92/151
f 92/92/151 60/60/151 93/93/151
f 73/73/151 91/91/151 32/32/151
f 32/32/151 91/91/151 94/94/151
f 32/32/151 94/94/151 95/95/151
f 93/93/151 60/60/151 59/59/151
f 93/93/151 59/59/151 96/96/151
f 96/96/151 59/59/151 97/97/151
f 97/97/151 59/59/151 34/34/151
f 97/97/151 34/34/151 98/98/151
f 32/32/151 95/95/151 31/31/151
f 31/31/151 95/95/151 99/99/151
f 31/31/151 99/99/151 100/100/151
f 98/98/151 34/34/151 23/23/151
f 98/98/151 23/23/151 101/101/151
f 101/101/151 23/23/151 102/102/151
f 31/31/151 100/100/151 11/11/151
f 11/11/151 100/100/151 103/103/151
f 11/11/151 103/103/151 104/104/151
f 11/11/151 104/104/151 12/12/151
f 12/12/151 104/104/151 105/105/151
f 102/102/151 23/23/151 22/22/151
f 102/102/151 22/22/151 106/106/151
f 106/106/151 22/22/151 107/107/151
f 12/12/151 105/105/151 42/42/151
f 42/42/151 105/105/151 108/108/151
f 42/42/151 108/108/151 109/109/151
f 107/107/151 22/22/151 36/36/151
f 42/42/151 109/109/151 40/40/151
f 107/107/151 36/36/151 110/110/151
f 40/40/151 109/109/151 111/111/151
f 110/110/151 36/36/151 112/112/151
f 40/40/151 111/111/151 112/112/151
f 40/40/151 112/112/151 36/36/151
f 40/40/151 36/36/151 38/38/151
f 40/40/151 38/38/151 71/71/151
f 71/71/151 38/38/151 47/47/151
f 71/71/151 47/47/151 55/55/151
f 55/55/151 47/47/151 48/48/151
f 50/50/152 45/45/153 7/7/154
f 45/45/58 50/50/152 65/65/90
f 67/67/155 114/114/156 113/113/157
f 114/114/156 67/67/93 6/6/8
f 116/116/158 66/66/159 115/115/160
f 66/66/129 116/116/158 68/68/161
f 117/117/162 13/13/106 44/44/163
f 13/13/164 117/117/162 85/85/165
f 8/8/9 114/114/156 6/6/8
f 114/114/156 8/8/9 80/80/166
f 82/82/167 1/1/3 118/118/168
f 1/1/3 82/82/167 3/3/169
f 83/83/142 68/68/95 116/116/170
f 68/68/95 83/83/142 51/51/171
f 73/73/109 4/4/4 25/25/98
f 4/4/4 73/73/109 32/32/172
f 60/60/173 5/5/7 58/58/174
f 5/5/7 60/60/173 49/49/64
f 29/29/119 119/119/175 74/74/176
f 119/119/175 29/29/119 27/27/33
f 56/56/177 113/113/178 88/88/179
f 113/113/178 56/56/177 67/67/155
f 14/14/108 38/38/180 37/37/181
f 38/38/180 14/14/108 47/47/182
f 120/120/183 44/44/55 43/43/184
f 44/44/55 120/120/183 117/117/185
f 76/76/186 52/52/187 84/84/188
f 52/52/187 76/76/186 53/53/189
f 17/17/20 87/87/148 79/79/190
f 87/87/148 17/17/20 18/18/191
f 70/70/100 29/29/31 64/64/118
f 29/29/31 70/70/100 30/30/99
f 27/27/192 81/81/192 119/119/192
f 81/81/192 27/27/192 28/28/192
f 81/81/192 28/28/192 80/80/192
f 80/80/192 28/28/192 75/75/192
f 80/80/192 75/75/192 114/114/192
f 114/114/192 75/75/192 82/82/192
f 114/114/192 82/82/192 113/113/192
f 113/113/192 82/82/192 118/118/192
f 113/113/192 118/118/192 88/88/192
f 88/88/192 118/118/192 77/77/192
f 88/88/192 77/77/192 87/87/192
f 87/87/192 77/77/192 76/76/192
f 87/87/192 76/76/192 79/79/192
f 79/79/192 76/76/192 84/84/192
f 79/79/192 84/84/192 78/78/192
f 78/78/192 84/84/192 83/83/192
f 78/78/192 83/83/192 120/120/192
f 120/120/192 83/83/192 116/116/192
f 120/120/192 116/116/192 117/117/192
f 117/117/192 116/116/192 115/115/192
f 117/117/192 115/115/192 85/85/192
f 85/85/192 115/115/192 86/86/192
f 115/115/193 15/15/14 86/86/146
f 15/15/14 115/115/193 66/66/194
f 74/74/117 81/81/195 46/46/196
f 81/81/139 74/74/176 119/119/175
f 57/57/197 67/67/93 56/56/177
f 67/67/93 57/57/197 58/58/92
f 118/118/198 33/33/41 77/77/124
f 33/33/41 118/118/198 1/1/199
f 43/43/57 78/78/200 120/120/183
f 78/78/200 43/43/57 26/26/201
f 123/123/202 122/122/203 121/121/202
f 122/122/203 123/123/202 124/124/203
f 127/127/204 126/126/205 125/125/205
f 126/126/205 127/127/204 128/128/204
f 131/131/206 130/130/207 129/129/206
f 130/130/207 131/131/206 132/132/207
f 135/135/208 134/134/209 133/133/208
f 134/134/209 135/135/208 136/136/209
f 138/138/210 126/126/205 137/137/210
f 126/126/205 138/138/210 125/125/205
f 141/141/211 140/140/212 139/139/211
f 140/140/212 141/141/211 142/142/212
f 145/145/213 144/144/214 143/143/214
f 144/144/214 145/145/213 146/146/213
f 147/147/215 131/131/206 129/129/206
f 131/131/206 147/147/215 148/148/215
f 150/150/216 137/137/210 149/149/216
f 137/137/210 150/150/216 138/138/210
f 136/136/217 151/151/218 134/134/217
f 151/151/218 136/136/217 152/152/218
f 140/140/212 154/154/219 153/153/219
f 154/154/219 140/140/212 142/142/212
f 157/157/220 156/156/221 155/155/220
f 156/156/221 157/157/220 158/158/221
f 121/121/202 149/149/222 123/123/202
f 149/149/222 121/121/202 150/150/222
f 152/152/218 159/159/223 151/151/218
f 159/159/223 152/152/218 160/160/223
f 163/163/224 162/162/225 161/161/224
f 162/162/225 163/163/224 164/164/225
f 143/143/226 162/162/225 164/164/225
f 162/162/225 143/143/226 144/144/226
f 160/160/227 155/155/220 159/159/227
f 155/155/220 160/160/227 157/157/220
f 138/138/151 127/127/151 125/125/151
f 127/127/151 138/138/151 150/150/151
f 127/127/151 150/150/151 153/153/151
f 153/153/151 150/150/151 121/121/151
f 153/153/151 121/121/151 140/140/151
f 140/140/151 121/121/151 122/122/151
f 140/140/151 122/122/151 139/139/151
f 139/139/151 122/122/151 147/147/151
f 139/139/151 147/147/151 165/165/151
f 165/165/151 147/147/151 129/129/151
f 165/165/151 129/129/151 156/156/151
f 156/156/151 129/129/151 130/130/151
f 156/156/151 130/130/151 155/155/151
f 155/155/151 130/130/151 161/161/151
f 155/155/151 161/161/151 159/159/151
f 159/159/151 161/161/151 162/162/151
f 159/159/151 162/162/151 151/151/151
f 151/151/151 162/162/151 144/144/151
f 151/151/151 144/144/151 134/134/151
f 134/134/151 144/144/151 146/146/151
f 134/134/151 146/146/151 133/133/151
f 133/133/151 146/146/151 166/166/151
f 167/167/228 133/133/208 166/166/228
f 133/133/208 167/167/228 135/135/208
f 168/168/229 139/139/230 165/165/229
f 139/139/230 168/168/229 141/141/230
f 167/167/228 146/146/213 145/145/213
f 146/146/213 167/167/228 166/166/228
f 124/124/231 147/147/215 122/122/231
f 147/147/215 124/124/231 148/148/215
f 158/158/221 165/165/229 156/156/221
f 165/165/229 158/158/221 168/168/229
f 132/132/207 161/161/232 130/130/207
f 161/161/232 132/132/207 163/163/232
f 153/153/233 128/128/204 127/127/204
f 128/128/204 153/153/233 154/154/233
f 171/171/151 170/170/151 169/169/151
f 170/170/151 171/171/151 172/172/151
f 170/170/151 172/172/151 173/173/151
f 173/173/151 172/172/151 174/174/151
f 174/174/151 172/172/151 175/175/151
f 174/174/151 175/175/151 176/176/151
f 175/175/151 177/177/151 176/176/151
f 174/174/151 176/176/151 178/178/151
f 177/177/151 175/175/151 179/179/151
f 177/177/151 179/179/151 180/180/151
f 180/180/151 179/179/151 181/181/151
f 174/174/151 178/178/151 182/182/151
f 182/182/151 178/178/151 183/183/151
f 182/182/151 183/183/151 184/184/151
f 181/181/151 179/179/151 185/185/151
f 181/181/151 185/185/151 186/186/151
f 186/186/151 185/185/151 187/187/151
f 187/187/151 185/185/151 188/188/151
f 187/187/151 188/188/151 189/189/151
f 182/182/151 184/184/151 190/190/151
f 190/190/151 184/184/151 191/191/151
f 190/190/151 191/191/151 192/192/151
f 189/189/151 188/188/151 193/193/151
f 189/189/151 193/193/151 194/194/151
f 194/194/151 193/193/151 195/195/151
f 190/190/151 192/192/151 196/196/151
f 196/196/151 192/192/151 197/197/151
f 196/196/151 197/197/151 198/198/151
f 196/196/151 198/198/151 199/199/151
f 199/199/151 198/198/151 200/200/151
f 195/195/151 193/193/151 201/201/151
f 195/195/151 201/201/151 202/202/151
f 202/202/151 201/201/151 203/203/151
f 199/199/151 200/200/151 204/204/151
f 204/204/151 200/200/151 205/205/151
f 204/204/151 205/205/151 206/206/151
f 203/203/151 201/201/151 207/207/151
f 204/204/151 206/206/151 208/208/151
f 203/203/151 207/207/151 209/209/151
f 208/208/151 206/206/151 210/210/151
f 209/209/151 207/207/151 211/211/151
f 208/208/151 210/210/151 211/211/151
f 208/208/151 211/211/151 207/207/151
f 208/208/151 207/207/151 212/212/151
f 208/208/151 212/212/151 213/213/151
f 213/213/151 212/212/151 214/214/151
f 213/213/151 214/214/151 215/215/151
f 215/215/151 214/214/151 216/216/151
f 219/220/234 218/218/235 217/217/235
f 218/218/236 219/220/234 220/221/237
f 223/226/192 222/225/192 221/223/192
f 222/225/192 223/226/192 217/217/192
f 217/217/192 223/226/192 219/220/192
f 219/220/192 223/226/192 224/228/192
f 224/228/192 223/226/192 225/229/192
f 225/229/192 223/226/192 226/230/192
f 225/229/192 226/230/192 227/231/192
f 225/229/192 227/231/192 228/232/192
f 228/232/192 227/231/192 229/233/192
f 228/232/192 229/233/192 230/234/192
f 228/232/192 230/234/192 231/235/192
f 231/235/192 230/234/192 232/236/192
f 231/235/192 232/236/192 233/237/192
f 233/237/192 232/236/192 234/238/192
f 233/237/192 234/238/192 235/239/192
f 233/237/192 235/239/192 236/240/192
f 236/240/192 235/239/192 237/241/192
f 236/240/192 237/241/192 238/242/192
f 238/242/192 237/241/192 239/243/192
f 238/242/192 239/243/192 240/244/192
f 240/244/192 239/243/192 241/245/192
f 240/244/192 241/245/192 242/246/192
f 240/244/192 242/246/192 243/247/192
f 243/247/192 242/246/192 244/248/192
f 243/247/192 244/248/192 245/249/192
f 243/247/192 245/249/192 246/251/192
f 243/247/192 246/251/192 247/252/192
f 246/251/192 245/249/192 248/253/192
f 246/251/192 248/253/192 249/255/192
f 249/255/192 248/253/192 250/256/192
f 250/256/192 248/253/192 251/257/192
f 251/257/192 248/253/192 252/258/192
f 251/257/192 252/258/192 253/259/192
f 253/259/192 252/258/192 254/260/192
f 253/259/192 254/260/192 255/261/192
f 253/259/192 255/261/192 256/262/192
f 256/262/192 255/261/192 257/263/192
f 256/262/192 257/263/192 258/264/192
f 256/262/192 258/264/192 259/265/192
f 259/265/192 258/264/192 260/266/192
f 259/265/192 260/266/192 261/267/192
f 261/267/192 260/266/192 262/268/192
f 261/267/192 262/268/192 263/269/192
f 261/267/192 263/269/192 264/270/192
f 264/270/192 263/269/192 265/271/192
f 264/270/192 265/271/192 266/272/192
f 266/272/192 265/271/192 267/273/192
f 266/272/192 267/273/192 268/274/192
f 268/274/192 267/273/192 269/275/192
f 268/274/192 269/275/192 270/276/192
f 268/274/192 270/276/192 271/277/192
f 271/277/192 270/276/192 272/278/192
f 271/277/192 272/278/192 273/279/192
f 271/277/192 273/279/192 274/281/192
f 271/277/192 274/281/192 275/283/192
f 271/277/238 275/283/238 276/284/238
f 275/283/192 274/281/192 277/285/192
f 280/290/239 279/288/239 278/286/239
f 279/288/239 280/290/239 281/291/239
f 284/294/151 283/293/151 282/292/151
f 285/295/151 283/293/151 284/294/151
f 285/295/151 284/294/151 286/297/151
f 287/298/151 283/293/151 285/295/151
f 288/300/151 283/293/151 287/298/151
f 289/301/151 283/293/151 288/300/151
f 289/301/151 290/302/151 283/293/151
f 291/303/151 290/302/151 289/301/151
f 292/304/151 290/302/151 291/303/151
f 292/304/151 293/305/151 290/302/151
f 294/306/151 293/305/151 292/304/151
f 294/306/151 295/307/151 293/305/151
f 296/308/151 295/307/151 294/306/151
f 297/309/151 295/307/151 296/308/151
f 297/309/151 298/310/151 295/307/151
f 299/311/151 298/310/151 297/309/151
f 299/311/151 300/312/151 298/310/151
f 301/313/151 300/312/151 299/311/151
f 301/313/151 302/314/151 300/312/151
f 303/315/151 302/314/151 301/313/151
f 304/316/151 302/314/151 303/315/151
f 304/316/151 305/317/151 302/314/151
f 306/318/151 305/317/151 304/316/151
f 307/319/151 305/317/151 306/318/151
f 305/317/151 307/319/151 308/320/151
f 309/321/151 308/320/151 307/319/151
f 309/321/151 310/323/151 308/320/151
f 309/321/151 311/324/151 310/323/151
f 309/321/151 312/325/151 311/324/151
f 313/326/151 312/325/151 309/321/151
f 313/326/151 314/328/151 312/325/151
f 312/325/151 314/328/151 315/329/151
f 316/330/151 314/328/151 313/326/151
f 317/331/151 314/328/151 316/330/151
f 317/331/151 318/332/151 314/328/151
f 319/333/151 318/332/151 317/331/151
f 320/334/151 318/332/151 319/333/151
f 320/334/151 321/335/151 318/332/151
f 322/336/151 321/335/151 320/334/151
f 322/336/151 323/337/151 321/335/151
f 324/338/151 323/337/151 322/336/151
f 325/339/151 323/337/151 324/338/151
f 325/339/151 326/340/151 323/337/151
f 327/341/151 326/340/151 325/339/151
f 327/341/151 328/342/151 326/340/151
f 329/343/151 328/342/151 327/341/151
f 329/343/151 330/344/151 328/342/151
f 331/345/151 330/344/151 329/343/151
f 332/346/151 330/344/151 331/345/151
f 332/346/151 333/347/151 330/344/151
f 334/348/151 333/347/151 332/346/151
f 335/349/151 333/347/151 334/348/151
f 335/349/151 336/351/151 333/347/151
f 335/349/151 337/352/151 336/351/151
f 335/349/151 338/353/151 337/352/151
f 339/354/151 338/353/151 335/349/151
f 338/353/151 339/354/151 340/356/151
f 341/357/240 320/334/241 319/333/240
f 320/334/241 341/357/240 342/359/241
f 343/361/242 324/338/243 322/336/242
f 324/338/243 343/361/242 344/363/243
f 266/272/244 346/367/245 345/365/244
f 346/367/246 266/272/244 268/274/246
f 332/346/247 347/369/248 334/348/248
f 347/369/248 332/346/247 348/372/247
f 236/240/249 350/376/244 349/374/249
f 350/376/244 236/240/249 238/242/244
f 351/378/242 296/308/243 294/306/242
f 296/308/243 351/378/242 352/380/243
f 353/382/250 300/312/251 302/314/250
f 300/312/251 353/382/250 354/383/251
f 354/383/251 353/382/250 355/385/252
f 356/387/249 321/335/244 323/337/249
f 321/335/244 356/387/249 357/389/244
f 358/391/253 330/344/250 333/347/253
f 330/344/250 358/391/254 359/393/250
f 360/395/237 308/320/255 310/323/234
f 308/320/255 360/395/237 361/396/256
f 362/397/240 292/304/241 291/303/240
f 292/304/241 362/397/240 363/399/241
f 314/328/257 365/402/258 364/401/259
f 365/402/258 314/328/257 318/332/246
f 365/402/258 318/332/246 366/403/246
f 244/248/260 367/404/239 245/249/239
f 367/404/239 244/248/260 368/407/260
f 369/409/261 327/341/262 325/339/261
f 327/341/262 369/409/261 370/412/262
f 307/319/263 371/415/264 309/321/264
f 371/415/264 307/319/263 372/418/263
f 238/242/244 373/420/265 350/376/244
f 373/420/265 238/242/244 374/422/246
f 374/422/246 238/242/244 240/244/246
f 375/423/253 302/314/250 305/317/253
f 302/314/250 375/423/253 353/382/250
f 363/399/241 294/306/242 292/304/241
f 294/306/242 363/399/241 351/378/242
f 357/389/244 318/332/246 321/335/244
f 318/332/246 357/389/244 366/403/246
f 366/403/266 357/389/267 376/424/268
f 354/383/251 298/310/269 300/312/251
f 298/310/269 354/383/251 377/426/269
f 377/426/269 295/307/249 298/310/269
f 295/307/249 377/426/270 378/428/249
f 379/430/244 290/302/246 293/305/244
f 290/302/246 379/430/244 380/432/246
f 233/237/269 349/374/249 381/434/269
f 349/374/249 233/237/269 236/240/249
f 382/436/271 303/315/272 301/313/271
f 303/315/272 382/436/271 383/438/272
f 384/440/271 331/345/272 329/343/271
f 331/345/272 384/440/271 385/442/272
f 386/444/269 323/337/249 326/340/269
f 323/337/249 386/444/270 356/387/249
f 352/380/243 297/309/261 296/308/243
f 297/309/261 352/380/243 387/446/261
f 388/448/262 301/313/271 299/311/262
f 301/313/271 388/448/262 382/436/271
f 251/257/255 389/450/237 250/256/234
f 389/450/237 251/257/255 390/451/256
f 331/345/272 348/372/247 332/346/247
f 348/372/247 331/345/272 385/442/272
f 342/359/241 322/336/242 320/334/241
f 322/336/242 342/359/241 343/361/242
f 359/393/250 328/342/251 330/344/250
f 328/342/251 359/393/250 391/452/251
f 306/318/248 372/418/263 307/319/263
f 372/418/263 306/318/248 392/454/248
f 393/456/273 319/333/240 317/331/273
f 319/333/240 393/456/273 341/357/240
f 394/458/260 317/331/273 316/330/260
f 317/331/273 394/458/260 393/456/273
f 396/461/259 247/252/274 395/460/275
f 247/252/274 396/461/259 243/247/257
f 334/348/248 397/462/276 335/349/276
f 397/462/276 334/348/248 347/369/248
f 396/461/277 399/467/277 398/466/277
f 399/467/277 396/461/277 395/460/277
f 399/467/277 395/460/277 400/468/277
f 399/467/278 400/468/278 390/451/278
f 390/451/277 400/468/277 389/450/277
f 389/450/277 400/468/277 401/469/277
f 283/293/257 402/470/275 282/292/274
f 402/470/275 283/293/257 403/472/259
f 404/474/275 271/277/257 276/284/274
f 271/277/257 404/474/275 405/476/259
f 370/412/262 329/343/271 327/341/262
f 329/343/271 370/412/262 384/440/271
f 253/259/253 407/479/250 406/478/253
f 407/479/250 253/259/253 256/262/250
f 231/235/251 381/434/269 408/480/251
f 381/434/269 231/235/279 233/237/269
f 304/316/247 392/454/248 306/318/248
f 392/454/248 304/316/247 409/482/247
f 224/228/255 220/221/237 219/220/234
f 220/221/237 224/228/255 410/484/256
f 250/256/234 401/469/280 249/255/280
f 401/469/280 250/256/234 389/450/237
f 411/486/260 289/301/273 288/300/260
f 289/301/273 411/486/260 412/488/273
f 315/329/274 364/401/259 413/490/275
f 364/401/259 315/329/274 314/328/257
f 225/229/253 410/484/256 224/228/255
f 410/484/256 225/229/253 414/491/281
f 414/491/282 225/229/253 415/493/253
f 312/325/283 413/490/275 416/495/283
f 413/490/275 312/325/283 315/329/274
f 259/265/251 418/498/284 417/496/251
f 418/498/269 259/265/251 261/267/269
f 283/293/257 419/500/285 403/472/259
f 419/500/258 283/293/257 290/302/246
f 419/500/258 290/302/246 380/432/246
f 420/502/282 308/320/255 361/396/256
f 308/320/255 420/502/282 305/317/253
f 305/317/253 420/502/282 375/423/253
f 360/395/237 311/324/280 421/503/280
f 311/324/280 360/395/237 310/323/234
f 264/270/249 345/365/244 422/504/249
f 345/365/244 264/270/249 266/272/244
f 398/466/258 243/247/257 396/461/259
f 243/247/257 398/466/258 240/244/246
f 240/244/246 398/466/258 374/422/246
f 423/506/285 271/277/257 405/476/259
f 271/277/257 423/506/258 268/274/246
f 268/274/246 423/506/258 346/367/246
f 391/452/251 326/340/269 328/342/251
f 326/340/269 391/452/251 386/444/269
f 261/267/269 422/504/249 418/498/269
f 422/504/249 261/267/269 264/270/249
f 425/510/237 338/353/286 424/508/286
f 338/353/235 425/510/237 337/352/234
f 303/315/272 409/482/247 304/316/247
f 409/482/247 303/315/272 383/438/272
f 246/251/269 401/469/269 400/468/269
f 401/469/269 246/251/269 249/255/269
f 228/232/250 408/480/251 426/512/250
f 408/480/251 228/232/250 231/235/251
f 425/510/237 336/351/255 337/352/234
f 336/351/255 425/510/237 427/514/256
f 395/460/275 246/251/283 400/468/283
f 246/251/283 395/460/275 247/252/274
f 251/257/255 399/467/282 390/451/256
f 399/467/282 251/257/255 253/259/253
f 399/467/282 253/259/253 406/478/253
f 256/262/250 428/516/252 407/479/250
f 428/516/252 256/262/250 417/496/251
f 417/496/251 256/262/250 259/265/251
f 412/488/273 291/303/240 289/301/273
f 291/303/240 412/488/273 362/397/240
f 427/514/256 333/347/253 336/351/255
f 333/347/253 427/514/256 429/518/281
f 333/347/253 429/518/282 358/391/253
f 416/495/269 311/324/269 312/325/269
f 311/324/269 416/495/269 421/503/269
f 344/363/243 325/339/261 324/338/243
f 325/339/261 344/363/243 369/409/261
f 432/524/287 431/522/288 430/520/287
f 431/522/288 432/524/287 433/525/288
f 378/428/249 293/305/244 295/307/249
f 293/305/244 378/428/249 379/430/244
f 275/283/289 435/528/269 434/526/290
f 435/528/269 275/283/291 433/525/269
f 433/525/269 436/530/269 435/528/269
f 433/525/269 275/283/291 437/532/269
f 437/532/269 275/283/291 277/285/269
f 432/524/269 436/530/269 433/525/269
f 432/524/269 438/533/290 436/530/269
f 439/535/269 438/533/290 432/524/269
f 286/297/269 438/533/290 439/535/269
f 438/533/290 286/297/269 284/294/291
f 404/474/275 275/283/292 434/526/290
f 275/283/291 404/474/275 276/284/274
f 225/229/253 426/512/250 415/493/253
f 426/512/250 225/229/253 228/232/250
f 282/292/274 438/533/290 284/294/291
f 438/533/290 282/292/274 402/470/275
f 272/278/260 440/536/239 273/279/239
f 440/536/239 272/278/260 441/539/260
f 387/446/261 299/311/262 297/309/261
f 299/311/262 387/446/261 388/448/262
f 270/276/273 441/539/260 272/278/260
f 441/539/260 270/276/273 442/541/273
f 444/546/263 248/253/264 443/543/264
f 248/253/264 444/546/263 252/258/263
f 262/268/261 446/550/262 445/548/261
f 446/550/262 262/268/261 260/266/262
f 260/266/262 447/552/271 446/550/262
f 447/552/271 260/266/262 258/264/271
f 267/273/241 448/554/240 269/275/240
f 448/554/240 267/273/241 449/556/241
f 450/558/248 252/258/263 444/546/263
f 252/258/263 450/558/248 254/260/248
f 452/562/272 255/261/247 451/560/247
f 255/261/247 452/562/272 257/263/272
f 451/560/247 254/260/248 450/558/248
f 254/260/248 451/560/247 255/261/247
f 258/264/271 452/562/272 447/552/271
f 452/562/272 258/264/271 257/263/272
f 267/273/241 453/564/242 449/556/241
f 453/564/242 267/273/241 265/271/242
f 263/269/243 445/548/261 454/566/243
f 445/548/261 263/269/243 262/268/261
f 269/275/240 442/541/273 270/276/273
f 442/541/273 269/275/240 448/554/240
f 265/271/242 454/566/243 453/564/242
f 454/566/243 265/271/242 263/269/243
f 411/486/260 287/298/239 455/568/239
f 287/298/239 411/486/260 288/300/260
f 394/458/260 313/326/239 456/571/239
f 313/326/239 394/458/260 316/330/260
f 242/246/273 368/407/260 244/248/260
f 368/407/260 242/246/273 457/574/273
f 234/238/261 459/579/262 458/576/261
f 459/579/262 234/238/261 232/236/262
f 232/236/262 460/582/271 459/579/262
f 460/582/271 232/236/262 230/234/271
f 241/245/240 462/586/241 461/584/240
f 462/586/241 241/245/240 239/243/241
f 464/592/248 223/226/276 463/588/276
f 223/226/276 464/592/248 226/230/248
f 466/597/272 227/231/247 465/595/247
f 227/231/247 466/597/272 229/233/272
f 465/595/247 226/230/248 464/592/248
f 226/230/248 465/595/247 227/231/247
f 239/243/241 467/599/242 462/586/241
f 467/599/242 239/243/241 237/241/242
f 235/239/243 458/576/261 468/601/243
f 458/576/261 235/239/243 234/238/261
f 230/234/271 466/597/272 460/582/271
f 466/597/272 230/234/271 229/233/272
f 241/245/240 457/574/273 242/246/273
f 457/574/273 241/245/240 461/584/240
f 237/241/242 468/601/243 467/599/242
f 468/601/243 237/241/242 235/239/243
f 420/502/293 364/401/293 365/402/293
f 364/401/293 420/502/293 413/490/293
f 413/490/293 420/502/293 416/495/293
f 416/495/294 420/502/294 361/396/294
f 416/495/293 361/396/293 360/395/293
f 416/495/293 360/395/293 421/503/293
f 439/535/295 285/295/296 286/297/296
f 285/295/296 439/535/295 469/603/295
f 433/525/288 470/605/297 431/522/288
f 470/605/297 433/525/288 437/532/297
f 470/605/297 277/285/298 274/281/298
f 277/285/298 470/605/297 437/532/297
f 472/609/299 278/286/300 471/607/299
f 278/286/300 472/609/299 280/290/300
f 340/356/301 474/611/302 473/610/302
f 474/611/302 340/356/301 339/354/301
f 281/291/303 474/611/302 279/288/303
f 474/611/302 281/291/303 473/610/302
f 221/223/304 472/609/299 471/607/299
f 472/609/299 221/223/304 222/225/304
f 217/217/269 472/609/269 222/225/269
f 217/217/269 280/290/269 472/609/269
f 218/218/269 280/290/269 217/217/269
f 475/613/269 280/290/269 218/218/269
f 476/615/269 280/290/269 475/613/269
f 280/290/269 476/615/269 281/291/269
f 424/508/269 281/291/269 476/615/269
f 424/508/269 473/610/269 281/291/269
f 338/353/269 473/610/269 424/508/269
f 473/610/269 338/353/269 340/356/269
f 439/535/295 430/520/287 469/603/295
f 430/520/287 439/535/295 432/524/287
f 479/619/192 478/618/192 477/617/192
f 478/618/192 479/619/192 480/620/192
f 480/620/192 479/619/192 481/621/192
f 480/620/192 481/621/192 482/622/192
f 480/620/192 482/622/192 483/623/192
f 483/623/192 482/622/192 484/624/192
f 483/623/192 484/624/192 485/625/192
f 486/626/192 483/623/192 485/625/192
f 485/625/192 484/624/192 487/627/192
f 485/625/192 487/627/192 488/628/192
f 488/628/192 487/627/192 489/629/192
f 492/632/151 491/631/151 490/630/151
f 491/631/151 492/632/151 493/633/151
f 493/633/151 492/632/151 494/634/151
f 494/634/151 492/632/151 495/635/151
f 495/635/151 492/632/151 496/636/151
f 495/635/151 496/636/151 497/637/151
f 497/637/151 496/636/151 498/638/151
f 498/638/151 496/636/151 499/639/151
f 497/637/151 498/638/151 500/640/151
f 500/640/151 498/638/151 501/641/151
f 500/640/151 501/641/151 502/642/151
f 505/645/269 504/644/269 503/643/269
f 504/644/269 505/645/269 506/646/269
f 504/644/269 506/646/269 507/647/269
f 507/647/269 506/646/269 508/648/269
f 509/649/293 403/473/293 419/501/293
f 403/473/293 509/649/293 402/471/293
f 402/471/305 509/649/305 438/534/305
f 438/534/293 509/649/293 436/531/293
f 436/531/293 509/649/293 510/650/293
f 512/653/293 476/616/293 511/652/293
f 476/616/293 512/653/293 424/509/293
f 424/509/294 512/653/294 425/511/294
f 425/511/293 512/653/293 427/515/293
f 427/515/293 512/653/293 429/519/293
f 515/656/246 514/655/246 513/654/246
f 514/655/246 515/656/246 516/657/246
f 516/657/246 515/656/246 517/658/246
f 518/659/246 517/658/246 515/656/246
f 519/660/246 517/658/246 518/659/246
f 517/658/246 519/660/246 520/661/246
f 523/665/306 522/663/261 521/662/261
f 522/663/261 523/665/306 524/666/306
f 527/670/307 526/669/307 525/668/307
f 526/669/307 527/670/307 528/671/307
f 528/671/307 527/670/307 529/672/307
f 529/672/307 527/670/307 530/673/307
f 528/671/307 529/672/307 518/659/307
f 518/659/307 529/672/307 531/674/307
f 518/659/307 531/674/307 532/675/307
f 518/659/307 532/675/307 519/660/307
f 519/660/308 532/675/308 533/676/308
f 534/678/269 519/660/269 533/676/269
f 519/660/269 534/678/269 535/680/269
f 475/614/277 537/682/277 536/681/277
f 537/682/277 475/614/277 218/219/277
f 537/682/278 218/219/278 220/222/278
f 537/682/277 220/222/277 410/485/277
f 537/682/277 410/485/277 414/492/277
f 519/660/264 523/665/264 521/662/264
f 523/665/264 519/660/264 538/683/264
f 538/683/264 519/660/264 535/680/264
f 510/650/309 435/529/309 436/531/309
f 435/529/309 510/650/309 539/684/309
f 539/684/309 510/650/309 540/686/309
f 539/684/309 540/686/309 541/688/309
f 544/694/151 543/692/310 542/690/151
f 543/692/310 544/694/151 545/695/310
f 405/477/277 546/696/277 423/507/277
f 546/696/277 405/477/277 404/475/277
f 546/696/311 404/475/311 434/527/311
f 546/696/277 434/527/277 435/529/277
f 546/696/277 435/529/277 539/684/277
f 536/681/312 476/616/312 475/614/312
f 476/616/312 536/681/312 511/652/312
f 514/655/313 547/697/313 513/654/313
f 547/697/313 514/655/313 548/698/313
f 548/698/313 514/655/313 520/661/313
f 548/698/313 520/661/313 519/660/313
f 547/697/151 549/699/151 513/654/151
f 549/699/151 547/697/151 377/427/151
f 549/699/151 377/427/151 354/384/151
f 549/699/151 354/384/151 355/386/151
f 377/427/151 547/697/151 378/429/151
f 378/429/151 547/697/151 379/431/151
f 379/431/151 547/697/151 380/433/151
f 380/433/151 547/697/151 550/700/151
f 550/700/151 547/697/151 551/701/151
f 380/433/151 550/700/151 419/501/151
f 509/649/151 419/501/151 550/700/151
f 463/589/239 553/705/239 552/703/239
f 553/705/239 463/589/239 397/463/239
f 556/709/314 555/708/314 554/707/314
f 555/708/314 556/709/314 557/710/314
f 555/708/314 557/710/314 558/711/314
f 559/712/314 555/708/314 558/711/314
f 558/711/314 557/710/314 515/656/314
f 558/711/314 515/656/314 560/713/314
f 560/713/314 515/656/314 561/714/314
f 561/714/314 515/656/314 513/654/314
f 561/714/315 513/654/315 562/715/315
f 565/719/239 564/718/316 563/717/316
f 564/718/316 565/719/239 566/720/239
f 567/721/239 566/720/239 565/719/239
f 567/721/239 568/722/239 566/720/239
f 511/652/239 568/722/239 567/721/239
f 568/722/239 511/652/239 536/681/239
f 547/697/264 569/723/264 551/701/264
f 569/723/264 547/697/264 570/725/264
f 570/725/264 547/697/264 571/727/264
f 571/727/264 547/697/264 548/698/264
f 541/688/264 569/723/264 570/725/264
f 569/723/264 541/688/264 540/686/264
f 417/497/192 521/662/192 428/517/192
f 521/662/192 417/497/192 519/660/192
f 519/660/192 417/497/192 418/499/192
f 519/660/192 418/499/192 548/698/192
f 548/698/192 418/499/192 422/505/192
f 548/698/192 422/505/192 345/366/192
f 548/698/192 345/366/192 346/368/192
f 548/698/192 346/368/192 572/729/192
f 548/698/192 572/729/192 571/727/192
f 572/729/192 346/368/192 423/507/192
f 572/729/192 423/507/192 546/696/192
f 335/350/261 474/612/261 339/355/261
f 474/612/261 335/350/261 397/463/261
f 474/612/261 397/463/261 279/289/261
f 279/289/261 397/463/261 278/287/261
f 278/287/261 397/463/261 463/589/261
f 278/287/261 463/589/261 223/227/261
f 278/287/261 223/227/261 471/608/261
f 471/608/261 223/227/261 221/224/261
f 285/296/261 455/569/261 287/299/261
f 455/569/261 285/296/261 469/604/261
f 455/569/261 469/604/261 430/521/261
f 455/569/261 430/521/261 431/523/261
f 455/569/261 431/523/261 371/416/261
f 371/416/261 431/523/261 440/537/261
f 440/537/261 431/523/261 273/280/261
f 273/280/261 431/523/261 470/606/261
f 273/280/261 470/606/261 274/282/261
f 371/416/261 440/537/261 367/405/261
f 443/544/315 367/405/315 440/537/315
f 367/405/261 443/544/261 245/250/261
f 245/250/261 443/544/261 248/254/261
f 552/703/261 371/416/261 367/405/261
f 553/705/261 371/416/261 552/703/261
f 456/572/315 371/416/315 553/705/315
f 456/572/261 309/322/261 371/416/261
f 309/322/261 456/572/261 313/327/261
f 574/731/252 554/707/269 573/730/252
f 554/707/269 574/731/252 525/668/269
f 525/668/269 574/731/252 575/732/252
f 525/668/269 575/732/252 576/733/252
f 575/732/252 577/734/253 576/733/252
f 577/734/253 575/732/252 564/718/317
f 574/731/252 564/718/317 575/732/252
f 564/718/317 574/731/252 563/717/317
f 573/730/252 563/717/317 574/731/252
f 563/717/317 573/730/252 578/735/253
f 573/730/151 567/721/151 578/735/151
f 567/721/151 573/730/151 511/652/151
f 511/652/151 573/730/151 512/653/151
f 512/653/151 573/730/151 554/707/151
f 512/653/151 554/707/151 358/392/151
f 512/653/151 358/392/151 429/519/151
f 358/392/151 554/707/151 359/394/151
f 359/394/151 554/707/151 391/453/151
f 391/453/151 554/707/151 386/445/151
f 386/445/151 554/707/151 555/708/151
f 386/445/151 555/708/151 356/388/151
f 356/388/151 555/708/151 357/390/151
f 357/390/151 555/708/151 376/425/151
f 537/682/192 568/722/192 536/681/192
f 568/722/192 537/682/192 577/734/192
f 577/734/192 537/682/192 576/733/192
f 576/733/192 537/682/192 525/668/192
f 525/668/192 537/682/192 415/494/192
f 415/494/192 537/682/192 414/492/192
f 525/668/192 415/494/192 426/513/192
f 525/668/192 426/513/192 408/481/192
f 525/668/192 408/481/192 381/435/192
f 525/668/192 381/435/192 527/670/192
f 527/670/192 381/435/192 349/375/192
f 527/670/192 349/375/192 350/377/192
f 527/670/192 350/377/192 373/421/192
f 526/669/318 557/710/319 556/709/318
f 557/710/319 526/669/318 528/671/319
f 562/715/269 544/694/269 542/690/269
f 544/694/269 562/715/269 513/654/269
f 549/699/261 580/737/320 579/736/320
f 580/737/320 549/699/261 581/739/261
f 538/683/321 534/678/192 582/741/321
f 534/678/192 538/683/321 535/680/192
f 545/695/310 580/737/320 543/692/310
f 580/737/320 545/695/310 579/736/320
f 538/683/321 524/666/306 523/665/306
f 524/666/306 538/683/321 582/741/321
f 545/695/264 549/699/264 579/736/264
f 549/699/264 545/695/264 513/654/264
f 513/654/264 545/695/264 544/694/264
f 518/659/269 584/745/269 583/743/269
f 518/659/269 583/743/269 585/747/269
f 518/659/269 586/748/269 584/745/269
f 518/659/269 585/747/269 528/671/322
f 515/656/269 586/748/269 518/659/269
f 586/748/269 515/656/269 587/749/269
f 588/750/269 528/671/322 585/747/269
f 589/751/269 528/671/322 588/750/269
f 515/656/269 590/752/269 587/749/269
f 590/752/269 528/671/322 589/751/269
f 557/710/322 590/752/269 515/656/269
f 590/752/269 557/710/319 528/671/319
f 556/709/318 592/754/323 591/753/323
f 556/709/318 591/753/323 593/755/323
f 592/754/323 556/709/318 554/707/323
f 556/709/318 593/755/323 526/669/318
f 554/707/323 594/756/323 592/754/323
f 594/756/323 526/669/318 593/755/323
f 525/668/323 594/756/323 554/707/323
f 594/756/323 525/668/323 526/669/318
f 597/761/306 596/759/321 595/757/306
f 596/759/321 597/761/306 598/762/321
f 600/765/320 595/757/306 599/763/320
f 595/757/306 600/765/320 597/761/306
f 602/768/310 599/763/320 601/766/310
f 599/763/320 602/768/310 600/765/320
f 605/772/324 604/771/325 603/769/326
f 604/771/325 605/772/324 606/774/324
f 598/762/321 605/772/324 596/759/321
f 605/772/324 598/762/321 606/774/324
f 602/768/264 597/761/264 600/765/264
f 597/761/264 602/768/264 598/762/264
f 598/762/264 602/768/264 607/775/264
f 598/762/264 607/775/264 606/774/264
f 606/774/264 607/775/264 608/776/264
f 606/774/264 608/776/264 604/771/264
f 603/769/325 608/776/327 609/777/327
f 608/776/327 603/769/325 604/771/325
f 607/775/328 601/766/310 610/779/328
f 601/766/310 607/775/328 602/768/310
f 609/777/327 607/775/328 610/779/328
f 607/775/328 609/777/327 608/776/329
f 582/742/239 522/664/239 524/667/239
f 522/664/239 582/742/239 533/677/239
f 533/677/239 582/742/239 534/679/239
f 562/716/239 580/738/239 581/740/239
f 580/738/239 562/716/239 543/693/239
f 543/693/239 562/716/239 542/691/239
f 596/760/239 599/764/239 595/758/239
f 599/764/239 596/760/239 601/767/239
f 601/767/239 596/760/239 605/773/239
f 601/767/239 605/773/239 610/780/239
f 610/780/239 605/773/239 603/770/239
f 610/780/239 603/770/239 609/778/239
f 440/538/192 444/547/192 443/545/192
f 444/547/192 440/538/192 450/559/192
f 450/559/192 440/538/192 451/561/192
f 451/561/192 440/538/192 452/563/192
f 452/563/192 440/538/192 447/553/192
f 447/553/192 440/538/192 446/551/192
f 446/551/192 440/538/192 445/549/192
f 445/549/192 440/538/192 454/567/192
f 454/567/192 440/538/192 453/565/192
f 453/565/192 440/538/192 449/557/192
f 449/557/192 440/538/192 448/555/192
f 448/555/192 440/538/192 442/542/192
f 442/542/192 440/538/192 441/540/192
f 392/455/151 371/417/151 372/419/151
f 371/417/151 392/455/151 455/570/151
f 455/570/151 392/455/151 409/483/151
f 455/570/151 409/483/151 383/439/151
f 455/570/151 383/439/151 382/437/151
f 455/570/151 382/437/151 388/449/151
f 455/570/151 388/449/151 387/447/151
f 455/570/151 387/447/151 352/381/151
f 455/570/151 352/381/151 351/379/151
f 455/570/151 351/379/151 363/400/151
f 455/570/151 363/400/151 362/398/151
f 455/570/151 362/398/151 412/489/151
f 455/570/151 412/489/151 411/487/151
f 347/370/151 553/706/151 397/464/151
f 553/706/151 347/370/151 456/573/151
f 456/573/151 347/370/151 348/373/151
f 456/573/151 348/373/151 385/443/151
f 456/573/151 385/443/151 384/441/151
f 456/573/151 384/441/151 370/413/151
f 456/573/151 370/413/151 369/410/151
f 456/573/151 369/410/151 344/364/151
f 456/573/151 344/364/151 343/362/151
f 456/573/151 343/362/151 342/360/151
f 456/573/151 342/360/151 341/358/151
f 456/573/151 341/358/151 393/457/151
f 456/573/151 393/457/151 394/459/151
f 367/406/192 463/590/192 552/704/192
f 463/590/192 367/406/192 464/593/192
f 464/593/192 367/406/192 465/596/192
f 465/596/192 367/406/192 466/598/192
f 466/598/192 367/406/192 460/583/192
f 460/583/192 367/406/192 459/580/192
f 459/580/192 367/406/192 458/577/192
f 458/577/192 367/406/192 468/602/192
f 468/602/192 367/406/192 467/600/192
f 467/600/192 367/406/192 462/587/192
f 462/587/192 367/406/192 461/585/192
f 461/585/192 367/406/192 457/575/192
f 457/575/192 367/406/192 368/408/192
f 613/783/253 612/782/330 611/781/253
f 612/782/246 613/783/331 614/784/246
f 584/746/264 614/784/332 583/744/264
f 614/784/246 584/746/264 612/782/246
f 613/783/253 616/786/239 615/785/239
f 616/786/239 613/783/253 611/781/333
f 619/789/334 618/788/335 617/787/334
f 618/788/335 619/789/334 620/790/335
f 619/789/264 621/791/264 620/790/264
f 621/791/264 619/789/264 622/792/264
f 623/793/269 619/789/336 617/787/336
f 619/789/336 623/793/269 622/792/269
f 624/794/239 617/787/239 618/788/239
f 617/787/239 624/794/239 623/793/239
f 627/797/239 626/796/239 625/795/239
f 626/796/239 627/797/239 628/798/239
f 631/801/239 630/800/239 629/799/239
f 630/800/239 631/801/239 632/802/239
f 635/805/269 634/804/337 633/803/269
f 634/804/337 635/805/269 636/806/337
f 638/808/239 635/805/239 637/807/239
f 635/805/239 638/808/239 636/806/239
f 639/809/338 636/806/339 638/808/338
f 636/806/339 639/809/338 634/804/339
f 633/803/264 639/809/264 640/810/264
f 639/809/264 633/803/264 634/804/264
f 643/813/307 642/812/307 641/811/307
f 642/812/307 643/813/307 644/814/307
f 647/817/246 646/816/246 645/815/246
f 646/816/246 647/817/246 648/818/246
f 651/821/314 650/820/314 649/819/314
f 650/820/314 651/821/314 652/822/314
f 655/825/323 654/824/323 653/823/323
f 654/824/323 655/825/323 656/826/323
f 539/685/297 658/828/192 657/827/192
f 658/828/192 539/685/297 571/728/340
f 570/726/264 539/685/341 541/689/264
f 539/685/297 570/726/264 571/728/297
f 551/702/295 660/830/151 659/829/151
f 660/830/151 551/702/295 510/651/342
f 551/702/295 540/687/264 510/651/295
f 540/687/264 551/702/343 569/724/264
f 663/835/269 662/833/269 661/831/269
f 662/833/269 663/835/269 664/836/269
f 666/839/269 665/838/269 663/835/269
f 665/838/269 666/839/269 667/840/269
f 670/843/269 669/842/269 668/841/269
f 669/842/269 670/843/269 671/844/269
f 671/844/269 670/843/269 672/845/269
f 672/845/269 670/843/269 673/846/269
f 673/846/269 670/843/269 674/847/269
f 674/847/269 670/843/269 675/848/269
f 675/848/269 670/843/269 676/849/269
f 676/849/269 670/843/269 677/850/269
f 677/850/269 670/843/269 678/851/269
f 678/851/269 670/843/269 679/852/269
f 679/852/269 670/843/269 680/853/269
f 680/853/269 670/843/269 681/854/269
f 681/854/269 670/843/269 682/855/269
f 685/858/269 684/857/269 683/856/269
f 684/857/269 685/858/269 686/859/269
f 686/859/269 685/858/269 687/860/269
f 687/860/269 685/858/269 688/861/269
f 688/861/269 685/858/269 689/862/269
f 689/862/269 685/858/269 690/863/269
f 690/863/269 685/858/269 691/864/269
f 691/864/269 685/858/269 692/865/269
f 692/865/269 685/858/269 693/866/269
f 693/866/269 685/858/269 694/867/269
f 694/867/269 685/858/269 695/868/269
f 695/868/269 685/858/269 696/869/269
f 696/869/269 685/858/269 697/870/269
f 700/873/269 699/872/269 698/871/269
f 699/872/269 700/873/269 701/874/269
f 704/877/269 703/876/269 702/875/269
f 703/876/269 704/877/269 705/878/269
f 707/880/192 667/840/192 706/879/192
f 667/840/192 707/880/192 665/838/192
f 665/838/192 707/880/192 708/881/192
f 665/838/192 708/881/192 709/882/192
f 665/838/192 709/882/192 700/873/192
f 709/882/192 708/881/192 710/883/192
f 711/884/192 700/873/192 709/882/192
f 709/882/192 710/883/192 712/885/192
f 700/873/192 711/884/192 701/874/192
f 712/885/192 710/883/192 713/886/192
f 701/874/192 711/884/192 713/886/192
f 713/886/192 710/883/192 701/874/192
f 701/874/192 710/883/192 714/887/192
f 685/858/151 715/888/151 697/870/151
f 715/888/151 685/858/151 716/891/151
f 717/893/151 663/835/151 716/891/151
f 663/835/151 717/893/151 666/839/151
f 698/871/151 664/836/151 663/835/151
f 664/836/151 698/871/151 699/872/151
f 703/876/151 718/894/151 702/875/151
f 718/894/151 703/876/151 719/895/151
f 719/895/151 703/876/151 720/896/151
f 720/896/151 703/876/151 721/897/151
f 720/896/151 721/897/151 722/898/151
f 723/899/151 722/898/151 721/897/151
f 723/899/151 724/900/151 722/898/151
f 725/901/151 724/900/151 723/899/151
f 724/900/151 725/901/151 719/895/151
f 718/894/151 719/895/151 725/901/151
f 726/902/151 718/894/151 725/901/151
f 726/902/151 727/903/151 718/894/151
f 727/903/151 726/902/151 728/904/151
f 703/876/344 729/905/345 721/897/345
f 729/905/345 703/876/344 705/878/344
f 664/836/345 701/874/344 714/887/345
f 701/874/344 664/836/345 699/872/344
f 704/877/192 729/905/192 705/878/192
f 729/905/192 704/877/192 730/907/192
f 732/910/192 731/908/192 730/907/192
f 731/908/192 732/910/192 733/911/192
f 668/841/192 734/912/192 731/908/192
f 734/912/192 668/841/192 669/842/192
f 690/863/295 736/916/346 735/915/295
f 736/916/347 690/863/295 691/864/347
f 692/865/348 738/918/349 737/917/348
f 738/918/349 692/865/348 693/866/349
f 693/866/349 739/919/350 738/918/349
f 739/919/350 693/866/349 694/867/350
f 695/868/351 741/921/352 740/920/351
f 741/921/352 695/868/351 696/869/352
f 687/860/296 742/922/353 686/859/353
f 742/922/353 687/860/296 743/923/296
f 688/861/354 743/923/296 687/860/296
f 743/923/296 688/861/354 744/924/354
f 690/863/295 745/925/355 689/862/355
f 745/925/355 690/863/295 735/915/295
f 689/862/355 744/924/354 688/861/354
f 744/924/354 689/862/355 745/925/355
f 686/859/353 746/926/356 684/857/356
f 746/926/356 686/859/353 742/922/353
f 694/867/350 740/920/351 739/919/350
f 740/920/351 694/867/350 695/868/351
f 684/857/356 747/927/357 683/856/357
f 747/927/357 684/857/356 746/926/356
f 691/864/347 737/917/348 736/916/347
f 737/917/348 691/864/358 692/865/348
f 676/849/359 749/929/297 748/928/359
f 749/929/297 676/849/360 677/850/297
f 751/931/361 670/843/362 750/930/362
f 670/843/362 751/931/361 682/855/361
f 672/845/363 753/933/364 752/932/363
f 753/933/364 672/845/363 673/846/364
f 755/935/365 680/853/298 754/934/298
f 680/853/298 755/935/365 679/852/365
f 756/936/366 679/852/365 755/935/365
f 679/852/365 756/936/366 678/851/366
f 757/937/367 682/855/361 751/931/361
f 682/855/361 757/937/367 681/854/367
f 671/844/368 752/932/363 758/938/368
f 752/932/363 671/844/368 672/845/363
f 675/848/369 748/928/370 759/939/369
f 748/928/359 675/848/369 676/849/359
f 754/934/298 681/854/367 757/937/367
f 681/854/367 754/934/298 680/853/298
f 749/929/297 678/851/371 756/936/371
f 678/851/366 749/929/297 677/850/297
f 673/846/364 760/940/372 753/933/364
f 760/940/372 673/846/364 674/847/372
f 674/847/372 759/939/369 760/940/372
f 759/939/369 674/847/372 675/848/369
f 725/901/269 710/883/269 708/881/269
f 710/883/269 725/901/269 723/899/269
f 713/886/264 722/898/264 712/885/264
f 722/898/264 713/886/264 720/896/264
f 719/895/269 713/886/269 711/884/269
f 713/886/269 719/895/269 720/896/269
f 722/898/261 709/882/261 712/885/261
f 709/882/261 722/898/261 724/900/261
f 714/887/345 715/888/264 664/836/345
f 710/883/264 715/888/264 714/887/345
f 715/888/264 710/883/264 697/870/264
f 671/844/368 697/870/264 710/883/264
f 671/844/368 710/883/264 723/899/264
f 671/844/368 696/869/352 697/870/264
f 758/938/368 696/869/352 671/844/368
f 696/869/352 758/938/368 741/921/352
f 671/844/368 723/899/264 669/842/264
f 721/897/345 669/842/264 723/899/264
f 669/842/264 721/897/345 734/912/264
f 734/912/264 721/897/345 729/905/345
f 761/941/239 663/835/239 661/831/239
f 663/835/239 761/941/239 716/891/239
f 700/873/239 663/835/239 665/838/239
f 663/835/239 700/873/239 698/871/239
f 685/858/239 707/880/239 716/891/239
f 707/880/239 685/858/239 708/881/239
f 683/856/239 708/881/239 685/858/239
f 683/856/239 725/901/239 708/881/239
f 683/856/239 668/841/239 725/901/239
f 683/856/239 670/843/239 668/841/239
f 747/927/239 670/843/239 683/856/239
f 670/843/239 747/927/239 750/930/239
f 731/908/239 725/901/239 668/841/239
f 725/901/239 731/908/239 726/902/239
f 763/947/239 731/908/239 762/944/239
f 731/908/239 763/947/239 730/907/239
f 704/877/239 718/894/239 730/907/239
f 718/894/239 704/877/239 702/875/239
f 746/926/261 750/930/261 747/927/261
f 750/930/261 746/926/261 742/922/261
f 750/930/261 742/922/261 743/923/261
f 750/930/261 743/923/261 744/924/261
f 750/930/261 744/924/261 745/925/261
f 750/930/261 745/925/261 735/915/261
f 750/930/261 735/915/261 736/916/261
f 750/930/261 736/916/261 737/917/261
f 750/930/261 737/917/261 738/918/261
f 750/930/261 738/918/261 739/919/261
f 750/930/261 739/919/261 740/920/261
f 750/930/261 740/920/261 741/921/261
f 750/930/261 741/921/261 758/938/261
f 750/930/261 758/938/261 752/932/261
f 750/930/261 752/932/261 753/933/261
f 750/930/261 753/933/261 760/940/261
f 750/930/261 760/940/261 759/939/261
f 750/930/261 759/939/261 748/928/261
f 750/930/261 748/928/261 749/929/261
f 750/930/261 749/929/261 756/936/261
f 750/930/261 756/936/261 755/935/261
f 750/930/261 755/935/261 754/934/261
f 750/930/261 754/934/261 757/937/261
f 750/930/261 757/937/261 751/931/261
f 719/895/239 709/882/239 724/900/239
f 709/882/239 719/895/239 711/884/239
f 667/840/239 717/893/239 706/879/239
f 717/893/239 667/840/239 666/839/239
f 707/880/261 717/893/261 716/891/261
f 717/893/261 707/880/261 706/879/261
f 732/910/239 728/904/239 733/911/239
f 728/904/239 732/910/239 727/903/239
f 726/902/261 733/911/261 728/904/261
f 733/911/261 726/902/261 731/908/261
f 732/910/269 718/894/269 727/903/269
f 718/894/269 732/910/269 730/907/269
f 730/907/269 764/949/269 729/905/269
f 764/949/269 730/907/269 763/947/269
f 767/955/320 766/953/310 765/951/320
f 766/953/310 767/955/320 768/956/310
f 770/959/306 765/951/320 769/957/306
f 765/951/320 770/959/306 767/955/320
f 772/962/321 769/957/306 771/960/321
f 769/957/306 772/962/321 770/959/306
f 775/966/328 774/965/327 773/963/327
f 774/965/327 775/966/328 776/968/328
f 768/956/310 775/966/328 766/953/310
f 775/966/328 768/956/310 776/968/328
f 772/962/239 767/955/239 770/959/239
f 767/955/239 772/962/239 768/956/239
f 768/956/239 772/962/239 777/969/239
f 768/956/239 777/969/239 776/968/239
f 776/968/239 777/969/239 778/970/239
f 776/968/239 778/970/239 774/965/239
f 773/963/327 778/970/325 779/971/325
f 778/970/325 773/963/327 774/965/327
f 777/969/324 771/960/321 780/973/324
f 771/960/321 777/969/324 772/962/321
f 779/971/325 777/969/324 780/973/324
f 777/969/324 779/971/325 778/970/326
f 662/834/373 761/942/151 661/832/151
f 761/942/151 662/834/373 781/975/373
f 781/975/374 664/837/375 715/889/375
f 664/837/375 781/975/374 662/834/374
f 715/890/261 761/943/261 781/976/261
f 761/943/261 715/890/261 716/892/261
f 782/977/261 731/909/261 734/913/261
f 731/909/261 782/977/261 762/945/261
f 766/954/264 769/958/264 765/952/264
f 769/958/264 766/954/264 771/961/264
f 771/961/264 766/954/264 775/967/264
f 771/961/264 775/967/264 780/974/264
f 780/974/264 775/967/264 773/964/264
f 780/974/264 773/964/264 779/972/264
f 782/978/376 763/948/192 762/946/192
f 763/948/192 782/978/376 764/950/376
f 729/906/377 782/978/378 734/914/377
f 782/978/378 729/906/377 764/950/378
f 785/981/1 784/980/2 783/979/3
f 784/980/2 785/981/1 786/982/4
f 789/985/5 788/984/6 787/983/7
f 788/984/6 789/985/5 790/986/9
f 793/989/10 792/988/11 791/987/12
f 792/988/11 793/989/10 794/990/13
f 397/465/14 796/992/108 795/991/16
f 796/992/15 397/465/14 797/993/17
f 800/996/18 799/995/19 798/994/20
f 799/995/19 800/996/18 801/997/21
f 803/999/22 800/996/23 802/998/24
f 800/996/23 803/999/22 804/1000/25
f 806/1002/26 785/981/1 805/1001/27
f 785/981/1 806/1002/26 786/982/4
f 807/1003/28 800/996/23 798/994/29
f 800/996/23 807/1003/28 802/998/30
f 810/1006/31 809/1005/32 808/1004/379
f 809/1005/32 810/1006/31 811/1007/35
f 786/982/36 812/1008/37 784/980/38
f 812/1008/37 786/982/36 813/1009/39
f 784/980/40 369/411/41 783/979/42
f 369/411/41 784/980/40 791/987/43
f 804/1000/44 801/997/21 800/996/45
f 801/997/21 804/1000/44 814/1010/46
f 817/1013/47 816/1012/48 815/1011/49
f 816/1012/48 817/1013/47 818/1014/50
f 821/1017/51 820/1016/52 819/1015/53
f 820/1016/52 821/1017/51 822/1018/54
f 824/1020/55 815/1011/56 823/1019/57
f 815/1011/49 824/1020/55 817/1013/47
f 825/1021/58 790/986/9 789/985/380
f 790/986/9 825/1021/58 826/1022/59
f 784/980/40 793/989/10 791/987/12
f 793/989/10 784/980/40 812/1008/60
f 797/993/17 827/1023/182 796/992/381
f 827/1023/61 797/993/72 828/1024/63
f 829/1025/64 789/985/5 787/983/65
f 789/985/5 829/1025/64 830/1026/66
f 832/1028/67 819/1015/68 831/1027/69
f 819/1015/68 832/1028/67 821/1017/51
f 369/411/41 792/988/11 370/414/70
f 792/988/11 369/411/41 791/987/43
f 833/1029/71 828/1024/63 797/993/72
f 828/1024/63 833/1029/71 834/1030/73
f 801/997/21 835/1031/74 799/995/19
f 835/1031/74 801/997/21 836/1032/75
f 838/1034/76 837/1033/77 836/1032/78
f 837/1033/77 838/1034/76 839/1035/79
f 814/1010/46 836/1032/75 801/997/80
f 836/1032/75 814/1010/46 838/1034/81
f 842/1038/82 841/1037/85 840/1036/84
f 841/1037/85 842/1038/82 843/1039/382
f 844/1040/90 841/1037/85 825/1021/153
f 841/1037/85 844/1040/90 840/1036/84
f 347/371/91 797/993/17 397/465/14
f 797/993/17 347/371/129 833/1029/71
f 837/1033/92 788/984/6 845/1041/93
f 788/984/6 837/1033/92 787/983/7
f 831/1027/171 847/1043/94 846/1042/95
f 847/1043/94 831/1027/171 819/1015/53
f 792/988/96 832/1028/67 370/414/97
f 832/1028/67 792/988/96 821/1017/51
f 806/1002/26 811/1007/99 848/1044/100
f 811/1007/99 806/1002/26 805/1001/27
f 833/1029/102 849/1045/103 834/1030/73
f 849/1045/103 833/1029/383 847/1043/105
f 795/991/106 817/1013/47 824/1020/55
f 817/1013/47 795/991/106 796/992/108
f 851/1047/109 848/1044/100 850/1046/110
f 848/1044/100 851/1047/109 806/1002/98
f 815/1011/56 807/1003/28 823/1019/57
f 807/1003/28 815/1011/56 802/998/111
f 794/990/112 821/1017/113 792/988/114
f 821/1017/113 794/990/112 822/1018/115
f 843/1039/116 852/1048/117 841/1037/85
f 852/1048/117 843/1039/116 810/1006/119
f 850/1046/120 843/1039/87 842/1038/86
f 843/1039/118 850/1046/120 848/1044/121
f 811/1007/99 853/1049/122 809/1005/123
f 853/1049/122 811/1007/99 805/1001/101
f 855/1051/124 370/414/70 854/1050/125
f 370/414/70 855/1051/124 369/411/126
f 841/1037/85 826/1022/128 825/1021/127
f 826/1022/128 841/1037/85 852/1048/117
f 846/1042/95 833/1029/102 347/371/129
f 833/1029/102 846/1042/95 847/1043/94
f 847/1043/105 820/1016/52 849/1045/131
f 820/1016/52 847/1043/94 819/1015/68
f 807/1003/132 857/1053/133 856/1052/134
f 857/1053/133 807/1003/132 798/994/135
f 826/1022/59 858/1054/137 790/986/138
f 858/1054/137 826/1022/59 859/1055/195
f 853/1049/122 785/981/1 860/1056/140
f 785/981/1 853/1049/122 805/1001/101
f 862/1058/141 831/1027/69 861/1057/142
f 831/1027/69 862/1058/141 832/1028/143
f 863/1059/165 397/465/384 795/991/164
f 397/465/384 863/1059/144 864/1060/146
f 799/995/19 866/1062/147 865/1061/148
f 866/1062/147 799/995/19 835/1031/149
f 816/1012/48 802/998/111 815/1011/49
f 802/998/24 816/1012/48 803/999/150
f 844/1040/151 842/1038/151 840/1036/151
f 842/1038/151 844/1040/151 830/1026/151
f 842/1038/151 830/1026/151 850/1046/151
f 850/1046/151 830/1026/151 829/1025/151
f 850/1046/151 829/1025/151 851/1047/151
f 851/1047/151 829/1025/151 867/1063/151
f 867/1063/151 829/1025/151 868/1064/151
f 869/1065/151 851/1047/151 867/1063/151
f 868/1064/151 829/1025/151 839/1035/151
f 868/1064/151 839/1035/151 870/1066/151
f 870/1066/151 839/1035/151 871/1067/151
f 851/1047/151 869/1065/151 813/1009/151
f 813/1009/151 869/1065/151 872/1068/151
f 813/1009/151 872/1068/151 873/1069/151
f 871/1067/151 839/1035/151 838/1034/151
f 871/1067/151 838/1034/151 874/1070/151
f 874/1070/151 838/1034/151 875/1071/151
f 875/1071/151 838/1034/151 814/1010/151
f 875/1071/151 814/1010/151 876/1072/151
f 813/1009/151 873/1069/151 812/1008/151
f 812/1008/151 873/1069/151 877/1073/151
f 812/1008/151 877/1073/151 878/1074/151
f 876/1072/151 814/1010/151 804/1000/151
f 876/1072/151 804/1000/151 879/1075/151
f 879/1075/151 804/1000/151 880/1076/151
f 812/1008/151 878/1074/151 793/989/151
f 793/989/151 878/1074/151 881/1077/151
f 793/989/151 881/1077/151 882/1078/151
f 793/989/151 882/1078/151 794/990/151
f 794/990/151 882/1078/151 883/1079/151
f 880/1076/151 804/1000/151 803/999/151
f 880/1076/151 803/999/151 884/1080/151
f 884/1080/151 803/999/151 885/1081/151
f 794/990/151 883/1079/151 822/1018/151
f 822/1018/151 883/1079/151 886/1082/151
f 822/1018/151 886/1082/151 887/1083/151
f 885/1081/151 803/999/151 816/1012/151
f 822/1018/151 887/1083/151 820/1016/151
f 885/1081/151 816/1012/151 888/1084/151
f 820/1016/151 887/1083/151 889/1085/151
f 888/1084/151 816/1012/151 890/1086/151
f 820/1016/151 889/1085/151 890/1086/151
f 820/1016/151 890/1086/151 816/1012/151
f 820/1016/151 816/1012/151 818/1014/151
f 820/1016/151 818/1014/151 849/1045/151
f 849/1045/151 818/1014/151 827/1023/151
f 849/1045/151 827/1023/151 834/1030/151
f 834/1030/151 827/1023/151 828/1024/151
f 830/1026/152 825/1021/58 789/985/154
f 825/1021/89 830/1026/152 844/1040/88
f 845/1041/93 892/1088/156 891/1087/157
f 892/1088/156 845/1041/93 788/984/8
f 894/1090/158 347/371/129 893/1089/193
f 347/371/129 894/1090/158 846/1042/161
f 895/1091/162 795/991/145 824/1020/163
f 795/991/106 895/1091/162 863/1059/144
f 790/986/9 892/1088/156 788/984/8
f 892/1088/156 790/986/9 858/1054/166
f 860/1056/167 783/979/3 896/1092/168
f 783/979/3 860/1056/167 785/981/169
f 861/1057/142 846/1042/95 894/1090/170
f 846/1042/95 861/1057/142 831/1027/69
f 851/1047/109 786/982/4 806/1002/98
f 786/982/4 851/1047/109 813/1009/172
f 839/1035/173 787/983/7 837/1033/174
f 787/983/7 839/1035/173 829/1025/64
f 810/1006/119 897/1093/175 852/1048/176
f 897/1093/175 810/1006/119 808/1004/33
f 835/1031/177 891/1087/178 866/1062/179
f 891/1087/178 835/1031/177 845/1041/155
f 796/992/62 818/1014/180 817/1013/181
f 818/1014/180 796/992/108 827/1023/61
f 898/1094/183 824/1020/55 823/1019/184
f 824/1020/55 898/1094/183 895/1091/185
f 854/1050/186 832/1028/187 862/1058/188
f 832/1028/187 854/1050/186 370/414/189
f 798/994/20 865/1061/148 857/1053/190
f 865/1061/148 798/994/20 799/995/191
f 848/1044/100 810/1006/31 843/1039/118
f 810/1006/31 848/1044/100 811/1007/385
f 808/1004/192 859/1055/192 897/1093/192
f 859/1055/192 808/1004/192 809/1005/192
f 859/1055/192 809/1005/192 858/1054/192
f 858/1054/192 809/1005/192 853/1049/192
f 858/1054/192 853/1049/192 892/1088/192
f 892/1088/192 853/1049/192 860/1056/192
f 892/1088/192 860/1056/192 891/1087/192
f 891/1087/192 860/1056/192 896/1092/192
f 891/1087/192 896/1092/192 866/1062/192
f 866/1062/192 896/1092/192 855/1051/192
f 866/1062/192 855/1051/192 865/1061/192
f 865/1061/192 855/1051/192 854/1050/192
f 865/1061/192 854/1050/192 857/1053/192
f 857/1053/192 854/1050/192 862/1058/192
f 857/1053/192 862/1058/192 856/1052/192
f 856/1052/192 862/1058/192 861/1057/192
f 856/1052/192 861/1057/192 898/1094/192
f 898/1094/192 861/1057/192 894/1090/192
f 898/1094/192 894/1090/192 895/1091/192
f 895/1091/192 894/1090/192 893/1089/192
f 895/1091/192 893/1089/192 863/1059/192
f 863/1059/192 893/1089/192 864/1060/192
f 893/1089/193 397/465/384 864/1060/146
f 397/465/384 893/1089/160 347/371/194
f 852/1048/117 859/1055/139 826/1022/136
f 859/1055/139 852/1048/117 897/1093/175
f 836/1032/197 845/1041/93 835/1031/177
f 845/1041/93 836/1032/197 837/1033/92
f 896/1092/198 369/411/41 855/1051/124
f 369/411/41 896/1092/198 783/979/199
f 823/1019/57 856/1052/200 898/1094/183
f 856/1052/200 823/1019/57 807/1003/201
f 901/1097/202 900/1096/203 899/1095/202
f 900/1096/203 901/1097/202 902/1098/203
f 905/1101/204 904/1100/205 903/1099/205
f 904/1100/205 905/1101/204 906/1102/204
f 909/1105/206 908/1104/207 907/1103/206
f 908/1104/207 909/1105/206 910/1106/207
f 913/1109/208 912/1108/209 911/1107/208
f 912/1108/209 913/1109/208 914/1110/209
f 916/1112/210 904/1100/205 915/1111/210
f 904/1100/205 916/1112/210 903/1099/205
f 919/1115/211 918/1114/212 917/1113/211
f 918/1114/212 919/1115/211 920/1116/212
f 923/1119/213 922/1118/214 921/1117/214
f 922/1118/214 923/1119/213 924/1120/213
f 925/1121/215 909/1105/206 907/1103/206
f 909/1105/206 925/1121/215 926/1122/215
f 928/1124/216 915/1111/210 927/1123/216
f 915/1111/210 928/1124/216 916/1112/210
f 914/1110/217 929/1125/218 912/1108/217
f 929/1125/218 914/1110/217 930/1126/218
f 918/1114/212 932/1128/219 931/1127/219
f 932/1128/219 918/1114/212 920/1116/212
f 935/1131/220 934/1130/221 933/1129/220
f 934/1130/221 935/1131/220 936/1132/221
f 899/1095/202 927/1123/222 901/1097/202
f 927/1123/222 899/1095/202 928/1124/222
f 930/1126/218 937/1133/223 929/1125/218
f 937/1133/223 930/1126/218 938/1134/223
f 941/1137/224 940/1136/225 939/1135/224
f 940/1136/225 941/1137/224 942/1138/225
f 921/1117/226 940/1136/225 942/1138/225
f 940/1136/225 921/1117/226 922/1118/226
f 938/1134/227 933/1129/220 937/1133/227
f 933/1129/220 938/1134/227 935/1131/220
f 916/1112/151 905/1101/151 903/1099/151
f 905/1101/151 916/1112/151 928/1124/151
f 905/1101/151 928/1124/151 931/1127/151
f 931/1127/151 928/1124/151 899/1095/151
f 931/1127/151 899/1095/151 918/1114/151
f 918/1114/151 899/1095/151 900/1096/151
f 918/1114/151 900/1096/151 917/1113/151
f 917/1113/151 900/1096/151 925/1121/151
f 917/1113/151 925/1121/151 943/1139/151
f 943/1139/151 925/1121/151 907/1103/151
f 943/1139/151 907/1103/151 934/1130/151
f 934/1130/151 907/1103/151 908/1104/151
f 934/1130/151 908/1104/151 933/1129/151
f 933/1129/151 908/1104/151 939/1135/151
f 933/1129/151 939/1135/151 937/1133/151
f 937/1133/151 939/1135/151 940/1136/151
f 937/1133/151 940/1136/151 929/1125/151
f 929/1125/151 940/1136/151 922/1118/151
f 929/1125/151 922/1118/151 912/1108/151
f 912/1108/151 922/1118/151 924/1120/151
f 912/1108/151 924/1120/151 911/1107/151
f 911/1107/151 924/1120/151 944/1140/151
f 945/1141/228 911/1107/208 944/1140/228
f 911/1107/208 945/1141/228 913/1109/208
f 946/1142/229 917/1113/230 943/1139/229
f 917/1113/230 946/1142/229 919/1115/230
f 945/1141/228 924/1120/213 923/1119/213
f 924/1120/213 945/1141/228 944/1140/228
f 902/1098/231 925/1121/215 900/1096/231
f 925/1121/215 902/1098/231 926/1122/215
f 936/1132/221 943/1139/229 934/1130/221
f 943/1139/229 936/1132/221 946/1142/229
f 910/1106/207 939/1135/232 908/1104/207
f 939/1135/232 910/1106/207 941/1137/232
f 931/1127/233 906/1102/204 905/1101/204
f 906/1102/204 931/1127/233 932/1128/233
f 949/1145/151 948/1144/151 947/1143/151
f 948/1144/151 949/1145/151 950/1146/151
f 948/1144/151 950/1146/151 951/1147/151
f 951/1147/151 950/1146/151 952/1148/151
f 952/1148/151 950/1146/151 953/1149/151
f 952/1148/151 953/1149/151 954/1150/151
f 953/1149/151 955/1151/151 954/1150/151
f 952/1148/151 954/1150/151 956/1152/151
f 955/1151/151 953/1149/151 957/1153/151
f 955/1151/151 957/1153/151 958/1154/151
f 958/1154/151 957/1153/151 959/1155/151
f 952/1148/151 956/1152/151 960/1156/151
f 960/1156/151 956/1152/151 961/1157/151
f 960/1156/151 961/1157/151 962/1158/151
f 959/1155/151 957/1153/151 963/1159/151
f 959/1155/151 963/1159/151 964/1160/151
f 964/1160/151 963/1159/151 965/1161/151
f 965/1161/151 963/1159/151 966/1162/151
f 965/1161/151 966/1162/151 967/1163/151
f 960/1156/151 962/1158/151 968/1164/151
f 968/1164/151 962/1158/151 969/1165/151
f 968/1164/151 969/1165/151 970/1166/151
f 967/1163/151 966/1162/151 971/1167/151
f 967/1163/151 971/1167/151 972/1168/151
f 972/1168/151 971/1167/151 973/1169/151
f 968/1164/151 970/1166/151 974/1170/151
f 974/1170/151 970/1166/151 975/1171/151
f 974/1170/151 975/1171/151 976/1172/151
f 974/1170/151 976/1172/151 977/1173/151
f 977/1173/151 976/1172/151 978/1174/151
f 973/1169/151 971/1167/151 979/1175/151
f 973/1169/151 979/1175/151 980/1176/151
f 980/1176/151 979/1175/151 981/1177/151
f 977/1173/151 978/1174/151 982/1178/151
f 982/1178/151 978/1174/151 983/1179/151
f 982/1178/151 983/1179/151 984/1180/151
f 981/1177/151 979/1175/151 985/1181/151
f 982/1178/151 984/1180/151 986/1182/151
f 981/1177/151 985/1181/151 987/1183/151
f 986/1182/151 984/1180/151 988/1184/151
f 987/1183/151 985/1181/151 989/1185/151
f 986/1182/151 988/1184/151 989/1185/151
f 986/1182/151 989/1185/151 985/1181/151
f 986/1182/151 985/1181/151 990/1186/151
f 986/1182/151 990/1186/151 991/1187/151
f 991/1187/151 990/1186/151 992/1188/151
f 991/1187/151 992/1188/151 993/1189/151
f 993/1189/151 992/1188/151 994/1190/151
f 996/1192/51 995/1191/97 459/581/96
f 995/1191/97 996/1192/51 997/1193/67
f 1000/1196/55 999/1195/56 998/1194/57
f 999/1195/49 1000/1196/55 1001/1197/47
f 1004/1200/124 1003/1199/42 1002/1198/126
f 1003/1199/42 1004/1200/124 1005/1201/198
f 1008/1204/85 1007/1203/128 1006/1202/127
f 1007/1203/128 1008/1204/85 1009/1205/117
f 1012/1208/74 1011/1207/21 1010/1206/75
f 1011/1207/21 1012/1208/74 1013/1209/19
f 1015/1211/178 1012/1208/177 1014/1210/155
f 1012/1208/177 1015/1211/178 1016/1212/179
f 1018/1214/69 996/1192/51 1017/1213/68
f 996/1192/51 1018/1214/69 997/1193/67
f 1019/1215/92 1012/1208/177 1010/1206/197
f 1012/1208/177 1019/1215/92 1014/1210/93
f 464/594/102 1021/1217/103 1020/1216/73
f 1021/1217/103 464/594/383 1022/1218/105
f 997/1193/187 1023/1219/186 995/1191/189
f 1023/1219/186 997/1193/187 1024/1220/188
f 995/1191/70 458/578/43 459/581/11
f 458/578/43 995/1191/70 1002/1198/41
f 1016/1212/147 1013/1209/19 1012/1208/149
f 1013/1209/19 1016/1212/147 1025/1221/148
f 1028/1224/9 1027/1223/156 1026/1222/8
f 1027/1223/156 1028/1224/9 1029/1225/166
f 1032/1228/1 1031/1227/122 1030/1226/101
f 1031/1227/122 1032/1228/1 1033/1229/140
f 1035/1231/5 1026/1222/6 1034/1230/7
f 1026/1222/6 1035/1231/5 1028/1224/9
f 1036/1232/106 1001/1197/47 1000/1196/55
f 1001/1197/47 1036/1232/106 1037/1233/108
f 995/1191/70 1004/1200/124 1002/1198/126
f 1004/1200/124 995/1191/70 1023/1219/125
f 1009/1205/117 1038/1234/139 1007/1203/136
f 1038/1234/139 1009/1205/117 1039/1235/175
f 1040/1236/183 1000/1196/55 998/1194/184
f 1000/1196/55 1040/1236/183 1041/1237/185
f 1043/1239/4 1030/1226/27 1042/1238/26
f 1030/1226/27 1043/1239/4 1032/1228/1
f 458/578/43 1003/1199/42 1044/1240/40
f 1003/1199/42 458/578/43 1002/1198/41
f 1045/1241/119 1039/1235/175 1009/1205/176
f 1039/1235/175 1045/1241/119 1046/1242/33
f 1013/1209/19 1047/1243/18 1011/1207/21
f 1047/1243/18 1013/1209/19 1048/1244/20
f 1050/1246/133 1049/1245/132 1048/1244/135
f 1049/1245/132 1050/1246/133 1051/1247/134
f 1025/1221/148 1048/1244/20 1013/1209/191
f 1048/1244/20 1025/1221/148 1050/1246/190
f 1054/1250/193 1053/1249/384 1052/1248/146
f 1053/1249/14 1054/1250/160 1055/1251/159
f 1056/1252/165 1053/1249/384 1036/1232/164
f 1053/1249/384 1056/1252/144 1052/1248/146
f 1057/1253/116 1009/1205/117 1008/1204/85
f 1009/1205/117 1057/1253/116 1045/1241/119
f 1049/1245/28 999/1195/56 1058/1254/111
f 999/1195/56 1049/1245/28 998/1194/57
f 1042/1238/26 1060/1256/99 1059/1255/100
f 1060/1256/99 1042/1238/26 1030/1226/27
f 1003/1199/3 1043/1239/4 1044/1240/2
f 1043/1239/4 1003/1199/3 1032/1228/1
f 1018/1214/171 1022/1218/94 1061/1257/95
f 1022/1218/94 1018/1214/171 1017/1213/53
f 1045/1241/31 1062/1258/32 1046/1242/379
f 1062/1258/32 1045/1241/31 1060/1256/35
f 1006/1202/58 1028/1224/9 1035/1231/380
f 1028/1224/9 1006/1202/58 1007/1203/59
f 1064/1260/142 1061/1257/95 1063/1259/170
f 1061/1257/95 1064/1260/142 1018/1214/69
f 1026/1222/6 1019/1215/92 1034/1230/7
f 1019/1215/92 1026/1222/6 1014/1210/93
f 1005/1201/168 1032/1228/386 1003/1199/387
f 1032/1228/386 1005/1201/168 1033/1229/167
f 1055/1251/91 463/591/17 1053/1249/14
f 463/591/17 1055/1251/129 464/594/71
f 1063/1259/158 1055/1251/129 1054/1250/193
f 1055/1251/129 1063/1259/158 1061/1257/161
f 1022/1218/94 1065/1261/52 1021/1217/131
f 1065/1261/52 1022/1218/94 1017/1213/68
f 1067/1263/10 1044/1240/40 1066/1262/60
f 1044/1240/40 1067/1263/10 458/578/12
f 1053/1249/14 1037/1233/108 1036/1232/16
f 1037/1233/15 1053/1249/14 463/591/17
f 1059/1255/100 1045/1241/31 1057/1253/118
f 1045/1241/31 1059/1255/100 1060/1256/385
f 1060/1256/99 1031/1227/122 1062/1258/123
f 1031/1227/122 1060/1256/99 1030/1226/101
f 1019/1215/77 1069/1265/76 1068/1264/79
f 1069/1265/76 1019/1215/77 1010/1206/78
f 1037/1233/62 1070/1266/180 1001/1197/181
f 1070/1266/180 1037/1233/108 1071/1267/61
f 1065/1261/52 996/1192/51 1072/1268/54
f 996/1192/51 1065/1261/52 1017/1213/53
f 1074/1270/172 1042/1238/26 1073/1269/109
f 1042/1238/26 1074/1270/172 1043/1239/388
f 1075/1271/90 1008/1204/85 1006/1202/153
f 1008/1204/85 1075/1271/90 1076/1272/84
f 1011/1207/21 1078/1274/44 1077/1273/46
f 1078/1274/44 1011/1207/21 1047/1243/45
f 1027/1223/156 1014/1210/93 1026/1222/8
f 1014/1210/93 1027/1223/156 1015/1211/157
f 1056/1252/192 1054/1250/192 1052/1248/192
f 1054/1250/192 1056/1252/192 1041/1237/192
f 1054/1250/192 1041/1237/192 1063/1259/192
f 1063/1259/192 1041/1237/192 1040/1236/192
f 1063/1259/192 1040/1236/192 1064/1260/192
f 1064/1260/192 1040/1236/192 1079/1275/192
f 1079/1275/192 1040/1236/192 1080/1276/192
f 1081/1277/192 1064/1260/192 1079/1275/192
f 1080/1276/192 1040/1236/192 1051/1247/192
f 1080/1276/192 1051/1247/192 1082/1278/192
f 1082/1278/192 1051/1247/192 1083/1279/192
f 1064/1260/192 1081/1277/192 1024/1220/192
f 1024/1220/192 1081/1277/192 1084/1280/192
f 1024/1220/192 1084/1280/192 1085/1281/192
f 1083/1279/192 1051/1247/192 1050/1246/192
f 1083/1279/192 1050/1246/192 1086/1282/192
f 1086/1282/192 1050/1246/192 1087/1283/192
f 1087/1283/192 1050/1246/192 1025/1221/192
f 1087/1283/192 1025/1221/192 1088/1284/192
f 1024/1220/192 1085/1281/192 1023/1219/192
f 1023/1219/192 1085/1281/192 1089/1285/192
f 1023/1219/192 1089/1285/192 1090/1286/192
f 1088/1284/192 1025/1221/192 1016/1212/192
f 1088/1284/192 1016/1212/192 1091/1287/192
f 1091/1287/192 1016/1212/192 1092/1288/192
f 1023/1219/192 1090/1286/192 1004/1200/192
f 1004/1200/192 1090/1286/192 1093/1289/192
f 1004/1200/192 1093/1289/192 1094/1290/192
f 1004/1200/192 1094/1290/192 1005/1201/192
f 1005/1201/192 1094/1290/192 1095/1291/192
f 1092/1288/192 1016/1212/192 1015/1211/192
f 1092/1288/192 1015/1211/192 1096/1292/192
f 1096/1292/192 1015/1211/192 1097/1293/192
f 1005/1201/192 1095/1291/192 1033/1229/192
f 1033/1229/192 1095/1291/192 1098/1294/192
f 1033/1229/192 1098/1294/192 1099/1295/192
f 1097/1293/192 1015/1211/192 1027/1223/192
f 1033/1229/192 1099/1295/192 1031/1227/192
f 1097/1293/192 1027/1223/192 1100/1296/192
f 1031/1227/192 1099/1295/192 1101/1297/192
f 1100/1296/192 1027/1223/192 1102/1298/192
f 1031/1227/192 1101/1297/192 1102/1298/192
f 1031/1227/192 1102/1298/192 1027/1223/192
f 1031/1227/192 1027/1223/192 1029/1225/192
f 1031/1227/192 1029/1225/192 1062/1258/192
f 1062/1258/192 1029/1225/192 1038/1234/192
f 1062/1258/192 1038/1234/192 1046/1242/192
f 1046/1242/192 1038/1234/192 1039/1235/192
f 1041/1237/162 1036/1232/145 1000/1196/163
f 1036/1232/106 1041/1237/162 1056/1252/144
f 1058/1254/24 1104/1300/48 1103/1299/150
f 1104/1300/48 1058/1254/111 999/1195/49
f 1106/1302/120 1057/1253/87 1105/1301/86
f 1057/1253/118 1106/1302/120 1059/1255/121
f 1107/1303/152 1006/1202/58 1035/1231/154
f 1006/1202/89 1107/1303/152 1075/1271/88
f 1001/1197/47 1104/1300/48 999/1195/49
f 1104/1300/48 1001/1197/47 1070/1266/50
f 1072/1268/115 459/581/96 1108/1304/112
f 459/581/96 1072/1268/115 996/1192/389
f 1073/1269/109 1059/1255/100 1106/1302/110
f 1059/1255/100 1073/1269/109 1042/1238/98
f 1064/1260/142 997/1193/67 1018/1214/171
f 997/1193/67 1064/1260/142 1024/1220/141
f 1051/1247/200 998/1194/57 1049/1245/201
f 998/1194/57 1051/1247/200 1040/1236/183
f 464/594/71 1109/1305/63 463/591/72
f 1109/1305/63 464/594/71 1020/1216/73
f 1047/1243/23 1103/1299/22 1078/1274/25
f 1103/1299/22 1047/1243/23 1058/1254/24
f 1007/1203/59 1029/1225/137 1028/1224/138
f 1029/1225/137 1007/1203/59 1038/1234/195
f 1110/1306/64 1035/1231/5 1034/1230/65
f 1035/1231/5 1110/1306/64 1107/1303/66
f 1066/1262/37 1043/1239/36 1074/1270/39
f 1043/1239/36 1066/1262/37 1044/1240/38
f 1010/1206/75 1077/1273/46 1069/1265/81
f 1077/1273/46 1010/1206/75 1011/1207/80
f 1061/1257/95 464/594/102 1055/1251/129
f 464/594/102 1061/1257/95 1022/1218/94
f 1020/1216/151 1071/1267/151 1109/1305/151
f 1071/1267/151 1020/1216/151 1021/1217/151
f 1071/1267/151 1021/1217/151 1070/1266/151
f 1070/1266/151 1021/1217/151 1065/1261/151
f 1070/1266/151 1065/1261/151 1104/1300/151
f 1104/1300/151 1065/1261/151 1072/1268/151
f 1104/1300/151 1072/1268/151 1103/1299/151
f 1103/1299/151 1072/1268/151 1108/1304/151
f 1103/1299/151 1108/1304/151 1078/1274/151
f 1078/1274/151 1108/1304/151 1067/1263/151
f 1078/1274/151 1067/1263/151 1077/1273/151
f 1077/1273/151 1067/1263/151 1066/1262/151
f 1077/1273/151 1066/1262/151 1069/1265/151
f 1069/1265/151 1066/1262/151 1074/1270/151
f 1069/1265/151 1074/1270/151 1068/1264/151
f 1068/1264/151 1074/1270/151 1073/1269/151
f 1068/1264/151 1073/1269/151 1110/1306/151
f 1110/1306/151 1073/1269/151 1106/1302/151
f 1110/1306/151 1106/1302/151 1107/1303/151
f 1107/1303/151 1106/1302/151 1105/1301/151
f 1107/1303/151 1105/1301/151 1075/1271/151
f 1075/1271/151 1105/1301/151 1076/1272/151
f 1105/1301/82 1008/1204/85 1076/1272/84
f 1008/1204/85 1105/1301/82 1057/1253/382
f 463/591/17 1071/1267/182 1037/1233/381
f 1071/1267/61 463/591/72 1109/1305/63
f 1048/1244/29 1058/1254/111 1047/1243/23
f 1058/1254/111 1048/1244/29 1049/1245/132
f 1108/1304/13 458/578/43 1067/1263/10
f 458/578/43 1108/1304/13 459/581/390
f 1034/1230/7 1068/1264/173 1110/1306/64
f 1068/1264/173 1034/1230/7 1019/1215/174
f 1113/1309/391 1112/1308/392 1111/1307/391
f 1112/1308/392 1113/1309/391 1114/1310/392
f 1117/1313/393 1116/1312/394 1115/1311/394
f 1116/1312/394 1117/1313/393 1118/1314/393
f 1121/1317/395 1120/1316/396 1119/1315/395
f 1120/1316/396 1121/1317/395 1122/1318/396
f 1125/1321/397 1124/1320/398 1123/1319/397
f 1124/1320/398 1125/1321/397 1126/1322/398
f 1128/1324/399 1116/1312/394 1127/1323/399
f 1116/1312/394 1128/1324/399 1115/1311/394
f 1131/1327/400 1130/1326/401 1129/1325/400
f 1130/1326/401 1131/1327/400 1132/1328/401
f 1135/1331/402 1134/1330/403 1133/1329/403
f 1134/1330/403 1135/1331/402 1136/1332/402
f 1137/1333/404 1121/1317/395 1119/1315/395
f 1121/1317/395 1137/1333/404 1138/1334/404
f 1140/1336/405 1127/1323/399 1139/1335/405
f 1127/1323/399 1140/1336/405 1128/1324/399
f 1126/1322/406 1141/1337/407 1124/1320/406
f 1141/1337/407 1126/1322/406 1142/1338/407
f 1130/1326/401 1144/1340/408 1143/1339/408
f 1144/1340/408 1130/1326/401 1132/1328/401
f 1147/1343/409 1146/1342/410 1145/1341/409
f 1146/1342/410 1147/1343/409 1148/1344/410
f 1111/1307/391 1139/1335/411 1113/1309/391
f 1139/1335/411 1111/1307/391 1140/1336/411
f 1142/1338/407 1149/1345/412 1141/1337/407
f 1149/1345/412 1142/1338/407 1150/1346/412
f 1153/1349/413 1152/1348/414 1151/1347/413
f 1152/1348/414 1153/1349/413 1154/1350/414
f 1133/1329/415 1152/1348/414 1154/1350/414
f 1152/1348/414 1133/1329/415 1134/1330/415
f 1150/1346/416 1145/1341/409 1149/1345/416
f 1145/1341/409 1150/1346/416 1147/1343/409
f 1128/1324/192 1117/1313/192 1115/1311/192
f 1117/1313/192 1128/1324/192 1140/1336/192
f 1117/1313/192 1140/1336/192 1143/1339/192
f 1143/1339/192 1140/1336/192 1111/1307/192
f 1143/1339/192 1111/1307/192 1130/1326/192
f 1130/1326/192 1111/1307/192 1112/1308/192
f 1130/1326/192 1112/1308/192 1129/1325/192
f 1129/1325/192 1112/1308/192 1137/1333/192
f 1129/1325/192 1137/1333/192 1155/1351/192
f 1155/1351/192 1137/1333/192 1119/1315/192
f 1155/1351/192 1119/1315/192 1146/1342/192
f 1146/1342/192 1119/1315/192 1120/1316/192
f 1146/1342/192 1120/1316/192 1145/1341/192
f 1145/1341/192 1120/1316/192 1151/1347/192
f 1145/1341/192 1151/1347/192 1149/1345/192
f 1149/1345/192 1151/1347/192 1152/1348/192
f 1149/1345/192 1152/1348/192 1141/1337/192
f 1141/1337/192 1152/1348/192 1134/1330/192
f 1141/1337/192 1134/1330/192 1124/1320/192
f 1124/1320/192 1134/1330/192 1136/1332/192
f 1124/1320/192 1136/1332/192 1123/1319/192
f 1123/1319/192 1136/1332/192 1156/1352/192
f 1157/1353/417 1123/1319/397 1156/1352/417
f 1123/1319/397 1157/1353/417 1125/1321/397
f 1158/1354/418 1129/1325/419 1155/1351/418
f 1129/1325/419 1158/1354/418 1131/1327/419
f 1157/1353/417 1136/1332/402 1135/1331/402
f 1136/1332/402 1157/1353/417 1156/1352/417
f 1114/1310/420 1137/1333/404 1112/1308/420
f 1137/1333/404 1114/1310/420 1138/1334/404
f 1148/1344/410 1155/1351/418 1146/1342/410
f 1155/1351/418 1148/1344/410 1158/1354/418
f 1122/1318/396 1151/1347/421 1120/1316/396
f 1151/1347/421 1122/1318/396 1153/1349/421
f 1143/1339/422 1118/1314/393 1117/1313/393
f 1118/1314/393 1143/1339/422 1144/1340/422
f 1161/1357/192 1160/1356/192 1159/1355/192
f 1160/1356/192 1161/1357/192 1162/1358/192
f 1160/1356/192 1162/1358/192 1163/1359/192
f 1163/1359/192 1162/1358/192 1164/1360/192
f 1164/1360/192 1162/1358/192 1165/1361/192
f 1164/1360/192 1165/1361/192 1166/1362/192
f 1165/1361/192 1167/1363/192 1166/1362/192
f 1164/1360/192 1166/1362/192 1168/1364/192
f 1167/1363/192 1165/1361/192 1169/1365/192
f 1167/1363/192 1169/1365/192 1170/1366/192
f 1170/1366/192 1169/1365/192 1171/1367/192
f 1164/1360/192 1168/1364/192 1172/1368/192
f 1172/1368/192 1168/1364/192 1173/1369/192
f 1172/1368/192 1173/1369/192 1174/1370/192
f 1171/1367/192 1169/1365/192 1175/1371/192
f 1171/1367/192 1175/1371/192 1176/1372/192
f 1176/1372/192 1175/1371/192 1177/1373/192
f 1177/1373/192 1175/1371/192 1178/1374/192
f 1177/1373/192 1178/1374/192 1179/1375/192
f 1172/1368/192 1174/1370/192 1180/1376/192
f 1180/1376/192 1174/1370/192 1181/1377/192
f 1180/1376/192 1181/1377/192 1182/1378/192
f 1179/1375/192 1178/1374/192 1183/1379/192
f 1179/1375/192 1183/1379/192 1184/1380/192
f 1184/1380/192 1183/1379/192 1185/1381/192
f 1180/1376/192 1182/1378/192 1186/1382/192
f 1186/1382/192 1182/1378/192 1187/1383/192
f 1186/1382/192 1187/1383/192 1188/1384/192
f 1186/1382/192 1188/1384/192 1189/1385/192
f 1189/1385/192 1188/1384/192 1190/1386/192
f 1185/1381/192 1183/1379/192 1191/1387/192
f 1185/1381/192 1191/1387/192 1192/1388/192
f 1192/1388/192 1191/1387/192 1193/1389/192
f 1189/1385/192 1190/1386/192 1194/1390/192
f 1194/1390/192 1190/1386/192 1195/1391/192
f 1194/1390/192 1195/1391/192 1196/1392/192
f 1193/1389/192 1191/1387/192 1197/1393/192
f 1194/1390/192 1196/1392/192 1198/1394/192
f 1193/1389/192 1197/1393/192 1199/1395/192
f 1198/1394/192 1196/1392/192 1200/1396/192
f 1199/1395/192 1197/1393/192 1201/1397/192
f 1198/1394/192 1200/1396/192 1201/1397/192
f 1198/1394/192 1201/1397/192 1197/1393/192
f 1198/1394/192 1197/1393/192 1202/1398/192
f 1198/1394/192 1202/1398/192 1203/1399/192
f 1203/1399/192 1202/1398/192 1204/1400/192
f 1203/1399/192 1204/1400/192 1205/1401/192
f 1205/1401/192 1204/1400/192 1206/1402/192
f 1209/1405/51 1208/1404/97 1207/1403/96
f 1208/1404/97 1209/1405/51 1210/1406/67
f 1213/1409/55 1212/1408/56 1211/1407/57
f 1212/1408/56 1213/1409/55 1214/1410/47
f 1217/1413/124 1216/1412/42 1215/1411/126
f 1216/1412/42 1217/1413/124 1218/1414/198
f 1221/1417/85 1220/1416/59 1219/1415/127
f 1220/1416/128 1221/1417/85 1222/1418/117
f 1225/1421/74 1224/1420/21 1223/1419/75
f 1224/1420/21 1225/1421/74 1226/1422/19
f 1228/1424/178 1225/1421/177 1227/1423/155
f 1225/1421/177 1228/1424/178 1229/1425/179
f 1231/1427/69 1209/1405/51 1230/1426/68
f 1209/1405/51 1231/1427/69 1210/1406/67
f 1232/1428/92 1225/1421/177 1223/1419/197
f 1225/1421/177 1232/1428/92 1227/1423/93
f 1235/1431/102 1234/1430/103 1233/1429/104
f 1234/1430/103 1235/1431/102 1236/1432/105
f 1210/1406/187 1237/1433/186 1208/1404/189
f 1237/1433/186 1210/1406/187 1238/1434/188
f 1208/1404/70 1239/1435/43 1207/1403/11
f 1239/1435/43 1208/1404/70 1215/1411/41
f 1229/1425/147 1226/1422/19 1225/1421/149
f 1226/1422/19 1229/1425/147 1240/1436/148
f 1243/1439/9 1242/1438/156 1241/1437/8
f 1242/1438/156 1243/1439/9 1244/1440/166
f 1247/1443/1 1246/1442/122 1245/1441/101
f 1246/1442/122 1247/1443/1 1248/1444/140
f 1250/1446/5 1241/1437/6 1249/1445/7
f 1241/1437/8 1250/1446/5 1243/1439/9
f 1251/1447/106 1214/1410/47 1213/1409/107
f 1214/1410/47 1251/1447/106 1252/1448/108
f 1208/1404/70 1217/1413/124 1215/1411/126
f 1217/1413/124 1208/1404/70 1237/1433/125
f 1222/1418/117 1253/1449/195 1220/1416/196
f 1253/1449/139 1222/1418/176 1254/1450/175
f 1255/1451/183 1213/1409/55 1211/1407/184
f 1213/1409/55 1255/1451/183 1256/1452/185
f 1258/1454/4 1245/1441/27 1257/1453/26
f 1245/1441/27 1258/1454/4 1247/1443/1
f 1239/1435/43 1216/1412/42 1259/1455/40
f 1216/1412/42 1239/1435/43 1215/1411/41
f 1260/1456/119 1254/1450/175 1222/1418/176
f 1254/1450/175 1260/1456/119 1261/1457/33
f 1226/1422/19 1262/1458/18 1224/1420/21
f 1262/1458/18 1226/1422/19 1263/1459/20
f 1265/1461/133 1264/1460/132 1263/1459/135
f 1264/1460/132 1265/1461/133 1266/1462/134
f 1240/1436/148 1263/1459/20 1226/1422/191
f 1263/1459/20 1240/1436/148 1265/1461/190
f 1269/1465/193 1268/1464/14 1267/1463/146
f 1268/1464/14 1269/1465/193 1270/1466/194
f 1271/1467/144 1268/1464/14 1251/1447/145
f 1268/1464/14 1271/1467/144 1267/1463/146
f 1272/1468/116 1222/1418/117 1221/1417/85
f 1222/1418/117 1272/1468/118 1260/1456/119
f 1264/1460/28 1212/1408/56 1273/1469/111
f 1212/1408/56 1264/1460/28 1211/1407/57
f 1257/1453/98 1275/1471/99 1274/1470/100
f 1275/1471/99 1257/1453/98 1245/1441/101
f 1216/1412/3 1258/1454/4 1259/1455/2
f 1258/1454/4 1216/1412/3 1247/1443/1
f 1231/1427/69 1236/1432/94 1276/1472/95
f 1236/1432/94 1231/1427/69 1230/1426/68
f 1260/1456/31 1277/1473/32 1261/1457/33
f 1277/1473/32 1260/1456/34 1275/1471/35
f 1219/1415/58 1243/1439/9 1250/1446/5
f 1243/1439/9 1219/1415/58 1220/1416/59
f 1279/1475/142 1276/1472/95 1278/1474/170
f 1276/1472/95 1279/1475/142 1231/1427/171
f 1241/1437/6 1232/1428/92 1249/1445/7
f 1232/1428/92 1241/1437/6 1227/1423/93
f 1218/1414/168 1247/1443/386 1216/1412/387
f 1247/1443/386 1218/1414/168 1248/1444/167
f 1270/1466/91 1280/1476/17 1268/1464/14
f 1280/1476/17 1270/1466/91 1235/1431/71
f 1278/1474/158 1270/1466/159 1269/1465/160
f 1270/1466/129 1278/1474/158 1276/1472/161
f 1236/1432/94 1281/1477/52 1234/1430/131
f 1281/1477/52 1236/1432/94 1230/1426/53
f 1283/1479/10 1259/1455/40 1282/1478/60
f 1259/1455/40 1283/1479/10 1239/1435/12
f 1268/1464/14 1252/1448/15 1251/1447/16
f 1252/1448/15 1268/1464/14 1280/1476/17
f 1274/1470/100 1260/1456/31 1272/1468/118
f 1260/1456/31 1274/1470/100 1275/1471/99
f 1275/1471/35 1246/1442/122 1277/1473/123
f 1246/1442/122 1275/1471/99 1245/1441/27
f 1232/1428/77 1285/1481/76 1284/1480/79
f 1285/1481/76 1232/1428/77 1223/1419/78
f 1252/1448/108 1286/1482/180 1214/1410/181
f 1286/1482/180 1252/1448/108 1287/1483/182
f 1281/1477/52 1209/1405/51 1288/1484/54
f 1209/1405/51 1281/1477/52 1230/1426/53
f 1290/1486/172 1257/1453/26 1289/1485/109
f 1257/1453/26 1290/1486/172 1258/1454/388
f 1291/1487/88 1221/1417/83 1219/1415/89
f 1221/1417/83 1291/1487/90 1292/1488/84
f 1224/1420/21 1294/1490/44 1293/1489/46
f 1294/1490/44 1224/1420/21 1262/1458/45
f 1242/1438/156 1227/1423/93 1241/1437/8
f 1227/1423/155 1242/1438/156 1228/1424/157
f 1271/1467/192 1269/1465/192 1267/1463/192
f 1269/1465/192 1271/1467/192 1256/1452/192
f 1269/1465/192 1256/1452/192 1278/1474/192
f 1278/1474/192 1256/1452/192 1255/1451/192
f 1278/1474/192 1255/1451/192 1279/1475/192
f 1279/1475/192 1255/1451/192 1295/1491/192
f 1295/1491/192 1255/1451/192 1296/1492/192
f 1297/1493/192 1279/1475/192 1295/1491/192
f 1296/1492/192 1255/1451/192 1266/1462/192
f 1296/1492/192 1266/1462/192 1298/1494/192
f 1298/1494/192 1266/1462/192 1299/1495/192
f 1279/1475/192 1297/1493/192 1238/1434/192
f 1238/1434/192 1297/1493/192 1300/1496/192
f 1238/1434/192 1300/1496/192 1301/1497/192
f 1299/1495/192 1266/1462/192 1265/1461/192
f 1299/1495/192 1265/1461/192 1302/1498/192
f 1302/1498/192 1265/1461/192 1303/1499/192
f 1303/1499/192 1265/1461/192 1240/1436/192
f 1303/1499/192 1240/1436/192 1304/1500/192
f 1238/1434/192 1301/1497/192 1237/1433/192
f 1237/1433/192 1301/1497/192 1305/1501/192
f 1237/1433/192 1305/1501/192 1306/1502/192
f 1304/1500/192 1240/1436/192 1229/1425/192
f 1304/1500/192 1229/1425/192 1307/1503/192
f 1307/1503/192 1229/1425/192 1308/1504/192
f 1237/1433/192 1306/1502/192 1217/1413/192
f 1217/1413/192 1306/1502/192 1309/1505/192
f 1217/1413/192 1309/1505/192 1310/1506/192
f 1217/1413/192 1310/1506/192 1218/1414/192
f 1218/1414/192 1310/1506/192 1311/1507/192
f 1308/1504/192 1229/1425/192 1228/1424/192
f 1308/1504/192 1228/1424/192 1312/1508/192
f 1312/1508/192 1228/1424/192 1313/1509/192
f 1218/1414/192 1311/1507/192 1248/1444/192
f 1248/1444/192 1311/1507/192 1314/1510/192
f 1248/1444/192 1314/1510/192 1315/1511/192
f 1313/1509/192 1228/1424/192 1242/1438/192
f 1248/1444/192 1315/1511/192 1246/1442/192
f 1313/1509/192 1242/1438/192 1316/1512/192
f 1246/1442/192 1315/1511/192 1317/1513/192
f 1316/1512/192 1242/1438/192 1318/1514/192
f 1246/1442/192 1317/1513/192 1318/1514/192
f 1246/1442/192 1318/1514/192 1242/1438/192
f 1246/1442/192 1242/1438/192 1244/1440/192
f 1246/1442/192 1244/1440/192 1277/1473/192
f 1277/1473/192 1244/1440/192 1253/1449/192
f 1277/1473/192 1253/1449/192 1261/1457/192
f 1261/1457/192 1253/1449/192 1254/1450/192
f 1256/1452/162 1251/1447/106 1213/1409/163
f 1251/1447/164 1256/1452/162 1271/1467/165
f 1273/1469/111 1320/1516/48 1319/1515/150
f 1320/1516/48 1273/1469/111 1212/1408/49
f 1322/1518/120 1272/1468/118 1321/1517/82
f 1272/1468/118 1322/1518/120 1274/1470/121
f 1323/1519/152 1219/1415/153 1250/1446/154
f 1219/1415/58 1323/1519/152 1291/1487/90
f 1214/1410/47 1320/1516/48 1212/1408/49
f 1320/1516/48 1214/1410/47 1286/1482/50
f 1288/1484/115 1207/1403/96 1324/1520/112
f 1207/1403/96 1288/1484/115 1209/1405/389
f 1289/1485/109 1274/1470/100 1322/1518/110
f 1274/1470/100 1289/1485/109 1257/1453/26
f 1279/1475/142 1210/1406/67 1231/1427/171
f 1210/1406/67 1279/1475/142 1238/1434/141
f 1266/1462/200 1211/1407/57 1264/1460/201
f 1211/1407/57 1266/1462/200 1255/1451/183
f 1235/1431/71 1325/1521/63 1280/1476/72
f 1325/1521/63 1235/1431/71 1233/1429/73
f 1262/1458/23 1319/1515/22 1294/1490/25
f 1319/1515/22 1262/1458/23 1273/1469/24
f 1220/1416/136 1244/1440/137 1243/1439/138
f 1244/1440/137 1220/1416/59 1253/1449/139
f 1326/1522/64 1250/1446/5 1249/1445/65
f 1250/1446/5 1326/1522/64 1323/1519/66
f 1282/1478/37 1258/1454/36 1290/1486/39
f 1258/1454/36 1282/1478/37 1259/1455/38
f 1223/1419/75 1293/1489/46 1285/1481/81
f 1293/1489/46 1223/1419/75 1224/1420/80
f 1276/1472/95 1235/1431/102 1270/1466/129
f 1235/1431/102 1276/1472/95 1236/1432/130
f 1233/1429/151 1287/1483/151 1325/1521/151
f 1287/1483/151 1233/1429/151 1234/1430/151
f 1287/1483/151 1234/1430/151 1286/1482/151
f 1286/1482/151 1234/1430/151 1281/1477/151
f 1286/1482/151 1281/1477/151 1320/1516/151
f 1320/1516/151 1281/1477/151 1288/1484/151
f 1320/1516/151 1288/1484/151 1319/1515/151
f 1319/1515/151 1288/1484/151 1324/1520/151
f 1319/1515/151 1324/1520/151 1294/1490/151
f 1294/1490/151 1324/1520/151 1283/1479/151
f 1294/1490/151 1283/1479/151 1293/1489/151
f 1293/1489/151 1283/1479/151 1282/1478/151
f 1293/1489/151 1282/1478/151 1285/1481/151
f 1285/1481/151 1282/1478/151 1290/1486/151
f 1285/1481/151 1290/1486/151 1284/1480/151
f 1284/1480/151 1290/1486/151 1289/1485/151
f 1284/1480/151 1289/1485/151 1326/1522/151
f 1326/1522/151 1289/1485/151 1322/1518/151
f 1326/1522/151 1322/1518/151 1323/1519/151
f 1323/1519/151 1322/1518/151 1321/1517/151
f 1323/1519/151 1321/1517/151 1291/1487/151
f 1291/1487/151 1321/1517/151 1292/1488/151
f 1321/1517/82 1221/1417/83 1292/1488/84
f 1221/1417/83 1321/1517/86 1272/1468/87
f 1280/1476/17 1287/1483/61 1252/1448/62
f 1287/1483/61 1280/1476/17 1325/1521/63
f 1263/1459/29 1273/1469/111 1262/1458/23
f 1273/1469/111 1263/1459/29 1264/1460/132
f 1324/1520/13 1239/1435/43 1283/1479/10
f 1239/1435/43 1324/1520/13 1207/1403/390
f 1249/1445/7 1284/1480/173 1326/1522/64
f 1284/1480/173 1249/1445/7 1232/1428/174
f 1329/1525/391 1328/1524/392 1327/1523/391
f 1328/1524/392 1329/1525/391 1330/1526/392
f 1333/1529/393 1332/1528/394 1331/1527/394
f 1332/1528/394 1333/1529/393 1334/1530/393
f 1337/1533/395 1336/1532/396 1335/1531/395
f 1336/1532/396 1337/1533/395 1338/1534/396
f 1341/1537/397 1340/1536/398 1339/1535/397
f 1340/1536/398 1341/1537/397 1342/1538/398
f 1344/1540/399 1332/1528/394 1343/1539/399
f 1332/1528/394 1344/1540/399 1331/1527/394
f 1347/1543/400 1346/1542/401 1345/1541/400
f 1346/1542/401 1347/1543/400 1348/1544/401
f 1351/1547/402 1350/1546/403 1349/1545/403
f 1350/1546/403 1351/1547/402 1352/1548/402
f 1353/1549/404 1337/1533/395 1335/1531/395
f 1337/1533/395 1353/1549/404 1354/1550/404
f 1356/1552/405 1343/1539/399 1355/1551/405
f 1343/1539/399 1356/1552/405 1344/1540/399
f 1342/1538/406 1357/1553/407 1340/1536/406
f 1357/1553/407 1342/1538/406 1358/1554/407
f 1346/1542/401 1360/1556/408 1359/1555/408
f 1360/1556/408 1346/1542/401 1348/1544/401
f 1363/1559/409 1362/1558/410 1361/1557/409
f 1362/1558/410 1363/1559/409 1364/1560/410
f 1327/1523/391 1355/1551/411 1329/1525/391
f 1355/1551/411 1327/1523/391 1356/1552/411
f 1358/1554/407 1365/1561/412 1357/1553/407
f 1365/1561/412 1358/1554/407 1366/1562/412
f 1369/1565/413 1368/1564/414 1367/1563/413
f 1368/1564/414 1369/1565/413 1370/1566/414
f 1349/1545/415 1368/1564/414 1370/1566/414
f 1368/1564/414 1349/1545/415 1350/1546/415
f 1366/1562/416 1361/1557/409 1365/1561/416
f 1361/1557/409 1366/1562/416 1363/1559/409
f 1344/1540/192 1333/1529/192 1331/1527/192
f 1333/1529/192 1344/1540/192 1356/1552/192
f 1333/1529/192 1356/1552/192 1359/1555/192
f 1359/1555/192 1356/1552/192 1327/1523/192
f 1359/1555/192 1327/1523/192 1346/1542/192
f 1346/1542/192 1327/1523/192 1328/1524/192
f 1346/1542/192 1328/1524/192 1345/1541/192
f 1345/1541/192 1328/1524/192 1353/1549/192
f 1345/1541/192 1353/1549/192 1371/1567/192
f 1371/1567/192 1353/1549/192 1335/1531/192
f 1371/1567/192 1335/1531/192 1362/1558/192
f 1362/1558/192 1335/1531/192 1336/1532/192
f 1362/1558/192 1336/1532/192 1361/1557/192
f 1361/1557/192 1336/1532/192 1367/1563/192
f 1361/1557/192 1367/1563/192 1365/1561/192
f 1365/1561/192 1367/1563/192 1368/1564/192
f 1365/1561/192 1368/1564/192 1357/1553/192
f 1357/1553/192 1368/1564/192 1350/1546/192
f 1357/1553/192 1350/1546/192 1340/1536/192
f 1340/1536/192 1350/1546/192 1352/1548/192
f 1340/1536/192 1352/1548/192 1339/1535/192
f 1339/1535/192 1352/1548/192 1372/1568/192
f 1373/1569/417 1339/1535/397 1372/1568/417
f 1339/1535/397 1373/1569/417 1341/1537/397
f 1374/1570/418 1345/1541/419 1371/1567/418
f 1345/1541/419 1374/1570/418 1347/1543/419
f 1373/1569/417 1352/1548/402 1351/1547/402
f 1352/1548/402 1373/1569/417 1372/1568/417
f 1330/1526/420 1353/1549/404 1328/1524/420
f 1353/1549/404 1330/1526/420 1354/1550/404
f 1364/1560/410 1371/1567/418 1362/1558/410
f 1371/1567/418 1364/1560/410 1374/1570/418
f 1338/1534/396 1367/1563/421 1336/1532/396
f 1367/1563/421 1338/1534/396 1369/1565/421
f 1359/1555/422 1334/1530/393 1333/1529/393
f 1334/1530/393 1359/1555/422 1360/1556/422
f 1377/1573/192 1376/1572/192 1375/1571/192
f 1376/1572/192 1377/1573/192 1378/1574/192
f 1376/1572/192 1378/1574/192 1379/1575/192
f 1379/1575/192 1378/1574/192 1380/1576/192
f 1380/1576/192 1378/1574/192 1381/1577/192
f 1380/1576/192 1381/1577/192 1382/1578/192
f 1381/1577/192 1383/1579/192 1382/1578/192
f 1380/1576/192 1382/1578/192 1384/1580/192
f 1383/1579/192 1381/1577/192 1385/1581/192
f 1383/1579/192 1385/1581/192 1386/1582/192
f 1386/1582/192 1385/1581/192 1387/1583/192
f 1380/1576/192 1384/1580/192 1388/1584/192
f 1388/1584/192 1384/1580/192 1389/1585/192
f 1388/1584/192 1389/1585/192 1390/1586/192
f 1387/1583/192 1385/1581/192 1391/1587/192
f 1387/1583/192 1391/1587/192 1392/1588/192
f 1392/1588/192 1391/1587/192 1393/1589/192
f 1393/1589/192 1391/1587/192 1394/1590/192
f 1393/1589/192 1394/1590/192 1395/1591/192
f 1388/1584/192 1390/1586/192 1396/1592/192
f 1396/1592/192 1390/1586/192 1397/1593/192
f 1396/1592/192 1397/1593/192 1398/1594/192
f 1395/1591/192 1394/1590/192 1399/1595/192
f 1395/1591/192 1399/1595/192 1400/1596/192
f 1400/1596/192 1399/1595/192 1401/1597/192
f 1396/1592/192 1398/1594/192 1402/1598/192
f 1402/1598/192 1398/1594/192 1403/1599/192
f 1402/1598/192 1403/1599/192 1404/1600/192
f 1402/1598/192 1404/1600/192 1405/1601/192
f 1405/1601/192 1404/1600/192 1406/1602/192
f 1401/1597/192 1399/1595/192 1407/1603/192
f 1401/1597/192 1407/1603/192 1408/1604/192
f 1408/1604/192 1407/1603/192 1409/1605/192
f 1405/1601/192 1406/1602/192 1410/1606/192
f 1410/1606/192 1406/1602/192 1411/1607/192
f 1410/1606/192 1411/1607/192 1412/1608/192
f 1409/1605/192 1407/1603/192 1413/1609/192
f 1410/1606/192 1412/1608/192 1414/1610/192
f 1409/1605/192 1413/1609/192 1415/1611/192
f 1414/1610/192 1412/1608/192 1416/1612/192
f 1415/1611/192 1413/1609/192 1417/1613/192
f 1414/1610/192 1416/1612/192 1417/1613/192
f 1414/1610/192 1417/1613/192 1413/1609/192
f 1414/1610/192 1413/1609/192 1418/1614/192
f 1414/1610/192 1418/1614/192 1419/1615/192
f 1419/1615/192 1418/1614/192 1420/1616/192
f 1419/1615/192 1420/1616/192 1421/1617/192
f 1421/1617/192 1420/1616/192 1422/1618/192
