# Blender 3.3.1
# www.blender.org
o Sphere
v -0.000000 412.679993 282.303406
v -0.000000 438.363373 240.494324
v -0.000000 459.825134 196.369171
v -0.000000 489.299438 102.888565
v -0.000000 463.999451 -186.291458
v 0.000000 443.505371 -230.874313
v 0.000000 418.740143 -273.233765
v 0.000000 357.388916 -349.675781
v 0.000000 321.393768 -383.022247
v 0.000000 282.303406 -412.679993
v 0.000000 196.369171 -459.825134
v 0.000000 150.352829 -476.858459
v 0.000000 102.888565 -489.299438
v 0.000000 -273.233765 -418.740143
v 0.000000 -349.675781 -357.388916
v 4.803680 412.528290 282.484192
v 9.561098 438.061462 240.854141
v 14.226437 459.375885 196.904556
v 18.754768 476.266235 151.058640
v 23.102482 488.569885 103.757980
v 27.227703 496.168335 55.458069
v 31.090710 498.988464 6.624023
v 34.654293 497.002991 -42.273773
v 37.884136 490.231201 -90.764420
v 40.749138 478.738098 -138.381027
v 43.221699 462.634583 -184.664871
v 45.278011 442.075623 -229.170364
v 46.898281 417.259186 -271.468811
v 48.066883 388.424347 -311.152832
v 48.772579 355.848785 -347.840302
v 49.008572 319.846161 -381.177887
v 48.772579 280.763275 -410.844513
v 48.066883 238.976471 -436.554443
v 46.898281 194.888214 -458.060181
v 45.278011 148.923050 -475.154541
v 43.221699 101.523697 -487.672852
v 40.749138 53.146591 -495.494629
v 37.884136 4.257675 -498.544556
v 34.654293 -44.672226 -496.793182
v 31.090710 -93.171936 -490.257446
v 27.227703 -140.774338 -479.000244
v 23.102482 -187.020996 -463.130005
v 18.754768 -231.466553 -442.799561
v 14.226437 -273.683014 -418.204773
v 9.561098 -313.263672 -389.582397
v 4.803680 -349.827484 -357.208130
v 9.561097 412.074677 283.024780
v 19.030117 437.158600 241.930115
v 28.315865 458.032471 198.505569
v 37.328918 474.495209 153.169250
v 45.982471 486.388306 106.357880
v 54.193188 493.597229 58.522202
v 61.881996 496.052551 10.122925
v 68.974846 493.730591 -38.373840
v 75.403419 486.653809 -86.501053
v 81.105835 474.890198 -133.795212
v 86.027145 458.553101 -179.800827
v 90.119972 437.799988 -224.074905
v 93.344902 412.830597 -266.191010
v 95.670860 383.885345 -305.743500
v 97.075455 351.243164 -342.351532
v 97.545158 315.218262 -375.662567
v 97.075455 276.157654 -405.355743
v 95.670860 234.437469 -431.145111
v 93.344902 190.459625 -452.782379
v 90.119972 144.647446 -470.059082
v 86.027145 97.442245 -482.808777
v 81.105835 49.298660 -490.908813
v 75.403419 0.680283 -494.281189
v 68.974846 -47.944641 -492.893250
v 61.881996 -96.107849 -486.758545
v 54.193188 -143.345444 -475.936096
v 45.982471 -189.202576 -460.530121
v 37.328918 -233.237579 -440.688965
v 28.315865 -275.026428 -416.603760
v 19.030117 -314.166534 -388.506409
v 9.561097 -350.281097 -356.667542
v 14.226437 411.323517 283.919983
v 28.315866 435.663513 243.711914
v 42.132595 455.807861 201.156784
v 55.543571 471.562469 156.664368
v 68.419624 482.775696 110.663208
v 80.636765 489.339600 63.596283
v 92.077332 491.190796 15.916916
v 102.631134 488.311584 -31.915741
v 112.196533 480.729736 -79.441055
v 120.681450 468.518127 -126.201279
v 128.004105 451.794434 -171.746109
v 134.094025 430.719727 -215.636978
v 138.892563 405.496948 -257.451141
v 142.353455 376.368988 -296.785828
v 144.443436 343.616455 -333.262390
v 145.142349 307.554657 -366.529419
v 144.443436 268.530945 -396.266602
v 142.353455 226.921112 -422.187439
v 138.892563 183.125977 -444.042511
v 134.094025 137.567184 -461.621155
v 128.004105 90.683548 -474.754089
v 120.681450 42.926590 -483.314880
v 112.196533 -5.243774 -487.221191
v 102.631134 -53.363632 -486.435150
v 92.077332 -100.969589 -480.964539
v 80.636765 -147.603104 -470.862030
v 68.419624 -192.815170 -456.224792
v 55.543571 -236.170319 -437.193848
v 42.132595 -277.251038 -413.952515
v 28.315866 -315.661621 -386.724609
v 14.226437 -351.032257 -355.772339
v 18.754766 410.282043 285.161194
v 37.328918 433.590576 246.182343
v 55.543564 452.723419 204.832672
v 73.223305 467.496246 161.510300
v 90.197868 477.766846 116.632523
v 106.303764 483.436340 70.631485
v 121.385902 484.450043 23.950256
v 135.299026 480.798218 -22.961624
v 147.909134 472.516113 -69.652420
v 159.094818 459.683289 -115.672348
v 168.748322 442.423523 -160.578293
v 176.776688 420.903015 -203.937881
v 183.102600 395.328949 -245.333374
v 187.665131 365.947601 -284.366119
v 190.420349 333.042084 -320.660339
v 191.341721 296.929108 -353.866394
v 190.420349 257.956573 -383.664551
v 187.665131 216.499725 -409.767731
v 183.102600 172.957977 -431.924744
v 176.776688 127.750473 -449.922058
v 168.748322 81.312637 -463.586243
v 159.094818 34.091782 -472.785950
v 147.909134 -13.457413 -477.432556
v 135.299026 -60.877029 -477.481018
v 121.385902 -107.710358 -472.931213
v 106.303764 -153.506332 -463.826843
v 90.197868 -197.824020 -450.255493
v 73.223305 -240.236542 -432.347900
v 55.543564 -280.335480 -410.276642
v 37.328918 -317.734558 -384.254181
v 18.754766 -352.073730 -354.531128
v 23.102478 408.960266 286.736420
v 45.982471 430.959747 249.317627
v 68.419617 448.808899 209.497818
v 90.197861 462.335693 167.660385
v 111.107445 471.410034 124.208328
v 130.947006 475.944397 79.560028
v 149.525467 475.895142 34.145569
v 166.663910 471.262756 -11.597748
v 182.197281 462.091919 -57.229385
v 195.976028 448.470825 -102.309860
v 207.867386 430.530701 -146.405014
v 217.756897 408.444397 -189.090225
v 225.549286 382.424469 -229.954437
v 231.169479 352.721588 -268.603973
v 234.563416 319.621887 -304.666779
v 235.698380 283.444000 -337.795441
v 234.563416 244.536377 -367.670990
v 231.169479 203.273712 -394.005585
v 225.549286 160.053497 -416.545807
v 217.756897 115.291824 -435.074402
v 207.867386 69.419830 -449.412964
v 195.976028 22.879303 -459.423462
v 182.197281 -23.881577 -465.009521
v 166.663910 -70.412460 -466.117157
v 149.525467 -116.265244 -462.735901
v 130.947006 -160.998276 -454.898285
v 111.107445 -204.180862 -442.679688
v 90.197861 -245.397079 -426.197815
v 68.419617 -284.250000 -405.611511
v 45.982471 -320.365387 -381.118896
v 23.102478 -353.395508 -352.955902
v 27.227699 407.370911 288.630524
v 54.193188 427.796387 253.087585
v 80.636765 444.101990 215.107300
v 106.303757 456.130554 175.055405
v 130.947006 463.766388 133.317657
v 154.329163 466.935913 90.295914
v 176.225006 465.608582 46.404663
v 196.423737 459.797119 2.066483
v 214.730789 449.557709 -42.291656
v 230.969894 434.988708 -86.242477
v 244.984589 416.230469 -129.362656
v 256.639984 393.463806 -171.237076
v 265.823792 366.907837 -211.462402
v 272.447540 336.818298 -249.651154
v 276.447510 303.485107 -285.435730
v 277.785126 267.229126 -318.471344
v 276.447510 228.399597 -348.439941
v 272.447540 187.370422 -375.052765
v 265.823792 144.536865 -398.053772
v 256.639984 100.311264 -417.221252
v 244.984589 55.119614 -432.370605
v 230.969894 9.397171 -443.356079
v 214.730789 -36.415802 -450.071777
v 196.423737 -81.878098 -452.452942
v 176.225006 -126.551834 -450.476807
v 154.329163 -170.006760 -444.162415
v 130.947006 -211.824493 -433.570343
v 106.303757 -251.602234 -418.802795
v 80.636765 -288.956909 -400.002014
v 54.193188 -323.528748 -377.348938
v 27.227699 -354.984863 -351.061798
v 31.090702 405.529327 290.825226
v 61.881992 424.130951 257.455872
v 92.077324 438.647980 221.607117
v 121.385895 448.940552 183.624130
v 149.525482 454.909576 143.872772
v 176.225037 456.497650 102.735779
v 201.227417 453.689331 60.609451
v 224.291885 446.511719 17.899429
v 245.196320 435.034058 -24.983047
v 263.739380 419.366699 -67.624908
v 279.742462 399.660583 -109.615433
v 293.051483 376.105591 -150.550339
v 303.538269 348.928467 -190.035400
v 311.101776 318.390930 -227.690247
v 315.669250 284.787170 -263.152374
v 317.196625 248.440720 -296.080170
v 315.669250 209.701691 -326.156586
v 311.101776 168.943039 -353.091858
v 303.538269 126.557480 -376.626770
v 293.051483 82.953018 -396.534485
v 279.742462 38.549728 -412.623413
v 263.739380 -6.224808 -424.738525
v 245.196320 -50.939453 -432.763184
v 224.291885 -95.163513 -436.619995
v 201.227417 -138.471069 -436.272034
v 176.225037 -180.445038 -431.722534
v 149.525482 -220.681305 -423.015228
v 121.385895 -258.792236 -410.234070
v 92.077324 -294.410919 -393.502197
v 61.881992 -327.194183 -372.980652
v 31.090702 -356.826447 -348.867096
v 34.654285 403.453217 293.299438
v 68.974846 419.998749 262.380463
v 102.631126 432.499451 228.934662
v 135.299026 440.834900 193.284042
v 166.663925 444.924927 155.772049
v 196.423767 444.730103 116.759796
v 224.291885 440.252228 76.623169
v 250.000000 431.534454 35.748627
v 273.300476 418.660889 -5.470261
v 293.968903 401.755310 -46.636459
v 311.806244 380.980591 -87.353470
v 326.640717 356.536865 -127.229233
v 338.329498 328.659485 -165.879761
v 346.759918 297.616882 -202.932709
v 351.850922 263.708130 -238.031372
v 353.553375 227.259689 -270.837616
v 351.850922 188.622650 -301.035583
v 346.759918 148.168991 -328.334320
v 338.329498 106.288498 -352.471130
v 326.640717 63.384293 -373.213379
v 311.806244 19.869720 -390.361450
v 293.968903 -23.836212 -403.750061
v 273.300476 -67.312622 -413.250366
v 250.000000 -110.140778 -418.770782
v 224.291885 -151.908173 -420.258301
v 196.423767 -192.212585 -417.698517
v 166.663925 -230.665970 -411.115967
v 135.299026 -266.897888 -400.574158
v 102.631126 -300.559448 -386.174652
v 68.974846 -331.326385 -368.056061
v 34.654285 -358.902557 -346.392883
v 37.884132 401.162598 296.029297
v 75.403427 415.439545 267.813904
v 112.196541 425.715607 237.019348
v 147.909134 431.891724 203.942123
v 182.197311 433.908508 168.900864
v 214.730835 431.746613 132.232925
v 245.196320 425.426697 94.291580
v 273.300476 415.009613 55.442184
v 298.772583 400.595886 16.058762
v 321.367340 382.324158 -23.479294
v 340.867157 360.370361 -62.791153
v 357.084259 334.946075 -101.498352
v 369.862427 306.296082 -139.228134
v 379.078583 274.696259 -175.616943
v 384.644104 240.450989 -210.314575
v 386.505219 203.890030 -242.986710
v 384.644104 165.365509 -273.318787
v 379.078583 125.248383 -301.018585
v 369.862427 83.925125 -325.819519
v 357.084259 41.793518 -347.482513
v 340.867157 -0.740494 -365.799133
v 321.367340 -43.267380 -380.592896
v 298.772583 -85.377609 -391.721375
v 273.300476 -126.665619 -399.077209
v 245.196320 -166.733719 -402.589905
v 214.730835 -205.196075 -402.225403
v 182.197311 -241.682358 -397.987122
v 147.909134 -275.841064 -389.916077
v 112.196541 -307.343292 -378.089966
v 75.403427 -335.885590 -362.622620
v 37.884132 -361.193176 -343.663025
v 40.749130 398.679504 298.988525
v 81.105835 410.497284 273.703857
v 120.681442 418.361755 245.783310
v 159.094803 422.197113 215.495712
v 195.976028 421.966522 183.132797
v 230.969910 417.672211 149.006134
v 263.739349 409.355438 113.444534
v 293.968903 397.096313 76.790421
v 321.367310 381.013031 39.396713
v 345.670837 361.260345 1.623581
v 366.645325 338.028442 -36.165100
v 384.088837 311.541229 -73.605530
v 397.833405 282.053711 -110.337158
v 407.746521 249.849792 -146.006104
v 413.732941 215.239746 -180.268982
v 415.734802 178.556778 -212.795715
v 413.732941 140.154236 -243.273163
v 407.746521 100.401917 -271.407715
v 397.833405 59.682724 -296.928528
v 384.088837 18.388672 -319.589691
v 366.645325 -23.082413 -339.173065
v 345.670837 -64.331177 -355.490051
v 321.367310 -104.960480 -368.383423
v 293.968903 -144.578918 -377.729004
v 263.739349 -182.804962 -383.436951
v 230.969910 -219.270477 -385.452179
v 195.976028 -253.624359 -383.755188
v 159.094803 -285.535675 -378.362488
v 120.681442 -314.697144 -369.325989
v 81.105835 -340.827850 -356.732666
v 40.749130 -363.676270 -340.703796
v 43.221691 396.027863 302.148651
v 86.027153 405.219543 279.993652
v 128.004105 410.508728 255.142181
v 168.748306 411.844452 227.833542
v 207.867401 409.213898 198.330780
v 244.984619 402.642456 166.917908
v 279.742462 392.193298 133.897583
v 311.806274 377.967072 99.587776
v 340.867126 360.100922 64.318817
v 366.645355 338.766724 28.430420
v 388.892517 314.169983 -7.731674
v 407.394470 286.547668 -43.819351
v 421.972992 256.165771 -79.485107
v 432.487640 223.316772 -114.385262
v 438.837311 188.317169 -148.183899
v 440.960602 151.503937 -180.555389
v 438.837311 113.231667 -211.188080
v 432.487640 73.868896 -239.786896
v 421.972992 33.794785 -266.076477
v 407.394470 -6.604889 -289.803528
v 388.892517 -46.940887 -310.739624
v 366.645355 -86.824791 -328.683197
v 340.867126 -125.872597 -343.461304
v 311.806274 -163.708160 -354.931641
v 279.742462 -199.967102 -362.983887
v 244.984619 -234.300217 -367.540405
v 207.867401 -266.376984 -368.557220
v 168.748306 -295.888336 -366.024658
v 128.004105 -322.550171 -359.967133
v 86.027153 -346.105591 -350.442871
v 43.221691 -366.327911 -337.543671
v 45.278004 393.233215 305.479187
v 90.119980 399.657135 286.622650
v 134.094025 402.232178 265.005798
v 176.776657 400.933411 240.836807
v 217.756882 395.773499 214.348450
v 256.640015 386.802094 185.795715
v 293.051483 374.105530 155.453735
v 326.640717 357.806091 123.614677
v 357.084229 338.060913 90.585068
v 384.088898 315.059937 56.683067
v 407.394470 289.024719 22.235291
v 426.776672 260.206116 -12.426697
v 442.048767 228.881561 -46.969055
v 453.063629 195.352722 -81.059013
v 459.715424 159.942535 -114.368324
v 461.939728 122.992043 -146.576233
v 459.715424 84.857048 -177.372528
v 453.063629 45.904854 -206.460632
v 442.048767 6.510590 -233.560425
v 426.776672 -32.946449 -258.410858
v 407.394470 -72.086136 -280.772675
v 384.088898 -110.531570 -300.430542
v 357.084229 -147.912598 -317.195068
v 326.640717 -183.869125 -330.904724
v 293.051483 -218.054855 -341.427734
v 256.640015 -250.140594 -348.662598
v 217.756882 -279.817383 -352.539551
v 176.776657 -306.799377 -353.021423
v 134.094025 -330.826721 -350.103516
v 90.119980 -351.667999 -343.813873
v 45.278004 -369.122559 -334.213135
v 46.898270 390.322449 308.948090
v 93.344902 393.863647 293.527039
v 138.892563 393.611755 275.279205
v 183.102585 389.569092 254.380280
v 225.549255 381.774719 231.031540
v 265.823853 370.303680 205.457779
v 303.538239 355.266357 177.905396
v 338.329468 336.807587 148.639740
v 369.862366 315.105286 117.942513
v 397.833435 290.368317 86.109428
v 421.972992 262.834869 53.447166
v 442.048767 232.770218 20.270119
v 457.867340 200.463898 -13.102196
v 469.276428 166.226959 -46.348259
v 476.166229 130.389160 -79.147957
v 478.470123 93.295654 -111.185448
v 476.166229 55.303658 -142.152161
v 469.276428 16.779083 -171.749878
v 457.867340 -21.907082 -199.693573
v 442.048767 -60.382339 -225.714050
v 421.972992 -98.276009 -249.560791
v 397.833435 -135.223206 -271.004181
v 369.862366 -170.868210 -289.837616
v 338.329468 -204.867645 -305.879669
v 303.538239 -236.894043 -318.976074
v 265.823853 -266.639008 -329.000549
v 225.549255 -293.816162 -335.856445
v 183.102585 -318.163696 -339.477936
v 138.892563 -339.447144 -339.830109
v 93.344902 -357.461487 -336.909485
v 46.898270 -372.033325 -330.744232
v 48.066875 387.323639 312.521942
v 95.670860 387.894897 300.640350
v 142.353470 384.730530 285.863434
v 187.665100 377.860962 268.333496
v 231.169464 367.352386 248.219391
v 272.447601 353.306061 225.714737
v 311.101776 335.857178 201.036362
v 346.759918 315.173737 174.421951
v 379.078552 291.455139 146.127670
v 407.746582 264.929596 116.426102
v 432.487671 235.852600 85.603386
v 453.063660 204.504242 53.956207
v 469.276459 171.186432 21.789337
v 480.969818 136.219971 -10.587311
v 488.031281 99.941597 -42.861969
v 490.392609 62.700787 -74.723900
v 488.031281 24.856102 -105.866165
v 480.969818 -13.227913 -135.988937
v 469.276459 -51.184544 -164.802032
v 453.063660 -88.648315 -192.027954
v 432.487671 -125.258278 -217.404572
v 407.746582 -160.661926 -240.687515
v 379.078552 -194.518372 -261.652435
v 346.759918 -226.501480 -280.097473
v 311.101776 -256.303223 -295.845093
v 272.447601 -283.636627 -308.743591
v 231.169464 -308.238495 -318.668610
v 187.665100 -329.871826 -325.524719
v 142.353470 -348.328369 -329.245880
v 95.670860 -363.430237 -329.796173
v 48.066875 -375.032135 -327.170380
v 48.772575 384.265625 316.166321
v 97.075455 381.808319 307.894043
v 144.443451 375.674011 296.656586
v 190.420319 365.921722 282.562134
v 234.563385 352.645416 265.746490
v 276.447601 335.972992 246.371506
v 315.669220 316.064941 224.623856
v 351.850891 293.112915 200.713013
v 384.644043 267.338226 174.869110
v 413.732941 238.988831 147.341125
v 438.837219 208.337784 118.394257
v 459.715332 175.680389 88.307144
v 476.166168 141.331116 57.369507
v 488.031219 105.620720 25.879452
v 495.196320 68.893112 -5.859821
v 497.592285 31.502071 -37.542713
v 495.196320 -6.192381 -68.864014
v 488.031219 -43.827156 -99.522171
v 476.166168 -81.039848 -129.221863
v 459.715332 -117.472160 -157.677017
v 438.837219 -152.773087 -184.613708
v 413.732941 -186.602692 -209.772491
v 384.644043 -218.635300 -232.911011
v 351.850891 -248.562302 -253.806396
v 315.669220 -276.095459 -272.257599
v 276.447601 -300.969696 -288.086792
v 234.563385 -322.945465 -301.141510
v 190.420319 -341.811066 -311.296082
v 144.443451 -357.384888 -318.452728
v 97.075455 -369.516815 -322.542480
v 48.772575 -378.090149 -323.526001
v 49.008564 381.177887 319.846161
v 97.545158 375.662567 315.218262
v 145.142349 366.529449 307.554657
v 191.341675 353.866394 296.929108
v 235.698334 337.795441 283.444000
v 277.785217 318.471344 267.229156
v 317.196594 296.080200 248.440720
v 353.553345 270.837585 227.259750
v 386.505188 242.986771 203.890045
v 415.734833 212.795776 178.556778
v 440.960571 180.555420 151.503998
v 461.939697 146.576248 122.992111
v 478.470123 111.185501 93.295670
v 490.392609 74.723930 62.700821
v 497.592316 37.542706 31.502146
v 499.999939 -0.000022 0.000026
v 497.592316 -37.542789 -31.502050
v 490.392609 -74.723946 -62.700806
v 478.470123 -111.185471 -93.295700
v 461.939697 -146.576309 -122.992050
v 440.960571 -180.555450 -151.503967
v 415.734833 -212.795746 -178.556839
v 386.505188 -242.986740 -203.890076
v 353.553345 -270.837646 -227.259659
v 317.196594 -296.080200 -248.440750
v 277.785217 -318.471344 -267.229156
v 235.698334 -337.795441 -283.444000
v 191.341675 -353.866394 -296.929108
v 145.142349 -366.529449 -307.554657
v 97.545158 -375.662567 -315.218262
v 49.008564 -381.177887 -319.846161
v 48.772575 378.090149 323.526001
v 97.075455 369.516815 322.542480
v 144.443451 357.384857 318.452728
v 190.420303 341.811066 311.296082
v 234.563385 322.945435 301.141541
v 276.447601 300.969727 288.086792
v 315.669220 276.095490 272.257599
v 351.850891 248.562241 253.806473
v 384.644073 218.635315 232.910980
v 413.732941 186.602737 209.772430
v 438.837189 152.773056 184.613739
v 459.715332 117.472115 157.677078
v 476.166168 81.039871 129.221832
v 488.031219 43.827141 99.522186
v 495.196289 6.192303 68.864105
v 497.592285 -31.502115 37.542767
v 495.196289 -68.893188 5.859913
v 488.031219 -105.620735 -25.879436
v 476.166168 -141.331100 -57.369537
v 459.715332 -175.680450 -88.307083
v 438.837189 -208.337814 -118.394226
v 413.732941 -238.988785 -147.341187
v 384.644073 -267.338196 -174.869141
v 351.850891 -293.113007 -200.712936
v 315.669220 -316.064911 -224.623886
v 276.447601 -335.972961 -246.371521
v 234.563385 -352.645447 -265.746460
v 190.420303 -365.921722 -282.562134
v 144.443451 -375.674042 -296.656586
v 97.075455 -381.808319 -307.894043
v 48.772575 -384.265625 -316.166321
v 48.066875 375.032135 327.170380
v 95.670860 363.430237 329.796173
v 142.353470 348.328369 329.245880
v 187.665085 329.871826 325.524719
v 231.169449 308.238464 318.668640
v 272.447632 283.636627 308.743561
v 311.101776 256.303253 295.845093
v 346.759918 226.501419 280.097534
v 379.078613 194.518387 261.652435
v 407.746613 160.661957 240.687469
v 432.487610 125.258247 217.404617
v 453.063660 88.648270 192.028015
v 469.276459 51.184570 164.802002
v 480.969818 13.227898 135.988953
v 488.031219 -24.856178 105.866257
v 490.392578 -62.700825 74.723946
v 488.031219 -99.941673 42.862061
v 480.969818 -136.219971 10.587326
v 469.276459 -171.186401 -21.789360
v 453.063660 -204.504288 -53.956146
v 432.487610 -235.852631 -85.603348
v 407.746613 -264.929565 -116.426147
v 379.078613 -291.455139 -146.127701
v 346.759918 -315.173828 -174.421875
v 311.101776 -335.857147 -201.036392
v 272.447632 -353.306061 -225.714752
v 231.169449 -367.352417 -248.219376
v 187.665085 -377.860962 -268.333496
v 142.353470 -384.730530 -285.863434
v 95.670860 -387.894897 -300.640350
v 48.066875 -387.323639 -312.521942
v 46.898270 372.033325 330.744232
v 93.344902 357.461487 336.909485
v 138.892563 339.447144 339.830109
v 183.102554 318.163696 339.477936
v 225.549240 293.816162 335.856476
v 265.823914 266.639038 329.000519
v 303.538239 236.894058 318.976044
v 338.329468 204.867584 305.879761
v 369.862427 170.868225 289.837585
v 397.833435 135.223236 271.004150
v 421.972900 98.275986 249.560837
v 442.048737 60.382286 225.714096
v 457.867340 21.907097 199.693542
v 469.276428 -16.779099 171.749908
v 476.166138 -55.303726 142.152222
v 478.470093 -93.295692 111.185493
v 476.166138 -130.389221 79.148033
v 469.276428 -166.226974 46.348282
v 457.867340 -200.463867 13.102173
v 442.048737 -232.770264 -20.270065
v 421.972900 -262.834900 -53.447128
v 397.833435 -290.368286 -86.109467
v 369.862427 -315.105286 -117.942535
v 338.329468 -336.807648 -148.639648
v 303.538239 -355.266357 -177.905426
v 265.823914 -370.303650 -205.457794
v 225.549240 -381.774719 -231.031525
v 183.102554 -389.569092 -254.380264
v 138.892563 -393.611755 -275.279205
v 93.344902 -393.863647 -293.527039
v 46.898270 -390.322449 -308.948090
v 45.278004 369.122559 334.213135
v 90.119987 351.667999 343.813873
v 134.094025 330.826721 350.103516
v 176.776642 306.799377 353.021423
v 217.756851 279.817383 352.539581
v 256.640106 250.140594 348.662598
v 293.051453 218.054871 341.427704
v 326.640686 183.869080 330.904785
v 357.084290 147.912613 317.195038
v 384.088898 110.531601 300.430511
v 407.394379 72.086121 280.772705
v 426.776611 32.946411 258.410889
v 442.048767 -6.510567 233.560410
v 453.063629 -45.904869 206.460663
v 459.715302 -84.857109 177.372589
v 461.939697 -122.992081 146.576279
v 459.715302 -159.942596 114.368385
v 453.063629 -195.352753 81.059029
v 442.048767 -228.881531 46.969040
v 426.776611 -260.206146 12.426743
v 407.394379 -289.024750 -22.235260
v 384.088898 -315.059937 -56.683105
v 357.084290 -338.060913 -90.585091
v 326.640686 -357.806152 -123.614609
v 293.051453 -374.105530 -155.453766
v 256.640106 -386.802094 -185.795731
v 217.756851 -395.773499 -214.348419
v 176.776642 -400.933411 -240.836807
v 134.094025 -402.232178 -265.005798
v 90.119987 -399.657135 -286.622650
v 45.278004 -393.233215 -305.479187
v 43.221691 366.327911 337.543701
v 86.027161 346.105621 350.442871
v 128.004105 322.550171 359.967133
v 168.748276 295.888336 366.024658
v 207.867355 266.376953 368.557251
v 244.984726 234.300232 367.540405
v 279.742462 199.967117 362.983887
v 311.806213 163.708130 354.931702
v 340.867157 125.872620 343.461273
v 366.645386 86.824821 328.683167
v 388.892456 46.940872 310.739655
v 407.394409 6.604858 289.803558
v 421.972961 -33.794754 266.076447
v 432.487610 -73.868912 239.786896
v 438.837189 -113.231712 211.188141
v 440.960571 -151.503983 180.555435
v 438.837189 -188.317200 148.183929
v 432.487610 -223.316788 114.385277
v 421.972961 -256.165710 79.485077
v 407.394409 -286.547699 43.819397
v 388.892456 -314.169983 7.731689
v 366.645386 -338.766693 -28.430466
v 340.867157 -360.100891 -64.318848
v 311.806213 -377.967102 -99.587715
v 279.742462 -392.193298 -133.897598
v 244.984726 -402.642456 -166.917908
v 207.867355 -409.213928 -198.330765
v 168.748276 -411.844452 -227.833542
v 128.004105 -410.508728 -255.142181
v 86.027161 -405.219513 -279.993652
v 43.221691 -396.027863 -302.148621
v 40.749126 363.676270 340.703796
v 81.105843 340.827881 356.732666
v 120.681435 314.697144 369.326019
v 159.094772 285.535675 378.362488
v 195.975967 253.624359 383.755219
v 230.970016 219.270477 385.452179
v 263.739349 182.804993 383.436890
v 293.968842 144.578873 377.729034
v 321.367340 104.960495 368.383362
v 345.670898 64.331207 355.489990
v 366.645233 23.082413 339.173065
v 384.088776 -18.388687 319.589722
v 397.833344 -59.682709 296.928528
v 407.746490 -100.401932 271.407745
v 413.732819 -140.154266 243.273193
v 415.734711 -178.556808 212.795761
v 413.732819 -215.239746 180.268982
v 407.746490 -249.849808 146.006104
v 397.833344 -282.053680 110.337143
v 384.088776 -311.541260 73.605545
v 366.645233 -338.028442 36.165100
v 345.670898 -361.260315 -1.623611
v 321.367340 -381.013000 -39.396744
v 293.968842 -397.096375 -76.790375
v 263.739349 -409.355408 -113.444565
v 230.970016 -417.672211 -149.006134
v 195.975967 -421.966522 -183.132782
v 159.094772 -422.197113 -215.495712
v 120.681435 -418.361755 -245.783295
v 81.105843 -410.497253 -273.703857
v 40.749126 -398.679504 -298.988525
v 37.884125 361.193176 343.663025
v 75.403435 335.885590 362.622620
v 112.196533 307.343292 378.089996
v 147.909088 275.841064 389.916077
v 182.197250 241.682358 397.987122
v 214.730927 205.196075 402.225403
v 245.196320 166.733749 402.589844
v 273.300385 126.665573 399.077271
v 298.772583 85.377640 391.721313
v 321.367401 43.267380 380.592896
v 340.867065 0.740494 365.799133
v 357.084167 -41.793549 347.482544
v 369.862366 -83.925110 325.819458
v 379.078552 -125.248398 301.018616
v 384.644012 -165.365509 273.318787
v 386.505127 -203.890045 242.986740
v 384.644012 -240.450989 210.314575
v 379.078552 -274.696289 175.616974
v 369.862366 -306.296082 139.228104
v 357.084167 -334.946106 101.498367
v 340.867065 -360.370361 62.791153
v 321.367401 -382.324158 23.479294
v 298.772583 -400.595886 -16.058792
v 273.300385 -415.009644 -55.442123
v 245.196320 -425.426636 -94.291611
v 214.730927 -431.746613 -132.232910
v 182.197250 -433.908508 -168.900864
v 147.909088 -431.891724 -203.942139
v 112.196533 -425.715607 -237.019318
v 75.403435 -415.439545 -267.813904
v 37.884125 -401.162598 -296.029297
v 34.654278 358.902557 346.392883
v 68.974854 331.326416 368.056061
v 102.631119 300.559448 386.174683
v 135.298965 266.897888 400.574158
v 166.663849 230.665970 411.115967
v 196.423859 192.212585 417.698547
v 224.291885 151.908188 420.258301
v 249.999908 110.140732 418.770813
v 273.300476 67.312653 413.250336
v 293.968933 23.836212 403.750061
v 311.806152 -19.869705 390.361389
v 326.640594 -63.384308 373.213409
v 338.329437 -106.288483 352.471100
v 346.759888 -148.169006 328.334320
v 351.850830 -188.622620 301.035553
v 353.553284 -227.259689 270.837616
v 351.850830 -263.708130 238.031342
v 346.759888 -297.616882 202.932709
v 338.329437 -328.659454 165.879730
v 326.640594 -356.536865 127.229248
v 311.806152 -380.980591 87.353439
v 293.968933 -401.755310 46.636459
v 273.300476 -418.660858 5.470215
v 249.999908 -431.534485 -35.748581
v 224.291885 -440.252197 -76.623184
v 196.423859 -444.730103 -116.759781
v 166.663849 -444.924927 -155.772049
v 135.298965 -440.834900 -193.284058
v 102.631119 -432.499451 -228.934631
v 68.974854 -419.998718 -262.380463
v 34.654278 -403.453217 -293.299438
v 31.090694 356.826447 348.867096
v 61.882004 327.194183 372.980652
v 92.077316 294.410889 393.502197
v 121.385841 258.792267 410.234070
v 149.525406 220.681305 423.015198
v 176.225128 180.445007 431.722565
v 201.227432 138.471085 436.272003
v 224.291809 95.163483 436.620026
v 245.196335 50.939514 432.763123
v 263.739410 6.224838 424.738495
v 279.742371 -38.549683 412.623352
v 293.051331 -82.953003 396.534485
v 303.538208 -126.557465 376.626740
v 311.101746 -168.943054 353.091888
v 315.669159 -209.701630 326.156555
v 317.196533 -248.440720 296.080170
v 315.669159 -284.787140 263.152344
v 311.101746 -318.390930 227.690277
v 303.538208 -348.928436 190.035370
v 293.051331 -376.105560 150.550308
v 279.742371 -399.660553 109.615372
v 263.739410 -419.366699 67.624878
v 245.196335 -435.033997 24.982986
v 224.291809 -446.511749 -17.899384
v 201.227432 -453.689331 -60.609467
v 176.225128 -456.497681 -102.735748
v 149.525406 -454.909576 -143.872787
v 121.385841 -448.940521 -183.624161
v 92.077316 -438.648010 -221.607117
v 61.882004 -424.130951 -257.455872
v 31.090694 -405.529327 -290.825226
v 27.227688 354.984863 351.061798
v 54.193199 323.528748 377.348938
v 80.636757 288.956909 400.002014
v 106.303703 251.602264 418.802765
v 130.946930 211.824524 433.570312
v 154.329239 170.006729 444.162415
v 176.225021 126.551849 450.476807
v 196.423645 81.878082 452.452942
v 214.730804 36.415878 450.071686
v 230.969940 -9.397156 443.356079
v 244.984512 -55.119583 432.370605
v 256.639832 -100.311203 417.221191
v 265.823730 -144.536850 398.053741
v 272.447510 -187.370453 375.052795
v 276.447418 -228.399567 348.439880
v 277.785004 -267.229126 318.471344
v 276.447418 -303.485077 285.435669
v 272.447510 -336.818329 249.651184
v 265.823730 -366.907837 211.462372
v 256.639832 -393.463745 171.237015
v 244.984512 -416.230469 129.362625
v 230.969940 -434.988678 86.242447
v 214.730804 -449.557617 42.291565
v 196.423645 -459.797150 -2.066452
v 176.225021 -465.608551 -46.404678
v 154.329239 -466.935974 -90.295883
v 130.946930 -463.766357 -133.317673
v 106.303703 -456.130524 -175.055450
v 80.636757 -444.101990 -215.107300
v 54.193199 -427.796387 -253.087585
v 27.227688 -407.370911 -288.630524
v 23.102467 353.395538 352.955902
v 45.982479 320.365387 381.118896
v 68.419617 284.250000 405.611511
v 90.197807 245.397125 426.197784
v 111.107384 204.180893 442.679626
v 130.947083 160.998230 454.898315
v 149.525467 116.265259 462.735870
v 166.663818 70.412460 466.117157
v 182.197296 23.881653 465.009399
v 195.976089 -22.879303 459.423462
v 207.867325 -69.419800 449.412903
v 217.756775 -115.291763 435.074280
v 225.549225 -160.053467 416.545746
v 231.169449 -203.273712 394.005585
v 234.563324 -244.536346 367.670959
v 235.698257 -283.443970 337.795441
v 234.563324 -319.621857 304.666748
v 231.169449 -352.721588 268.603973
v 225.549225 -382.424438 229.954376
v 217.756775 -408.444336 189.090134
v 207.867325 -430.530670 146.404953
v 195.976089 -448.470825 102.309860
v 182.197296 -462.091858 57.229294
v 166.663818 -471.262756 11.597748
v 149.525467 -475.895142 -34.145599
v 130.947083 -475.944458 -79.559982
v 111.107384 -471.409973 -124.208359
v 90.197807 -462.335663 -167.660431
v 68.419617 -448.808899 -209.497803
v 45.982479 -430.959747 -249.317642
v 23.102467 -408.960236 -286.736420
v 18.754755 352.073761 354.531128
v 37.328926 317.734558 384.254181
v 55.543564 280.335480 410.276672
v 73.223267 240.236588 432.347870
v 90.197807 197.824066 450.255432
v 106.303841 153.506287 463.826904
v 121.385902 107.710373 472.931183
v 135.298935 60.877045 477.481018
v 147.909149 13.457504 477.432434
v 159.094879 -34.091797 472.786011
v 168.748260 -81.312607 463.586243
v 176.776581 -127.750381 449.921936
v 183.102554 -172.957916 431.924683
v 187.665100 -216.499725 409.767700
v 190.420258 -257.956543 383.664520
v 191.341614 -296.929077 353.866364
v 190.420258 -333.042053 320.660309
v 187.665100 -365.947601 284.366089
v 183.102554 -395.328888 245.333313
v 176.776581 -420.902954 203.937759
v 168.748260 -442.423462 160.578262
v 159.094879 -459.683319 115.672379
v 147.909149 -472.515991 69.652298
v 135.298935 -480.798187 22.961609
v 121.385902 -484.450012 -23.950287
v 106.303841 -483.436401 -70.631409
v 90.197807 -477.766815 -116.632568
v 73.223267 -467.496216 -161.510345
v 55.543564 -452.723419 -204.832642
v 37.328926 -433.590576 -246.182343
v 18.754755 -410.282013 -285.161194
v 14.226425 351.032257 355.772308
v 28.315874 315.661621 386.724609
v 42.132595 277.251038 413.952545
v 55.543533 236.170380 437.193787
v 68.419586 192.815216 456.224731
v 80.636826 147.603027 470.862122
v 92.077332 100.969604 480.964539
v 102.631050 53.363678 486.435120
v 112.196548 5.243866 487.221069
v 120.681511 -42.926620 483.314941
v 128.004044 -90.683517 474.754028
v 134.093933 -137.567062 461.621033
v 138.892502 -183.125916 444.042419
v 142.353439 -226.921112 422.187439
v 144.443344 -268.530884 396.266541
v 145.142227 -307.554596 366.529388
v 144.443344 -343.616394 333.262329
v 142.353439 -376.368988 296.785828
v 138.892502 -405.496887 257.451050
v 134.093933 -430.719604 215.636856
v 128.004044 -451.794373 171.746048
v 120.681511 -468.518127 126.201309
v 112.196548 -480.729645 79.440933
v 102.631050 -488.311554 31.915710
v 92.077332 -491.190796 -15.916946
v 80.636826 -489.339661 -63.596191
v 68.419586 -482.775665 -110.663269
v 55.543533 -471.562408 -156.664429
v 42.132595 -455.807861 -201.156769
v 28.315874 -435.663513 -243.711914
v 14.226425 -411.323517 -283.920013
v 9.561088 350.281097 356.667511
v 19.030125 314.166534 388.506409
v 28.315863 275.026428 416.603760
v 37.328892 233.237640 440.688904
v 45.982437 189.202621 460.530060
v 54.193241 143.345352 475.936218
v 61.882004 96.107864 486.758545
v 68.974762 47.944687 492.893219
v 75.403442 -0.680191 494.281067
v 81.105904 -49.298691 490.908875
v 86.027092 -97.442215 482.808716
v 90.119896 -144.647324 470.058899
v 93.344849 -190.459564 452.782318
v 95.670845 -234.437469 431.145081
v 97.075363 -276.157593 405.355713
v 97.545059 -315.218231 375.662537
v 97.075363 -351.243103 342.351501
v 95.670845 -383.885345 305.743469
v 93.344849 -412.830536 266.190948
v 90.119896 -437.799866 224.074753
v 86.027092 -458.553101 179.800766
v 81.105904 -474.890198 133.795242
v 75.403442 -486.653687 86.500931
v 68.974762 -493.730530 38.373810
v 61.882004 -496.052551 -10.122940
v 54.193241 -493.597351 -58.522095
v 45.982437 -486.388245 -106.357941
v 37.328892 -474.495148 -153.169327
v 28.315863 -458.032471 -198.505554
v 19.030125 -437.158600 -241.930130
v 9.561088 -412.074677 -283.024811
v 4.803672 349.827484 357.208099
v 9.561106 313.263672 389.582367
v 14.226433 273.682983 418.204773
v 18.754751 231.466629 442.799500
v 23.102449 187.021057 463.129944
v 27.227737 140.774216 479.000366
v 31.090719 93.171967 490.257385
v 34.654221 44.672256 496.793121
v 37.884163 -4.257599 498.544434
v 40.749199 -53.146652 495.494690
v 43.221649 -101.523636 487.672791
v 45.277954 -148.922928 475.154419
v 46.898232 -194.888153 458.060120
v 48.066868 -238.976440 436.554413
v 48.772503 -280.763214 410.844452
v 49.008472 -319.846100 381.177826
v 48.772503 -355.848724 347.840240
v 48.066868 -388.424316 311.152802
v 46.898232 -417.259125 271.468750
v 45.277954 -442.075500 229.170242
v 43.221649 -462.634521 184.664810
v 40.749199 -478.738159 138.381058
v 37.884163 -490.231110 90.764328
v 34.654221 -497.002991 42.273712
v 31.090719 -498.988434 -6.624069
v 27.227737 -496.168457 -55.457932
v 23.102449 -488.569824 -103.758041
v 18.754751 -476.266174 -151.058716
v 14.226433 -459.375916 -196.904541
v 9.561106 -438.061462 -240.854156
v 4.803672 -412.528290 -282.484222
v -0.000006 349.675812 357.388885
v 0.000008 312.961761 389.942200
v -0.000006 273.233765 418.740143
v -0.000007 230.874390 443.505310
v -0.000022 186.291519 463.999390
v 0.000015 139.914413 480.025055
v 0.000017 92.190170 491.427429
v -0.000067 43.577942 498.097290
v 0.000037 -5.453918 499.970215
v 0.000056 -54.433426 497.028198
v -0.000041 -102.888474 489.299316
v -0.000045 -150.352707 476.858337
v -0.000037 -196.369110 459.825073
v -0.000011 -240.494324 438.363342
v -0.000071 -282.303345 412.679901
v -0.000089 -321.393677 383.022156
v -0.000071 -357.388855 349.675690
v -0.000011 -389.942200 312.961731
v -0.000037 -418.740082 273.233704
v -0.000045 -443.505249 230.874191
v -0.000041 -463.999329 186.291367
v 0.000056 -480.024963 139.914597
v 0.000037 -491.427429 92.190079
v -0.000067 -498.097290 43.577881
v 0.000017 -499.970215 -5.454025
v 0.000015 -497.028259 -54.433258
v -0.000022 -489.299377 -102.888626
v -0.000007 -476.858398 -150.352921
v -0.000006 -459.825134 -196.369171
v 0.000008 -438.363373 -240.494324
v -0.000006 -412.679962 -282.303436
v -4.803684 349.827484 357.208099
v -9.561089 313.263672 389.582367
v -14.226443 273.682983 418.204773
v -18.754765 231.466644 442.799500
v -23.102493 187.021057 463.129944
v -27.227705 140.774216 479.000366
v -31.090689 93.171967 490.257385
v -34.654354 44.672256 496.793121
v -37.884090 -4.257614 498.544495
v -40.749088 -53.146652 495.494690
v -43.221725 -101.523605 487.672729
v -45.278042 -148.922928 475.154419
v -46.898308 -194.888153 458.060120
v -48.066891 -238.976440 436.554413
v -48.772640 -280.763184 410.844421
v -49.008648 -319.846100 381.177795
v -48.772640 -355.848694 347.840210
v -48.066891 -388.424316 311.152802
v -46.898308 -417.259125 271.468750
v -45.278042 -442.075500 229.170242
v -43.221725 -462.634460 184.664780
v -40.749088 -478.738159 138.381058
v -37.884090 -490.231140 90.764359
v -34.654354 -497.002991 42.273712
v -31.090689 -498.988434 -6.624069
v -27.227705 -496.168457 -55.457932
v -23.102493 -488.569824 -103.758041
v -18.754765 -476.266144 -151.058731
v -14.226443 -459.375916 -196.904541
v -9.561089 -438.061462 -240.854156
v -4.803684 -412.528290 -282.484222
v -0.000000 383.022247 321.393768
v -9.561099 350.281097 356.667511
v -19.030109 314.166534 388.506409
v -28.315872 275.026428 416.603760
v -37.328903 233.237640 440.688873
v -45.982475 189.202637 460.530029
v -54.193207 143.345337 475.936249
v -61.881969 96.107864 486.758545
v -68.974899 47.944687 492.893219
v -75.403374 -0.680222 494.281128
v -81.105797 -49.298691 490.908875
v -86.027161 -97.442184 482.808716
v -90.119987 -144.647324 470.058899
v -93.344925 -190.459564 452.782318
v -95.670860 -234.437469 431.145081
v -97.075508 -276.157562 405.355652
v -97.545227 -315.218201 375.662476
v -97.075508 -351.243073 342.351440
v -95.670860 -383.885345 305.743469
v -93.344925 -412.830536 266.190948
v -90.119987 -437.799866 224.074753
v -86.027161 -458.553040 179.800735
v -81.105797 -474.890198 133.795273
v -75.403374 -486.653748 86.500992
v -68.974899 -493.730530 38.373810
v -61.881969 -496.052551 -10.122940
v -54.193207 -493.597351 -58.522064
v -45.982475 -486.388245 -106.357956
v -37.328903 -474.495148 -153.169342
v -28.315872 -458.032471 -198.505554
v -19.030109 -437.158600 -241.930130
v -9.561099 -412.074677 -283.024811
v -14.226437 351.032288 355.772308
v -28.315857 315.661621 386.724609
v -42.132603 277.251038 413.952545
v -55.543541 236.170395 437.193756
v -68.419617 192.815231 456.224731
v -80.636803 147.603012 470.862122
v -92.077301 100.969604 480.964539
v -102.631180 53.363678 486.435120
v -112.196472 5.243835 487.221069
v -120.681412 -42.926636 483.314941
v -128.004105 -90.683456 474.753967
v -134.094025 -137.567062 461.621033
v -138.892593 -183.125916 444.042419
v -142.353470 -226.921112 422.187439
v -144.443466 -268.530853 396.266479
v -145.142395 -307.554565 366.529327
v -144.443466 -343.616364 333.262268
v -142.353470 -376.368988 296.785828
v -138.892593 -405.496887 257.451050
v -134.094025 -430.719604 215.636856
v -128.004105 -451.794312 171.745987
v -120.681412 -468.518158 126.201340
v -112.196472 -480.729675 79.440964
v -102.631180 -488.311554 31.915710
v -92.077301 -491.190796 -15.916946
v -80.636803 -489.339661 -63.596176
v -68.419617 -482.775635 -110.663284
v -55.543541 -471.562378 -156.664459
v -42.132603 -455.807861 -201.156769
v -28.315857 -435.663513 -243.711914
v -14.226437 -411.323486 -283.920013
v -18.754765 352.073761 354.531128
v -37.328907 317.734558 384.254181
v -55.543571 280.335480 410.276642
v -73.223267 240.236603 432.347839
v -90.197845 197.824081 450.255402
v -106.303818 153.506241 463.826965
v -121.385872 107.710373 472.931183
v -135.299072 60.877060 477.480988
v -147.909073 13.457474 477.432434
v -159.094803 -34.091812 472.786011
v -168.748306 -81.312546 463.586182
v -176.776672 -127.750351 449.921875
v -183.102631 -172.957916 431.924683
v -187.665131 -216.499725 409.767700
v -190.420364 -257.956482 383.664429
v -191.341751 -296.929047 353.866302
v -190.420364 -333.041992 320.660217
v -187.665131 -365.947601 284.366089
v -183.102631 -395.328888 245.333313
v -176.776672 -420.902893 203.937729
v -168.748306 -442.423401 160.578201
v -159.094803 -459.683350 115.672409
v -147.909073 -472.516052 69.652328
v -135.299072 -480.798157 22.961578
v -121.385872 -484.450012 -23.950287
v -106.303818 -483.436462 -70.631363
v -90.197845 -477.766785 -116.632599
v -73.223267 -467.496185 -161.510376
v -55.543571 -452.723419 -204.832672
v -37.328907 -433.590576 -246.182343
v -18.754765 -410.282013 -285.161194
v -23.102474 353.395538 352.955872
v -45.982460 320.365387 381.118896
v -68.419624 284.250000 405.611511
v -90.197807 245.397125 426.197754
v -111.107414 204.180923 442.679626
v -130.947067 160.998169 454.898407
v -149.525436 116.265244 462.735901
v -166.663940 70.412491 466.117126
v -182.197220 23.881638 465.009399
v -195.976013 -22.879349 459.423523
v -207.867355 -69.419739 449.412842
v -217.756866 -115.291733 435.074280
v -225.549316 -160.053467 416.545715
v -231.169464 -203.273712 394.005554
v -234.563416 -244.536285 367.670868
v -235.698380 -283.443909 337.795349
v -234.563416 -319.621796 304.666656
v -231.169464 -352.721588 268.603943
v -225.549316 -382.424438 229.954346
v -217.756866 -408.444275 189.090103
v -207.867355 -430.530609 146.404892
v -195.976013 -448.470886 102.309891
v -182.197220 -462.091858 57.229294
v -166.663940 -471.262756 11.597702
v -149.525436 -475.895142 -34.145569
v -130.947067 -475.944519 -79.559906
v -111.107414 -471.409973 -124.208389
v -90.197807 -462.335663 -167.660461
v -68.419624 -448.808899 -209.497818
v -45.982460 -430.959747 -249.317627
v -23.102474 -408.960236 -286.736450
v -27.227694 354.984863 351.061798
v -54.193176 323.528748 377.348938
v -80.636772 288.956909 400.002014
v -106.303703 251.602295 418.802734
v -130.946960 211.824554 433.570282
v -154.329239 170.006668 444.162506
v -176.224976 126.551834 450.476807
v -196.423767 81.878143 452.452881
v -214.730698 36.415863 450.071716
v -230.969879 -9.397217 443.356140
v -244.984543 -55.119522 432.370483
v -256.639923 -100.311172 417.221130
v -265.823822 -144.536819 398.053711
v -272.447540 -187.370422 375.052765
v -276.447479 -228.399506 348.439819
v -277.785126 -267.229065 318.471252
v -276.447479 -303.485016 285.435608
v -272.447540 -336.818298 249.651154
v -265.823822 -366.907776 211.462341
v -256.639923 -393.463745 171.236984
v -244.984543 -416.230408 129.362534
v -230.969879 -434.988739 86.242508
v -214.730698 -449.557648 42.291580
v -196.423767 -459.797089 -2.066528
v -176.224976 -465.608582 -46.404663
v -154.329239 -466.936035 -90.295807
v -130.946960 -463.766327 -133.317719
v -106.303703 -456.130493 -175.055481
v -80.636772 -444.101990 -215.107300
v -54.193176 -427.796387 -253.087585
v -27.227694 -407.370911 -288.630524
v -31.090696 356.826447 348.867065
v -61.881981 327.194183 372.980652
v -92.077332 294.410919 393.502197
v -121.385826 258.792297 410.234009
v -149.525421 220.681335 423.015167
v -176.225128 180.444962 431.722626
v -201.227386 138.471069 436.272034
v -224.291916 95.163559 436.619934
v -245.196213 50.939514 432.763123
v -263.739380 6.224777 424.738586
v -279.742401 -38.549637 412.623291
v -293.051422 -82.952927 396.534363
v -303.538300 -126.557419 376.626709
v -311.101776 -168.943039 353.091858
v -315.669220 -209.701599 326.156494
v -317.196625 -248.440643 296.080078
v -315.669220 -284.787079 263.152283
v -311.101776 -318.390930 227.690247
v -303.538300 -348.928406 190.035339
v -293.051422 -376.105469 150.550217
v -279.742401 -399.660522 109.615311
v -263.739380 -419.366760 67.624954
v -245.196213 -435.033997 24.982986
v -224.291916 -446.511658 -17.899475
v -201.227386 -453.689331 -60.609451
v -176.225128 -456.497742 -102.735687
v -149.525421 -454.909546 -143.872833
v -121.385826 -448.940491 -183.624207
v -92.077332 -438.647980 -221.607117
v -61.881981 -424.130951 -257.455872
v -31.090696 -405.529327 -290.825256
v 0.000000 -383.022247 -321.393768
v -34.654278 358.902557 346.392883
v -68.974831 331.326385 368.056061
v -102.631134 300.559448 386.174652
v -135.298935 266.897949 400.574097
v -166.663849 230.666016 411.115906
v -196.423859 192.212524 417.698608
v -224.291855 151.908173 420.258301
v -250.000031 110.140808 418.770752
v -273.300354 67.312653 413.250336
v -293.968903 23.836166 403.750122
v -311.806183 -19.869644 390.361328
v -326.640656 -63.384201 373.213257
v -338.329529 -106.288437 352.471069
v -346.759918 -148.168991 328.334320
v -351.850861 -188.622559 301.035492
v -353.553345 -227.259613 270.837524
v -351.850861 -263.708069 238.031281
v -346.759918 -297.616882 202.932709
v -338.329529 -328.659424 165.879700
v -326.640656 -356.536743 127.229111
v -311.806183 -380.980530 87.353378
v -293.968903 -401.755371 46.636505
v -273.300354 -418.660858 5.470215
v -250.000031 -431.534424 -35.748672
v -224.291855 -440.252228 -76.623169
v -196.423859 -444.730164 -116.759720
v -166.663849 -444.924866 -155.772095
v -135.298935 -440.834839 -193.284119
v -102.631134 -432.499451 -228.934662
v -68.974831 -419.998749 -262.380463
v -34.654278 -403.453217 -293.299438
v -37.884121 361.193176 343.662994
v -75.403412 335.885590 362.622620
v -112.196548 307.343292 378.089966
v -147.909042 275.841125 389.916016
v -182.197250 241.682404 397.987091
v -214.730927 205.196014 402.225464
v -245.196289 166.733719 402.589905
v -273.300476 126.665665 399.077179
v -298.772461 85.377640 391.721313
v -321.367340 43.267334 380.592957
v -340.867065 0.740555 365.799072
v -357.084167 -41.793427 347.482391
v -369.862457 -83.925064 325.819427
v -379.078583 -125.248383 301.018585
v -384.644043 -165.365417 273.318695
v -386.505188 -203.889954 242.986618
v -384.644043 -240.450928 210.314484
v -379.078583 -274.696259 175.616943
v -369.862457 -306.296021 139.228058
v -357.084167 -334.945984 101.498230
v -340.867065 -360.370300 62.791092
v -321.367340 -382.324188 23.479340
v -298.772461 -400.595886 -16.058792
v -273.300476 -415.009583 -55.442230
v -245.196289 -425.426697 -94.291580
v -214.730927 -431.746674 -132.232864
v -182.197250 -433.908478 -168.900909
v -147.909042 -431.891663 -203.942184
v -112.196548 -425.715607 -237.019348
v -75.403412 -415.439545 -267.813904
v -37.884121 -401.162598 -296.029327
v -40.749119 363.676270 340.703766
v -81.105820 340.827850 356.732666
v -120.681450 314.697144 369.325989
v -159.094711 285.535706 378.362457
v -195.975952 253.624405 383.755157
v -230.970032 219.270416 385.452240
v -263.739319 182.804962 383.436951
v -293.968872 144.578964 377.728943
v -321.367218 104.960495 368.383362
v -345.670837 64.331146 355.490082
v -366.645233 23.082474 339.172974
v -384.088715 -18.388565 319.589569
v -397.833435 -59.682663 296.928467
v -407.746521 -100.401917 271.407715
v -413.732849 -140.154175 243.273102
v -415.734772 -178.556702 212.795624
v -413.732849 -215.239685 180.268890
v -407.746521 -249.849792 146.006104
v -397.833435 -282.053650 110.337097
v -384.088715 -311.541138 73.605408
v -366.645233 -338.028381 36.165024
v -345.670837 -361.260376 -1.623535
v -321.367218 -381.013000 -39.396744
v -293.968872 -397.096252 -76.790466
v -263.739319 -409.355438 -113.444534
v -230.970032 -417.672272 -149.006073
v -195.975952 -421.966492 -183.132843
v -159.094711 -422.197083 -215.495758
v -120.681450 -418.361755 -245.783310
v -81.105820 -410.497284 -273.703857
v -40.749119 -398.679504 -298.988556
v -43.221680 366.327911 337.543671
v -86.027138 346.105591 350.442871
v -128.004120 322.550171 359.967133
v -168.748199 295.888397 366.024628
v -207.867325 266.377014 368.557190
v -244.984741 234.300171 367.540466
v -279.742432 199.967102 362.983887
v -311.806213 163.708206 354.931580
v -340.867004 125.872612 343.461304
v -366.645355 86.824753 328.683228
v -388.892456 46.940933 310.739563
v -407.394318 6.604980 289.803406
v -421.973022 -33.794724 266.076416
v -432.487640 -73.868896 239.786896
v -438.837189 -113.231606 211.188019
v -440.960571 -151.503860 180.555298
v -438.837189 -188.317108 148.183807
v -432.487640 -223.316772 114.385262
v -421.973022 -256.165710 79.485031
v -407.394318 -286.547577 43.819260
v -388.892456 -314.169922 7.731613
v -366.645355 -338.766785 -28.430374
v -340.867004 -360.100891 -64.318832
v -311.806213 -377.967041 -99.587822
v -279.742432 -392.193298 -133.897583
v -244.984741 -402.642517 -166.917847
v -207.867325 -409.213867 -198.330811
v -168.748199 -411.844391 -227.833588
v -128.004120 -410.508728 -255.142181
v -86.027138 -405.219543 -279.993652
v -43.221680 -396.027863 -302.148651
v -45.277992 369.122559 334.213135
v -90.119965 351.667999 343.813873
v -134.094040 330.826752 350.103516
v -176.776566 306.799408 353.021362
v -217.756805 279.817444 352.539520
v -256.640137 250.140564 348.662628
v -293.051453 218.054855 341.427734
v -326.640656 183.869171 330.904694
v -357.084106 147.912598 317.195038
v -384.088898 110.531532 300.430603
v -407.394379 72.086174 280.772644
v -426.776489 32.946533 258.410767
v -442.048798 -6.510529 233.560364
v -453.063629 -45.904854 206.460632
v -459.715271 -84.857002 177.372467
v -461.939697 -122.991966 146.576141
v -459.715271 -159.942505 114.368263
v -453.063629 -195.352722 81.059013
v -442.048798 -228.881500 46.968994
v -426.776489 -260.206024 12.426605
v -407.394379 -289.024689 -22.235336
v -384.088898 -315.059998 -56.683022
v -357.084106 -338.060913 -90.585083
v -326.640656 -357.806061 -123.614723
v -293.051453 -374.105530 -155.453735
v -256.640137 -386.802124 -185.795685
v -217.756805 -395.773438 -214.348480
v -176.776566 -400.933380 -240.836853
v -134.094040 -402.232147 -265.005798
v -90.119965 -399.657135 -286.622650
v -45.277992 -393.233215 -305.479187
v -46.898251 372.033325 330.744232
v -93.344887 357.461487 336.909485
v -138.892563 339.447144 339.830109
v -183.102463 318.163727 339.477905
v -225.549179 293.816193 335.856415
v -265.823975 266.639008 329.000549
v -303.538239 236.894043 318.976074
v -338.329407 204.867676 305.879639
v -369.862244 170.868225 289.837585
v -397.833435 135.223175 271.004242
v -421.972900 98.276047 249.560760
v -442.048584 60.382401 225.713959
v -457.867371 21.907135 199.693497
v -469.276428 -16.779083 171.749878
v -476.166077 -55.303619 142.152100
v -478.470093 -93.295578 111.185356
v -476.166077 -130.389114 79.147911
v -469.276428 -166.226959 46.348259
v -457.867371 -200.463837 13.102127
v -442.048584 -232.770157 -20.270203
v -421.972900 -262.834839 -53.447212
v -397.833435 -290.368347 -86.109383
v -369.862244 -315.105286 -117.942520
v -338.329407 -336.807556 -148.639771
v -303.538239 -355.266357 -177.905396
v -265.823975 -370.303680 -205.457764
v -225.549179 -381.774689 -231.031570
v -183.102463 -389.569061 -254.380310
v -138.892563 -393.611755 -275.279205
v -93.344887 -393.863647 -293.527039
v -46.898251 -390.322449 -308.948090
v -48.066856 375.032135 327.170380
v -95.670853 363.430237 329.796173
v -142.353470 348.328369 329.245880
v -187.664978 329.871857 325.524689
v -231.169373 308.238525 318.668579
v -272.447723 283.636597 308.743591
v -311.101776 256.303223 295.845093
v -346.759857 226.501511 280.097412
v -379.078461 194.518356 261.652466
v -407.746613 160.661880 240.687561
v -432.487579 125.258301 217.404541
v -453.063477 88.648361 192.027893
v -469.276489 51.184608 164.801971
v -480.969818 13.227913 135.988937
v -488.031128 -24.856071 105.866127
v -490.392548 -62.700710 74.723808
v -488.031128 -99.941566 42.861931
v -480.969818 -136.219971 10.587311
v -469.276489 -171.186371 -21.789406
v -453.063477 -204.504196 -53.956268
v -432.487579 -235.852570 -85.603416
v -407.746613 -264.929657 -116.426056
v -379.078461 -291.455139 -146.127670
v -346.759857 -315.173706 -174.421982
v -311.101776 -335.857178 -201.036362
v -272.447723 -353.306091 -225.714722
v -231.169373 -367.352356 -248.219421
v -187.664978 -377.860931 -268.333527
v -142.353470 -384.730530 -285.863434
v -95.670853 -387.894897 -300.640350
v -48.066856 -387.323639 -312.521942
v -48.772549 378.090149 323.525970
v -97.075439 369.516815 322.542480
v -144.443451 357.384888 318.452728
v -190.420197 341.811066 311.296082
v -234.563293 322.945496 301.141510
v -276.447723 300.969696 288.086823
v -315.669220 276.095459 272.257599
v -351.850830 248.562332 253.806366
v -384.643921 218.635284 232.911011
v -413.732971 186.602661 209.772537
v -438.837128 152.773102 184.613678
v -459.715149 117.472206 157.676971
v -476.166199 81.039917 129.221786
v -488.031219 43.827156 99.522171
v -495.196167 6.192400 68.863998
v -497.592255 -31.502001 37.542629
v -495.196167 -68.893097 5.859798
v -488.031219 -105.620720 -25.879452
v -476.166199 -141.331055 -57.369583
v -459.715149 -175.680359 -88.307190
v -438.837128 -208.337769 -118.394287
v -413.732971 -238.988861 -147.341080
v -384.643921 -267.338226 -174.869110
v -351.850830 -293.112915 -200.713043
v -315.669220 -316.064941 -224.623856
v -276.447723 -335.972992 -246.371506
v -234.563293 -352.645386 -265.746490
v -190.420197 -365.921722 -282.562134
v -144.443451 -375.674011 -296.656586
v -97.075439 -381.808319 -307.894043
v -48.772549 -384.265625 -316.166351
v -49.008537 381.177887 319.846161
v -97.545151 375.662567 315.218262
v -145.142349 366.529449 307.554657
v -191.341553 353.866394 296.929108
v -235.698242 337.795471 283.443970
v -277.785339 318.471344 267.229156
v -317.196594 296.080200 248.440750
v -353.553284 270.837677 227.259644
v -386.505066 242.986725 203.890091
v -415.734894 212.795700 178.556870
v -440.960480 180.555466 151.503937
v -461.939514 146.576324 122.992020
v -478.470154 111.185539 93.295616
v -490.392609 74.723946 62.700806
v -497.592194 37.542797 31.502039
v -499.999847 0.000091 -0.000108
v -497.592194 -37.542698 -31.502157
v -490.392609 -74.723930 -62.700821
v -478.470154 -111.185432 -93.295753
v -461.939514 -146.576233 -122.992142
v -440.960480 -180.555405 -151.504028
v -415.734894 -212.795822 -178.556747
v -386.505066 -242.986786 -203.890030
v -353.553284 -270.837555 -227.259766
v -317.196594 -296.080200 -248.440720
v -277.785339 -318.471344 -267.229156
v -235.698242 -337.795410 -283.444031
v -191.341553 -353.866394 -296.929108
v -145.142349 -366.529449 -307.554657
v -97.545151 -375.662567 -315.218262
v -49.008537 -381.177887 -319.846161
v -48.772549 384.265625 316.166321
v -97.075439 381.808319 307.894043
v -144.443451 375.674042 296.656555
v -190.420181 365.921722 282.562134
v -234.563293 352.645447 265.746460
v -276.447723 335.972992 246.371521
v -315.669220 316.064911 224.623886
v -351.850830 293.113007 200.712921
v -384.643951 267.338165 174.869171
v -413.733002 238.988754 147.341217
v -438.837097 208.337830 118.394211
v -459.715149 175.680466 88.307068
v -476.166199 141.331161 57.369453
v -488.031219 105.620735 25.879436
v -495.196136 68.893188 -5.859913
v -497.592224 31.502180 -37.542843
v -495.196136 -6.192303 -68.864105
v -488.031219 -43.827141 -99.522186
v -476.166199 -81.039803 -129.221924
v -459.715149 -117.472099 -157.677094
v -438.837097 -152.773041 -184.613754
v -413.733002 -186.602768 -209.772400
v -384.643951 -218.635345 -232.910950
v -351.850830 -248.562225 -253.806488
v -315.669220 -276.095490 -272.257599
v -276.447723 -300.969696 -288.086792
v -234.563293 -322.945435 -301.141541
v -190.420181 -341.811066 -311.296082
v -144.443451 -357.384857 -318.452759
v -97.075439 -369.516815 -322.542480
v -48.772549 -378.090149 -323.526001
v -48.066853 387.323639 312.521942
v -95.670853 387.894897 300.640350
v -142.353470 384.730530 285.863434
v -187.664978 377.860931 268.333527
v -231.169357 367.352417 248.219376
v -272.447754 353.306061 225.714737
v -311.101776 335.857147 201.036392
v -346.759857 315.173828 174.421860
v -379.078522 291.455078 146.127747
v -407.746674 264.929535 116.426178
v -432.487518 235.852631 85.603340
v -453.063477 204.504303 53.956146
v -469.276489 171.186478 21.789268
v -480.969818 136.219971 -10.587326
v -488.031067 99.941666 -42.862045
v -490.392487 62.700886 -74.724022
v -488.031067 24.856171 -105.866241
v -480.969818 -13.227898 -135.988953
v -469.276489 -51.184490 -164.802094
v -453.063477 -88.648254 -192.028015
v -432.487518 -125.258240 -217.404633
v -407.746674 -160.661987 -240.687439
v -379.078522 -194.518433 -261.652374
v -346.759857 -226.501404 -280.097534
v -311.101776 -256.303253 -295.845093
v -272.447754 -283.636627 -308.743591
v -231.169357 -308.238464 -318.668610
v -187.664978 -329.871857 -325.524689
v -142.353470 -348.328369 -329.245880
v -95.670853 -363.430237 -329.796173
v -48.066853 -375.032135 -327.170380
v -46.898243 390.322449 308.948090
v -93.344887 393.863647 293.527069
v -138.892563 393.611755 275.279205
v -183.102432 389.569092 254.380295
v -225.549149 381.774719 231.031525
v -265.824005 370.303680 205.457764
v -303.538239 355.266357 177.905426
v -338.329407 336.807678 148.639648
v -369.862305 315.105225 117.942589
v -397.833496 290.368256 86.109497
v -421.972809 262.834900 53.447128
v -442.048553 232.770264 20.270073
v -457.867371 200.463959 -13.102264
v -469.276428 166.226974 -46.348282
v -476.166016 130.389191 -79.148010
v -478.469971 93.295746 -111.185562
v -476.166016 55.303703 -142.152206
v -469.276428 16.779099 -171.749908
v -457.867371 -21.907021 -199.693634
v -442.048553 -60.382301 -225.714081
v -421.972809 -98.275986 -249.560837
v -397.833496 -135.223267 -271.004120
v -369.862305 -170.868286 -289.837524
v -338.329407 -204.867569 -305.879761
v -303.538239 -236.894058 -318.976044
v -265.824005 -266.639008 -329.000549
v -225.549149 -293.816162 -335.856476
v -183.102432 -318.163696 -339.477905
v -138.892563 -339.447144 -339.830109
v -93.344887 -357.461487 -336.909454
v -46.898243 -372.033325 -330.744232
v -45.277981 393.233215 305.479187
v -90.119972 399.657135 286.622650
v -134.094025 402.232178 265.005798
v -176.776535 400.933380 240.836838
v -217.756760 395.773499 214.348450
v -256.640198 386.802124 185.795685
v -293.051453 374.105530 155.453766
v -326.640625 357.806152 123.614609
v -357.084167 338.060852 90.585152
v -384.088959 315.059906 56.683128
v -407.394287 289.024750 22.235260
v -426.776428 260.206116 -12.426727
v -442.048798 228.881622 -46.969131
v -453.063629 195.352753 -81.059029
v -459.715210 159.942566 -114.368355
v -461.939575 122.992126 -146.576340
v -459.715210 84.857079 -177.372559
v -453.063629 45.904869 -206.460663
v -442.048798 6.510643 -233.560501
v -426.776428 -32.946434 -258.410889
v -407.394287 -72.086121 -280.772705
v -384.088959 -110.531616 -300.430481
v -357.084167 -147.912659 -317.194977
v -326.640625 -183.869080 -330.904785
v -293.051453 -218.054871 -341.427704
v -256.640198 -250.140564 -348.662628
v -217.756760 -279.817383 -352.539551
v -176.776535 -306.799408 -353.021362
v -134.094025 -330.826721 -350.103516
v -90.119972 -351.667999 -343.813873
v -45.277981 -369.122559 -334.213135
v -43.221664 396.027863 302.148651
v -86.027145 405.219513 279.993652
v -128.004105 410.508728 255.142181
v -168.748169 411.844421 227.833588
v -207.867264 409.213898 198.330780
v -244.984818 402.642487 166.917862
v -279.742462 392.193298 133.897598
v -311.806152 377.967102 99.587715
v -340.867065 360.100830 64.318909
v -366.645447 338.766693 28.430466
v -388.892365 314.169983 -7.731674
v -407.394226 286.547668 -43.819351
v -421.972992 256.165833 -79.485168
v -432.487610 223.316788 -114.385277
v -438.837097 188.317169 -148.183899
v -440.960449 151.504013 -180.555481
v -438.837097 113.231667 -211.188080
v -432.487610 73.868912 -239.786896
v -421.972992 33.794846 -266.076538
v -407.394226 -6.604889 -289.803528
v -388.892365 -46.940887 -310.739624
v -366.645447 -86.824829 -328.683167
v -340.867065 -125.872673 -343.461212
v -311.806152 -163.708130 -354.931702
v -279.742462 -199.967117 -362.983887
v -244.984818 -234.300201 -367.540466
v -207.867264 -266.376984 -368.557220
v -168.748169 -295.888367 -366.024628
v -128.004105 -322.550171 -359.967133
v -86.027145 -346.105621 -350.442871
v -43.221664 -366.327911 -337.543671
v -40.749104 398.679504 298.988525
v -81.105827 410.497253 273.703888
v -120.681435 418.361755 245.783295
v -159.094666 422.197083 215.495758
v -195.975906 421.966492 183.132812
v -230.970093 417.672272 149.006073
v -263.739349 409.355408 113.444565
v -293.968781 397.096344 76.790375
v -321.367249 381.012939 39.396820
v -345.670959 361.260315 1.623611
v -366.645172 338.028442 -36.165070
v -384.088593 311.541199 -73.605499
v -397.833374 282.053772 -110.337234
v -407.746490 249.849808 -146.006104
v -413.732727 215.239716 -180.268951
v -415.734589 178.556854 -212.795807
v -413.732727 140.154236 -243.273132
v -407.746490 100.401932 -271.407745
v -397.833374 59.682785 -296.928589
v -384.088593 18.388657 -319.589661
v -366.645172 -23.082428 -339.173035
v -345.670959 -64.331207 -355.489990
v -321.367249 -104.960556 -368.383301
v -293.968781 -144.578888 -377.729034
v -263.739349 -182.804993 -383.436890
v -230.970093 -219.270416 -385.452240
v -195.975906 -253.624374 -383.755188
v -159.094666 -285.535706 -378.362457
v -120.681435 -314.697144 -369.326019
v -81.105827 -340.827881 -356.732635
v -40.749104 -363.676270 -340.703796
v -37.884106 401.162598 296.029297
v -75.403419 415.439545 267.813904
v -112.196533 425.715607 237.019318
v -147.908997 431.891663 203.942184
v -182.197189 433.908508 168.900879
v -214.730988 431.746674 132.232849
v -245.196320 425.426636 94.291611
v -273.300323 415.009644 55.442154
v -298.772491 400.595825 16.058884
v -321.367462 382.324158 -23.479294
v -340.866974 360.370361 -62.791138
v -357.084015 334.946045 -101.498322
v -369.862366 306.296143 -139.228195
v -379.078552 274.696289 -175.616974
v -384.643921 240.450958 -210.314545
v -386.505005 203.890060 -242.986755
v -384.643921 165.365479 -273.318726
v -379.078552 125.248398 -301.018616
v -369.862366 83.925186 -325.819580
v -357.084015 41.793503 -347.482483
v -340.866974 -0.740509 -365.799103
v -321.367462 -43.267380 -380.592896
v -298.772491 -85.377701 -391.721252
v -273.300323 -126.665588 -399.077271
v -245.196320 -166.733749 -402.589844
v -214.730988 -205.196014 -402.225464
v -182.197189 -241.682373 -397.987122
v -147.908997 -275.841125 -389.916016
v -112.196533 -307.343292 -378.089996
v -75.403419 -335.885590 -362.622620
v -37.884106 -361.193176 -343.663025
v -34.654259 403.453217 293.299438
v -68.974838 419.998718 262.380463
v -102.631119 432.499451 228.934631
v -135.298889 440.834839 193.284119
v -166.663803 444.924866 155.772079
v -196.423920 444.730164 116.759705
v -224.291885 440.252197 76.623184
v -249.999863 431.534485 35.748596
v -273.300385 418.660797 -5.470139
v -293.968994 401.755310 -46.636459
v -311.806091 380.980560 -87.353424
v -326.640472 356.536804 -127.229187
v -338.329437 328.659546 -165.879822
v -346.759888 297.616882 -202.932709
v -351.850769 263.708069 -238.031281
v -353.553162 227.259705 -270.837616
v -351.850769 188.622589 -301.035492
v -346.759888 148.169006 -328.334320
v -338.329437 106.288559 -352.471191
v -326.640472 63.384247 -373.213348
v -311.806091 19.869690 -390.361389
v -293.968994 -23.836212 -403.750061
v -273.300385 -67.312714 -413.250244
v -249.999863 -110.140747 -418.770813
v -224.291885 -151.908188 -420.258301
v -196.423920 -192.212509 -417.698608
v -166.663803 -230.666000 -411.115906
v -135.298889 -266.897949 -400.574097
v -102.631119 -300.559448 -386.174683
v -68.974838 -331.326416 -368.056061
v -34.654259 -358.902557 -346.392883
v -31.090677 405.529327 290.825256
v -61.881989 424.130951 257.455902
v -92.077316 438.648010 221.607117
v -121.385765 448.940460 183.624222
v -149.525345 454.909546 143.872833
v -176.225174 456.497742 102.735672
v -201.227432 453.689331 60.609467
v -224.291779 446.511719 17.899429
v -245.196259 435.033936 -24.982910
v -263.739471 419.366699 -67.624878
v -279.742310 399.660522 -109.615372
v -293.051239 376.105499 -150.550247
v -303.538208 348.928528 -190.035461
v -311.101746 318.390930 -227.690277
v -315.669128 284.787109 -263.152283
v -317.196442 248.440720 -296.080170
v -315.669128 209.701599 -326.156494
v -311.101746 168.943054 -353.091888
v -303.538208 126.557541 -376.626831
v -293.051239 82.952942 -396.534424
v -279.742310 38.549667 -412.623352
v -263.739471 -6.224838 -424.738495
v -245.196259 -50.939560 -432.763031
v -224.291779 -95.163513 -436.619995
v -201.227432 -138.471085 -436.272003
v -176.225174 -180.444946 -431.722656
v -149.525345 -220.681335 -423.015167
v -121.385765 -258.792328 -410.234009
v -92.077316 -294.410889 -393.502197
v -61.881989 -327.194183 -372.980621
v -31.090677 -356.826447 -348.867065
v -27.227674 407.370911 288.630524
v -54.193184 427.796387 253.087585
v -80.636757 444.101990 215.107300
v -106.303650 456.130463 175.055511
v -130.946884 463.766327 133.317719
v -154.329269 466.936035 90.295807
v -176.225021 465.608551 46.404678
v -196.423615 459.797119 2.066498
v -214.730743 449.557556 -42.291489
v -230.970001 434.988678 -86.242447
v -244.984451 416.230408 -129.362595
v -256.639771 393.463684 -171.236954
v -265.823730 366.907898 -211.462463
v -272.447510 336.818329 -249.651184
v -276.447388 303.485046 -285.435638
v -277.784882 267.229095 -318.471313
v -276.447388 228.399536 -348.439850
v -272.447510 187.370453 -375.052795
v -265.823730 144.536926 -398.053833
v -256.639771 100.311142 -417.221130
v -244.984451 55.119553 -432.370544
v -230.970001 9.397156 -443.356079
v -214.730743 -36.415939 -450.071594
v -196.423615 -81.878113 -452.452911
v -176.225021 -126.551849 -450.476807
v -154.329269 -170.006668 -444.162506
v -130.946884 -211.824554 -433.570282
v -106.303650 -251.602325 -418.802704
v -80.636757 -288.956909 -400.002014
v -54.193184 -323.528748 -377.348938
v -27.227674 -354.984863 -351.061798
v -23.102453 408.960236 286.736450
v -45.982464 430.959747 249.317657
v -68.419617 448.808899 209.497803
v -90.197754 462.335632 167.660507
v -111.107346 471.409943 124.208405
v -130.947113 475.944519 79.559906
v -149.525467 475.895142 34.145599
v -166.663803 471.262695 -11.597672
v -182.197250 462.091797 -57.229202
v -195.976151 448.470825 -102.309860
v -207.867264 430.530640 -146.404922
v -217.756714 408.444275 -189.090073
v -225.549210 382.424530 -229.954468
v -231.169449 352.721588 -268.603973
v -234.563293 319.621796 -304.666656
v -235.698135 283.443939 -337.795380
v -234.563293 244.536285 -367.670868
v -231.169449 203.273712 -394.005585
v -225.549210 160.053558 -416.545837
v -217.756714 115.291702 -435.074219
v -207.867264 69.419785 -449.412903
v -195.976151 22.879303 -459.423462
v -182.197250 -23.881714 -465.009338
v -166.663803 -70.412521 -466.117065
v -149.525467 -116.265259 -462.735870
v -130.947113 -160.998169 -454.898407
v -111.107346 -204.180939 -442.679596
v -90.197754 -245.397171 -426.197693
v -68.419617 -284.250000 -405.611511
v -45.982464 -320.365387 -381.118866
v -23.102453 -353.395538 -352.955872
v -18.754744 410.282013 285.161224
v -37.328911 433.590546 246.182358
v -55.543564 452.723419 204.832642
v -73.223221 467.496155 161.510422
v -90.197777 477.766785 116.632614
v -106.303864 483.436462 70.631348
v -121.385902 484.450012 23.950287
v -135.298920 480.798126 -22.961533
v -147.909119 472.515930 -69.652237
v -159.094940 459.683319 -115.672379
v -168.748199 442.423462 -160.578232
v -176.776535 420.902893 -203.937698
v -183.102524 395.328979 -245.333405
v -187.665100 365.947601 -284.366089
v -190.420242 333.041962 -320.660217
v -191.341492 296.929047 -353.866302
v -190.420242 257.956451 -383.664429
v -187.665100 216.499725 -409.767700
v -183.102524 172.958008 -431.924774
v -176.776535 127.750320 -449.921875
v -168.748199 81.312607 -463.586182
v -159.094940 34.091797 -472.786011
v -147.909119 -13.457565 -477.432373
v -135.298920 -60.877106 -477.480957
v -121.385902 -107.710373 -472.931183
v -106.303864 -153.506226 -463.826965
v -90.197777 -197.824097 -450.255371
v -73.223221 -240.236649 -432.347778
v -55.543564 -280.335480 -410.276672
v -37.328911 -317.734589 -384.254150
v -18.754744 -352.073761 -354.531097
v -14.226417 411.323486 283.920013
v -28.315861 435.663513 243.711914
v -42.132595 455.807861 201.156769
v -55.543499 471.562347 156.664505
v -68.419563 482.775635 110.663315
v -80.636841 489.339722 63.596130
v -92.077332 491.190796 15.916946
v -102.631035 488.311523 -31.915619
v -112.196533 480.729584 -79.440872
v -120.681572 468.518127 -126.201309
v -128.003983 451.794373 -171.746048
v -134.093903 430.719604 -215.636765
v -138.892471 405.496979 -257.451141
v -142.353439 376.368988 -296.785828
v -144.443329 343.616333 -333.262238
v -145.142120 307.554565 -366.529327
v -144.443329 268.530823 -396.266449
v -142.353439 226.921112 -422.187439
v -138.892471 183.126007 -444.042511
v -134.093903 137.567032 -461.620911
v -128.003983 90.683487 -474.754028
v -120.681572 42.926620 -483.314941
v -112.196533 -5.243927 -487.221008
v -102.631035 -53.363724 -486.435028
v -92.077332 -100.969604 -480.964539
v -80.636841 -147.602982 -470.862183
v -68.419563 -192.815262 -456.224670
v -55.543499 -236.170441 -437.193726
v -42.132595 -277.251038 -413.952545
v -28.315861 -315.661621 -386.724609
v -14.226417 -351.032288 -355.772308
v -9.561081 412.074646 283.024811
v -19.030113 437.158600 241.930145
v -28.315863 458.032471 198.505554
v -37.328861 474.495087 153.169403
v -45.982422 486.388214 106.358002
v -54.193249 493.597412 58.522018
v -61.882004 496.052551 10.122940
v -68.974762 493.730469 -38.373718
v -75.403435 486.653625 -86.500870
v -81.105965 474.890198 -133.795242
v -86.027039 458.553040 -179.800735
v -90.119865 437.799805 -224.074692
v -93.344810 412.830597 -266.191040
v -95.670845 383.885345 -305.743469
v -97.075356 351.243042 -342.351410
v -97.544968 315.218170 -375.662445
v -97.075356 276.157532 -405.355621
v -95.670845 234.437469 -431.145081
v -93.344810 190.459625 -452.782410
v -90.119865 144.647263 -470.058838
v -86.027039 97.442184 -482.808716
v -81.105965 49.298691 -490.908875
v -75.403435 0.680130 -494.281006
v -68.974762 -47.944748 -492.893127
v -61.882004 -96.107864 -486.758545
v -54.193249 -143.345291 -475.936279
v -45.982422 -189.202667 -460.529999
v -37.328861 -233.237701 -440.688812
v -28.315863 -275.026428 -416.603760
v -19.030113 -314.166534 -388.506378
v -9.561081 -350.281128 -356.667511
v -4.803667 412.528259 282.484222
v -9.561095 438.061462 240.854156
v -14.226433 459.375916 196.904541
v -18.754730 476.266083 151.058792
v -23.102442 488.569763 103.758102
v -27.227737 496.168518 55.457855
v -31.090719 498.988434 6.624069
v -34.654224 497.002930 -42.273651
v -37.884163 490.231049 -90.764267
v -40.749260 478.738159 -138.381058
v -43.221600 462.634460 -184.664780
v -45.277931 442.075439 -229.170151
v -46.898182 417.259216 -271.468842
v -48.066868 388.424316 -311.152802
v -48.772507 355.848633 -347.840149
v -49.008392 319.846039 -381.177765
v -48.772507 280.763123 -410.844360
v -48.066868 238.976440 -436.554413
v -46.898182 194.888245 -458.060211
v -45.277931 148.922867 -475.154297
v -43.221600 101.523605 -487.672729
v -40.749260 53.146652 -495.494690
v -37.884163 4.257538 -498.544373
v -34.654224 -44.672318 -496.793060
v -31.090719 -93.171967 -490.257385
v -27.227737 -140.774155 -479.000458
v -23.102442 -187.021103 -463.129883
v -18.754730 -231.466705 -442.799438
v -14.226433 -273.682983 -418.204773
v -9.561095 -313.263672 -389.582367
v -4.803667 -349.827515 -357.208099
v 0.000017 476.858337 150.352997
v -0.000007 497.028320 54.433182
v -0.000017 499.970215 5.454025
v 0.000052 498.097229 -43.577820
v -0.000048 491.427368 -92.189987
v -0.000115 480.024963 -139.914627
v 0.000011 389.942200 -312.961731
v 0.000011 240.494324 -438.363342
v -0.000115 54.433456 -497.028259
v -0.000048 5.453873 -499.970093
v 0.000052 -43.578003 -498.097229
v -0.000017 -92.190170 -491.427429
v -0.000007 -139.914352 -480.025146
v 0.000022 -186.291565 -463.999329
v 0.000017 -230.874451 -443.505219
v 0.000001 -312.961761 -389.942200
vn -0.0000 0.3713 0.9285
vn -0.0546 0.2803 0.9584
vn -0.0000 0.2786 0.9604
vn -0.0000 -0.7797 0.6262
vn -0.0938 -0.8343 0.5433
vn -0.0000 -0.8372 0.5468
vn -0.0000 -0.8262 -0.5633
vn -0.0098 -0.8259 -0.5637
vn -0.0000 -0.7660 -0.6428
vn -0.0376 0.4617 0.8862
vn -0.0000 0.4605 0.8877
vn -0.0975 -0.7116 0.6958
vn -0.0000 -0.7147 0.6995
vn -0.0193 -0.8768 -0.4804
vn -0.0000 -0.8774 -0.4797
vn -0.0286 0.5461 0.8372
vn -0.0000 0.5452 0.8383
vn -0.0980 -0.6397 0.7624
vn -0.0000 -0.6428 0.7660
vn -0.0000 -0.9202 -0.3914
vn -0.0193 0.6254 0.7801
vn -0.0000 0.6248 0.7808
vn -0.0975 -0.5617 0.8216
vn -0.0000 -0.5647 0.8253
vn -0.0000 -0.9541 -0.2994
vn -0.0286 -0.9193 -0.3925
vn -0.0098 0.6986 0.7155
vn -0.0000 0.6983 0.7158
vn -0.0961 -0.4782 0.8730
vn -0.0000 -0.4813 0.8766
vn -0.0000 -0.9789 -0.2045
vn -0.0376 -0.9530 -0.3008
vn -0.0000 0.7660 0.6428
vn -0.0938 -0.3902 0.9159
vn -0.0000 -0.3931 0.9195
vn -0.0546 -0.9925 -0.1097
vn -0.0000 -0.9942 -0.1076
vn -0.0906 -0.2984 0.9501
vn -0.0000 -0.3013 0.9535
vn -0.0623 -0.9980 -0.0121
vn -0.0000 -1.0000 -0.0097
vn -0.0865 -0.2038 0.9752
vn -0.0000 -0.2065 0.9784
vn -0.0000 -0.9961 0.0882
vn -0.0815 -0.1071 0.9909
vn -0.0000 -0.1097 0.9940
vn -0.0000 -0.9827 0.1853
vn -0.0694 -0.9939 0.0856
vn -0.0758 -0.0095 0.9971
vn -0.0000 -0.0119 0.9999
vn -0.0815 -0.9572 0.2776
vn -0.0000 -0.9598 0.2806
vn -0.0694 0.0883 0.9937
vn -0.0000 0.0861 0.9963
vn -0.0000 -0.9277 0.3733
vn -0.0623 0.1852 0.9807
vn -0.0000 0.1832 0.9831
vn -0.0906 -0.8839 0.4589
vn -0.0000 -0.8867 0.4623
vn -0.1623 -0.0994 0.9817
vn -0.0758 -0.9803 0.1825
vn -0.1381 -0.9874 0.0778
vn -0.1509 -0.0023 0.9885
vn -0.1509 -0.9731 0.1739
vn -0.1381 0.0948 0.9859
vn -0.0865 -0.9250 0.3700
vn -0.1623 -0.9495 0.2684
vn -0.1803 -0.8753 0.4487
vn -0.1239 0.1911 0.9737
vn -0.0922 0.3772 0.9215
vn -0.0463 0.3728 0.9268
vn -0.1914 -0.7676 0.6117
vn -0.0961 -0.7767 0.6225
vn -0.0194 -0.8250 -0.5648
vn -0.1942 -0.7024 0.6848
vn -0.0569 0.5488 0.8340
vn -0.1951 -0.6304 0.7513
vn -0.0569 -0.9166 -0.3957
vn -0.1942 -0.5524 0.8106
vn -0.0749 -0.9494 -0.3050
vn -0.0194 0.6995 0.7144
vn -0.0922 -0.9730 -0.2114
vn -0.0463 -0.9774 -0.2062
vn -0.1914 -0.4691 0.8621
vn -0.1086 -0.9873 -0.1158
vn -0.1803 -0.2899 0.9399
vn -0.1239 -0.9921 -0.0191
vn -0.2246 0.0095 0.9744
vn -0.2561 -0.9033 0.3441
vn -0.1721 -0.9168 0.3603
vn -0.1844 0.2008 0.9621
vn -0.2683 -0.8612 0.4318
vn -0.1616 0.2940 0.9420
vn -0.1086 0.2855 0.9522
vn -0.1867 -0.8254 0.5328
vn -0.1372 0.3844 0.9129
vn -0.2847 -0.7525 0.5938
vn -0.0289 -0.8235 -0.5666
vn -0.1115 0.4711 0.8750
vn -0.0749 0.4652 0.8820
vn -0.0571 -0.8720 -0.4862
vn -0.0383 -0.8750 -0.4826
vn -0.2903 -0.6151 0.7331
vn -0.0847 -0.9122 -0.4010
vn -0.0571 0.6302 0.7743
vn -0.0383 0.6272 0.7779
vn -0.2889 -0.5372 0.7924
vn -0.1115 -0.9435 -0.3120
vn -0.0289 0.7010 0.7126
vn -0.2847 -0.4541 0.8442
vn -0.1372 -0.9658 -0.2200
vn -0.1867 -0.3813 0.9054
vn -0.2683 -0.2757 0.9231
vn -0.1616 -0.9788 -0.1260
vn -0.1721 -0.1956 0.9655
vn -0.2055 -0.9765 0.0649
vn -0.2415 -0.0867 0.9665
vn -0.2246 -0.9613 0.1598
vn -0.2130 0.3058 0.9279
vn -0.3663 -0.7904 0.4910
vn -0.2778 -0.8107 0.5153
vn -0.1809 0.3945 0.9009
vn -0.0381 -0.8214 -0.5692
vn -0.1469 0.4793 0.8653
vn -0.3808 -0.6660 0.6414
vn -0.2889 -0.6871 0.6666
vn -0.0752 -0.8678 -0.4911
vn -0.0847 0.5533 0.8287
vn -0.1116 -0.9060 -0.4084
vn -0.0752 0.6344 0.7694
vn -0.3808 -0.5160 0.7672
vn -0.1469 -0.9354 -0.3217
vn -0.0381 0.7031 0.7100
vn -0.1809 -0.9558 -0.2320
vn -0.3663 -0.3463 0.8637
vn -0.2778 -0.3667 0.8879
vn -0.2130 -0.9670 -0.1401
vn -0.3536 -0.2560 0.8997
vn -0.1844 -0.9824 -0.0307
vn -0.2561 -0.1821 0.9493
vn -0.2709 -0.9615 0.0470
vn -0.3184 -0.0690 0.9455
vn -0.2961 -0.9448 0.1402
vn -0.2961 0.0260 0.9548
vn -0.2415 -0.9368 0.2532
vn -0.2055 0.1057 0.9729
vn -0.3376 -0.8846 0.3218
vn -0.2431 0.2143 0.9460
vn -0.3536 -0.8415 0.4084
vn -0.0469 -0.8187 -0.5724
vn -0.2228 0.4072 0.8858
vn -0.4691 -0.6391 0.6094
vn -0.3754 -0.7317 0.5690
vn -0.0927 -0.8625 -0.4975
vn -0.1375 0.5674 0.8119
vn -0.1116 0.5595 0.8213
vn -0.3827 -0.5939 0.7077
vn -0.0927 0.6397 0.7630
vn -0.4691 -0.4892 0.7353
vn -0.1375 -0.8981 -0.4178
vn -0.3754 -0.4333 0.8194
vn -0.2228 -0.9430 -0.2472
vn -0.0469 0.7058 0.7068
vn -0.4512 -0.3205 0.8329
vn -0.2624 -0.9519 -0.1579
vn -0.4356 -0.2311 0.8700
vn -0.2431 -0.9689 -0.0468
vn -0.3376 -0.1633 0.9270
vn -0.3337 -0.9424 0.0242
vn -0.4159 -0.1395 0.8986
vn -0.3647 -0.9240 0.1154
vn -0.3647 0.0468 0.9300
vn -0.3184 -0.9191 0.2321
vn -0.2709 0.1207 0.9550
vn -0.4159 -0.8608 0.2934
vn -0.3337 0.1398 0.9323
vn -0.4356 -0.8166 0.3787
vn -0.2624 0.3209 0.9101
vn -0.4512 -0.7646 0.4603
vn -0.1621 -0.8886 -0.4290
vn -0.1092 0.6460 0.7554
vn -0.5529 -0.4569 0.6968
vn -0.4714 -0.5669 0.6756
vn -0.1810 -0.9250 -0.3341
vn -0.0553 0.7090 0.7030
vn -0.4624 -0.4068 0.7879
vn -0.2133 -0.9125 -0.3489
vn -0.5317 -0.2895 0.7959
vn -0.3092 -0.9339 -0.1795
vn -0.5134 -0.2012 0.8342
vn -0.3530 -0.9311 -0.0917
vn -0.2995 -0.9517 -0.0672
vn -0.4902 -0.1109 0.8645
vn -0.4622 -0.0196 0.8866
vn -0.3922 -0.0466 0.9187
vn -0.4298 -0.8989 0.0855
vn -0.4298 0.0719 0.9001
vn -0.3922 -0.8967 0.2054
vn -0.4622 -0.8697 0.1732
vn -0.3530 0.2520 0.9011
vn -0.2995 0.2314 0.9256
vn -0.4902 -0.8322 0.2594
vn -0.5317 -0.7336 0.4233
vn -0.2626 0.4225 0.8675
vn -0.5449 -0.6734 0.4995
vn -0.4624 -0.7053 0.5374
vn -0.0553 -0.8154 -0.5762
vn -0.2133 0.5021 0.8381
vn -0.1810 0.4896 0.8529
vn -0.5529 -0.6069 0.5710
vn -0.1092 -0.8562 -0.5050
vn -0.1621 0.5768 0.8006
vn -0.2626 -0.9277 -0.2655
vn -0.2436 -0.8981 -0.3661
vn -0.0631 0.7128 0.6985
vn -0.6072 -0.2535 0.7531
vn -0.5449 -0.3750 0.7500
vn -0.3531 -0.9130 -0.2044
vn -0.5597 -0.0778 0.8250
vn -0.3933 -0.9194 -0.0032
vn -0.4030 -0.9073 -0.1202
vn -0.5278 0.0117 0.8493
vn -0.4908 -0.8698 0.0508
vn -0.4908 0.1010 0.8654
vn -0.3933 0.1628 0.9049
vn -0.5278 -0.8384 0.1360
vn -0.4030 0.2759 0.8726
vn -0.5862 -0.7519 0.3016
vn -0.5134 -0.7866 0.3430
vn -0.3531 0.3598 0.8636
vn -0.3092 0.3389 0.8885
vn -0.6072 -0.6976 0.3804
vn -0.0631 -0.8117 -0.5807
vn -0.2436 0.5165 0.8209
vn -0.6313 -0.5695 0.5264
vn -0.1247 -0.8488 -0.5138
vn -0.1850 0.5878 0.7876
vn -0.5556 -0.5345 0.6369
vn -0.1247 0.6534 0.7466
vn -0.6313 -0.4195 0.6522
vn -0.1850 -0.8777 -0.4421
vn -0.4492 -0.8803 -0.1523
vn -0.6239 -0.0404 0.7805
vn -0.5862 -0.1664 0.7929
vn -0.4491 -0.8928 -0.0349
vn -0.5883 0.0469 0.8073
vn -0.5470 -0.8370 0.0118
vn -0.5883 -0.8032 0.0940
vn -0.4491 0.1894 0.8732
vn -0.5470 0.1338 0.8264
vn -0.5597 -0.7990 0.2198
vn -0.4492 0.3028 0.8405
vn -0.6239 -0.7616 0.1753
vn -0.3936 0.3834 0.8355
vn -0.6767 -0.6571 0.3321
vn -0.2998 0.4403 0.8463
vn -0.6222 -0.6366 0.4556
vn -0.0704 -0.8075 -0.5857
vn -0.2715 0.5328 0.8015
vn -0.7037 -0.5273 0.4762
vn -0.2063 0.6002 0.7728
vn -0.6344 -0.4969 0.5922
vn -0.1390 -0.8404 -0.5238
vn -0.7037 -0.3774 0.6020
vn -0.2715 -0.8818 -0.3855
vn -0.0704 0.7170 0.6935
vn -0.6936 -0.2966 0.6565
vn -0.6222 -0.3381 0.7060
vn -0.2998 -0.9099 -0.2866
vn -0.6768 -0.2130 0.7047
vn -0.3936 -0.8894 -0.2325
vn -0.5980 -0.8009 -0.0313
vn -0.5005 -0.8628 -0.0706
vn -0.5980 0.1699 0.7833
vn -0.5005 0.2193 0.8375
vn -0.6431 -0.7643 0.0476
vn -0.4911 0.3325 0.8051
vn -0.6534 -0.7128 0.2549
vn -0.6820 -0.7204 0.1262
vn -0.4303 0.4094 0.8045
vn -0.7398 -0.6123 0.2788
vn -0.3342 0.4603 0.8225
vn -0.6936 -0.5950 0.4061
vn -0.0769 -0.8028 -0.5912
vn -0.2968 0.5507 0.7801
vn -0.7693 -0.4808 0.4207
vn -0.1519 -0.8313 -0.5347
vn -0.2255 0.6138 0.7566
vn -0.7071 -0.4545 0.5417
vn -0.2063 -0.8653 -0.4568
vn -0.1519 0.6709 0.7258
vn -0.1390 0.6618 0.7367
vn -0.7693 -0.3309 0.5465
vn -0.2968 -0.8639 -0.4069
vn -0.0769 0.7217 0.6880
vn -0.3653 -0.8678 -0.3368
vn -0.3342 -0.8899 -0.3105
vn -0.7398 -0.1682 0.6514
vn -0.4303 -0.8634 -0.2635
vn -0.6534 -0.1273 0.7462
vn -0.6820 0.0009 0.7314
vn -0.4911 -0.8507 -0.1877
vn -0.6431 0.0858 0.7610
vn -0.6917 -0.7221 -0.0026
vn -0.5282 0.3647 0.7668
vn -0.5472 0.2524 0.7980
vn -0.7684 -0.6227 0.1477
vn -0.7143 -0.6696 0.2035
vn -0.7958 -0.5638 0.2210
vn -0.3653 0.4824 0.7961
vn -0.4628 0.4376 0.7709
vn -0.7582 -0.5492 0.3515
vn -0.0828 -0.7978 -0.5972
vn -0.3193 0.5702 0.7569
vn -0.8275 -0.4304 0.3606
vn -0.1634 -0.8213 -0.5466
vn -0.7730 -0.4078 0.4860
vn -0.2425 -0.8369 -0.4907
vn -0.2255 -0.8517 -0.4731
vn -0.1634 0.6809 0.7139
vn -0.8275 -0.2804 0.4865
vn -0.3193 -0.8444 -0.4301
vn -0.0828 0.7267 0.6820
vn -0.8155 -0.2010 0.5427
vn -0.7582 -0.2507 0.6019
vn -0.7958 -0.1197 0.5936
vn -0.4628 -0.8352 -0.2971
vn -0.7143 -0.0841 0.6947
vn -0.5282 -0.8185 -0.2260
vn -0.7684 -0.0373 0.6389
vn -0.5472 -0.8297 -0.1100
vn -0.6917 0.1280 0.7107
vn -0.6432 -0.7617 -0.0780
vn -0.6432 0.2091 0.7365
vn -0.8441 -0.5120 0.1593
vn -0.3929 0.5063 0.7676
vn -0.4909 0.4677 0.7350
vn -0.8155 -0.4995 0.2922
vn -0.0878 -0.7924 -0.6037
vn -0.3386 0.5910 0.7322
vn -0.8777 -0.3765 0.2965
vn -0.1734 -0.8107 -0.5593
vn -0.2425 0.6286 0.7390
vn -0.8315 -0.3571 0.4256
vn -0.2572 0.6443 0.7202
vn -0.8777 -0.2266 0.4223
vn -0.3386 -0.8237 -0.4548
vn -0.0878 0.7321 0.6755
vn -0.8650 -0.1480 0.4794
vn -0.4168 -0.8183 -0.3958
vn -0.3929 -0.8439 -0.3653
vn -0.8441 -0.0680 0.5319
vn -0.4909 -0.8051 -0.3330
vn -0.5603 -0.7841 -0.2670
vn -0.7781 0.0933 0.6212
vn -0.7336 0.0456 0.6781
vn -0.5886 -0.7939 -0.1528
vn -0.7337 0.1730 0.6571
vn -0.6823 -0.7198 -0.1279
vn -0.6823 0.2510 0.6867
vn -0.7337 -0.6771 -0.0562
vn -0.5886 0.2883 0.7553
vn -0.7336 -0.6757 0.0729
vn -0.5603 0.3991 0.7258
vn -0.7781 -0.6280 0.0160
vn -0.9062 -0.3905 0.1623
vn -0.8650 -0.4464 0.2290
vn -0.1816 -0.7995 -0.5726
vn -0.2695 0.6610 0.7003
vn -0.9239 -0.2460 0.2932
vn -0.8819 -0.3030 0.3611
vn -0.2572 -0.8211 -0.5095
vn -0.1816 0.7027 0.6879
vn -0.1734 0.6915 0.7012
vn -0.2695 -0.8045 -0.5293
vn -0.0920 0.7378 0.6688
vn -0.9062 -0.0920 0.4128
vn -0.4366 -0.7914 -0.4279
vn -0.8842 -0.0134 0.4669
vn -0.5143 -0.7733 -0.3708
vn -0.8150 0.0127 0.5793
vn -0.8151 0.1436 0.5612
vn -0.6243 -0.7556 -0.1984
vn -0.5869 -0.7479 -0.3102
vn -0.7686 0.2204 0.6005
vn -0.7147 -0.6757 -0.1805
vn -0.7686 -0.6297 -0.1128
vn -0.6243 0.3266 0.7096
vn -0.7147 0.2951 0.6341
vn -0.5869 0.4353 0.6826
vn -0.8150 -0.5727 0.0881
vn -0.8151 -0.5776 -0.0440
vn -0.5143 0.4995 0.6972
vn -0.8842 -0.4575 0.0942
vn -0.4168 0.5319 0.7371
vn -0.0920 -0.7867 -0.6104
vn -0.3548 0.6129 0.7061
vn -0.9194 -0.1698 0.3547
vn -0.9569 -0.1866 0.2224
vn -0.3675 -0.7790 -0.5081
vn -0.3548 -0.8018 -0.4809
vn -0.0952 0.7437 0.6617
vn -0.9386 -0.0338 0.3433
vn -0.9159 0.0435 0.3991
vn -0.5327 -0.7403 -0.4102
vn -0.8538 0.0654 0.5165
vn -0.6080 -0.7101 -0.3551
vn -0.8843 0.1203 0.4511
vn -0.6540 -0.7152 -0.2465
vn -0.7961 0.2698 0.5417
vn -0.7403 -0.6298 -0.2353
vn -0.7403 0.3410 0.5793
vn -0.6540 0.3670 0.6615
vn -0.7961 -0.5803 -0.1717
vn -0.6080 0.4730 0.6377
vn -0.8843 -0.4652 -0.0401
vn -0.8538 -0.5201 0.0253
vn -0.9159 -0.4006 0.0265
vn -0.4522 0.5869 0.6716
vn -0.4366 0.5589 0.7050
vn -0.0952 -0.7808 -0.6175
vn -0.3675 0.6357 0.6789
vn -0.9194 -0.3198 0.2288
vn -0.9386 -0.3322 0.0929
vn -0.1881 -0.7878 -0.5865
vn -0.2791 0.6783 0.6797
vn -0.1881 0.7144 0.6740
vn -0.9387 0.1020 0.3294
vn -0.5459 -0.7062 -0.4508
vn -0.4522 -0.7633 -0.4614
vn -0.8653 0.2500 0.4345
vn -0.8443 0.1960 0.4988
vn -0.6774 -0.6732 -0.2966
vn -0.6231 -0.6713 -0.4015
vn -0.8160 0.3207 0.4810
vn -0.7588 -0.5824 -0.2917
vn -0.7588 0.3884 0.5229
vn -0.8160 -0.5294 -0.2323
vn -0.6774 0.4090 0.6114
vn -0.8443 -0.5252 -0.1064
vn -0.6231 0.5119 0.5913
vn -0.9063 -0.4086 -0.1075
vn -0.5327 0.5325 0.6578
vn -0.9387 -0.3421 -0.0433
vn -0.4635 0.6158 0.6371
vn -0.0976 -0.7747 -0.6247
vn -0.3766 0.6592 0.6509
vn -0.9523 -0.2607 0.1584
vn -0.9620 -0.2722 0.0214
vn -0.2861 0.6962 0.6584
vn -0.9808 -0.1254 0.1494
vn -0.2861 -0.7693 -0.5712
vn -0.2791 -0.7872 -0.5500
vn -0.1928 0.7264 0.6596
vn -0.9523 -0.1107 0.2842
vn -0.0976 0.7498 0.6545
vn -0.9620 0.0262 0.2718
vn -0.4635 -0.7344 -0.4959
vn -0.8780 0.3050 0.3688
vn -0.9063 0.1769 0.3837
vn -0.6943 -0.6299 -0.3482
vn -0.6322 -0.6316 -0.4487
vn -0.8279 0.3726 0.4191
vn -0.7699 -0.5341 -0.3492
vn -0.8279 -0.4775 -0.2942
vn -0.6943 0.4523 0.5598
vn -0.7699 0.4367 0.4654
vn -0.8653 -0.4713 -0.1707
vn -0.6322 0.5516 0.5441
vn -0.8780 -0.4162 -0.2364
vn -0.5539 0.6013 0.5758
vn -0.5459 0.5666 0.6172
vn -0.9525 -0.2823 -0.1145
vn -0.4703 0.6453 0.6020
vn -0.0991 -0.7685 -0.6321
vn -0.3821 0.6831 0.6223
vn -0.9761 -0.1998 0.0858
vn -0.9761 -0.2110 -0.0516
vn -0.1956 -0.7635 -0.6155
vn -0.1928 -0.7757 -0.6009
vn -0.2903 0.7144 0.6367
vn -0.9952 -0.0630 0.0751
vn -0.2903 -0.7511 -0.5929
vn -0.9761 -0.0498 0.2116
vn -0.3766 -0.7555 -0.5361
vn -0.1956 0.7387 0.6450
vn -0.9761 0.0874 0.1989
vn -0.4703 -0.7049 -0.5310
vn -0.0991 0.7560 0.6471
vn -0.9525 0.1617 0.2582
vn -0.5539 -0.6715 -0.4922
vn -0.8319 0.4250 0.3567
vn -0.8319 -0.4250 -0.3567
vn -0.7045 0.4965 0.5072
vn -0.7736 0.4854 0.4073
vn -0.6353 0.5916 0.4964
vn -0.9241 -0.2927 -0.2456
vn -0.9197 -0.3510 -0.1762
vn -0.5566 0.6364 0.5340
vn -0.9571 -0.2220 -0.1863
vn -0.0995 -0.7622 -0.6396
vn -0.3840 0.7073 0.5935
vn -0.9904 -0.1377 0.0118
vn -0.9808 -0.1492 -0.1252
vn -0.1966 -0.7511 -0.6302
vn -1.0000 -0.0000 -0.0000
vn -0.2917 -0.7327 -0.6148
vn -0.2917 0.7327 0.6148
vn -0.9904 0.0123 0.1376
vn -0.3840 -0.7073 -0.5935
vn -0.3821 -0.7315 -0.5647
vn -0.0995 0.7622 0.6396
vn -0.9808 0.1492 0.1252
vn -0.9571 0.2220 0.1863
vn -0.5566 -0.6364 -0.5340
vn -0.9197 0.2345 0.3150
vn -0.6353 -0.5916 -0.4964
vn -0.8823 0.3606 0.3026
vn -0.7045 -0.5857 -0.4009
vn -0.7736 -0.4854 -0.4073
vn -0.6322 0.6316 0.4487
vn -0.7079 0.5411 0.4540
vn -0.8780 -0.3050 -0.3688
vn -0.8823 -0.3606 -0.3026
vn -0.9525 -0.1617 -0.2582
vn -0.4726 0.6751 0.5665
vn -0.5539 0.6715 0.4922
vn -0.0991 -0.7560 -0.6471
vn -0.3821 0.7315 0.5647
vn -0.9952 -0.0750 -0.0629
vn -0.9761 -0.0874 -0.1989
vn -0.1956 -0.7387 -0.6450
vn -0.9952 0.0630 -0.0751
vn -0.1956 0.7635 0.6155
vn -0.1966 0.7511 0.6302
vn -0.9952 0.0750 0.0629
vn -0.3821 -0.6831 -0.6223
vn -0.0991 0.7685 0.6321
vn -0.9761 0.2110 0.0516
vn -0.4726 -0.6751 -0.5665
vn -0.9525 0.2823 0.1145
vn -0.5539 -0.6013 -0.5758
vn -0.9241 0.2927 0.2456
vn -0.6322 -0.5516 -0.5441
vn -0.8780 0.4162 0.2364
vn -0.7079 -0.5411 -0.4540
vn -0.8279 0.4775 0.2942
vn -0.7699 -0.4367 -0.4654
vn -0.8279 -0.3726 -0.4191
vn -0.7699 0.5341 0.3492
vn -0.4703 0.7049 0.5310
vn -0.5459 0.7062 0.4508
vn -0.9387 -0.1020 -0.3294
vn -0.0976 -0.7498 -0.6545
vn -0.4635 0.7344 0.4959
vn -0.9904 -0.0123 -0.1376
vn -0.9620 -0.0262 -0.2718
vn -0.1928 -0.7265 -0.6596
vn -0.2903 0.7511 0.5929
vn -0.3766 0.7555 0.5361
vn -0.9808 0.1254 -0.1494
vn -0.2903 -0.7144 -0.6367
vn -0.1928 0.7757 0.6009
vn -0.9904 0.1377 -0.0118
vn -0.3766 -0.6592 -0.6509
vn -0.0976 0.7747 0.6247
vn -0.9620 0.2722 -0.0214
vn -0.4635 -0.6158 -0.6371
vn -0.4703 -0.6453 -0.6020
vn -0.9387 0.3421 0.0433
vn -0.5459 -0.5666 -0.6172
vn -0.9197 0.3510 0.1763
vn -0.6231 -0.5119 -0.5913
vn -0.8653 0.4713 0.1707
vn -0.7045 -0.4965 -0.5072
vn -0.8160 0.5294 0.2323
vn -0.7588 -0.3884 -0.5229
vn -0.8160 -0.3207 -0.4810
vn -0.7045 0.5857 0.4009
vn -0.7588 0.5824 0.2917
vn -0.6231 0.6713 0.4015
vn -0.9063 -0.1769 -0.3837
vn -0.9197 -0.2345 -0.3150
vn -0.1881 -0.7144 -0.6740
vn -0.2861 0.7693 0.5712
vn -0.3675 0.7790 0.5081
vn -0.9569 0.1866 -0.2224
vn -0.9761 0.0498 -0.2116
vn -0.2791 -0.6783 -0.6797
vn -0.2861 -0.6962 -0.6584
vn -0.1881 0.7878 0.5865
vn -0.9761 0.1998 -0.0858
vn -0.3675 -0.6357 -0.6789
vn -0.0952 0.7808 0.6175
vn -0.9386 0.3322 -0.0929
vn -0.4522 -0.5869 -0.6716
vn -0.9159 0.4006 -0.0265
vn -0.5327 -0.5325 -0.6578
vn -0.9063 0.4086 0.1075
vn -0.8843 0.4652 0.0401
vn -0.6943 -0.4523 -0.5598
vn -0.6080 -0.4730 -0.6377
vn -0.7961 0.5803 0.1717
vn -0.7403 -0.3410 -0.5793
vn -0.7403 0.6298 0.2353
vn -0.7961 -0.2698 -0.5417
vn -0.6943 0.6299 0.3482
vn -0.8653 -0.2500 -0.4345
vn -0.6080 0.7101 0.3551
vn -0.8843 -0.1203 -0.4511
vn -0.5327 0.7403 0.4102
vn -0.9159 -0.0435 -0.3991
vn -0.4522 0.7633 0.4614
vn -0.0953 -0.7437 -0.6617
vn -0.9386 0.0338 -0.3433
vn -0.3548 -0.6129 -0.7061
vn -0.0920 0.7867 0.6104
vn -0.9062 0.3905 -0.1623
vn -0.9523 0.2607 -0.1584
vn -0.8842 0.4575 -0.0942
vn -0.5143 -0.4995 -0.6972
vn -0.8443 0.5252 0.1064
vn -0.8538 0.5201 -0.0253
vn -0.6774 -0.4090 -0.6114
vn -0.5869 -0.4353 -0.6826
vn -0.7686 0.6297 0.1128
vn -0.7147 -0.2951 -0.6341
vn -0.7686 -0.2204 -0.6005
vn -0.6774 0.6732 0.2966
vn -0.7147 0.6757 0.1805
vn -0.8443 -0.1960 -0.4988
vn -0.5869 0.7479 0.3102
vn -0.8538 -0.0654 -0.5165
vn -0.5143 0.7733 0.3708
vn -0.8842 0.0134 -0.4669
vn -0.0920 -0.7378 -0.6688
vn -0.3548 0.8018 0.4809
vn -0.9523 0.1107 -0.2842
vn -0.9062 0.0920 -0.4128
vn -0.1816 -0.7027 -0.6879
vn -0.2791 0.7872 0.5500
vn -0.9239 0.2460 -0.2932
vn -0.2695 -0.6610 -0.7003
vn -0.1816 0.7995 0.5726
vn -0.4909 -0.4677 -0.7350
vn -0.4366 -0.5589 -0.7050
vn -0.8441 0.5120 -0.1593
vn -0.8151 0.5776 0.0440
vn -0.8150 0.5727 -0.0881
vn -0.6540 -0.3670 -0.6615
vn -0.5603 -0.3991 -0.7258
vn -0.7337 0.6771 0.0562
vn -0.6823 -0.2510 -0.6867
vn -0.6823 0.7198 0.1279
vn -0.7337 -0.1730 -0.6571
vn -0.6540 0.7152 0.2465
vn -0.8151 -0.1436 -0.5612
vn -0.5603 0.7841 0.2670
vn -0.8150 -0.0127 -0.5793
vn -0.4909 0.8051 0.3330
vn -0.8441 0.0680 -0.5319
vn -0.4366 0.7914 0.4279
vn -0.8650 0.1480 -0.4794
vn -0.0878 -0.7321 -0.6755
vn -0.3386 0.8237 0.4548
vn -0.9194 0.1698 -0.3547
vn -0.1734 -0.6915 -0.7012
vn -0.2695 0.8045 0.5293
vn -0.8819 0.3030 -0.3611
vn -0.2572 -0.6443 -0.7202
vn -0.1734 0.8107 0.5593
vn -0.9194 0.3198 -0.2288
vn -0.3386 -0.5910 -0.7322
vn -0.8650 0.4464 -0.2290
vn -0.0878 0.7924 0.6037
vn -0.6243 -0.3266 -0.7096
vn -0.5282 -0.3647 -0.7668
vn -0.6917 0.7221 0.0026
vn -0.7781 0.6280 -0.0160
vn -0.6432 -0.2091 -0.7365
vn -0.6432 0.7617 0.0780
vn -0.6243 0.7556 0.1984
vn -0.7781 -0.0933 -0.6212
vn -0.6917 -0.1280 -0.7107
vn -0.5282 0.8185 0.2260
vn -0.7684 0.0373 -0.6389
vn -0.4628 0.8352 0.2971
vn -0.7958 0.1197 -0.5936
vn -0.4168 0.8183 0.3958
vn -0.0828 -0.7267 -0.6820
vn -0.3929 0.8439 0.3653
vn -0.8777 0.2266 -0.4223
vn -0.8155 0.2010 -0.5427
vn -0.1634 -0.6809 -0.7139
vn -0.2425 0.8369 0.4907
vn -0.2572 0.8211 0.5095
vn -0.8315 0.3571 -0.4256
vn -0.1634 0.8213 0.5466
vn -0.8777 0.3765 -0.2965
vn -0.3193 -0.5702 -0.7569
vn -0.8155 0.4995 -0.2922
vn -0.3929 -0.5063 -0.7676
vn -0.4168 -0.5319 -0.7371
vn -0.0828 0.7978 0.5972
vn -0.7958 0.5638 -0.2210
vn -0.4628 -0.4376 -0.7709
vn -0.7684 0.6227 -0.1477
vn -0.6431 -0.0858 -0.7610
vn -0.5886 0.7939 0.1528
vn -0.5980 0.8009 0.0313
vn -0.7336 -0.0456 -0.6781
vn -0.4911 0.8507 0.1877
vn -0.6820 -0.0009 -0.7314
vn -0.4303 0.8634 0.2635
vn -0.7398 0.1682 -0.6514
vn -0.0769 -0.7217 -0.6880
vn -0.2968 0.8639 0.4069
vn -0.3193 0.8444 0.4301
vn -0.8275 0.2804 -0.4865
vn -0.7582 0.2507 -0.6019
vn -0.1519 -0.6709 -0.7258
vn -0.7730 0.4078 -0.4860
vn -0.2425 -0.6286 -0.7390
vn -0.1519 0.8313 0.5347
vn -0.7693 0.4808 -0.4207
vn -0.8275 0.4304 -0.3606
vn -0.2968 -0.5507 -0.7801
vn -0.7582 0.5492 -0.3515
vn -0.3653 -0.4824 -0.7961
vn -0.0769 0.8028 0.5912
vn -0.7398 0.6123 -0.2788
vn -0.4303 -0.4094 -0.8045
vn -0.6820 0.7204 -0.1262
vn -0.7336 0.6757 -0.0729
vn -0.5886 -0.2883 -0.7553
vn -0.4911 -0.3325 -0.8051
vn -0.6431 0.7643 -0.0476
vn -0.5980 -0.1699 -0.7833
vn -0.7143 0.0841 -0.6947
vn -0.6239 0.0404 -0.7805
vn -0.3936 0.8894 0.2325
vn -0.6768 0.2130 -0.7047
vn -0.3653 0.8678 0.3368
vn -0.6936 0.2966 -0.6565
vn -0.0704 -0.7170 -0.6935
vn -0.2715 0.8818 0.3855
vn -0.7693 0.3309 -0.5465
vn -0.1390 -0.6618 -0.7367
vn -0.2063 0.8653 0.4568
vn -0.2255 0.8517 0.4731
vn -0.7037 0.3774 -0.6020
vn -0.2063 -0.6002 -0.7728
vn -0.2255 -0.6138 -0.7566
vn -0.1390 0.8404 0.5238
vn -0.7037 0.5273 -0.4762
vn -0.2715 -0.5328 -0.8015
vn -0.6936 0.5950 -0.4061
vn -0.3342 -0.4603 -0.8225
vn -0.0704 0.8075 0.5857
vn -0.3936 -0.3834 -0.8355
vn -0.7143 0.6696 -0.2035
vn -0.6768 0.6571 -0.3321
vn -0.6239 0.7616 -0.1753
vn -0.5472 -0.2524 -0.7980
vn -0.4492 -0.3028 -0.8405
vn -0.5883 0.8032 -0.0940
vn -0.5470 -0.1338 -0.8264
vn -0.5470 0.8370 -0.0118
vn -0.5472 0.8297 0.1100
vn -0.5883 -0.0469 -0.8073
vn -0.4492 0.8803 0.1523
vn -0.6222 0.3381 -0.7060
vn -0.0631 -0.7128 -0.6985
vn -0.2436 0.8981 0.3661
vn -0.3342 0.8899 0.3105
vn -0.1247 -0.6534 -0.7466
vn -0.7071 0.4545 -0.5417
vn -0.6313 0.4195 -0.6522
vn -0.1850 -0.5878 -0.7876
vn -0.1247 0.8488 0.5138
vn -0.6313 0.5695 -0.5264
vn -0.2436 -0.5165 -0.8209
vn -0.0631 0.8117 0.5807
vn -0.6222 0.6366 -0.4556
vn -0.2998 -0.4403 -0.8463
vn -0.3531 -0.3598 -0.8636
vn -0.6534 0.7128 -0.2549
vn -0.6072 0.6976 -0.3804
vn -0.5597 0.7990 -0.2198
vn -0.5005 -0.2193 -0.8375
vn -0.4030 -0.2759 -0.8726
vn -0.5278 0.8384 -0.1360
vn -0.4908 -0.1010 -0.8654
vn -0.4908 0.8698 -0.0508
vn -0.5005 0.8628 0.0706
vn -0.5278 -0.0117 -0.8493
vn -0.4030 0.9073 0.1202
vn -0.6534 0.1273 -0.7462
vn -0.5597 0.0778 -0.8250
vn -0.3531 0.9130 0.2044
vn -0.6072 0.2535 -0.7531
vn -0.6344 0.4969 -0.5922
vn -0.5529 0.4569 -0.6968
vn -0.1092 -0.6460 -0.7554
vn -0.1092 0.8562 0.5050
vn -0.1850 0.8777 0.4421
vn -0.5529 0.6069 -0.5710
vn -0.1621 -0.5768 -0.8006
vn -0.5449 0.6734 -0.4995
vn -0.2626 -0.4225 -0.8675
vn -0.0553 0.8154 0.5762
vn -0.5317 0.7336 -0.4233
vn -0.3092 -0.3389 -0.8885
vn -0.5862 0.7519 -0.3016
vn -0.3530 -0.2520 -0.9011
vn -0.4902 0.8322 -0.2594
vn -0.4491 -0.1894 -0.8732
vn -0.4622 0.8697 -0.1732
vn -0.4298 -0.0719 -0.9001
vn -0.4298 0.8989 -0.0855
vn -0.4622 0.0196 -0.8866
vn -0.4491 0.8928 0.0349
vn -0.3530 0.9311 0.0917
vn -0.5862 0.1664 -0.7929
vn -0.4902 0.1109 -0.8645
vn -0.3092 0.9339 0.1795
vn -0.5317 0.2895 -0.7959
vn -0.2998 0.9099 0.2866
vn -0.5449 0.3750 -0.7500
vn -0.0553 -0.7090 -0.7030
vn -0.2626 0.9277 0.2655
vn -0.1621 0.8886 0.4290
vn -0.5134 0.2012 -0.8342
vn -0.4159 0.1395 -0.8986
vn -0.2624 0.9519 0.1580
vn -0.4512 0.3205 -0.8329
vn -0.4624 0.4068 -0.7879
vn -0.0469 -0.7058 -0.7068
vn -0.1810 0.9250 0.3341
vn -0.2133 0.9125 0.3489
vn -0.0927 -0.6397 -0.7630
vn -0.1375 0.8981 0.4178
vn -0.5556 0.5345 -0.6369
vn -0.4691 0.4892 -0.7353
vn -0.1375 -0.5674 -0.8119
vn -0.0927 0.8625 0.4975
vn -0.4691 0.6391 -0.6094
vn -0.1810 -0.4896 -0.8529
vn -0.2133 -0.5021 -0.8381
vn -0.4624 0.7053 -0.5374
vn -0.2228 -0.4072 -0.8858
vn -0.0469 0.8187 0.5724
vn -0.2624 -0.3209 -0.9101
vn -0.5134 0.7866 -0.3430
vn -0.4512 0.7646 -0.4603
vn -0.4159 0.8608 -0.2934
vn -0.3933 -0.1628 -0.9049
vn -0.2995 -0.2314 -0.9256
vn -0.3922 0.8967 -0.2054
vn -0.3647 -0.0468 -0.9300
vn -0.3922 0.0466 -0.9187
vn -0.3933 0.9194 0.0032
vn -0.3647 0.9240 -0.1154
vn -0.2995 0.9517 0.0672
vn -0.3754 0.4333 -0.8194
vn -0.0381 -0.7031 -0.7100
vn -0.1469 0.9354 0.3217
vn -0.2228 0.9430 0.2472
vn -0.0752 -0.6344 -0.7694
vn -0.1116 0.9060 0.4084
vn -0.3827 0.5939 -0.7077
vn -0.4714 0.5669 -0.6756
vn -0.0752 0.8678 0.4911
vn -0.3808 0.6660 -0.6414
vn -0.1116 -0.5595 -0.8213
vn -0.3754 0.7317 -0.5690
vn -0.1809 -0.3945 -0.9009
vn -0.0381 0.8214 0.5692
vn -0.2130 -0.3058 -0.9279
vn -0.4356 0.8166 -0.3787
vn -0.3663 0.7904 -0.4910
vn -0.2431 -0.2143 -0.9460
vn -0.3376 0.8846 -0.3218
vn -0.3337 -0.1398 -0.9323
vn -0.3184 0.9191 -0.2321
vn -0.2961 -0.0260 -0.9548
vn -0.2961 0.9448 -0.1402
vn -0.3184 0.0690 -0.9455
vn -0.3337 0.9424 -0.0242
vn -0.2431 0.9689 0.0468
vn -0.4356 0.2311 -0.8700
vn -0.3376 0.1633 -0.9270
vn -0.2130 0.9670 0.1401
vn -0.3663 0.3463 -0.8637
vn -0.2889 0.5372 -0.7924
vn -0.3808 0.5160 -0.7672
vn -0.0571 -0.6302 -0.7743
vn -0.0571 0.8720 0.4862
vn -0.2889 0.6871 -0.6666
vn -0.1115 -0.4711 -0.8750
vn -0.1469 -0.4793 -0.8653
vn -0.0289 0.8235 0.5666
vn -0.2847 0.7525 -0.5938
vn -0.1372 -0.3844 -0.9129
vn -0.1616 -0.2940 -0.9420
vn -0.3536 0.8415 -0.4084
vn -0.2778 0.8107 -0.5153
vn -0.1844 -0.2008 -0.9621
vn -0.2561 0.9033 -0.3442
vn -0.2709 -0.1207 -0.9550
vn -0.2415 0.9368 -0.2532
vn -0.2246 -0.0095 -0.9744
vn -0.2415 0.0867 -0.9665
vn -0.2709 0.9615 -0.0470
vn -0.2246 0.9613 -0.1598
vn -0.1844 0.9824 0.0307
vn -0.3536 0.2560 -0.8997
vn -0.2561 0.1821 -0.9493
vn -0.2778 0.3667 -0.8879
vn -0.1809 0.9558 0.2320
vn -0.1616 0.9788 0.1260
vn -0.2847 0.4541 -0.8442
vn -0.0289 -0.7010 -0.7126
vn -0.1115 0.9435 0.3120
vn -0.1914 0.7676 -0.6117
vn -0.0922 -0.3772 -0.9215
vn -0.0194 0.8250 0.5648
vn -0.1086 -0.2855 -0.9522
vn -0.2683 0.8612 -0.4318
vn -0.1867 0.8254 -0.5328
vn -0.1239 -0.1911 -0.9737
vn -0.1721 0.9168 -0.3603
vn -0.2055 -0.1057 -0.9729
vn -0.1623 0.9495 -0.2684
vn -0.1509 0.0023 -0.9885
vn -0.1623 0.0994 -0.9817
vn -0.2055 0.9765 -0.0649
vn -0.1509 0.9731 -0.1739
vn -0.1239 0.9921 0.0191
vn -0.1803 0.2899 -0.9399
vn -0.2683 0.2757 -0.9231
vn -0.1086 0.9873 0.1158
vn -0.1867 0.3813 -0.9054
vn -0.1372 0.9658 0.2200
vn -0.1914 0.4691 -0.8621
vn -0.0194 -0.6995 -0.7144
vn -0.0749 0.9494 0.3050
vn -0.0383 -0.6272 -0.7779
vn -0.0569 0.9166 0.3957
vn -0.0847 0.9122 0.4010
vn -0.2903 0.6151 -0.7331
vn -0.1942 0.5524 -0.8106
vn -0.0847 -0.5533 -0.8287
vn -0.0383 0.8750 0.4826
vn -0.1942 0.7024 -0.6848
vn -0.0749 -0.4652 -0.8820
vn -0.1803 0.8753 -0.4487
vn -0.0938 0.8343 -0.5433
vn -0.0623 -0.1852 -0.9807
vn -0.0906 0.8839 -0.4589
vn -0.1381 -0.0948 -0.9859
vn -0.0815 0.9572 -0.2776
vn -0.0758 0.0095 -0.9971
vn -0.0815 0.1071 -0.9909
vn -0.1381 0.9874 -0.0778
vn -0.0758 0.9803 -0.1825
vn -0.1721 0.1956 -0.9655
vn -0.0623 0.9980 0.0121
vn -0.0906 0.2984 -0.9501
vn -0.0546 0.9925 0.1097
vn -0.0938 0.3902 -0.9159
vn -0.0922 0.9730 0.2114
vn -0.0961 0.4782 -0.8730
vn -0.0098 -0.6986 -0.7155
vn -0.0376 0.9530 0.3008
vn -0.0193 -0.6254 -0.7801
vn -0.0286 0.9193 0.3925
vn -0.1951 0.6304 -0.7513
vn -0.0975 0.5617 -0.8216
vn -0.0286 -0.5461 -0.8372
vn -0.0569 -0.5488 -0.8340
vn -0.0193 0.8768 0.4804
vn -0.0975 0.7116 -0.6958
vn -0.0961 0.7767 -0.6225
vn -0.0463 -0.3728 -0.9268
vn -0.0098 0.8259 0.5637
vn -0.0546 -0.2803 -0.9584
vn -0.0000 0.9598 -0.2806
vn -0.0865 0.9250 -0.3700
vn -0.0000 0.0119 -0.9999
vn -0.0694 -0.0883 -0.9937
vn -0.0000 0.1097 -0.9940
vn -0.0694 0.9939 -0.0856
vn -0.0000 0.9827 -0.1853
vn -0.0865 0.2038 -0.9752
vn -0.0000 1.0000 0.0097
vn -0.0000 0.3013 -0.9535
vn -0.0000 0.9942 0.1076
vn -0.0000 0.3931 -0.9195
vn -0.0463 0.9774 0.2062
vn -0.0000 0.4813 -0.8766
vn -0.0000 -0.6983 -0.7158
vn -0.0000 0.9541 0.2994
vn -0.0980 0.6397 -0.7624
vn -0.0000 0.5647 -0.8253
vn -0.0000 -0.5452 -0.8383
vn -0.0000 0.8774 0.4797
vn -0.0000 0.7147 -0.6995
vn -0.0000 -0.4605 -0.8877
vn -0.0376 -0.4617 -0.8862
vn -0.0000 0.8262 0.5633
vn -0.0000 0.7797 -0.6262
vn -0.0000 -0.2786 -0.9604
vn -0.0000 0.8372 -0.5468
vn -0.0000 -0.1832 -0.9831
vn -0.0000 0.9277 -0.3733
vn -0.0000 0.9961 -0.0882
vn 0.0758 0.9803 -0.1825
vn -0.0000 0.2065 -0.9784
vn 0.0815 0.1071 -0.9909
vn 0.0623 0.9980 0.0121
vn 0.0865 0.2038 -0.9752
vn 0.0906 0.2984 -0.9501
vn -0.0000 0.9789 0.2045
vn 0.0546 0.9925 0.1097
vn 0.0961 0.4782 -0.8730
vn 0.0098 -0.6986 -0.7155
vn 0.0376 0.9530 0.3008
vn 0.0193 -0.6254 -0.7801
vn -0.0000 -0.6248 -0.7808
vn -0.0000 0.9202 0.3914
vn -0.0000 0.6428 -0.7660
vn 0.0975 0.5617 -0.8216
vn 0.0193 0.8768 0.4804
vn 0.0975 0.7116 -0.6958
vn 0.0376 -0.4617 -0.8862
vn 0.0098 0.8259 0.5637
vn 0.0961 0.7767 -0.6225
vn -0.0000 -0.3713 -0.9285
vn 0.0546 -0.2803 -0.9584
vn 0.0906 0.8839 -0.4589
vn -0.0000 0.8867 -0.4623
vn 0.0623 -0.1852 -0.9807
vn 0.0865 0.9250 -0.3700
vn -0.0000 -0.0861 -0.9963
vn 0.0815 0.9572 -0.2776
vn 0.0758 0.0095 -0.9971
vn 0.1086 0.9873 0.1158
vn 0.1867 0.3813 -0.9054
vn 0.0938 0.3902 -0.9159
vn 0.0463 0.9774 0.2062
vn 0.1914 0.4691 -0.8621
vn 0.0194 -0.6995 -0.7144
vn 0.0749 0.9494 0.3050
vn 0.0286 0.9193 0.3925
vn 0.0980 0.6397 -0.7624
vn 0.1942 0.5524 -0.8106
vn 0.0286 -0.5461 -0.8372
vn 0.0383 -0.6272 -0.7779
vn 0.0383 0.8750 0.4826
vn 0.1942 0.7024 -0.6848
vn 0.0749 -0.4652 -0.8820
vn 0.0194 0.8250 0.5648
vn 0.1914 0.7676 -0.6117
vn 0.0922 -0.3772 -0.9215
vn 0.0463 -0.3728 -0.9268
vn 0.0938 0.8343 -0.5433
vn 0.1086 -0.2855 -0.9522
vn 0.1867 0.8254 -0.5328
vn 0.1721 0.9168 -0.3603
vn 0.0694 -0.0883 -0.9937
vn 0.1239 -0.1911 -0.9737
vn 0.1623 0.9495 -0.2684
vn 0.1509 0.0023 -0.9885
vn 0.1509 0.9731 -0.1739
vn 0.0694 0.9939 -0.0856
vn 0.1623 0.0994 -0.9817
vn 0.1239 0.9921 0.0191
vn 0.1721 0.1956 -0.9655
vn 0.0289 -0.7010 -0.7126
vn 0.1372 0.9658 0.2200
vn 0.0922 0.9730 0.2114
vn 0.2847 0.4541 -0.8442
vn 0.0571 -0.6302 -0.7743
vn 0.0569 0.9166 0.3957
vn 0.1115 0.9435 0.3120
vn 0.1951 0.6304 -0.7513
vn 0.2889 0.5372 -0.7924
vn 0.0847 -0.5533 -0.8287
vn 0.0569 -0.5488 -0.8340
vn 0.0571 0.8720 0.4862
vn 0.2889 0.6871 -0.6666
vn 0.1115 -0.4711 -0.8750
vn 0.2847 0.7525 -0.5938
vn 0.1372 -0.3844 -0.9129
vn 0.0289 0.8235 0.5666
vn 0.1616 -0.2940 -0.9420
vn 0.2683 0.8612 -0.4318
vn 0.1803 0.8753 -0.4487
vn 0.1844 -0.2008 -0.9621
vn 0.2561 0.9033 -0.3442
vn 0.1381 -0.0948 -0.9859
vn 0.2415 0.9368 -0.2532
vn 0.2246 -0.0095 -0.9744
vn 0.2415 0.0867 -0.9665
vn 0.1381 0.9874 -0.0778
vn 0.2246 0.9613 -0.1598
vn 0.1844 0.9824 0.0307
vn 0.1803 0.2898 -0.9399
vn 0.2561 0.1821 -0.9493
vn 0.1616 0.9788 0.1260
vn 0.2683 0.2757 -0.9231
vn 0.1116 -0.5595 -0.8213
vn 0.0752 0.8678 0.4911
vn 0.0847 0.9122 0.4010
vn 0.3808 0.6660 -0.6414
vn 0.2903 0.6151 -0.7331
vn 0.1469 -0.4793 -0.8653
vn 0.0381 0.8214 0.5692
vn 0.3754 0.7317 -0.5690
vn 0.1809 -0.3945 -0.9009
vn 0.2778 0.8107 -0.5153
vn 0.2130 -0.3058 -0.9279
vn 0.3536 0.8415 -0.4084
vn 0.2055 -0.1057 -0.9729
vn 0.2431 -0.2143 -0.9460
vn 0.3184 0.9191 -0.2321
vn 0.2961 -0.0260 -0.9548
vn 0.2961 0.9448 -0.1402
vn 0.3184 0.0690 -0.9455
vn 0.2055 0.9765 -0.0649
vn 0.2431 0.9689 0.0468
vn 0.3536 0.2560 -0.8997
vn 0.2778 0.3667 -0.8879
vn 0.2130 0.9670 0.1401
vn 0.3754 0.4333 -0.8194
vn 0.0381 -0.7031 -0.7100
vn 0.1469 0.9354 0.3217
vn 0.1116 0.9060 0.4084
vn 0.3808 0.5160 -0.7672
vn 0.1810 -0.4896 -0.8529
vn 0.0469 0.8187 0.5724
vn 0.3663 0.7904 -0.4910
vn 0.4624 0.7053 -0.5374
vn 0.2624 -0.3209 -0.9101
vn 0.4356 0.8166 -0.3787
vn 0.4159 0.8608 -0.2934
vn 0.3376 0.8846 -0.3218
vn 0.2709 -0.1207 -0.9550
vn 0.2995 -0.2314 -0.9256
vn 0.3922 0.8967 -0.2054
vn 0.3647 -0.0468 -0.9300
vn 0.3922 0.0466 -0.9187
vn 0.2709 0.9615 -0.0470
vn 0.3647 0.9240 -0.1154
vn 0.3376 0.1633 -0.9270
vn 0.2995 0.9517 0.0672
vn 0.4356 0.2311 -0.8700
vn 0.2624 0.9519 0.1580
vn 0.3663 0.3463 -0.8637
vn 0.1808 0.9558 0.2320
vn 0.4624 0.4068 -0.7879
vn 0.0469 -0.7058 -0.7068
vn 0.1810 0.9250 0.3341
vn 0.0927 -0.6397 -0.7630
vn 0.0752 -0.6344 -0.7694
vn 0.3827 0.5939 -0.7077
vn 0.4691 0.4892 -0.7353
vn 0.1375 -0.5674 -0.8119
vn 0.0927 0.8625 0.4975
vn 0.4691 0.6391 -0.6094
vn 0.3092 -0.3389 -0.8885
vn 0.5134 0.7866 -0.3430
vn 0.3337 -0.1398 -0.9323
vn 0.3530 -0.2520 -0.9011
vn 0.4622 0.8697 -0.1732
vn 0.4298 -0.0719 -0.9001
vn 0.4298 0.8989 -0.0855
vn 0.3337 0.9424 -0.0242
vn 0.4159 0.1395 -0.8986
vn 0.4622 0.0196 -0.8866
vn 0.3530 0.9311 0.0917
vn 0.5134 0.2012 -0.8342
vn 0.3092 0.9339 0.1795
vn 0.4512 0.3205 -0.8329
vn 0.2228 0.9430 0.2472
vn 0.5449 0.3750 -0.7500
vn 0.0553 -0.7090 -0.7030
vn 0.2133 0.9125 0.3489
vn 0.1092 -0.6460 -0.7554
vn 0.1621 0.8886 0.4290
vn 0.1375 0.8981 0.4178
vn 0.4714 0.5669 -0.6756
vn 0.5529 0.4569 -0.6968
vn 0.1621 -0.5768 -0.8006
vn 0.1092 0.8562 0.5050
vn 0.5529 0.6069 -0.5710
vn 0.2133 -0.5021 -0.8381
vn 0.0553 0.8154 0.5762
vn 0.5449 0.6734 -0.4995
vn 0.2626 -0.4225 -0.8675
vn 0.2228 -0.4072 -0.8858
vn 0.4512 0.7646 -0.4603
vn 0.4908 -0.1010 -0.8654
vn 0.3933 -0.1628 -0.9049
vn 0.4908 0.8698 -0.0508
vn 0.5278 -0.0117 -0.8493
vn 0.3933 0.9194 0.0032
vn 0.4902 0.1109 -0.8645
vn 0.4030 0.9073 0.1202
vn 0.5597 0.0778 -0.8250
vn 0.5317 0.2895 -0.7959
vn 0.5862 0.1664 -0.7929
vn 0.2626 0.9277 0.2655
vn 0.3531 0.9130 0.2044
vn 0.6222 0.3381 -0.7060
vn 0.0631 -0.7128 -0.6985
vn 0.2436 0.8981 0.3661
vn 0.1247 -0.6534 -0.7466
vn 0.5556 0.5345 -0.6369
vn 0.6313 0.4195 -0.6522
vn 0.1247 0.8488 0.5138
vn 0.6313 0.5695 -0.5264
vn 0.2436 -0.5165 -0.8209
vn 0.6222 0.6366 -0.4556
vn 0.2998 -0.4403 -0.8463
vn 0.0631 0.8117 0.5807
vn 0.5317 0.7336 -0.4233
vn 0.3531 -0.3598 -0.8636
vn 0.5862 0.7519 -0.3016
vn 0.4030 -0.2759 -0.8726
vn 0.5597 0.7990 -0.2198
vn 0.4902 0.8322 -0.2594
vn 0.5278 0.8384 -0.1360
vn 0.5883 -0.0469 -0.8073
vn 0.4492 0.8803 0.1523
vn 0.4491 0.8928 0.0349
vn 0.6239 0.0404 -0.7805
vn 0.3936 0.8894 0.2325
vn 0.6072 0.2535 -0.7531
vn 0.6534 0.1273 -0.7462
vn 0.2998 0.9099 0.2866
vn 0.6936 0.2966 -0.6565
vn 0.0704 -0.7170 -0.6935
vn 0.3342 0.8899 0.3105
vn 0.1390 -0.6618 -0.7367
vn 0.1850 0.8777 0.4421
vn 0.2715 0.8818 0.3855
vn 0.6344 0.4969 -0.5922
vn 0.7037 0.3774 -0.6020
vn 0.1850 -0.5878 -0.7876
vn 0.1390 0.8404 0.5238
vn 0.7037 0.5273 -0.4762
vn 0.2715 -0.5328 -0.8015
vn 0.6936 0.5950 -0.4061
vn 0.3342 -0.4603 -0.8225
vn 0.0704 0.8075 0.5857
vn 0.6072 0.6976 -0.3804
vn 0.3936 -0.3834 -0.8355
vn 0.6534 0.7128 -0.2549
vn 0.4492 -0.3028 -0.8405
vn 0.6239 0.7616 -0.1753
vn 0.4491 -0.1894 -0.8732
vn 0.5883 0.8032 -0.0940
vn 0.5470 -0.1338 -0.8264
vn 0.5470 0.8370 -0.0118
vn 0.7398 0.1682 -0.6514
vn 0.6767 0.2130 -0.7047
vn 0.4303 0.8634 0.2635
vn 0.7582 0.2507 -0.6019
vn 0.0769 -0.7217 -0.6880
vn 0.2968 0.8639 0.4069
vn 0.1519 -0.6709 -0.7258
vn 0.2063 0.8653 0.4568
vn 0.7071 0.4545 -0.5417
vn 0.7693 0.3309 -0.5465
vn 0.2063 -0.6002 -0.7728
vn 0.1519 0.8313 0.5347
vn 0.7693 0.4808 -0.4207
vn 0.2968 -0.5507 -0.7801
vn 0.7582 0.5492 -0.3515
vn 0.3653 -0.4824 -0.7961
vn 0.0769 0.8028 0.5912
vn 0.6767 0.6571 -0.3321
vn 0.4303 -0.4094 -0.8045
vn 0.7398 0.6123 -0.2788
vn 0.4911 -0.3325 -0.8051
vn 0.6820 0.7204 -0.1262
vn 0.5005 -0.2193 -0.8375
vn 0.6431 0.7643 -0.0476
vn 0.5980 -0.1699 -0.7833
vn 0.5980 0.8009 0.0313
vn 0.5005 0.8628 0.0706
vn 0.6431 -0.0858 -0.7610
vn 0.4911 0.8507 0.1877
vn 0.6820 -0.0009 -0.7314
vn 0.8155 0.2010 -0.5427
vn 0.1634 -0.6809 -0.7139
vn 0.2425 0.8369 0.4907
vn 0.2255 0.8517 0.4731
vn 0.7730 0.4078 -0.4860
vn 0.8275 0.2804 -0.4865
vn 0.2255 -0.6138 -0.7566
vn 0.1634 0.8213 0.5466
vn 0.8275 0.4304 -0.3606
vn 0.3193 -0.5702 -0.7569
vn 0.8155 0.4995 -0.2922
vn 0.3929 -0.5063 -0.7676
vn 0.0828 0.7978 0.5972
vn 0.4628 -0.4376 -0.7709
vn 0.7684 0.6227 -0.1477
vn 0.7143 0.6696 -0.2035
vn 0.5282 -0.3647 -0.7668
vn 0.7336 0.6757 -0.0729
vn 0.5472 -0.2524 -0.7980
vn 0.6917 0.7221 0.0026
vn 0.6432 -0.2091 -0.7365
vn 0.6432 0.7617 0.0780
vn 0.6917 -0.1280 -0.7107
vn 0.5472 0.8297 0.1100
vn 0.5282 0.8185 0.2260
vn 0.7143 0.0841 -0.6947
vn 0.7336 -0.0456 -0.6781
vn 0.7684 0.0373 -0.6389
vn 0.3653 0.8678 0.3368
vn 0.4628 0.8352 0.2971
vn 0.0828 -0.7267 -0.6820
vn 0.3193 0.8444 0.4301
vn 0.8777 0.3765 -0.2965
vn 0.8315 0.3571 -0.4256
vn 0.3386 -0.5910 -0.7322
vn 0.2425 -0.6286 -0.7390
vn 0.1734 0.8107 0.5593
vn 0.8650 0.4464 -0.2290
vn 0.4168 -0.5319 -0.7371
vn 0.0878 0.7924 0.6037
vn 0.7958 0.5638 -0.2210
vn 0.4909 -0.4677 -0.7350
vn 0.8441 0.5120 -0.1593
vn 0.5603 -0.3991 -0.7258
vn 0.7781 0.6280 -0.0160
vn 0.5886 -0.2883 -0.7553
vn 0.7337 0.6771 0.0562
vn 0.6823 -0.2510 -0.6867
vn 0.6823 0.7198 0.1279
vn 0.5886 0.7939 0.1528
vn 0.7337 -0.1730 -0.6571
vn 0.5603 0.7841 0.2670
vn 0.7781 -0.0933 -0.6212
vn 0.4909 0.8051 0.3330
vn 0.8441 0.0680 -0.5319
vn 0.7958 0.1197 -0.5936
vn 0.3929 0.8439 0.3654
vn 0.8650 0.1480 -0.4794
vn 0.0878 -0.7321 -0.6755
vn 0.3387 0.8237 0.4548
vn 0.1734 -0.6915 -0.7012
vn 0.8777 0.2266 -0.4223
vn 0.9062 0.3905 -0.1623
vn 0.5143 -0.4995 -0.6972
vn 0.8538 0.5201 -0.0253
vn 0.8150 0.5727 -0.0881
vn 0.5869 -0.4353 -0.6826
vn 0.8151 0.5776 0.0440
vn 0.6243 -0.3266 -0.7096
vn 0.7686 0.6297 0.1128
vn 0.7147 -0.2951 -0.6341
vn 0.7686 -0.2204 -0.6005
vn 0.6243 0.7556 0.1984
vn 0.7147 0.6757 0.1805
vn 0.5869 0.7479 0.3102
vn 0.8150 -0.0127 -0.5793
vn 0.8151 -0.1436 -0.5612
vn 0.5143 0.7733 0.3708
vn 0.8538 -0.0654 -0.5165
vn 0.4168 0.8183 0.3958
vn 0.9062 0.0920 -0.4127
vn 0.0920 -0.7378 -0.6688
vn 0.3548 0.8018 0.4809
vn 0.1816 -0.7027 -0.6879
vn 0.2695 0.8045 0.5293
vn 0.2572 0.8211 0.5095
vn 0.8819 0.3030 -0.3611
vn 0.9194 0.1698 -0.3547
vn 0.2572 -0.6443 -0.7202
vn 0.1816 0.7995 0.5726
vn 0.9194 0.3198 -0.2288
vn 0.3548 -0.6129 -0.7061
vn 0.4366 -0.5589 -0.7050
vn 0.0920 0.7867 0.6104
vn 0.8443 0.5252 0.1064
vn 0.6540 -0.3670 -0.6615
vn 0.6080 -0.4730 -0.6377
vn 0.7961 0.5803 0.1717
vn 0.7403 -0.3410 -0.5793
vn 0.7961 -0.2698 -0.5417
vn 0.6540 0.7152 0.2465
vn 0.7403 0.6298 0.2353
vn 0.6080 0.7101 0.3551
vn 0.8443 -0.1960 -0.4988
vn 0.5327 0.7403 0.4102
vn 0.9159 -0.0435 -0.3991
vn 0.8842 0.0134 -0.4669
vn 0.4366 0.7914 0.4279
vn 0.9386 0.0338 -0.3433
vn 0.0952 -0.7437 -0.6617
vn 0.3675 0.7790 0.5081
vn 0.1881 -0.7144 -0.6740
vn 0.9239 0.2460 -0.2932
vn 0.9523 0.1107 -0.2842
vn 0.2791 -0.6783 -0.6797
vn 0.2695 -0.6610 -0.7003
vn 0.1881 0.7878 0.5865
vn 0.9523 0.2607 -0.1584
vn 0.3675 -0.6357 -0.6789
vn 0.0952 0.7808 0.6175
vn 0.9386 0.3322 -0.0929
vn 0.4522 -0.5869 -0.6716
vn 0.8842 0.4575 -0.0942
vn 0.5327 -0.5325 -0.6578
vn 0.9159 0.4006 -0.0265
vn 0.8160 0.5294 0.2323
vn 0.8160 -0.3207 -0.4810
vn 0.6774 0.6732 0.2966
vn 0.7588 0.5824 0.2917
vn 0.6231 0.6713 0.4015
vn 0.8843 -0.1203 -0.4511
vn 0.8653 -0.2500 -0.4344
vn 0.9387 -0.1020 -0.3294
vn 0.4522 0.7633 0.4614
vn 0.5459 0.7062 0.4508
vn 0.9620 -0.0262 -0.2718
vn 0.0976 -0.7498 -0.6545
vn 0.3766 0.7555 0.5361
vn 0.1928 -0.7265 -0.6596
vn 0.2861 0.7693 0.5712
vn 0.2791 0.7872 0.5500
vn 0.9569 0.1866 -0.2224
vn 0.9761 0.0498 -0.2116
vn 0.1928 0.7757 0.6009
vn 0.9761 0.1998 -0.0858
vn 0.3766 -0.6592 -0.6509
vn 0.0976 0.7747 0.6247
vn 0.9620 0.2722 -0.0214
vn 0.5459 -0.5666 -0.6172
vn 0.8843 0.4652 0.0401
vn 0.9387 0.3421 0.0433
vn 0.6231 -0.5119 -0.5913
vn 0.8653 0.4713 0.1707
vn 0.6774 -0.4090 -0.6114
vn 0.7588 -0.3884 -0.5229
vn 0.6322 0.6316 0.4487
vn 0.6943 0.6299 0.3482
vn 0.9197 -0.2345 -0.3150
vn 0.9063 -0.1769 -0.3837
vn 0.4635 0.7344 0.4959
vn 0.5539 0.6715 0.4922
vn 0.9761 -0.0874 -0.1989
vn 0.0991 -0.7560 -0.6471
vn 0.3821 0.7315 0.5647
vn 0.1956 -0.7387 -0.6450
vn 0.2903 0.7511 0.5929
vn 0.9808 0.1254 -0.1494
vn 0.9904 -0.0123 -0.1376
vn 0.2903 -0.7144 -0.6367
vn 0.2861 -0.6962 -0.6584
vn 0.1956 0.7635 0.6155
vn 0.9904 0.1377 -0.0118
vn 0.9761 0.2110 0.0516
vn 0.4703 -0.6453 -0.6020
vn 0.4635 -0.6158 -0.6371
vn 0.0991 0.7685 0.6321
vn 0.5539 -0.6013 -0.5758
vn 0.9197 0.3510 0.1763
vn 0.9063 0.4086 0.1075
vn 0.6322 -0.5516 -0.5441
vn 0.8780 0.4162 0.2364
vn 0.6943 -0.4523 -0.5598
vn 0.8279 0.4775 0.2942
vn 0.7699 -0.4367 -0.4654
vn 0.8279 -0.3726 -0.4191
vn 0.7699 0.5341 0.3492
vn 0.4703 0.7049 0.5310
vn 0.5566 0.6364 0.5340
vn 0.9808 -0.1492 -0.1252
vn 0.9525 -0.1617 -0.2582
vn 0.0995 -0.7622 -0.6396
vn 0.3840 0.7073 0.5935
vn 0.1966 -0.7511 -0.6302
vn 0.9952 0.0630 -0.0751
vn 0.9952 -0.0750 -0.0629
vn 0.2917 -0.7327 -0.6148
vn 0.1966 0.7511 0.6302
vn 0.9952 0.0750 0.0629
vn 0.3840 -0.7073 -0.5935
vn 0.3821 -0.6831 -0.6223
vn 0.9808 0.1492 0.1252
vn 0.4726 -0.6751 -0.5665
vn 0.0995 0.7622 0.6396
vn 0.9525 0.2823 0.1145
vn 0.5566 -0.6364 -0.5340
vn 0.9571 0.2220 0.1863
vn 0.6353 -0.5916 -0.4964
vn 0.8823 0.3606 0.3026
vn 0.7045 -0.4965 -0.5072
vn 0.8319 0.4250 0.3567
vn 0.7736 -0.4854 -0.4073
vn 0.8319 -0.4250 -0.3567
vn 0.7045 0.5857 0.4009
vn 0.7736 0.4854 0.4073
vn 0.8780 -0.3050 -0.3688
vn 0.6353 0.5916 0.4964
vn 0.8823 -0.3606 -0.3026
vn 0.9571 -0.2220 -0.1863
vn 0.2903 0.7144 0.6367
vn 0.2917 0.7327 0.6148
vn 1.0000 -0.0000 -0.0000
vn 0.9904 -0.1377 0.0118
vn 0.1956 -0.7635 -0.6155
vn 0.1956 0.7387 0.6450
vn 0.9904 0.0123 0.1376
vn 0.3821 -0.7315 -0.5647
vn 0.9761 0.0874 0.1989
vn 0.4703 -0.7049 -0.5310
vn 0.0991 0.7560 0.6471
vn 0.5539 -0.6715 -0.4922
vn 0.9197 0.2345 0.3150
vn 0.9241 0.2927 0.2456
vn 0.6322 -0.6316 -0.4487
vn 0.8780 0.3050 0.3688
vn 0.7079 -0.5411 -0.4540
vn 0.8279 0.3726 0.4191
vn 0.7699 -0.5341 -0.3492
vn 0.8279 -0.4775 -0.2942
vn 0.7079 0.5411 0.4540
vn 0.7699 0.4367 0.4654
vn 0.6322 0.5516 0.5441
vn 0.9197 -0.3510 -0.1763
vn 0.9241 -0.2927 -0.2456
vn 0.4726 0.6751 0.5665
vn 0.5539 0.6013 0.5758
vn 0.9761 -0.2110 -0.0516
vn 0.0991 -0.7685 -0.6321
vn 0.3821 0.6831 0.6223
vn 0.0976 0.7498 0.6545
vn 0.9620 0.0262 0.2718
vn 0.3766 -0.7555 -0.5361
vn 0.9525 0.1617 0.2582
vn 0.5459 -0.7062 -0.4508
vn 0.9063 0.1769 0.3837
vn 0.6231 -0.6713 -0.4015
vn 0.8653 0.2500 0.4345
vn 0.7045 -0.5857 -0.4009
vn 0.8160 0.3207 0.4810
vn 0.7588 -0.5824 -0.2917
vn 0.8160 -0.5294 -0.2323
vn 0.7045 0.4965 0.5072
vn 0.7588 0.3884 0.5229
vn 0.8780 -0.4162 -0.2364
vn 0.6231 0.5119 0.5913
vn 0.8653 -0.4713 -0.1707
vn 0.5459 0.5666 0.6172
vn 0.9525 -0.2823 -0.1145
vn 0.9063 -0.4086 -0.1075
vn 0.4703 0.6453 0.6020
vn 0.9620 -0.2722 0.0214
vn 0.0976 -0.7747 -0.6247
vn 0.3766 0.6592 0.6509
vn 0.1928 -0.7757 -0.6009
vn 0.9952 -0.0630 0.0751
vn 0.9761 -0.1998 0.0858
vn 0.2861 -0.7693 -0.5712
vn 0.2903 -0.7511 -0.5929
vn 0.1928 0.7265 0.6596
vn 0.9761 -0.0498 0.2116
vn 0.8843 0.1203 0.4511
vn 0.9387 0.1020 0.3294
vn 0.6080 -0.7101 -0.3551
vn 0.8443 0.1960 0.4988
vn 0.6943 -0.6299 -0.3482
vn 0.7961 0.2698 0.5417
vn 0.7403 -0.6298 -0.2353
vn 0.7961 -0.5803 -0.1717
vn 0.6943 0.4523 0.5598
vn 0.7403 0.3410 0.5793
vn 0.6080 0.4730 0.6377
vn 0.8443 -0.5252 -0.1064
vn 0.9387 -0.3421 -0.0433
vn 0.8843 -0.4652 -0.0401
vn 0.4635 0.6158 0.6371
vn 0.5327 0.5325 0.6578
vn 0.9386 -0.3322 0.0929
vn 0.0952 -0.7808 -0.6175
vn 0.3675 0.6357 0.6789
vn 0.1881 -0.7878 -0.5865
vn 0.2861 0.6962 0.6584
vn 0.9808 -0.1254 0.1494
vn 0.9523 -0.2607 0.1584
vn 0.2791 -0.7872 -0.5500
vn 0.2791 0.6783 0.6797
vn 0.9523 -0.1107 0.2842
vn 0.3675 -0.7790 -0.5081
vn 0.1881 0.7144 0.6740
vn 0.9386 -0.0338 0.3433
vn 0.4522 -0.7633 -0.4614
vn 0.4635 -0.7344 -0.4959
vn 0.0952 0.7437 0.6617
vn 0.5327 -0.7403 -0.4102
vn 0.4522 0.5869 0.6716
vn 0.5143 0.4995 0.6972
vn 0.9062 -0.3905 0.1623
vn 0.9159 -0.4006 0.0265
vn 0.0920 -0.7867 -0.6104
vn 0.4366 0.5589 0.7050
vn 0.1816 -0.7995 -0.5726
vn 0.3548 0.6129 0.7061
vn 0.9569 -0.1866 0.2224
vn 0.9194 -0.3198 0.2288
vn 0.2695 -0.8045 -0.5293
vn 0.1816 0.7027 0.6879
vn 0.9194 -0.1698 0.3547
vn 0.3548 -0.8018 -0.4809
vn 0.0920 0.7378 0.6688
vn 0.9062 -0.0920 0.4127
vn 0.4366 -0.7914 -0.4279
vn 0.9159 0.0435 0.3991
vn 0.5143 -0.7733 -0.3708
vn 0.8538 0.0654 0.5165
vn 0.5869 -0.7479 -0.3102
vn 0.8151 0.1436 0.5612
vn 0.6774 -0.6732 -0.2966
vn 0.7686 0.2204 0.6005
vn 0.7147 -0.6757 -0.1805
vn 0.7686 -0.6297 -0.1128
vn 0.6774 0.4090 0.6114
vn 0.7147 0.2951 0.6341
vn 0.5869 0.4353 0.6826
vn 0.8151 -0.5776 -0.0440
vn 0.8538 -0.5201 0.0253
vn 0.2572 0.6443 0.7202
vn 0.2695 0.6610 0.7003
vn 0.9239 -0.2460 0.2932
vn 0.8777 -0.3765 0.2965
vn 0.2572 -0.8211 -0.5095
vn 0.1734 0.6915 0.7012
vn 0.8777 -0.2266 0.4223
vn 0.0878 0.7321 0.6755
vn 0.8650 -0.1480 0.4794
vn 0.3386 -0.8237 -0.4548
vn 0.8842 -0.0134 0.4669
vn 0.4909 -0.8051 -0.3330
vn 0.8150 0.0127 0.5793
vn 0.7781 0.0933 0.6212
vn 0.6540 -0.7152 -0.2465
vn 0.5603 -0.7841 -0.2670
vn 0.7337 0.1730 0.6571
vn 0.6823 -0.7198 -0.1279
vn 0.7337 -0.6771 -0.0562
vn 0.6540 0.3670 0.6615
vn 0.6823 0.2510 0.6867
vn 0.5603 0.3991 0.7258
vn 0.7781 -0.6280 0.0160
vn 0.4909 0.4677 0.7350
vn 0.8441 -0.5120 0.1593
vn 0.8842 -0.4575 0.0942
vn 0.8650 -0.4464 0.2290
vn 0.0878 -0.7924 -0.6037
vn 0.3386 0.5910 0.7322
vn 0.1634 0.6809 0.7139
vn 0.8155 -0.2011 0.5427
vn 0.4168 -0.8183 -0.3958
vn 0.3193 -0.8444 -0.4301
vn 0.0828 0.7267 0.6820
vn 0.8441 -0.0680 0.5319
vn 0.4628 -0.8352 -0.2971
vn 0.7684 -0.0373 0.6389
vn 0.5282 -0.8185 -0.2260
vn 0.7336 0.0456 0.6781
vn 0.6243 -0.7556 -0.1984
vn 0.6917 0.1280 0.7107
vn 0.6432 -0.7617 -0.0781
vn 0.6432 0.2091 0.7365
vn 0.6917 -0.7221 -0.0026
vn 0.6243 0.3266 0.7096
vn 0.5282 0.3647 0.7668
vn 0.8150 -0.5728 0.0881
vn 0.7336 -0.6757 0.0729
vn 0.7684 -0.6227 0.1477
vn 0.4168 0.5319 0.7371
vn 0.4628 0.4376 0.7709
vn 0.8155 -0.4995 0.2922
vn 0.0828 -0.7978 -0.5972
vn 0.3193 0.5702 0.7569
vn 0.1634 -0.8213 -0.5466
vn 0.1734 -0.8107 -0.5593
vn 0.2425 0.6286 0.7390
vn 0.8819 -0.3030 0.3611
vn 0.8275 -0.4304 0.3606
vn 0.2425 -0.8369 -0.4907
vn 0.8275 -0.2804 0.4865
vn 0.7143 -0.0841 0.6947
vn 0.7958 -0.1197 0.5936
vn 0.4303 -0.8634 -0.2635
vn 0.6820 0.0009 0.7314
vn 0.5886 -0.7939 -0.1528
vn 0.4911 -0.8507 -0.1877
vn 0.6431 0.0858 0.7610
vn 0.5980 -0.8009 -0.0313
vn 0.6431 -0.7643 0.0476
vn 0.5886 0.2883 0.7553
vn 0.5980 0.1699 0.7833
vn 0.4911 0.3325 0.8051
vn 0.7143 -0.6696 0.2035
vn 0.4303 0.4094 0.8045
vn 0.7958 -0.5638 0.2210
vn 0.3929 0.5063 0.7676
vn 0.7582 -0.5492 0.3515
vn 0.0769 -0.8028 -0.5912
vn 0.2968 0.5507 0.7801
vn 0.1519 -0.8313 -0.5347
vn 0.8315 -0.3571 0.4256
vn 0.7693 -0.4808 0.4207
vn 0.2255 -0.8517 -0.4731
vn 0.1519 0.6709 0.7258
vn 0.7693 -0.3309 0.5465
vn 0.2968 -0.8639 -0.4069
vn 0.0769 0.7217 0.6880
vn 0.7582 -0.2507 0.6019
vn 0.3929 -0.8439 -0.3654
vn 0.5883 0.0469 0.8073
vn 0.5470 -0.8370 0.0118
vn 0.5472 -0.8297 -0.1100
vn 0.5883 -0.8032 0.0940
vn 0.5472 0.2524 0.7980
vn 0.5470 0.1338 0.8264
vn 0.6820 -0.7204 0.1262
vn 0.4492 0.3028 0.8405
vn 0.6239 -0.7616 0.1753
vn 0.3936 0.3834 0.8355
vn 0.7398 -0.6123 0.2788
vn 0.6534 -0.7128 0.2549
vn 0.3653 0.4824 0.7961
vn 0.6936 -0.5950 0.4061
vn 0.0704 -0.8075 -0.5857
vn 0.3342 0.4603 0.8225
vn 0.1390 -0.8404 -0.5238
vn 0.2063 0.6002 0.7728
vn 0.2255 0.6138 0.7566
vn 0.7730 -0.4078 0.4860
vn 0.7037 -0.5273 0.4762
vn 0.1390 0.6618 0.7367
vn 0.7037 -0.3774 0.6020
vn 0.2715 -0.8818 -0.3855
vn 0.6936 -0.2966 0.6565
vn 0.3653 -0.8678 -0.3368
vn 0.0704 0.7170 0.6935
vn 0.7398 -0.1682 0.6514
vn 0.3936 -0.8894 -0.2325
vn 0.6534 -0.1273 0.7462
vn 0.4492 -0.8803 -0.1523
vn 0.6239 -0.0404 0.7805
vn 0.5005 0.2193 0.8375
vn 0.4908 0.1010 0.8654
vn 0.5278 -0.8384 0.1360
vn 0.4030 0.2759 0.8726
vn 0.5597 -0.7990 0.2198
vn 0.6072 -0.6976 0.3804
vn 0.6768 -0.6571 0.3321
vn 0.3531 0.3598 0.8636
vn 0.6222 -0.6366 0.4556
vn 0.0631 -0.8117 -0.5807
vn 0.2715 0.5328 0.8015
vn 0.2998 0.4403 0.8463
vn 0.6313 -0.5695 0.5264
vn 0.1247 -0.8488 -0.5138
vn 0.1850 0.5878 0.7876
vn 0.7071 -0.4545 0.5417
vn 0.2063 -0.8653 -0.4568
vn 0.1247 0.6534 0.7466
vn 0.6313 -0.4195 0.6522
vn 0.2436 -0.8981 -0.3661
vn 0.0631 0.7128 0.6985
vn 0.6222 -0.3381 0.7060
vn 0.2998 -0.9099 -0.2866
vn 0.3342 -0.8899 -0.3105
vn 0.6768 -0.2130 0.7047
vn 0.3531 -0.9130 -0.2044
vn 0.6072 -0.2535 0.7531
vn 0.4030 -0.9073 -0.1202
vn 0.5597 -0.0778 0.8250
vn 0.5005 -0.8628 -0.0706
vn 0.5278 0.0117 0.8493
vn 0.4908 -0.8698 0.0508
vn 0.3530 0.2520 0.9011
vn 0.5134 -0.7866 0.3430
vn 0.5862 -0.7519 0.3016
vn 0.3092 0.3389 0.8885
vn 0.5449 -0.6734 0.4995
vn 0.0553 -0.8154 -0.5762
vn 0.2133 0.5021 0.8381
vn 0.2436 0.5165 0.8209
vn 0.1092 -0.8562 -0.5050
vn 0.1621 0.5768 0.8006
vn 0.6344 -0.4969 0.5922
vn 0.5529 -0.6069 0.5710
vn 0.1850 -0.8777 -0.4421
vn 0.1092 0.6460 0.7554
vn 0.5529 -0.4569 0.6968
vn 0.2133 -0.9125 -0.3489
vn 0.5449 -0.3750 0.7500
vn 0.0553 0.7090 0.7030
vn 0.3092 -0.9339 -0.1795
vn 0.5134 -0.2012 0.8342
vn 0.5862 -0.1664 0.7929
vn 0.3530 -0.9311 -0.0917
vn 0.4902 -0.1109 0.8645
vn 0.4491 -0.8928 -0.0349
vn 0.4622 -0.0196 0.8866
vn 0.4298 -0.8989 0.0855
vn 0.4622 -0.8697 0.1732
vn 0.4491 0.1894 0.8732
vn 0.4298 0.0719 0.9001
vn 0.4902 -0.8322 0.2594
vn 0.0469 -0.8187 -0.5724
vn 0.1810 0.4896 0.8529
vn 0.2626 0.4225 0.8675
vn 0.4624 -0.7053 0.5374
vn 0.0927 -0.8625 -0.4975
vn 0.1375 0.5674 0.8119
vn 0.5556 -0.5345 0.6369
vn 0.4691 -0.6391 0.6094
vn 0.1621 -0.8886 -0.4290
vn 0.0927 0.6397 0.7630
vn 0.4691 -0.4892 0.7353
vn 0.1810 -0.9250 -0.3341
vn 0.4624 -0.4068 0.7879
vn 0.2228 -0.9430 -0.2472
vn 0.2626 -0.9277 -0.2655
vn 0.0469 0.7058 0.7068
vn 0.5317 -0.2895 0.7959
vn 0.2624 -0.9519 -0.1580
vn 0.4356 -0.2311 0.8700
vn 0.2995 -0.9517 -0.0672
vn 0.4159 -0.1395 0.8986
vn 0.3933 -0.9194 -0.0032
vn 0.3922 -0.0466 0.9187
vn 0.3647 -0.9240 0.1154
vn 0.3922 -0.8967 0.2054
vn 0.3933 0.1628 0.9049
vn 0.3647 0.0468 0.9300
vn 0.2995 0.2314 0.9256
vn 0.4356 -0.8166 0.3787
vn 0.2624 0.3209 0.9101
vn 0.5317 -0.7336 0.4233
vn 0.1375 -0.8981 -0.4178
vn 0.0752 -0.8678 -0.4911
vn 0.0752 0.6344 0.7694
vn 0.3808 -0.5160 0.7672
vn 0.4714 -0.5669 0.6756
vn 0.1116 -0.9060 -0.4084
vn 0.0381 0.7031 0.7100
vn 0.3754 -0.4333 0.8194
vn 0.1469 -0.9354 -0.3217
vn 0.4512 -0.3205 0.8329
vn 0.2130 -0.9670 -0.1401
vn 0.3536 -0.2560 0.8997
vn 0.2431 -0.9689 -0.0468
vn 0.3337 -0.9424 0.0242
vn 0.3184 -0.0690 0.9455
vn 0.2961 -0.9448 0.1402
vn 0.3184 -0.9191 0.2321
vn 0.3337 0.1398 0.9323
vn 0.2961 0.0260 0.9548
vn 0.4159 -0.8608 0.2935
vn 0.2431 0.2143 0.9460
vn 0.3536 -0.8415 0.4084
vn 0.2130 0.3058 0.9279
vn 0.4512 -0.7646 0.4603
vn 0.2228 0.4072 0.8858
vn 0.3754 -0.7317 0.5690
vn 0.0381 -0.8214 -0.5692
vn 0.1469 0.4793 0.8653
vn 0.1116 0.5595 0.8213
vn 0.3808 -0.6660 0.6414
vn 0.1372 -0.9658 -0.2200
vn 0.1809 -0.9558 -0.2320
vn 0.0289 0.7010 0.7126
vn 0.3663 -0.3463 0.8637
vn 0.2847 -0.4541 0.8442
vn 0.1616 -0.9788 -0.1260
vn 0.2683 -0.2757 0.9231
vn 0.2561 -0.1821 0.9493
vn 0.3376 -0.1633 0.9270
vn 0.2709 -0.9615 0.0470
vn 0.1844 -0.9824 -0.0307
vn 0.2415 -0.0867 0.9665
vn 0.2246 -0.9613 0.1598
vn 0.2415 -0.9368 0.2532
vn 0.2709 0.1207 0.9550
vn 0.2246 0.0095 0.9744
vn 0.3376 -0.8846 0.3218
vn 0.1844 0.2008 0.9621
vn 0.2683 -0.8612 0.4318
vn 0.1616 0.2940 0.9420
vn 0.3663 -0.7904 0.4910
vn 0.1372 0.3844 0.9129
vn 0.1809 0.3945 0.9009
vn 0.2847 -0.7525 0.5938
vn 0.0289 -0.8235 -0.5666
vn 0.0571 -0.8720 -0.4862
vn 0.0847 0.5533 0.8287
vn 0.3827 -0.5939 0.7077
vn 0.2889 -0.6871 0.6666
vn 0.0847 -0.9122 -0.4010
vn 0.0571 0.6302 0.7743
vn 0.2889 -0.5372 0.7924
vn 0.1115 -0.9435 -0.3120
vn 0.1239 -0.9921 -0.0191
vn 0.1803 -0.2898 0.9399
vn 0.2055 -0.9765 0.0649
vn 0.1623 -0.0994 0.9817
vn 0.1509 -0.9731 0.1739
vn 0.1623 -0.9495 0.2684
vn 0.2055 0.1057 0.9729
vn 0.1509 -0.0023 0.9885
vn 0.2561 -0.9033 0.3442
vn 0.1239 0.1911 0.9737
vn 0.1803 -0.8753 0.4487
vn 0.2778 -0.8107 0.5153
vn 0.1086 0.2855 0.9522
vn 0.1914 -0.7676 0.6117
vn 0.0194 -0.8250 -0.5648
vn 0.0749 0.4652 0.8820
vn 0.1115 0.4711 0.8750
vn 0.0383 -0.8750 -0.4826
vn 0.0569 0.5488 0.8340
vn 0.2903 -0.6151 0.7331
vn 0.1942 -0.7024 0.6848
vn 0.0383 0.6272 0.7779
vn 0.1942 -0.5524 0.8106
vn 0.0749 -0.9494 -0.3050
vn 0.0194 0.6995 0.7144
vn 0.1914 -0.4691 0.8621
vn 0.0922 -0.9730 -0.2114
vn 0.2778 -0.3667 0.8879
vn 0.1086 -0.9873 -0.1158
vn 0.0758 -0.9803 0.1825
vn 0.1381 -0.9874 0.0778
vn 0.0815 -0.1071 0.9909
vn 0.0815 -0.9572 0.2776
vn 0.1381 0.0948 0.9859
vn 0.0758 -0.0095 0.9971
vn 0.1721 -0.9168 0.3603
vn 0.0623 0.1852 0.9807
vn 0.0906 -0.8839 0.4589
vn 0.0546 0.2803 0.9584
vn 0.1867 -0.8254 0.5328
vn 0.0922 0.3772 0.9215
vn 0.0961 -0.7767 0.6225
vn 0.0098 -0.8259 -0.5637
vn 0.0463 0.3728 0.9268
vn 0.0193 -0.8768 -0.4804
vn 0.0286 0.5461 0.8372
vn 0.1951 -0.6304 0.7513
vn 0.0975 -0.7116 0.6958
vn 0.0286 -0.9193 -0.3925
vn 0.0569 -0.9166 -0.3957
vn 0.0193 0.6254 0.7801
vn 0.0975 -0.5617 0.8216
vn 0.0961 -0.4782 0.8730
vn 0.0463 -0.9774 -0.2062
vn 0.0098 0.6986 0.7155
vn 0.1867 -0.3813 0.9054
vn 0.0546 -0.9925 -0.1097
vn 0.0906 -0.2984 0.9501
vn 0.1721 -0.1956 0.9655
vn 0.0623 -0.9980 -0.0121
vn 0.0865 -0.9250 0.3700
vn 0.0694 0.0883 0.9937
vn 0.0938 -0.8343 0.5433
vn 0.0376 0.4617 0.8862
vn 0.0980 -0.6397 0.7624
vn 0.0376 -0.9530 -0.3008
vn 0.0938 -0.3902 0.9159
vn 0.0865 -0.2038 0.9752
vn 0.0694 -0.9939 0.0856
vt 0.750000 0.968750
vt 0.750000 0.937500
vt 0.750000 0.906250
vt 0.750000 0.843750
vt 0.750000 0.656250
vt 0.750000 0.625000
vt 0.750000 0.593750
vt 0.750000 0.531250
vt 0.750000 0.500000
vt 0.750000 0.468750
vt 0.750000 0.406250
vt 0.750000 0.375000
vt 0.750000 0.343750
vt 0.750000 0.093750
vt 0.750000 0.031250
vt 0.734375 0.968750
vt 0.734375 0.937500
vt 0.734375 0.906250
vt 0.734375 0.875000
vt 0.734375 0.843750
vt 0.734375 0.812500
vt 0.734375 0.781250
vt 0.734375 0.750000
vt 0.734375 0.718750
vt 0.734375 0.687500
vt 0.734375 0.656250
vt 0.734375 0.625000
vt 0.734375 0.593750
vt 0.734375 0.562500
vt 0.734375 0.531250
vt 0.734375 0.500000
vt 0.734375 0.468750
vt 0.734375 0.437500
vt 0.734375 0.406250
vt 0.734375 0.375000
vt 0.734375 0.343750
vt 0.734375 0.312500
vt 0.734375 0.281250
vt 0.734375 0.250000
vt 0.734375 0.218750
vt 0.734375 0.187500
vt 0.734375 0.156250
vt 0.734375 0.125000
vt 0.734375 0.093750
vt 0.734375 0.062500
vt 0.734375 0.031250
vt 0.718750 0.968750
vt 0.718750 0.937500
vt 0.718750 0.906250
vt 0.718750 0.875000
vt 0.718750 0.843750
vt 0.718750 0.812500
vt 0.718750 0.781250
vt 0.718750 0.750000
vt 0.718750 0.718750
vt 0.718750 0.687500
vt 0.718750 0.656250
vt 0.718750 0.625000
vt 0.718750 0.593750
vt 0.718750 0.562500
vt 0.718750 0.531250
vt 0.718750 0.500000
vt 0.718750 0.468750
vt 0.718750 0.437500
vt 0.718750 0.406250
vt 0.718750 0.375000
vt 0.718750 0.343750
vt 0.718750 0.312500
vt 0.718750 0.281250
vt 0.718750 0.250000
vt 0.718750 0.218750
vt 0.718750 0.187500
vt 0.718750 0.156250
vt 0.718750 0.125000
vt 0.718750 0.093750
vt 0.718750 0.062500
vt 0.718750 0.031250
vt 0.703125 0.968750
vt 0.703125 0.937500
vt 0.703125 0.906250
vt 0.703125 0.875000
vt 0.703125 0.843750
vt 0.703125 0.812500
vt 0.703125 0.781250
vt 0.703125 0.750000
vt 0.703125 0.718750
vt 0.703125 0.687500
vt 0.703125 0.656250
vt 0.703125 0.625000
vt 0.703125 0.593750
vt 0.703125 0.562500
vt 0.703125 0.531250
vt 0.703125 0.500000
vt 0.703125 0.468750
vt 0.703125 0.437500
vt 0.703125 0.406250
vt 0.703125 0.375000
vt 0.703125 0.343750
vt 0.703125 0.312500
vt 0.703125 0.281250
vt 0.703125 0.250000
vt 0.703125 0.218750
vt 0.703125 0.187500
vt 0.703125 0.156250
vt 0.703125 0.125000
vt 0.703125 0.093750
vt 0.703125 0.062500
vt 0.703125 0.031250
vt 0.687500 0.968750
vt 0.687500 0.937500
vt 0.687500 0.906250
vt 0.687500 0.875000
vt 0.687500 0.843750
vt 0.687500 0.812500
vt 0.687500 0.781250
vt 0.687500 0.750000
vt 0.687500 0.718750
vt 0.687500 0.687500
vt 0.687500 0.656250
vt 0.687500 0.625000
vt 0.687500 0.593750
vt 0.687500 0.562500
vt 0.687500 0.531250
vt 0.687500 0.500000
vt 0.687500 0.468750
vt 0.687500 0.437500
vt 0.687500 0.406250
vt 0.687500 0.375000
vt 0.687500 0.343750
vt 0.687500 0.312500
vt 0.687500 0.281250
vt 0.687500 0.250000
vt 0.687500 0.218750
vt 0.687500 0.187500
vt 0.687500 0.156250
vt 0.687500 0.125000
vt 0.687500 0.093750
vt 0.687500 0.062500
vt 0.687500 0.031250
vt 0.671875 0.968750
vt 0.671875 0.937500
vt 0.671875 0.906250
vt 0.671875 0.875000
vt 0.671875 0.843750
vt 0.671875 0.812500
vt 0.671875 0.781250
vt 0.671875 0.750000
vt 0.671875 0.718750
vt 0.671875 0.687500
vt 0.671875 0.656250
vt 0.671875 0.625000
vt 0.671875 0.593750
vt 0.671875 0.562500
vt 0.671875 0.531250
vt 0.671875 0.500000
vt 0.671875 0.468750
vt 0.671875 0.437500
vt 0.671875 0.406250
vt 0.671875 0.375000
vt 0.671875 0.343750
vt 0.671875 0.312500
vt 0.671875 0.281250
vt 0.671875 0.250000
vt 0.671875 0.218750
vt 0.671875 0.187500
vt 0.671875 0.156250
vt 0.671875 0.125000
vt 0.671875 0.093750
vt 0.671875 0.062500
vt 0.671875 0.031250
vt 0.656250 0.968750
vt 0.656250 0.937500
vt 0.656250 0.906250
vt 0.656250 0.875000
vt 0.656250 0.843750
vt 0.656250 0.812500
vt 0.656250 0.781250
vt 0.656250 0.750000
vt 0.656250 0.718750
vt 0.656250 0.687500
vt 0.656250 0.656250
vt 0.656250 0.625000
vt 0.656250 0.593750
vt 0.656250 0.562500
vt 0.656250 0.531250
vt 0.656250 0.500000
vt 0.656250 0.468750
vt 0.656250 0.437500
vt 0.656250 0.406250
vt 0.656250 0.375000
vt 0.656250 0.343750
vt 0.656250 0.312500
vt 0.656250 0.281250
vt 0.656250 0.250000
vt 0.656250 0.218750
vt 0.656250 0.187500
vt 0.656250 0.156250
vt 0.656250 0.125000
vt 0.656250 0.093750
vt 0.656250 0.062500
vt 0.656250 0.031250
vt 0.640625 0.968750
vt 0.640625 0.937500
vt 0.640625 0.906250
vt 0.640625 0.875000
vt 0.640625 0.843750
vt 0.640625 0.812500
vt 0.640625 0.781250
vt 0.640625 0.750000
vt 0.640625 0.718750
vt 0.640625 0.687500
vt 0.640625 0.656250
vt 0.640625 0.625000
vt 0.640625 0.593750
vt 0.640625 0.562500
vt 0.640625 0.531250
vt 0.640625 0.500000
vt 0.640625 0.468750
vt 0.640625 0.437500
vt 0.640625 0.406250
vt 0.640625 0.375000
vt 0.640625 0.343750
vt 0.640625 0.312500
vt 0.640625 0.281250
vt 0.640625 0.250000
vt 0.640625 0.218750
vt 0.640625 0.187500
vt 0.640625 0.156250
vt 0.640625 0.125000
vt 0.640625 0.093750
vt 0.640625 0.062500
vt 0.640625 0.031250
vt 0.625000 0.968750
vt 0.625000 0.937500
vt 0.625000 0.906250
vt 0.625000 0.875000
vt 0.625000 0.843750
vt 0.625000 0.812500
vt 0.625000 0.781250
vt 0.625000 0.750000
vt 0.625000 0.718750
vt 0.625000 0.687500
vt 0.625000 0.656250
vt 0.625000 0.625000
vt 0.625000 0.593750
vt 0.625000 0.562500
vt 0.625000 0.531250
vt 0.625000 0.500000
vt 0.625000 0.468750
vt 0.625000 0.437500
vt 0.625000 0.406250
vt 0.625000 0.375000
vt 0.625000 0.343750
vt 0.625000 0.312500
vt 0.625000 0.281250
vt 0.625000 0.250000
vt 0.625000 0.218750
vt 0.625000 0.187500
vt 0.625000 0.156250
vt 0.625000 0.125000
vt 0.625000 0.093750
vt 0.625000 0.062500
vt 0.625000 0.031250
vt 0.609375 0.968750
vt 0.609375 0.937500
vt 0.609375 0.906250
vt 0.609375 0.875000
vt 0.609375 0.843750
vt 0.609375 0.812500
vt 0.609375 0.781250
vt 0.609375 0.750000
vt 0.609375 0.718750
vt 0.609375 0.687500
vt 0.609375 0.656250
vt 0.609375 0.625000
vt 0.609375 0.593750
vt 0.609375 0.562500
vt 0.609375 0.531250
vt 0.609375 0.500000
vt 0.609375 0.468750
vt 0.609375 0.437500
vt 0.609375 0.406250
vt 0.609375 0.375000
vt 0.609375 0.343750
vt 0.609375 0.312500
vt 0.609375 0.281250
vt 0.609375 0.250000
vt 0.609375 0.218750
vt 0.609375 0.187500
vt 0.609375 0.156250
vt 0.609375 0.125000
vt 0.609375 0.093750
vt 0.609375 0.062500
vt 0.609375 0.031250
vt 0.593750 0.968750
vt 0.593750 0.937500
vt 0.593750 0.906250
vt 0.593750 0.875000
vt 0.593750 0.843750
vt 0.593750 0.812500
vt 0.593750 0.781250
vt 0.593750 0.750000
vt 0.593750 0.718750
vt 0.593750 0.687500
vt 0.593750 0.656250
vt 0.593750 0.625000
vt 0.593750 0.593750
vt 0.593750 0.562500
vt 0.593750 0.531250
vt 0.593750 0.500000
vt 0.593750 0.468750
vt 0.593750 0.437500
vt 0.593750 0.406250
vt 0.593750 0.375000
vt 0.593750 0.343750
vt 0.593750 0.312500
vt 0.593750 0.281250
vt 0.593750 0.250000
vt 0.593750 0.218750
vt 0.593750 0.187500
vt 0.593750 0.156250
vt 0.593750 0.125000
vt 0.593750 0.093750
vt 0.593750 0.062500
vt 0.593750 0.031250
vt 0.578125 0.968750
vt 0.578125 0.937500
vt 0.578125 0.906250
vt 0.578125 0.875000
vt 0.578125 0.843750
vt 0.578125 0.812500
vt 0.578125 0.781250
vt 0.578125 0.750000
vt 0.578125 0.718750
vt 0.578125 0.687500
vt 0.578125 0.656250
vt 0.578125 0.625000
vt 0.578125 0.593750
vt 0.578125 0.562500
vt 0.578125 0.531250
vt 0.578125 0.500000
vt 0.578125 0.468750
vt 0.578125 0.437500
vt 0.578125 0.406250
vt 0.578125 0.375000
vt 0.578125 0.343750
vt 0.578125 0.312500
vt 0.578125 0.281250
vt 0.578125 0.250000
vt 0.578125 0.218750
vt 0.578125 0.187500
vt 0.578125 0.156250
vt 0.578125 0.125000
vt 0.578125 0.093750
vt 0.578125 0.062500
vt 0.578125 0.031250
vt 0.562500 0.968750
vt 0.562500 0.937500
vt 0.562500 0.906250
vt 0.562500 0.875000
vt 0.562500 0.843750
vt 0.562500 0.812500
vt 0.562500 0.781250
vt 0.562500 0.750000
vt 0.562500 0.718750
vt 0.562500 0.687500
vt 0.562500 0.656250
vt 0.562500 0.625000
vt 0.562500 0.593750
vt 0.562500 0.562500
vt 0.562500 0.531250
vt 0.562500 0.500000
vt 0.562500 0.468750
vt 0.562500 0.437500
vt 0.562500 0.406250
vt 0.562500 0.375000
vt 0.562500 0.343750
vt 0.562500 0.312500
vt 0.562500 0.281250
vt 0.562500 0.250000
vt 0.562500 0.218750
vt 0.562500 0.187500
vt 0.562500 0.156250
vt 0.562500 0.125000
vt 0.562500 0.093750
vt 0.562500 0.062500
vt 0.562500 0.031250
vt 0.546875 0.968750
vt 0.546875 0.937500
vt 0.546875 0.906250
vt 0.546875 0.875000
vt 0.546875 0.843750
vt 0.546875 0.812500
vt 0.546875 0.781250
vt 0.546875 0.750000
vt 0.546875 0.718750
vt 0.546875 0.687500
vt 0.546875 0.656250
vt 0.546875 0.625000
vt 0.546875 0.593750
vt 0.546875 0.562500
vt 0.546875 0.531250
vt 0.546875 0.500000
vt 0.546875 0.468750
vt 0.546875 0.437500
vt 0.546875 0.406250
vt 0.546875 0.375000
vt 0.546875 0.343750
vt 0.546875 0.312500
vt 0.546875 0.281250
vt 0.546875 0.250000
vt 0.546875 0.218750
vt 0.546875 0.187500
vt 0.546875 0.156250
vt 0.546875 0.125000
vt 0.546875 0.093750
vt 0.546875 0.062500
vt 0.546875 0.031250
vt 0.531250 0.968750
vt 0.531250 0.937500
vt 0.531250 0.906250
vt 0.531250 0.875000
vt 0.531250 0.843750
vt 0.531250 0.812500
vt 0.531250 0.781250
vt 0.531250 0.750000
vt 0.531250 0.718750
vt 0.531250 0.687500
vt 0.531250 0.656250
vt 0.531250 0.625000
vt 0.531250 0.593750
vt 0.531250 0.562500
vt 0.531250 0.531250
vt 0.531250 0.500000
vt 0.531250 0.468750
vt 0.531250 0.437500
vt 0.531250 0.406250
vt 0.531250 0.375000
vt 0.531250 0.343750
vt 0.531250 0.312500
vt 0.531250 0.281250
vt 0.531250 0.250000
vt 0.531250 0.218750
vt 0.531250 0.187500
vt 0.531250 0.156250
vt 0.531250 0.125000
vt 0.531250 0.093750
vt 0.531250 0.062500
vt 0.531250 0.031250
vt 0.515625 0.968750
vt 0.515625 0.937500
vt 0.515625 0.906250
vt 0.515625 0.875000
vt 0.515625 0.843750
vt 0.515625 0.812500
vt 0.515625 0.781250
vt 0.515625 0.750000
vt 0.515625 0.718750
vt 0.515625 0.687500
vt 0.515625 0.656250
vt 0.515625 0.625000
vt 0.515625 0.593750
vt 0.515625 0.562500
vt 0.515625 0.531250
vt 0.515625 0.500000
vt 0.515625 0.468750
vt 0.515625 0.437500
vt 0.515625 0.406250
vt 0.515625 0.375000
vt 0.515625 0.343750
vt 0.515625 0.312500
vt 0.515625 0.281250
vt 0.515625 0.250000
vt 0.515625 0.218750
vt 0.515625 0.187500
vt 0.515625 0.156250
vt 0.515625 0.125000
vt 0.515625 0.093750
vt 0.515625 0.062500
vt 0.515625 0.031250
vt 0.500000 0.968750
vt 0.500000 0.937500
vt 0.500000 0.906250
vt 0.500000 0.875000
vt 0.500000 0.843750
vt 0.500000 0.812500
vt 0.500000 0.781250
vt 0.500000 0.750000
vt 0.500000 0.718750
vt 0.500000 0.687500
vt 0.500000 0.656250
vt 0.500000 0.625000
vt 0.500000 0.593750
vt 0.500000 0.562500
vt 0.500000 0.531250
vt 0.500000 0.500000
vt 0.500000 0.468750
vt 0.500000 0.437500
vt 0.500000 0.406250
vt 0.500000 0.375000
vt 0.500000 0.343750
vt 0.500000 0.312500
vt 0.500000 0.281250
vt 0.500000 0.250000
vt 0.500000 0.218750
vt 0.500000 0.187500
vt 0.500000 0.156250
vt 0.500000 0.125000
vt 0.500000 0.093750
vt 0.500000 0.062500
vt 0.500000 0.031250
vt 0.484375 0.968750
vt 0.484375 0.937500
vt 0.484375 0.906250
vt 0.484375 0.875000
vt 0.484375 0.843750
vt 0.484375 0.812500
vt 0.484375 0.781250
vt 0.484375 0.750000
vt 0.484375 0.718750
vt 0.484375 0.687500
vt 0.484375 0.656250
vt 0.484375 0.625000
vt 0.484375 0.593750
vt 0.484375 0.562500
vt 0.484375 0.531250
vt 0.484375 0.500000
vt 0.484375 0.468750
vt 0.484375 0.437500
vt 0.484375 0.406250
vt 0.484375 0.375000
vt 0.484375 0.343750
vt 0.484375 0.312500
vt 0.484375 0.281250
vt 0.484375 0.250000
vt 0.484375 0.218750
vt 0.484375 0.187500
vt 0.484375 0.156250
vt 0.484375 0.125000
vt 0.484375 0.093750
vt 0.484375 0.062500
vt 0.484375 0.031250
vt 0.468750 0.968750
vt 0.468750 0.937500
vt 0.468750 0.906250
vt 0.468750 0.875000
vt 0.468750 0.843750
vt 0.468750 0.812500
vt 0.468750 0.781250
vt 0.468750 0.750000
vt 0.468750 0.718750
vt 0.468750 0.687500
vt 0.468750 0.656250
vt 0.468750 0.625000
vt 0.468750 0.593750
vt 0.468750 0.562500
vt 0.468750 0.531250
vt 0.468750 0.500000
vt 0.468750 0.468750
vt 0.468750 0.437500
vt 0.468750 0.406250
vt 0.468750 0.375000
vt 0.468750 0.343750
vt 0.468750 0.312500
vt 0.468750 0.281250
vt 0.468750 0.250000
vt 0.468750 0.218750
vt 0.468750 0.187500
vt 0.468750 0.156250
vt 0.468750 0.125000
vt 0.468750 0.093750
vt 0.468750 0.062500
vt 0.468750 0.031250
vt 0.453125 0.968750
vt 0.453125 0.937500
vt 0.453125 0.906250
vt 0.453125 0.875000
vt 0.453125 0.843750
vt 0.453125 0.812500
vt 0.453125 0.781250
vt 0.453125 0.750000
vt 0.453125 0.718750
vt 0.453125 0.687500
vt 0.453125 0.656250
vt 0.453125 0.625000
vt 0.453125 0.593750
vt 0.453125 0.562500
vt 0.453125 0.531250
vt 0.453125 0.500000
vt 0.453125 0.468750
vt 0.453125 0.437500
vt 0.453125 0.406250
vt 0.453125 0.375000
vt 0.453125 0.343750
vt 0.453125 0.312500
vt 0.453125 0.281250
vt 0.453125 0.250000
vt 0.453125 0.218750
vt 0.453125 0.187500
vt 0.453125 0.156250
vt 0.453125 0.125000
vt 0.453125 0.093750
vt 0.453125 0.062500
vt 0.453125 0.031250
vt 0.437500 0.968750
vt 0.437500 0.937500
vt 0.437500 0.906250
vt 0.437500 0.875000
vt 0.437500 0.843750
vt 0.437500 0.812500
vt 0.437500 0.781250
vt 0.437500 0.750000
vt 0.437500 0.718750
vt 0.437500 0.687500
vt 0.437500 0.656250
vt 0.437500 0.625000
vt 0.437500 0.593750
vt 0.437500 0.562500
vt 0.437500 0.531250
vt 0.437500 0.500000
vt 0.437500 0.468750
vt 0.437500 0.437500
vt 0.437500 0.406250
vt 0.437500 0.375000
vt 0.437500 0.343750
vt 0.437500 0.312500
vt 0.437500 0.281250
vt 0.437500 0.250000
vt 0.437500 0.218750
vt 0.437500 0.187500
vt 0.437500 0.156250
vt 0.437500 0.125000
vt 0.437500 0.093750
vt 0.437500 0.062500
vt 0.437500 0.031250
vt 0.421875 0.968750
vt 0.421875 0.937500
vt 0.421875 0.906250
vt 0.421875 0.875000
vt 0.421875 0.843750
vt 0.421875 0.812500
vt 0.421875 0.781250
vt 0.421875 0.750000
vt 0.421875 0.718750
vt 0.421875 0.687500
vt 0.421875 0.656250
vt 0.421875 0.625000
vt 0.421875 0.593750
vt 0.421875 0.562500
vt 0.421875 0.531250
vt 0.421875 0.500000
vt 0.421875 0.468750
vt 0.421875 0.437500
vt 0.421875 0.406250
vt 0.421875 0.375000
vt 0.421875 0.343750
vt 0.421875 0.312500
vt 0.421875 0.281250
vt 0.421875 0.250000
vt 0.421875 0.218750
vt 0.421875 0.187500
vt 0.421875 0.156250
vt 0.421875 0.125000
vt 0.421875 0.093750
vt 0.421875 0.062500
vt 0.421875 0.031250
vt 0.406250 0.968750
vt 0.406250 0.937500
vt 0.406250 0.906250
vt 0.406250 0.875000
vt 0.406250 0.843750
vt 0.406250 0.812500
vt 0.406250 0.781250
vt 0.406250 0.750000
vt 0.406250 0.718750
vt 0.406250 0.687500
vt 0.406250 0.656250
vt 0.406250 0.625000
vt 0.406250 0.593750
vt 0.406250 0.562500
vt 0.406250 0.531250
vt 0.406250 0.500000
vt 0.406250 0.468750
vt 0.406250 0.437500
vt 0.406250 0.406250
vt 0.406250 0.375000
vt 0.406250 0.343750
vt 0.406250 0.312500
vt 0.406250 0.281250
vt 0.406250 0.250000
vt 0.406250 0.218750
vt 0.406250 0.187500
vt 0.406250 0.156250
vt 0.406250 0.125000
vt 0.406250 0.093750
vt 0.406250 0.062500
vt 0.406250 0.031250
vt 0.390625 0.968750
vt 0.390625 0.937500
vt 0.390625 0.906250
vt 0.390625 0.875000
vt 0.390625 0.843750
vt 0.390625 0.812500
vt 0.390625 0.781250
vt 0.390625 0.750000
vt 0.390625 0.718750
vt 0.390625 0.687500
vt 0.390625 0.656250
vt 0.390625 0.625000
vt 0.390625 0.593750
vt 0.390625 0.562500
vt 0.390625 0.531250
vt 0.390625 0.500000
vt 0.390625 0.468750
vt 0.390625 0.437500
vt 0.390625 0.406250
vt 0.390625 0.375000
vt 0.390625 0.343750
vt 0.390625 0.312500
vt 0.390625 0.281250
vt 0.390625 0.250000
vt 0.390625 0.218750
vt 0.390625 0.187500
vt 0.390625 0.156250
vt 0.390625 0.125000
vt 0.390625 0.093750
vt 0.390625 0.062500
vt 0.390625 0.031250
vt 0.375000 0.968750
vt 0.375000 0.937500
vt 0.375000 0.906250
vt 0.375000 0.875000
vt 0.375000 0.843750
vt 0.375000 0.812500
vt 0.375000 0.781250
vt 0.375000 0.750000
vt 0.375000 0.718750
vt 0.375000 0.687500
vt 0.375000 0.656250
vt 0.375000 0.625000
vt 0.375000 0.593750
vt 0.375000 0.562500
vt 0.375000 0.531250
vt 0.375000 0.500000
vt 0.375000 0.468750
vt 0.375000 0.437500
vt 0.375000 0.406250
vt 0.375000 0.375000
vt 0.375000 0.343750
vt 0.375000 0.312500
vt 0.375000 0.281250
vt 0.375000 0.250000
vt 0.375000 0.218750
vt 0.375000 0.187500
vt 0.375000 0.156250
vt 0.375000 0.125000
vt 0.375000 0.093750
vt 0.375000 0.062500
vt 0.375000 0.031250
vt 0.359375 0.968750
vt 0.359375 0.937500
vt 0.359375 0.906250
vt 0.359375 0.875000
vt 0.359375 0.843750
vt 0.359375 0.812500
vt 0.359375 0.781250
vt 0.359375 0.750000
vt 0.359375 0.718750
vt 0.359375 0.687500
vt 0.359375 0.656250
vt 0.359375 0.625000
vt 0.359375 0.593750
vt 0.359375 0.562500
vt 0.359375 0.531250
vt 0.359375 0.500000
vt 0.359375 0.468750
vt 0.359375 0.437500
vt 0.359375 0.406250
vt 0.359375 0.375000
vt 0.359375 0.343750
vt 0.359375 0.312500
vt 0.359375 0.281250
vt 0.359375 0.250000
vt 0.359375 0.218750
vt 0.359375 0.187500
vt 0.359375 0.156250
vt 0.359375 0.125000
vt 0.359375 0.093750
vt 0.359375 0.062500
vt 0.359375 0.031250
vt 0.343750 0.968750
vt 0.343750 0.937500
vt 0.343750 0.906250
vt 0.343750 0.875000
vt 0.343750 0.843750
vt 0.343750 0.812500
vt 0.343750 0.781250
vt 0.343750 0.750000
vt 0.343750 0.718750
vt 0.343750 0.687500
vt 0.343750 0.656250
vt 0.343750 0.625000
vt 0.343750 0.593750
vt 0.343750 0.562500
vt 0.343750 0.531250
vt 0.343750 0.500000
vt 0.343750 0.468750
vt 0.343750 0.437500
vt 0.343750 0.406250
vt 0.343750 0.375000
vt 0.343750 0.343750
vt 0.343750 0.312500
vt 0.343750 0.281250
vt 0.343750 0.250000
vt 0.343750 0.218750
vt 0.343750 0.187500
vt 0.343750 0.156250
vt 0.343750 0.125000
vt 0.343750 0.093750
vt 0.343750 0.062500
vt 0.343750 0.031250
vt 0.328125 0.968750
vt 0.328125 0.937500
vt 0.328125 0.906250
vt 0.328125 0.875000
vt 0.328125 0.843750
vt 0.328125 0.812500
vt 0.328125 0.781250
vt 0.328125 0.750000
vt 0.328125 0.718750
vt 0.328125 0.687500
vt 0.328125 0.656250
vt 0.328125 0.625000
vt 0.328125 0.593750
vt 0.328125 0.562500
vt 0.328125 0.531250
vt 0.328125 0.500000
vt 0.328125 0.468750
vt 0.328125 0.437500
vt 0.328125 0.406250
vt 0.328125 0.375000
vt 0.328125 0.343750
vt 0.328125 0.312500
vt 0.328125 0.281250
vt 0.328125 0.250000
vt 0.328125 0.218750
vt 0.328125 0.187500
vt 0.328125 0.156250
vt 0.328125 0.125000
vt 0.328125 0.093750
vt 0.328125 0.062500
vt 0.328125 0.031250
vt 0.312500 0.968750
vt 0.312500 0.937500
vt 0.312500 0.906250
vt 0.312500 0.875000
vt 0.312500 0.843750
vt 0.312500 0.812500
vt 0.312500 0.781250
vt 0.312500 0.750000
vt 0.312500 0.718750
vt 0.312500 0.687500
vt 0.312500 0.656250
vt 0.312500 0.625000
vt 0.312500 0.593750
vt 0.312500 0.562500
vt 0.312500 0.531250
vt 0.312500 0.500000
vt 0.312500 0.468750
vt 0.312500 0.437500
vt 0.312500 0.406250
vt 0.312500 0.375000
vt 0.312500 0.343750
vt 0.312500 0.312500
vt 0.312500 0.281250
vt 0.312500 0.250000
vt 0.312500 0.218750
vt 0.312500 0.187500
vt 0.312500 0.156250
vt 0.312500 0.125000
vt 0.312500 0.093750
vt 0.312500 0.062500
vt 0.312500 0.031250
vt 0.296875 0.968750
vt 0.296875 0.937500
vt 0.296875 0.906250
vt 0.296875 0.875000
vt 0.296875 0.843750
vt 0.296875 0.812500
vt 0.296875 0.781250
vt 0.296875 0.750000
vt 0.296875 0.718750
vt 0.296875 0.687500
vt 0.296875 0.656250
vt 0.296875 0.625000
vt 0.296875 0.593750
vt 0.296875 0.562500
vt 0.296875 0.531250
vt 0.296875 0.500000
vt 0.296875 0.468750
vt 0.296875 0.437500
vt 0.296875 0.406250
vt 0.296875 0.375000
vt 0.296875 0.343750
vt 0.296875 0.312500
vt 0.296875 0.281250
vt 0.296875 0.250000
vt 0.296875 0.218750
vt 0.296875 0.187500
vt 0.296875 0.156250
vt 0.296875 0.125000
vt 0.296875 0.093750
vt 0.296875 0.062500
vt 0.296875 0.031250
vt 0.281250 0.968750
vt 0.281250 0.937500
vt 0.281250 0.906250
vt 0.281250 0.875000
vt 0.281250 0.843750
vt 0.281250 0.812500
vt 0.281250 0.781250
vt 0.281250 0.750000
vt 0.281250 0.718750
vt 0.281250 0.687500
vt 0.281250 0.656250
vt 0.281250 0.625000
vt 0.281250 0.593750
vt 0.281250 0.562500
vt 0.281250 0.531250
vt 0.281250 0.500000
vt 0.281250 0.468750
vt 0.281250 0.437500
vt 0.281250 0.406250
vt 0.281250 0.375000
vt 0.281250 0.343750
vt 0.281250 0.312500
vt 0.281250 0.281250
vt 0.281250 0.250000
vt 0.281250 0.218750
vt 0.281250 0.187500
vt 0.281250 0.156250
vt 0.281250 0.125000
vt 0.281250 0.093750
vt 0.281250 0.062500
vt 0.281250 0.031250
vt 0.265625 0.968750
vt 0.265625 0.937500
vt 0.265625 0.906250
vt 0.265625 0.875000
vt 0.265625 0.843750
vt 0.265625 0.812500
vt 0.265625 0.781250
vt 0.265625 0.750000
vt 0.265625 0.718750
vt 0.265625 0.687500
vt 0.265625 0.656250
vt 0.265625 0.625000
vt 0.265625 0.593750
vt 0.265625 0.562500
vt 0.265625 0.531250
vt 0.265625 0.500000
vt 0.265625 0.468750
vt 0.265625 0.437500
vt 0.265625 0.406250
vt 0.265625 0.375000
vt 0.265625 0.343750
vt 0.265625 0.312500
vt 0.265625 0.281250
vt 0.265625 0.250000
vt 0.265625 0.218750
vt 0.265625 0.187500
vt 0.265625 0.156250
vt 0.265625 0.125000
vt 0.265625 0.093750
vt 0.265625 0.062500
vt 0.265625 0.031250
vt 0.250000 0.968750
vt 0.250000 0.937500
vt 0.250000 0.906250
vt 0.250000 0.875000
vt 0.250000 0.843750
vt 0.250000 0.812500
vt 0.250000 0.781250
vt 0.250000 0.750000
vt 0.250000 0.718750
vt 0.250000 0.687500
vt 0.250000 0.656250
vt 0.250000 0.625000
vt 0.250000 0.593750
vt 0.250000 0.562500
vt 0.250000 0.531250
vt 0.250000 0.500000
vt 0.250000 0.468750
vt 0.250000 0.437500
vt 0.250000 0.406250
vt 0.250000 0.375000
vt 0.250000 0.343750
vt 0.250000 0.312500
vt 0.250000 0.281250
vt 0.250000 0.250000
vt 0.250000 0.218750
vt 0.250000 0.187500
vt 0.250000 0.156250
vt 0.250000 0.125000
vt 0.250000 0.093750
vt 0.250000 0.062500
vt 0.250000 0.031250
vt 0.234375 0.968750
vt 0.234375 0.937500
vt 0.234375 0.906250
vt 0.234375 0.875000
vt 0.234375 0.843750
vt 0.234375 0.812500
vt 0.234375 0.781250
vt 0.234375 0.750000
vt 0.234375 0.718750
vt 0.234375 0.687500
vt 0.234375 0.656250
vt 0.234375 0.625000
vt 0.234375 0.593750
vt 0.234375 0.562500
vt 0.234375 0.531250
vt 0.234375 0.500000
vt 0.234375 0.468750
vt 0.234375 0.437500
vt 0.234375 0.406250
vt 0.234375 0.375000
vt 0.234375 0.343750
vt 0.234375 0.312500
vt 0.234375 0.281250
vt 0.234375 0.250000
vt 0.234375 0.218750
vt 0.234375 0.187500
vt 0.234375 0.156250
vt 0.234375 0.125000
vt 0.234375 0.093750
vt 0.234375 0.062500
vt 0.234375 0.031250
vt 0.742188 1.000000
vt 0.726562 1.000000
vt 0.710938 1.000000
vt 0.695312 1.000000
vt 0.679688 1.000000
vt 0.664062 1.000000
vt 0.648438 1.000000
vt 0.632812 1.000000
vt 0.617188 1.000000
vt 0.601562 1.000000
vt 0.585938 1.000000
vt 0.570312 1.000000
vt 0.554688 1.000000
vt 0.539062 1.000000
vt 0.523438 1.000000
vt 0.507812 1.000000
vt 0.492188 1.000000
vt 0.476562 1.000000
vt 0.460938 1.000000
vt 0.445312 1.000000
vt 0.429688 1.000000
vt 0.414062 1.000000
vt 0.398437 1.000000
vt 0.382812 1.000000
vt 0.367188 1.000000
vt 0.351562 1.000000
vt 0.335937 1.000000
vt 0.320312 1.000000
vt 0.304688 1.000000
vt 0.289062 1.000000
vt 0.273438 1.000000
vt 0.257812 1.000000
vt 0.242187 1.000000
vt 0.226562 1.000000
vt 0.210938 1.000000
vt 0.195312 1.000000
vt 0.179687 1.000000
vt 0.164062 1.000000
vt 0.148437 1.000000
vt 0.132812 1.000000
vt 0.117188 1.000000
vt 0.101562 1.000000
vt 0.085937 1.000000
vt 0.070312 1.000000
vt 0.054688 1.000000
vt 0.039062 1.000000
vt 0.023438 1.000000
vt 0.007812 1.000000
vt 0.992188 1.000000
vt 0.976562 1.000000
vt 0.960938 1.000000
vt 0.945312 1.000000
vt 0.929687 1.000000
vt 0.914062 1.000000
vt 0.898438 1.000000
vt 0.882812 1.000000
vt 0.867188 1.000000
vt 0.851562 1.000000
vt 0.835938 1.000000
vt 0.820312 1.000000
vt 0.804688 1.000000
vt 0.789062 1.000000
vt 0.773438 1.000000
vt 0.757812 1.000000
vt 0.218750 0.968750
vt 0.218750 0.937500
vt 0.218750 0.906250
vt 0.218750 0.875000
vt 0.218750 0.843750
vt 0.218750 0.812500
vt 0.218750 0.781250
vt 0.218750 0.750000
vt 0.218750 0.718750
vt 0.218750 0.687500
vt 0.218750 0.656250
vt 0.218750 0.625000
vt 0.218750 0.593750
vt 0.218750 0.562500
vt 0.218750 0.531250
vt 0.218750 0.500000
vt 0.218750 0.468750
vt 0.218750 0.437500
vt 0.218750 0.406250
vt 0.218750 0.375000
vt 0.218750 0.343750
vt 0.218750 0.312500
vt 0.218750 0.281250
vt 0.218750 0.250000
vt 0.218750 0.218750
vt 0.218750 0.187500
vt 0.218750 0.156250
vt 0.218750 0.125000
vt 0.218750 0.093750
vt 0.218750 0.062500
vt 0.218750 0.031250
vt 0.203125 0.968750
vt 0.203125 0.937500
vt 0.203125 0.906250
vt 0.203125 0.875000
vt 0.203125 0.843750
vt 0.203125 0.812500
vt 0.203125 0.781250
vt 0.203125 0.750000
vt 0.203125 0.718750
vt 0.203125 0.687500
vt 0.203125 0.656250
vt 0.203125 0.625000
vt 0.203125 0.593750
vt 0.203125 0.562500
vt 0.203125 0.531250
vt 0.203125 0.500000
vt 0.203125 0.468750
vt 0.203125 0.437500
vt 0.203125 0.406250
vt 0.203125 0.375000
vt 0.203125 0.343750
vt 0.203125 0.312500
vt 0.203125 0.281250
vt 0.203125 0.250000
vt 0.203125 0.218750
vt 0.203125 0.187500
vt 0.203125 0.156250
vt 0.203125 0.125000
vt 0.203125 0.093750
vt 0.203125 0.062500
vt 0.203125 0.031250
vt 0.187500 0.968750
vt 0.187500 0.937500
vt 0.187500 0.906250
vt 0.187500 0.875000
vt 0.187500 0.843750
vt 0.187500 0.812500
vt 0.187500 0.781250
vt 0.187500 0.750000
vt 0.187500 0.718750
vt 0.187500 0.687500
vt 0.187500 0.656250
vt 0.187500 0.625000
vt 0.187500 0.593750
vt 0.187500 0.562500
vt 0.187500 0.531250
vt 0.187500 0.500000
vt 0.187500 0.468750
vt 0.187500 0.437500
vt 0.187500 0.406250
vt 0.187500 0.375000
vt 0.187500 0.343750
vt 0.187500 0.312500
vt 0.187500 0.281250
vt 0.187500 0.250000
vt 0.187500 0.218750
vt 0.187500 0.187500
vt 0.187500 0.156250
vt 0.187500 0.125000
vt 0.187500 0.093750
vt 0.187500 0.062500
vt 0.187500 0.031250
vt 0.171875 0.968750
vt 0.171875 0.937500
vt 0.171875 0.906250
vt 0.171875 0.875000
vt 0.171875 0.843750
vt 0.171875 0.812500
vt 0.171875 0.781250
vt 0.171875 0.750000
vt 0.171875 0.718750
vt 0.171875 0.687500
vt 0.171875 0.656250
vt 0.171875 0.625000
vt 0.171875 0.593750
vt 0.171875 0.562500
vt 0.171875 0.531250
vt 0.171875 0.500000
vt 0.171875 0.468750
vt 0.171875 0.437500
vt 0.171875 0.406250
vt 0.171875 0.375000
vt 0.171875 0.343750
vt 0.171875 0.312500
vt 0.171875 0.281250
vt 0.171875 0.250000
vt 0.171875 0.218750
vt 0.171875 0.187500
vt 0.171875 0.156250
vt 0.171875 0.125000
vt 0.171875 0.093750
vt 0.171875 0.062500
vt 0.171875 0.031250
vt 0.156250 0.968750
vt 0.156250 0.937500
vt 0.156250 0.906250
vt 0.156250 0.875000
vt 0.156250 0.843750
vt 0.156250 0.812500
vt 0.156250 0.781250
vt 0.156250 0.750000
vt 0.156250 0.718750
vt 0.156250 0.687500
vt 0.156250 0.656250
vt 0.156250 0.625000
vt 0.156250 0.593750
vt 0.156250 0.562500
vt 0.156250 0.531250
vt 0.156250 0.500000
vt 0.156250 0.468750
vt 0.156250 0.437500
vt 0.156250 0.406250
vt 0.156250 0.375000
vt 0.156250 0.343750
vt 0.156250 0.312500
vt 0.156250 0.281250
vt 0.156250 0.250000
vt 0.156250 0.218750
vt 0.156250 0.187500
vt 0.156250 0.156250
vt 0.156250 0.125000
vt 0.156250 0.093750
vt 0.156250 0.062500
vt 0.156250 0.031250
vt 0.140625 0.968750
vt 0.140625 0.937500
vt 0.140625 0.906250
vt 0.140625 0.875000
vt 0.140625 0.843750
vt 0.140625 0.812500
vt 0.140625 0.781250
vt 0.140625 0.750000
vt 0.140625 0.718750
vt 0.140625 0.687500
vt 0.140625 0.656250
vt 0.140625 0.625000
vt 0.140625 0.593750
vt 0.140625 0.562500
vt 0.140625 0.531250
vt 0.140625 0.500000
vt 0.140625 0.468750
vt 0.140625 0.437500
vt 0.140625 0.406250
vt 0.140625 0.375000
vt 0.140625 0.343750
vt 0.140625 0.312500
vt 0.140625 0.281250
vt 0.140625 0.250000
vt 0.140625 0.218750
vt 0.140625 0.187500
vt 0.140625 0.156250
vt 0.140625 0.125000
vt 0.140625 0.093750
vt 0.140625 0.062500
vt 0.140625 0.031250
vt 0.742188 0.000000
vt 0.726562 0.000000
vt 0.710938 0.000000
vt 0.695312 0.000000
vt 0.679688 0.000000
vt 0.664062 0.000000
vt 0.648438 0.000000
vt 0.632812 0.000000
vt 0.617188 0.000000
vt 0.601562 0.000000
vt 0.585938 0.000000
vt 0.570312 0.000000
vt 0.554688 0.000000
vt 0.539062 0.000000
vt 0.523438 0.000000
vt 0.507812 0.000000
vt 0.492188 0.000000
vt 0.476562 0.000000
vt 0.460938 0.000000
vt 0.445312 0.000000
vt 0.429688 0.000000
vt 0.414062 0.000000
vt 0.398437 0.000000
vt 0.382812 0.000000
vt 0.367188 0.000000
vt 0.351562 0.000000
vt 0.335937 0.000000
vt 0.320312 0.000000
vt 0.304688 0.000000
vt 0.289062 0.000000
vt 0.273438 0.000000
vt 0.257812 0.000000
vt 0.242187 0.000000
vt 0.226562 0.000000
vt 0.210938 0.000000
vt 0.195312 0.000000
vt 0.179687 0.000000
vt 0.164062 0.000000
vt 0.148437 0.000000
vt 0.132812 0.000000
vt 0.117188 0.000000
vt 0.101562 0.000000
vt 0.085937 0.000000
vt 0.070312 0.000000
vt 0.054688 0.000000
vt 0.039062 0.000000
vt 0.023438 0.000000
vt 0.007812 0.000000
vt 0.992188 0.000000
vt 0.976562 0.000000
vt 0.960938 0.000000
vt 0.945312 0.000000
vt 0.929687 0.000000
vt 0.914062 0.000000
vt 0.898438 0.000000
vt 0.882812 0.000000
vt 0.867188 0.000000
vt 0.851562 0.000000
vt 0.835938 0.000000
vt 0.820312 0.000000
vt 0.804688 0.000000
vt 0.789062 0.000000
vt 0.773438 0.000000
vt 0.757812 0.000000
vt 0.125000 0.968750
vt 0.125000 0.937500
vt 0.125000 0.906250
vt 0.125000 0.875000
vt 0.125000 0.843750
vt 0.125000 0.812500
vt 0.125000 0.781250
vt 0.125000 0.750000
vt 0.125000 0.718750
vt 0.125000 0.687500
vt 0.125000 0.656250
vt 0.125000 0.625000
vt 0.125000 0.593750
vt 0.125000 0.562500
vt 0.125000 0.531250
vt 0.125000 0.500000
vt 0.125000 0.468750
vt 0.125000 0.437500
vt 0.125000 0.406250
vt 0.125000 0.375000
vt 0.125000 0.343750
vt 0.125000 0.312500
vt 0.125000 0.281250
vt 0.125000 0.250000
vt 0.125000 0.218750
vt 0.125000 0.187500
vt 0.125000 0.156250
vt 0.125000 0.125000
vt 0.125000 0.093750
vt 0.125000 0.062500
vt 0.125000 0.031250
vt 0.109375 0.968750
vt 0.109375 0.937500
vt 0.109375 0.906250
vt 0.109375 0.875000
vt 0.109375 0.843750
vt 0.109375 0.812500
vt 0.109375 0.781250
vt 0.109375 0.750000
vt 0.109375 0.718750
vt 0.109375 0.687500
vt 0.109375 0.656250
vt 0.109375 0.625000
vt 0.109375 0.593750
vt 0.109375 0.562500
vt 0.109375 0.531250
vt 0.109375 0.500000
vt 0.109375 0.468750
vt 0.109375 0.437500
vt 0.109375 0.406250
vt 0.109375 0.375000
vt 0.109375 0.343750
vt 0.109375 0.312500
vt 0.109375 0.281250
vt 0.109375 0.250000
vt 0.109375 0.218750
vt 0.109375 0.187500
vt 0.109375 0.156250
vt 0.109375 0.125000
vt 0.109375 0.093750
vt 0.109375 0.062500
vt 0.109375 0.031250
vt 0.093750 0.968750
vt 0.093750 0.937500
vt 0.093750 0.906250
vt 0.093750 0.875000
vt 0.093750 0.843750
vt 0.093750 0.812500
vt 0.093750 0.781250
vt 0.093750 0.750000
vt 0.093750 0.718750
vt 0.093750 0.687500
vt 0.093750 0.656250
vt 0.093750 0.625000
vt 0.093750 0.593750
vt 0.093750 0.562500
vt 0.093750 0.531250
vt 0.093750 0.500000
vt 0.093750 0.468750
vt 0.093750 0.437500
vt 0.093750 0.406250
vt 0.093750 0.375000
vt 0.093750 0.343750
vt 0.093750 0.312500
vt 0.093750 0.281250
vt 0.093750 0.250000
vt 0.093750 0.218750
vt 0.093750 0.187500
vt 0.093750 0.156250
vt 0.093750 0.125000
vt 0.093750 0.093750
vt 0.093750 0.062500
vt 0.093750 0.031250
vt 0.078125 0.968750
vt 0.078125 0.937500
vt 0.078125 0.906250
vt 0.078125 0.875000
vt 0.078125 0.843750
vt 0.078125 0.812500
vt 0.078125 0.781250
vt 0.078125 0.750000
vt 0.078125 0.718750
vt 0.078125 0.687500
vt 0.078125 0.656250
vt 0.078125 0.625000
vt 0.078125 0.593750
vt 0.078125 0.562500
vt 0.078125 0.531250
vt 0.078125 0.500000
vt 0.078125 0.468750
vt 0.078125 0.437500
vt 0.078125 0.406250
vt 0.078125 0.375000
vt 0.078125 0.343750
vt 0.078125 0.312500
vt 0.078125 0.281250
vt 0.078125 0.250000
vt 0.078125 0.218750
vt 0.078125 0.187500
vt 0.078125 0.156250
vt 0.078125 0.125000
vt 0.078125 0.093750
vt 0.078125 0.062500
vt 0.078125 0.031250
vt 0.062500 0.968750
vt 0.062500 0.937500
vt 0.062500 0.906250
vt 0.062500 0.875000
vt 0.062500 0.843750
vt 0.062500 0.812500
vt 0.062500 0.781250
vt 0.062500 0.750000
vt 0.062500 0.718750
vt 0.062500 0.687500
vt 0.062500 0.656250
vt 0.062500 0.625000
vt 0.062500 0.593750
vt 0.062500 0.562500
vt 0.062500 0.531250
vt 0.062500 0.500000
vt 0.062500 0.468750
vt 0.062500 0.437500
vt 0.062500 0.406250
vt 0.062500 0.375000
vt 0.062500 0.343750
vt 0.062500 0.312500
vt 0.062500 0.281250
vt 0.062500 0.250000
vt 0.062500 0.218750
vt 0.062500 0.187500
vt 0.062500 0.156250
vt 0.062500 0.125000
vt 0.062500 0.093750
vt 0.062500 0.062500
vt 0.062500 0.031250
vt 0.046875 0.968750
vt 0.046875 0.937500
vt 0.046875 0.906250
vt 0.046875 0.875000
vt 0.046875 0.843750
vt 0.046875 0.812500
vt 0.046875 0.781250
vt 0.046875 0.750000
vt 0.046875 0.718750
vt 0.046875 0.687500
vt 0.046875 0.656250
vt 0.046875 0.625000
vt 0.046875 0.593750
vt 0.046875 0.562500
vt 0.046875 0.531250
vt 0.046875 0.500000
vt 0.046875 0.468750
vt 0.046875 0.437500
vt 0.046875 0.406250
vt 0.046875 0.375000
vt 0.046875 0.343750
vt 0.046875 0.312500
vt 0.046875 0.281250
vt 0.046875 0.250000
vt 0.046875 0.218750
vt 0.046875 0.187500
vt 0.046875 0.156250
vt 0.046875 0.125000
vt 0.046875 0.093750
vt 0.046875 0.062500
vt 0.046875 0.031250
vt 0.031250 0.968750
vt 0.031250 0.937500
vt 0.031250 0.906250
vt 0.031250 0.875000
vt 0.031250 0.843750
vt 0.031250 0.812500
vt 0.031250 0.781250
vt 0.031250 0.750000
vt 0.031250 0.718750
vt 0.031250 0.687500
vt 0.031250 0.656250
vt 0.031250 0.625000
vt 0.031250 0.593750
vt 0.031250 0.562500
vt 0.031250 0.531250
vt 0.031250 0.500000
vt 0.031250 0.468750
vt 0.031250 0.437500
vt 0.031250 0.406250
vt 0.031250 0.375000
vt 0.031250 0.343750
vt 0.031250 0.312500
vt 0.031250 0.281250
vt 0.031250 0.250000
vt 0.031250 0.218750
vt 0.031250 0.187500
vt 0.031250 0.156250
vt 0.031250 0.125000
vt 0.031250 0.093750
vt 0.031250 0.062500
vt 0.031250 0.031250
vt 0.015625 0.968750
vt 0.015625 0.937500
vt 0.015625 0.906250
vt 0.015625 0.875000
vt 0.015625 0.843750
vt 0.015625 0.812500
vt 0.015625 0.781250
vt 0.015625 0.750000
vt 0.015625 0.718750
vt 0.015625 0.687500
vt 0.015625 0.656250
vt 0.015625 0.625000
vt 0.015625 0.593750
vt 0.015625 0.562500
vt 0.015625 0.531250
vt 0.015625 0.500000
vt 0.015625 0.468750
vt 0.015625 0.437500
vt 0.015625 0.406250
vt 0.015625 0.375000
vt 0.015625 0.343750
vt 0.015625 0.312500
vt 0.015625 0.281250
vt 0.015625 0.250000
vt 0.015625 0.218750
vt 0.015625 0.187500
vt 0.015625 0.156250
vt 0.015625 0.125000
vt 0.015625 0.093750
vt 0.015625 0.062500
vt 0.015625 0.031250
vt 0.000000 0.968750
vt 1.000000 0.968750
vt 1.000000 0.937500
vt 0.000000 0.937500
vt 0.000000 0.906250
vt 1.000000 0.906250
vt 0.000000 0.875000
vt 1.000000 0.875000
vt 0.000000 0.843750
vt 1.000000 0.843750
vt 0.000000 0.812500
vt 1.000000 0.812500
vt 1.000000 0.781250
vt 0.000000 0.781250
vt 0.000000 0.750000
vt 1.000000 0.750000
vt 0.000000 0.718750
vt 1.000000 0.718750
vt 1.000000 0.687500
vt 0.000000 0.687500
vt 0.000000 0.656250
vt 1.000000 0.656250
vt 1.000000 0.625000
vt 0.000000 0.625000
vt 0.000000 0.593750
vt 1.000000 0.593750
vt 1.000000 0.562500
vt 0.000000 0.562500
vt 0.000000 0.531250
vt 1.000000 0.531250
vt 0.000000 0.500000
vt 1.000000 0.500000
vt 0.000000 0.468750
vt 1.000000 0.468750
vt 1.000000 0.437500
vt 0.000000 0.437500
vt 0.000000 0.406250
vt 1.000000 0.406250
vt 0.000000 0.375000
vt 1.000000 0.375000
vt 0.000000 0.343750
vt 1.000000 0.343750
vt 1.000000 0.312500
vt 0.000000 0.312500
vt 0.000000 0.281250
vt 1.000000 0.281250
vt 0.000000 0.250000
vt 1.000000 0.250000
vt 1.000000 0.218750
vt 0.000000 0.218750
vt 0.000000 0.187500
vt 1.000000 0.187500
vt 0.000000 0.156250
vt 1.000000 0.156250
vt 0.000000 0.125000
vt 1.000000 0.125000
vt 0.000000 0.093750
vt 1.000000 0.093750
vt 1.000000 0.062500
vt 0.000000 0.062500
vt 0.000000 0.031250
vt 1.000000 0.031250
vt 0.984375 0.968750
vt 0.984375 0.937500
vt 0.984375 0.906250
vt 0.984375 0.875000
vt 0.984375 0.843750
vt 0.984375 0.812500
vt 0.984375 0.781250
vt 0.984375 0.750000
vt 0.984375 0.718750
vt 0.984375 0.687500
vt 0.984375 0.656250
vt 0.984375 0.625000
vt 0.984375 0.593750
vt 0.984375 0.562500
vt 0.984375 0.531250
vt 0.984375 0.500000
vt 0.984375 0.468750
vt 0.984375 0.437500
vt 0.984375 0.406250
vt 0.984375 0.375000
vt 0.984375 0.343750
vt 0.984375 0.312500
vt 0.984375 0.281250
vt 0.984375 0.250000
vt 0.984375 0.218750
vt 0.984375 0.187500
vt 0.984375 0.156250
vt 0.984375 0.125000
vt 0.984375 0.093750
vt 0.984375 0.062500
vt 0.984375 0.031250
vt 0.968750 0.968750
vt 0.968750 0.937500
vt 0.968750 0.906250
vt 0.968750 0.875000
vt 0.968750 0.843750
vt 0.968750 0.812500
vt 0.968750 0.781250
vt 0.968750 0.750000
vt 0.968750 0.718750
vt 0.968750 0.687500
vt 0.968750 0.656250
vt 0.968750 0.625000
vt 0.968750 0.593750
vt 0.968750 0.562500
vt 0.968750 0.531250
vt 0.968750 0.500000
vt 0.968750 0.468750
vt 0.968750 0.437500
vt 0.968750 0.406250
vt 0.968750 0.375000
vt 0.968750 0.343750
vt 0.968750 0.312500
vt 0.968750 0.281250
vt 0.968750 0.250000
vt 0.968750 0.218750
vt 0.968750 0.187500
vt 0.968750 0.156250
vt 0.968750 0.125000
vt 0.968750 0.093750
vt 0.968750 0.062500
vt 0.968750 0.031250
vt 0.953125 0.968750
vt 0.953125 0.937500
vt 0.953125 0.906250
vt 0.953125 0.875000
vt 0.953125 0.843750
vt 0.953125 0.812500
vt 0.953125 0.781250
vt 0.953125 0.750000
vt 0.953125 0.718750
vt 0.953125 0.687500
vt 0.953125 0.656250
vt 0.953125 0.625000
vt 0.953125 0.593750
vt 0.953125 0.562500
vt 0.953125 0.531250
vt 0.953125 0.500000
vt 0.953125 0.468750
vt 0.953125 0.437500
vt 0.953125 0.406250
vt 0.953125 0.375000
vt 0.953125 0.343750
vt 0.953125 0.312500
vt 0.953125 0.281250
vt 0.953125 0.250000
vt 0.953125 0.218750
vt 0.953125 0.187500
vt 0.953125 0.156250
vt 0.953125 0.125000
vt 0.953125 0.093750
vt 0.953125 0.062500
vt 0.953125 0.031250
vt 0.937500 0.968750
vt 0.937500 0.937500
vt 0.937500 0.906250
vt 0.937500 0.875000
vt 0.937500 0.843750
vt 0.937500 0.812500
vt 0.937500 0.781250
vt 0.937500 0.750000
vt 0.937500 0.718750
vt 0.937500 0.687500
vt 0.937500 0.656250
vt 0.937500 0.625000
vt 0.937500 0.593750
vt 0.937500 0.562500
vt 0.937500 0.531250
vt 0.937500 0.500000
vt 0.937500 0.468750
vt 0.937500 0.437500
vt 0.937500 0.406250
vt 0.937500 0.375000
vt 0.937500 0.343750
vt 0.937500 0.312500
vt 0.937500 0.281250
vt 0.937500 0.250000
vt 0.937500 0.218750
vt 0.937500 0.187500
vt 0.937500 0.156250
vt 0.937500 0.125000
vt 0.937500 0.093750
vt 0.937500 0.062500
vt 0.937500 0.031250
vt 0.921875 0.968750
vt 0.921875 0.937500
vt 0.921875 0.906250
vt 0.921875 0.875000
vt 0.921875 0.843750
vt 0.921875 0.812500
vt 0.921875 0.781250
vt 0.921875 0.750000
vt 0.921875 0.718750
vt 0.921875 0.687500
vt 0.921875 0.656250
vt 0.921875 0.625000
vt 0.921875 0.593750
vt 0.921875 0.562500
vt 0.921875 0.531250
vt 0.921875 0.500000
vt 0.921875 0.468750
vt 0.921875 0.437500
vt 0.921875 0.406250
vt 0.921875 0.375000
vt 0.921875 0.343750
vt 0.921875 0.312500
vt 0.921875 0.281250
vt 0.921875 0.250000
vt 0.921875 0.218750
vt 0.921875 0.187500
vt 0.921875 0.156250
vt 0.921875 0.125000
vt 0.921875 0.093750
vt 0.921875 0.062500
vt 0.921875 0.031250
vt 0.906250 0.968750
vt 0.906250 0.937500
vt 0.906250 0.906250
vt 0.906250 0.875000
vt 0.906250 0.843750
vt 0.906250 0.812500
vt 0.906250 0.781250
vt 0.906250 0.750000
vt 0.906250 0.718750
vt 0.906250 0.687500
vt 0.906250 0.656250
vt 0.906250 0.625000
vt 0.906250 0.593750
vt 0.906250 0.562500
vt 0.906250 0.531250
vt 0.906250 0.500000
vt 0.906250 0.468750
vt 0.906250 0.437500
vt 0.906250 0.406250
vt 0.906250 0.375000
vt 0.906250 0.343750
vt 0.906250 0.312500
vt 0.906250 0.281250
vt 0.906250 0.250000
vt 0.906250 0.218750
vt 0.906250 0.187500
vt 0.906250 0.156250
vt 0.906250 0.125000
vt 0.906250 0.093750
vt 0.906250 0.062500
vt 0.906250 0.031250
vt 0.890625 0.968750
vt 0.890625 0.937500
vt 0.890625 0.906250
vt 0.890625 0.875000
vt 0.890625 0.843750
vt 0.890625 0.812500
vt 0.890625 0.781250
vt 0.890625 0.750000
vt 0.890625 0.718750
vt 0.890625 0.687500
vt 0.890625 0.656250
vt 0.890625 0.625000
vt 0.890625 0.593750
vt 0.890625 0.562500
vt 0.890625 0.531250
vt 0.890625 0.500000
vt 0.890625 0.468750
vt 0.890625 0.437500
vt 0.890625 0.406250
vt 0.890625 0.375000
vt 0.890625 0.343750
vt 0.890625 0.312500
vt 0.890625 0.281250
vt 0.890625 0.250000
vt 0.890625 0.218750
vt 0.890625 0.187500
vt 0.890625 0.156250
vt 0.890625 0.125000
vt 0.890625 0.093750
vt 0.890625 0.062500
vt 0.890625 0.031250
vt 0.875000 0.968750
vt 0.875000 0.937500
vt 0.875000 0.906250
vt 0.875000 0.875000
vt 0.875000 0.843750
vt 0.875000 0.812500
vt 0.875000 0.781250
vt 0.875000 0.750000
vt 0.875000 0.718750
vt 0.875000 0.687500
vt 0.875000 0.656250
vt 0.875000 0.625000
vt 0.875000 0.593750
vt 0.875000 0.562500
vt 0.875000 0.531250
vt 0.875000 0.500000
vt 0.875000 0.468750
vt 0.875000 0.437500
vt 0.875000 0.406250
vt 0.875000 0.375000
vt 0.875000 0.343750
vt 0.875000 0.312500
vt 0.875000 0.281250
vt 0.875000 0.250000
vt 0.875000 0.218750
vt 0.875000 0.187500
vt 0.875000 0.156250
vt 0.875000 0.125000
vt 0.875000 0.093750
vt 0.875000 0.062500
vt 0.875000 0.031250
vt 0.859375 0.968750
vt 0.859375 0.937500
vt 0.859375 0.906250
vt 0.859375 0.875000
vt 0.859375 0.843750
vt 0.859375 0.812500
vt 0.859375 0.781250
vt 0.859375 0.750000
vt 0.859375 0.718750
vt 0.859375 0.687500
vt 0.859375 0.656250
vt 0.859375 0.625000
vt 0.859375 0.593750
vt 0.859375 0.562500
vt 0.859375 0.531250
vt 0.859375 0.500000
vt 0.859375 0.468750
vt 0.859375 0.437500
vt 0.859375 0.406250
vt 0.859375 0.375000
vt 0.859375 0.343750
vt 0.859375 0.312500
vt 0.859375 0.281250
vt 0.859375 0.250000
vt 0.859375 0.218750
vt 0.859375 0.187500
vt 0.859375 0.156250
vt 0.859375 0.125000
vt 0.859375 0.093750
vt 0.859375 0.062500
vt 0.859375 0.031250
vt 0.843750 0.968750
vt 0.843750 0.937500
vt 0.843750 0.906250
vt 0.843750 0.875000
vt 0.843750 0.843750
vt 0.843750 0.812500
vt 0.843750 0.781250
vt 0.843750 0.750000
vt 0.843750 0.718750
vt 0.843750 0.687500
vt 0.843750 0.656250
vt 0.843750 0.625000
vt 0.843750 0.593750
vt 0.843750 0.562500
vt 0.843750 0.531250
vt 0.843750 0.500000
vt 0.843750 0.468750
vt 0.843750 0.437500
vt 0.843750 0.406250
vt 0.843750 0.375000
vt 0.843750 0.343750
vt 0.843750 0.312500
vt 0.843750 0.281250
vt 0.843750 0.250000
vt 0.843750 0.218750
vt 0.843750 0.187500
vt 0.843750 0.156250
vt 0.843750 0.125000
vt 0.843750 0.093750
vt 0.843750 0.062500
vt 0.843750 0.031250
vt 0.828125 0.968750
vt 0.828125 0.937500
vt 0.828125 0.906250
vt 0.828125 0.875000
vt 0.828125 0.843750
vt 0.828125 0.812500
vt 0.828125 0.781250
vt 0.828125 0.750000
vt 0.828125 0.718750
vt 0.828125 0.687500
vt 0.828125 0.656250
vt 0.828125 0.625000
vt 0.828125 0.593750
vt 0.828125 0.562500
vt 0.828125 0.531250
vt 0.828125 0.500000
vt 0.828125 0.468750
vt 0.828125 0.437500
vt 0.828125 0.406250
vt 0.828125 0.375000
vt 0.828125 0.343750
vt 0.828125 0.312500
vt 0.828125 0.281250
vt 0.828125 0.250000
vt 0.828125 0.218750
vt 0.828125 0.187500
vt 0.828125 0.156250
vt 0.828125 0.125000
vt 0.828125 0.093750
vt 0.828125 0.062500
vt 0.828125 0.031250
vt 0.812500 0.968750
vt 0.812500 0.937500
vt 0.812500 0.906250
vt 0.812500 0.875000
vt 0.812500 0.843750
vt 0.812500 0.812500
vt 0.812500 0.781250
vt 0.812500 0.750000
vt 0.812500 0.718750
vt 0.812500 0.687500
vt 0.812500 0.656250
vt 0.812500 0.625000
vt 0.812500 0.593750
vt 0.812500 0.562500
vt 0.812500 0.531250
vt 0.812500 0.500000
vt 0.812500 0.468750
vt 0.812500 0.437500
vt 0.812500 0.406250
vt 0.812500 0.375000
vt 0.812500 0.343750
vt 0.812500 0.312500
vt 0.812500 0.281250
vt 0.812500 0.250000
vt 0.812500 0.218750
vt 0.812500 0.187500
vt 0.812500 0.156250
vt 0.812500 0.125000
vt 0.812500 0.093750
vt 0.812500 0.062500
vt 0.812500 0.031250
vt 0.796875 0.968750
vt 0.796875 0.937500
vt 0.796875 0.906250
vt 0.796875 0.875000
vt 0.796875 0.843750
vt 0.796875 0.812500
vt 0.796875 0.781250
vt 0.796875 0.750000
vt 0.796875 0.718750
vt 0.796875 0.687500
vt 0.796875 0.656250
vt 0.796875 0.625000
vt 0.796875 0.593750
vt 0.796875 0.562500
vt 0.796875 0.531250
vt 0.796875 0.500000
vt 0.796875 0.468750
vt 0.796875 0.437500
vt 0.796875 0.406250
vt 0.796875 0.375000
vt 0.796875 0.343750
vt 0.796875 0.312500
vt 0.796875 0.281250
vt 0.796875 0.250000
vt 0.796875 0.218750
vt 0.796875 0.187500
vt 0.796875 0.156250
vt 0.796875 0.125000
vt 0.796875 0.093750
vt 0.796875 0.062500
vt 0.796875 0.031250
vt 0.781250 0.968750
vt 0.781250 0.937500
vt 0.781250 0.906250
vt 0.781250 0.875000
vt 0.781250 0.843750
vt 0.781250 0.812500
vt 0.781250 0.781250
vt 0.781250 0.750000
vt 0.781250 0.718750
vt 0.781250 0.687500
vt 0.781250 0.656250
vt 0.781250 0.625000
vt 0.781250 0.593750
vt 0.781250 0.562500
vt 0.781250 0.531250
vt 0.781250 0.500000
vt 0.781250 0.468750
vt 0.781250 0.437500
vt 0.781250 0.406250
vt 0.781250 0.375000
vt 0.781250 0.343750
vt 0.781250 0.312500
vt 0.781250 0.281250
vt 0.781250 0.250000
vt 0.781250 0.218750
vt 0.781250 0.187500
vt 0.781250 0.156250
vt 0.781250 0.125000
vt 0.781250 0.093750
vt 0.781250 0.062500
vt 0.781250 0.031250
vt 0.765625 0.968750
vt 0.765625 0.937500
vt 0.765625 0.906250
vt 0.765625 0.875000
vt 0.765625 0.843750
vt 0.765625 0.812500
vt 0.765625 0.781250
vt 0.765625 0.750000
vt 0.765625 0.718750
vt 0.765625 0.687500
vt 0.765625 0.656250
vt 0.765625 0.625000
vt 0.765625 0.593750
vt 0.765625 0.562500
vt 0.765625 0.531250
vt 0.765625 0.500000
vt 0.765625 0.468750
vt 0.765625 0.437500
vt 0.765625 0.406250
vt 0.765625 0.375000
vt 0.765625 0.343750
vt 0.765625 0.312500
vt 0.765625 0.281250
vt 0.765625 0.250000
vt 0.765625 0.218750
vt 0.765625 0.187500
vt 0.765625 0.156250
vt 0.765625 0.125000
vt 0.765625 0.093750
vt 0.765625 0.062500
vt 0.765625 0.031250
vt 0.750000 0.875000
vt 0.750000 0.812500
vt 0.750000 0.781250
vt 0.750000 0.750000
vt 0.750000 0.718750
vt 0.750000 0.687500
vt 0.750000 0.562500
vt 0.750000 0.437500
vt 0.750000 0.312500
vt 0.750000 0.281250
vt 0.750000 0.250000
vt 0.750000 0.218750
vt 0.750000 0.187500
vt 0.750000 0.156250
vt 0.750000 0.125000
vt 0.750000 0.062500
s 1
f 1984/2141/1 41/41/2 1983/2140/3
f 1977/2134/4 28/28/5 7/7/6
f 1/1/7 16/16/8 1039/1039/9
f 43/43/10 1984/2141/1 1985/2142/11
f 30/30/12 1977/2134/4 8/8/13
f 17/17/14 1/1/7 2/2/15
f 44/44/16 1985/2142/11 14/14/17
f 31/31/18 8/8/13 9/9/19
f 3/3/20 17/17/14 2/2/15
f 45/45/21 14/14/17 1986/2143/22
f 32/32/23 9/9/19 10/10/24
f 1971/2128/25 18/18/26 3/3/20
f 46/46/27 1986/2143/22 15/15/28
f 33/33/29 10/10/24 1978/2135/30
f 4/4/31 19/19/32 1971/2128/25
f 1226/1289/33 46/46/27 15/15/28
f 34/34/34 1978/2135/30 11/11/35
f 21/21/36 4/4/31 1972/2129/37
f 35/35/38 11/11/35 12/12/39
f 22/22/40 1972/2129/37 1973/2130/41
f 36/36/42 12/12/39 13/13/43
f 1974/2131/44 22/22/40 1973/2130/41
f 37/37/45 13/13/43 1979/2136/46
f 1975/2132/47 23/23/48 1974/2131/44
f 38/38/49 1979/2136/46 1980/2137/50
f 25/25/51 1975/2132/47 1976/2133/52
f 39/39/53 1980/2137/50 1981/2138/54
f 5/5/55 25/25/51 1976/2133/52
f 40/40/56 1981/2138/54 1982/2139/57
f 27/27/58 5/5/55 6/6/59
f 1983/2140/3 40/40/56 1982/2139/57
f 7/7/6 27/27/58 6/6/59
f 68/68/60 36/36/42 37/37/45
f 24/24/61 54/54/62 23/23/48
f 69/69/63 37/37/45 38/38/49
f 25/25/51 55/55/64 24/24/61
f 70/70/65 38/38/49 39/39/53
f 26/26/66 56/56/67 25/25/51
f 40/40/56 70/70/65 39/39/53
f 58/58/68 26/26/66 27/27/58
f 41/41/2 71/71/69 40/40/56
f 28/28/5 58/58/68 27/27/58
f 73/73/70 41/41/2 42/42/71
f 60/60/72 28/28/5 29/29/73
f 16/16/8 47/47/74 1039/1040/9
f 43/43/10 73/73/70 42/42/71
f 61/61/75 29/29/73 30/30/12
f 17/17/14 47/47/74 16/16/8
f 75/75/76 43/43/10 44/44/16
f 62/62/77 30/30/12 31/31/18
f 49/49/78 17/17/14 18/18/26
f 45/45/21 75/75/76 44/44/16
f 63/63/79 31/31/18 32/32/23
f 50/50/80 18/18/26 19/19/32
f 77/77/81 45/45/21 46/46/27
f 33/33/29 63/63/79 32/32/23
f 51/51/82 19/19/32 20/20/83
f 1226/1290/33 77/77/81 46/46/27
f 34/34/34 64/64/84 33/33/29
f 52/52/85 20/20/83 21/21/36
f 66/66/86 34/34/34 35/35/38
f 53/53/87 21/21/36 22/22/40
f 36/36/42 66/66/86 35/35/38
f 54/54/62 22/22/40 23/23/48
f 70/70/65 100/100/88 69/69/63
f 88/88/89 56/56/67 57/57/90
f 102/102/91 70/70/65 71/71/69
f 89/89/92 57/57/90 58/58/68
f 103/103/93 71/71/69 72/72/94
f 59/59/95 89/89/92 58/58/68
f 104/104/96 72/72/94 73/73/70
f 91/91/97 59/59/95 60/60/72
f 47/47/74 78/78/98 1039/1041/9
f 105/105/99 73/73/70 74/74/100
f 61/61/75 91/91/97 60/60/72
f 79/79/101 47/47/74 48/48/102
f 75/75/76 105/105/99 74/74/100
f 93/93/103 61/61/75 62/62/77
f 80/80/104 48/48/102 49/49/78
f 107/107/105 75/75/76 76/76/106
f 94/94/107 62/62/77 63/63/79
f 81/81/108 49/49/78 50/50/80
f 108/108/109 76/76/106 77/77/81
f 95/95/110 63/63/79 64/64/84
f 82/82/111 50/50/80 51/51/82
f 1226/1291/33 108/108/109 77/77/81
f 65/65/112 95/95/110 64/64/84
f 52/52/85 82/82/111 51/51/82
f 97/97/113 65/65/112 66/66/86
f 53/53/87 83/83/114 52/52/85
f 67/67/115 97/97/113 66/66/86
f 85/85/116 53/53/87 54/54/62
f 99/99/117 67/67/115 68/68/60
f 86/86/118 54/54/62 55/55/64
f 100/100/88 68/68/60 69/69/63
f 56/56/67 86/86/118 55/55/64
f 134/134/119 102/102/91 103/103/93
f 121/121/120 89/89/92 90/90/121
f 135/135/122 103/103/93 104/104/96
f 91/91/97 121/121/120 90/90/121
f 78/78/98 109/109/123 1039/1042/9
f 136/136/124 104/104/96 105/105/99
f 123/123/125 91/91/97 92/92/126
f 110/110/127 78/78/98 79/79/101
f 106/106/128 136/136/124 105/105/99
f 93/93/103 123/123/125 92/92/126
f 111/111/129 79/79/101 80/80/104
f 138/138/130 106/106/128 107/107/105
f 125/125/131 93/93/103 94/94/107
f 112/112/132 80/80/104 81/81/108
f 139/139/133 107/107/105 108/108/109
f 95/95/110 125/125/131 94/94/107
f 113/113/134 81/81/108 82/82/111
f 1226/1292/33 139/139/133 108/108/109
f 127/127/135 95/95/110 96/96/136
f 114/114/137 82/82/111 83/83/114
f 128/128/138 96/96/136 97/97/113
f 84/84/139 114/114/137 83/83/114
f 98/98/140 128/128/138 97/97/113
f 116/116/141 84/84/139 85/85/116
f 130/130/142 98/98/140 99/99/117
f 117/117/143 85/85/116 86/86/118
f 131/131/144 99/99/117 100/100/88
f 87/87/145 117/117/143 86/86/118
f 101/101/146 131/131/144 100/100/88
f 119/119/147 87/87/145 88/88/89
f 133/133/148 101/101/146 102/102/91
f 120/120/149 88/88/89 89/89/92
f 109/109/123 140/140/150 1039/1043/9
f 136/136/124 166/166/151 135/135/122
f 154/154/152 122/122/153 123/123/125
f 141/141/154 109/109/123 110/110/127
f 168/168/155 136/136/124 137/137/156
f 124/124/157 154/154/152 123/123/125
f 111/111/129 141/141/154 110/110/127
f 169/169/158 137/137/156 138/138/130
f 156/156/159 124/124/157 125/125/131
f 112/112/132 142/142/160 111/111/129
f 139/139/133 169/169/158 138/138/130
f 126/126/161 156/156/159 125/125/131
f 144/144/162 112/112/132 113/113/134
f 1226/1293/33 170/170/163 139/139/133
f 158/158/164 126/126/161 127/127/135
f 145/145/165 113/113/134 114/114/137
f 159/159/166 127/127/135 128/128/138
f 115/115/167 145/145/165 114/114/137
f 129/129/168 159/159/166 128/128/138
f 147/147/169 115/115/167 116/116/141
f 130/130/142 160/160/170 129/129/168
f 148/148/171 116/116/141 117/117/143
f 162/162/172 130/130/142 131/131/144
f 118/118/173 148/148/171 117/117/143
f 132/132/174 162/162/172 131/131/144
f 150/150/175 118/118/173 119/119/147
f 133/133/148 163/163/176 132/132/174
f 151/151/177 119/119/147 120/120/149
f 165/165/178 133/133/148 134/134/119
f 152/152/179 120/120/149 121/121/120
f 166/166/151 134/134/119 135/135/122
f 122/122/153 152/152/179 121/121/120
f 173/173/180 141/141/154 142/142/160
f 200/200/181 168/168/155 169/169/158
f 187/187/182 155/155/183 156/156/159
f 143/143/184 173/173/180 142/142/160
f 201/201/185 169/169/158 170/170/163
f 157/157/186 187/187/182 156/156/159
f 144/144/162 174/174/187 143/143/184
f 1226/1294/33 201/201/185 170/170/163
f 189/189/188 157/157/186 158/158/164
f 176/176/189 144/144/162 145/145/165
f 190/190/190 158/158/164 159/159/166
f 177/177/191 145/145/165 146/146/192
f 191/191/193 159/159/166 160/160/170
f 147/147/169 177/177/191 146/146/192
f 192/192/194 160/160/170 161/161/195
f 179/179/196 147/147/169 148/148/171
f 193/193/197 161/161/195 162/162/172
f 149/149/198 179/179/196 148/148/171
f 163/163/176 193/193/197 162/162/172
f 150/150/175 180/180/199 149/149/198
f 195/195/200 163/163/176 164/164/201
f 151/151/177 181/181/202 150/150/175
f 165/165/178 195/195/200 164/164/201
f 183/183/203 151/151/177 152/152/179
f 197/197/204 165/165/178 166/166/151
f 184/184/205 152/152/179 153/153/206
f 140/140/150 171/171/207 1039/1044/9
f 198/198/208 166/166/151 167/167/209
f 185/185/210 153/153/206 154/154/152
f 172/172/211 140/140/150 141/141/154
f 199/199/212 167/167/209 168/168/155
f 155/155/183 185/185/210 154/154/152
f 175/175/213 205/205/214 174/174/187
f 1226/1295/33 232/232/215 201/201/185
f 220/220/216 188/188/217 189/189/188
f 207/207/218 175/175/213 176/176/189
f 190/190/190 220/220/216 189/189/188
f 177/177/191 207/207/218 176/176/189
f 222/222/219 190/190/190 191/191/193
f 178/178/220 208/208/221 177/177/191
f 223/223/222 191/191/193 192/192/194
f 210/210/223 178/178/220 179/179/196
f 224/224/224 192/192/194 193/193/197
f 180/180/199 210/210/223 179/179/196
f 194/194/225 224/224/224 193/193/197
f 181/181/202 211/211/226 180/180/199
f 226/226/227 194/194/225 195/195/200
f 213/213/228 181/181/202 182/182/229
f 227/227/230 195/195/200 196/196/231
f 214/214/232 182/182/229 183/183/203
f 197/197/204 227/227/230 196/196/231
f 184/184/205 214/214/232 183/183/203
f 171/171/207 202/202/233 1039/1045/9
f 229/229/234 197/197/204 198/198/208
f 216/216/235 184/184/205 185/185/210
f 203/203/236 171/171/207 172/172/211
f 230/230/237 198/198/208 199/199/212
f 186/186/238 216/216/235 185/185/210
f 173/173/180 203/203/236 172/172/211
f 231/231/239 199/199/212 200/200/181
f 218/218/240 186/186/238 187/187/182
f 174/174/187 204/204/241 173/173/180
f 232/232/215 200/200/181 201/201/185
f 188/188/217 218/218/240 187/187/182
f 239/239/242 207/207/218 208/208/221
f 253/253/243 221/221/244 222/222/219
f 209/209/245 239/239/242 208/208/221
f 254/254/246 222/222/219 223/223/222
f 241/241/247 209/209/245 210/210/223
f 224/224/224 254/254/246 223/223/222
f 242/242/248 210/210/223 211/211/226
f 225/225/249 255/255/250 224/224/224
f 212/212/251 242/242/248 211/211/226
f 257/257/252 225/225/249 226/226/227
f 213/213/228 243/243/253 212/212/251
f 258/258/254 226/226/227 227/227/230
f 245/245/255 213/213/228 214/214/232
f 228/228/256 258/258/254 227/227/230
f 215/215/257 245/245/255 214/214/232
f 202/202/233 233/233/258 1039/1046/9
f 260/260/259 228/228/256 229/229/234
f 247/247/260 215/215/257 216/216/235
f 203/203/236 233/233/258 202/202/233
f 261/261/261 229/229/234 230/230/237
f 217/217/262 247/247/260 216/216/235
f 204/204/241 234/234/263 203/203/236
f 231/231/239 261/261/261 230/230/237
f 249/249/264 217/217/262 218/218/240
f 236/236/265 204/204/241 205/205/214
f 263/263/266 231/231/239 232/232/215
f 250/250/267 218/218/240 219/219/268
f 206/206/269 236/236/265 205/205/214
f 1226/1296/33 263/263/266 232/232/215
f 251/251/270 219/219/268 220/220/216
f 238/238/271 206/206/269 207/207/218
f 221/221/244 251/251/270 220/220/216
f 272/272/272 240/240/273 241/241/247
f 286/286/274 254/254/246 255/255/250
f 242/242/248 272/272/272 241/241/247
f 256/256/275 286/286/274 255/255/250
f 243/243/253 273/273/276 242/242/248
f 288/288/277 256/256/275 257/257/252
f 244/244/278 274/274/279 243/243/253
f 289/289/280 257/257/252 258/258/254
f 276/276/281 244/244/278 245/245/255
f 259/259/282 289/289/280 258/258/254
f 246/246/283 276/276/281 245/245/255
f 233/233/258 264/264/284 1039/1047/9
f 291/291/285 259/259/282 260/260/259
f 278/278/286 246/246/283 247/247/260
f 265/265/287 233/233/258 234/234/263
f 292/292/288 260/260/259 261/261/261
f 248/248/289 278/278/286 247/247/260
f 235/235/290 265/265/287 234/234/263
f 293/293/291 261/261/261 262/262/292
f 280/280/293 248/248/289 249/249/264
f 267/267/294 235/235/290 236/236/265
f 294/294/295 262/262/292 263/263/266
f 250/250/267 280/280/293 249/249/264
f 268/268/296 236/236/265 237/237/297
f 1226/1297/33 294/294/295 263/263/266
f 282/282/298 250/250/267 251/251/270
f 269/269/299 237/237/297 238/238/271
f 252/252/300 282/282/298 251/251/270
f 239/239/242 269/269/299 238/238/271
f 284/284/301 252/252/300 253/253/243
f 240/240/273 270/270/302 239/239/242
f 285/285/303 253/253/243 254/254/246
f 274/274/279 304/304/304 273/273/276
f 319/319/305 287/287/306 288/288/277
f 306/306/307 274/274/279 275/275/308
f 289/289/280 319/319/305 288/288/277
f 307/307/309 275/275/308 276/276/281
f 290/290/310 320/320/311 289/289/280
f 277/277/312 307/307/309 276/276/281
f 264/264/284 295/295/313 1039/1048/9
f 322/322/314 290/290/310 291/291/285
f 309/309/315 277/277/312 278/278/286
f 296/296/316 264/264/284 265/265/287
f 292/292/288 322/322/314 291/291/285
f 279/279/317 309/309/315 278/278/286
f 297/297/318 265/265/287 266/266/319
f 324/324/320 292/292/288 293/293/291
f 311/311/321 279/279/317 280/280/293
f 298/298/322 266/266/319 267/267/294
f 325/325/323 293/293/291 294/294/295
f 312/312/324 280/280/293 281/281/325
f 268/268/296 298/298/322 267/267/294
f 1226/1298/33 325/325/323 294/294/295
f 313/313/326 281/281/325 282/282/298
f 300/300/327 268/268/296 269/269/299
f 283/283/328 313/313/326 282/282/298
f 301/301/329 269/269/299 270/270/302
f 284/284/301 314/314/330 283/283/328
f 271/271/331 301/301/329 270/270/302
f 316/316/332 284/284/301 285/285/303
f 303/303/333 271/271/331 272/272/272
f 286/286/274 316/316/332 285/285/303
f 304/304/304 272/272/272 273/273/276
f 287/287/306 317/317/334 286/286/274
f 338/338/335 306/306/307 307/307/309
f 321/321/336 351/351/337 320/320/311
f 308/308/338 338/338/335 307/307/309
f 295/295/313 326/326/339 1039/1049/9
f 353/353/340 321/321/336 322/322/314
f 340/340/341 308/308/338 309/309/315
f 327/327/342 295/295/313 296/296/316
f 323/323/343 353/353/340 322/322/314
f 310/310/344 340/340/341 309/309/315
f 297/297/318 327/327/342 296/296/316
f 324/324/320 354/354/345 323/323/343
f 342/342/346 310/310/344 311/311/321
f 329/329/347 297/297/318 298/298/322
f 356/356/348 324/324/320 325/325/323
f 343/343/349 311/311/321 312/312/324
f 330/330/350 298/298/322 299/299/351
f 1226/1299/33 356/356/348 325/325/323
f 344/344/352 312/312/324 313/313/326
f 331/331/353 299/299/351 300/300/327
f 314/314/330 344/344/352 313/313/326
f 332/332/354 300/300/327 301/301/329
f 346/346/355 314/314/330 315/315/356
f 302/302/357 332/332/354 301/301/329
f 347/347/358 315/315/356 316/316/332
f 334/334/359 302/302/357 303/303/333
f 348/348/360 316/316/332 317/317/334
f 335/335/361 303/303/333 304/304/304
f 318/318/362 348/348/360 317/317/334
f 305/305/363 335/335/361 304/304/304
f 350/350/364 318/318/362 319/319/305
f 306/306/307 336/336/365 305/305/363
f 320/320/311 350/350/364 319/319/305
f 340/340/341 370/370/366 339/339/367
f 358/358/368 326/326/339 327/327/342
f 385/385/369 353/353/340 354/354/345
f 372/372/370 340/340/341 341/341/371
f 328/328/372 358/358/368 327/327/342
f 386/386/373 354/354/345 355/355/374
f 342/342/346 372/372/370 341/341/371
f 329/329/347 359/359/375 328/328/372
f 387/387/376 355/355/374 356/356/348
f 374/374/377 342/342/346 343/343/349
f 361/361/378 329/329/347 330/330/350
f 1226/1300/33 387/387/376 356/356/348
f 375/375/379 343/343/349 344/344/352
f 362/362/380 330/330/350 331/331/353
f 345/345/381 375/375/379 344/344/352
f 332/332/354 362/362/380 331/331/353
f 377/377/382 345/345/381 346/346/355
f 333/333/383 363/363/384 332/332/354
f 378/378/385 346/346/355 347/347/358
f 365/365/386 333/333/383 334/334/359
f 348/348/360 378/378/385 347/347/358
f 366/366/387 334/334/359 335/335/361
f 349/349/388 379/379/389 348/348/360
f 336/336/365 366/366/387 335/335/361
f 381/381/390 349/349/388 350/350/364
f 337/337/391 367/367/392 336/336/365
f 382/382/393 350/350/364 351/351/337
f 369/369/394 337/337/391 338/338/335
f 352/352/395 382/382/393 351/351/337
f 339/339/367 369/369/394 338/338/335
f 326/326/339 357/357/396 1039/1050/9
f 384/384/397 352/352/395 353/353/340
f 373/373/398 403/403/399 372/372/370
f 391/391/400 359/359/375 360/360/401
f 418/418/402 386/386/373 387/387/376
f 405/405/403 373/373/398 374/374/377
f 361/361/378 391/391/400 360/360/401
f 1226/1301/33 418/418/402 387/387/376
f 406/406/404 374/374/377 375/375/379
f 393/393/405 361/361/378 362/362/380
f 376/376/406 406/406/404 375/375/379
f 394/394/407 362/362/380 363/363/384
f 377/377/382 407/407/408 376/376/406
f 364/364/409 394/394/407 363/363/384
f 409/409/410 377/377/382 378/378/385
f 396/396/411 364/364/409 365/365/386
f 410/410/412 378/378/385 379/379/389
f 366/366/387 396/396/411 365/365/386
f 380/380/413 410/410/412 379/379/389
f 367/367/392 397/397/414 366/366/387
f 412/412/415 380/380/413 381/381/390
f 399/399/416 367/367/392 368/368/417
f 382/382/393 412/412/415 381/381/390
f 400/400/418 368/368/417 369/369/394
f 414/414/419 382/382/393 383/383/420
f 370/370/366 400/400/418 369/369/394
f 357/357/396 388/388/421 1039/1051/9
f 415/415/422 383/383/420 384/384/397
f 371/371/423 401/401/424 370/370/366
f 389/389/425 357/357/396 358/358/368
f 416/416/426 384/384/397 385/385/369
f 403/403/399 371/371/423 372/372/370
f 359/359/375 389/389/425 358/358/368
f 417/417/427 385/385/369 386/386/373
f 437/437/428 405/405/403 406/406/404
f 424/424/429 392/392/430 393/393/405
f 407/407/408 437/437/428 406/406/404
f 394/394/407 424/424/429 393/393/405
f 439/439/431 407/407/408 408/408/432
f 395/395/433 425/425/434 394/394/407
f 440/440/435 408/408/432 409/409/410
f 427/427/436 395/395/433 396/396/411
f 441/441/437 409/409/410 410/410/412
f 428/428/438 396/396/411 397/397/414
f 411/411/439 441/441/437 410/410/412
f 398/398/440 428/428/438 397/397/414
f 443/443/441 411/411/439 412/412/415
f 430/430/442 398/398/440 399/399/416
f 413/413/443 443/443/441 412/412/415
f 431/431/444 399/399/416 400/400/418
f 445/445/445 413/413/443 414/414/419
f 401/401/424 431/431/444 400/400/418
f 388/388/421 419/419/446 1039/1052/9
f 446/446/447 414/414/419 415/415/422
f 402/402/448 432/432/449 401/401/424
f 389/389/425 419/419/446 388/388/421
f 447/447/450 415/415/422 416/416/426
f 434/434/451 402/402/448 403/403/399
f 421/421/452 389/389/425 390/390/453
f 448/448/454 416/416/426 417/417/427
f 404/404/455 434/434/451 403/403/399
f 391/391/400 421/421/452 390/390/453
f 449/449/456 417/417/427 418/418/402
f 436/436/457 404/404/455 405/405/403
f 423/423/458 391/391/400 392/392/430
f 1226/1302/33 449/449/456 418/418/402
f 470/470/459 438/438/460 439/439/431
f 426/426/461 456/456/462 425/425/434
f 471/471/463 439/439/431 440/440/435
f 458/458/464 426/426/461 427/427/436
f 441/441/437 471/471/463 440/440/435
f 459/459/465 427/427/436 428/428/438
f 442/442/466 472/472/467 441/441/437
f 429/429/468 459/459/465 428/428/438
f 474/474/469 442/442/466 443/443/441
f 430/430/442 460/460/470 429/429/468
f 475/475/471 443/443/441 444/444/472
f 462/462/473 430/430/442 431/431/444
f 476/476/474 444/444/472 445/445/445
f 432/432/449 462/462/473 431/431/444
f 419/419/446 450/450/475 1039/1053/9
f 477/477/476 445/445/445 446/446/447
f 433/433/477 463/463/478 432/432/449
f 451/451/479 419/419/446 420/420/480
f 478/478/481 446/446/447 447/447/450
f 465/465/482 433/433/477 434/434/451
f 452/452/483 420/420/480 421/421/452
f 448/448/454 478/478/481 447/447/450
f 435/435/484 465/465/482 434/434/451
f 422/422/485 452/452/483 421/421/452
f 449/449/456 479/479/486 448/448/454
f 467/467/487 435/435/484 436/436/457
f 454/454/488 422/422/485 423/423/458
f 1226/1303/33 480/480/489 449/449/456
f 468/468/490 436/436/457 437/437/428
f 455/455/491 423/423/458 424/424/429
f 438/438/460 468/468/490 437/437/428
f 425/425/434 455/455/491 424/424/429
f 472/472/467 502/502/492 471/471/463
f 490/490/493 458/458/464 459/459/465
f 473/473/494 503/503/495 472/472/467
f 460/460/470 490/490/493 459/459/465
f 505/505/496 473/473/494 474/474/469
f 492/492/497 460/460/470 461/461/498
f 506/506/499 474/474/469 475/475/471
f 493/493/500 461/461/498 462/462/473
f 476/476/474 506/506/499 475/475/471
f 463/463/478 493/493/500 462/462/473
f 450/450/475 481/481/501 1039/1054/9
f 508/508/502 476/476/474 477/477/476
f 464/464/503 494/494/504 463/463/478
f 482/482/505 450/450/475 451/451/479
f 478/478/481 508/508/502 477/477/476
f 496/496/506 464/464/503 465/465/482
f 483/483/507 451/451/479 452/452/483
f 479/479/486 509/509/508 478/478/481
f 466/466/509 496/496/506 465/465/482
f 484/484/510 452/452/483 453/453/511
f 511/511/512 479/479/486 480/480/489
f 498/498/513 466/466/509 467/467/487
f 454/454/488 484/484/510 453/453/511
f 1226/1304/33 511/511/512 480/480/489
f 499/499/514 467/467/487 468/468/490
f 486/486/515 454/454/488 455/455/491
f 469/469/516 499/499/514 468/468/490
f 487/487/517 455/455/491 456/456/462
f 501/501/518 469/469/516 470/470/459
f 457/457/519 487/487/517 456/456/462
f 502/502/492 470/470/459 471/471/463
f 489/489/520 457/457/519 458/458/464
f 536/536/521 504/504/522 505/505/496
f 492/492/497 522/522/523 491/491/524
f 506/506/499 536/536/521 505/505/496
f 524/524/525 492/492/497 493/493/500
f 507/507/526 537/537/527 506/506/499
f 494/494/504 524/524/525 493/493/500
f 481/481/501 512/512/528 1039/1055/9
f 539/539/529 507/507/526 508/508/502
f 495/495/530 525/525/531 494/494/504
f 513/513/532 481/481/501 482/482/505
f 509/509/508 539/539/529 508/508/502
f 527/527/533 495/495/530 496/496/506
f 483/483/507 513/513/532 482/482/505
f 541/541/534 509/509/508 510/510/535
f 497/497/536 527/527/533 496/496/506
f 515/515/537 483/483/507 484/484/510
f 542/542/538 510/510/535 511/511/512
f 529/529/539 497/497/536 498/498/513
f 485/485/540 515/515/537 484/484/510
f 1226/1305/33 542/542/538 511/511/512
f 530/530/541 498/498/513 499/499/514
f 517/517/542 485/485/540 486/486/515
f 500/500/543 530/530/541 499/499/514
f 518/518/544 486/486/515 487/487/517
f 532/532/545 500/500/543 501/501/518
f 488/488/546 518/518/544 487/487/517
f 533/533/547 501/501/518 502/502/492
f 520/520/548 488/488/546 489/489/520
f 503/503/495 533/533/547 502/502/492
f 521/521/549 489/489/520 490/490/493
f 504/504/522 534/534/550 503/503/495
f 491/491/524 521/521/549 490/490/493
f 538/538/551 568/568/552 537/537/527
f 525/525/531 555/555/553 524/524/525
f 512/512/528 543/543/554 1039/1056/9
f 539/539/529 569/569/555 538/538/551
f 526/526/556 556/556/557 525/525/531
f 544/544/558 512/512/528 513/513/532
f 540/540/559 570/570/560 539/539/529
f 558/558/561 526/526/556 527/527/533
f 514/514/562 544/544/558 513/513/532
f 572/572/563 540/540/559 541/541/534
f 528/528/564 558/558/561 527/527/533
f 546/546/565 514/514/562 515/515/537
f 573/573/566 541/541/534 542/542/538
f 560/560/567 528/528/564 529/529/539
f 547/547/568 515/515/537 516/516/569
f 1226/1306/33 573/573/566 542/542/538
f 561/561/570 529/529/539 530/530/541
f 548/548/571 516/516/569 517/517/542
f 531/531/572 561/561/570 530/530/541
f 549/549/573 517/517/542 518/518/544
f 563/563/574 531/531/572 532/532/545
f 519/519/575 549/549/573 518/518/544
f 564/564/576 532/532/545 533/533/547
f 551/551/577 519/519/575 520/520/548
f 534/534/550 564/564/576 533/533/547
f 552/552/578 520/520/548 521/521/549
f 535/535/579 565/565/580 534/534/550
f 522/522/523 552/552/578 521/521/549
f 567/567/581 535/535/579 536/536/521
f 554/554/582 522/522/523 523/523/583
f 537/537/527 567/567/581 536/536/521
f 555/555/553 523/523/583 524/524/525
f 575/575/584 543/543/554 544/544/558
f 571/571/585 601/601/586 570/570/560
f 589/589/587 557/557/588 558/558/561
f 576/576/589 544/544/558 545/545/590
f 603/603/591 571/571/585 572/572/563
f 559/559/592 589/589/587 558/558/561
f 577/577/593 545/545/590 546/546/565
f 604/604/594 572/572/563 573/573/566
f 591/591/595 559/559/592 560/560/567
f 578/578/596 546/546/565 547/547/568
f 1226/1307/33 604/604/594 573/573/566
f 592/592/597 560/560/567 561/561/570
f 579/579/598 547/547/568 548/548/571
f 562/562/599 592/592/597 561/561/570
f 549/549/573 579/579/598 548/548/571
f 563/563/574 593/593/600 562/562/599
f 550/550/601 580/580/602 549/549/573
f 595/595/603 563/563/574 564/564/576
f 582/582/604 550/550/601 551/551/577
f 596/596/605 564/564/576 565/565/580
f 583/583/606 551/551/577 552/552/578
f 566/566/607 596/596/605 565/565/580
f 553/553/608 583/583/606 552/552/578
f 598/598/609 566/566/607 567/567/581
f 585/585/610 553/553/608 554/554/582
f 599/599/611 567/567/581 568/568/552
f 586/586/612 554/554/582 555/555/553
f 600/600/613 568/568/552 569/569/555
f 556/556/557 586/586/612 555/555/553
f 543/543/554 574/574/614 1039/1057/9
f 570/570/560 600/600/613 569/569/555
f 557/557/588 587/587/615 556/556/557
f 608/608/616 576/576/589 577/577/593
f 635/635/617 603/603/591 604/604/594
f 622/622/618 590/590/619 591/591/595
f 578/578/596 608/608/616 577/577/593
f 1226/1308/33 635/635/617 604/604/594
f 623/623/620 591/591/595 592/592/597
f 610/610/621 578/578/596 579/579/598
f 593/593/600 623/623/620 592/592/597
f 580/580/602 610/610/621 579/579/598
f 594/594/622 624/624/623 593/593/600
f 581/581/624 611/611/625 580/580/602
f 626/626/626 594/594/622 595/595/603
f 613/613/627 581/581/624 582/582/604
f 596/596/605 626/626/626 595/595/603
f 614/614/628 582/582/604 583/583/606
f 597/597/629 627/627/630 596/596/605
f 584/584/631 614/614/628 583/583/606
f 629/629/632 597/597/629 598/598/609
f 616/616/633 584/584/631 585/585/610
f 630/630/634 598/598/609 599/599/611
f 617/617/635 585/585/610 586/586/612
f 600/600/613 630/630/634 599/599/611
f 587/587/615 617/617/635 586/586/612
f 574/574/614 605/605/636 1039/1058/9
f 632/632/637 600/600/613 601/601/586
f 588/588/638 618/618/639 587/587/615
f 606/606/640 574/574/614 575/575/584
f 602/602/641 632/632/637 601/601/586
f 620/620/642 588/588/638 589/589/587
f 607/607/643 575/575/584 576/576/589
f 634/634/644 602/602/641 603/603/591
f 590/590/619 620/620/642 589/589/587
f 641/641/645 609/609/646 610/610/621
f 624/624/623 654/654/647 623/623/620
f 611/611/625 641/641/645 610/610/621
f 625/625/648 655/655/649 624/624/623
f 612/612/650 642/642/651 611/611/625
f 657/657/652 625/625/648 626/626/626
f 644/644/653 612/612/650 613/613/627
f 658/658/654 626/626/626 627/627/630
f 645/645/655 613/613/627 614/614/628
f 628/628/656 658/658/654 627/627/630
f 615/615/657 645/645/655 614/614/628
f 660/660/658 628/628/656 629/629/632
f 647/647/659 615/615/657 616/616/633
f 661/661/660 629/629/632 630/630/634
f 648/648/661 616/616/633 617/617/635
f 631/631/662 661/661/660 630/630/634
f 649/649/663 617/617/635 618/618/639
f 605/605/636 636/636/664 1039/1059/9
f 663/663/665 631/631/662 632/632/637
f 619/619/666 649/649/663 618/618/639
f 637/637/667 605/605/636 606/606/640
f 633/633/668 663/663/665 632/632/637
f 651/651/669 619/619/666 620/620/642
f 638/638/670 606/606/640 607/607/643
f 665/665/671 633/633/668 634/634/644
f 621/621/672 651/651/669 620/620/642
f 639/639/673 607/607/643 608/608/616
f 635/635/617 665/665/671 634/634/644
f 653/653/674 621/621/672 622/622/618
f 609/609/646 639/639/673 608/608/616
f 1226/1309/33 666/666/675 635/635/617
f 654/654/647 622/622/618 623/623/620
f 643/643/676 673/673/677 642/642/651
f 688/688/678 656/656/679 657/657/652
f 675/675/680 643/643/676 644/644/653
f 689/689/681 657/657/652 658/658/654
f 645/645/655 675/675/680 644/644/653
f 659/659/682 689/689/681 658/658/654
f 646/646/683 676/676/684 645/645/655
f 691/691/685 659/659/682 660/660/658
f 678/678/686 646/646/683 647/647/659
f 692/692/687 660/660/658 661/661/660
f 679/679/688 647/647/659 648/648/661
f 662/662/689 692/692/687 661/661/660
f 649/649/663 679/679/688 648/648/661
f 636/636/664 667/667/690 1039/1060/9
f 663/663/665 693/693/691 662/662/689
f 650/650/692 680/680/693 649/649/663
f 668/668/694 636/636/664 637/637/667
f 695/695/695 663/663/665 664/664/696
f 682/682/697 650/650/692 651/651/669
f 638/638/670 668/668/694 637/637/667
f 696/696/698 664/664/696 665/665/671
f 652/652/699 682/682/697 651/651/669
f 670/670/700 638/638/670 639/639/673
f 666/666/675 696/696/698 665/665/671
f 684/684/701 652/652/699 653/653/674
f 671/671/702 639/639/673 640/640/703
f 1226/1310/33 697/697/704 666/666/675
f 685/685/705 653/653/674 654/654/647
f 672/672/706 640/640/703 641/641/645
f 655/655/649 685/685/705 654/654/647
f 642/642/651 672/672/706 641/641/645
f 656/656/679 686/686/707 655/655/649
f 707/707/708 675/675/680 676/676/684
f 690/690/709 720/720/710 689/689/681
f 677/677/711 707/707/708 676/676/684
f 722/722/712 690/690/709 691/691/685
f 678/678/686 708/708/713 677/677/711
f 723/723/714 691/691/685 692/692/687
f 710/710/715 678/678/686 679/679/688
f 693/693/691 723/723/714 692/692/687
f 680/680/693 710/710/715 679/679/688
f 667/667/690 698/698/716 1039/1061/9
f 725/725/717 693/693/691 694/694/718
f 681/681/719 711/711/720 680/680/693
f 699/699/721 667/667/690 668/668/694
f 695/695/695 725/725/717 694/694/718
f 713/713/722 681/681/719 682/682/697
f 669/669/723 699/699/721 668/668/694
f 727/727/724 695/695/695 696/696/698
f 714/714/725 682/682/697 683/683/726
f 701/701/727 669/669/723 670/670/700
f 697/697/704 727/727/724 696/696/698
f 715/715/728 683/683/726 684/684/701
f 702/702/729 670/670/700 671/671/702
f 1226/1311/33 728/728/730 697/697/704
f 716/716/731 684/684/701 685/685/705
f 703/703/732 671/671/702 672/672/706
f 686/686/707 716/716/731 685/685/705
f 673/673/677 703/703/732 672/672/706
f 718/718/733 686/686/707 687/687/734
f 674/674/735 704/704/736 673/673/677
f 719/719/737 687/687/734 688/688/678
f 706/706/738 674/674/735 675/675/680
f 720/720/710 688/688/678 689/689/681
f 709/709/739 739/739/740 708/708/713
f 754/754/741 722/722/712 723/723/714
f 741/741/742 709/709/739 710/710/715
f 724/724/743 754/754/741 723/723/714
f 742/742/744 710/710/715 711/711/720
f 698/698/716 729/729/745 1039/1062/9
f 756/756/746 724/724/743 725/725/717
f 712/712/747 742/742/744 711/711/720
f 730/730/748 698/698/716 699/699/721
f 757/757/749 725/725/717 726/726/750
f 713/713/722 743/743/751 712/712/747
f 731/731/752 699/699/721 700/700/753
f 758/758/754 726/726/750 727/727/724
f 745/745/755 713/713/722 714/714/725
f 732/732/756 700/700/753 701/701/727
f 728/728/730 758/758/754 727/727/724
f 746/746/757 714/714/725 715/715/728
f 733/733/758 701/701/727 702/702/729
f 1226/1312/33 759/759/759 728/728/730
f 716/716/731 746/746/757 715/715/728
f 734/734/760 702/702/729 703/703/732
f 717/717/761 747/747/762 716/716/731
f 704/704/736 734/734/760 703/703/732
f 749/749/763 717/717/761 718/718/733
f 705/705/764 735/735/765 704/704/736
f 750/750/766 718/718/733 719/719/737
f 737/737/767 705/705/764 706/706/738
f 751/751/768 719/719/737 720/720/710
f 707/707/708 737/737/767 706/706/738
f 721/721/769 751/751/768 720/720/710
f 708/708/713 738/738/770 707/707/708
f 753/753/771 721/721/769 722/722/712
f 773/773/772 741/741/742 742/742/744
f 729/729/745 760/760/773 1039/1063/9
f 787/787/774 755/755/775 756/756/746
f 743/743/751 773/773/772 742/742/744
f 761/761/776 729/729/745 730/730/748
f 757/757/749 787/787/774 756/756/746
f 744/744/777 774/774/778 743/743/751
f 762/762/779 730/730/748 731/731/752
f 789/789/780 757/757/749 758/758/754
f 776/776/781 744/744/777 745/745/755
f 763/763/782 731/731/752 732/732/756
f 790/790/783 758/758/754 759/759/759
f 777/777/784 745/745/755 746/746/757
f 764/764/785 732/732/756 733/733/758
f 1226/1313/33 790/790/783 759/759/759
f 747/747/762 777/777/784 746/746/757
f 765/765/786 733/733/758 734/734/760
f 748/748/787 778/778/788 747/747/762
f 735/735/765 765/765/786 734/734/760
f 780/780/789 748/748/787 749/749/763
f 736/736/790 766/766/791 735/735/765
f 781/781/792 749/749/763 750/750/766
f 768/768/793 736/736/790 737/737/767
f 782/782/794 750/750/766 751/751/768
f 738/738/770 768/768/793 737/737/767
f 752/752/795 782/782/794 751/751/768
f 739/739/740 769/769/796 738/738/770
f 784/784/797 752/752/795 753/753/771
f 740/740/798 770/770/799 739/739/740
f 785/785/800 753/753/771 754/754/741
f 772/772/801 740/740/798 741/741/742
f 755/755/775 785/785/800 754/754/741
f 775/775/802 805/805/803 774/774/778
f 762/762/779 792/792/804 761/761/776
f 820/820/805 788/788/806 789/789/780
f 807/807/807 775/775/802 776/776/781
f 763/763/782 793/793/808 762/762/779
f 790/790/783 820/820/805 789/789/780
f 808/808/809 776/776/781 777/777/784
f 795/795/810 763/763/782 764/764/785
f 1226/1314/33 821/821/811 790/790/783
f 809/809/812 777/777/784 778/778/788
f 796/796/813 764/764/785 765/765/786
f 779/779/814 809/809/812 778/778/788
f 797/797/815 765/765/786 766/766/791
f 811/811/816 779/779/814 780/780/789
f 767/767/817 797/797/815 766/766/791
f 812/812/818 780/780/789 781/781/792
f 799/799/819 767/767/817 768/768/793
f 813/813/820 781/781/792 782/782/794
f 800/800/821 768/768/793 769/769/796
f 783/783/822 813/813/820 782/782/794
f 770/770/799 800/800/821 769/769/796
f 815/815/823 783/783/822 784/784/797
f 771/771/824 801/801/825 770/770/799
f 816/816/826 784/784/797 785/785/800
f 803/803/827 771/771/824 772/772/801
f 786/786/828 816/816/826 785/785/800
f 804/804/829 772/772/801 773/773/772
f 760/760/773 791/791/830 1039/1064/9
f 787/787/774 817/817/831 786/786/828
f 774/774/778 804/804/829 773/773/772
f 792/792/804 760/760/773 761/761/776
f 819/819/832 787/787/774 788/788/806
f 802/802/833 832/832/834 801/801/825
f 847/847/835 815/815/823 816/816/826
f 834/834/836 802/802/833 803/803/827
f 817/817/831 847/847/835 816/816/826
f 835/835/837 803/803/827 804/804/829
f 791/791/830 822/822/838 1039/1065/9
f 849/849/839 817/817/831 818/818/840
f 805/805/803 835/835/837 804/804/829
f 823/823/841 791/791/830 792/792/804
f 850/850/842 818/818/840 819/819/832
f 806/806/843 836/836/844 805/805/803
f 824/824/845 792/792/804 793/793/808
f 851/851/846 819/819/832 820/820/805
f 838/838/847 806/806/843 807/807/807
f 825/825/848 793/793/808 794/794/849
f 821/821/811 851/851/846 820/820/805
f 839/839/850 807/807/807 808/808/809
f 826/826/851 794/794/849 795/795/810
f 1226/1315/33 852/852/852 821/821/811
f 809/809/812 839/839/850 808/808/809
f 827/827/853 795/795/810 796/796/813
f 810/810/854 840/840/855 809/809/812
f 797/797/815 827/827/853 796/796/813
f 842/842/856 810/810/854 811/811/816
f 798/798/857 828/828/858 797/797/815
f 843/843/859 811/811/816 812/812/818
f 830/830/860 798/798/857 799/799/819
f 813/813/820 843/843/859 812/812/818
f 831/831/861 799/799/819 800/800/821
f 814/814/862 844/844/863 813/813/820
f 801/801/825 831/831/861 800/800/821
f 846/846/864 814/814/862 815/815/823
f 866/866/865 834/834/836 835/835/837
f 822/822/838 853/853/866 1039/1066/9
f 880/880/867 848/848/868 849/849/839
f 836/836/844 866/866/865 835/835/837
f 854/854/869 822/822/838 823/823/841
f 881/881/870 849/849/839 850/850/842
f 868/868/871 836/836/844 837/837/872
f 824/824/845 854/854/869 823/823/841
f 882/882/873 850/850/842 851/851/846
f 869/869/874 837/837/872 838/838/847
f 825/825/848 855/855/875 824/824/845
f 852/852/852 882/882/873 851/851/846
f 870/870/876 838/838/847 839/839/850
f 857/857/877 825/825/848 826/826/851
f 1226/1316/33 883/883/878 852/852/852
f 840/840/855 870/870/876 839/839/850
f 858/858/879 826/826/851 827/827/853
f 841/841/880 871/871/881 840/840/855
f 859/859/882 827/827/853 828/828/858
f 873/873/883 841/841/880 842/842/856
f 829/829/884 859/859/882 828/828/858
f 874/874/885 842/842/856 843/843/859
f 861/861/886 829/829/884 830/830/860
f 875/875/887 843/843/859 844/844/863
f 862/862/888 830/830/860 831/831/861
f 845/845/889 875/875/887 844/844/863
f 832/832/834 862/862/888 831/831/861
f 877/877/890 845/845/889 846/846/864
f 833/833/891 863/863/892 832/832/834
f 878/878/893 846/846/864 847/847/835
f 865/865/894 833/833/891 834/834/836
f 848/848/868 878/878/893 847/847/835
f 868/868/871 898/898/895 867/867/896
f 855/855/875 885/885/897 854/854/869
f 913/913/898 881/881/870 882/882/873
f 900/900/899 868/868/871 869/869/874
f 887/887/900 855/855/875 856/856/901
f 914/914/902 882/882/873 883/883/878
f 901/901/903 869/869/874 870/870/876
f 888/888/904 856/856/901 857/857/877
f 1226/1317/33 914/914/902 883/883/878
f 871/871/881 901/901/903 870/870/876
f 889/889/905 857/857/877 858/858/879
f 872/872/906 902/902/907 871/871/881
f 890/890/908 858/858/879 859/859/882
f 904/904/909 872/872/906 873/873/883
f 860/860/910 890/890/908 859/859/882
f 905/905/911 873/873/883 874/874/885
f 892/892/912 860/860/910 861/861/886
f 875/875/887 905/905/911 874/874/885
f 893/893/913 861/861/886 862/862/888
f 876/876/914 906/906/915 875/875/887
f 863/863/892 893/893/913 862/862/888
f 908/908/916 876/876/914 877/877/890
f 864/864/917 894/894/918 863/863/892
f 878/878/893 908/908/916 877/877/890
f 896/896/919 864/864/917 865/865/894
f 879/879/920 909/909/921 878/878/893
f 897/897/922 865/865/894 866/866/865
f 853/853/866 884/884/923 1039/1067/9
f 911/911/924 879/879/920 880/880/867
f 867/867/896 897/897/922 866/866/865
f 885/885/897 853/853/866 854/854/869
f 881/881/870 911/911/924 880/880/867
f 932/932/925 900/900/899 901/901/903
f 919/919/926 887/887/900 888/888/904
f 1226/1318/33 945/945/927 914/914/902
f 902/902/907 932/932/925 901/901/903
f 920/920/928 888/888/904 889/889/905
f 903/903/929 933/933/930 902/902/907
f 921/921/931 889/889/905 890/890/908
f 935/935/932 903/903/929 904/904/909
f 891/891/933 921/921/931 890/890/908
f 936/936/934 904/904/909 905/905/911
f 923/923/935 891/891/933 892/892/912
f 906/906/915 936/936/934 905/905/911
f 924/924/936 892/892/912 893/893/913
f 907/907/937 937/937/938 906/906/915
f 894/894/918 924/924/936 893/893/913
f 939/939/939 907/907/937 908/908/916
f 926/926/940 894/894/918 895/895/941
f 940/940/942 908/908/916 909/909/921
f 927/927/943 895/895/941 896/896/919
f 910/910/944 940/940/942 909/909/921
f 928/928/945 896/896/919 897/897/922
f 884/884/923 915/915/946 1039/1068/9
f 942/942/947 910/910/944 911/911/924
f 898/898/895 928/928/945 897/897/922
f 916/916/948 884/884/923 885/885/897
f 943/943/949 911/911/924 912/912/950
f 899/899/951 929/929/952 898/898/895
f 886/886/953 916/916/948 885/885/897
f 944/944/954 912/912/950 913/913/898
f 931/931/955 899/899/951 900/900/899
f 918/918/956 886/886/953 887/887/900
f 945/945/927 913/913/898 914/914/902
f 934/934/957 964/964/958 933/933/930
f 952/952/959 920/920/928 921/921/931
f 935/935/932 965/965/960 934/934/957
f 922/922/961 952/952/959 921/921/931
f 967/967/962 935/935/932 936/936/934
f 954/954/963 922/922/961 923/923/935
f 937/937/938 967/967/962 936/936/934
f 955/955/964 923/923/935 924/924/936
f 938/938/965 968/968/966 937/937/938
f 925/925/967 955/955/964 924/924/936
f 970/970/968 938/938/965 939/939/939
f 957/957/969 925/925/967 926/926/940
f 971/971/970 939/939/939 940/940/942
f 958/958/971 926/926/940 927/927/943
f 941/941/972 971/971/970 940/940/942
f 959/959/973 927/927/943 928/928/945
f 915/915/946 946/946/974 1039/1069/9
f 973/973/975 941/941/972 942/942/947
f 929/929/952 959/959/973 928/928/945
f 947/947/976 915/915/946 916/916/948
f 974/974/977 942/942/947 943/943/949
f 930/930/978 960/960/979 929/929/952
f 948/948/980 916/916/948 917/917/981
f 975/975/982 943/943/949 944/944/954
f 962/962/983 930/930/978 931/931/955
f 918/918/956 948/948/980 917/917/981
f 945/945/927 975/975/982 944/944/954
f 963/963/984 931/931/955 932/932/925
f 950/950/985 918/918/956 919/919/926
f 1226/1319/33 976/976/986 945/945/927
f 933/933/930 963/963/984 932/932/925
f 951/951/987 919/919/926 920/920/928
f 998/998/988 966/966/989 967/967/962
f 985/985/990 953/953/991 954/954/963
f 968/968/966 998/998/988 967/967/962
f 986/986/992 954/954/963 955/955/964
f 969/969/993 999/999/994 968/968/966
f 956/956/995 986/986/992 955/955/964
f 1001/1001/996 969/969/993 970/970/968
f 988/988/997 956/956/995 957/957/969
f 1002/1002/998 970/970/968 971/971/970
f 989/989/999 957/957/969 958/958/971
f 972/972/1000 1002/1002/998 971/971/970
f 990/990/1001 958/958/971 959/959/973
f 946/946/974 977/977/1002 1039/1070/9
f 1004/1004/1003 972/972/1000 973/973/975
f 960/960/979 990/990/1001 959/959/973
f 947/947/976 977/977/1002 946/946/974
f 974/974/977 1004/1004/1003 973/973/975
f 961/961/1004 991/991/1005 960/960/979
f 979/979/1006 947/947/976 948/948/980
f 1006/1006/1007 974/974/977 975/975/982
f 993/993/1008 961/961/1004 962/962/983
f 980/980/1009 948/948/980 949/949/1010
f 1007/1007/1011 975/975/982 976/976/986
f 994/994/1012 962/962/983 963/963/984
f 950/950/985 980/980/1009 949/949/1010
f 1226/1320/33 1007/1007/1011 976/976/986
f 964/964/958 994/994/1012 963/963/984
f 982/982/1013 950/950/985 951/951/987
f 965/965/960 995/995/1014 964/964/958
f 983/983/1015 951/951/987 952/952/959
f 997/997/1016 965/965/960 966/966/989
f 953/953/991 983/983/1015 952/952/959
f 1000/1000/1017 1030/1030/1018 999/999/994
f 987/987/1019 1017/1017/1020 986/986/992
f 1032/1032/1021 1000/1000/1017 1001/1001/996
f 988/988/997 1018/1018/1022 987/987/1019
f 1002/1002/998 1032/1032/1021 1001/1001/996
f 989/989/999 1019/1019/1023 988/988/997
f 1003/1003/1024 1033/1033/1025 1002/1002/998
f 1021/1021/1026 989/989/999 990/990/1001
f 977/977/1002 1008/1008/1027 1039/1071/9
f 1035/1035/1028 1003/1003/1024 1004/1004/1003
f 991/991/1005 1021/1021/1026 990/990/1001
f 1009/1009/1029 977/977/1002 978/978/1030
f 1005/1005/1031 1035/1035/1028 1004/1004/1003
f 992/992/1032 1022/1022/1033 991/991/1005
f 979/979/1006 1009/1009/1029 978/978/1030
f 1037/1037/1034 1005/1005/1031 1006/1006/1007
f 1024/1024/1035 992/992/1032 993/993/1008
f 1011/1011/1036 979/979/1006 980/980/1009
f 1038/1038/1037 1006/1006/1007 1007/1007/1011
f 1025/1025/1038 993/993/1008 994/994/1012
f 981/981/1039 1011/1011/1036 980/980/1009
f 1226/1321/33 1038/1038/1037 1007/1007/1011
f 995/995/1014 1025/1025/1038 994/994/1012
f 1013/1013/1040 981/981/1039 982/982/1013
f 1027/1027/1041 995/995/1014 996/996/1042
f 1014/1014/1043 982/982/1013 983/983/1015
f 1028/1028/1044 996/996/1042 997/997/1016
f 984/984/1045 1014/1014/1043 983/983/1015
f 1029/1029/1046 997/997/1016 998/998/988
f 1016/1016/1047 984/984/1045 985/985/990
f 999/999/994 1029/1029/1046 998/998/988
f 1017/1017/1020 985/985/990 986/986/992
f 1065/1128/1048 1032/1032/1021 1033/1033/1025
f 1052/1115/1049 1019/1019/1023 1020/1020/1050
f 1034/1034/1051 1065/1128/1048 1033/1033/1025
f 1053/1116/1052 1020/1020/1050 1021/1021/1026
f 1008/1008/1027 1040/1103/1053 1039/1072/9
f 1067/1130/1054 1034/1034/1051 1035/1035/1028
f 1022/1022/1033 1053/1116/1052 1021/1021/1026
f 1009/1009/1029 1040/1103/1053 1008/1008/1027
f 1036/1036/1055 1067/1130/1054 1035/1035/1028
f 1023/1023/1056 1054/1117/1057 1022/1022/1033
f 1010/1010/1058 1041/1104/1059 1009/1009/1029
f 1069/1132/1060 1036/1036/1055 1037/1037/1034
f 1056/1119/1061 1023/1023/1056 1024/1024/1035
f 1043/1106/1062 1010/1010/1058 1011/1011/1036
f 1070/1133/1063 1037/1037/1034 1038/1038/1037
f 1057/1120/1064 1024/1024/1035 1025/1025/1038
f 1044/1107/1065 1011/1011/1036 1012/1012/1066
f 1226/1322/33 1070/1133/1063 1038/1038/1037
f 1026/1026/1067 1057/1120/1064 1025/1025/1038
f 1045/1108/1068 1012/1012/1066 1013/1013/1040
f 1027/1027/1041 1058/1121/1069 1026/1026/1067
f 1014/1014/1043 1045/1108/1068 1013/1013/1040
f 1060/1123/1070 1027/1027/1041 1028/1028/1044
f 1015/1015/1071 1046/1109/1072 1014/1014/1043
f 1061/1124/1073 1028/1028/1044 1029/1029/1046
f 1048/1111/1074 1015/1015/1071 1016/1016/1047
f 1062/1125/1075 1029/1029/1046 1030/1030/1018
f 1017/1017/1020 1048/1111/1074 1016/1016/1047
f 1031/1031/1076 1062/1125/1075 1030/1030/1018
f 1018/1018/1022 1049/1112/1077 1017/1017/1020
f 1064/1127/1078 1031/1031/1076 1032/1032/1021
f 1019/1019/1023 1050/1113/1079 1018/1018/1022
f 1040/1103/1053 1071/1134/1080 1039/1073/9
f 1067/1130/1054 1097/1160/1081 1066/1129/1082
f 1054/1117/1057 1084/1147/1083 1053/1116/1052
f 1072/1135/1084 1040/1103/1053 1041/1104/1059
f 1068/1131/1085 1098/1161/1086 1067/1130/1054
f 1055/1118/1087 1085/1148/1088 1054/1117/1057
f 1073/1136/1089 1041/1104/1059 1042/1105/1090
f 1100/1163/1091 1068/1131/1085 1069/1132/1060
f 1087/1150/1092 1055/1118/1087 1056/1119/1061
f 1074/1137/1093 1042/1105/1090 1043/1106/1062
f 1070/1133/1063 1100/1163/1091 1069/1132/1060
f 1088/1151/1094 1056/1119/1061 1057/1120/1064
f 1075/1138/1095 1043/1106/1062 1044/1107/1065
f 1226/1323/33 1101/1164/1096 1070/1133/1063
f 1058/1121/1069 1088/1151/1094 1057/1120/1064
f 1076/1139/1097 1044/1107/1065 1045/1108/1068
f 1090/1153/1098 1058/1121/1069 1059/1122/1099
f 1077/1140/1100 1045/1108/1068 1046/1109/1072
f 1091/1154/1101 1059/1122/1099 1060/1123/1070
f 1047/1110/1102 1077/1140/1100 1046/1109/1072
f 1092/1155/1103 1060/1123/1070 1061/1124/1073
f 1079/1142/1104 1047/1110/1102 1048/1111/1074
f 1062/1125/1075 1092/1155/1103 1061/1124/1073
f 1080/1143/1105 1048/1111/1074 1049/1112/1077
f 1063/1126/1106 1093/1156/1107 1062/1125/1075
f 1050/1113/1079 1080/1143/1105 1049/1112/1077
f 1095/1158/1108 1063/1126/1106 1064/1127/1078
f 1051/1114/1109 1081/1144/1110 1050/1113/1079
f 1096/1159/1111 1064/1127/1078 1065/1128/1048
f 1052/1115/1049 1082/1145/1112 1051/1114/1109
f 1066/1129/1082 1096/1159/1111 1065/1128/1048
f 1084/1147/1083 1052/1115/1049 1053/1116/1052
f 1104/1167/1113 1072/1135/1084 1073/1136/1089
f 1131/1194/1114 1099/1162/1115 1100/1163/1091
f 1118/1181/1116 1086/1149/1117 1087/1150/1092
f 1105/1168/1118 1073/1136/1089 1074/1137/1093
f 1132/1195/1119 1100/1163/1091 1101/1164/1096
f 1119/1182/1120 1087/1150/1092 1088/1151/1094
f 1106/1169/1121 1074/1137/1093 1075/1138/1095
f 1226/1324/33 1132/1195/1119 1101/1164/1096
f 1089/1152/1122 1119/1182/1120 1088/1151/1094
f 1107/1170/1123 1075/1138/1095 1076/1139/1097
f 1121/1184/1124 1089/1152/1122 1090/1153/1098
f 1077/1140/1100 1107/1170/1123 1076/1139/1097
f 1091/1154/1101 1121/1184/1124 1090/1153/1098
f 1078/1141/1125 1108/1171/1126 1077/1140/1100
f 1123/1186/1127 1091/1154/1101 1092/1155/1103
f 1110/1173/1128 1078/1141/1125 1079/1142/1104
f 1124/1187/1129 1092/1155/1103 1093/1156/1107
f 1111/1174/1130 1079/1142/1104 1080/1143/1105
f 1094/1157/1131 1124/1187/1129 1093/1156/1107
f 1081/1144/1110 1111/1174/1130 1080/1143/1105
f 1126/1189/1132 1094/1157/1131 1095/1158/1108
f 1113/1176/1133 1081/1144/1110 1082/1145/1112
f 1096/1159/1111 1126/1189/1132 1095/1158/1108
f 1083/1146/1134 1113/1176/1133 1082/1145/1112
f 1097/1160/1081 1127/1190/1135 1096/1159/1111
f 1115/1178/1136 1083/1146/1134 1084/1147/1083
f 1071/1134/1080 1102/1165/1137 1039/1074/9
f 1129/1192/1138 1097/1160/1081 1098/1161/1086
f 1085/1148/1088 1115/1178/1136 1084/1147/1083
f 1072/1135/1084 1102/1165/1137 1071/1134/1080
f 1130/1193/1139 1098/1161/1086 1099/1162/1115
f 1086/1149/1117 1116/1179/1140 1085/1148/1088
f 1106/1169/1121 1136/1199/1141 1105/1168/1118
f 1226/1325/33 1163/1226/1142 1132/1195/1119
f 1120/1183/1143 1150/1213/1144 1119/1182/1120
f 1138/1201/1145 1106/1169/1121 1107/1170/1123
f 1152/1215/1146 1120/1183/1143 1121/1184/1124
f 1108/1171/1126 1138/1201/1145 1107/1170/1123
f 1153/1216/1147 1121/1184/1124 1122/1185/1148
f 1109/1172/1149 1139/1202/1150 1108/1171/1126
f 1154/1217/1151 1122/1185/1148 1123/1186/1127
f 1141/1204/1152 1109/1172/1149 1110/1173/1128
f 1124/1187/1129 1154/1217/1151 1123/1186/1127
f 1142/1205/1153 1110/1173/1128 1111/1174/1130
f 1125/1188/1154 1155/1218/1155 1124/1187/1129
f 1112/1175/1156 1142/1205/1153 1111/1174/1130
f 1157/1220/1157 1125/1188/1154 1126/1189/1132
f 1144/1207/1158 1112/1175/1156 1113/1176/1133
f 1158/1221/1159 1126/1189/1132 1127/1190/1135
f 1114/1177/1160 1144/1207/1158 1113/1176/1133
f 1128/1191/1161 1158/1221/1159 1127/1190/1135
f 1146/1209/1162 1114/1177/1160 1115/1178/1136
f 1102/1165/1137 1133/1196/1163 1039/1075/9
f 1160/1223/1164 1128/1191/1161 1129/1192/1138
f 1116/1179/1140 1146/1209/1162 1115/1178/1136
f 1134/1197/1165 1102/1165/1137 1103/1166/1166
f 1130/1193/1139 1160/1223/1164 1129/1192/1138
f 1117/1180/1167 1147/1210/1168 1116/1179/1140
f 1135/1198/1169 1103/1166/1166 1104/1167/1113
f 1162/1225/1170 1130/1193/1139 1131/1194/1114
f 1149/1212/1171 1117/1180/1167 1118/1181/1116
f 1136/1199/1141 1104/1167/1113 1105/1168/1118
f 1132/1195/1119 1162/1225/1170 1131/1194/1114
f 1150/1213/1144 1118/1181/1116 1119/1182/1120
f 1139/1202/1150 1169/1232/1172 1138/1201/1145
f 1153/1216/1147 1183/1246/1173 1152/1215/1146
f 1140/1203/1174 1170/1233/1175 1139/1202/1150
f 1185/1248/1176 1153/1216/1147 1154/1217/1151
f 1172/1235/1177 1140/1203/1174 1141/1204/1152
f 1186/1249/1178 1154/1217/1151 1155/1218/1155
f 1142/1205/1153 1172/1235/1177 1141/1204/1152
f 1156/1219/1179 1186/1249/1178 1155/1218/1155
f 1143/1206/1180 1173/1236/1181 1142/1205/1153
f 1188/1251/1182 1156/1219/1179 1157/1220/1157
f 1175/1238/1183 1143/1206/1180 1144/1207/1158
f 1189/1252/1184 1157/1220/1157 1158/1221/1159
f 1145/1208/1185 1175/1238/1183 1144/1207/1158
f 1159/1222/1186 1189/1252/1184 1158/1221/1159
f 1177/1240/1187 1145/1208/1185 1146/1209/1162
f 1133/1196/1163 1164/1227/1188 1039/1076/9
f 1191/1254/1189 1159/1222/1186 1160/1223/1164
f 1147/1210/1168 1177/1240/1187 1146/1209/1162
f 1165/1228/1190 1133/1196/1163 1134/1197/1165
f 1192/1255/1191 1160/1223/1164 1161/1224/1192
f 1148/1211/1193 1178/1241/1194 1147/1210/1168
f 1166/1229/1195 1134/1197/1165 1135/1198/1169
f 1193/1256/1196 1161/1224/1192 1162/1225/1170
f 1180/1243/1197 1148/1211/1193 1149/1212/1171
f 1167/1230/1198 1135/1198/1169 1136/1199/1141
f 1194/1257/1199 1162/1225/1170 1163/1226/1142
f 1181/1244/1200 1149/1212/1171 1150/1213/1144
f 1168/1231/1201 1136/1199/1141 1137/1200/1202
f 1226/1326/33 1194/1257/1199 1163/1226/1142
f 1151/1214/1203 1181/1244/1200 1150/1213/1144
f 1169/1232/1172 1137/1200/1202 1138/1201/1145
f 1183/1246/1173 1151/1214/1203 1152/1215/1146
f 1203/1266/1204 1171/1234/1205 1172/1235/1177
f 1217/1280/1206 1185/1248/1176 1186/1249/1178
f 1204/1267/1207 1172/1235/1177 1173/1236/1181
f 1187/1250/1208 1217/1280/1206 1186/1249/1178
f 1174/1237/1209 1204/1267/1207 1173/1236/1181
f 1219/1282/1210 1187/1250/1208 1188/1251/1182
f 1175/1238/1183 1205/1268/1211 1174/1237/1209
f 1189/1252/1184 1219/1282/1210 1188/1251/1182
f 1176/1239/1212 1206/1269/1213 1175/1238/1183
f 1190/1253/1214 1220/1283/1215 1189/1252/1184
f 1208/1271/1216 1176/1239/1212 1177/1240/1187
f 1164/1227/1188 1195/1258/1217 1039/1077/9
f 1222/1285/1218 1190/1253/1214 1191/1254/1189
f 1178/1241/1194 1208/1271/1216 1177/1240/1187
f 1196/1259/1219 1164/1227/1188 1165/1228/1190
f 1192/1255/1191 1222/1285/1218 1191/1254/1189
f 1179/1242/1220 1209/1272/1221 1178/1241/1194
f 1166/1229/1195 1196/1259/1219 1165/1228/1190
f 1224/1287/1222 1192/1255/1191 1193/1256/1196
f 1211/1274/1223 1179/1242/1220 1180/1243/1197
f 1198/1261/1224 1166/1229/1195 1167/1230/1198
f 1194/1257/1199 1224/1287/1222 1193/1256/1196
f 1212/1275/1225 1180/1243/1197 1181/1244/1200
f 1199/1262/1226 1167/1230/1198 1168/1231/1201
f 1226/1327/33 1225/1288/1227 1194/1257/1199
f 1182/1245/1228 1212/1275/1225 1181/1244/1200
f 1200/1263/1229 1168/1231/1201 1169/1232/1172
f 1214/1277/1230 1182/1245/1228 1183/1246/1173
f 1201/1264/1231 1169/1232/1172 1170/1233/1175
f 1215/1278/1232 1183/1246/1173 1184/1247/1233
f 1171/1234/1205 1201/1264/1231 1170/1233/1175
f 1216/1279/1234 1184/1247/1233 1185/1248/1176
f 1205/1268/1211 1236/1362/1235 1204/1267/1207
f 1251/1377/1236 1218/1281/1237 1219/1282/1210
f 1206/1269/1213 1237/1363/1238 1205/1268/1211
f 1252/1378/1239 1219/1282/1210 1220/1283/1215
f 1207/1270/1240 1238/1364/1241 1206/1269/1213
f 1221/1284/1242 1252/1378/1239 1220/1283/1215
f 1240/1366/1243 1207/1270/1240 1208/1271/1216
f 1195/1258/1217 1227/1353/1244 1039/1078/9
f 1222/1285/1218 1253/1379/1245 1221/1284/1242
f 1209/1272/1221 1240/1366/1243 1208/1271/1216
f 1228/1354/1246 1195/1258/1217 1196/1259/1219
f 1223/1286/1247 1254/1380/1248 1222/1285/1218
f 1210/1273/1249 1241/1367/1250 1209/1272/1221
f 1197/1260/1251 1228/1354/1246 1196/1259/1219
f 1256/1382/1252 1223/1286/1247 1224/1287/1222
f 1243/1369/1253 1210/1273/1249 1211/1274/1223
f 1230/1356/1254 1197/1260/1251 1198/1261/1224
f 1225/1288/1227 1256/1382/1252 1224/1287/1222
f 1244/1370/1255 1211/1274/1223 1212/1275/1225
f 1231/1357/1256 1198/1261/1224 1199/1262/1226
f 1226/1328/33 1257/1383/1257 1225/1288/1227
f 1213/1276/1258 1244/1370/1255 1212/1275/1225
f 1232/1358/1259 1199/1262/1226 1200/1263/1229
f 1246/1372/1260 1213/1276/1258 1214/1277/1230
f 1233/1359/1261 1200/1263/1229 1201/1264/1231
f 1247/1373/1262 1214/1277/1230 1215/1278/1232
f 1202/1265/1263 1233/1359/1261 1201/1264/1231
f 1248/1374/1264 1215/1278/1232 1216/1279/1234
f 1235/1361/1265 1202/1265/1263 1203/1266/1204
f 1217/1280/1206 1248/1374/1264 1216/1279/1234
f 1236/1362/1235 1203/1266/1204 1204/1267/1207
f 1218/1281/1237 1249/1375/1266 1217/1280/1206
f 1270/1396/1267 1238/1364/1241 1239/1365/1268
f 1253/1379/1245 1283/1409/1269 1252/1378/1239
f 1271/1397/1270 1239/1365/1268 1240/1366/1243
f 1227/1353/1244 1258/1384/1271 1039/1079/9
f 1285/1411/1272 1253/1379/1245 1254/1380/1248
f 1241/1367/1250 1271/1397/1270 1240/1366/1243
f 1259/1385/1273 1227/1353/1244 1228/1354/1246
f 1255/1381/1274 1285/1411/1272 1254/1380/1248
f 1242/1368/1275 1272/1398/1276 1241/1367/1250
f 1229/1355/1277 1259/1385/1273 1228/1354/1246
f 1287/1413/1278 1255/1381/1274 1256/1382/1252
f 1274/1400/1279 1242/1368/1275 1243/1369/1253
f 1261/1387/1280 1229/1355/1277 1230/1356/1254
f 1257/1383/1257 1287/1413/1278 1256/1382/1252
f 1275/1401/1281 1243/1369/1253 1244/1370/1255
f 1262/1388/1282 1230/1356/1254 1231/1357/1256
f 1226/1329/33 1288/1414/1283 1257/1383/1257
f 1245/1371/1284 1275/1401/1281 1244/1370/1255
f 1263/1389/1285 1231/1357/1256 1232/1358/1259
f 1246/1372/1260 1276/1402/1286 1245/1371/1284
f 1264/1390/1287 1232/1358/1259 1233/1359/1261
f 1278/1404/1288 1246/1372/1260 1247/1373/1262
f 1234/1360/1289 1264/1390/1287 1233/1359/1261
f 1279/1405/1290 1247/1373/1262 1248/1374/1264
f 1266/1392/1291 1234/1360/1289 1235/1361/1265
f 1280/1406/1292 1248/1374/1264 1249/1375/1266
f 1236/1362/1235 1266/1392/1291 1235/1361/1265
f 1250/1376/1293 1280/1406/1292 1249/1375/1266
f 1237/1363/1238 1267/1393/1294 1236/1362/1235
f 1282/1408/1295 1250/1376/1293 1251/1377/1236
f 1238/1364/1241 1268/1394/1296 1237/1363/1238
f 1252/1378/1239 1282/1408/1295 1251/1377/1236
f 1272/1398/1276 1302/1428/1297 1271/1397/1270
f 1290/1416/1298 1258/1384/1271 1259/1385/1273
f 1317/1443/1299 1285/1411/1272 1286/1412/1300
f 1273/1399/1301 1303/1429/1302 1272/1398/1276
f 1260/1386/1303 1290/1416/1298 1259/1385/1273
f 1318/1444/1304 1286/1412/1300 1287/1413/1278
f 1305/1431/1305 1273/1399/1301 1274/1400/1279
f 1292/1418/1306 1260/1386/1303 1261/1387/1280
f 1288/1414/1283 1318/1444/1304 1287/1413/1278
f 1306/1432/1307 1274/1400/1279 1275/1401/1281
f 1293/1419/1308 1261/1387/1280 1262/1388/1282
f 1226/1330/33 1319/1445/1309 1288/1414/1283
f 1276/1402/1286 1306/1432/1307 1275/1401/1281
f 1294/1420/1310 1262/1388/1282 1263/1389/1285
f 1308/1434/1311 1276/1402/1286 1277/1403/1312
f 1295/1421/1313 1263/1389/1285 1264/1390/1287
f 1309/1435/1314 1277/1403/1312 1278/1404/1288
f 1265/1391/1315 1295/1421/1313 1264/1390/1287
f 1310/1436/1316 1278/1404/1288 1279/1405/1290
f 1297/1423/1317 1265/1391/1315 1266/1392/1291
f 1311/1437/1318 1279/1405/1290 1280/1406/1292
f 1298/1424/1319 1266/1392/1291 1267/1393/1294
f 1281/1407/1320 1311/1437/1318 1280/1406/1292
f 1268/1394/1296 1298/1424/1319 1267/1393/1294
f 1313/1439/1321 1281/1407/1320 1282/1408/1295
f 1269/1395/1322 1299/1425/1323 1268/1394/1296
f 1283/1409/1269 1313/1439/1321 1282/1408/1295
f 1270/1396/1267 1300/1426/1324 1269/1395/1322
f 1284/1410/1325 1314/1440/1326 1283/1409/1269
f 1302/1428/1297 1270/1396/1267 1271/1397/1270
f 1258/1384/1271 1289/1415/1327 1039/1080/9
f 1316/1442/1328 1284/1410/1325 1285/1411/1272
f 1336/1462/1329 1304/1430/1330 1305/1431/1305
f 1323/1449/1331 1291/1417/1332 1292/1418/1306
f 1319/1445/1309 1349/1475/1333 1318/1444/1304
f 1337/1463/1334 1305/1431/1305 1306/1432/1307
f 1324/1450/1335 1292/1418/1306 1293/1419/1308
f 1226/1331/33 1350/1476/1336 1319/1445/1309
f 1307/1433/1337 1337/1463/1334 1306/1432/1307
f 1325/1451/1338 1293/1419/1308 1294/1420/1310
f 1308/1434/1311 1338/1464/1339 1307/1433/1337
f 1326/1452/1340 1294/1420/1310 1295/1421/1313
f 1340/1466/1341 1308/1434/1311 1309/1435/1314
f 1296/1422/1342 1326/1452/1340 1295/1421/1313
f 1341/1467/1343 1309/1435/1314 1310/1436/1316
f 1328/1454/1344 1296/1422/1342 1297/1423/1317
f 1342/1468/1345 1310/1436/1316 1311/1437/1318
f 1298/1424/1319 1328/1454/1344 1297/1423/1317
f 1312/1438/1346 1342/1468/1345 1311/1437/1318
f 1299/1425/1323 1329/1455/1347 1298/1424/1319
f 1344/1470/1348 1312/1438/1346 1313/1439/1321
f 1300/1426/1324 1330/1456/1349 1299/1425/1323
f 1345/1471/1350 1313/1439/1321 1314/1440/1326
f 1332/1458/1351 1300/1426/1324 1301/1427/1352
f 1315/1441/1353 1345/1471/1350 1314/1440/1326
f 1333/1459/1354 1301/1427/1352 1302/1428/1297
f 1289/1415/1327 1320/1446/1355 1039/1081/9
f 1347/1473/1356 1315/1441/1353 1316/1442/1328
f 1303/1429/1302 1333/1459/1354 1302/1428/1297
f 1321/1447/1357 1289/1415/1327 1290/1416/1298
f 1317/1443/1299 1347/1473/1356 1316/1442/1328
f 1304/1430/1330 1334/1460/1358 1303/1429/1302
f 1291/1417/1332 1321/1447/1357 1290/1416/1298
f 1349/1475/1333 1317/1443/1299 1318/1444/1304
f 1338/1464/1339 1368/1494/1359 1337/1463/1334
f 1356/1482/1360 1324/1450/1335 1325/1451/1338
f 1370/1496/1361 1338/1464/1339 1339/1465/1362
f 1357/1483/1363 1325/1451/1338 1326/1452/1340
f 1371/1497/1364 1339/1465/1362 1340/1466/1341
f 1327/1453/1365 1357/1483/1363 1326/1452/1340
f 1372/1498/1366 1340/1466/1341 1341/1467/1343
f 1359/1485/1367 1327/1453/1365 1328/1454/1344
f 1342/1468/1345 1372/1498/1366 1341/1467/1343
f 1360/1486/1368 1328/1454/1344 1329/1455/1347
f 1343/1469/1369 1373/1499/1370 1342/1468/1345
f 1330/1456/1349 1360/1486/1368 1329/1455/1347
f 1375/1501/1371 1343/1469/1369 1344/1470/1348
f 1331/1457/1372 1361/1487/1373 1330/1456/1349
f 1376/1502/1374 1344/1470/1348 1345/1471/1350
f 1332/1458/1351 1362/1488/1375 1331/1457/1372
f 1346/1472/1376 1376/1502/1374 1345/1471/1350
f 1364/1490/1377 1332/1458/1351 1333/1459/1354
f 1320/1446/1355 1351/1477/1378 1039/1082/9
f 1378/1504/1379 1346/1472/1376 1347/1473/1356
f 1334/1460/1358 1364/1490/1377 1333/1459/1354
f 1352/1478/1380 1320/1446/1355 1321/1447/1357
f 1379/1505/1381 1347/1473/1356 1348/1474/1382
f 1335/1461/1383 1365/1491/1384 1334/1460/1358
f 1322/1448/1385 1352/1478/1380 1321/1447/1357
f 1380/1506/1386 1348/1474/1382 1349/1475/1333
f 1367/1493/1387 1335/1461/1383 1336/1462/1329
f 1354/1480/1388 1322/1448/1385 1323/1449/1331
f 1350/1476/1336 1380/1506/1386 1349/1475/1333
f 1368/1494/1359 1336/1462/1329 1337/1463/1334
f 1355/1481/1389 1323/1449/1331 1324/1450/1335
f 1226/1332/33 1381/1507/1390 1350/1476/1336
f 1402/1528/1391 1370/1496/1361 1371/1497/1364
f 1358/1484/1392 1388/1514/1393 1357/1483/1363
f 1403/1529/1394 1371/1497/1364 1372/1498/1366
f 1390/1516/1395 1358/1484/1392 1359/1485/1367
f 1373/1499/1370 1403/1529/1394 1372/1498/1366
f 1391/1517/1396 1359/1485/1367 1360/1486/1368
f 1374/1500/1397 1404/1530/1398 1373/1499/1370
f 1361/1487/1373 1391/1517/1396 1360/1486/1368
f 1406/1532/1399 1374/1500/1397 1375/1501/1371
f 1362/1488/1375 1392/1518/1400 1361/1487/1373
f 1407/1533/1401 1375/1501/1371 1376/1502/1374
f 1394/1520/1402 1362/1488/1375 1363/1489/1403
f 1377/1503/1404 1407/1533/1401 1376/1502/1374
f 1395/1521/1405 1363/1489/1403 1364/1490/1377
f 1351/1477/1378 1382/1508/1406 1039/1083/9
f 1409/1535/1407 1377/1503/1404 1378/1504/1379
f 1365/1491/1384 1395/1521/1405 1364/1490/1377
f 1383/1509/1408 1351/1477/1378 1352/1478/1380
f 1379/1505/1381 1409/1535/1407 1378/1504/1379
f 1366/1492/1409 1396/1522/1410 1365/1491/1384
f 1384/1510/1411 1352/1478/1380 1353/1479/1412
f 1411/1537/1413 1379/1505/1381 1380/1506/1386
f 1398/1524/1414 1366/1492/1409 1367/1493/1387
f 1385/1511/1415 1353/1479/1412 1354/1480/1388
f 1412/1538/1416 1380/1506/1386 1381/1507/1390
f 1399/1525/1417 1367/1493/1387 1368/1494/1359
f 1386/1512/1418 1354/1480/1388 1355/1481/1389
f 1226/1333/33 1412/1538/1416 1381/1507/1390
f 1369/1495/1419 1399/1525/1417 1368/1494/1359
f 1387/1513/1420 1355/1481/1389 1356/1482/1360
f 1370/1496/1361 1400/1526/1421 1369/1495/1419
f 1357/1483/1363 1387/1513/1420 1356/1482/1360
f 1404/1530/1398 1434/1560/1422 1403/1529/1394
f 1422/1548/1423 1390/1516/1395 1391/1517/1396
f 1405/1531/1424 1435/1561/1425 1404/1530/1398
f 1392/1518/1400 1422/1548/1423 1391/1517/1396
f 1437/1563/1426 1405/1531/1424 1406/1532/1399
f 1393/1519/1427 1423/1549/1428 1392/1518/1400
f 1407/1533/1401 1437/1563/1426 1406/1532/1399
f 1425/1551/1429 1393/1519/1427 1394/1520/1402
f 1408/1534/1430 1438/1564/1431 1407/1533/1401
f 1426/1552/1432 1394/1520/1402 1395/1521/1405
f 1382/1508/1406 1413/1539/1433 1039/1084/9
f 1440/1566/1434 1408/1534/1430 1409/1535/1407
f 1396/1522/1410 1426/1552/1432 1395/1521/1405
f 1414/1540/1435 1382/1508/1406 1383/1509/1408
f 1441/1567/1436 1409/1535/1407 1410/1536/1437
f 1397/1523/1438 1427/1553/1439 1396/1522/1410
f 1384/1510/1411 1414/1540/1435 1383/1509/1408
f 1442/1568/1440 1410/1536/1437 1411/1537/1413
f 1429/1555/1441 1397/1523/1438 1398/1524/1414
f 1416/1542/1442 1384/1510/1411 1385/1511/1415
f 1443/1569/1443 1411/1537/1413 1412/1538/1416
f 1430/1556/1444 1398/1524/1414 1399/1525/1417
f 1386/1512/1418 1416/1542/1442 1385/1511/1415
f 1226/1334/33 1443/1569/1443 1412/1538/1416
f 1400/1526/1421 1430/1556/1444 1399/1525/1417
f 1418/1544/1445 1386/1512/1418 1387/1513/1420
f 1401/1527/1446 1431/1557/1447 1400/1526/1421
f 1419/1545/1448 1387/1513/1420 1388/1514/1393
f 1433/1559/1449 1401/1527/1446 1402/1528/1391
f 1389/1515/1450 1419/1545/1448 1388/1514/1393
f 1434/1560/1422 1402/1528/1391 1403/1529/1394
f 1421/1547/1451 1389/1515/1450 1390/1516/1395
f 1468/1594/1452 1436/1562/1453 1437/1563/1426
f 1455/1581/1454 1423/1549/1428 1424/1550/1455
f 1438/1564/1431 1468/1594/1452 1437/1563/1426
f 1425/1551/1429 1455/1581/1454 1424/1550/1455
f 1439/1565/1456 1469/1595/1457 1438/1564/1431
f 1457/1583/1458 1425/1551/1429 1426/1552/1432
f 1413/1539/1433 1444/1570/1459 1039/1085/9
f 1471/1597/1460 1439/1565/1456 1440/1566/1434
f 1427/1553/1439 1457/1583/1458 1426/1552/1432
f 1445/1571/1461 1413/1539/1433 1414/1540/1435
f 1472/1598/1462 1440/1566/1434 1441/1567/1436
f 1428/1554/1463 1458/1584/1464 1427/1553/1439
f 1446/1572/1465 1414/1540/1435 1415/1541/1466
f 1473/1599/1467 1441/1567/1436 1442/1568/1440
f 1460/1586/1468 1428/1554/1463 1429/1555/1441
f 1416/1542/1442 1446/1572/1465 1415/1541/1466
f 1443/1569/1443 1473/1599/1467 1442/1568/1440
f 1461/1587/1469 1429/1555/1441 1430/1556/1444
f 1448/1574/1470 1416/1542/1442 1417/1543/1471
f 1226/1335/33 1474/1600/1472 1443/1569/1443
f 1431/1557/1447 1461/1587/1469 1430/1556/1444
f 1449/1575/1473 1417/1543/1471 1418/1544/1445
f 1463/1589/1474 1431/1557/1447 1432/1558/1475
f 1450/1576/1476 1418/1544/1445 1419/1545/1448
f 1464/1590/1477 1432/1558/1475 1433/1559/1449
f 1420/1546/1478 1450/1576/1476 1419/1545/1448
f 1465/1591/1479 1433/1559/1449 1434/1560/1422
f 1452/1578/1480 1420/1546/1478 1421/1547/1451
f 1435/1561/1425 1465/1591/1479 1434/1560/1422
f 1453/1579/1481 1421/1547/1451 1422/1548/1423
f 1436/1562/1453 1466/1592/1482 1435/1561/1425
f 1423/1549/1428 1453/1579/1481 1422/1548/1423
f 1470/1596/1483 1500/1651/1484 1469/1595/1457
f 1488/1628/1485 1456/1582/1486 1457/1583/1458
f 1444/1570/1459 1475/1601/1487 1039/1086/9
f 1502/1655/1488 1470/1596/1483 1471/1597/1460
f 1458/1584/1464 1488/1628/1485 1457/1583/1458
f 1476/1604/1489 1444/1570/1459 1445/1571/1461
f 1472/1598/1462 1502/1655/1488 1471/1597/1460
f 1459/1585/1490 1489/1629/1491 1458/1584/1464
f 1477/1605/1492 1445/1571/1461 1446/1572/1465
f 1504/1660/1493 1472/1598/1462 1473/1599/1467
f 1491/1633/1494 1459/1585/1490 1460/1586/1468
f 1478/1607/1495 1446/1572/1465 1447/1573/1496
f 1474/1600/1472 1504/1660/1493 1473/1599/1467
f 1492/1636/1497 1460/1586/1468 1461/1587/1469
f 1479/1609/1498 1447/1573/1496 1448/1574/1470
f 1226/1336/33 1505/1661/1499 1474/1600/1472
f 1462/1588/1500 1492/1636/1497 1461/1587/1469
f 1480/1611/1501 1448/1574/1470 1449/1575/1473
f 1463/1589/1474 1493/1637/1502 1462/1588/1500
f 1481/1614/1503 1449/1575/1473 1450/1576/1476
f 1495/1641/1504 1463/1589/1474 1464/1590/1477
f 1451/1577/1505 1481/1614/1503 1450/1576/1476
f 1496/1644/1506 1464/1590/1477 1465/1591/1479
f 1483/1617/1507 1451/1577/1505 1452/1578/1480
f 1466/1592/1482 1496/1644/1506 1465/1591/1479
f 1484/1620/1508 1452/1578/1480 1453/1579/1481
f 1467/1593/1509 1497/1645/1510 1466/1592/1482
f 1454/1580/1511 1484/1620/1508 1453/1579/1481
f 1499/1650/1512 1467/1593/1509 1468/1594/1452
f 1455/1581/1454 1485/1621/1513 1454/1580/1511
f 1500/1651/1484 1468/1594/1452 1469/1595/1457
f 1487/1625/1514 1455/1581/1454 1456/1582/1486
f 1534/1691/1515 1502/1656/1488 1503/1658/1516
f 1490/1632/1517 1520/1677/1518 1489/1630/1491
f 1477/1606/1492 1507/1664/1519 1476/1603/1489
f 1535/1692/1520 1503/1658/1516 1504/1659/1493
f 1522/1679/1521 1490/1632/1517 1491/1634/1494
f 1509/1666/1522 1477/1606/1492 1478/1608/1495
f 1505/1662/1499 1535/1692/1520 1504/1659/1493
f 1523/1680/1523 1491/1634/1494 1492/1635/1497
f 1510/1667/1524 1478/1608/1495 1479/1610/1498
f 1226/1337/33 1536/1693/1525 1505/1662/1499
f 1493/1638/1502 1523/1680/1523 1492/1635/1497
f 1511/1668/1526 1479/1610/1498 1480/1612/1501
f 1525/1682/1527 1493/1638/1502 1494/1640/1528
f 1512/1669/1529 1480/1612/1501 1481/1613/1503
f 1526/1683/1530 1494/1640/1528 1495/1642/1504
f 1482/1616/1531 1512/1669/1529 1481/1613/1503
f 1527/1684/1532 1495/1642/1504 1496/1643/1506
f 1514/1671/1533 1482/1616/1531 1483/1618/1507
f 1497/1646/1510 1527/1684/1532 1496/1643/1506
f 1515/1672/1534 1483/1618/1507 1484/1619/1508
f 1498/1648/1535 1528/1685/1536 1497/1646/1510
f 1485/1622/1513 1515/1672/1534 1484/1619/1508
f 1530/1687/1537 1498/1648/1535 1499/1649/1512
f 1517/1674/1538 1485/1622/1513 1486/1623/1539
f 1500/1652/1484 1530/1687/1537 1499/1649/1512
f 1487/1626/1514 1517/1674/1538 1486/1623/1539
f 1501/1654/1540 1531/1688/1541 1500/1652/1484
f 1519/1676/1542 1487/1626/1514 1488/1627/1485
f 1475/1602/1487 1506/1663/1543 1039/1087/9
f 1533/1690/1544 1501/1654/1540 1502/1656/1488
f 1489/1630/1491 1519/1676/1542 1488/1627/1485
f 1507/1664/1519 1475/1602/1487 1476/1603/1489
f 1567/1724/1545 1535/1692/1520 1536/1693/1525
f 1554/1711/1546 1522/1679/1521 1523/1680/1523
f 1510/1667/1524 1540/1697/1547 1509/1666/1522
f 1226/1338/33 1567/1724/1545 1536/1693/1525
f 1524/1681/1548 1554/1711/1546 1523/1680/1523
f 1542/1699/1549 1510/1667/1524 1511/1668/1526
f 1556/1713/1550 1524/1681/1548 1525/1682/1527
f 1543/1700/1551 1511/1668/1526 1512/1669/1529
f 1557/1714/1552 1525/1682/1527 1526/1683/1530
f 1513/1670/1553 1543/1700/1551 1512/1669/1529
f 1558/1715/1554 1526/1683/1530 1527/1684/1532
f 1545/1702/1555 1513/1670/1553 1514/1671/1533
f 1528/1685/1536 1558/1715/1554 1527/1684/1532
f 1546/1703/1556 1514/1671/1533 1515/1672/1534
f 1529/1686/1557 1559/1716/1558 1528/1685/1536
f 1516/1673/1559 1546/1703/1556 1515/1672/1534
f 1561/1718/1560 1529/1686/1557 1530/1687/1537
f 1517/1674/1538 1547/1704/1561 1516/1673/1559
f 1562/1719/1562 1530/1687/1537 1531/1688/1541
f 1518/1675/1563 1548/1705/1564 1517/1674/1538
f 1532/1689/1565 1562/1719/1562 1531/1688/1541
f 1550/1707/1566 1518/1675/1563 1519/1676/1542
f 1506/1663/1543 1537/1694/1567 1039/1088/9
f 1564/1721/1568 1532/1689/1565 1533/1690/1544
f 1520/1677/1518 1550/1707/1566 1519/1676/1542
f 1538/1695/1569 1506/1663/1543 1507/1664/1519
f 1534/1691/1515 1564/1721/1568 1533/1690/1544
f 1521/1678/1570 1551/1708/1571 1520/1677/1518
f 1539/1696/1572 1507/1664/1519 1508/1665/1573
f 1566/1723/1574 1534/1691/1515 1535/1692/1520
f 1553/1710/1575 1521/1678/1570 1522/1679/1521
f 1540/1697/1547 1508/1665/1573 1509/1666/1522
f 1587/1744/1576 1555/1712/1577 1556/1713/1550
f 1574/1731/1578 1542/1699/1549 1543/1700/1551
f 1588/1745/1579 1556/1713/1550 1557/1714/1552
f 1544/1701/1580 1574/1731/1578 1543/1700/1551
f 1589/1746/1581 1557/1714/1552 1558/1715/1554
f 1576/1733/1582 1544/1701/1580 1545/1702/1555
f 1559/1716/1558 1589/1746/1581 1558/1715/1554
f 1577/1734/1583 1545/1702/1555 1546/1703/1556
f 1560/1717/1584 1590/1747/1585 1559/1716/1558
f 1547/1704/1561 1577/1734/1583 1546/1703/1556
f 1592/1749/1586 1560/1717/1584 1561/1718/1560
f 1548/1705/1564 1578/1735/1587 1547/1704/1561
f 1562/1719/1562 1592/1749/1586 1561/1718/1560
f 1549/1706/1588 1579/1736/1589 1548/1705/1564
f 1563/1720/1590 1593/1750/1591 1562/1719/1562
f 1581/1738/1592 1549/1706/1588 1550/1707/1566
f 1537/1694/1567 1568/1725/1593 1039/1089/9
f 1595/1752/1594 1563/1720/1590 1564/1721/1568
f 1551/1708/1571 1581/1738/1592 1550/1707/1566
f 1569/1726/1595 1537/1694/1567 1538/1695/1569
f 1565/1722/1596 1595/1752/1594 1564/1721/1568
f 1552/1709/1597 1582/1739/1598 1551/1708/1571
f 1570/1727/1599 1538/1695/1569 1539/1696/1572
f 1566/1723/1574 1596/1753/1600 1565/1722/1596
f 1584/1741/1601 1552/1709/1597 1553/1710/1575
f 1571/1728/1602 1539/1696/1572 1540/1697/1547
f 1567/1724/1545 1597/1754/1603 1566/1723/1574
f 1585/1742/1604 1553/1710/1575 1554/1711/1546
f 1572/1729/1605 1540/1697/1547 1541/1698/1606
f 1226/1339/33 1598/1755/1607 1567/1724/1545
f 1555/1712/1577 1585/1742/1604 1554/1711/1546
f 1573/1730/1608 1541/1698/1606 1542/1699/1549
f 1594/1751/1609 1624/1781/1610 1593/1750/1591
f 1612/1769/1611 1580/1737/1612 1581/1738/1592
f 1568/1725/1593 1599/1756/1613 1039/1090/9
f 1595/1752/1594 1625/1782/1614 1594/1751/1609
f 1582/1739/1598 1612/1769/1611 1581/1738/1592
f 1600/1757/1615 1568/1725/1593 1569/1726/1595
f 1596/1753/1600 1626/1783/1616 1595/1752/1594
f 1583/1740/1617 1613/1770/1618 1582/1739/1598
f 1601/1758/1619 1569/1726/1595 1570/1727/1599
f 1628/1785/1620 1596/1753/1600 1597/1754/1603
f 1615/1772/1621 1583/1740/1617 1584/1741/1601
f 1602/1759/1622 1570/1727/1599 1571/1728/1602
f 1629/1786/1623 1597/1754/1603 1598/1755/1607
f 1616/1773/1624 1584/1741/1601 1585/1742/1604
f 1603/1760/1625 1571/1728/1602 1572/1729/1605
f 1226/1340/33 1629/1786/1623 1598/1755/1607
f 1586/1743/1626 1616/1773/1624 1585/1742/1604
f 1604/1761/1627 1572/1729/1605 1573/1730/1608
f 1618/1775/1628 1586/1743/1626 1587/1744/1576
f 1605/1762/1629 1573/1730/1608 1574/1731/1578
f 1619/1776/1630 1587/1744/1576 1588/1745/1579
f 1575/1732/1631 1605/1762/1629 1574/1731/1578
f 1620/1777/1632 1588/1745/1579 1589/1746/1581
f 1607/1764/1633 1575/1732/1631 1576/1733/1582
f 1590/1747/1585 1620/1777/1632 1589/1746/1581
f 1608/1765/1634 1576/1733/1582 1577/1734/1583
f 1591/1748/1635 1621/1778/1636 1590/1747/1585
f 1578/1735/1587 1608/1765/1634 1577/1734/1583
f 1623/1780/1637 1591/1748/1635 1592/1749/1586
f 1579/1736/1589 1609/1766/1638 1578/1735/1587
f 1593/1750/1591 1623/1780/1637 1592/1749/1586
f 1580/1737/1612 1610/1767/1639 1579/1736/1589
f 1658/1815/1640 1626/1783/1616 1627/1784/1641
f 1614/1771/1642 1644/1801/1643 1613/1770/1618
f 1632/1789/1644 1600/1757/1615 1601/1758/1619
f 1659/1816/1645 1627/1784/1641 1628/1785/1620
f 1646/1803/1646 1614/1771/1642 1615/1772/1621
f 1602/1759/1622 1632/1789/1644 1601/1758/1619
f 1660/1817/1647 1628/1785/1620 1629/1786/1623
f 1647/1804/1648 1615/1772/1621 1616/1773/1624
f 1603/1760/1625 1633/1790/1649 1602/1759/1622
f 1226/1341/33 1660/1817/1647 1629/1786/1623
f 1617/1774/1650 1647/1804/1648 1616/1773/1624
f 1635/1792/1651 1603/1760/1625 1604/1761/1627
f 1649/1806/1652 1617/1774/1650 1618/1775/1628
f 1605/1762/1629 1635/1792/1651 1604/1761/1627
f 1650/1807/1653 1618/1775/1628 1619/1776/1630
f 1606/1763/1654 1636/1793/1655 1605/1762/1629
f 1651/1808/1656 1619/1776/1630 1620/1777/1632
f 1638/1795/1657 1606/1763/1654 1607/1764/1633
f 1621/1778/1636 1651/1808/1656 1620/1777/1632
f 1639/1796/1658 1607/1764/1633 1608/1765/1634
f 1622/1779/1659 1652/1809/1660 1621/1778/1636
f 1609/1766/1638 1639/1796/1658 1608/1765/1634
f 1654/1811/1661 1622/1779/1659 1623/1780/1637
f 1610/1767/1639 1640/1797/1662 1609/1766/1638
f 1655/1812/1663 1623/1780/1637 1624/1781/1610
f 1642/1799/1664 1610/1767/1639 1611/1768/1665
f 1625/1782/1614 1655/1812/1663 1624/1781/1610
f 1643/1800/1666 1611/1768/1665 1612/1769/1611
f 1599/1756/1613 1630/1787/1667 1039/1091/9
f 1657/1814/1668 1625/1782/1614 1626/1783/1616
f 1613/1770/1618 1643/1800/1666 1612/1769/1611
f 1600/1757/1615 1630/1787/1667 1599/1756/1613
f 1660/1817/1647 1690/1847/1669 1659/1816/1645
f 1678/1835/1670 1646/1803/1646 1647/1804/1648
f 1634/1791/1671 1664/1821/1672 1633/1790/1649
f 1226/1342/33 1691/1848/1673 1660/1817/1647
f 1648/1805/1674 1678/1835/1670 1647/1804/1648
f 1666/1823/1675 1634/1791/1671 1635/1792/1651
f 1680/1837/1676 1648/1805/1674 1649/1806/1652
f 1667/1824/1677 1635/1792/1651 1636/1793/1655
f 1681/1838/1678 1649/1806/1652 1650/1807/1653
f 1637/1794/1679 1667/1824/1677 1636/1793/1655
f 1682/1839/1680 1650/1807/1653 1651/1808/1656
f 1669/1826/1681 1637/1794/1679 1638/1795/1657
f 1683/1840/1682 1651/1808/1656 1652/1809/1660
f 1670/1827/1683 1638/1795/1657 1639/1796/1658
f 1653/1810/1684 1683/1840/1682 1652/1809/1660
f 1640/1797/1662 1670/1827/1683 1639/1796/1658
f 1685/1842/1685 1653/1810/1684 1654/1811/1661
f 1641/1798/1686 1671/1828/1687 1640/1797/1662
f 1655/1812/1663 1685/1842/1685 1654/1811/1661
f 1642/1799/1664 1672/1829/1688 1641/1798/1686
f 1656/1813/1689 1686/1843/1690 1655/1812/1663
f 1674/1831/1691 1642/1799/1664 1643/1800/1666
f 1630/1787/1667 1661/1818/1692 1039/1092/9
f 1688/1845/1693 1656/1813/1689 1657/1814/1668
f 1644/1801/1643 1674/1831/1691 1643/1800/1666
f 1662/1819/1694 1630/1787/1667 1631/1788/1695
f 1689/1846/1696 1657/1814/1668 1658/1815/1640
f 1645/1802/1697 1675/1832/1698 1644/1801/1643
f 1663/1820/1699 1631/1788/1695 1632/1789/1644
f 1659/1816/1645 1689/1846/1696 1658/1815/1640
f 1677/1834/1700 1645/1802/1697 1646/1803/1646
f 1633/1790/1649 1663/1820/1699 1632/1789/1644
f 1711/1868/1701 1679/1836/1702 1680/1837/1676
f 1667/1824/1677 1697/1854/1703 1666/1823/1675
f 1712/1869/1704 1680/1837/1676 1681/1838/1678
f 1668/1825/1705 1698/1855/1706 1667/1824/1677
f 1713/1870/1707 1681/1838/1678 1682/1839/1680
f 1700/1857/1708 1668/1825/1705 1669/1826/1681
f 1683/1840/1682 1713/1870/1707 1682/1839/1680
f 1701/1858/1709 1669/1826/1681 1670/1827/1683
f 1684/1841/1710 1714/1871/1711 1683/1840/1682
f 1671/1828/1687 1701/1858/1709 1670/1827/1683
f 1716/1873/1712 1684/1841/1710 1685/1842/1685
f 1703/1860/1713 1671/1828/1687 1672/1829/1688
f 1717/1874/1714 1685/1842/1685 1686/1843/1690
f 1673/1830/1715 1703/1860/1713 1672/1829/1688
f 1687/1844/1716 1717/1874/1714 1686/1843/1690
f 1705/1862/1717 1673/1830/1715 1674/1831/1691
f 1661/1818/1692 1692/1849/1718 1039/1093/9
f 1719/1876/1719 1687/1844/1716 1688/1845/1693
f 1675/1832/1698 1705/1862/1717 1674/1831/1691
f 1693/1850/1720 1661/1818/1692 1662/1819/1694
f 1689/1846/1696 1719/1876/1719 1688/1845/1693
f 1676/1833/1721 1706/1863/1722 1675/1832/1698
f 1694/1851/1723 1662/1819/1694 1663/1820/1699
f 1721/1878/1724 1689/1846/1696 1690/1847/1669
f 1708/1865/1725 1676/1833/1721 1677/1834/1700
f 1695/1852/1726 1663/1820/1699 1664/1821/1672
f 1722/1879/1727 1690/1847/1669 1691/1848/1673
f 1709/1866/1728 1677/1834/1700 1678/1835/1670
f 1665/1822/1729 1695/1852/1726 1664/1821/1672
f 1226/1343/33 1722/1879/1727 1691/1848/1673
f 1679/1836/1702 1709/1866/1728 1678/1835/1670
f 1697/1854/1703 1665/1822/1729 1666/1823/1675
f 1744/1901/1730 1712/1869/1704 1713/1870/1707
f 1731/1888/1731 1699/1856/1732 1700/1857/1708
f 1714/1871/1711 1744/1901/1730 1713/1870/1707
f 1732/1889/1733 1700/1857/1708 1701/1858/1709
f 1715/1872/1734 1745/1902/1735 1714/1871/1711
f 1702/1859/1736 1732/1889/1733 1701/1858/1709
f 1747/1904/1737 1715/1872/1734 1716/1873/1712
f 1703/1860/1713 1733/1890/1738 1702/1859/1736
f 1748/1905/1739 1716/1873/1712 1717/1874/1714
f 1704/1861/1740 1734/1891/1741 1703/1860/1713
f 1718/1875/1742 1748/1905/1739 1717/1874/1714
f 1736/1893/1743 1704/1861/1740 1705/1862/1717
f 1692/1849/1718 1723/1880/1744 1039/1094/9
f 1719/1876/1719 1749/1906/1745 1718/1875/1742
f 1706/1863/1722 1736/1893/1743 1705/1862/1717
f 1724/1881/1746 1692/1849/1718 1693/1850/1720
f 1751/1908/1747 1719/1876/1719 1720/1877/1748
f 1707/1864/1749 1737/1894/1750 1706/1863/1722
f 1694/1851/1723 1724/1881/1746 1693/1850/1720
f 1752/1909/1751 1720/1877/1748 1721/1878/1724
f 1739/1896/1752 1707/1864/1749 1708/1865/1725
f 1726/1883/1753 1694/1851/1723 1695/1852/1726
f 1722/1879/1727 1752/1909/1751 1721/1878/1724
f 1740/1897/1754 1708/1865/1725 1709/1866/1728
f 1696/1853/1755 1726/1883/1753 1695/1852/1726
f 1226/1344/33 1753/1910/1756 1722/1879/1727
f 1710/1867/1757 1740/1897/1754 1709/1866/1728
f 1728/1885/1758 1696/1853/1755 1697/1854/1703
f 1742/1899/1759 1710/1867/1757 1711/1868/1701
f 1729/1886/1760 1697/1854/1703 1698/1855/1706
f 1743/1900/1761 1711/1868/1701 1712/1869/1704
f 1699/1856/1732 1729/1886/1760 1698/1855/1706
f 1746/1903/1762 1776/1933/1763 1745/1902/1735
f 1733/1890/1738 1763/1920/1764 1732/1889/1733
f 1778/1935/1765 1746/1903/1762 1747/1904/1737
f 1734/1891/1741 1764/1921/1766 1733/1890/1738
f 1748/1905/1739 1778/1935/1765 1747/1904/1737
f 1766/1923/1767 1734/1891/1741 1735/1892/1768
f 1749/1906/1745 1779/1936/1769 1748/1905/1739
f 1767/1924/1770 1735/1892/1768 1736/1893/1743
f 1723/1880/1744 1754/1911/1771 1039/1095/9
f 1750/1907/1772 1780/1937/1773 1749/1906/1745
f 1768/1925/1774 1736/1893/1743 1737/1894/1750
f 1755/1912/1775 1723/1880/1744 1724/1881/1746
f 1782/1939/1776 1750/1907/1772 1751/1908/1747
f 1738/1895/1777 1768/1925/1774 1737/1894/1750
f 1725/1882/1778 1755/1912/1775 1724/1881/1746
f 1783/1940/1779 1751/1908/1747 1752/1909/1751
f 1770/1927/1780 1738/1895/1777 1739/1896/1752
f 1757/1914/1781 1725/1882/1778 1726/1883/1753
f 1784/1941/1782 1752/1909/1751 1753/1910/1756
f 1771/1928/1783 1739/1896/1752 1740/1897/1754
f 1758/1915/1784 1726/1883/1753 1727/1884/1785
f 1226/1345/33 1784/1941/1782 1753/1910/1756
f 1741/1898/1786 1771/1928/1783 1740/1897/1754
f 1759/1916/1787 1727/1884/1785 1728/1885/1758
f 1742/1899/1759 1772/1929/1788 1741/1898/1786
f 1760/1917/1789 1728/1885/1758 1729/1886/1760
f 1774/1931/1790 1742/1899/1759 1743/1900/1761
f 1730/1887/1791 1760/1917/1789 1729/1886/1760
f 1775/1932/1792 1743/1900/1761 1744/1901/1730
f 1762/1919/1793 1730/1887/1791 1731/1888/1731
f 1745/1902/1735 1775/1932/1792 1744/1901/1730
f 1763/1920/1764 1731/1888/1731 1732/1889/1733
f 1779/1936/1769 1809/1966/1794 1778/1935/1765
f 1766/1923/1767 1796/1953/1795 1765/1922/1796
f 1780/1937/1773 1810/1967/1797 1779/1936/1769
f 1798/1955/1798 1766/1923/1767 1767/1924/1770
f 1754/1911/1771 1785/1942/1799 1039/1096/9
f 1812/1969/1800 1780/1937/1773 1781/1938/1801
f 1768/1925/1774 1798/1955/1798 1767/1924/1770
f 1786/1943/1802 1754/1911/1771 1755/1912/1775
f 1813/1970/1803 1781/1938/1801 1782/1939/1776
f 1769/1926/1804 1799/1956/1805 1768/1925/1774
f 1756/1913/1806 1786/1943/1802 1755/1912/1775
f 1814/1971/1807 1782/1939/1776 1783/1940/1779
f 1801/1958/1808 1769/1926/1804 1770/1927/1780
f 1788/1945/1809 1756/1913/1806 1757/1914/1781
f 1784/1941/1782 1814/1971/1807 1783/1940/1779
f 1802/1959/1810 1770/1927/1780 1771/1928/1783
f 1758/1915/1784 1788/1945/1809 1757/1914/1781
f 1226/1346/33 1815/1972/1811 1784/1941/1782
f 1772/1929/1788 1802/1959/1810 1771/1928/1783
f 1790/1947/1812 1758/1915/1784 1759/1916/1787
f 1804/1961/1813 1772/1929/1788 1773/1930/1814
f 1791/1948/1815 1759/1916/1787 1760/1917/1789
f 1805/1962/1816 1773/1930/1814 1774/1931/1790
f 1761/1918/1817 1791/1948/1815 1760/1917/1789
f 1806/1963/1818 1774/1931/1790 1775/1932/1792
f 1793/1950/1819 1761/1918/1817 1762/1919/1793
f 1776/1933/1763 1806/1963/1818 1775/1932/1792
f 1794/1951/1820 1762/1919/1793 1763/1920/1764
f 1777/1934/1821 1807/1964/1822 1776/1933/1763
f 1764/1921/1766 1794/1951/1820 1763/1920/1764
f 1809/1966/1794 1777/1934/1821 1778/1935/1765
f 1765/1922/1796 1795/1952/1823 1764/1921/1766
f 1785/1942/1799 1816/1973/1824 1039/1097/9
f 1843/2000/1825 1811/1968/1826 1812/1969/1800
f 1799/1956/1805 1829/1986/1827 1798/1955/1798
f 1817/1974/1828 1785/1942/1799 1786/1943/1802
f 1844/2001/1829 1812/1969/1800 1813/1970/1803
f 1800/1957/1830 1830/1987/1831 1799/1956/1805
f 1787/1944/1832 1817/1974/1828 1786/1943/1802
f 1845/2002/1833 1813/1970/1803 1814/1971/1807
f 1832/1989/1834 1800/1957/1830 1801/1958/1808
f 1819/1976/1835 1787/1944/1832 1788/1945/1809
f 1815/1972/1811 1845/2002/1833 1814/1971/1807
f 1833/1990/1836 1801/1958/1808 1802/1959/1810
f 1820/1977/1837 1788/1945/1809 1789/1946/1838
f 1226/1347/33 1846/2003/1839 1815/1972/1811
f 1803/1960/1840 1833/1990/1836 1802/1959/1810
f 1821/1978/1841 1789/1946/1838 1790/1947/1812
f 1835/1992/1842 1803/1960/1840 1804/1961/1813
f 1822/1979/1843 1790/1947/1812 1791/1948/1815
f 1836/1993/1844 1804/1961/1813 1805/1962/1816
f 1792/1949/1845 1822/1979/1843 1791/1948/1815
f 1837/1994/1846 1805/1962/1816 1806/1963/1818
f 1824/1981/1847 1792/1949/1845 1793/1950/1819
f 1807/1964/1822 1837/1994/1846 1806/1963/1818
f 1825/1982/1848 1793/1950/1819 1794/1951/1820
f 1808/1965/1849 1838/1995/1850 1807/1964/1822
f 1795/1952/1823 1825/1982/1848 1794/1951/1820
f 1840/1997/1851 1808/1965/1849 1809/1966/1794
f 1827/1984/1852 1795/1952/1823 1796/1953/1795
f 1841/1998/1853 1809/1966/1794 1810/1967/1797
f 1797/1954/1854 1827/1984/1852 1796/1953/1795
f 1811/1968/1826 1841/1998/1853 1810/1967/1797
f 1829/1986/1827 1797/1954/1854 1798/1955/1798
f 1818/1975/1855 1848/2005/1856 1817/1974/1828
f 1876/2033/1857 1844/2001/1829 1845/2002/1833
f 1863/2020/1858 1831/1988/1859 1832/1989/1834
f 1819/1976/1835 1849/2006/1860 1818/1975/1855
f 1877/2034/1861 1845/2002/1833 1846/2003/1839
f 1864/2021/1862 1832/1989/1834 1833/1990/1836
f 1820/1977/1837 1850/2007/1863 1819/1976/1835
f 1226/1348/33 1877/2034/1861 1846/2003/1839
f 1834/1991/1864 1864/2021/1862 1833/1990/1836
f 1852/2009/1865 1820/1977/1837 1821/1978/1841
f 1866/2023/1866 1834/1991/1864 1835/1992/1842
f 1853/2010/1867 1821/1978/1841 1822/1979/1843
f 1836/1993/1844 1866/2023/1866 1835/1992/1842
f 1823/1980/1868 1853/2010/1867 1822/1979/1843
f 1868/2025/1869 1836/1993/1844 1837/1994/1846
f 1855/2012/1870 1823/1980/1868 1824/1981/1847
f 1838/1995/1850 1868/2025/1869 1837/1994/1846
f 1856/2013/1871 1824/1981/1847 1825/1982/1848
f 1839/1996/1872 1869/2026/1873 1838/1995/1850
f 1826/1983/1874 1856/2013/1871 1825/1982/1848
f 1871/2028/1875 1839/1996/1872 1840/1997/1851
f 1858/2015/1876 1826/1983/1874 1827/1984/1852
f 1872/2029/1877 1840/1997/1851 1841/1998/1853
f 1828/1985/1878 1858/2015/1876 1827/1984/1852
f 1842/1999/1879 1872/2029/1877 1841/1998/1853
f 1860/2017/1880 1828/1985/1878 1829/1986/1827
f 1816/1973/1824 1847/2004/1881 1039/1098/9
f 1874/2031/1882 1842/1999/1879 1843/2000/1825
f 1830/1987/1831 1860/2017/1880 1829/1986/1827
f 1848/2005/1856 1816/1973/1824 1817/1974/1828
f 1875/2032/1883 1843/2000/1825 1844/2001/1829
f 1831/1988/1859 1861/2018/1884 1830/1987/1831
f 1882/2039/1885 1850/2007/1863 1851/2008/1886
f 1226/1349/33 1908/2065/1887 1877/2034/1861
f 1865/2022/1888 1895/2052/1889 1864/2021/1862
f 1883/2040/1890 1851/2008/1886 1852/2009/1865
f 1897/2054/1891 1865/2022/1888 1866/2023/1866
f 1853/2010/1867 1883/2040/1890 1852/2009/1865
f 1898/2055/1892 1866/2023/1866 1867/2024/1893
f 1854/2011/1894 1884/2041/1895 1853/2010/1867
f 1899/2056/1896 1867/2024/1893 1868/2025/1869
f 1886/2043/1897 1854/2011/1894 1855/2012/1870
f 1869/2026/1873 1899/2056/1896 1868/2025/1869
f 1887/2044/1898 1855/2012/1870 1856/2013/1871
f 1870/2027/1899 1900/2057/1900 1869/2026/1873
f 1857/2014/1901 1887/2044/1898 1856/2013/1871
f 1902/2059/1902 1870/2027/1899 1871/2028/1875
f 1889/2046/1903 1857/2014/1901 1858/2015/1876
f 1903/2060/1904 1871/2028/1875 1872/2029/1877
f 1859/2016/1905 1889/2046/1903 1858/2015/1876
f 1904/2061/1906 1872/2029/1877 1873/2030/1907
f 1891/2048/1908 1859/2016/1905 1860/2017/1880
f 1847/2004/1881 1878/2035/1909 1039/1099/9
f 1874/2031/1882 1904/2061/1906 1873/2030/1907
f 1861/2018/1884 1891/2048/1908 1860/2017/1880
f 1879/2036/1910 1847/2004/1881 1848/2005/1856
f 1906/2063/1911 1874/2031/1882 1875/2032/1883
f 1862/2019/1912 1892/2049/1913 1861/2018/1884
f 1880/2037/1914 1848/2005/1856 1849/2006/1860
f 1907/2064/1915 1875/2032/1883 1876/2033/1857
f 1894/2051/1916 1862/2019/1912 1863/2020/1858
f 1881/2038/1917 1849/2006/1860 1850/2007/1863
f 1877/2034/1861 1907/2064/1915 1876/2033/1857
f 1895/2052/1889 1863/2020/1858 1864/2021/1862
f 1915/2072/1918 1883/2040/1890 1884/2041/1895
f 1898/2055/1892 1928/2085/1919 1897/2054/1891
f 1885/2042/1920 1915/2072/1918 1884/2041/1895
f 1930/2087/1921 1898/2055/1892 1899/2056/1896
f 1917/2074/1922 1885/2042/1920 1886/2043/1897
f 1900/2057/1900 1930/2087/1921 1899/2056/1896
f 1918/2075/1923 1886/2043/1897 1887/2044/1898
f 1901/2058/1924 1931/2088/1925 1900/2057/1900
f 1888/2045/1926 1918/2075/1923 1887/2044/1898
f 1933/2090/1927 1901/2058/1924 1902/2059/1902
f 1920/2077/1928 1888/2045/1926 1889/2046/1903
f 1903/2060/1904 1933/2090/1927 1902/2059/1902
f 1890/2047/1929 1920/2077/1928 1889/2046/1903
f 1904/2061/1906 1934/2091/1930 1903/2060/1904
f 1922/2079/1931 1890/2047/1929 1891/2048/1908
f 1878/2035/1909 1909/2066/1932 1039/1100/9
f 1936/2093/1933 1904/2061/1906 1905/2062/1934
f 1892/2049/1913 1922/2079/1931 1891/2048/1908
f 1910/2067/1935 1878/2035/1909 1879/2036/1910
f 1937/2094/1936 1905/2062/1934 1906/2063/1911
f 1893/2050/1937 1923/2080/1938 1892/2049/1913
f 1880/2037/1914 1910/2067/1935 1879/2036/1910
f 1938/2095/1939 1906/2063/1911 1907/2064/1915
f 1925/2082/1940 1893/2050/1937 1894/2051/1916
f 1912/2069/1941 1880/2037/1914 1881/2038/1917
f 1939/2096/1942 1907/2064/1915 1908/2065/1887
f 1926/2083/1943 1894/2051/1916 1895/2052/1889
f 1913/2070/1944 1881/2038/1917 1882/2039/1885
f 1226/1350/33 1939/2096/1942 1908/2065/1887
f 1896/2053/1945 1926/2083/1943 1895/2052/1889
f 1914/2071/1946 1882/2039/1885 1883/2040/1890
f 1928/2085/1919 1896/2053/1945 1897/2054/1891
f 1948/2105/1947 1916/2073/1948 1917/2074/1922
f 1931/2088/1925 1961/2118/1949 1930/2087/1921
f 1949/2106/1950 1917/2074/1922 1918/2075/1923
f 1932/2089/1951 1962/2119/1952 1931/2088/1925
f 1919/2076/1953 1949/2106/1950 1918/2075/1923
f 1964/2121/1954 1932/2089/1951 1933/2090/1927
f 1951/2108/1955 1919/2076/1953 1920/2077/1928
f 1965/2122/1956 1933/2090/1927 1934/2091/1930
f 1921/2078/1957 1951/2108/1955 1920/2077/1928
f 1935/2092/1958 1965/2122/1956 1934/2091/1930
f 1953/2110/1959 1921/2078/1957 1922/2079/1931
f 1909/2066/1932 1940/2097/1960 1039/1101/9
f 1936/2093/1933 1966/2123/1961 1935/2092/1958
f 1923/2080/1938 1953/2110/1959 1922/2079/1931
f 1941/2098/1962 1909/2066/1932 1910/2067/1935
f 1968/2125/1963 1936/2093/1933 1937/2094/1936
f 1924/2081/1964 1954/2111/1965 1923/2080/1938
f 1942/2099/1966 1910/2067/1935 1911/2068/1967
f 1969/2126/1968 1937/2094/1936 1938/2095/1939
f 1956/2113/1969 1924/2081/1964 1925/2082/1940
f 1912/2069/1941 1942/2099/1966 1911/2068/1967
f 1939/2096/1942 1969/2126/1968 1938/2095/1939
f 1957/2114/1970 1925/2082/1940 1926/2083/1943
f 1944/2101/1971 1912/2069/1941 1913/2070/1944
f 1226/1351/33 1970/2127/1972 1939/2096/1942
f 1927/2084/1973 1957/2114/1970 1926/2083/1943
f 1945/2102/1974 1913/2070/1944 1914/2071/1946
f 1959/2116/1975 1927/2084/1973 1928/2085/1919
f 1915/2072/1918 1945/2102/1974 1914/2071/1946
f 1929/2086/1976 1959/2116/1975 1928/2085/1919
f 1916/2073/1948 1946/2103/1977 1915/2072/1918
f 1961/2118/1949 1929/2086/1976 1930/2087/1921
f 1950/2107/1978 1976/2133/52 1949/2106/1950
f 1982/2139/57 1963/2120/1979 1964/2121/1954
f 1951/2108/1955 5/5/55 1950/2107/1978
f 1983/2140/3 1964/2121/1954 1965/2122/1956
f 1952/2109/1980 6/6/59 1951/2108/1955
f 1966/2123/1961 1983/2140/3 1965/2122/1956
f 1977/2134/4 1952/2109/1980 1953/2110/1959
f 1940/2097/1960 1/1/7 1039/1102/9
f 1985/2142/11 1966/2123/1961 1967/2124/1981
f 1954/2111/1965 1977/2134/4 1953/2110/1959
f 1941/2098/1962 1/1/7 1940/2097/1960
f 1968/2125/1963 1985/2142/11 1967/2124/1981
f 1955/2112/1982 8/8/13 1954/2111/1965
f 3/3/20 1941/2098/1962 1942/2099/1966
f 1969/2126/1968 14/14/17 1968/2125/1963
f 10/10/24 1955/2112/1982 1956/2113/1969
f 1971/2128/25 1942/2099/1966 1943/2100/1983
f 15/15/28 1969/2126/1968 1970/2127/1972
f 1978/2135/30 1956/2113/1969 1957/2114/1970
f 1944/2101/1971 1971/2128/25 1943/2100/1983
f 1226/1352/33 15/15/28 1970/2127/1972
f 1958/2115/1984 1978/2135/30 1957/2114/1970
f 1945/2102/1974 4/4/31 1944/2101/1971
f 12/12/39 1958/2115/1984 1959/2116/1975
f 1973/2130/41 1945/2102/1974 1946/2103/1977
f 13/13/43 1959/2116/1975 1960/2117/1985
f 1947/2104/1986 1973/2130/41 1946/2103/1977
f 1979/2136/46 1960/2117/1985 1961/2118/1949
f 1975/2132/47 1947/2104/1986 1948/2105/1947
f 1962/2119/1952 1979/2136/46 1961/2118/1949
f 1976/2133/52 1948/2105/1947 1949/2106/1950
f 1963/2120/1979 1980/2137/50 1962/2119/1952
f 1984/2141/1 42/42/71 41/41/2
f 1977/2134/4 29/29/73 28/28/5
f 43/43/10 42/42/71 1984/2141/1
f 30/30/12 29/29/73 1977/2134/4
f 17/17/14 16/16/8 1/1/7
f 44/44/16 43/43/10 1985/2142/11
f 31/31/18 30/30/12 8/8/13
f 3/3/20 18/18/26 17/17/14
f 45/45/21 44/44/16 14/14/17
f 32/32/23 31/31/18 9/9/19
f 1971/2128/25 19/19/32 18/18/26
f 46/46/27 45/45/21 1986/2143/22
f 33/33/29 32/32/23 10/10/24
f 4/4/31 20/20/83 19/19/32
f 34/34/34 33/33/29 1978/2135/30
f 21/21/36 20/20/83 4/4/31
f 35/35/38 34/34/34 11/11/35
f 22/22/40 21/21/36 1972/2129/37
f 36/36/42 35/35/38 12/12/39
f 1974/2131/44 23/23/48 22/22/40
f 37/37/45 36/36/42 13/13/43
f 1975/2132/47 24/24/61 23/23/48
f 38/38/49 37/37/45 1979/2136/46
f 25/25/51 24/24/61 1975/2132/47
f 39/39/53 38/38/49 1980/2137/50
f 5/5/55 26/26/66 25/25/51
f 40/40/56 39/39/53 1981/2138/54
f 27/27/58 26/26/66 5/5/55
f 1983/2140/3 41/41/2 40/40/56
f 7/7/6 28/28/5 27/27/58
f 68/68/60 67/67/115 36/36/42
f 24/24/61 55/55/64 54/54/62
f 69/69/63 68/68/60 37/37/45
f 25/25/51 56/56/67 55/55/64
f 70/70/65 69/69/63 38/38/49
f 26/26/66 57/57/90 56/56/67
f 40/40/56 71/71/69 70/70/65
f 58/58/68 57/57/90 26/26/66
f 41/41/2 72/72/94 71/71/69
f 28/28/5 59/59/95 58/58/68
f 73/73/70 72/72/94 41/41/2
f 60/60/72 59/59/95 28/28/5
f 43/43/10 74/74/100 73/73/70
f 61/61/75 60/60/72 29/29/73
f 17/17/14 48/48/102 47/47/74
f 75/75/76 74/74/100 43/43/10
f 62/62/77 61/61/75 30/30/12
f 49/49/78 48/48/102 17/17/14
f 45/45/21 76/76/106 75/75/76
f 63/63/79 62/62/77 31/31/18
f 50/50/80 49/49/78 18/18/26
f 77/77/81 76/76/106 45/45/21
f 33/33/29 64/64/84 63/63/79
f 51/51/82 50/50/80 19/19/32
f 34/34/34 65/65/112 64/64/84
f 52/52/85 51/51/82 20/20/83
f 66/66/86 65/65/112 34/34/34
f 53/53/87 52/52/85 21/21/36
f 36/36/42 67/67/115 66/66/86
f 54/54/62 53/53/87 22/22/40
f 70/70/65 101/101/146 100/100/88
f 88/88/89 87/87/145 56/56/67
f 102/102/91 101/101/146 70/70/65
f 89/89/92 88/88/89 57/57/90
f 103/103/93 102/102/91 71/71/69
f 59/59/95 90/90/121 89/89/92
f 104/104/96 103/103/93 72/72/94
f 91/91/97 90/90/121 59/59/95
f 105/105/99 104/104/96 73/73/70
f 61/61/75 92/92/126 91/91/97
f 79/79/101 78/78/98 47/47/74
f 75/75/76 106/106/128 105/105/99
f 93/93/103 92/92/126 61/61/75
f 80/80/104 79/79/101 48/48/102
f 107/107/105 106/106/128 75/75/76
f 94/94/107 93/93/103 62/62/77
f 81/81/108 80/80/104 49/49/78
f 108/108/109 107/107/105 76/76/106
f 95/95/110 94/94/107 63/63/79
f 82/82/111 81/81/108 50/50/80
f 65/65/112 96/96/136 95/95/110
f 52/52/85 83/83/114 82/82/111
f 97/97/113 96/96/136 65/65/112
f 53/53/87 84/84/139 83/83/114
f 67/67/115 98/98/140 97/97/113
f 85/85/116 84/84/139 53/53/87
f 99/99/117 98/98/140 67/67/115
f 86/86/118 85/85/116 54/54/62
f 100/100/88 99/99/117 68/68/60
f 56/56/67 87/87/145 86/86/118
f 134/134/119 133/133/148 102/102/91
f 121/121/120 120/120/149 89/89/92
f 135/135/122 134/134/119 103/103/93
f 91/91/97 122/122/153 121/121/120
f 136/136/124 135/135/122 104/104/96
f 123/123/125 122/122/153 91/91/97
f 110/110/127 109/109/123 78/78/98
f 106/106/128 137/137/156 136/136/124
f 93/93/103 124/124/157 123/123/125
f 111/111/129 110/110/127 79/79/101
f 138/138/130 137/137/156 106/106/128
f 125/125/131 124/124/157 93/93/103
f 112/112/132 111/111/129 80/80/104
f 139/139/133 138/138/130 107/107/105
f 95/95/110 126/126/161 125/125/131
f 113/113/134 112/112/132 81/81/108
f 127/127/135 126/126/161 95/95/110
f 114/114/137 113/113/134 82/82/111
f 128/128/138 127/127/135 96/96/136
f 84/84/139 115/115/167 114/114/137
f 98/98/140 129/129/168 128/128/138
f 116/116/141 115/115/167 84/84/139
f 130/130/142 129/129/168 98/98/140
f 117/117/143 116/116/141 85/85/116
f 131/131/144 130/130/142 99/99/117
f 87/87/145 118/118/173 117/117/143
f 101/101/146 132/132/174 131/131/144
f 119/119/147 118/118/173 87/87/145
f 133/133/148 132/132/174 101/101/146
f 120/120/149 119/119/147 88/88/89
f 136/136/124 167/167/209 166/166/151
f 154/154/152 153/153/206 122/122/153
f 141/141/154 140/140/150 109/109/123
f 168/168/155 167/167/209 136/136/124
f 124/124/157 155/155/183 154/154/152
f 111/111/129 142/142/160 141/141/154
f 169/169/158 168/168/155 137/137/156
f 156/156/159 155/155/183 124/124/157
f 112/112/132 143/143/184 142/142/160
f 139/139/133 170/170/163 169/169/158
f 126/126/161 157/157/186 156/156/159
f 144/144/162 143/143/184 112/112/132
f 158/158/164 157/157/186 126/126/161
f 145/145/165 144/144/162 113/113/134
f 159/159/166 158/158/164 127/127/135
f 115/115/167 146/146/192 145/145/165
f 129/129/168 160/160/170 159/159/166
f 147/147/169 146/146/192 115/115/167
f 130/130/142 161/161/195 160/160/170
f 148/148/171 147/147/169 116/116/141
f 162/162/172 161/161/195 130/130/142
f 118/118/173 149/149/198 148/148/171
f 132/132/174 163/163/176 162/162/172
f 150/150/175 149/149/198 118/118/173
f 133/133/148 164/164/201 163/163/176
f 151/151/177 150/150/175 119/119/147
f 165/165/178 164/164/201 133/133/148
f 152/152/179 151/151/177 120/120/149
f 166/166/151 165/165/178 134/134/119
f 122/122/153 153/153/206 152/152/179
f 173/173/180 172/172/211 141/141/154
f 200/200/181 199/199/212 168/168/155
f 187/187/182 186/186/238 155/155/183
f 143/143/184 174/174/187 173/173/180
f 201/201/185 200/200/181 169/169/158
f 157/157/186 188/188/217 187/187/182
f 144/144/162 175/175/213 174/174/187
f 189/189/188 188/188/217 157/157/186
f 176/176/189 175/175/213 144/144/162
f 190/190/190 189/189/188 158/158/164
f 177/177/191 176/176/189 145/145/165
f 191/191/193 190/190/190 159/159/166
f 147/147/169 178/178/220 177/177/191
f 192/192/194 191/191/193 160/160/170
f 179/179/196 178/178/220 147/147/169
f 193/193/197 192/192/194 161/161/195
f 149/149/198 180/180/199 179/179/196
f 163/163/176 194/194/225 193/193/197
f 150/150/175 181/181/202 180/180/199
f 195/195/200 194/194/225 163/163/176
f 151/151/177 182/182/229 181/181/202
f 165/165/178 196/196/231 195/195/200
f 183/183/203 182/182/229 151/151/177
f 197/197/204 196/196/231 165/165/178
f 184/184/205 183/183/203 152/152/179
f 198/198/208 197/197/204 166/166/151
f 185/185/210 184/184/205 153/153/206
f 172/172/211 171/171/207 140/140/150
f 199/199/212 198/198/208 167/167/209
f 155/155/183 186/186/238 185/185/210
f 175/175/213 206/206/269 205/205/214
f 220/220/216 219/219/268 188/188/217
f 207/207/218 206/206/269 175/175/213
f 190/190/190 221/221/244 220/220/216
f 177/177/191 208/208/221 207/207/218
f 222/222/219 221/221/244 190/190/190
f 178/178/220 209/209/245 208/208/221
f 223/223/222 222/222/219 191/191/193
f 210/210/223 209/209/245 178/178/220
f 224/224/224 223/223/222 192/192/194
f 180/180/199 211/211/226 210/210/223
f 194/194/225 225/225/249 224/224/224
f 181/181/202 212/212/251 211/211/226
f 226/226/227 225/225/249 194/194/225
f 213/213/228 212/212/251 181/181/202
f 227/227/230 226/226/227 195/195/200
f 214/214/232 213/213/228 182/182/229
f 197/197/204 228/228/256 227/227/230
f 184/184/205 215/215/257 214/214/232
f 229/229/234 228/228/256 197/197/204
f 216/216/235 215/215/257 184/184/205
f 203/203/236 202/202/233 171/171/207
f 230/230/237 229/229/234 198/198/208
f 186/186/238 217/217/262 216/216/235
f 173/173/180 204/204/241 203/203/236
f 231/231/239 230/230/237 199/199/212
f 218/218/240 217/217/262 186/186/238
f 174/174/187 205/205/214 204/204/241
f 232/232/215 231/231/239 200/200/181
f 188/188/217 219/219/268 218/218/240
f 239/239/242 238/238/271 207/207/218
f 253/253/243 252/252/300 221/221/244
f 209/209/245 240/240/273 239/239/242
f 254/254/246 253/253/243 222/222/219
f 241/241/247 240/240/273 209/209/245
f 224/224/224 255/255/250 254/254/246
f 242/242/248 241/241/247 210/210/223
f 225/225/249 256/256/275 255/255/250
f 212/212/251 243/243/253 242/242/248
f 257/257/252 256/256/275 225/225/249
f 213/213/228 244/244/278 243/243/253
f 258/258/254 257/257/252 226/226/227
f 245/245/255 244/244/278 213/213/228
f 228/228/256 259/259/282 258/258/254
f 215/215/257 246/246/283 245/245/255
f 260/260/259 259/259/282 228/228/256
f 247/247/260 246/246/283 215/215/257
f 203/203/236 234/234/263 233/233/258
f 261/261/261 260/260/259 229/229/234
f 217/217/262 248/248/289 247/247/260
f 204/204/241 235/235/290 234/234/263
f 231/231/239 262/262/292 261/261/261
f 249/249/264 248/248/289 217/217/262
f 236/236/265 235/235/290 204/204/241
f 263/263/266 262/262/292 231/231/239
f 250/250/267 249/249/264 218/218/240
f 206/206/269 237/237/297 236/236/265
f 251/251/270 250/250/267 219/219/268
f 238/238/271 237/237/297 206/206/269
f 221/221/244 252/252/300 251/251/270
f 272/272/272 271/271/331 240/240/273
f 286/286/274 285/285/303 254/254/246
f 242/242/248 273/273/276 272/272/272
f 256/256/275 287/287/306 286/286/274
f 243/243/253 274/274/279 273/273/276
f 288/288/277 287/287/306 256/256/275
f 244/244/278 275/275/308 274/274/279
f 289/289/280 288/288/277 257/257/252
f 276/276/281 275/275/308 244/244/278
f 259/259/282 290/290/310 289/289/280
f 246/246/283 277/277/312 276/276/281
f 291/291/285 290/290/310 259/259/282
f 278/278/286 277/277/312 246/246/283
f 265/265/287 264/264/284 233/233/258
f 292/292/288 291/291/285 260/260/259
f 248/248/289 279/279/317 278/278/286
f 235/235/290 266/266/319 265/265/287
f 293/293/291 292/292/288 261/261/261
f 280/280/293 279/279/317 248/248/289
f 267/267/294 266/266/319 235/235/290
f 294/294/295 293/293/291 262/262/292
f 250/250/267 281/281/325 280/280/293
f 268/268/296 267/267/294 236/236/265
f 282/282/298 281/281/325 250/250/267
f 269/269/299 268/268/296 237/237/297
f 252/252/300 283/283/328 282/282/298
f 239/239/242 270/270/302 269/269/299
f 284/284/301 283/283/328 252/252/300
f 240/240/273 271/271/331 270/270/302
f 285/285/303 284/284/301 253/253/243
f 274/274/279 305/305/363 304/304/304
f 319/319/305 318/318/362 287/287/306
f 306/306/307 305/305/363 274/274/279
f 289/289/280 320/320/311 319/319/305
f 307/307/309 306/306/307 275/275/308
f 290/290/310 321/321/336 320/320/311
f 277/277/312 308/308/338 307/307/309
f 322/322/314 321/321/336 290/290/310
f 309/309/315 308/308/338 277/277/312
f 296/296/316 295/295/313 264/264/284
f 292/292/288 323/323/343 322/322/314
f 279/279/317 310/310/344 309/309/315
f 297/297/318 296/296/316 265/265/287
f 324/324/320 323/323/343 292/292/288
f 311/311/321 310/310/344 279/279/317
f 298/298/322 297/297/318 266/266/319
f 325/325/323 324/324/320 293/293/291
f 312/312/324 311/311/321 280/280/293
f 268/268/296 299/299/351 298/298/322
f 313/313/326 312/312/324 281/281/325
f 300/300/327 299/299/351 268/268/296
f 283/283/328 314/314/330 313/313/326
f 301/301/329 300/300/327 269/269/299
f 284/284/301 315/315/356 314/314/330
f 271/271/331 302/302/357 301/301/329
f 316/316/332 315/315/356 284/284/301
f 303/303/333 302/302/357 271/271/331
f 286/286/274 317/317/334 316/316/332
f 304/304/304 303/303/333 272/272/272
f 287/287/306 318/318/362 317/317/334
f 338/338/335 337/337/391 306/306/307
f 321/321/336 352/352/395 351/351/337
f 308/308/338 339/339/367 338/338/335
f 353/353/340 352/352/395 321/321/336
f 340/340/341 339/339/367 308/308/338
f 327/327/342 326/326/339 295/295/313
f 323/323/343 354/354/345 353/353/340
f 310/310/344 341/341/371 340/340/341
f 297/297/318 328/328/372 327/327/342
f 324/324/320 355/355/374 354/354/345
f 342/342/346 341/341/371 310/310/344
f 329/329/347 328/328/372 297/297/318
f 356/356/348 355/355/374 324/324/320
f 343/343/349 342/342/346 311/311/321
f 330/330/350 329/329/347 298/298/322
f 344/344/352 343/343/349 312/312/324
f 331/331/353 330/330/350 299/299/351
f 314/314/330 345/345/381 344/344/352
f 332/332/354 331/331/353 300/300/327
f 346/346/355 345/345/381 314/314/330
f 302/302/357 333/333/383 332/332/354
f 347/347/358 346/346/355 315/315/356
f 334/334/359 333/333/383 302/302/357
f 348/348/360 347/347/358 316/316/332
f 335/335/361 334/334/359 303/303/333
f 318/318/362 349/349/388 348/348/360
f 305/305/363 336/336/365 335/335/361
f 350/350/364 349/349/388 318/318/362
f 306/306/307 337/337/391 336/336/365
f 320/320/311 351/351/337 350/350/364
f 340/340/341 371/371/423 370/370/366
f 358/358/368 357/357/396 326/326/339
f 385/385/369 384/384/397 353/353/340
f 372/372/370 371/371/423 340/340/341
f 328/328/372 359/359/375 358/358/368
f 386/386/373 385/385/369 354/354/345
f 342/342/346 373/373/398 372/372/370
f 329/329/347 360/360/401 359/359/375
f 387/387/376 386/386/373 355/355/374
f 374/374/377 373/373/398 342/342/346
f 361/361/378 360/360/401 329/329/347
f 375/375/379 374/374/377 343/343/349
f 362/362/380 361/361/378 330/330/350
f 345/345/381 376/376/406 375/375/379
f 332/332/354 363/363/384 362/362/380
f 377/377/382 376/376/406 345/345/381
f 333/333/383 364/364/409 363/363/384
f 378/378/385 377/377/382 346/346/355
f 365/365/386 364/364/409 333/333/383
f 348/348/360 379/379/389 378/378/385
f 366/366/387 365/365/386 334/334/359
f 349/349/388 380/380/413 379/379/389
f 336/336/365 367/367/392 366/366/387
f 381/381/390 380/380/413 349/349/388
f 337/337/391 368/368/417 367/367/392
f 382/382/393 381/381/390 350/350/364
f 369/369/394 368/368/417 337/337/391
f 352/352/395 383/383/420 382/382/393
f 339/339/367 370/370/366 369/369/394
f 384/384/397 383/383/420 352/352/395
f 373/373/398 404/404/455 403/403/399
f 391/391/400 390/390/453 359/359/375
f 418/418/402 417/417/427 386/386/373
f 405/405/403 404/404/455 373/373/398
f 361/361/378 392/392/430 391/391/400
f 406/406/404 405/405/403 374/374/377
f 393/393/405 392/392/430 361/361/378
f 376/376/406 407/407/408 406/406/404
f 394/394/407 393/393/405 362/362/380
f 377/377/382 408/408/432 407/407/408
f 364/364/409 395/395/433 394/394/407
f 409/409/410 408/408/432 377/377/382
f 396/396/411 395/395/433 364/364/409
f 410/410/412 409/409/410 378/378/385
f 366/366/387 397/397/414 396/396/411
f 380/380/413 411/411/439 410/410/412
f 367/367/392 398/398/440 397/397/414
f 412/412/415 411/411/439 380/380/413
f 399/399/416 398/398/440 367/367/392
f 382/382/393 413/413/443 412/412/415
f 400/400/418 399/399/416 368/368/417
f 414/414/419 413/413/443 382/382/393
f 370/370/366 401/401/424 400/400/418
f 415/415/422 414/414/419 383/383/420
f 371/371/423 402/402/448 401/401/424
f 389/389/425 388/388/421 357/357/396
f 416/416/426 415/415/422 384/384/397
f 403/403/399 402/402/448 371/371/423
f 359/359/375 390/390/453 389/389/425
f 417/417/427 416/416/426 385/385/369
f 437/437/428 436/436/457 405/405/403
f 424/424/429 423/423/458 392/392/430
f 407/407/408 438/438/460 437/437/428
f 394/394/407 425/425/434 424/424/429
f 439/439/431 438/438/460 407/407/408
f 395/395/433 426/426/461 425/425/434
f 440/440/435 439/439/431 408/408/432
f 427/427/436 426/426/461 395/395/433
f 441/441/437 440/440/435 409/409/410
f 428/428/438 427/427/436 396/396/411
f 411/411/439 442/442/466 441/441/437
f 398/398/440 429/429/468 428/428/438
f 443/443/441 442/442/466 411/411/439
f 430/430/442 429/429/468 398/398/440
f 413/413/443 444/444/472 443/443/441
f 431/431/444 430/430/442 399/399/416
f 445/445/445 444/444/472 413/413/443
f 401/401/424 432/432/449 431/431/444
f 446/446/447 445/445/445 414/414/419
f 402/402/448 433/433/477 432/432/449
f 389/389/425 420/420/480 419/419/446
f 447/447/450 446/446/447 415/415/422
f 434/434/451 433/433/477 402/402/448
f 421/421/452 420/420/480 389/389/425
f 448/448/454 447/447/450 416/416/426
f 404/404/455 435/435/484 434/434/451
f 391/391/400 422/422/485 421/421/452
f 449/449/456 448/448/454 417/417/427
f 436/436/457 435/435/484 404/404/455
f 423/423/458 422/422/485 391/391/400
f 470/470/459 469/469/516 438/438/460
f 426/426/461 457/457/519 456/456/462
f 471/471/463 470/470/459 439/439/431
f 458/458/464 457/457/519 426/426/461
f 441/441/437 472/472/467 471/471/463
f 459/459/465 458/458/464 427/427/436
f 442/442/466 473/473/494 472/472/467
f 429/429/468 460/460/470 459/459/465
f 474/474/469 473/473/494 442/442/466
f 430/430/442 461/461/498 460/460/470
f 475/475/471 474/474/469 443/443/441
f 462/462/473 461/461/498 430/430/442
f 476/476/474 475/475/471 444/444/472
f 432/432/449 463/463/478 462/462/473
f 477/477/476 476/476/474 445/445/445
f 433/433/477 464/464/503 463/463/478
f 451/451/479 450/450/475 419/419/446
f 478/478/481 477/477/476 446/446/447
f 465/465/482 464/464/503 433/433/477
f 452/452/483 451/451/479 420/420/480
f 448/448/454 479/479/486 478/478/481
f 435/435/484 466/466/509 465/465/482
f 422/422/485 453/453/511 452/452/483
f 449/449/456 480/480/489 479/479/486
f 467/467/487 466/466/509 435/435/484
f 454/454/488 453/453/511 422/422/485
f 468/468/490 467/467/487 436/436/457
f 455/455/491 454/454/488 423/423/458
f 438/438/460 469/469/516 468/468/490
f 425/425/434 456/456/462 455/455/491
f 472/472/467 503/503/495 502/502/492
f 490/490/493 489/489/520 458/458/464
f 473/473/494 504/504/522 503/503/495
f 460/460/470 491/491/524 490/490/493
f 505/505/496 504/504/522 473/473/494
f 492/492/497 491/491/524 460/460/470
f 506/506/499 505/505/496 474/474/469
f 493/493/500 492/492/497 461/461/498
f 476/476/474 507/507/526 506/506/499
f 463/463/478 494/494/504 493/493/500
f 508/508/502 507/507/526 476/476/474
f 464/464/503 495/495/530 494/494/504
f 482/482/505 481/481/501 450/450/475
f 478/478/481 509/509/508 508/508/502
f 496/496/506 495/495/530 464/464/503
f 483/483/507 482/482/505 451/451/479
f 479/479/486 510/510/535 509/509/508
f 466/466/509 497/497/536 496/496/506
f 484/484/510 483/483/507 452/452/483
f 511/511/512 510/510/535 479/479/486
f 498/498/513 497/497/536 466/466/509
f 454/454/488 485/485/540 484/484/510
f 499/499/514 498/498/513 467/467/487
f 486/486/515 485/485/540 454/454/488
f 469/469/516 500/500/543 499/499/514
f 487/487/517 486/486/515 455/455/491
f 501/501/518 500/500/543 469/469/516
f 457/457/519 488/488/546 487/487/517
f 502/502/492 501/501/518 470/470/459
f 489/489/520 488/488/546 457/457/519
f 536/536/521 535/535/579 504/504/522
f 492/492/497 523/523/583 522/522/523
f 506/506/499 537/537/527 536/536/521
f 524/524/525 523/523/583 492/492/497
f 507/507/526 538/538/551 537/537/527
f 494/494/504 525/525/531 524/524/525
f 539/539/529 538/538/551 507/507/526
f 495/495/530 526/526/556 525/525/531
f 513/513/532 512/512/528 481/481/501
f 509/509/508 540/540/559 539/539/529
f 527/527/533 526/526/556 495/495/530
f 483/483/507 514/514/562 513/513/532
f 541/541/534 540/540/559 509/509/508
f 497/497/536 528/528/564 527/527/533
f 515/515/537 514/514/562 483/483/507
f 542/542/538 541/541/534 510/510/535
f 529/529/539 528/528/564 497/497/536
f 485/485/540 516/516/569 515/515/537
f 530/530/541 529/529/539 498/498/513
f 517/517/542 516/516/569 485/485/540
f 500/500/543 531/531/572 530/530/541
f 518/518/544 517/517/542 486/486/515
f 532/532/545 531/531/572 500/500/543
f 488/488/546 519/519/575 518/518/544
f 533/533/547 532/532/545 501/501/518
f 520/520/548 519/519/575 488/488/546
f 503/503/495 534/534/550 533/533/547
f 521/521/549 520/520/548 489/489/520
f 504/504/522 535/535/579 534/534/550
f 491/491/524 522/522/523 521/521/549
f 538/538/551 569/569/555 568/568/552
f 525/525/531 556/556/557 555/555/553
f 539/539/529 570/570/560 569/569/555
f 526/526/556 557/557/588 556/556/557
f 544/544/558 543/543/554 512/512/528
f 540/540/559 571/571/585 570/570/560
f 558/558/561 557/557/588 526/526/556
f 514/514/562 545/545/590 544/544/558
f 572/572/563 571/571/585 540/540/559
f 528/528/564 559/559/592 558/558/561
f 546/546/565 545/545/590 514/514/562
f 573/573/566 572/572/563 541/541/534
f 560/560/567 559/559/592 528/528/564
f 547/547/568 546/546/565 515/515/537
f 561/561/570 560/560/567 529/529/539
f 548/548/571 547/547/568 516/516/569
f 531/531/572 562/562/599 561/561/570
f 549/549/573 548/548/571 517/517/542
f 563/563/574 562/562/599 531/531/572
f 519/519/575 550/550/601 549/549/573
f 564/564/576 563/563/574 532/532/545
f 551/551/577 550/550/601 519/519/575
f 534/534/550 565/565/580 564/564/576
f 552/552/578 551/551/577 520/520/548
f 535/535/579 566/566/607 565/565/580
f 522/522/523 553/553/608 552/552/578
f 567/567/581 566/566/607 535/535/579
f 554/554/582 553/553/608 522/522/523
f 537/537/527 568/568/552 567/567/581
f 555/555/553 554/554/582 523/523/583
f 575/575/584 574/574/614 543/543/554
f 571/571/585 602/602/641 601/601/586
f 589/589/587 588/588/638 557/557/588
f 576/576/589 575/575/584 544/544/558
f 603/603/591 602/602/641 571/571/585
f 559/559/592 590/590/619 589/589/587
f 577/577/593 576/576/589 545/545/590
f 604/604/594 603/603/591 572/572/563
f 591/591/595 590/590/619 559/559/592
f 578/578/596 577/577/593 546/546/565
f 592/592/597 591/591/595 560/560/567
f 579/579/598 578/578/596 547/547/568
f 562/562/599 593/593/600 592/592/597
f 549/549/573 580/580/602 579/579/598
f 563/563/574 594/594/622 593/593/600
f 550/550/601 581/581/624 580/580/602
f 595/595/603 594/594/622 563/563/574
f 582/582/604 581/581/624 550/550/601
f 596/596/605 595/595/603 564/564/576
f 583/583/606 582/582/604 551/551/577
f 566/566/607 597/597/629 596/596/605
f 553/553/608 584/584/631 583/583/606
f 598/598/609 597/597/629 566/566/607
f 585/585/610 584/584/631 553/553/608
f 599/599/611 598/598/609 567/567/581
f 586/586/612 585/585/610 554/554/582
f 600/600/613 599/599/611 568/568/552
f 556/556/557 587/587/615 586/586/612
f 570/570/560 601/601/586 600/600/613
f 557/557/588 588/588/638 587/587/615
f 608/608/616 607/607/643 576/576/589
f 635/635/617 634/634/644 603/603/591
f 622/622/618 621/621/672 590/590/619
f 578/578/596 609/609/646 608/608/616
f 623/623/620 622/622/618 591/591/595
f 610/610/621 609/609/646 578/578/596
f 593/593/600 624/624/623 623/623/620
f 580/580/602 611/611/625 610/610/621
f 594/594/622 625/625/648 624/624/623
f 581/581/624 612/612/650 611/611/625
f 626/626/626 625/625/648 594/594/622
f 613/613/627 612/612/650 581/581/624
f 596/596/605 627/627/630 626/626/626
f 614/614/628 613/613/627 582/582/604
f 597/597/629 628/628/656 627/627/630
f 584/584/631 615/615/657 614/614/628
f 629/629/632 628/628/656 597/597/629
f 616/616/633 615/615/657 584/584/631
f 630/630/634 629/629/632 598/598/609
f 617/617/635 616/616/633 585/585/610
f 600/600/613 631/631/662 630/630/634
f 587/587/615 618/618/639 617/617/635
f 632/632/637 631/631/662 600/600/613
f 588/588/638 619/619/666 618/618/639
f 606/606/640 605/605/636 574/574/614
f 602/602/641 633/633/668 632/632/637
f 620/620/642 619/619/666 588/588/638
f 607/607/643 606/606/640 575/575/584
f 634/634/644 633/633/668 602/602/641
f 590/590/619 621/621/672 620/620/642
f 641/641/645 640/640/703 609/609/646
f 624/624/623 655/655/649 654/654/647
f 611/611/625 642/642/651 641/641/645
f 625/625/648 656/656/679 655/655/649
f 612/612/650 643/643/676 642/642/651
f 657/657/652 656/656/679 625/625/648
f 644/644/653 643/643/676 612/612/650
f 658/658/654 657/657/652 626/626/626
f 645/645/655 644/644/653 613/613/627
f 628/628/656 659/659/682 658/658/654
f 615/615/657 646/646/683 645/645/655
f 660/660/658 659/659/682 628/628/656
f 647/647/659 646/646/683 615/615/657
f 661/661/660 660/660/658 629/629/632
f 648/648/661 647/647/659 616/616/633
f 631/631/662 662/662/689 661/661/660
f 649/649/663 648/648/661 617/617/635
f 663/663/665 662/662/689 631/631/662
f 619/619/666 650/650/692 649/649/663
f 637/637/667 636/636/664 605/605/636
f 633/633/668 664/664/696 663/663/665
f 651/651/669 650/650/692 619/619/666
f 638/638/670 637/637/667 606/606/640
f 665/665/671 664/664/696 633/633/668
f 621/621/672 652/652/699 651/651/669
f 639/639/673 638/638/670 607/607/643
f 635/635/617 666/666/675 665/665/671
f 653/653/674 652/652/699 621/621/672
f 609/609/646 640/640/703 639/639/673
f 654/654/647 653/653/674 622/622/618
f 643/643/676 674/674/735 673/673/677
f 688/688/678 687/687/734 656/656/679
f 675/675/680 674/674/735 643/643/676
f 689/689/681 688/688/678 657/657/652
f 645/645/655 676/676/684 675/675/680
f 659/659/682 690/690/709 689/689/681
f 646/646/683 677/677/711 676/676/684
f 691/691/685 690/690/709 659/659/682
f 678/678/686 677/677/711 646/646/683
f 692/692/687 691/691/685 660/660/658
f 679/679/688 678/678/686 647/647/659
f 662/662/689 693/693/691 692/692/687
f 649/649/663 680/680/693 679/679/688
f 663/663/665 694/694/718 693/693/691
f 650/650/692 681/681/719 680/680/693
f 668/668/694 667/667/690 636/636/664
f 695/695/695 694/694/718 663/663/665
f 682/682/697 681/681/719 650/650/692
f 638/638/670 669/669/723 668/668/694
f 696/696/698 695/695/695 664/664/696
f 652/652/699 683/683/726 682/682/697
f 670/670/700 669/669/723 638/638/670
f 666/666/675 697/697/704 696/696/698
f 684/684/701 683/683/726 652/652/699
f 671/671/702 670/670/700 639/639/673
f 685/685/705 684/684/701 653/653/674
f 672/672/706 671/671/702 640/640/703
f 655/655/649 686/686/707 685/685/705
f 642/642/651 673/673/677 672/672/706
f 656/656/679 687/687/734 686/686/707
f 707/707/708 706/706/738 675/675/680
f 690/690/709 721/721/769 720/720/710
f 677/677/711 708/708/713 707/707/708
f 722/722/712 721/721/769 690/690/709
f 678/678/686 709/709/739 708/708/713
f 723/723/714 722/722/712 691/691/685
f 710/710/715 709/709/739 678/678/686
f 693/693/691 724/724/743 723/723/714
f 680/680/693 711/711/720 710/710/715
f 725/725/717 724/724/743 693/693/691
f 681/681/719 712/712/747 711/711/720
f 699/699/721 698/698/716 667/667/690
f 695/695/695 726/726/750 725/725/717
f 713/713/722 712/712/747 681/681/719
f 669/669/723 700/700/753 699/699/721
f 727/727/724 726/726/750 695/695/695
f 714/714/725 713/713/722 682/682/697
f 701/701/727 700/700/753 669/669/723
f 697/697/704 728/728/730 727/727/724
f 715/715/728 714/714/725 683/683/726
f 702/702/729 701/701/727 670/670/700
f 716/716/731 715/715/728 684/684/701
f 703/703/732 702/702/729 671/671/702
f 686/686/707 717/717/761 716/716/731
f 673/673/677 704/704/736 703/703/732
f 718/718/733 717/717/761 686/686/707
f 674/674/735 705/705/764 704/704/736
f 719/719/737 718/718/733 687/687/734
f 706/706/738 705/705/764 674/674/735
f 720/720/710 719/719/737 688/688/678
f 709/709/739 740/740/798 739/739/740
f 754/754/741 753/753/771 722/722/712
f 741/741/742 740/740/798 709/709/739
f 724/724/743 755/755/775 754/754/741
f 742/742/744 741/741/742 710/710/715
f 756/756/746 755/755/775 724/724/743
f 712/712/747 743/743/751 742/742/744
f 730/730/748 729/729/745 698/698/716
f 757/757/749 756/756/746 725/725/717
f 713/713/722 744/744/777 743/743/751
f 731/731/752 730/730/748 699/699/721
f 758/758/754 757/757/749 726/726/750
f 745/745/755 744/744/777 713/713/722
f 732/732/756 731/731/752 700/700/753
f 728/728/730 759/759/759 758/758/754
f 746/746/757 745/745/755 714/714/725
f 733/733/758 732/732/756 701/701/727
f 716/716/731 747/747/762 746/746/757
f 734/734/760 733/733/758 702/702/729
f 717/717/761 748/748/787 747/747/762
f 704/704/736 735/735/765 734/734/760
f 749/749/763 748/748/787 717/717/761
f 705/705/764 736/736/790 735/735/765
f 750/750/766 749/749/763 718/718/733
f 737/737/767 736/736/790 705/705/764
f 751/751/768 750/750/766 719/719/737
f 707/707/708 738/738/770 737/737/767
f 721/721/769 752/752/795 751/751/768
f 708/708/713 739/739/740 738/738/770
f 753/753/771 752/752/795 721/721/769
f 773/773/772 772/772/801 741/741/742
f 787/787/774 786/786/828 755/755/775
f 743/743/751 774/774/778 773/773/772
f 761/761/776 760/760/773 729/729/745
f 757/757/749 788/788/806 787/787/774
f 744/744/777 775/775/802 774/774/778
f 762/762/779 761/761/776 730/730/748
f 789/789/780 788/788/806 757/757/749
f 776/776/781 775/775/802 744/744/777
f 763/763/782 762/762/779 731/731/752
f 790/790/783 789/789/780 758/758/754
f 777/777/784 776/776/781 745/745/755
f 764/764/785 763/763/782 732/732/756
f 747/747/762 778/778/788 777/777/784
f 765/765/786 764/764/785 733/733/758
f 748/748/787 779/779/814 778/778/788
f 735/735/765 766/766/791 765/765/786
f 780/780/789 779/779/814 748/748/787
f 736/736/790 767/767/817 766/766/791
f 781/781/792 780/780/789 749/749/763
f 768/768/793 767/767/817 736/736/790
f 782/782/794 781/781/792 750/750/766
f 738/738/770 769/769/796 768/768/793
f 752/752/795 783/783/822 782/782/794
f 739/739/740 770/770/799 769/769/796
f 784/784/797 783/783/822 752/752/795
f 740/740/798 771/771/824 770/770/799
f 785/785/800 784/784/797 753/753/771
f 772/772/801 771/771/824 740/740/798
f 755/755/775 786/786/828 785/785/800
f 775/775/802 806/806/843 805/805/803
f 762/762/779 793/793/808 792/792/804
f 820/820/805 819/819/832 788/788/806
f 807/807/807 806/806/843 775/775/802
f 763/763/782 794/794/849 793/793/808
f 790/790/783 821/821/811 820/820/805
f 808/808/809 807/807/807 776/776/781
f 795/795/810 794/794/849 763/763/782
f 809/809/812 808/808/809 777/777/784
f 796/796/813 795/795/810 764/764/785
f 779/779/814 810/810/854 809/809/812
f 797/797/815 796/796/813 765/765/786
f 811/811/816 810/810/854 779/779/814
f 767/767/817 798/798/857 797/797/815
f 812/812/818 811/811/816 780/780/789
f 799/799/819 798/798/857 767/767/817
f 813/813/820 812/812/818 781/781/792
f 800/800/821 799/799/819 768/768/793
f 783/783/822 814/814/862 813/813/820
f 770/770/799 801/801/825 800/800/821
f 815/815/823 814/814/862 783/783/822
f 771/771/824 802/802/833 801/801/825
f 816/816/826 815/815/823 784/784/797
f 803/803/827 802/802/833 771/771/824
f 786/786/828 817/817/831 816/816/826
f 804/804/829 803/803/827 772/772/801
f 787/787/774 818/818/840 817/817/831
f 774/774/778 805/805/803 804/804/829
f 792/792/804 791/791/830 760/760/773
f 819/819/832 818/818/840 787/787/774
f 802/802/833 833/833/891 832/832/834
f 847/847/835 846/846/864 815/815/823
f 834/834/836 833/833/891 802/802/833
f 817/817/831 848/848/868 847/847/835
f 835/835/837 834/834/836 803/803/827
f 849/849/839 848/848/868 817/817/831
f 805/805/803 836/836/844 835/835/837
f 823/823/841 822/822/838 791/791/830
f 850/850/842 849/849/839 818/818/840
f 806/806/843 837/837/872 836/836/844
f 824/824/845 823/823/841 792/792/804
f 851/851/846 850/850/842 819/819/832
f 838/838/847 837/837/872 806/806/843
f 825/825/848 824/824/845 793/793/808
f 821/821/811 852/852/852 851/851/846
f 839/839/850 838/838/847 807/807/807
f 826/826/851 825/825/848 794/794/849
f 809/809/812 840/840/855 839/839/850
f 827/827/853 826/826/851 795/795/810
f 810/810/854 841/841/880 840/840/855
f 797/797/815 828/828/858 827/827/853
f 842/842/856 841/841/880 810/810/854
f 798/798/857 829/829/884 828/828/858
f 843/843/859 842/842/856 811/811/816
f 830/830/860 829/829/884 798/798/857
f 813/813/820 844/844/863 843/843/859
f 831/831/861 830/830/860 799/799/819
f 814/814/862 845/845/889 844/844/863
f 801/801/825 832/832/834 831/831/861
f 846/846/864 845/845/889 814/814/862
f 866/866/865 865/865/894 834/834/836
f 880/880/867 879/879/920 848/848/868
f 836/836/844 867/867/896 866/866/865
f 854/854/869 853/853/866 822/822/838
f 881/881/870 880/880/867 849/849/839
f 868/868/871 867/867/896 836/836/844
f 824/824/845 855/855/875 854/854/869
f 882/882/873 881/881/870 850/850/842
f 869/869/874 868/868/871 837/837/872
f 825/825/848 856/856/901 855/855/875
f 852/852/852 883/883/878 882/882/873
f 870/870/876 869/869/874 838/838/847
f 857/857/877 856/856/901 825/825/848
f 840/840/855 871/871/881 870/870/876
f 858/858/879 857/857/877 826/826/851
f 841/841/880 872/872/906 871/871/881
f 859/859/882 858/858/879 827/827/853
f 873/873/883 872/872/906 841/841/880
f 829/829/884 860/860/910 859/859/882
f 874/874/885 873/873/883 842/842/856
f 861/861/886 860/860/910 829/829/884
f 875/875/887 874/874/885 843/843/859
f 862/862/888 861/861/886 830/830/860
f 845/845/889 876/876/914 875/875/887
f 832/832/834 863/863/892 862/862/888
f 877/877/890 876/876/914 845/845/889
f 833/833/891 864/864/917 863/863/892
f 878/878/893 877/877/890 846/846/864
f 865/865/894 864/864/917 833/833/891
f 848/848/868 879/879/920 878/878/893
f 868/868/871 899/899/951 898/898/895
f 855/855/875 886/886/953 885/885/897
f 913/913/898 912/912/950 881/881/870
f 900/900/899 899/899/951 868/868/871
f 887/887/900 886/886/953 855/855/875
f 914/914/902 913/913/898 882/882/873
f 901/901/903 900/900/899 869/869/874
f 888/888/904 887/887/900 856/856/901
f 871/871/881 902/902/907 901/901/903
f 889/889/905 888/888/904 857/857/877
f 872/872/906 903/903/929 902/902/907
f 890/890/908 889/889/905 858/858/879
f 904/904/909 903/903/929 872/872/906
f 860/860/910 891/891/933 890/890/908
f 905/905/911 904/904/909 873/873/883
f 892/892/912 891/891/933 860/860/910
f 875/875/887 906/906/915 905/905/911
f 893/893/913 892/892/912 861/861/886
f 876/876/914 907/907/937 906/906/915
f 863/863/892 894/894/918 893/893/913
f 908/908/916 907/907/937 876/876/914
f 864/864/917 895/895/941 894/894/918
f 878/878/893 909/909/921 908/908/916
f 896/896/919 895/895/941 864/864/917
f 879/879/920 910/910/944 909/909/921
f 897/897/922 896/896/919 865/865/894
f 911/911/924 910/910/944 879/879/920
f 867/867/896 898/898/895 897/897/922
f 885/885/897 884/884/923 853/853/866
f 881/881/870 912/912/950 911/911/924
f 932/932/925 931/931/955 900/900/899
f 919/919/926 918/918/956 887/887/900
f 902/902/907 933/933/930 932/932/925
f 920/920/928 919/919/926 888/888/904
f 903/903/929 934/934/957 933/933/930
f 921/921/931 920/920/928 889/889/905
f 935/935/932 934/934/957 903/903/929
f 891/891/933 922/922/961 921/921/931
f 936/936/934 935/935/932 904/904/909
f 923/923/935 922/922/961 891/891/933
f 906/906/915 937/937/938 936/936/934
f 924/924/936 923/923/935 892/892/912
f 907/907/937 938/938/965 937/937/938
f 894/894/918 925/925/967 924/924/936
f 939/939/939 938/938/965 907/907/937
f 926/926/940 925/925/967 894/894/918
f 940/940/942 939/939/939 908/908/916
f 927/927/943 926/926/940 895/895/941
f 910/910/944 941/941/972 940/940/942
f 928/928/945 927/927/943 896/896/919
f 942/942/947 941/941/972 910/910/944
f 898/898/895 929/929/952 928/928/945
f 916/916/948 915/915/946 884/884/923
f 943/943/949 942/942/947 911/911/924
f 899/899/951 930/930/978 929/929/952
f 886/886/953 917/917/981 916/916/948
f 944/944/954 943/943/949 912/912/950
f 931/931/955 930/930/978 899/899/951
f 918/918/956 917/917/981 886/886/953
f 945/945/927 944/944/954 913/913/898
f 934/934/957 965/965/960 964/964/958
f 952/952/959 951/951/987 920/920/928
f 935/935/932 966/966/989 965/965/960
f 922/922/961 953/953/991 952/952/959
f 967/967/962 966/966/989 935/935/932
f 954/954/963 953/953/991 922/922/961
f 937/937/938 968/968/966 967/967/962
f 955/955/964 954/954/963 923/923/935
f 938/938/965 969/969/993 968/968/966
f 925/925/967 956/956/995 955/955/964
f 970/970/968 969/969/993 938/938/965
f 957/957/969 956/956/995 925/925/967
f 971/971/970 970/970/968 939/939/939
f 958/958/971 957/957/969 926/926/940
f 941/941/972 972/972/1000 971/971/970
f 959/959/973 958/958/971 927/927/943
f 973/973/975 972/972/1000 941/941/972
f 929/929/952 960/960/979 959/959/973
f 947/947/976 946/946/974 915/915/946
f 974/974/977 973/973/975 942/942/947
f 930/930/978 961/961/1004 960/960/979
f 948/948/980 947/947/976 916/916/948
f 975/975/982 974/974/977 943/943/949
f 962/962/983 961/961/1004 930/930/978
f 918/918/956 949/949/1010 948/948/980
f 945/945/927 976/976/986 975/975/982
f 963/963/984 962/962/983 931/931/955
f 950/950/985 949/949/1010 918/918/956
f 933/933/930 964/964/958 963/963/984
f 951/951/987 950/950/985 919/919/926
f 998/998/988 997/997/1016 966/966/989
f 985/985/990 984/984/1045 953/953/991
f 968/968/966 999/999/994 998/998/988
f 986/986/992 985/985/990 954/954/963
f 969/969/993 1000/1000/1017 999/999/994
f 956/956/995 987/987/1019 986/986/992
f 1001/1001/996 1000/1000/1017 969/969/993
f 988/988/997 987/987/1019 956/956/995
f 1002/1002/998 1001/1001/996 970/970/968
f 989/989/999 988/988/997 957/957/969
f 972/972/1000 1003/1003/1024 1002/1002/998
f 990/990/1001 989/989/999 958/958/971
f 1004/1004/1003 1003/1003/1024 972/972/1000
f 960/960/979 991/991/1005 990/990/1001
f 947/947/976 978/978/1030 977/977/1002
f 974/974/977 1005/1005/1031 1004/1004/1003
f 961/961/1004 992/992/1032 991/991/1005
f 979/979/1006 978/978/1030 947/947/976
f 1006/1006/1007 1005/1005/1031 974/974/977
f 993/993/1008 992/992/1032 961/961/1004
f 980/980/1009 979/979/1006 948/948/980
f 1007/1007/1011 1006/1006/1007 975/975/982
f 994/994/1012 993/993/1008 962/962/983
f 950/950/985 981/981/1039 980/980/1009
f 964/964/958 995/995/1014 994/994/1012
f 982/982/1013 981/981/1039 950/950/985
f 965/965/960 996/996/1042 995/995/1014
f 983/983/1015 982/982/1013 951/951/987
f 997/997/1016 996/996/1042 965/965/960
f 953/953/991 984/984/1045 983/983/1015
f 1000/1000/1017 1031/1031/1076 1030/1030/1018
f 987/987/1019 1018/1018/1022 1017/1017/1020
f 1032/1032/1021 1031/1031/1076 1000/1000/1017
f 988/988/997 1019/1019/1023 1018/1018/1022
f 1002/1002/998 1033/1033/1025 1032/1032/1021
f 989/989/999 1020/1020/1050 1019/1019/1023
f 1003/1003/1024 1034/1034/1051 1033/1033/1025
f 1021/1021/1026 1020/1020/1050 989/989/999
f 1035/1035/1028 1034/1034/1051 1003/1003/1024
f 991/991/1005 1022/1022/1033 1021/1021/1026
f 1009/1009/1029 1008/1008/1027 977/977/1002
f 1005/1005/1031 1036/1036/1055 1035/1035/1028
f 992/992/1032 1023/1023/1056 1022/1022/1033
f 979/979/1006 1010/1010/1058 1009/1009/1029
f 1037/1037/1034 1036/1036/1055 1005/1005/1031
f 1024/1024/1035 1023/1023/1056 992/992/1032
f 1011/1011/1036 1010/1010/1058 979/979/1006
f 1038/1038/1037 1037/1037/1034 1006/1006/1007
f 1025/1025/1038 1024/1024/1035 993/993/1008
f 981/981/1039 1012/1012/1066 1011/1011/1036
f 995/995/1014 1026/1026/1067 1025/1025/1038
f 1013/1013/1040 1012/1012/1066 981/981/1039
f 1027/1027/1041 1026/1026/1067 995/995/1014
f 1014/1014/1043 1013/1013/1040 982/982/1013
f 1028/1028/1044 1027/1027/1041 996/996/1042
f 984/984/1045 1015/1015/1071 1014/1014/1043
f 1029/1029/1046 1028/1028/1044 997/997/1016
f 1016/1016/1047 1015/1015/1071 984/984/1045
f 999/999/994 1030/1030/1018 1029/1029/1046
f 1017/1017/1020 1016/1016/1047 985/985/990
f 1065/1128/1048 1064/1127/1078 1032/1032/1021
f 1052/1115/1049 1051/1114/1109 1019/1019/1023
f 1034/1034/1051 1066/1129/1082 1065/1128/1048
f 1053/1116/1052 1052/1115/1049 1020/1020/1050
f 1067/1130/1054 1066/1129/1082 1034/1034/1051
f 1022/1022/1033 1054/1117/1057 1053/1116/1052
f 1009/1009/1029 1041/1104/1059 1040/1103/1053
f 1036/1036/1055 1068/1131/1085 1067/1130/1054
f 1023/1023/1056 1055/1118/1087 1054/1117/1057
f 1010/1010/1058 1042/1105/1090 1041/1104/1059
f 1069/1132/1060 1068/1131/1085 1036/1036/1055
f 1056/1119/1061 1055/1118/1087 1023/1023/1056
f 1043/1106/1062 1042/1105/1090 1010/1010/1058
f 1070/1133/1063 1069/1132/1060 1037/1037/1034
f 1057/1120/1064 1056/1119/1061 1024/1024/1035
f 1044/1107/1065 1043/1106/1062 1011/1011/1036
f 1026/1026/1067 1058/1121/1069 1057/1120/1064
f 1045/1108/1068 1044/1107/1065 1012/1012/1066
f 1027/1027/1041 1059/1122/1099 1058/1121/1069
f 1014/1014/1043 1046/1109/1072 1045/1108/1068
f 1060/1123/1070 1059/1122/1099 1027/1027/1041
f 1015/1015/1071 1047/1110/1102 1046/1109/1072
f 1061/1124/1073 1060/1123/1070 1028/1028/1044
f 1048/1111/1074 1047/1110/1102 1015/1015/1071
f 1062/1125/1075 1061/1124/1073 1029/1029/1046
f 1017/1017/1020 1049/1112/1077 1048/1111/1074
f 1031/1031/1076 1063/1126/1106 1062/1125/1075
f 1018/1018/1022 1050/1113/1079 1049/1112/1077
f 1064/1127/1078 1063/1126/1106 1031/1031/1076
f 1019/1019/1023 1051/1114/1109 1050/1113/1079
f 1067/1130/1054 1098/1161/1086 1097/1160/1081
f 1054/1117/1057 1085/1148/1088 1084/1147/1083
f 1072/1135/1084 1071/1134/1080 1040/1103/1053
f 1068/1131/1085 1099/1162/1115 1098/1161/1086
f 1055/1118/1087 1086/1149/1117 1085/1148/1088
f 1073/1136/1089 1072/1135/1084 1041/1104/1059
f 1100/1163/1091 1099/1162/1115 1068/1131/1085
f 1087/1150/1092 1086/1149/1117 1055/1118/1087
f 1074/1137/1093 1073/1136/1089 1042/1105/1090
f 1070/1133/1063 1101/1164/1096 1100/1163/1091
f 1088/1151/1094 1087/1150/1092 1056/1119/1061
f 1075/1138/1095 1074/1137/1093 1043/1106/1062
f 1058/1121/1069 1089/1152/1122 1088/1151/1094
f 1076/1139/1097 1075/1138/1095 1044/1107/1065
f 1090/1153/1098 1089/1152/1122 1058/1121/1069
f 1077/1140/1100 1076/1139/1097 1045/1108/1068
f 1091/1154/1101 1090/1153/1098 1059/1122/1099
f 1047/1110/1102 1078/1141/1125 1077/1140/1100
f 1092/1155/1103 1091/1154/1101 1060/1123/1070
f 1079/1142/1104 1078/1141/1125 1047/1110/1102
f 1062/1125/1075 1093/1156/1107 1092/1155/1103
f 1080/1143/1105 1079/1142/1104 1048/1111/1074
f 1063/1126/1106 1094/1157/1131 1093/1156/1107
f 1050/1113/1079 1081/1144/1110 1080/1143/1105
f 1095/1158/1108 1094/1157/1131 1063/1126/1106
f 1051/1114/1109 1082/1145/1112 1081/1144/1110
f 1096/1159/1111 1095/1158/1108 1064/1127/1078
f 1052/1115/1049 1083/1146/1134 1082/1145/1112
f 1066/1129/1082 1097/1160/1081 1096/1159/1111
f 1084/1147/1083 1083/1146/1134 1052/1115/1049
f 1104/1167/1113 1103/1166/1166 1072/1135/1084
f 1131/1194/1114 1130/1193/1139 1099/1162/1115
f 1118/1181/1116 1117/1180/1167 1086/1149/1117
f 1105/1168/1118 1104/1167/1113 1073/1136/1089
f 1132/1195/1119 1131/1194/1114 1100/1163/1091
f 1119/1182/1120 1118/1181/1116 1087/1150/1092
f 1106/1169/1121 1105/1168/1118 1074/1137/1093
f 1089/1152/1122 1120/1183/1143 1119/1182/1120
f 1107/1170/1123 1106/1169/1121 1075/1138/1095
f 1121/1184/1124 1120/1183/1143 1089/1152/1122
f 1077/1140/1100 1108/1171/1126 1107/1170/1123
f 1091/1154/1101 1122/1185/1148 1121/1184/1124
f 1078/1141/1125 1109/1172/1149 1108/1171/1126
f 1123/1186/1127 1122/1185/1148 1091/1154/1101
f 1110/1173/1128 1109/1172/1149 1078/1141/1125
f 1124/1187/1129 1123/1186/1127 1092/1155/1103
f 1111/1174/1130 1110/1173/1128 1079/1142/1104
f 1094/1157/1131 1125/1188/1154 1124/1187/1129
f 1081/1144/1110 1112/1175/1156 1111/1174/1130
f 1126/1189/1132 1125/1188/1154 1094/1157/1131
f 1113/1176/1133 1112/1175/1156 1081/1144/1110
f 1096/1159/1111 1127/1190/1135 1126/1189/1132
f 1083/1146/1134 1114/1177/1160 1113/1176/1133
f 1097/1160/1081 1128/1191/1161 1127/1190/1135
f 1115/1178/1136 1114/1177/1160 1083/1146/1134
f 1129/1192/1138 1128/1191/1161 1097/1160/1081
f 1085/1148/1088 1116/1179/1140 1115/1178/1136
f 1072/1135/1084 1103/1166/1166 1102/1165/1137
f 1130/1193/1139 1129/1192/1138 1098/1161/1086
f 1086/1149/1117 1117/1180/1167 1116/1179/1140
f 1106/1169/1121 1137/1200/1202 1136/1199/1141
f 1120/1183/1143 1151/1214/1203 1150/1213/1144
f 1138/1201/1145 1137/1200/1202 1106/1169/1121
f 1152/1215/1146 1151/1214/1203 1120/1183/1143
f 1108/1171/1126 1139/1202/1150 1138/1201/1145
f 1153/1216/1147 1152/1215/1146 1121/1184/1124
f 1109/1172/1149 1140/1203/1174 1139/1202/1150
f 1154/1217/1151 1153/1216/1147 1122/1185/1148
f 1141/1204/1152 1140/1203/1174 1109/1172/1149
f 1124/1187/1129 1155/1218/1155 1154/1217/1151
f 1142/1205/1153 1141/1204/1152 1110/1173/1128
f 1125/1188/1154 1156/1219/1179 1155/1218/1155
f 1112/1175/1156 1143/1206/1180 1142/1205/1153
f 1157/1220/1157 1156/1219/1179 1125/1188/1154
f 1144/1207/1158 1143/1206/1180 1112/1175/1156
f 1158/1221/1159 1157/1220/1157 1126/1189/1132
f 1114/1177/1160 1145/1208/1185 1144/1207/1158
f 1128/1191/1161 1159/1222/1186 1158/1221/1159
f 1146/1209/1162 1145/1208/1185 1114/1177/1160
f 1160/1223/1164 1159/1222/1186 1128/1191/1161
f 1116/1179/1140 1147/1210/1168 1146/1209/1162
f 1134/1197/1165 1133/1196/1163 1102/1165/1137
f 1130/1193/1139 1161/1224/1192 1160/1223/1164
f 1117/1180/1167 1148/1211/1193 1147/1210/1168
f 1135/1198/1169 1134/1197/1165 1103/1166/1166
f 1162/1225/1170 1161/1224/1192 1130/1193/1139
f 1149/1212/1171 1148/1211/1193 1117/1180/1167
f 1136/1199/1141 1135/1198/1169 1104/1167/1113
f 1132/1195/1119 1163/1226/1142 1162/1225/1170
f 1150/1213/1144 1149/1212/1171 1118/1181/1116
f 1139/1202/1150 1170/1233/1175 1169/1232/1172
f 1153/1216/1147 1184/1247/1233 1183/1246/1173
f 1140/1203/1174 1171/1234/1205 1170/1233/1175
f 1185/1248/1176 1184/1247/1233 1153/1216/1147
f 1172/1235/1177 1171/1234/1205 1140/1203/1174
f 1186/1249/1178 1185/1248/1176 1154/1217/1151
f 1142/1205/1153 1173/1236/1181 1172/1235/1177
f 1156/1219/1179 1187/1250/1208 1186/1249/1178
f 1143/1206/1180 1174/1237/1209 1173/1236/1181
f 1188/1251/1182 1187/1250/1208 1156/1219/1179
f 1175/1238/1183 1174/1237/1209 1143/1206/1180
f 1189/1252/1184 1188/1251/1182 1157/1220/1157
f 1145/1208/1185 1176/1239/1212 1175/1238/1183
f 1159/1222/1186 1190/1253/1214 1189/1252/1184
f 1177/1240/1187 1176/1239/1212 1145/1208/1185
f 1191/1254/1189 1190/1253/1214 1159/1222/1186
f 1147/1210/1168 1178/1241/1194 1177/1240/1187
f 1165/1228/1190 1164/1227/1188 1133/1196/1163
f 1192/1255/1191 1191/1254/1189 1160/1223/1164
f 1148/1211/1193 1179/1242/1220 1178/1241/1194
f 1166/1229/1195 1165/1228/1190 1134/1197/1165
f 1193/1256/1196 1192/1255/1191 1161/1224/1192
f 1180/1243/1197 1179/1242/1220 1148/1211/1193
f 1167/1230/1198 1166/1229/1195 1135/1198/1169
f 1194/1257/1199 1193/1256/1196 1162/1225/1170
f 1181/1244/1200 1180/1243/1197 1149/1212/1171
f 1168/1231/1201 1167/1230/1198 1136/1199/1141
f 1151/1214/1203 1182/1245/1228 1181/1244/1200
f 1169/1232/1172 1168/1231/1201 1137/1200/1202
f 1183/1246/1173 1182/1245/1228 1151/1214/1203
f 1203/1266/1204 1202/1265/1263 1171/1234/1205
f 1217/1280/1206 1216/1279/1234 1185/1248/1176
f 1204/1267/1207 1203/1266/1204 1172/1235/1177
f 1187/1250/1208 1218/1281/1237 1217/1280/1206
f 1174/1237/1209 1205/1268/1211 1204/1267/1207
f 1219/1282/1210 1218/1281/1237 1187/1250/1208
f 1175/1238/1183 1206/1269/1213 1205/1268/1211
f 1189/1252/1184 1220/1283/1215 1219/1282/1210
f 1176/1239/1212 1207/1270/1240 1206/1269/1213
f 1190/1253/1214 1221/1284/1242 1220/1283/1215
f 1208/1271/1216 1207/1270/1240 1176/1239/1212
f 1222/1285/1218 1221/1284/1242 1190/1253/1214
f 1178/1241/1194 1209/1272/1221 1208/1271/1216
f 1196/1259/1219 1195/1258/1217 1164/1227/1188
f 1192/1255/1191 1223/1286/1247 1222/1285/1218
f 1179/1242/1220 1210/1273/1249 1209/1272/1221
f 1166/1229/1195 1197/1260/1251 1196/1259/1219
f 1224/1287/1222 1223/1286/1247 1192/1255/1191
f 1211/1274/1223 1210/1273/1249 1179/1242/1220
f 1198/1261/1224 1197/1260/1251 1166/1229/1195
f 1194/1257/1199 1225/1288/1227 1224/1287/1222
f 1212/1275/1225 1211/1274/1223 1180/1243/1197
f 1199/1262/1226 1198/1261/1224 1167/1230/1198
f 1182/1245/1228 1213/1276/1258 1212/1275/1225
f 1200/1263/1229 1199/1262/1226 1168/1231/1201
f 1214/1277/1230 1213/1276/1258 1182/1245/1228
f 1201/1264/1231 1200/1263/1229 1169/1232/1172
f 1215/1278/1232 1214/1277/1230 1183/1246/1173
f 1171/1234/1205 1202/1265/1263 1201/1264/1231
f 1216/1279/1234 1215/1278/1232 1184/1247/1233
f 1205/1268/1211 1237/1363/1238 1236/1362/1235
f 1251/1377/1236 1250/1376/1293 1218/1281/1237
f 1206/1269/1213 1238/1364/1241 1237/1363/1238
f 1252/1378/1239 1251/1377/1236 1219/1282/1210
f 1207/1270/1240 1239/1365/1268 1238/1364/1241
f 1221/1284/1242 1253/1379/1245 1252/1378/1239
f 1240/1366/1243 1239/1365/1268 1207/1270/1240
f 1222/1285/1218 1254/1380/1248 1253/1379/1245
f 1209/1272/1221 1241/1367/1250 1240/1366/1243
f 1228/1354/1246 1227/1353/1244 1195/1258/1217
f 1223/1286/1247 1255/1381/1274 1254/1380/1248
f 1210/1273/1249 1242/1368/1275 1241/1367/1250
f 1197/1260/1251 1229/1355/1277 1228/1354/1246
f 1256/1382/1252 1255/1381/1274 1223/1286/1247
f 1243/1369/1253 1242/1368/1275 1210/1273/1249
f 1230/1356/1254 1229/1355/1277 1197/1260/1251
f 1225/1288/1227 1257/1383/1257 1256/1382/1252
f 1244/1370/1255 1243/1369/1253 1211/1274/1223
f 1231/1357/1256 1230/1356/1254 1198/1261/1224
f 1213/1276/1258 1245/1371/1284 1244/1370/1255
f 1232/1358/1259 1231/1357/1256 1199/1262/1226
f 1246/1372/1260 1245/1371/1284 1213/1276/1258
f 1233/1359/1261 1232/1358/1259 1200/1263/1229
f 1247/1373/1262 1246/1372/1260 1214/1277/1230
f 1202/1265/1263 1234/1360/1289 1233/1359/1261
f 1248/1374/1264 1247/1373/1262 1215/1278/1232
f 1235/1361/1265 1234/1360/1289 1202/1265/1263
f 1217/1280/1206 1249/1375/1266 1248/1374/1264
f 1236/1362/1235 1235/1361/1265 1203/1266/1204
f 1218/1281/1237 1250/1376/1293 1249/1375/1266
f 1270/1396/1267 1269/1395/1322 1238/1364/1241
f 1253/1379/1245 1284/1410/1325 1283/1409/1269
f 1271/1397/1270 1270/1396/1267 1239/1365/1268
f 1285/1411/1272 1284/1410/1325 1253/1379/1245
f 1241/1367/1250 1272/1398/1276 1271/1397/1270
f 1259/1385/1273 1258/1384/1271 1227/1353/1244
f 1255/1381/1274 1286/1412/1300 1285/1411/1272
f 1242/1368/1275 1273/1399/1301 1272/1398/1276
f 1229/1355/1277 1260/1386/1303 1259/1385/1273
f 1287/1413/1278 1286/1412/1300 1255/1381/1274
f 1274/1400/1279 1273/1399/1301 1242/1368/1275
f 1261/1387/1280 1260/1386/1303 1229/1355/1277
f 1257/1383/1257 1288/1414/1283 1287/1413/1278
f 1275/1401/1281 1274/1400/1279 1243/1369/1253
f 1262/1388/1282 1261/1387/1280 1230/1356/1254
f 1245/1371/1284 1276/1402/1286 1275/1401/1281
f 1263/1389/1285 1262/1388/1282 1231/1357/1256
f 1246/1372/1260 1277/1403/1312 1276/1402/1286
f 1264/1390/1287 1263/1389/1285 1232/1358/1259
f 1278/1404/1288 1277/1403/1312 1246/1372/1260
f 1234/1360/1289 1265/1391/1315 1264/1390/1287
f 1279/1405/1290 1278/1404/1288 1247/1373/1262
f 1266/1392/1291 1265/1391/1315 1234/1360/1289
f 1280/1406/1292 1279/1405/1290 1248/1374/1264
f 1236/1362/1235 1267/1393/1294 1266/1392/1291
f 1250/1376/1293 1281/1407/1320 1280/1406/1292
f 1237/1363/1238 1268/1394/1296 1267/1393/1294
f 1282/1408/1295 1281/1407/1320 1250/1376/1293
f 1238/1364/1241 1269/1395/1322 1268/1394/1296
f 1252/1378/1239 1283/1409/1269 1282/1408/1295
f 1272/1398/1276 1303/1429/1302 1302/1428/1297
f 1290/1416/1298 1289/1415/1327 1258/1384/1271
f 1317/1443/1299 1316/1442/1328 1285/1411/1272
f 1273/1399/1301 1304/1430/1330 1303/1429/1302
f 1260/1386/1303 1291/1417/1332 1290/1416/1298
f 1318/1444/1304 1317/1443/1299 1286/1412/1300
f 1305/1431/1305 1304/1430/1330 1273/1399/1301
f 1292/1418/1306 1291/1417/1332 1260/1386/1303
f 1288/1414/1283 1319/1445/1309 1318/1444/1304
f 1306/1432/1307 1305/1431/1305 1274/1400/1279
f 1293/1419/1308 1292/1418/1306 1261/1387/1280
f 1276/1402/1286 1307/1433/1337 1306/1432/1307
f 1294/1420/1310 1293/1419/1308 1262/1388/1282
f 1308/1434/1311 1307/1433/1337 1276/1402/1286
f 1295/1421/1313 1294/1420/1310 1263/1389/1285
f 1309/1435/1314 1308/1434/1311 1277/1403/1312
f 1265/1391/1315 1296/1422/1342 1295/1421/1313
f 1310/1436/1316 1309/1435/1314 1278/1404/1288
f 1297/1423/1317 1296/1422/1342 1265/1391/1315
f 1311/1437/1318 1310/1436/1316 1279/1405/1290
f 1298/1424/1319 1297/1423/1317 1266/1392/1291
f 1281/1407/1320 1312/1438/1346 1311/1437/1318
f 1268/1394/1296 1299/1425/1323 1298/1424/1319
f 1313/1439/1321 1312/1438/1346 1281/1407/1320
f 1269/1395/1322 1300/1426/1324 1299/1425/1323
f 1283/1409/1269 1314/1440/1326 1313/1439/1321
f 1270/1396/1267 1301/1427/1352 1300/1426/1324
f 1284/1410/1325 1315/1441/1353 1314/1440/1326
f 1302/1428/1297 1301/1427/1352 1270/1396/1267
f 1316/1442/1328 1315/1441/1353 1284/1410/1325
f 1336/1462/1329 1335/1461/1383 1304/1430/1330
f 1323/1449/1331 1322/1448/1385 1291/1417/1332
f 1319/1445/1309 1350/1476/1336 1349/1475/1333
f 1337/1463/1334 1336/1462/1329 1305/1431/1305
f 1324/1450/1335 1323/1449/1331 1292/1418/1306
f 1307/1433/1337 1338/1464/1339 1337/1463/1334
f 1325/1451/1338 1324/1450/1335 1293/1419/1308
f 1308/1434/1311 1339/1465/1362 1338/1464/1339
f 1326/1452/1340 1325/1451/1338 1294/1420/1310
f 1340/1466/1341 1339/1465/1362 1308/1434/1311
f 1296/1422/1342 1327/1453/1365 1326/1452/1340
f 1341/1467/1343 1340/1466/1341 1309/1435/1314
f 1328/1454/1344 1327/1453/1365 1296/1422/1342
f 1342/1468/1345 1341/1467/1343 1310/1436/1316
f 1298/1424/1319 1329/1455/1347 1328/1454/1344
f 1312/1438/1346 1343/1469/1369 1342/1468/1345
f 1299/1425/1323 1330/1456/1349 1329/1455/1347
f 1344/1470/1348 1343/1469/1369 1312/1438/1346
f 1300/1426/1324 1331/1457/1372 1330/1456/1349
f 1345/1471/1350 1344/1470/1348 1313/1439/1321
f 1332/1458/1351 1331/1457/1372 1300/1426/1324
f 1315/1441/1353 1346/1472/1376 1345/1471/1350
f 1333/1459/1354 1332/1458/1351 1301/1427/1352
f 1347/1473/1356 1346/1472/1376 1315/1441/1353
f 1303/1429/1302 1334/1460/1358 1333/1459/1354
f 1321/1447/1357 1320/1446/1355 1289/1415/1327
f 1317/1443/1299 1348/1474/1382 1347/1473/1356
f 1304/1430/1330 1335/1461/1383 1334/1460/1358
f 1291/1417/1332 1322/1448/1385 1321/1447/1357
f 1349/1475/1333 1348/1474/1382 1317/1443/1299
f 1338/1464/1339 1369/1495/1419 1368/1494/1359
f 1356/1482/1360 1355/1481/1389 1324/1450/1335
f 1370/1496/1361 1369/1495/1419 1338/1464/1339
f 1357/1483/1363 1356/1482/1360 1325/1451/1338
f 1371/1497/1364 1370/1496/1361 1339/1465/1362
f 1327/1453/1365 1358/1484/1392 1357/1483/1363
f 1372/1498/1366 1371/1497/1364 1340/1466/1341
f 1359/1485/1367 1358/1484/1392 1327/1453/1365
f 1342/1468/1345 1373/1499/1370 1372/1498/1366
f 1360/1486/1368 1359/1485/1367 1328/1454/1344
f 1343/1469/1369 1374/1500/1397 1373/1499/1370
f 1330/1456/1349 1361/1487/1373 1360/1486/1368
f 1375/1501/1371 1374/1500/1397 1343/1469/1369
f 1331/1457/1372 1362/1488/1375 1361/1487/1373
f 1376/1502/1374 1375/1501/1371 1344/1470/1348
f 1332/1458/1351 1363/1489/1403 1362/1488/1375
f 1346/1472/1376 1377/1503/1404 1376/1502/1374
f 1364/1490/1377 1363/1489/1403 1332/1458/1351
f 1378/1504/1379 1377/1503/1404 1346/1472/1376
f 1334/1460/1358 1365/1491/1384 1364/1490/1377
f 1352/1478/1380 1351/1477/1378 1320/1446/1355
f 1379/1505/1381 1378/1504/1379 1347/1473/1356
f 1335/1461/1383 1366/1492/1409 1365/1491/1384
f 1322/1448/1385 1353/1479/1412 1352/1478/1380
f 1380/1506/1386 1379/1505/1381 1348/1474/1382
f 1367/1493/1387 1366/1492/1409 1335/1461/1383
f 1354/1480/1388 1353/1479/1412 1322/1448/1385
f 1350/1476/1336 1381/1507/1390 1380/1506/1386
f 1368/1494/1359 1367/1493/1387 1336/1462/1329
f 1355/1481/1389 1354/1480/1388 1323/1449/1331
f 1402/1528/1391 1401/1527/1446 1370/1496/1361
f 1358/1484/1392 1389/1515/1450 1388/1514/1393
f 1403/1529/1394 1402/1528/1391 1371/1497/1364
f 1390/1516/1395 1389/1515/1450 1358/1484/1392
f 1373/1499/1370 1404/1530/1398 1403/1529/1394
f 1391/1517/1396 1390/1516/1395 1359/1485/1367
f 1374/1500/1397 1405/1531/1424 1404/1530/1398
f 1361/1487/1373 1392/1518/1400 1391/1517/1396
f 1406/1532/1399 1405/1531/1424 1374/1500/1397
f 1362/1488/1375 1393/1519/1427 1392/1518/1400
f 1407/1533/1401 1406/1532/1399 1375/1501/1371
f 1394/1520/1402 1393/1519/1427 1362/1488/1375
f 1377/1503/1404 1408/1534/1430 1407/1533/1401
f 1395/1521/1405 1394/1520/1402 1363/1489/1403
f 1409/1535/1407 1408/1534/1430 1377/1503/1404
f 1365/1491/1384 1396/1522/1410 1395/1521/1405
f 1383/1509/1408 1382/1508/1406 1351/1477/1378
f 1379/1505/1381 1410/1536/1437 1409/1535/1407
f 1366/1492/1409 1397/1523/1438 1396/1522/1410
f 1384/1510/1411 1383/1509/1408 1352/1478/1380
f 1411/1537/1413 1410/1536/1437 1379/1505/1381
f 1398/1524/1414 1397/1523/1438 1366/1492/1409
f 1385/1511/1415 1384/1510/1411 1353/1479/1412
f 1412/1538/1416 1411/1537/1413 1380/1506/1386
f 1399/1525/1417 1398/1524/1414 1367/1493/1387
f 1386/1512/1418 1385/1511/1415 1354/1480/1388
f 1369/1495/1419 1400/1526/1421 1399/1525/1417
f 1387/1513/1420 1386/1512/1418 1355/1481/1389
f 1370/1496/1361 1401/1527/1446 1400/1526/1421
f 1357/1483/1363 1388/1514/1393 1387/1513/1420
f 1404/1530/1398 1435/1561/1425 1434/1560/1422
f 1422/1548/1423 1421/1547/1451 1390/1516/1395
f 1405/1531/1424 1436/1562/1453 1435/1561/1425
f 1392/1518/1400 1423/1549/1428 1422/1548/1423
f 1437/1563/1426 1436/1562/1453 1405/1531/1424
f 1393/1519/1427 1424/1550/1455 1423/1549/1428
f 1407/1533/1401 1438/1564/1431 1437/1563/1426
f 1425/1551/1429 1424/1550/1455 1393/1519/1427
f 1408/1534/1430 1439/1565/1456 1438/1564/1431
f 1426/1552/1432 1425/1551/1429 1394/1520/1402
f 1440/1566/1434 1439/1565/1456 1408/1534/1430
f 1396/1522/1410 1427/1553/1439 1426/1552/1432
f 1414/1540/1435 1413/1539/1433 1382/1508/1406
f 1441/1567/1436 1440/1566/1434 1409/1535/1407
f 1397/1523/1438 1428/1554/1463 1427/1553/1439
f 1384/1510/1411 1415/1541/1466 1414/1540/1435
f 1442/1568/1440 1441/1567/1436 1410/1536/1437
f 1429/1555/1441 1428/1554/1463 1397/1523/1438
f 1416/1542/1442 1415/1541/1466 1384/1510/1411
f 1443/1569/1443 1442/1568/1440 1411/1537/1413
f 1430/1556/1444 1429/1555/1441 1398/1524/1414
f 1386/1512/1418 1417/1543/1471 1416/1542/1442
f 1400/1526/1421 1431/1557/1447 1430/1556/1444
f 1418/1544/1445 1417/1543/1471 1386/1512/1418
f 1401/1527/1446 1432/1558/1475 1431/1557/1447
f 1419/1545/1448 1418/1544/1445 1387/1513/1420
f 1433/1559/1449 1432/1558/1475 1401/1527/1446
f 1389/1515/1450 1420/1546/1478 1419/1545/1448
f 1434/1560/1422 1433/1559/1449 1402/1528/1391
f 1421/1547/1451 1420/1546/1478 1389/1515/1450
f 1468/1594/1452 1467/1593/1509 1436/1562/1453
f 1455/1581/1454 1454/1580/1511 1423/1549/1428
f 1438/1564/1431 1469/1595/1457 1468/1594/1452
f 1425/1551/1429 1456/1582/1486 1455/1581/1454
f 1439/1565/1456 1470/1596/1483 1469/1595/1457
f 1457/1583/1458 1456/1582/1486 1425/1551/1429
f 1471/1597/1460 1470/1596/1483 1439/1565/1456
f 1427/1553/1439 1458/1584/1464 1457/1583/1458
f 1445/1571/1461 1444/1570/1459 1413/1539/1433
f 1472/1598/1462 1471/1597/1460 1440/1566/1434
f 1428/1554/1463 1459/1585/1490 1458/1584/1464
f 1446/1572/1465 1445/1571/1461 1414/1540/1435
f 1473/1599/1467 1472/1598/1462 1441/1567/1436
f 1460/1586/1468 1459/1585/1490 1428/1554/1463
f 1416/1542/1442 1447/1573/1496 1446/1572/1465
f 1443/1569/1443 1474/1600/1472 1473/1599/1467
f 1461/1587/1469 1460/1586/1468 1429/1555/1441
f 1448/1574/1470 1447/1573/1496 1416/1542/1442
f 1431/1557/1447 1462/1588/1500 1461/1587/1469
f 1449/1575/1473 1448/1574/1470 1417/1543/1471
f 1463/1589/1474 1462/1588/1500 1431/1557/1447
f 1450/1576/1476 1449/1575/1473 1418/1544/1445
f 1464/1590/1477 1463/1589/1474 1432/1558/1475
f 1420/1546/1478 1451/1577/1505 1450/1576/1476
f 1465/1591/1479 1464/1590/1477 1433/1559/1449
f 1452/1578/1480 1451/1577/1505 1420/1546/1478
f 1435/1561/1425 1466/1592/1482 1465/1591/1479
f 1453/1579/1481 1452/1578/1480 1421/1547/1451
f 1436/1562/1453 1467/1593/1509 1466/1592/1482
f 1423/1549/1428 1454/1580/1511 1453/1579/1481
f 1470/1596/1483 1501/1653/1540 1500/1651/1484
f 1488/1628/1485 1487/1625/1514 1456/1582/1486
f 1502/1655/1488 1501/1653/1540 1470/1596/1483
f 1458/1584/1464 1489/1629/1491 1488/1628/1485
f 1476/1604/1489 1475/1601/1487 1444/1570/1459
f 1472/1598/1462 1503/1657/1516 1502/1655/1488
f 1459/1585/1490 1490/1631/1517 1489/1629/1491
f 1477/1605/1492 1476/1604/1489 1445/1571/1461
f 1504/1660/1493 1503/1657/1516 1472/1598/1462
f 1491/1633/1494 1490/1631/1517 1459/1585/1490
f 1478/1607/1495 1477/1605/1492 1446/1572/1465
f 1474/1600/1472 1505/1661/1499 1504/1660/1493
f 1492/1636/1497 1491/1633/1494 1460/1586/1468
f 1479/1609/1498 1478/1607/1495 1447/1573/1496
f 1462/1588/1500 1493/1637/1502 1492/1636/1497
f 1480/1611/1501 1479/1609/1498 1448/1574/1470
f 1463/1589/1474 1494/1639/1528 1493/1637/1502
f 1481/1614/1503 1480/1611/1501 1449/1575/1473
f 1495/1641/1504 1494/1639/1528 1463/1589/1474
f 1451/1577/1505 1482/1615/1531 1481/1614/1503
f 1496/1644/1506 1495/1641/1504 1464/1590/1477
f 1483/1617/1507 1482/1615/1531 1451/1577/1505
f 1466/1592/1482 1497/1645/1510 1496/1644/1506
f 1484/1620/1508 1483/1617/1507 1452/1578/1480
f 1467/1593/1509 1498/1647/1535 1497/1645/1510
f 1454/1580/1511 1485/1621/1513 1484/1620/1508
f 1499/1650/1512 1498/1647/1535 1467/1593/1509
f 1455/1581/1454 1486/1624/1539 1485/1621/1513
f 1500/1651/1484 1499/1650/1512 1468/1594/1452
f 1487/1625/1514 1486/1624/1539 1455/1581/1454
f 1534/1691/1515 1533/1690/1544 1502/1656/1488
f 1490/1632/1517 1521/1678/1570 1520/1677/1518
f 1477/1606/1492 1508/1665/1573 1507/1664/1519
f 1535/1692/1520 1534/1691/1515 1503/1658/1516
f 1522/1679/1521 1521/1678/1570 1490/1632/1517
f 1509/1666/1522 1508/1665/1573 1477/1606/1492
f 1505/1662/1499 1536/1693/1525 1535/1692/1520
f 1523/1680/1523 1522/1679/1521 1491/1634/1494
f 1510/1667/1524 1509/1666/1522 1478/1608/1495
f 1493/1638/1502 1524/1681/1548 1523/1680/1523
f 1511/1668/1526 1510/1667/1524 1479/1610/1498
f 1525/1682/1527 1524/1681/1548 1493/1638/1502
f 1512/1669/1529 1511/1668/1526 1480/1612/1501
f 1526/1683/1530 1525/1682/1527 1494/1640/1528
f 1482/1616/1531 1513/1670/1553 1512/1669/1529
f 1527/1684/1532 1526/1683/1530 1495/1642/1504
f 1514/1671/1533 1513/1670/1553 1482/1616/1531
f 1497/1646/1510 1528/1685/1536 1527/1684/1532
f 1515/1672/1534 1514/1671/1533 1483/1618/1507
f 1498/1648/1535 1529/1686/1557 1528/1685/1536
f 1485/1622/1513 1516/1673/1559 1515/1672/1534
f 1530/1687/1537 1529/1686/1557 1498/1648/1535
f 1517/1674/1538 1516/1673/1559 1485/1622/1513
f 1500/1652/1484 1531/1688/1541 1530/1687/1537
f 1487/1626/1514 1518/1675/1563 1517/1674/1538
f 1501/1654/1540 1532/1689/1565 1531/1688/1541
f 1519/1676/1542 1518/1675/1563 1487/1626/1514
f 1533/1690/1544 1532/1689/1565 1501/1654/1540
f 1489/1630/1491 1520/1677/1518 1519/1676/1542
f 1507/1664/1519 1506/1663/1543 1475/1602/1487
f 1567/1724/1545 1566/1723/1574 1535/1692/1520
f 1554/1711/1546 1553/1710/1575 1522/1679/1521
f 1510/1667/1524 1541/1698/1606 1540/1697/1547
f 1524/1681/1548 1555/1712/1577 1554/1711/1546
f 1542/1699/1549 1541/1698/1606 1510/1667/1524
f 1556/1713/1550 1555/1712/1577 1524/1681/1548
f 1543/1700/1551 1542/1699/1549 1511/1668/1526
f 1557/1714/1552 1556/1713/1550 1525/1682/1527
f 1513/1670/1553 1544/1701/1580 1543/1700/1551
f 1558/1715/1554 1557/1714/1552 1526/1683/1530
f 1545/1702/1555 1544/1701/1580 1513/1670/1553
f 1528/1685/1536 1559/1716/1558 1558/1715/1554
f 1546/1703/1556 1545/1702/1555 1514/1671/1533
f 1529/1686/1557 1560/1717/1584 1559/1716/1558
f 1516/1673/1559 1547/1704/1561 1546/1703/1556
f 1561/1718/1560 1560/1717/1584 1529/1686/1557
f 1517/1674/1538 1548/1705/1564 1547/1704/1561
f 1562/1719/1562 1561/1718/1560 1530/1687/1537
f 1518/1675/1563 1549/1706/1588 1548/1705/1564
f 1532/1689/1565 1563/1720/1590 1562/1719/1562
f 1550/1707/1566 1549/1706/1588 1518/1675/1563
f 1564/1721/1568 1563/1720/1590 1532/1689/1565
f 1520/1677/1518 1551/1708/1571 1550/1707/1566
f 1538/1695/1569 1537/1694/1567 1506/1663/1543
f 1534/1691/1515 1565/1722/1596 1564/1721/1568
f 1521/1678/1570 1552/1709/1597 1551/1708/1571
f 1539/1696/1572 1538/1695/1569 1507/1664/1519
f 1566/1723/1574 1565/1722/1596 1534/1691/1515
f 1553/1710/1575 1552/1709/1597 1521/1678/1570
f 1540/1697/1547 1539/1696/1572 1508/1665/1573
f 1587/1744/1576 1586/1743/1626 1555/1712/1577
f 1574/1731/1578 1573/1730/1608 1542/1699/1549
f 1588/1745/1579 1587/1744/1576 1556/1713/1550
f 1544/1701/1580 1575/1732/1631 1574/1731/1578
f 1589/1746/1581 1588/1745/1579 1557/1714/1552
f 1576/1733/1582 1575/1732/1631 1544/1701/1580
f 1559/1716/1558 1590/1747/1585 1589/1746/1581
f 1577/1734/1583 1576/1733/1582 1545/1702/1555
f 1560/1717/1584 1591/1748/1635 1590/1747/1585
f 1547/1704/1561 1578/1735/1587 1577/1734/1583
f 1592/1749/1586 1591/1748/1635 1560/1717/1584
f 1548/1705/1564 1579/1736/1589 1578/1735/1587
f 1562/1719/1562 1593/1750/1591 1592/1749/1586
f 1549/1706/1588 1580/1737/1612 1579/1736/1589
f 1563/1720/1590 1594/1751/1609 1593/1750/1591
f 1581/1738/1592 1580/1737/1612 1549/1706/1588
f 1595/1752/1594 1594/1751/1609 1563/1720/1590
f 1551/1708/1571 1582/1739/1598 1581/1738/1592
f 1569/1726/1595 1568/1725/1593 1537/1694/1567
f 1565/1722/1596 1596/1753/1600 1595/1752/1594
f 1552/1709/1597 1583/1740/1617 1582/1739/1598
f 1570/1727/1599 1569/1726/1595 1538/1695/1569
f 1566/1723/1574 1597/1754/1603 1596/1753/1600
f 1584/1741/1601 1583/1740/1617 1552/1709/1597
f 1571/1728/1602 1570/1727/1599 1539/1696/1572
f 1567/1724/1545 1598/1755/1607 1597/1754/1603
f 1585/1742/1604 1584/1741/1601 1553/1710/1575
f 1572/1729/1605 1571/1728/1602 1540/1697/1547
f 1555/1712/1577 1586/1743/1626 1585/1742/1604
f 1573/1730/1608 1572/1729/1605 1541/1698/1606
f 1594/1751/1609 1625/1782/1614 1624/1781/1610
f 1612/1769/1611 1611/1768/1665 1580/1737/1612
f 1595/1752/1594 1626/1783/1616 1625/1782/1614
f 1582/1739/1598 1613/1770/1618 1612/1769/1611
f 1600/1757/1615 1599/1756/1613 1568/1725/1593
f 1596/1753/1600 1627/1784/1641 1626/1783/1616
f 1583/1740/1617 1614/1771/1642 1613/1770/1618
f 1601/1758/1619 1600/1757/1615 1569/1726/1595
f 1628/1785/1620 1627/1784/1641 1596/1753/1600
f 1615/1772/1621 1614/1771/1642 1583/1740/1617
f 1602/1759/1622 1601/1758/1619 1570/1727/1599
f 1629/1786/1623 1628/1785/1620 1597/1754/1603
f 1616/1773/1624 1615/1772/1621 1584/1741/1601
f 1603/1760/1625 1602/1759/1622 1571/1728/1602
f 1586/1743/1626 1617/1774/1650 1616/1773/1624
f 1604/1761/1627 1603/1760/1625 1572/1729/1605
f 1618/1775/1628 1617/1774/1650 1586/1743/1626
f 1605/1762/1629 1604/1761/1627 1573/1730/1608
f 1619/1776/1630 1618/1775/1628 1587/1744/1576
f 1575/1732/1631 1606/1763/1654 1605/1762/1629
f 1620/1777/1632 1619/1776/1630 1588/1745/1579
f 1607/1764/1633 1606/1763/1654 1575/1732/1631
f 1590/1747/1585 1621/1778/1636 1620/1777/1632
f 1608/1765/1634 1607/1764/1633 1576/1733/1582
f 1591/1748/1635 1622/1779/1659 1621/1778/1636
f 1578/1735/1587 1609/1766/1638 1608/1765/1634
f 1623/1780/1637 1622/1779/1659 1591/1748/1635
f 1579/1736/1589 1610/1767/1639 1609/1766/1638
f 1593/1750/1591 1624/1781/1610 1623/1780/1637
f 1580/1737/1612 1611/1768/1665 1610/1767/1639
f 1658/1815/1640 1657/1814/1668 1626/1783/1616
f 1614/1771/1642 1645/1802/1697 1644/1801/1643
f 1632/1789/1644 1631/1788/1695 1600/1757/1615
f 1659/1816/1645 1658/1815/1640 1627/1784/1641
f 1646/1803/1646 1645/1802/1697 1614/1771/1642
f 1602/1759/1622 1633/1790/1649 1632/1789/1644
f 1660/1817/1647 1659/1816/1645 1628/1785/1620
f 1647/1804/1648 1646/1803/1646 1615/1772/1621
f 1603/1760/1625 1634/1791/1671 1633/1790/1649
f 1617/1774/1650 1648/1805/1674 1647/1804/1648
f 1635/1792/1651 1634/1791/1671 1603/1760/1625
f 1649/1806/1652 1648/1805/1674 1617/1774/1650
f 1605/1762/1629 1636/1793/1655 1635/1792/1651
f 1650/1807/1653 1649/1806/1652 1618/1775/1628
f 1606/1763/1654 1637/1794/1679 1636/1793/1655
f 1651/1808/1656 1650/1807/1653 1619/1776/1630
f 1638/1795/1657 1637/1794/1679 1606/1763/1654
f 1621/1778/1636 1652/1809/1660 1651/1808/1656
f 1639/1796/1658 1638/1795/1657 1607/1764/1633
f 1622/1779/1659 1653/1810/1684 1652/1809/1660
f 1609/1766/1638 1640/1797/1662 1639/1796/1658
f 1654/1811/1661 1653/1810/1684 1622/1779/1659
f 1610/1767/1639 1641/1798/1686 1640/1797/1662
f 1655/1812/1663 1654/1811/1661 1623/1780/1637
f 1642/1799/1664 1641/1798/1686 1610/1767/1639
f 1625/1782/1614 1656/1813/1689 1655/1812/1663
f 1643/1800/1666 1642/1799/1664 1611/1768/1665
f 1657/1814/1668 1656/1813/1689 1625/1782/1614
f 1613/1770/1618 1644/1801/1643 1643/1800/1666
f 1600/1757/1615 1631/1788/1695 1630/1787/1667
f 1660/1817/1647 1691/1848/1673 1690/1847/1669
f 1678/1835/1670 1677/1834/1700 1646/1803/1646
f 1634/1791/1671 1665/1822/1729 1664/1821/1672
f 1648/1805/1674 1679/1836/1702 1678/1835/1670
f 1666/1823/1675 1665/1822/1729 1634/1791/1671
f 1680/1837/1676 1679/1836/1702 1648/1805/1674
f 1667/1824/1677 1666/1823/1675 1635/1792/1651
f 1681/1838/1678 1680/1837/1676 1649/1806/1652
f 1637/1794/1679 1668/1825/1705 1667/1824/1677
f 1682/1839/1680 1681/1838/1678 1650/1807/1653
f 1669/1826/1681 1668/1825/1705 1637/1794/1679
f 1683/1840/1682 1682/1839/1680 1651/1808/1656
f 1670/1827/1683 1669/1826/1681 1638/1795/1657
f 1653/1810/1684 1684/1841/1710 1683/1840/1682
f 1640/1797/1662 1671/1828/1687 1670/1827/1683
f 1685/1842/1685 1684/1841/1710 1653/1810/1684
f 1641/1798/1686 1672/1829/1688 1671/1828/1687
f 1655/1812/1663 1686/1843/1690 1685/1842/1685
f 1642/1799/1664 1673/1830/1715 1672/1829/1688
f 1656/1813/1689 1687/1844/1716 1686/1843/1690
f 1674/1831/1691 1673/1830/1715 1642/1799/1664
f 1688/1845/1693 1687/1844/1716 1656/1813/1689
f 1644/1801/1643 1675/1832/1698 1674/1831/1691
f 1662/1819/1694 1661/1818/1692 1630/1787/1667
f 1689/1846/1696 1688/1845/1693 1657/1814/1668
f 1645/1802/1697 1676/1833/1721 1675/1832/1698
f 1663/1820/1699 1662/1819/1694 1631/1788/1695
f 1659/1816/1645 1690/1847/1669 1689/1846/1696
f 1677/1834/1700 1676/1833/1721 1645/1802/1697
f 1633/1790/1649 1664/1821/1672 1663/1820/1699
f 1711/1868/1701 1710/1867/1757 1679/1836/1702
f 1667/1824/1677 1698/1855/1706 1697/1854/1703
f 1712/1869/1704 1711/1868/1701 1680/1837/1676
f 1668/1825/1705 1699/1856/1732 1698/1855/1706
f 1713/1870/1707 1712/1869/1704 1681/1838/1678
f 1700/1857/1708 1699/1856/1732 1668/1825/1705
f 1683/1840/1682 1714/1871/1711 1713/1870/1707
f 1701/1858/1709 1700/1857/1708 1669/1826/1681
f 1684/1841/1710 1715/1872/1734 1714/1871/1711
f 1671/1828/1687 1702/1859/1736 1701/1858/1709
f 1716/1873/1712 1715/1872/1734 1684/1841/1710
f 1703/1860/1713 1702/1859/1736 1671/1828/1687
f 1717/1874/1714 1716/1873/1712 1685/1842/1685
f 1673/1830/1715 1704/1861/1740 1703/1860/1713
f 1687/1844/1716 1718/1875/1742 1717/1874/1714
f 1705/1862/1717 1704/1861/1740 1673/1830/1715
f 1719/1876/1719 1718/1875/1742 1687/1844/1716
f 1675/1832/1698 1706/1863/1722 1705/1862/1717
f 1693/1850/1720 1692/1849/1718 1661/1818/1692
f 1689/1846/1696 1720/1877/1748 1719/1876/1719
f 1676/1833/1721 1707/1864/1749 1706/1863/1722
f 1694/1851/1723 1693/1850/1720 1662/1819/1694
f 1721/1878/1724 1720/1877/1748 1689/1846/1696
f 1708/1865/1725 1707/1864/1749 1676/1833/1721
f 1695/1852/1726 1694/1851/1723 1663/1820/1699
f 1722/1879/1727 1721/1878/1724 1690/1847/1669
f 1709/1866/1728 1708/1865/1725 1677/1834/1700
f 1665/1822/1729 1696/1853/1755 1695/1852/1726
f 1679/1836/1702 1710/1867/1757 1709/1866/1728
f 1697/1854/1703 1696/1853/1755 1665/1822/1729
f 1744/1901/1730 1743/1900/1761 1712/1869/1704
f 1731/1888/1731 1730/1887/1791 1699/1856/1732
f 1714/1871/1711 1745/1902/1735 1744/1901/1730
f 1732/1889/1733 1731/1888/1731 1700/1857/1708
f 1715/1872/1734 1746/1903/1762 1745/1902/1735
f 1702/1859/1736 1733/1890/1738 1732/1889/1733
f 1747/1904/1737 1746/1903/1762 1715/1872/1734
f 1703/1860/1713 1734/1891/1741 1733/1890/1738
f 1748/1905/1739 1747/1904/1737 1716/1873/1712
f 1704/1861/1740 1735/1892/1768 1734/1891/1741
f 1718/1875/1742 1749/1906/1745 1748/1905/1739
f 1736/1893/1743 1735/1892/1768 1704/1861/1740
f 1719/1876/1719 1750/1907/1772 1749/1906/1745
f 1706/1863/1722 1737/1894/1750 1736/1893/1743
f 1724/1881/1746 1723/1880/1744 1692/1849/1718
f 1751/1908/1747 1750/1907/1772 1719/1876/1719
f 1707/1864/1749 1738/1895/1777 1737/1894/1750
f 1694/1851/1723 1725/1882/1778 1724/1881/1746
f 1752/1909/1751 1751/1908/1747 1720/1877/1748
f 1739/1896/1752 1738/1895/1777 1707/1864/1749
f 1726/1883/1753 1725/1882/1778 1694/1851/1723
f 1722/1879/1727 1753/1910/1756 1752/1909/1751
f 1740/1897/1754 1739/1896/1752 1708/1865/1725
f 1696/1853/1755 1727/1884/1785 1726/1883/1753
f 1710/1867/1757 1741/1898/1786 1740/1897/1754
f 1728/1885/1758 1727/1884/1785 1696/1853/1755
f 1742/1899/1759 1741/1898/1786 1710/1867/1757
f 1729/1886/1760 1728/1885/1758 1697/1854/1703
f 1743/1900/1761 1742/1899/1759 1711/1868/1701
f 1699/1856/1732 1730/1887/1791 1729/1886/1760
f 1746/1903/1762 1777/1934/1821 1776/1933/1763
f 1733/1890/1738 1764/1921/1766 1763/1920/1764
f 1778/1935/1765 1777/1934/1821 1746/1903/1762
f 1734/1891/1741 1765/1922/1796 1764/1921/1766
f 1748/1905/1739 1779/1936/1769 1778/1935/1765
f 1766/1923/1767 1765/1922/1796 1734/1891/1741
f 1749/1906/1745 1780/1937/1773 1779/1936/1769
f 1767/1924/1770 1766/1923/1767 1735/1892/1768
f 1750/1907/1772 1781/1938/1801 1780/1937/1773
f 1768/1925/1774 1767/1924/1770 1736/1893/1743
f 1755/1912/1775 1754/1911/1771 1723/1880/1744
f 1782/1939/1776 1781/1938/1801 1750/1907/1772
f 1738/1895/1777 1769/1926/1804 1768/1925/1774
f 1725/1882/1778 1756/1913/1806 1755/1912/1775
f 1783/1940/1779 1782/1939/1776 1751/1908/1747
f 1770/1927/1780 1769/1926/1804 1738/1895/1777
f 1757/1914/1781 1756/1913/1806 1725/1882/1778
f 1784/1941/1782 1783/1940/1779 1752/1909/1751
f 1771/1928/1783 1770/1927/1780 1739/1896/1752
f 1758/1915/1784 1757/1914/1781 1726/1883/1753
f 1741/1898/1786 1772/1929/1788 1771/1928/1783
f 1759/1916/1787 1758/1915/1784 1727/1884/1785
f 1742/1899/1759 1773/1930/1814 1772/1929/1788
f 1760/1917/1789 1759/1916/1787 1728/1885/1758
f 1774/1931/1790 1773/1930/1814 1742/1899/1759
f 1730/1887/1791 1761/1918/1817 1760/1917/1789
f 1775/1932/1792 1774/1931/1790 1743/1900/1761
f 1762/1919/1793 1761/1918/1817 1730/1887/1791
f 1745/1902/1735 1776/1933/1763 1775/1932/1792
f 1763/1920/1764 1762/1919/1793 1731/1888/1731
f 1779/1936/1769 1810/1967/1797 1809/1966/1794
f 1766/1923/1767 1797/1954/1854 1796/1953/1795
f 1780/1937/1773 1811/1968/1826 1810/1967/1797
f 1798/1955/1798 1797/1954/1854 1766/1923/1767
f 1812/1969/1800 1811/1968/1826 1780/1937/1773
f 1768/1925/1774 1799/1956/1805 1798/1955/1798
f 1786/1943/1802 1785/1942/1799 1754/1911/1771
f 1813/1970/1803 1812/1969/1800 1781/1938/1801
f 1769/1926/1804 1800/1957/1830 1799/1956/1805
f 1756/1913/1806 1787/1944/1832 1786/1943/1802
f 1814/1971/1807 1813/1970/1803 1782/1939/1776
f 1801/1958/1808 1800/1957/1830 1769/1926/1804
f 1788/1945/1809 1787/1944/1832 1756/1913/1806
f 1784/1941/1782 1815/1972/1811 1814/1971/1807
f 1802/1959/1810 1801/1958/1808 1770/1927/1780
f 1758/1915/1784 1789/1946/1838 1788/1945/1809
f 1772/1929/1788 1803/1960/1840 1802/1959/1810
f 1790/1947/1812 1789/1946/1838 1758/1915/1784
f 1804/1961/1813 1803/1960/1840 1772/1929/1788
f 1791/1948/1815 1790/1947/1812 1759/1916/1787
f 1805/1962/1816 1804/1961/1813 1773/1930/1814
f 1761/1918/1817 1792/1949/1845 1791/1948/1815
f 1806/1963/1818 1805/1962/1816 1774/1931/1790
f 1793/1950/1819 1792/1949/1845 1761/1918/1817
f 1776/1933/1763 1807/1964/1822 1806/1963/1818
f 1794/1951/1820 1793/1950/1819 1762/1919/1793
f 1777/1934/1821 1808/1965/1849 1807/1964/1822
f 1764/1921/1766 1795/1952/1823 1794/1951/1820
f 1809/1966/1794 1808/1965/1849 1777/1934/1821
f 1765/1922/1796 1796/1953/1795 1795/1952/1823
f 1843/2000/1825 1842/1999/1879 1811/1968/1826
f 1799/1956/1805 1830/1987/1831 1829/1986/1827
f 1817/1974/1828 1816/1973/1824 1785/1942/1799
f 1844/2001/1829 1843/2000/1825 1812/1969/1800
f 1800/1957/1830 1831/1988/1859 1830/1987/1831
f 1787/1944/1832 1818/1975/1855 1817/1974/1828
f 1845/2002/1833 1844/2001/1829 1813/1970/1803
f 1832/1989/1834 1831/1988/1859 1800/1957/1830
f 1819/1976/1835 1818/1975/1855 1787/1944/1832
f 1815/1972/1811 1846/2003/1839 1845/2002/1833
f 1833/1990/1836 1832/1989/1834 1801/1958/1808
f 1820/1977/1837 1819/1976/1835 1788/1945/1809
f 1803/1960/1840 1834/1991/1864 1833/1990/1836
f 1821/1978/1841 1820/1977/1837 1789/1946/1838
f 1835/1992/1842 1834/1991/1864 1803/1960/1840
f 1822/1979/1843 1821/1978/1841 1790/1947/1812
f 1836/1993/1844 1835/1992/1842 1804/1961/1813
f 1792/1949/1845 1823/1980/1868 1822/1979/1843
f 1837/1994/1846 1836/1993/1844 1805/1962/1816
f 1824/1981/1847 1823/1980/1868 1792/1949/1845
f 1807/1964/1822 1838/1995/1850 1837/1994/1846
f 1825/1982/1848 1824/1981/1847 1793/1950/1819
f 1808/1965/1849 1839/1996/1872 1838/1995/1850
f 1795/1952/1823 1826/1983/1874 1825/1982/1848
f 1840/1997/1851 1839/1996/1872 1808/1965/1849
f 1827/1984/1852 1826/1983/1874 1795/1952/1823
f 1841/1998/1853 1840/1997/1851 1809/1966/1794
f 1797/1954/1854 1828/1985/1878 1827/1984/1852
f 1811/1968/1826 1842/1999/1879 1841/1998/1853
f 1829/1986/1827 1828/1985/1878 1797/1954/1854
f 1818/1975/1855 1849/2006/1860 1848/2005/1856
f 1876/2033/1857 1875/2032/1883 1844/2001/1829
f 1863/2020/1858 1862/2019/1912 1831/1988/1859
f 1819/1976/1835 1850/2007/1863 1849/2006/1860
f 1877/2034/1861 1876/2033/1857 1845/2002/1833
f 1864/2021/1862 1863/2020/1858 1832/1989/1834
f 1820/1977/1837 1851/2008/1886 1850/2007/1863
f 1834/1991/1864 1865/2022/1888 1864/2021/1862
f 1852/2009/1865 1851/2008/1886 1820/1977/1837
f 1866/2023/1866 1865/2022/1888 1834/1991/1864
f 1853/2010/1867 1852/2009/1865 1821/1978/1841
f 1836/1993/1844 1867/2024/1893 1866/2023/1866
f 1823/1980/1868 1854/2011/1894 1853/2010/1867
f 1868/2025/1869 1867/2024/1893 1836/1993/1844
f 1855/2012/1870 1854/2011/1894 1823/1980/1868
f 1838/1995/1850 1869/2026/1873 1868/2025/1869
f 1856/2013/1871 1855/2012/1870 1824/1981/1847
f 1839/1996/1872 1870/2027/1899 1869/2026/1873
f 1826/1983/1874 1857/2014/1901 1856/2013/1871
f 1871/2028/1875 1870/2027/1899 1839/1996/1872
f 1858/2015/1876 1857/2014/1901 1826/1983/1874
f 1872/2029/1877 1871/2028/1875 1840/1997/1851
f 1828/1985/1878 1859/2016/1905 1858/2015/1876
f 1842/1999/1879 1873/2030/1907 1872/2029/1877
f 1860/2017/1880 1859/2016/1905 1828/1985/1878
f 1874/2031/1882 1873/2030/1907 1842/1999/1879
f 1830/1987/1831 1861/2018/1884 1860/2017/1880
f 1848/2005/1856 1847/2004/1881 1816/1973/1824
f 1875/2032/1883 1874/2031/1882 1843/2000/1825
f 1831/1988/1859 1862/2019/1912 1861/2018/1884
f 1882/2039/1885 1881/2038/1917 1850/2007/1863
f 1865/2022/1888 1896/2053/1945 1895/2052/1889
f 1883/2040/1890 1882/2039/1885 1851/2008/1886
f 1897/2054/1891 1896/2053/1945 1865/2022/1888
f 1853/2010/1867 1884/2041/1895 1883/2040/1890
f 1898/2055/1892 1897/2054/1891 1866/2023/1866
f 1854/2011/1894 1885/2042/1920 1884/2041/1895
f 1899/2056/1896 1898/2055/1892 1867/2024/1893
f 1886/2043/1897 1885/2042/1920 1854/2011/1894
f 1869/2026/1873 1900/2057/1900 1899/2056/1896
f 1887/2044/1898 1886/2043/1897 1855/2012/1870
f 1870/2027/1899 1901/2058/1924 1900/2057/1900
f 1857/2014/1901 1888/2045/1926 1887/2044/1898
f 1902/2059/1902 1901/2058/1924 1870/2027/1899
f 1889/2046/1903 1888/2045/1926 1857/2014/1901
f 1903/2060/1904 1902/2059/1902 1871/2028/1875
f 1859/2016/1905 1890/2047/1929 1889/2046/1903
f 1904/2061/1906 1903/2060/1904 1872/2029/1877
f 1891/2048/1908 1890/2047/1929 1859/2016/1905
f 1874/2031/1882 1905/2062/1934 1904/2061/1906
f 1861/2018/1884 1892/2049/1913 1891/2048/1908
f 1879/2036/1910 1878/2035/1909 1847/2004/1881
f 1906/2063/1911 1905/2062/1934 1874/2031/1882
f 1862/2019/1912 1893/2050/1937 1892/2049/1913
f 1880/2037/1914 1879/2036/1910 1848/2005/1856
f 1907/2064/1915 1906/2063/1911 1875/2032/1883
f 1894/2051/1916 1893/2050/1937 1862/2019/1912
f 1881/2038/1917 1880/2037/1914 1849/2006/1860
f 1877/2034/1861 1908/2065/1887 1907/2064/1915
f 1895/2052/1889 1894/2051/1916 1863/2020/1858
f 1915/2072/1918 1914/2071/1946 1883/2040/1890
f 1898/2055/1892 1929/2086/1976 1928/2085/1919
f 1885/2042/1920 1916/2073/1948 1915/2072/1918
f 1930/2087/1921 1929/2086/1976 1898/2055/1892
f 1917/2074/1922 1916/2073/1948 1885/2042/1920
f 1900/2057/1900 1931/2088/1925 1930/2087/1921
f 1918/2075/1923 1917/2074/1922 1886/2043/1897
f 1901/2058/1924 1932/2089/1951 1931/2088/1925
f 1888/2045/1926 1919/2076/1953 1918/2075/1923
f 1933/2090/1927 1932/2089/1951 1901/2058/1924
f 1920/2077/1928 1919/2076/1953 1888/2045/1926
f 1903/2060/1904 1934/2091/1930 1933/2090/1927
f 1890/2047/1929 1921/2078/1957 1920/2077/1928
f 1904/2061/1906 1935/2092/1958 1934/2091/1930
f 1922/2079/1931 1921/2078/1957 1890/2047/1929
f 1936/2093/1933 1935/2092/1958 1904/2061/1906
f 1892/2049/1913 1923/2080/1938 1922/2079/1931
f 1910/2067/1935 1909/2066/1932 1878/2035/1909
f 1937/2094/1936 1936/2093/1933 1905/2062/1934
f 1893/2050/1937 1924/2081/1964 1923/2080/1938
f 1880/2037/1914 1911/2068/1967 1910/2067/1935
f 1938/2095/1939 1937/2094/1936 1906/2063/1911
f 1925/2082/1940 1924/2081/1964 1893/2050/1937
f 1912/2069/1941 1911/2068/1967 1880/2037/1914
f 1939/2096/1942 1938/2095/1939 1907/2064/1915
f 1926/2083/1943 1925/2082/1940 1894/2051/1916
f 1913/2070/1944 1912/2069/1941 1881/2038/1917
f 1896/2053/1945 1927/2084/1973 1926/2083/1943
f 1914/2071/1946 1913/2070/1944 1882/2039/1885
f 1928/2085/1919 1927/2084/1973 1896/2053/1945
f 1948/2105/1947 1947/2104/1986 1916/2073/1948
f 1931/2088/1925 1962/2119/1952 1961/2118/1949
f 1949/2106/1950 1948/2105/1947 1917/2074/1922
f 1932/2089/1951 1963/2120/1979 1962/2119/1952
f 1919/2076/1953 1950/2107/1978 1949/2106/1950
f 1964/2121/1954 1963/2120/1979 1932/2089/1951
f 1951/2108/1955 1950/2107/1978 1919/2076/1953
f 1965/2122/1956 1964/2121/1954 1933/2090/1927
f 1921/2078/1957 1952/2109/1980 1951/2108/1955
f 1935/2092/1958 1966/2123/1961 1965/2122/1956
f 1953/2110/1959 1952/2109/1980 1921/2078/1957
f 1936/2093/1933 1967/2124/1981 1966/2123/1961
f 1923/2080/1938 1954/2111/1965 1953/2110/1959
f 1941/2098/1962 1940/2097/1960 1909/2066/1932
f 1968/2125/1963 1967/2124/1981 1936/2093/1933
f 1924/2081/1964 1955/2112/1982 1954/2111/1965
f 1942/2099/1966 1941/2098/1962 1910/2067/1935
f 1969/2126/1968 1968/2125/1963 1937/2094/1936
f 1956/2113/1969 1955/2112/1982 1924/2081/1964
f 1912/2069/1941 1943/2100/1983 1942/2099/1966
f 1939/2096/1942 1970/2127/1972 1969/2126/1968
f 1957/2114/1970 1956/2113/1969 1925/2082/1940
f 1944/2101/1971 1943/2100/1983 1912/2069/1941
f 1927/2084/1973 1958/2115/1984 1957/2114/1970
f 1945/2102/1974 1944/2101/1971 1913/2070/1944
f 1959/2116/1975 1958/2115/1984 1927/2084/1973
f 1915/2072/1918 1946/2103/1977 1945/2102/1974
f 1929/2086/1976 1960/2117/1985 1959/2116/1975
f 1916/2073/1948 1947/2104/1986 1946/2103/1977
f 1961/2118/1949 1960/2117/1985 1929/2086/1976
f 1950/2107/1978 5/5/55 1976/2133/52
f 1982/2139/57 1981/2138/54 1963/2120/1979
f 1951/2108/1955 6/6/59 5/5/55
f 1983/2140/3 1982/2139/57 1964/2121/1954
f 1952/2109/1980 7/7/6 6/6/59
f 1966/2123/1961 1984/2141/1 1983/2140/3
f 1977/2134/4 7/7/6 1952/2109/1980
f 1985/2142/11 1984/2141/1 1966/2123/1961
f 1954/2111/1965 8/8/13 1977/2134/4
f 1941/2098/1962 2/2/15 1/1/7
f 1968/2125/1963 14/14/17 1985/2142/11
f 1955/2112/1982 9/9/19 8/8/13
f 3/3/20 2/2/15 1941/2098/1962
f 1969/2126/1968 1986/2143/22 14/14/17
f 10/10/24 9/9/19 1955/2112/1982
f 1971/2128/25 3/3/20 1942/2099/1966
f 15/15/28 1986/2143/22 1969/2126/1968
f 1978/2135/30 10/10/24 1956/2113/1969
f 1944/2101/1971 4/4/31 1971/2128/25
f 1958/2115/1984 11/11/35 1978/2135/30
f 1945/2102/1974 1972/2129/37 4/4/31
f 12/12/39 11/11/35 1958/2115/1984
f 1973/2130/41 1972/2129/37 1945/2102/1974
f 13/13/43 12/12/39 1959/2116/1975
f 1947/2104/1986 1974/2131/44 1973/2130/41
f 1979/2136/46 13/13/43 1960/2117/1985
f 1975/2132/47 1974/2131/44 1947/2104/1986
f 1962/2119/1952 1980/2137/50 1979/2136/46
f 1976/2133/52 1975/2132/47 1948/2105/1947
f 1963/2120/1979 1981/2138/54 1980/2137/50
