# Blender 3.3.1
# www.blender.org
o Sphere
v 0.000000 49.008652 497.592346
v 0.000000 97.545235 490.392609
v 0.000000 145.142410 478.470154
v 0.000000 235.698456 440.960571
v 0.000000 440.960632 235.698303
v 0.000000 461.939789 191.341644
v 0.000000 478.470215 145.142258
v 0.000000 497.592346 49.008492
v 0.000000 500.000000 -0.000081
v 0.000000 497.592346 -49.008652
v 0.000000 478.470154 -145.142410
v 0.000000 461.939728 -191.341797
v 0.000000 440.960571 -235.698456
v 0.000000 145.142258 -478.470215
v 0.000000 49.008492 -497.592346
v 4.803680 48.772659 497.592346
v 9.561098 97.075531 490.392609
v 14.226437 144.443512 478.470154
v 18.754768 190.420441 461.939728
v 23.102482 234.563507 440.960571
v 27.227703 276.447571 415.734772
v 31.090710 315.669342 386.505157
v 34.654293 351.850983 353.553314
v 37.884136 384.644165 317.196594
v 40.749138 413.732941 277.785065
v 43.221699 438.837280 235.698303
v 45.278011 459.715424 191.341644
v 46.898281 476.166260 145.142258
v 48.066883 488.031281 97.545082
v 48.772579 495.196320 49.008492
v 49.008572 497.592346 -0.000081
v 48.772579 495.196320 -49.008652
v 48.066883 488.031219 -97.545235
v 46.898281 476.166199 -145.142410
v 45.278011 459.715363 -191.341797
v 43.221699 438.837219 -235.698456
v 40.749138 413.732880 -277.785187
v 37.884136 384.644043 -317.196716
v 34.654293 351.850861 -353.553436
v 31.090710 315.669220 -386.505280
v 27.227703 276.447449 -415.734833
v 23.102482 234.563354 -440.960632
v 18.754768 190.420288 -461.939789
v 14.226437 144.443359 -478.470215
v 9.561098 97.075378 -490.392670
v 4.803680 48.772499 -497.592346
v 9.561097 48.066963 497.592346
v 19.030117 95.670937 490.392609
v 28.315865 142.353531 478.470154
v 37.328918 187.665222 461.939728
v 45.982471 231.169571 440.960571
v 54.193188 272.447632 415.734772
v 61.881996 311.101868 386.505157
v 68.974846 346.760010 353.553314
v 75.403419 379.078705 317.196594
v 81.105835 407.746613 277.785065
v 86.027145 432.487701 235.698303
v 90.119972 453.063751 191.341644
v 93.344902 469.276550 145.142258
v 95.670860 480.969879 97.545082
v 97.075455 488.031250 49.008492
v 97.545158 490.392639 -0.000080
v 97.075455 488.031250 -49.008652
v 95.670860 480.969818 -97.545235
v 93.344902 469.276489 -145.142410
v 90.119972 453.063690 -191.341797
v 86.027145 432.487640 -235.698456
v 81.105835 407.746552 -277.785187
v 75.403419 379.078583 -317.196716
v 68.974846 346.759888 -353.553436
v 61.881996 311.101746 -386.505280
v 54.193188 272.447510 -415.734833
v 45.982471 231.169418 -440.960632
v 37.328918 187.665070 -461.939789
v 28.315865 142.353378 -478.470215
v 19.030117 95.670784 -490.392670
v 9.561097 48.066803 -497.592346
v 14.226437 46.898357 497.592346
v 28.315866 93.344978 490.392639
v 42.132595 138.892624 478.470154
v 55.543571 183.102676 461.939728
v 68.419624 225.549362 440.960571
v 80.636765 265.823883 415.734772
v 92.077332 303.538330 386.505157
v 102.631134 338.329559 353.553314
v 112.196533 369.862518 317.196594
v 120.681450 397.833435 277.785065
v 128.004105 421.973022 235.698303
v 134.094025 442.048859 191.341644
v 138.892563 457.867432 145.142258
v 142.353455 469.276489 97.545082
v 144.443436 476.166199 49.008495
v 145.142349 478.470154 -0.000078
v 144.443436 476.166199 -49.008648
v 142.353455 469.276428 -97.545235
v 138.892563 457.867371 -145.142410
v 134.094025 442.048798 -191.341797
v 128.004105 421.972961 -235.698456
v 120.681450 397.833374 -277.785187
v 112.196533 369.862396 -317.196716
v 102.631134 338.329437 -353.553436
v 92.077332 303.538208 -386.505280
v 80.636765 265.823761 -415.734833
v 68.419624 225.549210 -440.960632
v 55.543571 183.102524 -461.939789
v 42.132595 138.892471 -478.470215
v 28.315866 93.344826 -490.392639
v 14.226437 46.898197 -497.592346
v 18.754766 45.278091 497.592346
v 37.328918 90.120064 490.392639
v 55.543564 134.094086 478.470154
v 73.223305 176.776764 461.939728
v 90.197868 217.756973 440.960571
v 106.303764 256.640076 415.734772
v 121.385902 293.051544 386.505157
v 135.299026 326.640778 353.553314
v 147.909134 357.084351 317.196594
v 159.094818 384.088898 277.785065
v 168.748322 407.394501 235.698318
v 176.776688 426.776733 191.341644
v 183.102600 442.048859 145.142258
v 187.665131 453.063690 97.545082
v 190.420349 459.715393 49.008495
v 191.341721 461.939758 -0.000075
v 190.420349 459.715393 -49.008648
v 187.665131 453.063629 -97.545235
v 183.102600 442.048798 -145.142410
v 176.776688 426.776672 -191.341797
v 168.748322 407.394440 -235.698441
v 159.094818 384.088837 -277.785187
v 147.909134 357.084229 -317.196716
v 135.299026 326.640656 -353.553436
v 121.385902 293.051422 -386.505280
v 106.303764 256.639954 -415.734833
v 90.197868 217.756821 -440.960632
v 73.223305 176.776611 -461.939789
v 55.543564 134.093933 -478.470215
v 37.328918 90.119911 -490.392639
v 18.754766 45.277931 -497.592346
v 23.102478 43.221779 497.592346
v 45.982471 86.027237 490.392639
v 68.419617 128.004181 478.470154
v 90.197861 168.748398 461.939728
v 111.107445 207.867477 440.960571
v 130.947006 244.984695 415.734772
v 149.525467 279.742523 386.505188
v 166.663910 311.806305 353.553314
v 182.197281 340.867249 317.196594
v 195.976028 366.645386 277.785065
v 207.867386 388.892548 235.698318
v 217.756897 407.394531 191.341660
v 225.549286 421.973053 145.142258
v 231.169479 432.487671 97.545090
v 234.563416 438.837280 49.008499
v 235.698380 440.960602 -0.000072
v 234.563416 438.837280 -49.008644
v 231.169479 432.487610 -97.545227
v 225.549286 421.972992 -145.142410
v 217.756897 407.394470 -191.341782
v 207.867386 388.892487 -235.698441
v 195.976028 366.645325 -277.785187
v 182.197281 340.867126 -317.196716
v 166.663910 311.806183 -353.553436
v 149.525467 279.742401 -386.505249
v 130.947006 244.984573 -415.734833
v 111.107445 207.867325 -440.960632
v 90.197861 168.748245 -461.939789
v 68.419617 128.004028 -478.470215
v 45.982471 86.027084 -490.392639
v 23.102478 43.221619 -497.592346
v 27.227699 40.749214 497.592346
v 54.193188 81.105919 490.392639
v 80.636765 120.681511 478.470154
v 106.303757 159.094894 461.939728
v 130.947006 195.976089 440.960571
v 154.329163 230.969986 415.734772
v 176.225006 263.739410 386.505188
v 196.423737 293.968903 353.553314
v 214.730789 321.367432 317.196594
v 230.969894 345.670898 277.785065
v 244.984589 366.645355 235.698318
v 256.639984 384.088898 191.341660
v 265.823792 397.833435 145.142273
v 272.447540 407.746521 97.545090
v 276.447510 413.732910 49.008503
v 277.785126 415.734772 -0.000068
v 276.447510 413.732910 -49.008640
v 272.447540 407.746460 -97.545227
v 265.823792 397.833374 -145.142395
v 256.639984 384.088837 -191.341782
v 244.984589 366.645294 -235.698441
v 230.969894 345.670837 -277.785187
v 214.730789 321.367310 -317.196716
v 196.423737 293.968781 -353.553436
v 176.225006 263.739288 -386.505249
v 154.329163 230.969864 -415.734833
v 130.947006 195.975937 -440.960632
v 106.303757 159.094742 -461.939789
v 80.636765 120.681358 -478.470215
v 54.193188 81.105766 -490.392639
v 27.227699 40.749054 -497.592346
v 31.090702 37.884212 497.592346
v 61.881992 75.403511 490.392639
v 92.077324 112.196609 478.470154
v 121.385895 147.909210 461.939728
v 149.525482 182.197357 440.960571
v 176.225037 214.730911 415.734772
v 201.227417 245.196381 386.505188
v 224.291885 273.300476 353.553345
v 245.196320 298.772675 317.196594
v 263.739380 321.367401 277.785065
v 279.742462 340.867188 235.698318
v 293.051483 357.084290 191.341660
v 303.538269 369.862457 145.142273
v 311.101776 379.078583 97.545097
v 315.669250 384.644104 49.008511
v 317.196625 386.505188 -0.000063
v 315.669250 384.644104 -49.008633
v 311.101776 379.078522 -97.545219
v 303.538269 369.862396 -145.142395
v 293.051483 357.084229 -191.341782
v 279.742462 340.867126 -235.698441
v 263.739380 321.367340 -277.785187
v 245.196320 298.772552 -317.196716
v 224.291885 273.300354 -353.553406
v 201.227417 245.196259 -386.505249
v 176.225037 214.730789 -415.734833
v 149.525482 182.197205 -440.960632
v 121.385895 147.909058 -461.939789
v 92.077324 112.196457 -478.470215
v 61.881992 75.403358 -490.392639
v 31.090702 37.884052 -497.592346
v 34.654285 34.654366 497.592346
v 68.974846 68.974930 490.392639
v 102.631126 102.631195 478.470154
v 135.299026 135.299088 461.939728
v 166.663925 166.663956 440.960571
v 196.423767 196.423843 415.734772
v 224.291885 224.291946 386.505188
v 250.000000 250.000000 353.553345
v 273.300476 273.300537 317.196625
v 293.968903 293.968933 277.785065
v 311.806244 311.806274 235.698334
v 326.640717 326.640717 191.341675
v 338.329498 338.329529 145.142273
v 346.759918 346.759918 97.545105
v 351.850922 351.850922 49.008514
v 353.553375 353.553345 -0.000058
v 351.850922 351.850922 -49.008629
v 346.759918 346.759857 -97.545212
v 338.329498 338.329468 -145.142395
v 326.640717 326.640656 -191.341766
v 311.806244 311.806213 -235.698425
v 293.968903 293.968872 -277.785187
v 273.300476 273.300415 -317.196686
v 250.000000 249.999878 -353.553406
v 224.291885 224.291824 -386.505249
v 196.423767 196.423721 -415.734833
v 166.663925 166.663803 -440.960632
v 135.299026 135.298935 -461.939789
v 102.631126 102.631042 -478.470215
v 68.974846 68.974777 -490.392639
v 34.654285 34.654205 -497.592346
v 37.884132 31.090782 497.592346
v 75.403427 61.882084 490.392639
v 112.196541 92.077393 478.470184
v 147.909134 121.385956 461.939728
v 182.197311 149.525513 440.960571
v 214.730835 176.225113 415.734772
v 245.196320 201.227493 386.505188
v 273.300476 224.291885 353.553345
v 298.772583 245.196381 317.196625
v 321.367340 263.739410 277.785095
v 340.867157 279.742462 235.698334
v 357.084259 293.051453 191.341675
v 369.862427 303.538300 145.142288
v 379.078583 311.101776 97.545105
v 384.644104 315.669250 49.008522
v 386.505219 317.196594 -0.000052
v 384.644104 315.669250 -49.008621
v 379.078583 311.101715 -97.545212
v 369.862427 303.538239 -145.142380
v 357.084259 293.051392 -191.341766
v 340.867157 279.742401 -235.698425
v 321.367340 263.739349 -277.785156
v 298.772583 245.196289 -317.196686
v 273.300476 224.291763 -353.553406
v 245.196320 201.227371 -386.505249
v 214.730835 176.224991 -415.734833
v 182.197311 149.525360 -440.960632
v 147.909134 121.385803 -461.939789
v 112.196541 92.077240 -478.470184
v 75.403427 61.881924 -490.392639
v 37.884132 31.090618 -497.592346
v 40.749130 27.227777 497.592346
v 81.105835 54.193279 490.392639
v 120.681442 80.636833 478.470184
v 159.094803 106.303818 461.939728
v 195.976028 130.947037 440.960571
v 230.969910 154.329239 415.734772
v 263.739349 176.225082 386.505188
v 293.968903 196.423737 353.553345
v 321.367310 214.730850 317.196625
v 345.670837 230.969955 277.785095
v 366.645325 244.984619 235.698334
v 384.088837 256.639954 191.341675
v 397.833405 265.823822 145.142288
v 407.746521 272.447540 97.545113
v 413.732941 276.447479 49.008526
v 415.734802 277.785065 -0.000045
v 413.732941 276.447479 -49.008617
v 407.746521 272.447479 -97.545204
v 397.833405 265.823761 -145.142380
v 384.088837 256.639893 -191.341766
v 366.645325 244.984528 -235.698425
v 345.670837 230.969864 -277.785156
v 321.367310 214.730759 -317.196686
v 293.968903 196.423615 -353.553406
v 263.739349 176.224960 -386.505249
v 230.969910 154.329117 -415.734833
v 195.976028 130.946884 -440.960632
v 159.094803 106.303665 -461.939789
v 120.681442 80.636681 -478.470184
v 81.105835 54.193119 -490.392639
v 40.749130 27.227613 -497.592346
v 43.221691 23.102556 497.592346
v 86.027153 45.982559 490.392639
v 128.004105 68.419693 478.470184
v 168.748306 90.197922 461.939758
v 207.867401 111.107475 440.960571
v 244.984619 130.947098 415.734772
v 279.742462 149.525528 386.505188
v 311.806274 166.663910 353.553345
v 340.867126 182.197342 317.196625
v 366.645355 195.976105 277.785095
v 388.892517 207.867416 235.698349
v 407.394470 217.756882 191.341690
v 421.972992 225.549316 145.142303
v 432.487640 231.169464 97.545120
v 438.837311 234.563400 49.008533
v 440.960602 235.698318 -0.000038
v 438.837311 234.563370 -49.008610
v 432.487640 231.169434 -97.545197
v 421.972992 225.549255 -145.142365
v 407.394470 217.756821 -191.341751
v 388.892517 207.867325 -235.698410
v 366.645355 195.976013 -277.785156
v 340.867126 182.197250 -317.196686
v 311.806274 166.663788 -353.553406
v 279.742462 149.525406 -386.505249
v 244.984619 130.946976 -415.734833
v 207.867401 111.107338 -440.960632
v 168.748306 90.197769 -461.939758
v 128.004105 68.419540 -478.470184
v 86.027153 45.982399 -490.392639
v 43.221691 23.102392 -497.592346
v 45.278004 18.754843 497.592346
v 90.119980 37.329006 490.392639
v 134.094025 55.543644 478.470184
v 176.776657 73.223366 461.939758
v 217.756882 90.197899 440.960602
v 256.640015 106.303871 415.734772
v 293.051483 121.385963 386.505188
v 326.640717 135.299026 353.553345
v 357.084229 147.909195 317.196625
v 384.088898 159.094894 277.785095
v 407.394470 168.748337 235.698349
v 426.776672 176.776672 191.341690
v 442.048767 183.102631 145.142303
v 453.063629 187.665115 97.545128
v 459.715424 190.420319 49.008541
v 461.939728 191.341675 -0.000031
v 459.715424 190.420288 -49.008602
v 453.063629 187.665085 -97.545189
v 442.048767 183.102570 -145.142365
v 426.776672 176.776611 -191.341751
v 407.394470 168.748245 -235.698410
v 384.088898 159.094803 -277.785156
v 357.084229 147.909103 -317.196686
v 326.640717 135.298904 -353.553406
v 293.051483 121.385841 -386.505249
v 256.640015 106.303734 -415.734833
v 217.756882 90.197762 -440.960602
v 176.776657 73.223213 -461.939758
v 134.094025 55.543491 -478.470184
v 90.119980 37.328846 -490.392639
v 45.278004 18.754679 -497.592346
v 46.898270 14.226512 497.592346
v 93.344902 28.315952 490.392639
v 138.892563 42.132675 478.470184
v 183.102585 55.543633 461.939758
v 225.549255 68.419670 440.960602
v 265.823853 80.636871 415.734802
v 303.538239 92.077393 386.505219
v 338.329468 102.631134 353.553345
v 369.862366 112.196602 317.196625
v 397.833435 120.681526 277.785095
v 421.972992 128.004120 235.698364
v 442.048767 134.094009 191.341705
v 457.867340 138.892593 145.142319
v 469.276428 142.353455 97.545135
v 476.166229 144.443390 49.008549
v 478.470123 145.142288 -0.000024
v 476.166229 144.443359 -49.008595
v 469.276428 142.353424 -97.545181
v 457.867340 138.892532 -145.142349
v 442.048767 134.093948 -191.341736
v 421.972992 128.004028 -235.698395
v 397.833435 120.681435 -277.785156
v 369.862366 112.196495 -317.196686
v 338.329468 102.631012 -353.553406
v 303.538239 92.077271 -386.505219
v 265.823853 80.636734 -415.734802
v 225.549255 68.419533 -440.960602
v 183.102585 55.543480 -461.939758
v 138.892563 42.132523 -478.470184
v 93.344902 28.315792 -490.392639
v 46.898270 14.226350 -497.592346
v 48.066875 9.561173 497.592346
v 95.670860 19.030203 490.392639
v 142.353470 28.315945 478.470184
v 187.665100 37.328983 461.939758
v 231.169464 45.982521 440.960602
v 272.447601 54.193291 415.734802
v 311.101776 61.882069 386.505219
v 346.759918 68.974846 353.553375
v 379.078552 75.403488 317.196655
v 407.746582 81.105919 277.785126
v 432.487671 86.027153 235.698364
v 453.063660 90.119957 191.341705
v 469.276459 93.344925 145.142319
v 480.969818 95.670860 97.545143
v 488.031281 97.075394 49.008556
v 490.392609 97.545120 -0.000016
v 488.031281 97.075378 -49.008587
v 480.969818 95.670830 -97.545174
v 469.276459 93.344879 -145.142349
v 453.063660 90.119896 -191.341736
v 432.487671 86.027077 -235.698395
v 407.746582 81.105827 -277.785126
v 379.078552 75.403381 -317.196655
v 346.759918 68.974724 -353.553375
v 311.101776 61.881939 -386.505219
v 272.447601 54.193153 -415.734802
v 231.169464 45.982376 -440.960602
v 187.665100 37.328831 -461.939758
v 142.353470 28.315788 -478.470184
v 95.670860 19.030043 -490.392639
v 48.066875 9.561011 -497.592346
v 48.772575 4.803757 497.592346
v 97.075455 9.561183 490.392639
v 144.443451 14.226515 478.470184
v 190.420319 18.754835 461.939758
v 234.563385 23.102533 440.960602
v 276.447601 27.227797 415.734802
v 315.669220 31.090782 386.505219
v 351.850891 34.654293 353.553375
v 384.644043 37.884205 317.196655
v 413.732941 40.749218 277.785126
v 438.837219 43.221706 235.698380
v 459.715332 45.278004 191.341721
v 476.166168 46.898312 145.142319
v 488.031219 48.066883 97.545151
v 495.196320 48.772526 49.008564
v 497.592285 49.008530 -0.000008
v 495.196320 48.772511 -49.008579
v 488.031219 48.066853 -97.545166
v 476.166168 46.898266 -145.142349
v 459.715332 45.277943 -191.341721
v 438.837219 43.221630 -235.698380
v 413.732941 40.749126 -277.785126
v 384.644043 37.884098 -317.196655
v 351.850891 34.654179 -353.553375
v 315.669220 31.090656 -386.505219
v 276.447601 27.227659 -415.734802
v 234.563385 23.102388 -440.960602
v 190.420319 18.754686 -461.939758
v 144.443451 14.226358 -478.470184
v 97.075455 9.561023 -490.392639
v 48.772575 4.803595 -497.592346
v 49.008564 0.000077 497.592346
v 97.545158 0.000085 490.392639
v 145.142349 0.000076 478.470184
v 191.341675 0.000070 461.939758
v 235.698334 0.000055 440.960602
v 277.785217 0.000083 415.734802
v 317.196594 0.000080 386.505219
v 353.553345 0.000005 353.553375
v 386.505188 0.000070 317.196655
v 415.734833 0.000079 277.785126
v 440.960571 0.000012 235.698380
v 461.939697 -0.000006 191.341721
v 478.470123 0.000042 145.142334
v 490.392609 0.000005 97.545158
v 497.592316 -0.000055 49.008572
v 499.999939 -0.000034 0.000000
v 497.592316 -0.000071 -49.008572
v 490.392609 -0.000027 -97.545158
v 478.470123 -0.000005 -145.142334
v 461.939697 -0.000068 -191.341721
v 440.960571 -0.000064 -235.698380
v 415.734833 -0.000012 -277.785126
v 386.505188 -0.000033 -317.196655
v 353.553345 -0.000110 -353.553375
v 317.196594 -0.000046 -386.505219
v 277.785217 -0.000053 -415.734802
v 235.698334 -0.000089 -440.960602
v 191.341675 -0.000081 -461.939758
v 145.142349 -0.000080 -478.470184
v 97.545158 -0.000074 -490.392639
v 49.008564 -0.000085 -497.592346
v 48.772575 -4.803602 497.592346
v 97.075455 -9.561012 490.392639
v 144.443451 -14.226361 478.470184
v 190.420303 -18.754694 461.939758
v 234.563385 -23.102419 440.960602
v 276.447601 -27.227629 415.734802
v 315.669220 -31.090626 386.505219
v 351.850891 -34.654285 353.553375
v 384.644073 -37.884064 317.196655
v 413.732941 -40.749062 277.785126
v 438.837189 -43.221680 235.698380
v 459.715332 -45.278015 191.341721
v 476.166168 -46.898232 145.142349
v 488.031219 -48.066875 97.545166
v 495.196289 -48.772633 49.008579
v 497.592285 -49.008598 0.000008
v 495.196289 -48.772648 -49.008564
v 488.031219 -48.066906 -97.545151
v 476.166168 -46.898277 -145.142319
v 459.715332 -45.278076 -191.341721
v 438.837189 -43.221756 -235.698380
v 413.732941 -40.749153 -277.785126
v 384.644073 -37.884171 -317.196655
v 351.850891 -34.654400 -353.553375
v 315.669220 -31.090752 -386.505219
v 276.447601 -27.227766 -415.734802
v 234.563385 -23.102564 -440.960602
v 190.420303 -18.754843 -461.939758
v 144.443451 -14.226518 -478.470184
v 97.075455 -9.561172 -490.392639
v 48.772575 -4.803764 -497.592346
v 48.066875 -9.561019 497.592346
v 95.670860 -19.030033 490.392639
v 142.353470 -28.315790 478.470184
v 187.665085 -37.328838 461.939758
v 231.169449 -45.982407 440.960602
v 272.447632 -54.193123 415.734802
v 311.101776 -61.881905 386.505219
v 346.759918 -68.974831 353.553375
v 379.078613 -75.403351 317.196655
v 407.746613 -81.105766 277.785126
v 432.487610 -86.027122 235.698395
v 453.063660 -90.119972 191.341736
v 469.276459 -93.344841 145.142349
v 480.969818 -95.670845 97.545174
v 488.031219 -97.075500 49.008587
v 490.392578 -97.545174 0.000016
v 488.031219 -97.075516 -49.008556
v 480.969818 -95.670876 -97.545143
v 469.276459 -93.344887 -145.142319
v 453.063660 -90.120033 -191.341705
v 432.487610 -86.027199 -235.698364
v 407.746613 -81.105858 -277.785126
v 379.078613 -75.403458 -317.196655
v 346.759918 -68.974953 -353.553375
v 311.101776 -61.882034 -386.505219
v 272.447632 -54.193260 -415.734802
v 231.169449 -45.982552 -440.960602
v 187.665085 -37.328991 -461.939758
v 142.353470 -28.315947 -478.470184
v 95.670860 -19.030193 -490.392639
v 48.066875 -9.561181 -497.592346
v 46.898270 -14.226357 497.592346
v 93.344902 -28.315783 490.392639
v 138.892563 -42.132526 478.470184
v 183.102554 -55.543484 461.939758
v 225.549240 -68.419556 440.960602
v 265.823914 -80.636703 415.734802
v 303.538239 -92.077240 386.505219
v 338.329468 -102.631111 353.553406
v 369.862427 -112.196465 317.196686
v 397.833435 -120.681381 277.785156
v 421.972900 -128.004074 235.698395
v 442.048737 -134.094025 191.341736
v 457.867340 -138.892502 145.142349
v 469.276428 -142.353455 97.545181
v 476.166138 -144.443466 49.008595
v 478.470093 -145.142349 0.000024
v 476.166138 -144.443497 -49.008549
v 469.276428 -142.353485 -97.545135
v 457.867340 -138.892563 -145.142319
v 442.048737 -134.094086 -191.341705
v 421.972900 -128.004166 -235.698364
v 397.833435 -120.681473 -277.785095
v 369.862427 -112.196571 -317.196625
v 338.329468 -102.631233 -353.553345
v 303.538239 -92.077362 -386.505219
v 265.823914 -80.636841 -415.734802
v 225.549240 -68.419693 -440.960602
v 183.102554 -55.543636 -461.939758
v 138.892563 -42.132679 -478.470184
v 93.344902 -28.315943 -490.392639
v 46.898270 -14.226520 -497.592346
v 45.278004 -18.754686 497.592346
v 90.119987 -37.328835 490.392639
v 134.094025 -55.543495 478.470184
v 176.776642 -73.223213 461.939758
v 217.756851 -90.197792 440.960602
v 256.640106 -106.303711 415.734833
v 293.051453 -121.385811 386.505249
v 326.640686 -135.298996 353.553406
v 357.084290 -147.909073 317.196686
v 384.088898 -159.094772 277.785156
v 407.394379 -168.748276 235.698410
v 426.776611 -176.776672 191.341751
v 442.048767 -183.102554 145.142365
v 453.063629 -187.665115 97.545189
v 459.715302 -190.420380 49.008602
v 461.939697 -191.341721 0.000031
v 459.715302 -190.420410 -49.008541
v 453.063629 -187.665146 -97.545128
v 442.048767 -183.102615 -145.142303
v 426.776611 -176.776733 -191.341690
v 407.394379 -168.748367 -235.698349
v 384.088898 -159.094864 -277.785095
v 357.084290 -147.909164 -317.196625
v 326.640686 -135.299118 -353.553345
v 293.051453 -121.385933 -386.505188
v 256.640106 -106.303848 -415.734772
v 217.756851 -90.197929 -440.960602
v 176.776642 -73.223366 -461.939758
v 134.094025 -55.543648 -478.470184
v 90.119987 -37.328995 -490.392639
v 45.278004 -18.754850 -497.592346
v 43.221691 -23.102398 497.592346
v 86.027161 -45.982388 490.392639
v 128.004105 -68.419548 478.470184
v 168.748276 -90.197769 461.939758
v 207.867355 -111.107361 440.960632
v 244.984726 -130.946960 415.734833
v 279.742462 -149.525375 386.505249
v 311.806213 -166.663864 353.553406
v 340.867157 -182.197220 317.196686
v 366.645386 -195.975967 277.785156
v 388.892456 -207.867340 235.698410
v 407.394409 -217.756866 191.341751
v 421.972961 -225.549225 145.142365
v 432.487610 -231.169449 97.545197
v 438.837189 -234.563431 49.008610
v 440.960571 -235.698380 0.000038
v 438.837189 -234.563461 -49.008533
v 432.487610 -231.169479 -97.545120
v 421.972961 -225.549286 -145.142303
v 407.394409 -217.756927 -191.341690
v 388.892456 -207.867432 -235.698349
v 366.645386 -195.976059 -277.785095
v 340.867157 -182.197311 -317.196625
v 311.806213 -166.663986 -353.553345
v 279.742462 -149.525497 -386.505188
v 244.984726 -130.947083 -415.734772
v 207.867355 -111.107498 -440.960571
v 168.748276 -90.197922 -461.939758
v 128.004105 -68.419701 -478.470184
v 86.027161 -45.982548 -490.392639
v 43.221691 -23.102562 -497.592346
v 40.749126 -27.227617 497.592346
v 81.105843 -54.193104 490.392639
v 120.681435 -80.636696 478.470184
v 159.094772 -106.303658 461.939789
v 195.975967 -130.946899 440.960632
v 230.970016 -154.329117 415.734833
v 263.739349 -176.224915 386.505249
v 293.968842 -196.423691 353.553406
v 321.367340 -214.730728 317.196686
v 345.670898 -230.969833 277.785156
v 366.645233 -244.984528 235.698425
v 384.088776 -256.639923 191.341766
v 397.833344 -265.823730 145.142380
v 407.746490 -272.447510 97.545204
v 413.732819 -276.447510 49.008617
v 415.734711 -277.785126 0.000045
v 413.732819 -276.447510 -49.008526
v 407.746490 -272.447571 -97.545113
v 397.833344 -265.823792 -145.142288
v 384.088776 -256.639984 -191.341675
v 366.645233 -244.984619 -235.698334
v 345.670898 -230.969925 -277.785095
v 321.367340 -214.730820 -317.196625
v 293.968842 -196.423813 -353.553345
v 263.739349 -176.225037 -386.505188
v 230.970016 -154.329239 -415.734772
v 195.975967 -130.947052 -440.960571
v 159.094772 -106.303810 -461.939728
v 120.681435 -80.636848 -478.470184
v 81.105843 -54.193264 -490.392639
v 40.749126 -27.227781 -497.592346
v 37.884125 -31.090620 497.592346
v 75.403435 -61.881908 490.392639
v 112.196533 -92.077255 478.470184
v 147.909088 -121.385788 461.939789
v 182.197250 -149.525360 440.960632
v 214.730927 -176.225006 415.734833
v 245.196320 -201.227325 386.505249
v 273.300385 -224.291840 353.553406
v 298.772583 -245.196243 317.196686
v 321.367401 -263.739349 277.785156
v 340.867065 -279.742401 235.698425
v 357.084167 -293.051422 191.341766
v 369.862366 -303.538208 145.142380
v 379.078552 -311.101746 97.545212
v 384.644012 -315.669250 49.008621
v 386.505127 -317.196625 0.000052
v 384.644012 -315.669250 -49.008522
v 379.078552 -311.101807 -97.545105
v 369.862366 -303.538269 -145.142288
v 357.084167 -293.051483 -191.341675
v 340.867065 -279.742462 -235.698334
v 321.367401 -263.739410 -277.785095
v 298.772583 -245.196335 -317.196625
v 273.300385 -224.291962 -353.553345
v 245.196320 -201.227448 -386.505188
v 214.730927 -176.225128 -415.734772
v 182.197250 -149.525513 -440.960571
v 147.909088 -121.385941 -461.939728
v 112.196533 -92.077408 -478.470184
v 75.403435 -61.882069 -490.392639
v 37.884125 -31.090784 -497.592346
v 34.654278 -34.654205 497.592346
v 68.974854 -68.974762 490.392639
v 102.631119 -102.631058 478.470215
v 135.298965 -135.298904 461.939789
v 166.663849 -166.663803 440.960632
v 196.423859 -196.423737 415.734833
v 224.291885 -224.291794 386.505249
v 249.999908 -249.999939 353.553406
v 273.300476 -273.300354 317.196686
v 293.968933 -293.968872 277.785187
v 311.806152 -311.806183 235.698425
v 326.640594 -326.640686 191.341766
v 338.329437 -338.329437 145.142395
v 346.759888 -346.759888 97.545212
v 351.850830 -351.850891 49.008629
v 353.553284 -353.553345 0.000058
v 351.850830 -351.850891 -49.008514
v 346.759888 -346.759949 -97.545105
v 338.329437 -338.329498 -145.142273
v 326.640594 -326.640747 -191.341675
v 311.806152 -311.806244 -235.698334
v 293.968933 -293.968933 -277.785065
v 273.300476 -273.300476 -317.196625
v 249.999908 -250.000061 -353.553345
v 224.291885 -224.291916 -386.505188
v 196.423859 -196.423859 -415.734772
v 166.663849 -166.663956 -440.960571
v 135.298965 -135.299057 -461.939728
v 102.631119 -102.631210 -478.470154
v 68.974854 -68.974915 -490.392639
v 34.654278 -34.654366 -497.592346
v 31.090694 -37.884048 497.592346
v 61.882004 -75.403343 490.392639
v 92.077316 -112.196472 478.470215
v 121.385841 -147.909012 461.939789
v 149.525406 -182.197189 440.960632
v 176.225128 -214.730820 415.734833
v 201.227432 -245.196228 386.505249
v 224.291809 -273.300415 353.553406
v 245.196335 -298.772461 317.196716
v 263.739410 -321.367310 277.785187
v 279.742371 -340.867065 235.698441
v 293.051331 -357.084198 191.341782
v 303.538208 -369.862366 145.142395
v 311.101746 -379.078552 97.545219
v 315.669159 -384.644043 49.008633
v 317.196533 -386.505188 0.000063
v 315.669159 -384.644043 -49.008511
v 311.101746 -379.078613 -97.545097
v 303.538208 -369.862427 -145.142273
v 293.051331 -357.084259 -191.341660
v 279.742371 -340.867126 -235.698318
v 263.739410 -321.367371 -277.785065
v 245.196335 -298.772583 -317.196594
v 224.291809 -273.300537 -353.553345
v 201.227432 -245.196350 -386.505188
v 176.225128 -214.730942 -415.734772
v 149.525406 -182.197342 -440.960571
v 121.385841 -147.909164 -461.939728
v 92.077316 -112.196625 -478.470154
v 61.882004 -75.403496 -490.392639
v 31.090694 -37.884209 -497.592346
v 27.227688 -40.749046 497.592346
v 54.193199 -81.105751 490.392639
v 80.636757 -120.681374 478.470215
v 106.303703 -159.094681 461.939789
v 130.946930 -195.975906 440.960632
v 154.329239 -230.969910 415.734833
v 176.225021 -263.739258 386.505249
v 196.423645 -293.968811 353.553436
v 214.730804 -321.367188 317.196716
v 230.969940 -345.670807 277.785187
v 244.984512 -366.645233 235.698441
v 256.639832 -384.088745 191.341782
v 265.823730 -397.833344 145.142395
v 272.447510 -407.746490 97.545227
v 276.447418 -413.732849 49.008640
v 277.785004 -415.734772 0.000068
v 276.447418 -413.732849 -49.008503
v 272.447510 -407.746552 -97.545090
v 265.823730 -397.833405 -145.142273
v 256.639832 -384.088806 -191.341660
v 244.984512 -366.645294 -235.698318
v 230.969940 -345.670868 -277.785065
v 214.730804 -321.367310 -317.196594
v 196.423645 -293.968933 -353.553314
v 176.225021 -263.739380 -386.505188
v 154.329239 -230.970032 -415.734772
v 130.946930 -195.976059 -440.960571
v 106.303703 -159.094833 -461.939728
v 80.636757 -120.681526 -478.470154
v 54.193199 -81.105904 -490.392639
v 27.227688 -40.749207 -497.592346
v 23.102467 -43.221607 497.592346
v 45.982479 -86.027069 490.392639
v 68.419617 -128.004044 478.470215
v 90.197807 -168.748184 461.939789
v 111.107384 -207.867279 440.960632
v 130.947083 -244.984634 415.734833
v 149.525467 -279.742371 386.505249
v 166.663818 -311.806183 353.553436
v 182.197296 -340.867004 317.196716
v 195.976089 -366.645325 277.785187
v 207.867325 -388.892456 235.698441
v 217.756775 -407.394348 191.341782
v 225.549225 -421.972931 145.142410
v 231.169449 -432.487610 97.545227
v 234.563324 -438.837219 49.008644
v 235.698257 -440.960571 0.000072
v 234.563324 -438.837219 -49.008499
v 231.169449 -432.487671 -97.545090
v 225.549225 -421.972992 -145.142258
v 217.756775 -407.394409 -191.341660
v 207.867325 -388.892517 -235.698318
v 195.976089 -366.645386 -277.785065
v 182.197296 -340.867126 -317.196594
v 166.663818 -311.806305 -353.553314
v 149.525467 -279.742493 -386.505188
v 130.947083 -244.984756 -415.734772
v 111.107384 -207.867432 -440.960571
v 90.197807 -168.748337 -461.939728
v 68.419617 -128.004196 -478.470154
v 45.982479 -86.027222 -490.392639
v 23.102467 -43.221767 -497.592346
v 18.754755 -45.277916 497.592346
v 37.328926 -90.119896 490.392639
v 55.543564 -134.093964 478.470215
v 73.223267 -176.776535 461.939789
v 90.197807 -217.756760 440.960632
v 106.303841 -256.640045 415.734833
v 121.385902 -293.051392 386.505280
v 135.298935 -326.640625 353.553436
v 147.909149 -357.084106 317.196716
v 159.094879 -384.088867 277.785187
v 168.748260 -407.394379 235.698441
v 176.776581 -426.776520 191.341797
v 183.102554 -442.048706 145.142410
v 187.665100 -453.063599 97.545235
v 190.420258 -459.715332 49.008648
v 191.341614 -461.939697 0.000075
v 190.420258 -459.715332 -49.008495
v 187.665100 -453.063660 -97.545082
v 183.102554 -442.048767 -145.142258
v 176.776581 -426.776581 -191.341644
v 168.748260 -407.394440 -235.698318
v 159.094879 -384.088928 -277.785065
v 147.909149 -357.084229 -317.196594
v 135.298935 -326.640747 -353.553314
v 121.385902 -293.051514 -386.505157
v 106.303841 -256.640167 -415.734772
v 90.197807 -217.756912 -440.960571
v 73.223267 -176.776688 -461.939728
v 55.543564 -134.094116 -478.470154
v 37.328926 -90.120049 -490.392639
v 18.754755 -45.278076 -497.592346
v 14.226425 -46.898182 497.592346
v 28.315874 -93.344818 490.392639
v 42.132595 -138.892487 478.470215
v 55.543533 -183.102448 461.939789
v 68.419586 -225.549133 440.960632
v 80.636826 -265.823883 415.734833
v 92.077332 -303.538177 386.505280
v 102.631050 -338.329376 353.553436
v 112.196548 -369.862244 317.196716
v 120.681511 -397.833405 277.785187
v 128.004044 -421.972900 235.698456
v 134.093933 -442.048615 191.341797
v 138.892502 -457.867279 145.142410
v 142.353439 -469.276398 97.545235
v 144.443344 -476.166138 49.008648
v 145.142227 -478.470093 0.000078
v 144.443344 -476.166138 -49.008495
v 142.353439 -469.276459 -97.545082
v 138.892502 -457.867340 -145.142258
v 134.093933 -442.048676 -191.341644
v 128.004044 -421.972961 -235.698303
v 120.681511 -397.833466 -277.785065
v 112.196548 -369.862366 -317.196594
v 102.631050 -338.329498 -353.553314
v 92.077332 -303.538300 -386.505157
v 80.636826 -265.824005 -415.734772
v 68.419586 -225.549286 -440.960571
v 55.543533 -183.102600 -461.939728
v 42.132595 -138.892639 -478.470154
v 28.315874 -93.344971 -490.392639
v 14.226425 -46.898342 -497.592346
v 9.561088 -48.066784 497.592346
v 19.030125 -95.670784 490.392670
v 28.315863 -142.353394 478.470215
v 37.328892 -187.664963 461.939789
v 45.982437 -231.169342 440.960632
v 54.193241 -272.447632 415.734833
v 61.882004 -311.101715 386.505280
v 68.974762 -346.759827 353.553436
v 75.403442 -379.078461 317.196716
v 81.105904 -407.746582 277.785187
v 86.027092 -432.487579 235.698456
v 90.119896 -453.063507 191.341797
v 93.344849 -469.276398 145.142410
v 95.670845 -480.969788 97.545235
v 97.075363 -488.031189 49.008652
v 97.545059 -490.392578 0.000080
v 97.075363 -488.031189 -49.008492
v 95.670845 -480.969849 -97.545082
v 93.344849 -469.276459 -145.142258
v 90.119896 -453.063568 -191.341644
v 86.027092 -432.487640 -235.698303
v 81.105904 -407.746643 -277.785065
v 75.403442 -379.078583 -317.196594
v 68.974762 -346.759949 -353.553314
v 61.882004 -311.101837 -386.505157
v 54.193241 -272.447754 -415.734772
v 45.982437 -231.169495 -440.960571
v 37.328892 -187.665115 -461.939728
v 28.315863 -142.353546 -478.470154
v 19.030125 -95.670937 -490.392609
v 9.561088 -48.066944 -497.592346
v 4.803672 -48.772480 497.592346
v 9.561106 -97.075371 490.392670
v 14.226433 -144.443375 478.470215
v 18.754751 -190.420181 461.939789
v 23.102449 -234.563263 440.960632
v 27.227737 -276.447632 415.734833
v 31.090719 -315.669159 386.505280
v 34.654221 -351.850800 353.553436
v 37.884163 -384.643921 317.196716
v 40.749199 -413.732941 277.785187
v 43.221649 -438.837128 235.698456
v 45.277954 -459.715179 191.341797
v 46.898232 -476.166107 145.142410
v 48.066868 -488.031189 97.545235
v 48.772503 -495.196228 49.008652
v 49.008472 -497.592285 0.000081
v 48.772503 -495.196228 -49.008492
v 48.066868 -488.031250 -97.545082
v 46.898232 -476.166168 -145.142258
v 45.277954 -459.715240 -191.341644
v 43.221649 -438.837189 -235.698303
v 40.749199 -413.733002 -277.785065
v 37.884163 -384.644043 -317.196594
v 34.654221 -351.850922 -353.553314
v 31.090719 -315.669281 -386.505157
v 27.227737 -276.447754 -415.734772
v 23.102449 -234.563416 -440.960571
v 18.754751 -190.420334 -461.939728
v 14.226433 -144.443527 -478.470154
v 9.561106 -97.075523 -490.392609
v 4.803672 -48.772640 -497.592346
v -0.000006 -49.008469 497.592346
v 0.000008 -97.545074 490.392670
v -0.000006 -145.142273 478.470215
v -0.000007 -191.341537 461.939789
v -0.000022 -235.698212 440.960632
v 0.000015 -277.785248 415.734833
v 0.000017 -317.196533 386.505280
v -0.000067 -353.553253 353.553436
v 0.000037 -386.505066 317.196716
v 0.000056 -415.734833 277.785187
v -0.000041 -440.960480 235.698456
v -0.000045 -461.939545 191.341797
v -0.000037 -478.470062 145.142410
v -0.000011 -490.392578 97.545235
v -0.000071 -497.592255 49.008652
v -0.000089 -499.999878 0.000081
v -0.000071 -497.592255 -49.008492
v -0.000011 -490.392639 -97.545082
v -0.000037 -478.470123 -145.142258
v -0.000045 -461.939606 -191.341644
v -0.000041 -440.960541 -235.698303
v 0.000056 -415.734894 -277.785065
v 0.000037 -386.505188 -317.196594
v -0.000067 -353.553375 -353.553314
v 0.000017 -317.196655 -386.505157
v 0.000015 -277.785370 -415.734772
v -0.000022 -235.698364 -440.960571
v -0.000007 -191.341690 -461.939728
v -0.000006 -145.142426 -478.470154
v 0.000008 -97.545227 -490.392609
v -0.000006 -49.008629 -497.592346
v -4.803684 -48.772480 497.592346
v -9.561089 -97.075371 490.392670
v -14.226443 -144.443375 478.470215
v -18.754765 -190.420166 461.939789
v -23.102493 -234.563263 440.960632
v -27.227705 -276.447632 415.734833
v -31.090689 -315.669159 386.505280
v -34.654354 -351.850800 353.553436
v -37.884090 -384.643951 317.196716
v -40.749088 -413.732941 277.785187
v -43.221725 -438.837097 235.698456
v -45.278042 -459.715179 191.341797
v -46.898308 -476.166107 145.142410
v -48.066891 -488.031189 97.545235
v -48.772640 -495.196198 49.008652
v -49.008648 -497.592255 0.000081
v -48.772640 -495.196198 -49.008492
v -48.066891 -488.031250 -97.545082
v -46.898308 -476.166168 -145.142258
v -45.278042 -459.715240 -191.341644
v -43.221725 -438.837158 -235.698303
v -40.749088 -413.733002 -277.785065
v -37.884090 -384.644073 -317.196594
v -34.654354 -351.850922 -353.553314
v -31.090689 -315.669281 -386.505157
v -27.227705 -276.447754 -415.734772
v -23.102493 -234.563416 -440.960571
v -18.754765 -190.420319 -461.939728
v -14.226443 -144.443527 -478.470154
v -9.561089 -97.075523 -490.392609
v -4.803684 -48.772640 -497.592346
v 0.000000 0.000081 500.000000
v -9.561099 -48.066780 497.592346
v -19.030109 -95.670784 490.392670
v -28.315872 -142.353394 478.470215
v -37.328903 -187.664948 461.939789
v -45.982475 -231.169327 440.960632
v -54.193207 -272.447662 415.734833
v -61.881969 -311.101715 386.505280
v -68.974899 -346.759827 353.553436
v -75.403374 -379.078491 317.196716
v -81.105797 -407.746613 277.785187
v -86.027161 -432.487518 235.698456
v -90.119987 -453.063507 191.341797
v -93.344925 -469.276398 145.142410
v -95.670860 -480.969788 97.545235
v -97.075508 -488.031128 49.008652
v -97.545227 -490.392517 0.000080
v -97.075508 -488.031128 -49.008492
v -95.670860 -480.969849 -97.545082
v -93.344925 -469.276459 -145.142258
v -90.119987 -453.063568 -191.341644
v -86.027161 -432.487579 -235.698303
v -81.105797 -407.746674 -277.785065
v -75.403374 -379.078613 -317.196594
v -68.974899 -346.759949 -353.553314
v -61.881969 -311.101837 -386.505157
v -54.193207 -272.447784 -415.734772
v -45.982475 -231.169479 -440.960571
v -37.328903 -187.665100 -461.939728
v -28.315872 -142.353546 -478.470154
v -19.030109 -95.670937 -490.392609
v -9.561099 -48.066940 -497.592346
v -14.226437 -46.898174 497.592346
v -28.315857 -93.344818 490.392639
v -42.132603 -138.892487 478.470215
v -55.543541 -183.102417 461.939789
v -68.419617 -225.549118 440.960632
v -80.636803 -265.823914 415.734833
v -92.077301 -303.538177 386.505280
v -102.631180 -338.329376 353.553436
v -112.196472 -369.862305 317.196716
v -120.681412 -397.833435 277.785187
v -128.004105 -421.972809 235.698456
v -134.094025 -442.048615 191.341797
v -138.892593 -457.867279 145.142410
v -142.353470 -469.276398 97.545235
v -144.443466 -476.166046 49.008648
v -145.142395 -478.470032 0.000078
v -144.443466 -476.166046 -49.008495
v -142.353470 -469.276459 -97.545082
v -138.892593 -457.867340 -145.142258
v -134.094025 -442.048676 -191.341644
v -128.004105 -421.972870 -235.698303
v -120.681412 -397.833496 -277.785065
v -112.196472 -369.862427 -317.196594
v -102.631180 -338.329498 -353.553314
v -92.077301 -303.538300 -386.505157
v -80.636803 -265.824036 -415.734772
v -68.419617 -225.549271 -440.960571
v -55.543541 -183.102570 -461.939728
v -42.132603 -138.892639 -478.470154
v -28.315857 -93.344971 -490.392639
v -14.226437 -46.898335 -497.592346
v -18.754765 -45.277912 497.592346
v -37.328907 -90.119904 490.392639
v -55.543571 -134.093948 478.470215
v -73.223267 -176.776505 461.939789
v -90.197845 -217.756729 440.960632
v -106.303818 -256.640106 415.734833
v -121.385872 -293.051392 386.505280
v -135.299072 -326.640594 353.553436
v -147.909073 -357.084167 317.196716
v -159.094803 -384.088898 277.785187
v -168.748306 -407.394287 235.698441
v -176.776672 -426.776489 191.341797
v -183.102631 -442.048706 145.142410
v -187.665131 -453.063599 97.545235
v -190.420364 -459.715240 49.008648
v -191.341751 -461.939636 0.000075
v -190.420364 -459.715240 -49.008495
v -187.665131 -453.063660 -97.545082
v -183.102631 -442.048767 -145.142258
v -176.776672 -426.776550 -191.341644
v -168.748306 -407.394348 -235.698318
v -159.094803 -384.088959 -277.785065
v -147.909073 -357.084290 -317.196594
v -135.299072 -326.640717 -353.553314
v -121.385872 -293.051514 -386.505157
v -106.303818 -256.640228 -415.734772
v -90.197845 -217.756882 -440.960571
v -73.223267 -176.776657 -461.939728
v -55.543571 -134.094101 -478.470154
v -37.328907 -90.120056 -490.392639
v -18.754765 -45.278072 -497.592346
v -23.102474 -43.221596 497.592346
v -45.982460 -86.027077 490.392639
v -68.419624 -128.004028 478.470215
v -90.197807 -168.748154 461.939789
v -111.107414 -207.867233 440.960632
v -130.947067 -244.984726 415.734833
v -149.525436 -279.742401 386.505249
v -166.663940 -311.806122 353.553436
v -182.197220 -340.867035 317.196716
v -195.976013 -366.645386 277.785187
v -207.867355 -388.892365 235.698441
v -217.756866 -407.394318 191.341782
v -225.549316 -421.972900 145.142410
v -231.169464 -432.487579 97.545227
v -234.563416 -438.837128 49.008644
v -235.698380 -440.960510 0.000072
v -234.563416 -438.837128 -49.008499
v -231.169464 -432.487640 -97.545090
v -225.549316 -421.972961 -145.142258
v -217.756866 -407.394379 -191.341660
v -207.867355 -388.892426 -235.698318
v -195.976013 -366.645447 -277.785065
v -182.197220 -340.867157 -317.196594
v -166.663940 -311.806244 -353.553314
v -149.525436 -279.742523 -386.505188
v -130.947067 -244.984848 -415.734772
v -111.107414 -207.867386 -440.960571
v -90.197807 -168.748306 -461.939728
v -68.419624 -128.004181 -478.470154
v -45.982460 -86.027229 -490.392639
v -23.102474 -43.221756 -497.592346
v -27.227694 -40.749031 497.592346
v -54.193176 -81.105759 490.392639
v -80.636772 -120.681358 478.470215
v -106.303703 -159.094650 461.939789
v -130.946960 -195.975861 440.960632
v -154.329239 -230.970001 415.734833
v -176.224976 -263.739288 386.505249
v -196.423767 -293.968750 353.553436
v -214.730698 -321.367218 317.196716
v -230.969879 -345.670898 277.785187
v -244.984543 -366.645142 235.698441
v -256.639923 -384.088684 191.341782
v -265.823822 -397.833282 145.142395
v -272.447540 -407.746460 97.545227
v -276.447479 -413.732758 49.008640
v -277.785126 -415.734650 0.000068
v -276.447479 -413.732758 -49.008503
v -272.447540 -407.746521 -97.545090
v -265.823822 -397.833344 -145.142273
v -256.639923 -384.088745 -191.341660
v -244.984543 -366.645203 -235.698318
v -230.969879 -345.670959 -277.785065
v -214.730698 -321.367340 -317.196594
v -196.423767 -293.968872 -353.553314
v -176.224976 -263.739410 -386.505188
v -154.329239 -230.970123 -415.734772
v -130.946960 -195.976013 -440.960571
v -106.303703 -159.094803 -461.939728
v -80.636772 -120.681511 -478.470154
v -54.193176 -81.105911 -490.392639
v -27.227694 -40.749191 -497.592346
v -31.090696 -37.884033 497.592346
v -61.881981 -75.403351 490.392639
v -92.077332 -112.196457 478.470215
v -121.385826 -147.908966 461.939789
v -149.525421 -182.197144 440.960632
v -176.225128 -214.730896 415.734833
v -201.227386 -245.196259 386.505249
v -224.291916 -273.300293 353.553406
v -245.196213 -298.772461 317.196716
v -263.739380 -321.367401 277.785187
v -279.742401 -340.866974 235.698441
v -293.051422 -357.084076 191.341782
v -303.538300 -369.862305 145.142395
v -311.101776 -379.078522 97.545219
v -315.669220 -384.643951 49.008633
v -317.196625 -386.505066 0.000063
v -315.669220 -384.643951 -49.008511
v -311.101776 -379.078583 -97.545097
v -303.538300 -369.862366 -145.142273
v -293.051422 -357.084137 -191.341660
v -279.742401 -340.867035 -235.698318
v -263.739380 -321.367462 -277.785065
v -245.196213 -298.772583 -317.196594
v -224.291916 -273.300415 -353.553345
v -201.227386 -245.196381 -386.505188
v -176.225128 -214.731018 -415.734772
v -149.525421 -182.197296 -440.960571
v -121.385826 -147.909119 -461.939728
v -92.077332 -112.196609 -478.470154
v -61.881981 -75.403503 -490.392639
v -31.090696 -37.884193 -497.592346
v 0.000000 -0.000081 -500.000000
v -34.654278 -34.654186 497.592346
v -68.974831 -68.974770 490.392639
v -102.631134 -102.631042 478.470215
v -135.298935 -135.298843 461.939789
v -166.663849 -166.663742 440.960632
v -196.423859 -196.423828 415.734833
v -224.291855 -224.291824 386.505249
v -250.000031 -249.999817 353.553406
v -273.300354 -273.300354 317.196686
v -293.968903 -293.968933 277.785187
v -311.806183 -311.806091 235.698425
v -326.640656 -326.640503 191.341766
v -338.329529 -338.329376 145.142395
v -346.759918 -346.759857 97.545212
v -351.850861 -351.850800 49.008629
v -353.553345 -353.553223 0.000058
v -351.850861 -351.850800 -49.008514
v -346.759918 -346.759918 -97.545105
v -338.329529 -338.329437 -145.142273
v -326.640656 -326.640564 -191.341675
v -311.806183 -311.806152 -235.698334
v -293.968903 -293.968994 -277.785065
v -273.300354 -273.300476 -317.196625
v -250.000031 -249.999939 -353.553345
v -224.291855 -224.291946 -386.505188
v -196.423859 -196.423950 -415.734772
v -166.663849 -166.663895 -440.960571
v -135.298935 -135.298996 -461.939728
v -102.631134 -102.631195 -478.470154
v -68.974831 -68.974922 -490.392639
v -34.654278 -34.654346 -497.592346
v -37.884121 -31.090603 497.592346
v -75.403412 -61.881916 490.392639
v -112.196548 -92.077240 478.470184
v -147.909042 -121.385719 461.939789
v -182.197250 -149.525299 440.960632
v -214.730927 -176.225082 415.734833
v -245.196289 -201.227371 386.505249
v -273.300476 -224.291718 353.553406
v -298.772461 -245.196243 317.196686
v -321.367340 -263.739410 277.785156
v -340.867065 -279.742310 235.698425
v -357.084167 -293.051239 191.341766
v -369.862457 -303.538147 145.142380
v -379.078583 -311.101715 97.545212
v -384.644043 -315.669128 49.008621
v -386.505188 -317.196503 0.000052
v -384.644043 -315.669128 -49.008522
v -379.078583 -311.101776 -97.545105
v -369.862457 -303.538208 -145.142288
v -357.084167 -293.051300 -191.341675
v -340.867065 -279.742371 -235.698334
v -321.367340 -263.739471 -277.785095
v -298.772461 -245.196335 -317.196625
v -273.300476 -224.291840 -353.553345
v -245.196289 -201.227493 -386.505188
v -214.730927 -176.225204 -415.734772
v -182.197250 -149.525452 -440.960571
v -147.909042 -121.385872 -461.939728
v -112.196548 -92.077393 -478.470184
v -75.403412 -61.882076 -490.392639
v -37.884121 -31.090767 -497.592346
v -40.749119 -27.227598 497.592346
v -81.105820 -54.193111 490.392639
v -120.681450 -80.636681 478.470184
v -159.094711 -106.303596 461.939789
v -195.975952 -130.946823 440.960632
v -230.970032 -154.329193 415.734833
v -263.739319 -176.224960 386.505249
v -293.968872 -196.423553 353.553406
v -321.367218 -214.730728 317.196686
v -345.670837 -230.969925 277.785156
v -366.645233 -244.984436 235.698425
v -384.088715 -256.639740 191.341766
v -397.833435 -265.823669 145.142380
v -407.746521 -272.447479 97.545204
v -413.732849 -276.447388 49.008617
v -415.734772 -277.784943 0.000045
v -413.732849 -276.447388 -49.008526
v -407.746521 -272.447540 -97.545113
v -397.833435 -265.823730 -145.142288
v -384.088715 -256.639801 -191.341675
v -366.645233 -244.984528 -235.698334
v -345.670837 -230.970016 -277.785095
v -321.367218 -214.730820 -317.196625
v -293.968872 -196.423676 -353.553345
v -263.739319 -176.225082 -386.505188
v -230.970032 -154.329315 -415.734772
v -195.975952 -130.946976 -440.960571
v -159.094711 -106.303749 -461.939728
v -120.681450 -80.636833 -478.470184
v -81.105820 -54.193272 -490.392639
v -40.749119 -27.227762 -497.592346
v -43.221680 -23.102377 497.592346
v -86.027138 -45.982391 490.392639
v -128.004120 -68.419540 478.470184
v -168.748199 -90.197701 461.939758
v -207.867325 -111.107285 440.960632
v -244.984741 -130.947037 415.734833
v -279.742432 -149.525406 386.505249
v -311.806213 -166.663742 353.553406
v -340.867004 -182.197235 317.196686
v -366.645355 -195.976074 277.785156
v -388.892456 -207.867249 235.698410
v -407.394318 -217.756683 191.341751
v -421.973022 -225.549164 145.142365
v -432.487640 -231.169434 97.545197
v -438.837189 -234.563278 49.008610
v -440.960571 -235.698196 0.000038
v -438.837189 -234.563309 -49.008533
v -432.487640 -231.169464 -97.545120
v -421.973022 -225.549225 -145.142303
v -407.394318 -217.756744 -191.341690
v -388.892456 -207.867340 -235.698349
v -366.645355 -195.976166 -277.785095
v -340.867004 -182.197327 -317.196625
v -311.806213 -166.663864 -353.553345
v -279.742432 -149.525528 -386.505188
v -244.984741 -130.947159 -415.734772
v -207.867325 -111.107422 -440.960571
v -168.748199 -90.197853 -461.939758
v -128.004120 -68.419693 -478.470184
v -86.027138 -45.982552 -490.392639
v -43.221680 -23.102541 -497.592346
v -45.277992 -18.754667 497.592346
v -90.119965 -37.328838 490.392639
v -134.094040 -55.543488 478.470184
v -176.776566 -73.223167 461.939758
v -217.756805 -90.197716 440.960602
v -256.640137 -106.303780 415.734833
v -293.051453 -121.385841 386.505249
v -326.640656 -135.298843 353.553406
v -357.084106 -147.909088 317.196686
v -384.088898 -159.094864 277.785156
v -407.394379 -168.748184 235.698410
v -426.776489 -176.776505 191.341751
v -442.048798 -183.102493 145.142365
v -453.063629 -187.665085 97.545189
v -459.715271 -190.420212 49.008602
v -461.939697 -191.341553 0.000031
v -459.715271 -190.420242 -49.008541
v -453.063629 -187.665115 -97.545128
v -442.048798 -183.102554 -145.142303
v -426.776489 -176.776566 -191.341690
v -407.394379 -168.748276 -235.698349
v -384.088898 -159.094955 -277.785095
v -357.084106 -147.909180 -317.196625
v -326.640656 -135.298965 -353.553345
v -293.051453 -121.385963 -386.505188
v -256.640137 -106.303917 -415.734772
v -217.756805 -90.197853 -440.960602
v -176.776566 -73.223320 -461.939758
v -134.094040 -55.543640 -478.470184
v -90.119965 -37.328999 -490.392639
v -45.277992 -18.754831 -497.592346
v -46.898251 -14.226339 497.592346
v -93.344887 -28.315788 490.392639
v -138.892563 -42.132519 478.470184
v -183.102463 -55.543438 461.939758
v -225.549179 -68.419495 440.960602
v -265.823975 -80.636757 415.734802
v -303.538239 -92.077271 386.505219
v -338.329407 -102.630959 353.553406
v -369.862244 -112.196487 317.196686
v -397.833435 -120.681496 277.785156
v -421.972900 -128.003967 235.698395
v -442.048584 -134.093857 191.341736
v -457.867371 -138.892441 145.142349
v -469.276428 -142.353424 97.545181
v -476.166077 -144.443298 49.008595
v -478.470093 -145.142166 0.000024
v -476.166077 -144.443329 -49.008549
v -469.276428 -142.353455 -97.545135
v -457.867371 -138.892502 -145.142319
v -442.048584 -134.093918 -191.341705
v -421.972900 -128.004059 -235.698364
v -397.833435 -120.681587 -277.785095
v -369.862244 -112.196594 -317.196625
v -338.329407 -102.631081 -353.553345
v -303.538239 -92.077393 -386.505219
v -265.823975 -80.636894 -415.734802
v -225.549179 -68.419632 -440.960602
v -183.102463 -55.543591 -461.939758
v -138.892563 -42.132671 -478.470184
v -93.344887 -28.315948 -490.392639
v -46.898251 -14.226501 -497.592346
v -48.066856 -9.561003 497.592346
v -95.670853 -19.030041 490.392639
v -142.353470 -28.315784 478.470184
v -187.664978 -37.328800 461.939758
v -231.169373 -45.982349 440.960602
v -272.447723 -54.193169 415.734802
v -311.101776 -61.881939 386.505219
v -346.759857 -68.974678 353.553375
v -379.078461 -75.403389 317.196655
v -407.746613 -81.105888 277.785126
v -432.487579 -86.027031 235.698395
v -453.063477 -90.119812 191.341736
v -469.276489 -93.344788 145.142349
v -480.969818 -95.670830 97.545174
v -488.031128 -97.075333 49.008587
v -490.392548 -97.544998 0.000016
v -488.031128 -97.075348 -49.008556
v -480.969818 -95.670860 -97.545143
v -469.276489 -93.344833 -145.142319
v -453.063477 -90.119873 -191.341705
v -432.487579 -86.027107 -235.698364
v -407.746613 -81.105980 -277.785126
v -379.078461 -75.403496 -317.196655
v -346.759857 -68.974800 -353.553375
v -311.101776 -61.882069 -386.505219
v -272.447723 -54.193306 -415.734802
v -231.169373 -45.982494 -440.960602
v -187.664978 -37.328953 -461.939758
v -142.353470 -28.315941 -478.470184
v -95.670853 -19.030201 -490.392639
v -48.066856 -9.561165 -497.592346
v -48.772549 -4.803588 497.592346
v -97.075439 -9.561023 490.392639
v -144.443451 -14.226355 478.470184
v -190.420197 -18.754669 461.939758
v -234.563293 -23.102367 440.960602
v -276.447723 -27.227663 415.734802
v -315.669220 -31.090656 386.505219
v -351.850830 -34.654144 353.553375
v -384.643921 -37.884113 317.196655
v -413.732971 -40.749184 277.785126
v -438.837128 -43.221592 235.698380
v -459.715149 -45.277878 191.341721
v -476.166199 -46.898167 145.142349
v -488.031219 -48.066853 97.545166
v -495.196167 -48.772480 49.008579
v -497.592255 -49.008419 0.000008
v -495.196167 -48.772495 -49.008564
v -488.031219 -48.066883 -97.545151
v -476.166199 -46.898212 -145.142319
v -459.715149 -45.277939 -191.341721
v -438.837128 -43.221668 -235.698380
v -413.732971 -40.749275 -277.785126
v -384.643921 -37.884220 -317.196655
v -351.850830 -34.654259 -353.553375
v -315.669220 -31.090782 -386.505219
v -276.447723 -27.227800 -415.734802
v -234.563293 -23.102512 -440.960602
v -190.420197 -18.754818 -461.939758
v -144.443451 -14.226511 -478.470184
v -97.075439 -9.561183 -490.392639
v -48.772549 -4.803751 -497.592346
v -49.008537 0.000088 497.592346
v -97.545151 0.000073 490.392639
v -145.142349 0.000084 478.470184
v -191.341553 0.000085 461.939758
v -235.698242 0.000100 440.960602
v -277.785339 0.000060 415.734802
v -317.196594 0.000046 386.505219
v -353.553284 0.000140 353.553375
v -386.505066 0.000003 317.196655
v -415.734894 -0.000040 277.785126
v -440.960480 0.000094 235.698380
v -461.939514 0.000113 191.341721
v -478.470154 0.000109 145.142334
v -490.392609 0.000027 97.545158
v -497.592194 0.000086 49.008572
v -499.999847 0.000142 -0.000000
v -497.592194 0.000070 -49.008572
v -490.392609 -0.000005 -97.545158
v -478.470154 0.000062 -145.142334
v -461.939514 0.000051 -191.341721
v -440.960480 0.000017 -235.698380
v -415.734894 -0.000131 -277.785126
v -386.505066 -0.000100 -317.196655
v -353.553284 0.000024 -353.553375
v -317.196594 -0.000080 -386.505219
v -277.785339 -0.000075 -415.734802
v -235.698242 -0.000044 -440.960602
v -191.341553 -0.000066 -461.939758
v -145.142349 -0.000072 -478.470184
v -97.545151 -0.000086 -490.392639
v -49.008537 -0.000074 -497.592346
v -48.772549 4.803765 497.592346
v -97.075439 9.561170 490.392639
v -144.443451 14.226521 478.470184
v -190.420181 18.754835 461.939758
v -234.563293 23.102568 440.960602
v -276.447723 27.227785 415.734802
v -315.669220 31.090752 386.505219
v -351.850830 34.654423 353.553375
v -384.643951 37.884129 317.196655
v -413.733002 40.749104 277.785126
v -438.837097 43.221779 235.698380
v -459.715149 45.278103 191.341721
v -476.166199 46.898384 145.142319
v -488.031219 48.066906 97.545151
v -495.196136 48.772648 49.008564
v -497.592224 49.008698 -0.000008
v -495.196136 48.772633 -49.008579
v -488.031219 48.066875 -97.545166
v -476.166199 46.898338 -145.142349
v -459.715149 45.278042 -191.341721
v -438.837097 43.221703 -235.698380
v -413.733002 40.749012 -277.785126
v -384.643951 37.884022 -317.196655
v -351.850830 34.654308 -353.553375
v -315.669220 31.090626 -386.505219
v -276.447723 27.227648 -415.734802
v -234.563293 23.102423 -440.960602
v -190.420181 18.754686 -461.939758
v -144.443451 14.226365 -478.470184
v -97.075439 9.561009 -490.392639
v -48.772549 4.803603 -497.592346
v -48.066853 9.561179 497.592346
v -95.670853 19.030190 490.392639
v -142.353470 28.315950 478.470184
v -187.664978 37.328968 461.939758
v -231.169357 45.982544 440.960602
v -272.447754 54.193291 415.734802
v -311.101776 61.882034 386.505219
v -346.759857 68.974968 353.553375
v -379.078522 75.403404 317.196655
v -407.746674 81.105812 277.785126
v -432.487518 86.027214 235.698364
v -453.063477 90.120041 191.341705
v -469.276489 93.345009 145.142319
v -480.969818 95.670876 97.545143
v -488.031067 97.075500 49.008556
v -490.392487 97.545273 -0.000016
v -488.031067 97.075485 -49.008587
v -480.969818 95.670845 -97.545174
v -469.276489 93.344963 -145.142349
v -453.063477 90.119980 -191.341736
v -432.487518 86.027138 -235.698395
v -407.746674 81.105721 -277.785126
v -379.078522 75.403297 -317.196655
v -346.759857 68.974846 -353.553375
v -311.101776 61.881905 -386.505219
v -272.447754 54.193153 -415.734802
v -231.169357 45.982399 -440.960602
v -187.664978 37.328815 -461.939758
v -142.353470 28.315794 -478.470184
v -95.670853 19.030029 -490.392639
v -48.066853 9.561017 -497.592346
v -46.898243 14.226516 497.592346
v -93.344887 28.315937 490.392639
v -138.892563 42.132679 478.470184
v -183.102432 55.543602 461.939758
v -225.549149 68.419685 440.960602
v -265.824005 80.636887 415.734802
v -303.538239 92.077362 386.505219
v -338.329407 102.631241 353.553345
v -369.862305 112.196495 317.196625
v -397.833496 120.681435 277.785095
v -421.972809 128.004166 235.698364
v -442.048553 134.094070 191.341705
v -457.867371 138.892685 145.142319
v -469.276428 142.353485 97.545135
v -476.166016 144.443466 49.008549
v -478.469971 145.142441 -0.000024
v -476.166016 144.443436 -49.008595
v -469.276428 142.353455 -97.545181
v -457.867371 138.892624 -145.142349
v -442.048553 134.094009 -191.341736
v -421.972809 128.004074 -235.698395
v -397.833496 120.681343 -277.785156
v -369.862305 112.196388 -317.196686
v -338.329407 102.631119 -353.553406
v -303.538239 92.077240 -386.505219
v -265.824005 80.636749 -415.734802
v -225.549149 68.419548 -440.960602
v -183.102432 55.543449 -461.939758
v -138.892563 42.132526 -478.470184
v -93.344887 28.315777 -490.392639
v -46.898243 14.226354 -497.592346
v -45.277981 18.754843 497.592346
v -90.119972 37.328987 490.392639
v -134.094025 55.543648 478.470184
v -176.776535 73.223328 461.939758
v -217.756760 90.197906 440.960602
v -256.640198 106.303902 415.734772
v -293.051453 121.385933 386.505188
v -326.640625 135.299118 353.553345
v -357.084167 147.909088 317.196625
v -384.088959 159.094833 277.785095
v -407.394287 168.748367 235.698349
v -426.776428 176.776703 191.341690
v -442.048798 183.102722 145.142303
v -453.063629 187.665146 97.545128
v -459.715210 190.420364 49.008541
v -461.939575 191.341797 -0.000031
v -459.715210 190.420334 -49.008602
v -453.063629 187.665115 -97.545189
v -442.048798 183.102661 -145.142365
v -426.776428 176.776642 -191.341751
v -407.394287 168.748276 -235.698410
v -384.088959 159.094742 -277.785156
v -357.084167 147.908997 -317.196686
v -326.640625 135.298996 -353.553406
v -293.051453 121.385811 -386.505249
v -256.640198 106.303764 -415.734833
v -217.756760 90.197769 -440.960602
v -176.776535 73.223175 -461.939758
v -134.094025 55.543495 -478.470184
v -90.119972 37.328827 -490.392639
v -45.277981 18.754679 -497.592346
v -43.221664 23.102552 497.592346
v -86.027145 45.982536 490.392639
v -128.004105 68.419701 478.470184
v -168.748169 90.197861 461.939758
v -207.867264 111.107468 440.960571
v -244.984818 130.947144 415.734772
v -279.742462 149.525497 386.505188
v -311.806152 166.663986 353.553345
v -340.867065 182.197235 317.196625
v -366.645447 195.976044 277.785095
v -388.892365 207.867416 235.698349
v -407.394226 217.756882 191.341690
v -421.972992 225.549408 145.142303
v -432.487610 231.169479 97.545120
v -438.837097 234.563400 49.008533
v -440.960449 235.698425 -0.000038
v -438.837097 234.563370 -49.008610
v -432.487610 231.169449 -97.545197
v -421.972992 225.549347 -145.142365
v -407.394226 217.756821 -191.341751
v -388.892365 207.867325 -235.698410
v -366.645447 195.975952 -277.785156
v -340.867065 182.197144 -317.196686
v -311.806152 166.663864 -353.553406
v -279.742462 149.525375 -386.505249
v -244.984818 130.947021 -415.734833
v -207.867264 111.107330 -440.960632
v -168.748169 90.197708 -461.939758
v -128.004105 68.419548 -478.470184
v -86.027145 45.982376 -490.392639
v -43.221664 23.102388 -497.592346
v -40.749104 27.227770 497.592346
v -81.105827 54.193253 490.392639
v -120.681435 80.636848 478.470184
v -159.094666 106.303757 461.939728
v -195.975906 130.947021 440.960571
v -230.970093 154.329315 415.734772
v -263.739349 176.225037 386.505188
v -293.968781 196.423798 353.553345
v -321.367249 214.730713 317.196625
v -345.670959 230.969925 277.785095
v -366.645172 244.984589 235.698334
v -384.088593 256.639923 191.341675
v -397.833374 265.823914 145.142288
v -407.746490 272.447571 97.545113
v -413.732727 276.447449 49.008526
v -415.734589 277.785187 -0.000045
v -413.732727 276.447449 -49.008617
v -407.746490 272.447510 -97.545204
v -397.833374 265.823853 -145.142380
v -384.088593 256.639862 -191.341766
v -366.645172 244.984497 -235.698425
v -345.670959 230.969833 -277.785156
v -321.367249 214.730621 -317.196686
v -293.968781 196.423676 -353.553406
v -263.739349 176.224915 -386.505249
v -230.970093 154.329193 -415.734833
v -195.975906 130.946869 -440.960632
v -159.094666 106.303604 -461.939789
v -120.681435 80.636696 -478.470184
v -81.105827 54.193092 -490.392639
v -40.749104 27.227606 -497.592346
v -37.884106 31.090773 497.592346
v -75.403419 61.882057 490.392639
v -112.196533 92.077408 478.470184
v -147.908997 121.385872 461.939728
v -182.197189 149.525482 440.960571
v -214.730988 176.225220 415.734772
v -245.196320 201.227448 386.505188
v -273.300323 224.291931 353.553345
v -298.772491 245.196228 317.196625
v -321.367462 263.739410 277.785095
v -340.866974 279.742432 235.698334
v -357.084015 293.051422 191.341675
v -369.862366 303.538391 145.142288
v -379.078552 311.101807 97.545105
v -384.643921 315.669189 49.008522
v -386.505005 317.196655 -0.000052
v -384.643921 315.669189 -49.008621
v -379.078552 311.101746 -97.545212
v -369.862366 303.538330 -145.142380
v -357.084015 293.051361 -191.341766
v -340.866974 279.742371 -235.698425
v -321.367462 263.739349 -277.785156
v -298.772491 245.196136 -317.196686
v -273.300323 224.291809 -353.553406
v -245.196320 201.227325 -386.505249
v -214.730988 176.225098 -415.734833
v -182.197189 149.525330 -440.960632
v -147.908997 121.385719 -461.939789
v -112.196533 92.077255 -478.470184
v -75.403419 61.881897 -490.392639
v -37.884106 31.090609 -497.592346
v -34.654259 34.654350 497.592346
v -68.974838 68.974907 490.392639
v -102.631119 102.631210 478.470154
v -135.298889 135.298981 461.939728
v -166.663803 166.663910 440.960571
v -196.423920 196.423965 415.734772
v -224.291885 224.291916 386.505188
v -249.999863 250.000031 353.553345
v -273.300385 273.300385 317.196625
v -293.968994 293.968933 277.785065
v -311.806091 311.806213 235.698334
v -326.640472 326.640656 191.341675
v -338.329437 338.329620 145.142273
v -346.759888 346.759949 97.545105
v -351.850769 351.850830 49.008514
v -353.553162 353.553375 -0.000058
v -351.850769 351.850830 -49.008629
v -346.759888 346.759888 -97.545212
v -338.329437 338.329559 -145.142395
v -326.640472 326.640594 -191.341766
v -311.806091 311.806152 -235.698425
v -293.968994 293.968872 -277.785187
v -273.300385 273.300262 -317.196686
v -249.999863 249.999908 -353.553406
v -224.291885 224.291794 -386.505249
v -196.423920 196.423843 -415.734833
v -166.663803 166.663757 -440.960632
v -135.298889 135.298828 -461.939789
v -102.631119 102.631058 -478.470215
v -68.974838 68.974754 -490.392639
v -34.654259 34.654190 -497.592346
v -31.090677 37.884193 497.592346
v -61.881989 75.403488 490.392639
v -92.077316 112.196625 478.470154
v -121.385765 147.909088 461.939728
v -149.525345 182.197296 440.960571
v -176.225174 214.731033 415.734772
v -201.227432 245.196350 386.505188
v -224.291779 273.300476 353.553345
v -245.196259 298.772491 317.196594
v -263.739471 321.367371 277.785065
v -279.742310 340.867096 235.698318
v -293.051239 357.084167 191.341660
v -303.538208 369.862549 145.142273
v -311.101746 379.078613 97.545097
v -315.669128 384.643982 49.008511
v -317.196442 386.505188 -0.000063
v -315.669128 384.643982 -49.008633
v -311.101746 379.078552 -97.545219
v -303.538208 369.862488 -145.142395
v -293.051239 357.084106 -191.341782
v -279.742310 340.867035 -235.698441
v -263.739471 321.367310 -277.785187
v -245.196259 298.772369 -317.196716
v -224.291779 273.300354 -353.553406
v -201.227432 245.196228 -386.505249
v -176.225174 214.730911 -415.734833
v -149.525345 182.197144 -440.960632
v -121.385765 147.908936 -461.939789
v -92.077316 112.196472 -478.470215
v -61.881989 75.403336 -490.392639
v -31.090677 37.884033 -497.592346
v -27.227674 40.749187 497.592346
v -54.193184 81.105896 490.392639
v -80.636757 120.681526 478.470154
v -106.303650 159.094757 461.939728
v -130.946884 195.976013 440.960571
v -154.329269 230.970123 415.734772
v -176.225021 263.739380 386.505188
v -196.423615 293.968903 353.553314
v -214.730743 321.367249 317.196594
v -230.970001 345.670868 277.785065
v -244.984451 366.645264 235.698318
v -256.639771 384.088715 191.341660
v -265.823730 397.833527 145.142273
v -272.447510 407.746552 97.545090
v -276.447388 413.732788 49.008503
v -277.784882 415.734741 -0.000068
v -276.447388 413.732788 -49.008640
v -272.447510 407.746490 -97.545227
v -265.823730 397.833466 -145.142395
v -256.639771 384.088654 -191.341782
v -244.984451 366.645203 -235.698441
v -230.970001 345.670807 -277.785187
v -214.730743 321.367126 -317.196716
v -196.423615 293.968781 -353.553436
v -176.225021 263.739258 -386.505249
v -154.329269 230.970001 -415.734833
v -130.946884 195.975861 -440.960632
v -106.303650 159.094604 -461.939789
v -80.636757 120.681374 -478.470215
v -54.193184 81.105743 -490.392639
v -27.227674 40.749027 -497.592346
v -23.102453 43.221748 497.592346
v -45.982464 86.027214 490.392639
v -68.419617 128.004196 478.470154
v -90.197754 168.748245 461.939728
v -111.107346 207.867371 440.960571
v -130.947113 244.984848 415.734772
v -149.525467 279.742493 386.505188
v -166.663803 311.806213 353.553314
v -182.197250 340.867035 317.196594
v -195.976151 366.645386 277.785065
v -207.867264 388.892487 235.698318
v -217.756714 407.394318 191.341660
v -225.549210 421.973114 145.142258
v -231.169449 432.487671 97.545090
v -234.563293 438.837128 49.008499
v -235.698135 440.960541 -0.000072
v -234.563293 438.837128 -49.008644
v -231.169449 432.487610 -97.545227
v -225.549210 421.973053 -145.142410
v -217.756714 407.394257 -191.341782
v -207.867264 388.892426 -235.698441
v -195.976151 366.645325 -277.785187
v -182.197250 340.866913 -317.196716
v -166.663803 311.806091 -353.553436
v -149.525467 279.742371 -386.505249
v -130.947113 244.984726 -415.734833
v -111.107346 207.867218 -440.960632
v -90.197754 168.748093 -461.939789
v -68.419617 128.004044 -478.470215
v -45.982464 86.027061 -490.392639
v -23.102453 43.221588 -497.592346
v -18.754744 45.278061 497.592346
v -37.328911 90.120041 490.392639
v -55.543564 134.094116 478.470154
v -73.223221 176.776611 461.939728
v -90.197777 217.756851 440.960571
v -106.303864 256.640259 415.734772
v -121.385902 293.051514 386.505157
v -135.298920 326.640656 353.553314
v -147.909119 357.084137 317.196594
v -159.094940 384.088928 277.785065
v -168.748199 407.394409 235.698318
v -176.776535 426.776489 191.341644
v -183.102524 442.048889 145.142258
v -187.665100 453.063660 97.545082
v -190.420242 459.715210 49.008495
v -191.341492 461.939636 -0.000075
v -190.420242 459.715210 -49.008648
v -187.665100 453.063599 -97.545235
v -183.102524 442.048828 -145.142410
v -176.776535 426.776428 -191.341797
v -168.748199 407.394348 -235.698441
v -159.094940 384.088867 -277.785187
v -147.909119 357.084015 -317.196716
v -135.298920 326.640533 -353.553436
v -121.385902 293.051392 -386.505280
v -106.303864 256.640137 -415.734833
v -90.197777 217.756699 -440.960632
v -73.223221 176.776459 -461.939789
v -55.543564 134.093964 -478.470215
v -37.328911 90.119888 -490.392639
v -18.754744 45.277901 -497.592346
v -14.226417 46.898319 497.592346
v -28.315861 93.344963 490.392639
v -42.132595 138.892639 478.470154
v -55.543499 183.102509 461.939728
v -68.419563 225.549225 440.960571
v -80.636841 265.824066 415.734772
v -92.077332 303.538300 386.505157
v -102.631035 338.329407 353.553314
v -112.196533 369.862305 317.196594
v -120.681572 397.833466 277.785065
v -128.003983 421.972931 235.698303
v -134.093903 442.048584 191.341644
v -138.892471 457.867462 145.142258
v -142.353439 469.276459 97.545082
v -144.443329 476.166016 49.008495
v -145.142120 478.470032 -0.000078
v -144.443329 476.166016 -49.008648
v -142.353439 469.276398 -97.545235
v -138.892471 457.867401 -145.142410
v -134.093903 442.048523 -191.341797
v -128.003983 421.972870 -235.698456
v -120.681572 397.833405 -277.785187
v -112.196533 369.862183 -317.196716
v -102.631035 338.329285 -353.553436
v -92.077332 303.538177 -386.505280
v -80.636841 265.823944 -415.734833
v -68.419563 225.549072 -440.960632
v -55.543499 183.102356 -461.939789
v -42.132595 138.892487 -478.470215
v -28.315861 93.344810 -490.392639
v -14.226417 46.898159 -497.592346
v -9.561081 48.066925 497.592346
v -19.030113 95.670929 490.392609
v -28.315863 142.353546 478.470154
v -37.328861 187.665039 461.939728
v -45.982422 231.169418 440.960571
v -54.193249 272.447845 415.734772
v -61.882004 311.101837 386.505157
v -68.974762 346.759857 353.553314
v -75.403435 379.078491 317.196594
v -81.105965 407.746643 277.785065
v -86.027039 432.487610 235.698303
v -90.119865 453.063477 191.341644
v -93.344810 469.276581 145.142258
v -95.670845 480.969849 97.545082
v -97.075356 488.031067 49.008492
v -97.544968 490.392487 -0.000080
v -97.075356 488.031067 -49.008652
v -95.670845 480.969788 -97.545235
v -93.344810 469.276520 -145.142410
v -90.119865 453.063416 -191.341797
v -86.027039 432.487549 -235.698456
v -81.105965 407.746582 -277.785187
v -75.403435 379.078369 -317.196716
v -68.974762 346.759735 -353.553436
v -61.882004 311.101715 -386.505280
v -54.193249 272.447723 -415.734833
v -45.982422 231.169266 -440.960632
v -37.328861 187.664886 -461.939789
v -28.315863 142.353394 -478.470215
v -19.030113 95.670776 -490.392670
v -9.561081 48.066765 -497.592346
v -4.803667 48.772617 497.592346
v -9.561095 97.075516 490.392609
v -14.226433 144.443527 478.470154
v -18.754730 190.420227 461.939728
v -23.102442 234.563339 440.960571
v -27.227737 276.447845 415.734772
v -31.090719 315.669281 386.505157
v -34.654224 351.850830 353.553314
v -37.884163 384.643951 317.196594
v -40.749260 413.733002 277.785065
v -43.221600 438.837158 235.698303
v -45.277931 459.715149 191.341644
v -46.898182 476.166290 145.142258
v -48.066868 488.031250 97.545082
v -48.772507 495.196106 49.008492
v -49.008392 497.592194 -0.000081
v -48.772507 495.196106 -49.008652
v -48.066868 488.031189 -97.545235
v -46.898182 476.166229 -145.142410
v -45.277931 459.715088 -191.341797
v -43.221600 438.837097 -235.698456
v -40.749260 413.732941 -277.785187
v -37.884163 384.643829 -317.196716
v -34.654224 351.850708 -353.553436
v -31.090719 315.669159 -386.505280
v -27.227737 276.447723 -415.734833
v -23.102442 234.563187 -440.960632
v -18.754730 190.420074 -461.939789
v -14.226433 144.443375 -478.470215
v -9.561095 97.075363 -490.392670
v -4.803667 48.772457 -497.592346
v 0.000017 191.341583 461.939728
v -0.000007 277.785461 415.734772
v -0.000017 317.196655 386.505157
v 0.000052 353.553284 353.553314
v -0.000048 386.505096 317.196594
v -0.000115 415.734924 277.785065
v 0.000011 490.392639 97.545082
v 0.000011 490.392578 -97.545235
v -0.000115 415.734863 -277.785187
v -0.000048 386.504974 -317.196716
v 0.000052 353.553162 -353.553436
v -0.000017 317.196533 -386.505280
v -0.000007 277.785339 -415.734833
v 0.000022 235.698135 -440.960632
v 0.000017 191.341431 -461.939789
v 0.000001 97.545074 -490.392670
vn -0.0000 -0.4726 0.8813
vn -0.0546 -0.5539 0.8308
vn -0.0000 -0.5566 0.8308
vn -0.0000 -0.9808 -0.1948
vn -0.0938 -0.9525 -0.2899
vn -0.0000 -0.9571 -0.2899
vn -0.0000 -0.0995 -0.9950
vn -0.0098 -0.0991 -0.9950
vn -0.0000 -0.0000 -1.0000
vn -0.0376 -0.3821 0.9233
vn -0.0000 -0.3840 0.9233
vn -0.0975 -0.9904 -0.0979
vn -0.0000 -0.9952 -0.0979
vn -0.0193 -0.1956 -0.9805
vn -0.0000 -0.1966 -0.9805
vn -0.0286 -0.2903 0.9565
vn -0.0000 -0.2917 0.9565
vn -0.0980 -0.9952 -0.0000
vn -0.0000 -1.0000 -0.0000
vn -0.0000 -0.2917 -0.9565
vn -0.0193 -0.1956 0.9805
vn -0.0000 -0.1966 0.9805
vn -0.0975 -0.9904 0.0979
vn -0.0000 -0.9952 0.0979
vn -0.0000 -0.3840 -0.9233
vn -0.0286 -0.2903 -0.9565
vn -0.0098 -0.0991 0.9950
vn -0.0000 -0.0995 0.9950
vn -0.0961 -0.9761 0.1948
vn -0.0000 -0.9808 0.1948
vn -0.0000 -0.4726 -0.8813
vn -0.0376 -0.3821 -0.9233
vn -0.0000 -0.0000 1.0000
vn -0.0938 -0.9525 0.2899
vn -0.0000 -0.9571 0.2899
vn -0.0546 -0.5539 -0.8308
vn -0.0000 -0.5566 -0.8308
vn -0.0906 -0.9197 0.3821
vn -0.0000 -0.9241 0.3821
vn -0.0623 -0.6322 -0.7723
vn -0.0000 -0.6353 -0.7723
vn -0.0865 -0.8780 0.4708
vn -0.0000 -0.8823 0.4708
vn -0.0000 -0.7079 -0.7063
vn -0.0815 -0.8279 0.5549
vn -0.0000 -0.8319 0.5549
vn -0.0000 -0.7736 -0.6336
vn -0.0694 -0.7045 -0.7063
vn -0.0758 -0.7699 0.6336
vn -0.0000 -0.7736 0.6336
vn -0.0815 -0.8279 -0.5549
vn -0.0000 -0.8319 -0.5549
vn -0.0694 -0.7045 0.7063
vn -0.0000 -0.7079 0.7063
vn -0.0000 -0.8823 -0.4708
vn -0.0623 -0.6322 0.7723
vn -0.0000 -0.6353 0.7723
vn -0.0906 -0.9197 -0.3821
vn -0.0000 -0.9241 -0.3821
vn -0.1623 -0.8160 0.5549
vn -0.0758 -0.7699 -0.6336
vn -0.1381 -0.6943 -0.7063
vn -0.1509 -0.7588 0.6336
vn -0.1509 -0.7588 -0.6336
vn -0.1381 -0.6943 0.7063
vn -0.0865 -0.8780 -0.4708
vn -0.1623 -0.8160 -0.5549
vn -0.1803 -0.9063 -0.3821
vn -0.1239 -0.6231 0.7723
vn -0.0922 -0.4635 0.8813
vn -0.0463 -0.4703 0.8813
vn -0.1914 -0.9620 -0.1948
vn -0.0961 -0.9761 -0.1948
vn -0.0194 -0.0976 -0.9950
vn -0.1942 -0.9761 -0.0979
vn -0.0569 -0.2861 0.9565
vn -0.1951 -0.9808 -0.0000
vn -0.0569 -0.2861 -0.9565
vn -0.1942 -0.9761 0.0979
vn -0.0749 -0.3766 -0.9233
vn -0.0194 -0.0976 0.9950
vn -0.0922 -0.4635 -0.8813
vn -0.0463 -0.4703 -0.8813
vn -0.1914 -0.9620 0.1948
vn -0.1086 -0.5459 -0.8308
vn -0.1803 -0.9063 0.3821
vn -0.1239 -0.6231 -0.7723
vn -0.2246 -0.7403 0.6336
vn -0.2561 -0.8443 -0.4708
vn -0.1721 -0.8653 -0.4708
vn -0.1844 -0.6080 0.7723
vn -0.2683 -0.8843 -0.3821
vn -0.1616 -0.5327 0.8308
vn -0.1086 -0.5459 0.8308
vn -0.1867 -0.9387 -0.2899
vn -0.1372 -0.4522 0.8813
vn -0.2847 -0.9386 -0.1948
vn -0.0289 -0.0952 -0.9950
vn -0.1115 -0.3675 0.9233
vn -0.0749 -0.3766 0.9233
vn -0.0571 -0.1881 -0.9805
vn -0.0383 -0.1928 -0.9805
vn -0.2903 -0.9569 -0.0000
vn -0.0847 -0.2791 -0.9565
vn -0.0571 -0.1881 0.9805
vn -0.0383 -0.1928 0.9805
vn -0.2889 -0.9523 0.0979
vn -0.1115 -0.3675 -0.9233
vn -0.0289 -0.0952 0.9950
vn -0.2847 -0.9386 0.1948
vn -0.1372 -0.4522 -0.8813
vn -0.1867 -0.9387 0.2899
vn -0.2683 -0.8843 0.3821
vn -0.1616 -0.5327 -0.8308
vn -0.1721 -0.8653 0.4708
vn -0.2055 -0.6774 -0.7063
vn -0.2415 -0.7961 0.5549
vn -0.2246 -0.7403 -0.6336
vn -0.2130 -0.5143 0.8308
vn -0.3663 -0.8842 -0.2899
vn -0.2778 -0.9159 -0.2899
vn -0.1809 -0.4366 0.8813
vn -0.0381 -0.0920 -0.9950
vn -0.1469 -0.3548 0.9233
vn -0.3808 -0.9194 -0.0979
vn -0.2889 -0.9523 -0.0979
vn -0.0752 -0.1816 -0.9805
vn -0.0847 -0.2791 0.9565
vn -0.1116 -0.2695 -0.9565
vn -0.0752 -0.1816 0.9805
vn -0.3808 -0.9194 0.0979
vn -0.1469 -0.3548 -0.9233
vn -0.0381 -0.0920 0.9950
vn -0.1809 -0.4366 -0.8813
vn -0.3663 -0.8842 0.2899
vn -0.2778 -0.9159 0.2899
vn -0.2130 -0.5143 -0.8308
vn -0.3536 -0.8538 0.3821
vn -0.1844 -0.6080 -0.7723
vn -0.2561 -0.8443 0.4708
vn -0.2709 -0.6540 -0.7063
vn -0.3184 -0.7686 0.5549
vn -0.2961 -0.7147 -0.6336
vn -0.2961 -0.7147 0.6336
vn -0.2415 -0.7961 -0.5549
vn -0.2055 -0.6774 0.7063
vn -0.3376 -0.8151 -0.4708
vn -0.2431 -0.5869 0.7723
vn -0.3536 -0.8538 -0.3821
vn -0.0469 -0.0878 -0.9950
vn -0.2228 -0.4168 0.8813
vn -0.4691 -0.8777 -0.0979
vn -0.3754 -0.9062 -0.1948
vn -0.0927 -0.1734 -0.9805
vn -0.1375 -0.2572 0.9565
vn -0.1116 -0.2695 0.9565
vn -0.3827 -0.9239 -0.0000
vn -0.0927 -0.1734 0.9805
vn -0.4691 -0.8777 0.0979
vn -0.1375 -0.2572 -0.9565
vn -0.3754 -0.9062 0.1948
vn -0.2228 -0.4168 -0.8813
vn -0.0469 -0.0878 0.9950
vn -0.4512 -0.8441 0.2899
vn -0.2624 -0.4909 -0.8308
vn -0.4356 -0.8150 0.3821
vn -0.2431 -0.5869 -0.7723
vn -0.3376 -0.8151 0.4708
vn -0.3337 -0.6243 -0.7063
vn -0.4159 -0.7781 0.4708
vn -0.3647 -0.6823 -0.6336
vn -0.3647 -0.6823 0.6336
vn -0.3184 -0.7686 -0.5549
vn -0.2709 -0.6540 0.7063
vn -0.4159 -0.7781 -0.4708
vn -0.3337 -0.6243 0.7063
vn -0.4356 -0.8150 -0.3821
vn -0.2624 -0.4909 0.8308
vn -0.4512 -0.8441 -0.2899
vn -0.1621 -0.2425 -0.9565
vn -0.1092 -0.1634 0.9805
vn -0.5529 -0.8275 0.0979
vn -0.4714 -0.8819 -0.0000
vn -0.1810 -0.3386 -0.9233
vn -0.0553 -0.0828 0.9950
vn -0.4624 -0.8650 0.1948
vn -0.2133 -0.3193 -0.9233
vn -0.5317 -0.7958 0.2899
vn -0.3092 -0.4628 -0.8308
vn -0.5134 -0.7684 0.3821
vn -0.3530 -0.5282 -0.7723
vn -0.2995 -0.5603 -0.7723
vn -0.4902 -0.7336 0.4708
vn -0.4622 -0.6917 0.5549
vn -0.3922 -0.7337 0.5549
vn -0.4298 -0.6432 -0.6336
vn -0.4298 -0.6432 0.6336
vn -0.3922 -0.7337 -0.5549
vn -0.4622 -0.6917 -0.5549
vn -0.3530 -0.5282 0.7723
vn -0.2995 -0.5603 0.7723
vn -0.4902 -0.7336 -0.4708
vn -0.5317 -0.7958 -0.2899
vn -0.2626 -0.3929 0.8813
vn -0.5449 -0.8155 -0.1948
vn -0.4624 -0.8650 -0.1948
vn -0.0553 -0.0828 -0.9950
vn -0.2133 -0.3193 0.9233
vn -0.1810 -0.3386 0.9233
vn -0.5529 -0.8275 -0.0979
vn -0.1092 -0.1634 -0.9805
vn -0.1621 -0.2425 0.9565
vn -0.2626 -0.3929 -0.8813
vn -0.2436 -0.2968 -0.9233
vn -0.0631 -0.0769 0.9950
vn -0.6072 -0.7398 0.2899
vn -0.5449 -0.8155 0.1948
vn -0.3531 -0.4303 -0.8308
vn -0.5597 -0.6820 0.4708
vn -0.3933 -0.5886 -0.7063
vn -0.4030 -0.4911 -0.7723
vn -0.5278 -0.6431 0.5549
vn -0.4908 -0.5980 -0.6336
vn -0.4908 -0.5980 0.6336
vn -0.3933 -0.5886 0.7063
vn -0.5278 -0.6431 -0.5549
vn -0.4030 -0.4911 0.7723
vn -0.5862 -0.7143 -0.3821
vn -0.5134 -0.7684 -0.3821
vn -0.3531 -0.4303 0.8308
vn -0.3092 -0.4628 0.8308
vn -0.6072 -0.7398 -0.2899
vn -0.0631 -0.0769 -0.9950
vn -0.2436 -0.2968 0.9233
vn -0.6313 -0.7693 -0.0979
vn -0.1247 -0.1519 -0.9805
vn -0.1850 -0.2255 0.9565
vn -0.5556 -0.8315 -0.0000
vn -0.1247 -0.1519 0.9805
vn -0.6313 -0.7693 0.0979
vn -0.1850 -0.2255 -0.9565
vn -0.4492 -0.4492 -0.7723
vn -0.6239 -0.6239 0.4708
vn -0.5862 -0.7143 0.3821
vn -0.4491 -0.5472 -0.7063
vn -0.5883 -0.5883 0.5549
vn -0.5470 -0.5470 -0.6336
vn -0.5883 -0.5883 -0.5549
vn -0.4491 -0.5472 0.7063
vn -0.5470 -0.5470 0.6336
vn -0.5597 -0.6820 -0.4708
vn -0.4492 -0.4492 0.7723
vn -0.6239 -0.6239 -0.4708
vn -0.3936 -0.3936 0.8308
vn -0.6768 -0.6768 -0.2899
vn -0.2998 -0.3653 0.8813
vn -0.6222 -0.7582 -0.1948
vn -0.0704 -0.0704 -0.9950
vn -0.2715 -0.2715 0.9233
vn -0.7037 -0.7037 -0.0979
vn -0.2063 -0.2063 0.9565
vn -0.6344 -0.7730 -0.0000
vn -0.1390 -0.1390 -0.9805
vn -0.7037 -0.7037 0.0979
vn -0.2715 -0.2715 -0.9233
vn -0.0704 -0.0704 0.9950
vn -0.6936 -0.6936 0.1948
vn -0.6222 -0.7582 0.1948
vn -0.2998 -0.3653 -0.8813
vn -0.6768 -0.6768 0.2899
vn -0.3936 -0.3936 -0.8308
vn -0.5980 -0.4908 -0.6336
vn -0.5005 -0.5005 -0.7063
vn -0.5980 -0.4908 0.6336
vn -0.5005 -0.5005 0.7063
vn -0.6431 -0.5278 -0.5549
vn -0.4911 -0.4030 0.7723
vn -0.6534 -0.6534 -0.3821
vn -0.6820 -0.5597 -0.4708
vn -0.4303 -0.3531 0.8308
vn -0.7398 -0.6072 -0.2899
vn -0.3342 -0.3342 0.8813
vn -0.6936 -0.6936 -0.1948
vn -0.0769 -0.0631 -0.9950
vn -0.2968 -0.2436 0.9233
vn -0.7693 -0.6313 -0.0979
vn -0.1519 -0.1247 -0.9805
vn -0.2255 -0.1850 0.9565
vn -0.7071 -0.7071 -0.0000
vn -0.2063 -0.2063 -0.9565
vn -0.1519 -0.1247 0.9805
vn -0.1390 -0.1390 0.9805
vn -0.7693 -0.6313 0.0979
vn -0.2968 -0.2436 -0.9233
vn -0.0769 -0.0631 0.9950
vn -0.3653 -0.2998 -0.8813
vn -0.3342 -0.3342 -0.8813
vn -0.7398 -0.6072 0.2899
vn -0.4303 -0.3531 -0.8308
vn -0.6534 -0.6534 0.3821
vn -0.6820 -0.5597 0.4708
vn -0.4911 -0.4030 -0.7723
vn -0.6431 -0.5278 0.5549
vn -0.6917 -0.4622 -0.5549
vn -0.5282 -0.3530 0.7723
vn -0.5472 -0.4491 0.7063
vn -0.7684 -0.5134 -0.3821
vn -0.7143 -0.5862 -0.3821
vn -0.7958 -0.5317 -0.2899
vn -0.3653 -0.2998 0.8813
vn -0.4628 -0.3092 0.8308
vn -0.7582 -0.6222 -0.1948
vn -0.0828 -0.0553 -0.9950
vn -0.3193 -0.2133 0.9233
vn -0.8275 -0.5529 -0.0979
vn -0.1634 -0.1092 -0.9805
vn -0.7730 -0.6344 -0.0000
vn -0.2425 -0.1621 -0.9565
vn -0.2255 -0.1850 -0.9565
vn -0.1634 -0.1092 0.9805
vn -0.8275 -0.5529 0.0979
vn -0.3193 -0.2133 -0.9233
vn -0.0828 -0.0553 0.9950
vn -0.8155 -0.5449 0.1948
vn -0.7582 -0.6222 0.1948
vn -0.7958 -0.5317 0.2899
vn -0.4628 -0.3092 -0.8308
vn -0.7143 -0.5862 0.3821
vn -0.5282 -0.3530 -0.7723
vn -0.7684 -0.5134 0.3821
vn -0.5472 -0.4491 -0.7063
vn -0.6917 -0.4622 0.5549
vn -0.6432 -0.4298 -0.6336
vn -0.6432 -0.4298 0.6336
vn -0.8441 -0.4512 -0.2899
vn -0.3929 -0.2626 0.8813
vn -0.4909 -0.2624 0.8308
vn -0.8155 -0.5449 -0.1948
vn -0.0878 -0.0469 -0.9950
vn -0.3386 -0.1810 0.9233
vn -0.8777 -0.4691 -0.0979
vn -0.1734 -0.0927 -0.9805
vn -0.2425 -0.1621 0.9565
vn -0.8315 -0.5556 -0.0000
vn -0.2572 -0.1375 0.9565
vn -0.8777 -0.4691 0.0979
vn -0.3386 -0.1810 -0.9233
vn -0.0878 -0.0469 0.9950
vn -0.8650 -0.4624 0.1948
vn -0.4168 -0.2228 -0.8813
vn -0.3929 -0.2626 -0.8813
vn -0.8441 -0.4512 0.2899
vn -0.4909 -0.2624 -0.8308
vn -0.5603 -0.2995 -0.7723
vn -0.7781 -0.4159 0.4708
vn -0.7336 -0.4902 0.4708
vn -0.5886 -0.3933 -0.7063
vn -0.7337 -0.3922 0.5549
vn -0.6823 -0.3647 -0.6336
vn -0.6823 -0.3647 0.6336
vn -0.7337 -0.3922 -0.5549
vn -0.5886 -0.3933 0.7063
vn -0.7336 -0.4902 -0.4708
vn -0.5603 -0.2995 0.7723
vn -0.7781 -0.4159 -0.4708
vn -0.9062 -0.3754 -0.1948
vn -0.8650 -0.4624 -0.1948
vn -0.1816 -0.0752 -0.9805
vn -0.2695 -0.1116 0.9565
vn -0.9239 -0.3827 -0.0000
vn -0.8819 -0.4714 -0.0000
vn -0.2572 -0.1375 -0.9565
vn -0.1816 -0.0752 0.9805
vn -0.1734 -0.0927 0.9805
vn -0.2695 -0.1116 -0.9565
vn -0.0920 -0.0381 0.9950
vn -0.9062 -0.3754 0.1948
vn -0.4366 -0.1809 -0.8813
vn -0.8842 -0.3663 0.2899
vn -0.5143 -0.2130 -0.8308
vn -0.8150 -0.4356 0.3821
vn -0.8151 -0.3376 0.4708
vn -0.6243 -0.3337 -0.7063
vn -0.5869 -0.2431 -0.7723
vn -0.7686 -0.3184 0.5549
vn -0.7147 -0.2961 -0.6336
vn -0.7686 -0.3184 -0.5549
vn -0.6243 -0.3337 0.7063
vn -0.7147 -0.2961 0.6336
vn -0.5869 -0.2431 0.7723
vn -0.8150 -0.4356 -0.3821
vn -0.8151 -0.3376 -0.4708
vn -0.5143 -0.2130 0.8308
vn -0.8842 -0.3663 -0.2899
vn -0.4168 -0.2228 0.8813
vn -0.0920 -0.0381 -0.9950
vn -0.3548 -0.1469 0.9233
vn -0.9194 -0.3808 0.0979
vn -0.9569 -0.2903 -0.0000
vn -0.3675 -0.1115 -0.9233
vn -0.3548 -0.1469 -0.9233
vn -0.0952 -0.0289 0.9950
vn -0.9386 -0.2847 0.1948
vn -0.9159 -0.2778 0.2899
vn -0.5327 -0.1616 -0.8308
vn -0.8538 -0.3536 0.3821
vn -0.6080 -0.1844 -0.7723
vn -0.8843 -0.2683 0.3821
vn -0.6540 -0.2709 -0.7063
vn -0.7961 -0.2415 0.5549
vn -0.7403 -0.2246 -0.6336
vn -0.7403 -0.2246 0.6336
vn -0.6540 -0.2709 0.7063
vn -0.7961 -0.2415 -0.5549
vn -0.6080 -0.1844 0.7723
vn -0.8843 -0.2683 -0.3821
vn -0.8538 -0.3536 -0.3821
vn -0.9159 -0.2778 -0.2899
vn -0.4522 -0.1372 0.8813
vn -0.4366 -0.1809 0.8813
vn -0.0952 -0.0289 -0.9950
vn -0.3675 -0.1115 0.9233
vn -0.9194 -0.3808 -0.0979
vn -0.9386 -0.2847 -0.1948
vn -0.1881 -0.0571 -0.9805
vn -0.2791 -0.0847 0.9565
vn -0.1881 -0.0571 0.9805
vn -0.9387 -0.1867 0.2899
vn -0.5459 -0.1086 -0.8308
vn -0.4522 -0.1372 -0.8813
vn -0.8653 -0.1721 0.4708
vn -0.8443 -0.2561 0.4708
vn -0.6774 -0.2055 -0.7063
vn -0.6231 -0.1239 -0.7723
vn -0.8160 -0.1623 0.5549
vn -0.7588 -0.1509 -0.6336
vn -0.7588 -0.1509 0.6336
vn -0.8160 -0.1623 -0.5549
vn -0.6774 -0.2055 0.7063
vn -0.8443 -0.2561 -0.4708
vn -0.6231 -0.1239 0.7723
vn -0.9063 -0.1803 -0.3821
vn -0.5327 -0.1616 0.8308
vn -0.9387 -0.1867 -0.2899
vn -0.4635 -0.0922 0.8813
vn -0.0976 -0.0194 -0.9950
vn -0.3766 -0.0749 0.9233
vn -0.9523 -0.2889 -0.0979
vn -0.9620 -0.1914 -0.1948
vn -0.2861 -0.0569 0.9565
vn -0.9808 -0.1951 -0.0000
vn -0.2861 -0.0569 -0.9565
vn -0.2791 -0.0847 -0.9565
vn -0.1928 -0.0383 0.9805
vn -0.9523 -0.2889 0.0979
vn -0.0976 -0.0194 0.9950
vn -0.9620 -0.1914 0.1948
vn -0.4635 -0.0922 -0.8813
vn -0.8780 -0.0865 0.4708
vn -0.9063 -0.1803 0.3821
vn -0.6943 -0.1381 -0.7063
vn -0.6322 -0.0623 -0.7723
vn -0.8279 -0.0815 0.5549
vn -0.7699 -0.0758 -0.6336
vn -0.8279 -0.0815 -0.5549
vn -0.6943 -0.1381 0.7063
vn -0.7699 -0.0758 0.6336
vn -0.8653 -0.1721 -0.4708
vn -0.6322 -0.0623 0.7723
vn -0.8780 -0.0865 -0.4708
vn -0.5539 -0.0546 0.8308
vn -0.5459 -0.1086 0.8308
vn -0.9525 -0.0938 -0.2899
vn -0.4703 -0.0463 0.8813
vn -0.0991 -0.0098 -0.9950
vn -0.3821 -0.0376 0.9233
vn -0.9761 -0.1942 -0.0979
vn -0.9761 -0.0961 -0.1948
vn -0.1956 -0.0193 -0.9805
vn -0.1928 -0.0383 -0.9805
vn -0.2903 -0.0286 0.9565
vn -0.9952 -0.0980 -0.0000
vn -0.2903 -0.0286 -0.9565
vn -0.9761 -0.1942 0.0979
vn -0.3766 -0.0749 -0.9233
vn -0.1956 -0.0193 0.9805
vn -0.9761 -0.0961 0.1948
vn -0.4703 -0.0463 -0.8813
vn -0.0991 -0.0098 0.9950
vn -0.9525 -0.0938 0.2899
vn -0.5539 -0.0546 -0.8308
vn -0.8319 -0.0000 0.5549
vn -0.8319 -0.0000 -0.5549
vn -0.7045 -0.0694 0.7063
vn -0.7736 -0.0000 0.6336
vn -0.6353 -0.0000 0.7723
vn -0.9241 -0.0000 -0.3821
vn -0.9197 -0.0906 -0.3821
vn -0.5566 -0.0000 0.8308
vn -0.9571 -0.0000 -0.2899
vn -0.0995 -0.0000 -0.9950
vn -0.3840 -0.0000 0.9233
vn -0.9904 -0.0975 -0.0979
vn -0.9808 -0.0000 -0.1948
vn -0.1966 -0.0000 -0.9805
vn -1.0000 -0.0000 -0.0000
vn -0.2917 -0.0000 -0.9565
vn -0.2917 -0.0000 0.9565
vn -0.9904 -0.0975 0.0979
vn -0.3840 -0.0000 -0.9233
vn -0.3821 -0.0376 -0.9233
vn -0.0995 -0.0000 0.9950
vn -0.9808 -0.0000 0.1948
vn -0.9571 -0.0000 0.2899
vn -0.5566 -0.0000 -0.8308
vn -0.9197 -0.0906 0.3821
vn -0.6353 -0.0000 -0.7723
vn -0.8823 -0.0000 0.4708
vn -0.7045 -0.0694 -0.7063
vn -0.7736 -0.0000 -0.6336
vn -0.6322 0.0623 0.7723
vn -0.7079 -0.0000 0.7063
vn -0.8780 0.0865 -0.4708
vn -0.8823 -0.0000 -0.4708
vn -0.9525 0.0938 -0.2899
vn -0.4726 -0.0000 0.8813
vn -0.5539 0.0546 0.8308
vn -0.0991 0.0098 -0.9950
vn -0.3821 0.0376 0.9233
vn -0.9952 -0.0000 -0.0979
vn -0.9761 0.0961 -0.1948
vn -0.1956 0.0193 -0.9805
vn -0.9952 0.0980 -0.0000
vn -0.1956 0.0193 0.9805
vn -0.1966 -0.0000 0.9805
vn -0.9952 -0.0000 0.0979
vn -0.3821 0.0376 -0.9233
vn -0.0991 0.0098 0.9950
vn -0.9761 0.0961 0.1948
vn -0.4726 -0.0000 -0.8813
vn -0.9525 0.0938 0.2899
vn -0.5539 0.0546 -0.8308
vn -0.9241 -0.0000 0.3821
vn -0.6322 0.0623 -0.7723
vn -0.8780 0.0865 0.4708
vn -0.7079 -0.0000 -0.7063
vn -0.8279 0.0815 0.5549
vn -0.7699 0.0758 -0.6336
vn -0.8279 0.0815 -0.5549
vn -0.7699 0.0758 0.6336
vn -0.4703 0.0463 0.8813
vn -0.5459 0.1086 0.8308
vn -0.9387 0.1867 -0.2899
vn -0.0976 0.0194 -0.9950
vn -0.4635 0.0922 0.8813
vn -0.9904 0.0975 -0.0979
vn -0.9620 0.1914 -0.1948
vn -0.1928 0.0383 -0.9805
vn -0.2903 0.0286 0.9565
vn -0.3766 0.0749 0.9233
vn -0.9808 0.1951 -0.0000
vn -0.2903 0.0286 -0.9565
vn -0.1928 0.0383 0.9805
vn -0.9904 0.0975 0.0979
vn -0.3766 0.0749 -0.9233
vn -0.0976 0.0194 0.9950
vn -0.9620 0.1914 0.1948
vn -0.4635 0.0922 -0.8813
vn -0.4703 0.0463 -0.8813
vn -0.9387 0.1867 0.2899
vn -0.5459 0.1086 -0.8308
vn -0.9197 0.0906 0.3821
vn -0.6231 0.1239 -0.7723
vn -0.8653 0.1721 0.4708
vn -0.7045 0.0694 -0.7063
vn -0.8160 0.1623 0.5549
vn -0.7588 0.1509 -0.6336
vn -0.8160 0.1623 -0.5549
vn -0.7045 0.0694 0.7063
vn -0.7588 0.1509 0.6336
vn -0.6231 0.1239 0.7723
vn -0.9063 0.1803 -0.3821
vn -0.9197 0.0906 -0.3821
vn -0.1881 0.0571 -0.9805
vn -0.2861 0.0569 0.9565
vn -0.3675 0.1115 0.9233
vn -0.9569 0.2903 -0.0000
vn -0.9761 0.1942 -0.0979
vn -0.2791 0.0847 -0.9565
vn -0.2861 0.0569 -0.9565
vn -0.1881 0.0571 0.9805
vn -0.9761 0.1942 0.0979
vn -0.3675 0.1115 -0.9233
vn -0.0952 0.0289 0.9950
vn -0.9386 0.2847 0.1948
vn -0.4522 0.1372 -0.8813
vn -0.9159 0.2778 0.2899
vn -0.5327 0.1616 -0.8308
vn -0.9063 0.1803 0.3821
vn -0.8843 0.2683 0.3821
vn -0.6943 0.1381 -0.7063
vn -0.6080 0.1844 -0.7723
vn -0.7961 0.2415 0.5549
vn -0.7403 0.2246 -0.6336
vn -0.7403 0.2246 0.6336
vn -0.7961 0.2415 -0.5549
vn -0.6943 0.1381 0.7063
vn -0.8653 0.1721 -0.4708
vn -0.6080 0.1844 0.7723
vn -0.8843 0.2683 -0.3821
vn -0.5327 0.1616 0.8308
vn -0.9159 0.2778 -0.2899
vn -0.4522 0.1372 0.8813
vn -0.0953 0.0289 -0.9950
vn -0.9386 0.2847 -0.1948
vn -0.3548 0.1469 -0.9233
vn -0.0920 0.0381 0.9950
vn -0.9062 0.3754 0.1948
vn -0.9523 0.2889 0.0979
vn -0.8842 0.3663 0.2899
vn -0.5143 0.2130 -0.8308
vn -0.8443 0.2561 0.4708
vn -0.8538 0.3536 0.3821
vn -0.6774 0.2055 -0.7063
vn -0.5869 0.2431 -0.7723
vn -0.7686 0.3184 0.5549
vn -0.7147 0.2961 -0.6336
vn -0.7686 0.3184 -0.5549
vn -0.6774 0.2055 0.7063
vn -0.7147 0.2961 0.6336
vn -0.8443 0.2561 -0.4708
vn -0.5869 0.2431 0.7723
vn -0.8538 0.3536 -0.3821
vn -0.5143 0.2130 0.8308
vn -0.8842 0.3663 -0.2899
vn -0.0920 0.0381 -0.9950
vn -0.3548 0.1469 0.9233
vn -0.9523 0.2889 -0.0979
vn -0.9062 0.3754 -0.1948
vn -0.1816 0.0752 -0.9805
vn -0.2791 0.0847 0.9565
vn -0.9239 0.3827 -0.0000
vn -0.2695 0.1116 -0.9565
vn -0.1816 0.0752 0.9805
vn -0.4909 0.2624 -0.8308
vn -0.4366 0.1809 -0.8813
vn -0.8441 0.4512 0.2899
vn -0.8151 0.3376 0.4708
vn -0.8150 0.4356 0.3821
vn -0.6540 0.2709 -0.7063
vn -0.5603 0.2995 -0.7723
vn -0.7337 0.3922 0.5549
vn -0.6823 0.3647 -0.6336
vn -0.6823 0.3647 0.6336
vn -0.7337 0.3922 -0.5549
vn -0.6540 0.2709 0.7063
vn -0.8151 0.3376 -0.4708
vn -0.5603 0.2995 0.7723
vn -0.8150 0.4356 -0.3821
vn -0.4909 0.2624 0.8308
vn -0.8441 0.4512 -0.2899
vn -0.4366 0.1809 0.8813
vn -0.8650 0.4624 -0.1948
vn -0.0878 0.0469 -0.9950
vn -0.3386 0.1810 0.9233
vn -0.9194 0.3808 -0.0979
vn -0.1734 0.0927 -0.9805
vn -0.2695 0.1116 0.9565
vn -0.8819 0.4714 -0.0000
vn -0.2572 0.1375 -0.9565
vn -0.1734 0.0927 0.9805
vn -0.9194 0.3808 0.0979
vn -0.3386 0.1810 -0.9233
vn -0.8650 0.4624 0.1948
vn -0.0878 0.0469 0.9950
vn -0.6243 0.3337 -0.7063
vn -0.5282 0.3530 -0.7723
vn -0.6917 0.4622 0.5549
vn -0.7781 0.4159 0.4708
vn -0.6432 0.4298 -0.6336
vn -0.6432 0.4298 0.6336
vn -0.6243 0.3337 0.7063
vn -0.7781 0.4159 -0.4708
vn -0.6917 0.4622 -0.5549
vn -0.5282 0.3530 0.7723
vn -0.7684 0.5134 -0.3821
vn -0.4628 0.3092 0.8308
vn -0.7958 0.5317 -0.2899
vn -0.4168 0.2228 0.8813
vn -0.0828 0.0553 -0.9950
vn -0.3929 0.2626 0.8813
vn -0.8777 0.4691 -0.0979
vn -0.8155 0.5449 -0.1948
vn -0.1634 0.1092 -0.9805
vn -0.2425 0.1621 0.9565
vn -0.2572 0.1375 0.9565
vn -0.8315 0.5556 -0.0000
vn -0.1634 0.1092 0.9805
vn -0.8777 0.4691 0.0979
vn -0.3193 0.2133 -0.9233
vn -0.8155 0.5449 0.1948
vn -0.3929 0.2626 -0.8813
vn -0.4168 0.2228 -0.8813
vn -0.0828 0.0553 0.9950
vn -0.7958 0.5317 0.2899
vn -0.4628 0.3092 -0.8308
vn -0.7684 0.5134 0.3821
vn -0.6431 0.5278 -0.5549
vn -0.5886 0.3933 0.7063
vn -0.5980 0.4908 0.6336
vn -0.7336 0.4902 -0.4708
vn -0.4911 0.4030 0.7723
vn -0.6820 0.5597 -0.4708
vn -0.4303 0.3531 0.8308
vn -0.7398 0.6072 -0.2899
vn -0.0769 0.0631 -0.9950
vn -0.2968 0.2436 0.9233
vn -0.3193 0.2133 0.9233
vn -0.8275 0.5529 -0.0979
vn -0.7582 0.6222 -0.1948
vn -0.1519 0.1247 -0.9805
vn -0.7730 0.6344 -0.0000
vn -0.2425 0.1621 -0.9565
vn -0.1519 0.1247 0.9805
vn -0.7693 0.6313 0.0979
vn -0.8275 0.5529 0.0979
vn -0.2968 0.2436 -0.9233
vn -0.7582 0.6222 0.1948
vn -0.3653 0.2998 -0.8813
vn -0.0769 0.0631 0.9950
vn -0.7398 0.6072 0.2899
vn -0.4303 0.3531 -0.8308
vn -0.6820 0.5597 0.4708
vn -0.7336 0.4902 0.4708
vn -0.5886 0.3933 -0.7063
vn -0.4911 0.4030 -0.7723
vn -0.6431 0.5278 0.5549
vn -0.5980 0.4908 -0.6336
vn -0.7143 0.5862 -0.3821
vn -0.6239 0.6239 -0.4708
vn -0.3936 0.3936 0.8308
vn -0.6768 0.6767 -0.2899
vn -0.3653 0.2998 0.8813
vn -0.6936 0.6936 -0.1948
vn -0.0704 0.0704 -0.9950
vn -0.2715 0.2715 0.9233
vn -0.7693 0.6313 -0.0979
vn -0.1390 0.1390 -0.9805
vn -0.2063 0.2063 0.9565
vn -0.2255 0.1850 0.9565
vn -0.7037 0.7037 -0.0979
vn -0.2063 0.2063 -0.9565
vn -0.2255 0.1850 -0.9565
vn -0.1390 0.1390 0.9805
vn -0.7037 0.7037 0.0979
vn -0.2715 0.2715 -0.9233
vn -0.6936 0.6936 0.1948
vn -0.3342 0.3342 -0.8813
vn -0.0704 0.0704 0.9950
vn -0.3936 0.3936 -0.8308
vn -0.7143 0.5862 0.3821
vn -0.6768 0.6767 0.2899
vn -0.6239 0.6239 0.4708
vn -0.5472 0.4491 -0.7063
vn -0.4492 0.4492 -0.7723
vn -0.5883 0.5883 0.5549
vn -0.5470 0.5470 -0.6336
vn -0.5470 0.5470 0.6336
vn -0.5472 0.4491 0.7063
vn -0.5883 0.5883 -0.5549
vn -0.4492 0.4492 0.7723
vn -0.6222 0.7582 -0.1948
vn -0.0631 0.0769 -0.9950
vn -0.2436 0.2968 0.9233
vn -0.3342 0.3342 0.8813
vn -0.1247 0.1519 -0.9805
vn -0.7071 0.7071 -0.0000
vn -0.6313 0.7693 -0.0979
vn -0.1850 0.2255 -0.9565
vn -0.1247 0.1519 0.9805
vn -0.6313 0.7693 0.0979
vn -0.2436 0.2968 -0.9233
vn -0.0631 0.0769 0.9950
vn -0.6222 0.7582 0.1948
vn -0.2998 0.3653 -0.8813
vn -0.3531 0.4303 -0.8308
vn -0.6534 0.6534 0.3821
vn -0.6072 0.7398 0.2899
vn -0.5597 0.6820 0.4708
vn -0.5005 0.5005 -0.7063
vn -0.4030 0.4911 -0.7723
vn -0.5278 0.6431 0.5549
vn -0.4908 0.5980 -0.6336
vn -0.4908 0.5980 0.6336
vn -0.5005 0.5005 0.7063
vn -0.5278 0.6431 -0.5549
vn -0.4030 0.4911 0.7723
vn -0.6534 0.6534 -0.3821
vn -0.5597 0.6820 -0.4708
vn -0.3531 0.4303 0.8308
vn -0.6072 0.7398 -0.2899
vn -0.6344 0.7730 -0.0000
vn -0.5529 0.8275 -0.0979
vn -0.1092 0.1634 -0.9805
vn -0.1092 0.1634 0.9805
vn -0.1850 0.2255 0.9565
vn -0.5529 0.8275 0.0979
vn -0.1621 0.2425 -0.9565
vn -0.5449 0.8155 0.1948
vn -0.2626 0.3929 -0.8813
vn -0.0553 0.0828 0.9950
vn -0.5317 0.7958 0.2899
vn -0.3092 0.4628 -0.8308
vn -0.5862 0.7143 0.3821
vn -0.3530 0.5282 -0.7723
vn -0.4902 0.7336 0.4708
vn -0.4491 0.5472 -0.7063
vn -0.4622 0.6917 0.5549
vn -0.4298 0.6432 -0.6336
vn -0.4298 0.6432 0.6336
vn -0.4622 0.6917 -0.5549
vn -0.4491 0.5472 0.7063
vn -0.3530 0.5282 0.7723
vn -0.5862 0.7143 -0.3821
vn -0.4902 0.7336 -0.4708
vn -0.3092 0.4628 0.8308
vn -0.5317 0.7958 -0.2899
vn -0.2998 0.3653 0.8813
vn -0.5449 0.8155 -0.1948
vn -0.0553 0.0828 -0.9950
vn -0.2626 0.3929 0.8813
vn -0.1621 0.2425 0.9565
vn -0.5134 0.7684 -0.3821
vn -0.4159 0.7781 -0.4708
vn -0.2624 0.4909 0.8308
vn -0.4512 0.8441 -0.2899
vn -0.4624 0.8650 -0.1948
vn -0.0469 0.0878 -0.9950
vn -0.1810 0.3387 0.9233
vn -0.2133 0.3193 0.9233
vn -0.0927 0.1734 -0.9805
vn -0.1375 0.2572 0.9565
vn -0.5556 0.8315 -0.0000
vn -0.4691 0.8777 -0.0979
vn -0.1375 0.2572 -0.9565
vn -0.0927 0.1734 0.9805
vn -0.4691 0.8777 0.0979
vn -0.1810 0.3386 -0.9233
vn -0.2133 0.3193 -0.9233
vn -0.4624 0.8650 0.1948
vn -0.2228 0.4168 -0.8813
vn -0.0469 0.0878 0.9950
vn -0.2624 0.4909 -0.8308
vn -0.5134 0.7684 0.3821
vn -0.4512 0.8441 0.2899
vn -0.4159 0.7781 0.4708
vn -0.3933 0.5886 -0.7063
vn -0.2995 0.5603 -0.7723
vn -0.3922 0.7337 0.5549
vn -0.3647 0.6823 -0.6336
vn -0.3922 0.7337 -0.5549
vn -0.3933 0.5886 0.7063
vn -0.3647 0.6823 0.6336
vn -0.2995 0.5603 0.7723
vn -0.3754 0.9062 -0.1948
vn -0.0381 0.0920 -0.9950
vn -0.1469 0.3548 0.9233
vn -0.2228 0.4168 0.8813
vn -0.0752 0.1816 -0.9805
vn -0.1116 0.2695 0.9565
vn -0.3827 0.9239 -0.0000
vn -0.4714 0.8819 -0.0000
vn -0.0752 0.1816 0.9805
vn -0.3808 0.9194 0.0979
vn -0.1116 0.2695 -0.9565
vn -0.3754 0.9062 0.1948
vn -0.1809 0.4366 -0.8813
vn -0.0381 0.0920 0.9950
vn -0.2130 0.5143 -0.8308
vn -0.4356 0.8150 0.3821
vn -0.3663 0.8842 0.2899
vn -0.2431 0.5869 -0.7723
vn -0.3376 0.8151 0.4708
vn -0.3337 0.6243 -0.7063
vn -0.3184 0.7686 0.5549
vn -0.2961 0.7147 -0.6336
vn -0.2961 0.7147 0.6336
vn -0.3184 0.7686 -0.5549
vn -0.3337 0.6243 0.7063
vn -0.2431 0.5869 0.7723
vn -0.4356 0.8150 -0.3821
vn -0.3376 0.8151 -0.4708
vn -0.2130 0.5143 0.8308
vn -0.3663 0.8842 -0.2899
vn -0.2889 0.9523 -0.0979
vn -0.3808 0.9194 -0.0979
vn -0.0571 0.1881 -0.9805
vn -0.0571 0.1881 0.9805
vn -0.2889 0.9523 0.0979
vn -0.1115 0.3675 -0.9233
vn -0.1469 0.3548 -0.9233
vn -0.0289 0.0952 0.9950
vn -0.2847 0.9386 0.1948
vn -0.1372 0.4522 -0.8813
vn -0.1616 0.5327 -0.8308
vn -0.3536 0.8538 0.3821
vn -0.2778 0.9159 0.2899
vn -0.1844 0.6080 -0.7723
vn -0.2561 0.8443 0.4708
vn -0.2709 0.6540 -0.7063
vn -0.2415 0.7961 0.5549
vn -0.2246 0.7403 -0.6336
vn -0.2415 0.7961 -0.5549
vn -0.2709 0.6540 0.7063
vn -0.2246 0.7403 0.6336
vn -0.1844 0.6080 0.7723
vn -0.3536 0.8538 -0.3821
vn -0.2561 0.8443 -0.4708
vn -0.2778 0.9159 -0.2899
vn -0.1809 0.4366 0.8813
vn -0.1616 0.5327 0.8308
vn -0.2847 0.9386 -0.1948
vn -0.0289 0.0952 -0.9950
vn -0.1115 0.3675 0.9233
vn -0.1914 0.9620 0.1948
vn -0.0922 0.4635 -0.8813
vn -0.0194 0.0976 0.9950
vn -0.1086 0.5459 -0.8308
vn -0.2683 0.8843 0.3821
vn -0.1867 0.9387 0.2899
vn -0.1239 0.6231 -0.7723
vn -0.1721 0.8653 0.4708
vn -0.2055 0.6774 -0.7063
vn -0.1623 0.8160 0.5549
vn -0.1509 0.7588 -0.6336
vn -0.1623 0.8160 -0.5549
vn -0.2055 0.6774 0.7063
vn -0.1509 0.7588 0.6336
vn -0.1239 0.6231 0.7723
vn -0.1803 0.9063 -0.3821
vn -0.2683 0.8843 -0.3821
vn -0.1086 0.5459 0.8308
vn -0.1867 0.9387 -0.2899
vn -0.1372 0.4522 0.8813
vn -0.1914 0.9620 -0.1948
vn -0.0194 0.0976 -0.9950
vn -0.0749 0.3766 0.9233
vn -0.0383 0.1928 -0.9805
vn -0.0569 0.2861 0.9565
vn -0.0847 0.2791 0.9565
vn -0.2903 0.9569 -0.0000
vn -0.1942 0.9761 -0.0979
vn -0.0847 0.2791 -0.9565
vn -0.0383 0.1928 0.9805
vn -0.1942 0.9761 0.0979
vn -0.0749 0.3766 -0.9233
vn -0.1803 0.9063 0.3821
vn -0.0938 0.9525 0.2899
vn -0.0623 0.6322 -0.7723
vn -0.0906 0.9197 0.3821
vn -0.1381 0.6943 -0.7063
vn -0.0815 0.8279 0.5549
vn -0.0758 0.7699 -0.6336
vn -0.0815 0.8279 -0.5549
vn -0.1381 0.6943 0.7063
vn -0.0758 0.7699 0.6336
vn -0.1721 0.8653 -0.4708
vn -0.0623 0.6322 0.7723
vn -0.0906 0.9197 -0.3821
vn -0.0546 0.5539 0.8308
vn -0.0938 0.9525 -0.2899
vn -0.0922 0.4635 0.8813
vn -0.0961 0.9761 -0.1948
vn -0.0098 0.0991 -0.9950
vn -0.0376 0.3821 0.9233
vn -0.0193 0.1956 -0.9805
vn -0.0286 0.2903 0.9565
vn -0.1951 0.9808 -0.0000
vn -0.0975 0.9904 -0.0979
vn -0.0286 0.2903 -0.9565
vn -0.0569 0.2861 -0.9565
vn -0.0193 0.1956 0.9805
vn -0.0975 0.9904 0.0979
vn -0.0961 0.9761 0.1948
vn -0.0463 0.4703 -0.8813
vn -0.0098 0.0991 0.9950
vn -0.0546 0.5539 -0.8308
vn -0.0000 0.8319 0.5549
vn -0.0865 0.8780 0.4708
vn -0.0000 0.7736 -0.6336
vn -0.0694 0.7045 -0.7063
vn -0.0000 0.8319 -0.5549
vn -0.0694 0.7045 0.7063
vn -0.0000 0.7736 0.6336
vn -0.0865 0.8780 -0.4708
vn -0.0000 0.6353 0.7723
vn -0.0000 0.9241 -0.3821
vn -0.0000 0.5566 0.8308
vn -0.0000 0.9571 -0.2899
vn -0.0463 0.4703 0.8813
vn -0.0000 0.9808 -0.1948
vn -0.0000 0.0995 -0.9950
vn -0.0000 0.3840 0.9233
vn -0.0980 0.9952 -0.0000
vn -0.0000 0.9952 -0.0979
vn -0.0000 0.2917 -0.9565
vn -0.0000 0.1966 0.9805
vn -0.0000 0.9952 0.0979
vn -0.0000 0.3840 -0.9233
vn -0.0376 0.3821 -0.9233
vn -0.0000 0.0995 0.9950
vn -0.0000 0.9808 0.1948
vn -0.0000 0.5566 -0.8308
vn -0.0000 0.9571 0.2899
vn -0.0000 0.6353 -0.7723
vn -0.0000 0.8823 0.4708
vn -0.0000 0.7079 0.7063
vn 0.0758 0.7699 0.6336
vn -0.0000 0.8823 -0.4708
vn 0.0815 0.8279 -0.5549
vn 0.0623 0.6322 0.7723
vn 0.0865 0.8780 -0.4708
vn 0.0906 0.9197 -0.3821
vn -0.0000 0.4726 0.8813
vn 0.0546 0.5539 0.8308
vn 0.0961 0.9761 -0.1948
vn 0.0098 0.0991 -0.9950
vn 0.0376 0.3821 0.9233
vn 0.0193 0.1956 -0.9805
vn -0.0000 0.1966 -0.9805
vn -0.0000 0.2917 0.9565
vn -0.0000 1.0000 -0.0000
vn 0.0975 0.9904 -0.0979
vn 0.0193 0.1956 0.9805
vn 0.0975 0.9904 0.0979
vn 0.0376 0.3821 -0.9233
vn 0.0098 0.0991 0.9950
vn 0.0961 0.9761 0.1948
vn -0.0000 0.4726 -0.8813
vn 0.0546 0.5539 -0.8308
vn 0.0906 0.9197 0.3821
vn -0.0000 0.9241 0.3821
vn 0.0623 0.6322 -0.7723
vn 0.0865 0.8780 0.4708
vn -0.0000 0.7079 -0.7063
vn 0.0815 0.8279 0.5549
vn 0.0758 0.7699 -0.6336
vn 0.1086 0.5459 0.8308
vn 0.1867 0.9387 -0.2899
vn 0.0938 0.9525 -0.2899
vn 0.0463 0.4703 0.8813
vn 0.1914 0.9620 -0.1948
vn 0.0194 0.0976 -0.9950
vn 0.0749 0.3766 0.9233
vn 0.0286 0.2903 0.9565
vn 0.0980 0.9952 -0.0000
vn 0.1942 0.9761 -0.0979
vn 0.0286 0.2903 -0.9565
vn 0.0383 0.1928 -0.9805
vn 0.0383 0.1928 0.9805
vn 0.1942 0.9761 0.0979
vn 0.0749 0.3766 -0.9233
vn 0.0194 0.0976 0.9950
vn 0.1914 0.9620 0.1948
vn 0.0922 0.4635 -0.8813
vn 0.0463 0.4703 -0.8813
vn 0.0938 0.9525 0.2899
vn 0.1086 0.5459 -0.8308
vn 0.1867 0.9387 0.2899
vn 0.1721 0.8653 0.4708
vn 0.0694 0.7045 -0.7063
vn 0.1239 0.6231 -0.7723
vn 0.1623 0.8160 0.5549
vn 0.1509 0.7588 -0.6336
vn 0.1509 0.7588 0.6336
vn 0.0694 0.7045 0.7063
vn 0.1623 0.8160 -0.5549
vn 0.1239 0.6231 0.7723
vn 0.1721 0.8653 -0.4708
vn 0.0289 0.0952 -0.9950
vn 0.1372 0.4522 0.8813
vn 0.0922 0.4635 0.8813
vn 0.2847 0.9386 -0.1948
vn 0.0571 0.1881 -0.9805
vn 0.0569 0.2861 0.9565
vn 0.1115 0.3675 0.9233
vn 0.1951 0.9808 -0.0000
vn 0.2889 0.9523 -0.0979
vn 0.0847 0.2791 -0.9565
vn 0.0569 0.2861 -0.9565
vn 0.0571 0.1881 0.9805
vn 0.2889 0.9523 0.0979
vn 0.1115 0.3675 -0.9233
vn 0.2847 0.9386 0.1948
vn 0.1372 0.4522 -0.8813
vn 0.0289 0.0952 0.9950
vn 0.1616 0.5327 -0.8308
vn 0.2683 0.8843 0.3821
vn 0.1803 0.9063 0.3821
vn 0.1844 0.6080 -0.7723
vn 0.2561 0.8443 0.4708
vn 0.1381 0.6943 -0.7063
vn 0.2415 0.7961 0.5549
vn 0.2246 0.7403 -0.6336
vn 0.2415 0.7961 -0.5549
vn 0.1381 0.6943 0.7063
vn 0.2246 0.7403 0.6336
vn 0.1844 0.6080 0.7723
vn 0.1803 0.9063 -0.3821
vn 0.2561 0.8443 -0.4708
vn 0.1616 0.5327 0.8308
vn 0.2683 0.8843 -0.3821
vn 0.1116 0.2695 -0.9565
vn 0.0752 0.1816 0.9805
vn 0.0847 0.2791 0.9565
vn 0.3808 0.9194 0.0979
vn 0.2903 0.9569 -0.0000
vn 0.1469 0.3548 -0.9233
vn 0.0381 0.0920 0.9950
vn 0.3754 0.9062 0.1948
vn 0.1809 0.4366 -0.8813
vn 0.2778 0.9159 0.2899
vn 0.2130 0.5143 -0.8308
vn 0.3536 0.8538 0.3821
vn 0.2055 0.6774 -0.7063
vn 0.2431 0.5869 -0.7723
vn 0.3184 0.7686 0.5549
vn 0.2961 0.7147 -0.6336
vn 0.2961 0.7147 0.6336
vn 0.3184 0.7686 -0.5549
vn 0.2055 0.6774 0.7063
vn 0.2431 0.5869 0.7723
vn 0.3536 0.8538 -0.3821
vn 0.2778 0.9159 -0.2899
vn 0.2130 0.5143 0.8308
vn 0.3754 0.9062 -0.1948
vn 0.0381 0.0920 -0.9950
vn 0.1469 0.3548 0.9233
vn 0.1116 0.2695 0.9565
vn 0.3808 0.9194 -0.0979
vn 0.1810 0.3386 -0.9233
vn 0.0469 0.0878 0.9950
vn 0.3663 0.8842 0.2899
vn 0.4624 0.8650 0.1948
vn 0.2624 0.4909 -0.8308
vn 0.4356 0.8150 0.3821
vn 0.4159 0.7781 0.4708
vn 0.3376 0.8151 0.4708
vn 0.2709 0.6540 -0.7063
vn 0.2995 0.5603 -0.7723
vn 0.3922 0.7337 0.5549
vn 0.3647 0.6823 -0.6336
vn 0.3922 0.7337 -0.5549
vn 0.2709 0.6540 0.7063
vn 0.3647 0.6823 0.6336
vn 0.3376 0.8151 -0.4708
vn 0.2995 0.5603 0.7723
vn 0.4356 0.8150 -0.3821
vn 0.2624 0.4909 0.8308
vn 0.3663 0.8842 -0.2899
vn 0.1808 0.4366 0.8813
vn 0.4624 0.8650 -0.1948
vn 0.0469 0.0878 -0.9950
vn 0.1810 0.3387 0.9233
vn 0.0927 0.1734 -0.9805
vn 0.0752 0.1816 -0.9805
vn 0.3827 0.9239 -0.0000
vn 0.4691 0.8777 -0.0979
vn 0.1375 0.2572 -0.9565
vn 0.0927 0.1734 0.9805
vn 0.4691 0.8777 0.0979
vn 0.3092 0.4628 -0.8308
vn 0.5134 0.7684 0.3821
vn 0.3337 0.6243 -0.7063
vn 0.3530 0.5282 -0.7723
vn 0.4622 0.6917 0.5549
vn 0.4298 0.6432 -0.6336
vn 0.4298 0.6432 0.6336
vn 0.3337 0.6243 0.7063
vn 0.4159 0.7781 -0.4708
vn 0.4622 0.6917 -0.5549
vn 0.3530 0.5282 0.7723
vn 0.5134 0.7684 -0.3821
vn 0.3092 0.4628 0.8308
vn 0.4512 0.8441 -0.2899
vn 0.2228 0.4168 0.8813
vn 0.5449 0.8155 -0.1948
vn 0.0553 0.0828 -0.9950
vn 0.2133 0.3193 0.9233
vn 0.1092 0.1634 -0.9805
vn 0.1621 0.2425 0.9565
vn 0.1375 0.2572 0.9565
vn 0.4714 0.8819 -0.0000
vn 0.5529 0.8275 -0.0979
vn 0.1621 0.2425 -0.9565
vn 0.1092 0.1634 0.9805
vn 0.5529 0.8275 0.0979
vn 0.2133 0.3193 -0.9233
vn 0.0553 0.0828 0.9950
vn 0.5449 0.8155 0.1948
vn 0.2626 0.3929 -0.8813
vn 0.2228 0.4168 -0.8813
vn 0.4512 0.8441 0.2899
vn 0.4908 0.5980 -0.6336
vn 0.3933 0.5886 -0.7063
vn 0.4908 0.5980 0.6336
vn 0.5278 0.6431 -0.5549
vn 0.3933 0.5886 0.7063
vn 0.4902 0.7336 -0.4708
vn 0.4030 0.4911 0.7723
vn 0.5597 0.6820 -0.4708
vn 0.5317 0.7958 -0.2899
vn 0.5862 0.7143 -0.3821
vn 0.2626 0.3929 0.8813
vn 0.3531 0.4303 0.8308
vn 0.6222 0.7582 -0.1948
vn 0.0631 0.0769 -0.9950
vn 0.2436 0.2968 0.9233
vn 0.1247 0.1519 -0.9805
vn 0.5556 0.8315 -0.0000
vn 0.6313 0.7693 -0.0979
vn 0.1247 0.1519 0.9805
vn 0.6313 0.7693 0.0979
vn 0.2436 0.2968 -0.9233
vn 0.6222 0.7582 0.1948
vn 0.2998 0.3653 -0.8813
vn 0.0631 0.0769 0.9950
vn 0.5317 0.7958 0.2899
vn 0.3531 0.4303 -0.8308
vn 0.5862 0.7143 0.3821
vn 0.4030 0.4911 -0.7723
vn 0.5597 0.6820 0.4708
vn 0.4902 0.7336 0.4708
vn 0.5278 0.6431 0.5549
vn 0.5883 0.5883 -0.5549
vn 0.4492 0.4492 0.7723
vn 0.4491 0.5472 0.7063
vn 0.6239 0.6239 -0.4708
vn 0.3936 0.3936 0.8308
vn 0.6072 0.7398 -0.2899
vn 0.6534 0.6534 -0.3821
vn 0.2998 0.3653 0.8813
vn 0.6936 0.6936 -0.1948
vn 0.0704 0.0704 -0.9950
vn 0.3342 0.3342 0.8813
vn 0.1390 0.1390 -0.9805
vn 0.1850 0.2255 0.9565
vn 0.2715 0.2715 0.9233
vn 0.6344 0.7730 -0.0000
vn 0.7037 0.7037 -0.0979
vn 0.1850 0.2255 -0.9565
vn 0.1390 0.1390 0.9805
vn 0.7037 0.7037 0.0979
vn 0.2715 0.2715 -0.9233
vn 0.6936 0.6936 0.1948
vn 0.3342 0.3342 -0.8813
vn 0.0704 0.0704 0.9950
vn 0.6072 0.7398 0.2899
vn 0.3936 0.3936 -0.8308
vn 0.6534 0.6534 0.3821
vn 0.4492 0.4492 -0.7723
vn 0.6239 0.6239 0.4708
vn 0.4491 0.5472 -0.7063
vn 0.5883 0.5883 0.5549
vn 0.5470 0.5470 -0.6336
vn 0.5470 0.5470 0.6336
vn 0.7398 0.6072 -0.2899
vn 0.6767 0.6767 -0.2899
vn 0.4303 0.3531 0.8308
vn 0.7582 0.6222 -0.1948
vn 0.0769 0.0631 -0.9950
vn 0.2968 0.2436 0.9233
vn 0.1519 0.1247 -0.9805
vn 0.2063 0.2063 0.9565
vn 0.7071 0.7071 -0.0000
vn 0.7693 0.6313 -0.0979
vn 0.2063 0.2063 -0.9565
vn 0.1519 0.1247 0.9805
vn 0.7693 0.6313 0.0979
vn 0.2968 0.2436 -0.9233
vn 0.7582 0.6222 0.1948
vn 0.3653 0.2998 -0.8813
vn 0.0769 0.0631 0.9950
vn 0.6767 0.6767 0.2899
vn 0.4303 0.3531 -0.8308
vn 0.7398 0.6072 0.2899
vn 0.4911 0.4030 -0.7723
vn 0.6820 0.5597 0.4708
vn 0.5005 0.5005 -0.7063
vn 0.6431 0.5278 0.5549
vn 0.5980 0.4908 -0.6336
vn 0.5980 0.4908 0.6336
vn 0.5005 0.5005 0.7063
vn 0.6431 0.5278 -0.5549
vn 0.4911 0.4030 0.7723
vn 0.6820 0.5597 -0.4708
vn 0.8155 0.5449 -0.1948
vn 0.1634 0.1092 -0.9805
vn 0.2425 0.1621 0.9565
vn 0.2255 0.1850 0.9565
vn 0.7730 0.6344 -0.0000
vn 0.8275 0.5529 -0.0979
vn 0.2255 0.1850 -0.9565
vn 0.1634 0.1092 0.9805
vn 0.8275 0.5529 0.0979
vn 0.3193 0.2133 -0.9233
vn 0.8155 0.5449 0.1948
vn 0.3929 0.2626 -0.8813
vn 0.0828 0.0553 0.9950
vn 0.4628 0.3092 -0.8308
vn 0.7684 0.5134 0.3821
vn 0.7143 0.5862 0.3821
vn 0.5282 0.3530 -0.7723
vn 0.7336 0.4902 0.4708
vn 0.5472 0.4491 -0.7063
vn 0.6917 0.4622 0.5549
vn 0.6432 0.4298 -0.6336
vn 0.6432 0.4298 0.6336
vn 0.6917 0.4622 -0.5549
vn 0.5472 0.4491 0.7063
vn 0.5282 0.3530 0.7723
vn 0.7143 0.5862 -0.3821
vn 0.7336 0.4902 -0.4708
vn 0.7684 0.5134 -0.3821
vn 0.3653 0.2998 0.8813
vn 0.4628 0.3092 0.8308
vn 0.0828 0.0553 -0.9950
vn 0.3193 0.2133 0.9233
vn 0.8777 0.4691 0.0979
vn 0.8315 0.5556 -0.0000
vn 0.3386 0.1810 -0.9233
vn 0.2425 0.1621 -0.9565
vn 0.1734 0.0927 0.9805
vn 0.8650 0.4624 0.1948
vn 0.4168 0.2228 -0.8813
vn 0.0878 0.0469 0.9950
vn 0.7958 0.5317 0.2899
vn 0.4909 0.2624 -0.8308
vn 0.8441 0.4512 0.2899
vn 0.5603 0.2995 -0.7723
vn 0.7781 0.4159 0.4708
vn 0.5886 0.3933 -0.7063
vn 0.7337 0.3922 0.5549
vn 0.6823 0.3647 -0.6336
vn 0.6823 0.3647 0.6336
vn 0.5886 0.3933 0.7063
vn 0.7337 0.3922 -0.5549
vn 0.5603 0.2995 0.7723
vn 0.7781 0.4159 -0.4708
vn 0.4909 0.2624 0.8308
vn 0.8441 0.4512 -0.2899
vn 0.7958 0.5317 -0.2899
vn 0.3929 0.2626 0.8813
vn 0.8650 0.4624 -0.1948
vn 0.0878 0.0469 -0.9950
vn 0.3387 0.1810 0.9233
vn 0.1734 0.0927 -0.9805
vn 0.8777 0.4691 -0.0979
vn 0.9062 0.3754 0.1948
vn 0.5143 0.2130 -0.8308
vn 0.8538 0.3536 0.3821
vn 0.8150 0.4356 0.3821
vn 0.5869 0.2431 -0.7723
vn 0.8151 0.3376 0.4708
vn 0.6243 0.3337 -0.7063
vn 0.7686 0.3184 0.5549
vn 0.7147 0.2961 -0.6336
vn 0.7686 0.3184 -0.5549
vn 0.6243 0.3337 0.7063
vn 0.7147 0.2961 0.6336
vn 0.5869 0.2431 0.7723
vn 0.8150 0.4356 -0.3821
vn 0.8151 0.3376 -0.4708
vn 0.5143 0.2130 0.8308
vn 0.8538 0.3536 -0.3821
vn 0.4168 0.2228 0.8813
vn 0.9062 0.3754 -0.1948
vn 0.0920 0.0381 -0.9950
vn 0.3548 0.1469 0.9233
vn 0.1816 0.0752 -0.9805
vn 0.2695 0.1116 0.9565
vn 0.2572 0.1375 0.9565
vn 0.8819 0.4714 -0.0000
vn 0.9194 0.3808 -0.0979
vn 0.2572 0.1375 -0.9565
vn 0.1816 0.0752 0.9805
vn 0.9194 0.3808 0.0979
vn 0.3548 0.1469 -0.9233
vn 0.4366 0.1809 -0.8813
vn 0.0920 0.0381 0.9950
vn 0.8443 0.2561 0.4708
vn 0.6540 0.2709 -0.7063
vn 0.6080 0.1844 -0.7723
vn 0.7961 0.2415 0.5549
vn 0.7403 0.2246 -0.6336
vn 0.7961 0.2415 -0.5549
vn 0.6540 0.2709 0.7063
vn 0.7403 0.2246 0.6336
vn 0.6080 0.1844 0.7723
vn 0.8443 0.2561 -0.4708
vn 0.5327 0.1616 0.8308
vn 0.9159 0.2778 -0.2899
vn 0.8842 0.3663 -0.2899
vn 0.4366 0.1809 0.8813
vn 0.9386 0.2847 -0.1948
vn 0.0952 0.0289 -0.9950
vn 0.3675 0.1115 0.9233
vn 0.1881 0.0571 -0.9805
vn 0.9239 0.3827 -0.0000
vn 0.9523 0.2889 -0.0979
vn 0.2791 0.0847 -0.9565
vn 0.2695 0.1116 -0.9565
vn 0.1881 0.0571 0.9805
vn 0.9523 0.2889 0.0979
vn 0.3675 0.1115 -0.9233
vn 0.0952 0.0289 0.9950
vn 0.9386 0.2847 0.1948
vn 0.4522 0.1372 -0.8813
vn 0.8842 0.3663 0.2899
vn 0.5327 0.1616 -0.8308
vn 0.9159 0.2778 0.2899
vn 0.8160 0.1623 0.5549
vn 0.8160 0.1623 -0.5549
vn 0.6774 0.2055 0.7063
vn 0.7588 0.1509 0.6336
vn 0.6231 0.1239 0.7723
vn 0.8843 0.2683 -0.3821
vn 0.8653 0.1721 -0.4708
vn 0.9387 0.1867 -0.2899
vn 0.4522 0.1372 0.8813
vn 0.5459 0.1086 0.8308
vn 0.9620 0.1914 -0.1948
vn 0.0976 0.0194 -0.9950
vn 0.3766 0.0749 0.9233
vn 0.1928 0.0383 -0.9805
vn 0.2861 0.0569 0.9565
vn 0.2791 0.0847 0.9565
vn 0.9569 0.2903 -0.0000
vn 0.9761 0.1942 -0.0979
vn 0.1928 0.0383 0.9805
vn 0.9761 0.1942 0.0979
vn 0.3766 0.0749 -0.9233
vn 0.0976 0.0194 0.9950
vn 0.9620 0.1914 0.1948
vn 0.5459 0.1086 -0.8308
vn 0.8843 0.2683 0.3821
vn 0.9387 0.1867 0.2899
vn 0.6231 0.1239 -0.7723
vn 0.8653 0.1721 0.4708
vn 0.6774 0.2055 -0.7063
vn 0.7588 0.1509 -0.6336
vn 0.6322 0.0623 0.7723
vn 0.6943 0.1381 0.7063
vn 0.9197 0.0906 -0.3821
vn 0.9063 0.1803 -0.3821
vn 0.4635 0.0922 0.8813
vn 0.5539 0.0546 0.8308
vn 0.9761 0.0961 -0.1948
vn 0.0991 0.0098 -0.9950
vn 0.3821 0.0376 0.9233
vn 0.1956 0.0193 -0.9805
vn 0.2903 0.0286 0.9565
vn 0.9808 0.1951 -0.0000
vn 0.9904 0.0975 -0.0979
vn 0.2903 0.0286 -0.9565
vn 0.2861 0.0569 -0.9565
vn 0.1956 0.0193 0.9805
vn 0.9904 0.0975 0.0979
vn 0.9761 0.0961 0.1948
vn 0.4703 0.0463 -0.8813
vn 0.4635 0.0922 -0.8813
vn 0.0991 0.0098 0.9950
vn 0.5539 0.0546 -0.8308
vn 0.9197 0.0906 0.3821
vn 0.9063 0.1803 0.3821
vn 0.6322 0.0623 -0.7723
vn 0.8780 0.0865 0.4708
vn 0.6943 0.1381 -0.7063
vn 0.8279 0.0815 0.5549
vn 0.7699 0.0758 -0.6336
vn 0.8279 0.0815 -0.5549
vn 0.7699 0.0758 0.6336
vn 0.4703 0.0463 0.8813
vn 0.5566 -0.0000 0.8308
vn 0.9808 -0.0000 -0.1948
vn 0.9525 0.0938 -0.2899
vn 0.0995 -0.0000 -0.9950
vn 0.3840 -0.0000 0.9233
vn 0.1966 -0.0000 -0.9805
vn 0.9952 0.0980 -0.0000
vn 0.9952 -0.0000 -0.0979
vn 0.2917 -0.0000 -0.9565
vn 0.1966 -0.0000 0.9805
vn 0.9952 -0.0000 0.0979
vn 0.3840 -0.0000 -0.9233
vn 0.3821 0.0376 -0.9233
vn 0.9808 -0.0000 0.1948
vn 0.4726 -0.0000 -0.8813
vn 0.0995 -0.0000 0.9950
vn 0.9525 0.0938 0.2899
vn 0.5566 -0.0000 -0.8308
vn 0.9571 -0.0000 0.2899
vn 0.6353 -0.0000 -0.7723
vn 0.8823 -0.0000 0.4708
vn 0.7045 0.0694 -0.7063
vn 0.8319 -0.0000 0.5549
vn 0.7736 -0.0000 -0.6336
vn 0.8319 -0.0000 -0.5549
vn 0.7045 0.0694 0.7063
vn 0.7736 -0.0000 0.6336
vn 0.8780 0.0865 -0.4708
vn 0.6353 -0.0000 0.7723
vn 0.8823 -0.0000 -0.4708
vn 0.9571 -0.0000 -0.2899
vn 0.2903 -0.0286 0.9565
vn 0.2917 -0.0000 0.9565
vn 1.0000 -0.0000 -0.0000
vn 0.9904 -0.0975 -0.0979
vn 0.1956 -0.0193 -0.9805
vn 0.1956 -0.0193 0.9805
vn 0.9904 -0.0975 0.0979
vn 0.3821 -0.0376 -0.9233
vn 0.9761 -0.0961 0.1948
vn 0.4703 -0.0463 -0.8813
vn 0.0991 -0.0098 0.9950
vn 0.5539 -0.0546 -0.8308
vn 0.9197 -0.0906 0.3821
vn 0.9241 -0.0000 0.3821
vn 0.6322 -0.0623 -0.7723
vn 0.8780 -0.0865 0.4708
vn 0.7079 -0.0000 -0.7063
vn 0.8279 -0.0815 0.5549
vn 0.7699 -0.0758 -0.6336
vn 0.8279 -0.0815 -0.5549
vn 0.7079 -0.0000 0.7063
vn 0.7699 -0.0758 0.6336
vn 0.6322 -0.0623 0.7723
vn 0.9197 -0.0906 -0.3821
vn 0.9241 -0.0000 -0.3821
vn 0.4726 -0.0000 0.8813
vn 0.5539 -0.0546 0.8308
vn 0.9761 -0.0961 -0.1948
vn 0.0991 -0.0098 -0.9950
vn 0.3821 -0.0376 0.9233
vn 0.0976 -0.0194 0.9950
vn 0.9620 -0.1914 0.1948
vn 0.3766 -0.0749 -0.9233
vn 0.9525 -0.0938 0.2899
vn 0.5459 -0.1086 -0.8308
vn 0.9063 -0.1803 0.3821
vn 0.6231 -0.1239 -0.7723
vn 0.8653 -0.1721 0.4708
vn 0.7045 -0.0694 -0.7063
vn 0.8160 -0.1623 0.5549
vn 0.7588 -0.1509 -0.6336
vn 0.8160 -0.1623 -0.5549
vn 0.7045 -0.0694 0.7063
vn 0.7588 -0.1509 0.6336
vn 0.8780 -0.0865 -0.4708
vn 0.6231 -0.1239 0.7723
vn 0.8653 -0.1721 -0.4708
vn 0.5459 -0.1086 0.8308
vn 0.9525 -0.0938 -0.2899
vn 0.9063 -0.1803 -0.3821
vn 0.4703 -0.0463 0.8813
vn 0.9620 -0.1914 -0.1948
vn 0.0976 -0.0194 -0.9950
vn 0.3766 -0.0749 0.9233
vn 0.1928 -0.0383 -0.9805
vn 0.9952 -0.0980 -0.0000
vn 0.9761 -0.1942 -0.0979
vn 0.2861 -0.0569 -0.9565
vn 0.2903 -0.0286 -0.9565
vn 0.1928 -0.0383 0.9805
vn 0.9761 -0.1942 0.0979
vn 0.8843 -0.2683 0.3821
vn 0.9387 -0.1867 0.2899
vn 0.6080 -0.1844 -0.7723
vn 0.8443 -0.2561 0.4708
vn 0.6943 -0.1381 -0.7063
vn 0.7961 -0.2415 0.5549
vn 0.7403 -0.2246 -0.6336
vn 0.7961 -0.2415 -0.5549
vn 0.6943 -0.1381 0.7063
vn 0.7403 -0.2246 0.6336
vn 0.6080 -0.1844 0.7723
vn 0.8443 -0.2561 -0.4708
vn 0.9387 -0.1867 -0.2899
vn 0.8843 -0.2683 -0.3821
vn 0.4635 -0.0922 0.8813
vn 0.5327 -0.1616 0.8308
vn 0.9386 -0.2847 -0.1948
vn 0.0952 -0.0289 -0.9950
vn 0.3675 -0.1115 0.9233
vn 0.1881 -0.0571 -0.9805
vn 0.2861 -0.0569 0.9565
vn 0.9808 -0.1951 -0.0000
vn 0.9523 -0.2889 -0.0979
vn 0.2791 -0.0847 -0.9565
vn 0.2791 -0.0847 0.9565
vn 0.9523 -0.2889 0.0979
vn 0.3675 -0.1115 -0.9233
vn 0.1881 -0.0571 0.9805
vn 0.9386 -0.2847 0.1948
vn 0.4522 -0.1372 -0.8813
vn 0.4635 -0.0922 -0.8813
vn 0.0952 -0.0289 0.9950
vn 0.5327 -0.1616 -0.8308
vn 0.4522 -0.1372 0.8813
vn 0.5143 -0.2130 0.8308
vn 0.9062 -0.3754 -0.1948
vn 0.9159 -0.2778 -0.2899
vn 0.0920 -0.0381 -0.9950
vn 0.4366 -0.1809 0.8813
vn 0.1816 -0.0752 -0.9805
vn 0.3548 -0.1469 0.9233
vn 0.9569 -0.2903 -0.0000
vn 0.9194 -0.3808 -0.0979
vn 0.2695 -0.1116 -0.9565
vn 0.1816 -0.0752 0.9805
vn 0.9194 -0.3808 0.0979
vn 0.3548 -0.1469 -0.9233
vn 0.0920 -0.0381 0.9950
vn 0.9062 -0.3754 0.1948
vn 0.4366 -0.1809 -0.8813
vn 0.9159 -0.2778 0.2899
vn 0.5143 -0.2130 -0.8308
vn 0.8538 -0.3536 0.3821
vn 0.5869 -0.2431 -0.7723
vn 0.8151 -0.3376 0.4708
vn 0.6774 -0.2055 -0.7063
vn 0.7686 -0.3184 0.5549
vn 0.7147 -0.2961 -0.6336
vn 0.7686 -0.3184 -0.5549
vn 0.6774 -0.2055 0.7063
vn 0.7147 -0.2961 0.6336
vn 0.5869 -0.2431 0.7723
vn 0.8151 -0.3376 -0.4708
vn 0.8538 -0.3536 -0.3821
vn 0.2572 -0.1375 0.9565
vn 0.2695 -0.1116 0.9565
vn 0.9239 -0.3827 -0.0000
vn 0.8777 -0.4691 -0.0979
vn 0.2572 -0.1375 -0.9565
vn 0.1734 -0.0927 0.9805
vn 0.8777 -0.4691 0.0979
vn 0.0878 -0.0469 0.9950
vn 0.8650 -0.4624 0.1948
vn 0.3387 -0.1810 -0.9233
vn 0.8842 -0.3663 0.2899
vn 0.4909 -0.2624 -0.8308
vn 0.8150 -0.4356 0.3821
vn 0.7781 -0.4159 0.4708
vn 0.6540 -0.2709 -0.7063
vn 0.5603 -0.2995 -0.7723
vn 0.7337 -0.3922 0.5549
vn 0.6823 -0.3647 -0.6336
vn 0.7337 -0.3922 -0.5549
vn 0.6540 -0.2709 0.7063
vn 0.6823 -0.3647 0.6336
vn 0.5603 -0.2995 0.7723
vn 0.7781 -0.4159 -0.4708
vn 0.4909 -0.2624 0.8308
vn 0.8441 -0.4512 -0.2899
vn 0.8842 -0.3663 -0.2899
vn 0.8650 -0.4624 -0.1948
vn 0.0878 -0.0469 -0.9950
vn 0.3386 -0.1810 0.9233
vn 0.1634 -0.1092 0.9805
vn 0.8155 -0.5449 0.1948
vn 0.4168 -0.2228 -0.8813
vn 0.3193 -0.2133 -0.9233
vn 0.0828 -0.0553 0.9950
vn 0.8441 -0.4512 0.2899
vn 0.4628 -0.3092 -0.8308
vn 0.7684 -0.5134 0.3821
vn 0.5282 -0.3530 -0.7723
vn 0.7336 -0.4902 0.4708
vn 0.6243 -0.3337 -0.7063
vn 0.6917 -0.4622 0.5549
vn 0.6432 -0.4298 -0.6336
vn 0.6432 -0.4298 0.6336
vn 0.6917 -0.4622 -0.5549
vn 0.6243 -0.3337 0.7063
vn 0.5282 -0.3530 0.7723
vn 0.8150 -0.4356 -0.3821
vn 0.7336 -0.4902 -0.4708
vn 0.7684 -0.5134 -0.3821
vn 0.4168 -0.2228 0.8813
vn 0.4628 -0.3092 0.8308
vn 0.8155 -0.5449 -0.1948
vn 0.0828 -0.0553 -0.9950
vn 0.3193 -0.2133 0.9233
vn 0.1634 -0.1092 -0.9805
vn 0.1734 -0.0927 -0.9805
vn 0.2425 -0.1621 0.9565
vn 0.8819 -0.4714 -0.0000
vn 0.8275 -0.5529 -0.0979
vn 0.2425 -0.1621 -0.9565
vn 0.8275 -0.5529 0.0979
vn 0.7143 -0.5862 0.3821
vn 0.7958 -0.5317 0.2899
vn 0.4303 -0.3531 -0.8308
vn 0.6820 -0.5597 0.4708
vn 0.5886 -0.3933 -0.7063
vn 0.4911 -0.4030 -0.7723
vn 0.6431 -0.5278 0.5549
vn 0.5980 -0.4908 -0.6336
vn 0.6431 -0.5278 -0.5549
vn 0.5886 -0.3933 0.7063
vn 0.5980 -0.4908 0.6336
vn 0.4911 -0.4030 0.7723
vn 0.7143 -0.5862 -0.3821
vn 0.4303 -0.3531 0.8308
vn 0.7958 -0.5317 -0.2899
vn 0.3929 -0.2626 0.8813
vn 0.7582 -0.6222 -0.1948
vn 0.0769 -0.0631 -0.9950
vn 0.2968 -0.2436 0.9233
vn 0.1519 -0.1247 -0.9805
vn 0.8315 -0.5556 -0.0000
vn 0.7693 -0.6313 -0.0979
vn 0.2255 -0.1850 -0.9565
vn 0.1519 -0.1247 0.9805
vn 0.7693 -0.6313 0.0979
vn 0.2968 -0.2436 -0.9233
vn 0.0769 -0.0631 0.9950
vn 0.7582 -0.6222 0.1948
vn 0.3929 -0.2626 -0.8813
vn 0.5883 -0.5883 0.5549
vn 0.5470 -0.5470 -0.6336
vn 0.5472 -0.4491 -0.7063
vn 0.5883 -0.5883 -0.5549
vn 0.5472 -0.4491 0.7063
vn 0.5470 -0.5470 0.6336
vn 0.6820 -0.5597 -0.4708
vn 0.4492 -0.4492 0.7723
vn 0.6239 -0.6239 -0.4708
vn 0.3936 -0.3936 0.8308
vn 0.7398 -0.6072 -0.2899
vn 0.6534 -0.6534 -0.3821
vn 0.3653 -0.2998 0.8813
vn 0.6936 -0.6936 -0.1948
vn 0.0704 -0.0704 -0.9950
vn 0.3342 -0.3342 0.8813
vn 0.1390 -0.1390 -0.9805
vn 0.2063 -0.2063 0.9565
vn 0.2255 -0.1850 0.9565
vn 0.7730 -0.6344 -0.0000
vn 0.7037 -0.7037 -0.0979
vn 0.1390 -0.1390 0.9805
vn 0.7037 -0.7037 0.0979
vn 0.2715 -0.2715 -0.9233
vn 0.6936 -0.6936 0.1948
vn 0.3653 -0.2998 -0.8813
vn 0.0704 -0.0704 0.9950
vn 0.7398 -0.6072 0.2899
vn 0.3936 -0.3936 -0.8308
vn 0.6534 -0.6534 0.3821
vn 0.4492 -0.4492 -0.7723
vn 0.6239 -0.6239 0.4708
vn 0.5005 -0.5005 0.7063
vn 0.4908 -0.5980 0.6336
vn 0.5278 -0.6431 -0.5549
vn 0.4030 -0.4911 0.7723
vn 0.5597 -0.6820 -0.4708
vn 0.6072 -0.7398 -0.2899
vn 0.6768 -0.6767 -0.2899
vn 0.3531 -0.4303 0.8308
vn 0.6222 -0.7582 -0.1948
vn 0.0631 -0.0769 -0.9950
vn 0.2715 -0.2715 0.9233
vn 0.2998 -0.3653 0.8813
vn 0.6313 -0.7693 -0.0979
vn 0.1247 -0.1519 -0.9805
vn 0.1850 -0.2255 0.9565
vn 0.7071 -0.7071 -0.0000
vn 0.2063 -0.2063 -0.9565
vn 0.1247 -0.1519 0.9805
vn 0.6313 -0.7693 0.0979
vn 0.2436 -0.2968 -0.9233
vn 0.0631 -0.0769 0.9950
vn 0.6222 -0.7582 0.1948
vn 0.2998 -0.3653 -0.8813
vn 0.3342 -0.3342 -0.8813
vn 0.6768 -0.6767 0.2899
vn 0.3531 -0.4303 -0.8308
vn 0.6072 -0.7398 0.2899
vn 0.4030 -0.4911 -0.7723
vn 0.5597 -0.6820 0.4708
vn 0.5005 -0.5005 -0.7063
vn 0.5278 -0.6431 0.5549
vn 0.4908 -0.5980 -0.6336
vn 0.3530 -0.5282 0.7723
vn 0.5134 -0.7684 -0.3821
vn 0.5862 -0.7143 -0.3821
vn 0.3092 -0.4628 0.8308
vn 0.5449 -0.8155 -0.1948
vn 0.0553 -0.0828 -0.9950
vn 0.2133 -0.3193 0.9233
vn 0.2436 -0.2968 0.9233
vn 0.1092 -0.1634 -0.9805
vn 0.1621 -0.2425 0.9565
vn 0.6344 -0.7730 -0.0000
vn 0.5529 -0.8275 -0.0979
vn 0.1850 -0.2255 -0.9565
vn 0.1092 -0.1634 0.9805
vn 0.5529 -0.8275 0.0979
vn 0.2133 -0.3193 -0.9233
vn 0.5449 -0.8155 0.1948
vn 0.0553 -0.0828 0.9950
vn 0.3092 -0.4628 -0.8308
vn 0.5134 -0.7684 0.3821
vn 0.5862 -0.7143 0.3821
vn 0.3530 -0.5282 -0.7723
vn 0.4902 -0.7336 0.4708
vn 0.4491 -0.5472 -0.7063
vn 0.4622 -0.6917 0.5549
vn 0.4298 -0.6432 -0.6336
vn 0.4622 -0.6917 -0.5549
vn 0.4491 -0.5472 0.7063
vn 0.4298 -0.6432 0.6336
vn 0.4902 -0.7336 -0.4708
vn 0.0469 -0.0878 -0.9950
vn 0.1810 -0.3387 0.9233
vn 0.2626 -0.3929 0.8813
vn 0.4624 -0.8650 -0.1948
vn 0.0927 -0.1734 -0.9805
vn 0.1375 -0.2572 0.9565
vn 0.5556 -0.8315 -0.0000
vn 0.4691 -0.8777 -0.0979
vn 0.1621 -0.2425 -0.9565
vn 0.0927 -0.1734 0.9805
vn 0.4691 -0.8777 0.0979
vn 0.1810 -0.3387 -0.9233
vn 0.4624 -0.8650 0.1948
vn 0.2228 -0.4168 -0.8813
vn 0.2626 -0.3929 -0.8813
vn 0.0469 -0.0878 0.9950
vn 0.5317 -0.7958 0.2899
vn 0.2624 -0.4909 -0.8308
vn 0.4356 -0.8150 0.3821
vn 0.2995 -0.5603 -0.7723
vn 0.4159 -0.7781 0.4708
vn 0.3933 -0.5886 -0.7063
vn 0.3922 -0.7337 0.5549
vn 0.3647 -0.6823 -0.6336
vn 0.3922 -0.7337 -0.5549
vn 0.3933 -0.5886 0.7063
vn 0.3647 -0.6823 0.6336
vn 0.2995 -0.5603 0.7723
vn 0.4356 -0.8150 -0.3821
vn 0.2624 -0.4909 0.8308
vn 0.5317 -0.7958 -0.2899
vn 0.1375 -0.2572 -0.9565
vn 0.0752 -0.1816 -0.9805
vn 0.0752 -0.1816 0.9805
vn 0.3808 -0.9194 0.0979
vn 0.4714 -0.8819 -0.0000
vn 0.1116 -0.2695 -0.9565
vn 0.0381 -0.0920 0.9950
vn 0.3754 -0.9062 0.1948
vn 0.1469 -0.3548 -0.9233
vn 0.4512 -0.8441 0.2899
vn 0.2130 -0.5143 -0.8308
vn 0.3536 -0.8538 0.3821
vn 0.2431 -0.5869 -0.7723
vn 0.3337 -0.6243 -0.7063
vn 0.3184 -0.7686 0.5549
vn 0.2961 -0.7147 -0.6336
vn 0.3184 -0.7686 -0.5549
vn 0.3337 -0.6243 0.7063
vn 0.2961 -0.7147 0.6336
vn 0.4159 -0.7781 -0.4708
vn 0.2431 -0.5869 0.7723
vn 0.3536 -0.8538 -0.3821
vn 0.2130 -0.5143 0.8308
vn 0.4512 -0.8441 -0.2899
vn 0.2228 -0.4168 0.8813
vn 0.3754 -0.9062 -0.1948
vn 0.0381 -0.0920 -0.9950
vn 0.1469 -0.3548 0.9233
vn 0.1116 -0.2695 0.9565
vn 0.3808 -0.9194 -0.0979
vn 0.1372 -0.4522 -0.8813
vn 0.1809 -0.4366 -0.8813
vn 0.0289 -0.0952 0.9950
vn 0.3663 -0.8842 0.2899
vn 0.2847 -0.9386 0.1948
vn 0.1616 -0.5327 -0.8308
vn 0.2683 -0.8843 0.3821
vn 0.2561 -0.8443 0.4708
vn 0.3376 -0.8151 0.4708
vn 0.2709 -0.6540 -0.7063
vn 0.1844 -0.6080 -0.7723
vn 0.2415 -0.7961 0.5549
vn 0.2246 -0.7403 -0.6336
vn 0.2415 -0.7961 -0.5549
vn 0.2709 -0.6540 0.7063
vn 0.2246 -0.7403 0.6336
vn 0.3376 -0.8151 -0.4708
vn 0.1844 -0.6080 0.7723
vn 0.2683 -0.8843 -0.3821
vn 0.1616 -0.5327 0.8308
vn 0.3663 -0.8842 -0.2899
vn 0.1372 -0.4522 0.8813
vn 0.1809 -0.4366 0.8813
vn 0.2847 -0.9386 -0.1948
vn 0.0289 -0.0952 -0.9950
vn 0.0571 -0.1881 -0.9805
vn 0.0847 -0.2791 0.9565
vn 0.3827 -0.9239 -0.0000
vn 0.2889 -0.9523 -0.0979
vn 0.0847 -0.2791 -0.9565
vn 0.0571 -0.1881 0.9805
vn 0.2889 -0.9523 0.0979
vn 0.1115 -0.3675 -0.9233
vn 0.1239 -0.6231 -0.7723
vn 0.1803 -0.9063 0.3821
vn 0.2055 -0.6774 -0.7063
vn 0.1623 -0.8160 0.5549
vn 0.1509 -0.7588 -0.6336
vn 0.1623 -0.8160 -0.5549
vn 0.2055 -0.6774 0.7063
vn 0.1509 -0.7588 0.6336
vn 0.2561 -0.8443 -0.4708
vn 0.1239 -0.6231 0.7723
vn 0.1803 -0.9063 -0.3821
vn 0.2778 -0.9159 -0.2899
vn 0.1086 -0.5459 0.8308
vn 0.1914 -0.9620 -0.1948
vn 0.0194 -0.0976 -0.9950
vn 0.0749 -0.3766 0.9233
vn 0.1115 -0.3675 0.9233
vn 0.0383 -0.1928 -0.9805
vn 0.0569 -0.2861 0.9565
vn 0.2903 -0.9569 -0.0000
vn 0.1942 -0.9761 -0.0979
vn 0.0383 -0.1928 0.9805
vn 0.1942 -0.9761 0.0979
vn 0.0749 -0.3766 -0.9233
vn 0.0194 -0.0976 0.9950
vn 0.1914 -0.9620 0.1948
vn 0.0922 -0.4635 -0.8813
vn 0.2778 -0.9159 0.2899
vn 0.1086 -0.5459 -0.8308
vn 0.0758 -0.7699 -0.6336
vn 0.1381 -0.6943 -0.7063
vn 0.0815 -0.8279 0.5549
vn 0.0815 -0.8279 -0.5549
vn 0.1381 -0.6943 0.7063
vn 0.0758 -0.7699 0.6336
vn 0.1721 -0.8653 -0.4708
vn 0.0623 -0.6323 0.7723
vn 0.0906 -0.9197 -0.3821
vn 0.0546 -0.5539 0.8308
vn 0.1867 -0.9387 -0.2899
vn 0.0922 -0.4635 0.8813
vn 0.0961 -0.9761 -0.1948
vn 0.0098 -0.0991 -0.9950
vn 0.0463 -0.4703 0.8813
vn 0.0193 -0.1956 -0.9805
vn 0.0286 -0.2903 0.9565
vn 0.1951 -0.9808 -0.0000
vn 0.0975 -0.9904 -0.0979
vn 0.0286 -0.2903 -0.9565
vn 0.0569 -0.2861 -0.9565
vn 0.0193 -0.1956 0.9805
vn 0.0975 -0.9904 0.0979
vn 0.0961 -0.9761 0.1948
vn 0.0463 -0.4703 -0.8813
vn 0.0098 -0.0991 0.9950
vn 0.1867 -0.9387 0.2899
vn 0.0546 -0.5539 -0.8308
vn 0.0906 -0.9197 0.3821
vn 0.1721 -0.8653 0.4708
vn 0.0623 -0.6323 -0.7723
vn 0.0865 -0.8780 -0.4708
vn 0.0694 -0.7045 0.7063
vn 0.0938 -0.9525 -0.2899
vn 0.0376 -0.3821 0.9233
vn 0.0980 -0.9952 -0.0000
vn 0.0376 -0.3821 -0.9233
vn 0.0938 -0.9525 0.2899
vn 0.0865 -0.8780 0.4708
vn 0.0694 -0.7045 -0.7063
vt 0.750000 0.968750
vt 0.750000 0.937500
vt 0.750000 0.906250
vt 0.750000 0.843750
vt 0.750000 0.656250
vt 0.750000 0.625000
vt 0.750000 0.593750
vt 0.750000 0.531250
vt 0.750000 0.500000
vt 0.750000 0.468750
vt 0.750000 0.406250
vt 0.750000 0.375000
vt 0.750000 0.343750
vt 0.750000 0.093750
vt 0.750000 0.031250
vt 0.734375 0.968750
vt 0.734375 0.937500
vt 0.734375 0.906250
vt 0.734375 0.875000
vt 0.734375 0.843750
vt 0.734375 0.812500
vt 0.734375 0.781250
vt 0.734375 0.750000
vt 0.734375 0.718750
vt 0.734375 0.687500
vt 0.734375 0.656250
vt 0.734375 0.625000
vt 0.734375 0.593750
vt 0.734375 0.562500
vt 0.734375 0.531250
vt 0.734375 0.500000
vt 0.734375 0.468750
vt 0.734375 0.437500
vt 0.734375 0.406250
vt 0.734375 0.375000
vt 0.734375 0.343750
vt 0.734375 0.312500
vt 0.734375 0.281250
vt 0.734375 0.250000
vt 0.734375 0.218750
vt 0.734375 0.187500
vt 0.734375 0.156250
vt 0.734375 0.125000
vt 0.734375 0.093750
vt 0.734375 0.062500
vt 0.734375 0.031250
vt 0.718750 0.968750
vt 0.718750 0.937500
vt 0.718750 0.906250
vt 0.718750 0.875000
vt 0.718750 0.843750
vt 0.718750 0.812500
vt 0.718750 0.781250
vt 0.718750 0.750000
vt 0.718750 0.718750
vt 0.718750 0.687500
vt 0.718750 0.656250
vt 0.718750 0.625000
vt 0.718750 0.593750
vt 0.718750 0.562500
vt 0.718750 0.531250
vt 0.718750 0.500000
vt 0.718750 0.468750
vt 0.718750 0.437500
vt 0.718750 0.406250
vt 0.718750 0.375000
vt 0.718750 0.343750
vt 0.718750 0.312500
vt 0.718750 0.281250
vt 0.718750 0.250000
vt 0.718750 0.218750
vt 0.718750 0.187500
vt 0.718750 0.156250
vt 0.718750 0.125000
vt 0.718750 0.093750
vt 0.718750 0.062500
vt 0.718750 0.031250
vt 0.703125 0.968750
vt 0.703125 0.937500
vt 0.703125 0.906250
vt 0.703125 0.875000
vt 0.703125 0.843750
vt 0.703125 0.812500
vt 0.703125 0.781250
vt 0.703125 0.750000
vt 0.703125 0.718750
vt 0.703125 0.687500
vt 0.703125 0.656250
vt 0.703125 0.625000
vt 0.703125 0.593750
vt 0.703125 0.562500
vt 0.703125 0.531250
vt 0.703125 0.500000
vt 0.703125 0.468750
vt 0.703125 0.437500
vt 0.703125 0.406250
vt 0.703125 0.375000
vt 0.703125 0.343750
vt 0.703125 0.312500
vt 0.703125 0.281250
vt 0.703125 0.250000
vt 0.703125 0.218750
vt 0.703125 0.187500
vt 0.703125 0.156250
vt 0.703125 0.125000
vt 0.703125 0.093750
vt 0.703125 0.062500
vt 0.703125 0.031250
vt 0.687500 0.968750
vt 0.687500 0.937500
vt 0.687500 0.906250
vt 0.687500 0.875000
vt 0.687500 0.843750
vt 0.687500 0.812500
vt 0.687500 0.781250
vt 0.687500 0.750000
vt 0.687500 0.718750
vt 0.687500 0.687500
vt 0.687500 0.656250
vt 0.687500 0.625000
vt 0.687500 0.593750
vt 0.687500 0.562500
vt 0.687500 0.531250
vt 0.687500 0.500000
vt 0.687500 0.468750
vt 0.687500 0.437500
vt 0.687500 0.406250
vt 0.687500 0.375000
vt 0.687500 0.343750
vt 0.687500 0.312500
vt 0.687500 0.281250
vt 0.687500 0.250000
vt 0.687500 0.218750
vt 0.687500 0.187500
vt 0.687500 0.156250
vt 0.687500 0.125000
vt 0.687500 0.093750
vt 0.687500 0.062500
vt 0.687500 0.031250
vt 0.671875 0.968750
vt 0.671875 0.937500
vt 0.671875 0.906250
vt 0.671875 0.875000
vt 0.671875 0.843750
vt 0.671875 0.812500
vt 0.671875 0.781250
vt 0.671875 0.750000
vt 0.671875 0.718750
vt 0.671875 0.687500
vt 0.671875 0.656250
vt 0.671875 0.625000
vt 0.671875 0.593750
vt 0.671875 0.562500
vt 0.671875 0.531250
vt 0.671875 0.500000
vt 0.671875 0.468750
vt 0.671875 0.437500
vt 0.671875 0.406250
vt 0.671875 0.375000
vt 0.671875 0.343750
vt 0.671875 0.312500
vt 0.671875 0.281250
vt 0.671875 0.250000
vt 0.671875 0.218750
vt 0.671875 0.187500
vt 0.671875 0.156250
vt 0.671875 0.125000
vt 0.671875 0.093750
vt 0.671875 0.062500
vt 0.671875 0.031250
vt 0.656250 0.968750
vt 0.656250 0.937500
vt 0.656250 0.906250
vt 0.656250 0.875000
vt 0.656250 0.843750
vt 0.656250 0.812500
vt 0.656250 0.781250
vt 0.656250 0.750000
vt 0.656250 0.718750
vt 0.656250 0.687500
vt 0.656250 0.656250
vt 0.656250 0.625000
vt 0.656250 0.593750
vt 0.656250 0.562500
vt 0.656250 0.531250
vt 0.656250 0.500000
vt 0.656250 0.468750
vt 0.656250 0.437500
vt 0.656250 0.406250
vt 0.656250 0.375000
vt 0.656250 0.343750
vt 0.656250 0.312500
vt 0.656250 0.281250
vt 0.656250 0.250000
vt 0.656250 0.218750
vt 0.656250 0.187500
vt 0.656250 0.156250
vt 0.656250 0.125000
vt 0.656250 0.093750
vt 0.656250 0.062500
vt 0.656250 0.031250
vt 0.640625 0.968750
vt 0.640625 0.937500
vt 0.640625 0.906250
vt 0.640625 0.875000
vt 0.640625 0.843750
vt 0.640625 0.812500
vt 0.640625 0.781250
vt 0.640625 0.750000
vt 0.640625 0.718750
vt 0.640625 0.687500
vt 0.640625 0.656250
vt 0.640625 0.625000
vt 0.640625 0.593750
vt 0.640625 0.562500
vt 0.640625 0.531250
vt 0.640625 0.500000
vt 0.640625 0.468750
vt 0.640625 0.437500
vt 0.640625 0.406250
vt 0.640625 0.375000
vt 0.640625 0.343750
vt 0.640625 0.312500
vt 0.640625 0.281250
vt 0.640625 0.250000
vt 0.640625 0.218750
vt 0.640625 0.187500
vt 0.640625 0.156250
vt 0.640625 0.125000
vt 0.640625 0.093750
vt 0.640625 0.062500
vt 0.640625 0.031250
vt 0.625000 0.968750
vt 0.625000 0.937500
vt 0.625000 0.906250
vt 0.625000 0.875000
vt 0.625000 0.843750
vt 0.625000 0.812500
vt 0.625000 0.781250
vt 0.625000 0.750000
vt 0.625000 0.718750
vt 0.625000 0.687500
vt 0.625000 0.656250
vt 0.625000 0.625000
vt 0.625000 0.593750
vt 0.625000 0.562500
vt 0.625000 0.531250
vt 0.625000 0.500000
vt 0.625000 0.468750
vt 0.625000 0.437500
vt 0.625000 0.406250
vt 0.625000 0.375000
vt 0.625000 0.343750
vt 0.625000 0.312500
vt 0.625000 0.281250
vt 0.625000 0.250000
vt 0.625000 0.218750
vt 0.625000 0.187500
vt 0.625000 0.156250
vt 0.625000 0.125000
vt 0.625000 0.093750
vt 0.625000 0.062500
vt 0.625000 0.031250
vt 0.609375 0.968750
vt 0.609375 0.937500
vt 0.609375 0.906250
vt 0.609375 0.875000
vt 0.609375 0.843750
vt 0.609375 0.812500
vt 0.609375 0.781250
vt 0.609375 0.750000
vt 0.609375 0.718750
vt 0.609375 0.687500
vt 0.609375 0.656250
vt 0.609375 0.625000
vt 0.609375 0.593750
vt 0.609375 0.562500
vt 0.609375 0.531250
vt 0.609375 0.500000
vt 0.609375 0.468750
vt 0.609375 0.437500
vt 0.609375 0.406250
vt 0.609375 0.375000
vt 0.609375 0.343750
vt 0.609375 0.312500
vt 0.609375 0.281250
vt 0.609375 0.250000
vt 0.609375 0.218750
vt 0.609375 0.187500
vt 0.609375 0.156250
vt 0.609375 0.125000
vt 0.609375 0.093750
vt 0.609375 0.062500
vt 0.609375 0.031250
vt 0.593750 0.968750
vt 0.593750 0.937500
vt 0.593750 0.906250
vt 0.593750 0.875000
vt 0.593750 0.843750
vt 0.593750 0.812500
vt 0.593750 0.781250
vt 0.593750 0.750000
vt 0.593750 0.718750
vt 0.593750 0.687500
vt 0.593750 0.656250
vt 0.593750 0.625000
vt 0.593750 0.593750
vt 0.593750 0.562500
vt 0.593750 0.531250
vt 0.593750 0.500000
vt 0.593750 0.468750
vt 0.593750 0.437500
vt 0.593750 0.406250
vt 0.593750 0.375000
vt 0.593750 0.343750
vt 0.593750 0.312500
vt 0.593750 0.281250
vt 0.593750 0.250000
vt 0.593750 0.218750
vt 0.593750 0.187500
vt 0.593750 0.156250
vt 0.593750 0.125000
vt 0.593750 0.093750
vt 0.593750 0.062500
vt 0.593750 0.031250
vt 0.578125 0.968750
vt 0.578125 0.937500
vt 0.578125 0.906250
vt 0.578125 0.875000
vt 0.578125 0.843750
vt 0.578125 0.812500
vt 0.578125 0.781250
vt 0.578125 0.750000
vt 0.578125 0.718750
vt 0.578125 0.687500
vt 0.578125 0.656250
vt 0.578125 0.625000
vt 0.578125 0.593750
vt 0.578125 0.562500
vt 0.578125 0.531250
vt 0.578125 0.500000
vt 0.578125 0.468750
vt 0.578125 0.437500
vt 0.578125 0.406250
vt 0.578125 0.375000
vt 0.578125 0.343750
vt 0.578125 0.312500
vt 0.578125 0.281250
vt 0.578125 0.250000
vt 0.578125 0.218750
vt 0.578125 0.187500
vt 0.578125 0.156250
vt 0.578125 0.125000
vt 0.578125 0.093750
vt 0.578125 0.062500
vt 0.578125 0.031250
vt 0.562500 0.968750
vt 0.562500 0.937500
vt 0.562500 0.906250
vt 0.562500 0.875000
vt 0.562500 0.843750
vt 0.562500 0.812500
vt 0.562500 0.781250
vt 0.562500 0.750000
vt 0.562500 0.718750
vt 0.562500 0.687500
vt 0.562500 0.656250
vt 0.562500 0.625000
vt 0.562500 0.593750
vt 0.562500 0.562500
vt 0.562500 0.531250
vt 0.562500 0.500000
vt 0.562500 0.468750
vt 0.562500 0.437500
vt 0.562500 0.406250
vt 0.562500 0.375000
vt 0.562500 0.343750
vt 0.562500 0.312500
vt 0.562500 0.281250
vt 0.562500 0.250000
vt 0.562500 0.218750
vt 0.562500 0.187500
vt 0.562500 0.156250
vt 0.562500 0.125000
vt 0.562500 0.093750
vt 0.562500 0.062500
vt 0.562500 0.031250
vt 0.546875 0.968750
vt 0.546875 0.937500
vt 0.546875 0.906250
vt 0.546875 0.875000
vt 0.546875 0.843750
vt 0.546875 0.812500
vt 0.546875 0.781250
vt 0.546875 0.750000
vt 0.546875 0.718750
vt 0.546875 0.687500
vt 0.546875 0.656250
vt 0.546875 0.625000
vt 0.546875 0.593750
vt 0.546875 0.562500
vt 0.546875 0.531250
vt 0.546875 0.500000
vt 0.546875 0.468750
vt 0.546875 0.437500
vt 0.546875 0.406250
vt 0.546875 0.375000
vt 0.546875 0.343750
vt 0.546875 0.312500
vt 0.546875 0.281250
vt 0.546875 0.250000
vt 0.546875 0.218750
vt 0.546875 0.187500
vt 0.546875 0.156250
vt 0.546875 0.125000
vt 0.546875 0.093750
vt 0.546875 0.062500
vt 0.546875 0.031250
vt 0.531250 0.968750
vt 0.531250 0.937500
vt 0.531250 0.906250
vt 0.531250 0.875000
vt 0.531250 0.843750
vt 0.531250 0.812500
vt 0.531250 0.781250
vt 0.531250 0.750000
vt 0.531250 0.718750
vt 0.531250 0.687500
vt 0.531250 0.656250
vt 0.531250 0.625000
vt 0.531250 0.593750
vt 0.531250 0.562500
vt 0.531250 0.531250
vt 0.531250 0.500000
vt 0.531250 0.468750
vt 0.531250 0.437500
vt 0.531250 0.406250
vt 0.531250 0.375000
vt 0.531250 0.343750
vt 0.531250 0.312500
vt 0.531250 0.281250
vt 0.531250 0.250000
vt 0.531250 0.218750
vt 0.531250 0.187500
vt 0.531250 0.156250
vt 0.531250 0.125000
vt 0.531250 0.093750
vt 0.531250 0.062500
vt 0.531250 0.031250
vt 0.515625 0.968750
vt 0.515625 0.937500
vt 0.515625 0.906250
vt 0.515625 0.875000
vt 0.515625 0.843750
vt 0.515625 0.812500
vt 0.515625 0.781250
vt 0.515625 0.750000
vt 0.515625 0.718750
vt 0.515625 0.687500
vt 0.515625 0.656250
vt 0.515625 0.625000
vt 0.515625 0.593750
vt 0.515625 0.562500
vt 0.515625 0.531250
vt 0.515625 0.500000
vt 0.515625 0.468750
vt 0.515625 0.437500
vt 0.515625 0.406250
vt 0.515625 0.375000
vt 0.515625 0.343750
vt 0.515625 0.312500
vt 0.515625 0.281250
vt 0.515625 0.250000
vt 0.515625 0.218750
vt 0.515625 0.187500
vt 0.515625 0.156250
vt 0.515625 0.125000
vt 0.515625 0.093750
vt 0.515625 0.062500
vt 0.515625 0.031250
vt 0.500000 0.968750
vt 0.500000 0.937500
vt 0.500000 0.906250
vt 0.500000 0.875000
vt 0.500000 0.843750
vt 0.500000 0.812500
vt 0.500000 0.781250
vt 0.500000 0.750000
vt 0.500000 0.718750
vt 0.500000 0.687500
vt 0.500000 0.656250
vt 0.500000 0.625000
vt 0.500000 0.593750
vt 0.500000 0.562500
vt 0.500000 0.531250
vt 0.500000 0.500000
vt 0.500000 0.468750
vt 0.500000 0.437500
vt 0.500000 0.406250
vt 0.500000 0.375000
vt 0.500000 0.343750
vt 0.500000 0.312500
vt 0.500000 0.281250
vt 0.500000 0.250000
vt 0.500000 0.218750
vt 0.500000 0.187500
vt 0.500000 0.156250
vt 0.500000 0.125000
vt 0.500000 0.093750
vt 0.500000 0.062500
vt 0.500000 0.031250
vt 0.484375 0.968750
vt 0.484375 0.937500
vt 0.484375 0.906250
vt 0.484375 0.875000
vt 0.484375 0.843750
vt 0.484375 0.812500
vt 0.484375 0.781250
vt 0.484375 0.750000
vt 0.484375 0.718750
vt 0.484375 0.687500
vt 0.484375 0.656250
vt 0.484375 0.625000
vt 0.484375 0.593750
vt 0.484375 0.562500
vt 0.484375 0.531250
vt 0.484375 0.500000
vt 0.484375 0.468750
vt 0.484375 0.437500
vt 0.484375 0.406250
vt 0.484375 0.375000
vt 0.484375 0.343750
vt 0.484375 0.312500
vt 0.484375 0.281250
vt 0.484375 0.250000
vt 0.484375 0.218750
vt 0.484375 0.187500
vt 0.484375 0.156250
vt 0.484375 0.125000
vt 0.484375 0.093750
vt 0.484375 0.062500
vt 0.484375 0.031250
vt 0.468750 0.968750
vt 0.468750 0.937500
vt 0.468750 0.906250
vt 0.468750 0.875000
vt 0.468750 0.843750
vt 0.468750 0.812500
vt 0.468750 0.781250
vt 0.468750 0.750000
vt 0.468750 0.718750
vt 0.468750 0.687500
vt 0.468750 0.656250
vt 0.468750 0.625000
vt 0.468750 0.593750
vt 0.468750 0.562500
vt 0.468750 0.531250
vt 0.468750 0.500000
vt 0.468750 0.468750
vt 0.468750 0.437500
vt 0.468750 0.406250
vt 0.468750 0.375000
vt 0.468750 0.343750
vt 0.468750 0.312500
vt 0.468750 0.281250
vt 0.468750 0.250000
vt 0.468750 0.218750
vt 0.468750 0.187500
vt 0.468750 0.156250
vt 0.468750 0.125000
vt 0.468750 0.093750
vt 0.468750 0.062500
vt 0.468750 0.031250
vt 0.453125 0.968750
vt 0.453125 0.937500
vt 0.453125 0.906250
vt 0.453125 0.875000
vt 0.453125 0.843750
vt 0.453125 0.812500
vt 0.453125 0.781250
vt 0.453125 0.750000
vt 0.453125 0.718750
vt 0.453125 0.687500
vt 0.453125 0.656250
vt 0.453125 0.625000
vt 0.453125 0.593750
vt 0.453125 0.562500
vt 0.453125 0.531250
vt 0.453125 0.500000
vt 0.453125 0.468750
vt 0.453125 0.437500
vt 0.453125 0.406250
vt 0.453125 0.375000
vt 0.453125 0.343750
vt 0.453125 0.312500
vt 0.453125 0.281250
vt 0.453125 0.250000
vt 0.453125 0.218750
vt 0.453125 0.187500
vt 0.453125 0.156250
vt 0.453125 0.125000
vt 0.453125 0.093750
vt 0.453125 0.062500
vt 0.453125 0.031250
vt 0.437500 0.968750
vt 0.437500 0.937500
vt 0.437500 0.906250
vt 0.437500 0.875000
vt 0.437500 0.843750
vt 0.437500 0.812500
vt 0.437500 0.781250
vt 0.437500 0.750000
vt 0.437500 0.718750
vt 0.437500 0.687500
vt 0.437500 0.656250
vt 0.437500 0.625000
vt 0.437500 0.593750
vt 0.437500 0.562500
vt 0.437500 0.531250
vt 0.437500 0.500000
vt 0.437500 0.468750
vt 0.437500 0.437500
vt 0.437500 0.406250
vt 0.437500 0.375000
vt 0.437500 0.343750
vt 0.437500 0.312500
vt 0.437500 0.281250
vt 0.437500 0.250000
vt 0.437500 0.218750
vt 0.437500 0.187500
vt 0.437500 0.156250
vt 0.437500 0.125000
vt 0.437500 0.093750
vt 0.437500 0.062500
vt 0.437500 0.031250
vt 0.421875 0.968750
vt 0.421875 0.937500
vt 0.421875 0.906250
vt 0.421875 0.875000
vt 0.421875 0.843750
vt 0.421875 0.812500
vt 0.421875 0.781250
vt 0.421875 0.750000
vt 0.421875 0.718750
vt 0.421875 0.687500
vt 0.421875 0.656250
vt 0.421875 0.625000
vt 0.421875 0.593750
vt 0.421875 0.562500
vt 0.421875 0.531250
vt 0.421875 0.500000
vt 0.421875 0.468750
vt 0.421875 0.437500
vt 0.421875 0.406250
vt 0.421875 0.375000
vt 0.421875 0.343750
vt 0.421875 0.312500
vt 0.421875 0.281250
vt 0.421875 0.250000
vt 0.421875 0.218750
vt 0.421875 0.187500
vt 0.421875 0.156250
vt 0.421875 0.125000
vt 0.421875 0.093750
vt 0.421875 0.062500
vt 0.421875 0.031250
vt 0.406250 0.968750
vt 0.406250 0.937500
vt 0.406250 0.906250
vt 0.406250 0.875000
vt 0.406250 0.843750
vt 0.406250 0.812500
vt 0.406250 0.781250
vt 0.406250 0.750000
vt 0.406250 0.718750
vt 0.406250 0.687500
vt 0.406250 0.656250
vt 0.406250 0.625000
vt 0.406250 0.593750
vt 0.406250 0.562500
vt 0.406250 0.531250
vt 0.406250 0.500000
vt 0.406250 0.468750
vt 0.406250 0.437500
vt 0.406250 0.406250
vt 0.406250 0.375000
vt 0.406250 0.343750
vt 0.406250 0.312500
vt 0.406250 0.281250
vt 0.406250 0.250000
vt 0.406250 0.218750
vt 0.406250 0.187500
vt 0.406250 0.156250
vt 0.406250 0.125000
vt 0.406250 0.093750
vt 0.406250 0.062500
vt 0.406250 0.031250
vt 0.390625 0.968750
vt 0.390625 0.937500
vt 0.390625 0.906250
vt 0.390625 0.875000
vt 0.390625 0.843750
vt 0.390625 0.812500
vt 0.390625 0.781250
vt 0.390625 0.750000
vt 0.390625 0.718750
vt 0.390625 0.687500
vt 0.390625 0.656250
vt 0.390625 0.625000
vt 0.390625 0.593750
vt 0.390625 0.562500
vt 0.390625 0.531250
vt 0.390625 0.500000
vt 0.390625 0.468750
vt 0.390625 0.437500
vt 0.390625 0.406250
vt 0.390625 0.375000
vt 0.390625 0.343750
vt 0.390625 0.312500
vt 0.390625 0.281250
vt 0.390625 0.250000
vt 0.390625 0.218750
vt 0.390625 0.187500
vt 0.390625 0.156250
vt 0.390625 0.125000
vt 0.390625 0.093750
vt 0.390625 0.062500
vt 0.390625 0.031250
vt 0.375000 0.968750
vt 0.375000 0.937500
vt 0.375000 0.906250
vt 0.375000 0.875000
vt 0.375000 0.843750
vt 0.375000 0.812500
vt 0.375000 0.781250
vt 0.375000 0.750000
vt 0.375000 0.718750
vt 0.375000 0.687500
vt 0.375000 0.656250
vt 0.375000 0.625000
vt 0.375000 0.593750
vt 0.375000 0.562500
vt 0.375000 0.531250
vt 0.375000 0.500000
vt 0.375000 0.468750
vt 0.375000 0.437500
vt 0.375000 0.406250
vt 0.375000 0.375000
vt 0.375000 0.343750
vt 0.375000 0.312500
vt 0.375000 0.281250
vt 0.375000 0.250000
vt 0.375000 0.218750
vt 0.375000 0.187500
vt 0.375000 0.156250
vt 0.375000 0.125000
vt 0.375000 0.093750
vt 0.375000 0.062500
vt 0.375000 0.031250
vt 0.359375 0.968750
vt 0.359375 0.937500
vt 0.359375 0.906250
vt 0.359375 0.875000
vt 0.359375 0.843750
vt 0.359375 0.812500
vt 0.359375 0.781250
vt 0.359375 0.750000
vt 0.359375 0.718750
vt 0.359375 0.687500
vt 0.359375 0.656250
vt 0.359375 0.625000
vt 0.359375 0.593750
vt 0.359375 0.562500
vt 0.359375 0.531250
vt 0.359375 0.500000
vt 0.359375 0.468750
vt 0.359375 0.437500
vt 0.359375 0.406250
vt 0.359375 0.375000
vt 0.359375 0.343750
vt 0.359375 0.312500
vt 0.359375 0.281250
vt 0.359375 0.250000
vt 0.359375 0.218750
vt 0.359375 0.187500
vt 0.359375 0.156250
vt 0.359375 0.125000
vt 0.359375 0.093750
vt 0.359375 0.062500
vt 0.359375 0.031250
vt 0.343750 0.968750
vt 0.343750 0.937500
vt 0.343750 0.906250
vt 0.343750 0.875000
vt 0.343750 0.843750
vt 0.343750 0.812500
vt 0.343750 0.781250
vt 0.343750 0.750000
vt 0.343750 0.718750
vt 0.343750 0.687500
vt 0.343750 0.656250
vt 0.343750 0.625000
vt 0.343750 0.593750
vt 0.343750 0.562500
vt 0.343750 0.531250
vt 0.343750 0.500000
vt 0.343750 0.468750
vt 0.343750 0.437500
vt 0.343750 0.406250
vt 0.343750 0.375000
vt 0.343750 0.343750
vt 0.343750 0.312500
vt 0.343750 0.281250
vt 0.343750 0.250000
vt 0.343750 0.218750
vt 0.343750 0.187500
vt 0.343750 0.156250
vt 0.343750 0.125000
vt 0.343750 0.093750
vt 0.343750 0.062500
vt 0.343750 0.031250
vt 0.328125 0.968750
vt 0.328125 0.937500
vt 0.328125 0.906250
vt 0.328125 0.875000
vt 0.328125 0.843750
vt 0.328125 0.812500
vt 0.328125 0.781250
vt 0.328125 0.750000
vt 0.328125 0.718750
vt 0.328125 0.687500
vt 0.328125 0.656250
vt 0.328125 0.625000
vt 0.328125 0.593750
vt 0.328125 0.562500
vt 0.328125 0.531250
vt 0.328125 0.500000
vt 0.328125 0.468750
vt 0.328125 0.437500
vt 0.328125 0.406250
vt 0.328125 0.375000
vt 0.328125 0.343750
vt 0.328125 0.312500
vt 0.328125 0.281250
vt 0.328125 0.250000
vt 0.328125 0.218750
vt 0.328125 0.187500
vt 0.328125 0.156250
vt 0.328125 0.125000
vt 0.328125 0.093750
vt 0.328125 0.062500
vt 0.328125 0.031250
vt 0.312500 0.968750
vt 0.312500 0.937500
vt 0.312500 0.906250
vt 0.312500 0.875000
vt 0.312500 0.843750
vt 0.312500 0.812500
vt 0.312500 0.781250
vt 0.312500 0.750000
vt 0.312500 0.718750
vt 0.312500 0.687500
vt 0.312500 0.656250
vt 0.312500 0.625000
vt 0.312500 0.593750
vt 0.312500 0.562500
vt 0.312500 0.531250
vt 0.312500 0.500000
vt 0.312500 0.468750
vt 0.312500 0.437500
vt 0.312500 0.406250
vt 0.312500 0.375000
vt 0.312500 0.343750
vt 0.312500 0.312500
vt 0.312500 0.281250
vt 0.312500 0.250000
vt 0.312500 0.218750
vt 0.312500 0.187500
vt 0.312500 0.156250
vt 0.312500 0.125000
vt 0.312500 0.093750
vt 0.312500 0.062500
vt 0.312500 0.031250
vt 0.296875 0.968750
vt 0.296875 0.937500
vt 0.296875 0.906250
vt 0.296875 0.875000
vt 0.296875 0.843750
vt 0.296875 0.812500
vt 0.296875 0.781250
vt 0.296875 0.750000
vt 0.296875 0.718750
vt 0.296875 0.687500
vt 0.296875 0.656250
vt 0.296875 0.625000
vt 0.296875 0.593750
vt 0.296875 0.562500
vt 0.296875 0.531250
vt 0.296875 0.500000
vt 0.296875 0.468750
vt 0.296875 0.437500
vt 0.296875 0.406250
vt 0.296875 0.375000
vt 0.296875 0.343750
vt 0.296875 0.312500
vt 0.296875 0.281250
vt 0.296875 0.250000
vt 0.296875 0.218750
vt 0.296875 0.187500
vt 0.296875 0.156250
vt 0.296875 0.125000
vt 0.296875 0.093750
vt 0.296875 0.062500
vt 0.296875 0.031250
vt 0.281250 0.968750
vt 0.281250 0.937500
vt 0.281250 0.906250
vt 0.281250 0.875000
vt 0.281250 0.843750
vt 0.281250 0.812500
vt 0.281250 0.781250
vt 0.281250 0.750000
vt 0.281250 0.718750
vt 0.281250 0.687500
vt 0.281250 0.656250
vt 0.281250 0.625000
vt 0.281250 0.593750
vt 0.281250 0.562500
vt 0.281250 0.531250
vt 0.281250 0.500000
vt 0.281250 0.468750
vt 0.281250 0.437500
vt 0.281250 0.406250
vt 0.281250 0.375000
vt 0.281250 0.343750
vt 0.281250 0.312500
vt 0.281250 0.281250
vt 0.281250 0.250000
vt 0.281250 0.218750
vt 0.281250 0.187500
vt 0.281250 0.156250
vt 0.281250 0.125000
vt 0.281250 0.093750
vt 0.281250 0.062500
vt 0.281250 0.031250
vt 0.265625 0.968750
vt 0.265625 0.937500
vt 0.265625 0.906250
vt 0.265625 0.875000
vt 0.265625 0.843750
vt 0.265625 0.812500
vt 0.265625 0.781250
vt 0.265625 0.750000
vt 0.265625 0.718750
vt 0.265625 0.687500
vt 0.265625 0.656250
vt 0.265625 0.625000
vt 0.265625 0.593750
vt 0.265625 0.562500
vt 0.265625 0.531250
vt 0.265625 0.500000
vt 0.265625 0.468750
vt 0.265625 0.437500
vt 0.265625 0.406250
vt 0.265625 0.375000
vt 0.265625 0.343750
vt 0.265625 0.312500
vt 0.265625 0.281250
vt 0.265625 0.250000
vt 0.265625 0.218750
vt 0.265625 0.187500
vt 0.265625 0.156250
vt 0.265625 0.125000
vt 0.265625 0.093750
vt 0.265625 0.062500
vt 0.265625 0.031250
vt 0.250000 0.968750
vt 0.250000 0.937500
vt 0.250000 0.906250
vt 0.250000 0.875000
vt 0.250000 0.843750
vt 0.250000 0.812500
vt 0.250000 0.781250
vt 0.250000 0.750000
vt 0.250000 0.718750
vt 0.250000 0.687500
vt 0.250000 0.656250
vt 0.250000 0.625000
vt 0.250000 0.593750
vt 0.250000 0.562500
vt 0.250000 0.531250
vt 0.250000 0.500000
vt 0.250000 0.468750
vt 0.250000 0.437500
vt 0.250000 0.406250
vt 0.250000 0.375000
vt 0.250000 0.343750
vt 0.250000 0.312500
vt 0.250000 0.281250
vt 0.250000 0.250000
vt 0.250000 0.218750
vt 0.250000 0.187500
vt 0.250000 0.156250
vt 0.250000 0.125000
vt 0.250000 0.093750
vt 0.250000 0.062500
vt 0.250000 0.031250
vt 0.234375 0.968750
vt 0.234375 0.937500
vt 0.234375 0.906250
vt 0.234375 0.875000
vt 0.234375 0.843750
vt 0.234375 0.812500
vt 0.234375 0.781250
vt 0.234375 0.750000
vt 0.234375 0.718750
vt 0.234375 0.687500
vt 0.234375 0.656250
vt 0.234375 0.625000
vt 0.234375 0.593750
vt 0.234375 0.562500
vt 0.234375 0.531250
vt 0.234375 0.500000
vt 0.234375 0.468750
vt 0.234375 0.437500
vt 0.234375 0.406250
vt 0.234375 0.375000
vt 0.234375 0.343750
vt 0.234375 0.312500
vt 0.234375 0.281250
vt 0.234375 0.250000
vt 0.234375 0.218750
vt 0.234375 0.187500
vt 0.234375 0.156250
vt 0.234375 0.125000
vt 0.234375 0.093750
vt 0.234375 0.062500
vt 0.234375 0.031250
vt 0.742188 1.000000
vt 0.726562 1.000000
vt 0.710938 1.000000
vt 0.695312 1.000000
vt 0.679688 1.000000
vt 0.664062 1.000000
vt 0.648438 1.000000
vt 0.632812 1.000000
vt 0.617188 1.000000
vt 0.601562 1.000000
vt 0.585938 1.000000
vt 0.570312 1.000000
vt 0.554688 1.000000
vt 0.539062 1.000000
vt 0.523438 1.000000
vt 0.507812 1.000000
vt 0.492188 1.000000
vt 0.476562 1.000000
vt 0.460938 1.000000
vt 0.445312 1.000000
vt 0.429688 1.000000
vt 0.414062 1.000000
vt 0.398437 1.000000
vt 0.382812 1.000000
vt 0.367188 1.000000
vt 0.351562 1.000000
vt 0.335937 1.000000
vt 0.320312 1.000000
vt 0.304688 1.000000
vt 0.289062 1.000000
vt 0.273438 1.000000
vt 0.257812 1.000000
vt 0.242187 1.000000
vt 0.226562 1.000000
vt 0.210938 1.000000
vt 0.195312 1.000000
vt 0.179687 1.000000
vt 0.164062 1.000000
vt 0.148437 1.000000
vt 0.132812 1.000000
vt 0.117188 1.000000
vt 0.101562 1.000000
vt 0.085937 1.000000
vt 0.070312 1.000000
vt 0.054688 1.000000
vt 0.039062 1.000000
vt 0.023438 1.000000
vt 0.007812 1.000000
vt 0.992188 1.000000
vt 0.976562 1.000000
vt 0.960938 1.000000
vt 0.945312 1.000000
vt 0.929687 1.000000
vt 0.914062 1.000000
vt 0.898438 1.000000
vt 0.882812 1.000000
vt 0.867188 1.000000
vt 0.851562 1.000000
vt 0.835938 1.000000
vt 0.820312 1.000000
vt 0.804688 1.000000
vt 0.789062 1.000000
vt 0.773438 1.000000
vt 0.757812 1.000000
vt 0.218750 0.968750
vt 0.218750 0.937500
vt 0.218750 0.906250
vt 0.218750 0.875000
vt 0.218750 0.843750
vt 0.218750 0.812500
vt 0.218750 0.781250
vt 0.218750 0.750000
vt 0.218750 0.718750
vt 0.218750 0.687500
vt 0.218750 0.656250
vt 0.218750 0.625000
vt 0.218750 0.593750
vt 0.218750 0.562500
vt 0.218750 0.531250
vt 0.218750 0.500000
vt 0.218750 0.468750
vt 0.218750 0.437500
vt 0.218750 0.406250
vt 0.218750 0.375000
vt 0.218750 0.343750
vt 0.218750 0.312500
vt 0.218750 0.281250
vt 0.218750 0.250000
vt 0.218750 0.218750
vt 0.218750 0.187500
vt 0.218750 0.156250
vt 0.218750 0.125000
vt 0.218750 0.093750
vt 0.218750 0.062500
vt 0.218750 0.031250
vt 0.203125 0.968750
vt 0.203125 0.937500
vt 0.203125 0.906250
vt 0.203125 0.875000
vt 0.203125 0.843750
vt 0.203125 0.812500
vt 0.203125 0.781250
vt 0.203125 0.750000
vt 0.203125 0.718750
vt 0.203125 0.687500
vt 0.203125 0.656250
vt 0.203125 0.625000
vt 0.203125 0.593750
vt 0.203125 0.562500
vt 0.203125 0.531250
vt 0.203125 0.500000
vt 0.203125 0.468750
vt 0.203125 0.437500
vt 0.203125 0.406250
vt 0.203125 0.375000
vt 0.203125 0.343750
vt 0.203125 0.312500
vt 0.203125 0.281250
vt 0.203125 0.250000
vt 0.203125 0.218750
vt 0.203125 0.187500
vt 0.203125 0.156250
vt 0.203125 0.125000
vt 0.203125 0.093750
vt 0.203125 0.062500
vt 0.203125 0.031250
vt 0.187500 0.968750
vt 0.187500 0.937500
vt 0.187500 0.906250
vt 0.187500 0.875000
vt 0.187500 0.843750
vt 0.187500 0.812500
vt 0.187500 0.781250
vt 0.187500 0.750000
vt 0.187500 0.718750
vt 0.187500 0.687500
vt 0.187500 0.656250
vt 0.187500 0.625000
vt 0.187500 0.593750
vt 0.187500 0.562500
vt 0.187500 0.531250
vt 0.187500 0.500000
vt 0.187500 0.468750
vt 0.187500 0.437500
vt 0.187500 0.406250
vt 0.187500 0.375000
vt 0.187500 0.343750
vt 0.187500 0.312500
vt 0.187500 0.281250
vt 0.187500 0.250000
vt 0.187500 0.218750
vt 0.187500 0.187500
vt 0.187500 0.156250
vt 0.187500 0.125000
vt 0.187500 0.093750
vt 0.187500 0.062500
vt 0.187500 0.031250
vt 0.171875 0.968750
vt 0.171875 0.937500
vt 0.171875 0.906250
vt 0.171875 0.875000
vt 0.171875 0.843750
vt 0.171875 0.812500
vt 0.171875 0.781250
vt 0.171875 0.750000
vt 0.171875 0.718750
vt 0.171875 0.687500
vt 0.171875 0.656250
vt 0.171875 0.625000
vt 0.171875 0.593750
vt 0.171875 0.562500
vt 0.171875 0.531250
vt 0.171875 0.500000
vt 0.171875 0.468750
vt 0.171875 0.437500
vt 0.171875 0.406250
vt 0.171875 0.375000
vt 0.171875 0.343750
vt 0.171875 0.312500
vt 0.171875 0.281250
vt 0.171875 0.250000
vt 0.171875 0.218750
vt 0.171875 0.187500
vt 0.171875 0.156250
vt 0.171875 0.125000
vt 0.171875 0.093750
vt 0.171875 0.062500
vt 0.171875 0.031250
vt 0.156250 0.968750
vt 0.156250 0.937500
vt 0.156250 0.906250
vt 0.156250 0.875000
vt 0.156250 0.843750
vt 0.156250 0.812500
vt 0.156250 0.781250
vt 0.156250 0.750000
vt 0.156250 0.718750
vt 0.156250 0.687500
vt 0.156250 0.656250
vt 0.156250 0.625000
vt 0.156250 0.593750
vt 0.156250 0.562500
vt 0.156250 0.531250
vt 0.156250 0.500000
vt 0.156250 0.468750
vt 0.156250 0.437500
vt 0.156250 0.406250
vt 0.156250 0.375000
vt 0.156250 0.343750
vt 0.156250 0.312500
vt 0.156250 0.281250
vt 0.156250 0.250000
vt 0.156250 0.218750
vt 0.156250 0.187500
vt 0.156250 0.156250
vt 0.156250 0.125000
vt 0.156250 0.093750
vt 0.156250 0.062500
vt 0.156250 0.031250
vt 0.140625 0.968750
vt 0.140625 0.937500
vt 0.140625 0.906250
vt 0.140625 0.875000
vt 0.140625 0.843750
vt 0.140625 0.812500
vt 0.140625 0.781250
vt 0.140625 0.750000
vt 0.140625 0.718750
vt 0.140625 0.687500
vt 0.140625 0.656250
vt 0.140625 0.625000
vt 0.140625 0.593750
vt 0.140625 0.562500
vt 0.140625 0.531250
vt 0.140625 0.500000
vt 0.140625 0.468750
vt 0.140625 0.437500
vt 0.140625 0.406250
vt 0.140625 0.375000
vt 0.140625 0.343750
vt 0.140625 0.312500
vt 0.140625 0.281250
vt 0.140625 0.250000
vt 0.140625 0.218750
vt 0.140625 0.187500
vt 0.140625 0.156250
vt 0.140625 0.125000
vt 0.140625 0.093750
vt 0.140625 0.062500
vt 0.140625 0.031250
vt 0.742188 0.000000
vt 0.726562 0.000000
vt 0.710938 0.000000
vt 0.695312 0.000000
vt 0.679688 0.000000
vt 0.664062 0.000000
vt 0.648438 0.000000
vt 0.632812 0.000000
vt 0.617188 0.000000
vt 0.601562 0.000000
vt 0.585938 0.000000
vt 0.570312 0.000000
vt 0.554688 0.000000
vt 0.539062 0.000000
vt 0.523438 0.000000
vt 0.507812 0.000000
vt 0.492188 0.000000
vt 0.476562 0.000000
vt 0.460938 0.000000
vt 0.445312 0.000000
vt 0.429688 0.000000
vt 0.414062 0.000000
vt 0.398437 0.000000
vt 0.382812 0.000000
vt 0.367188 0.000000
vt 0.351562 0.000000
vt 0.335937 0.000000
vt 0.320312 0.000000
vt 0.304688 0.000000
vt 0.289062 0.000000
vt 0.273438 0.000000
vt 0.257812 0.000000
vt 0.242187 0.000000
vt 0.226562 0.000000
vt 0.210938 0.000000
vt 0.195312 0.000000
vt 0.179687 0.000000
vt 0.164062 0.000000
vt 0.148437 0.000000
vt 0.132812 0.000000
vt 0.117188 0.000000
vt 0.101562 0.000000
vt 0.085937 0.000000
vt 0.070312 0.000000
vt 0.054688 0.000000
vt 0.039062 0.000000
vt 0.023438 0.000000
vt 0.007812 0.000000
vt 0.992188 0.000000
vt 0.976562 0.000000
vt 0.960938 0.000000
vt 0.945312 0.000000
vt 0.929687 0.000000
vt 0.914062 0.000000
vt 0.898438 0.000000
vt 0.882812 0.000000
vt 0.867188 0.000000
vt 0.851562 0.000000
vt 0.835938 0.000000
vt 0.820312 0.000000
vt 0.804688 0.000000
vt 0.789062 0.000000
vt 0.773438 0.000000
vt 0.757812 0.000000
vt 0.125000 0.968750
vt 0.125000 0.937500
vt 0.125000 0.906250
vt 0.125000 0.875000
vt 0.125000 0.843750
vt 0.125000 0.812500
vt 0.125000 0.781250
vt 0.125000 0.750000
vt 0.125000 0.718750
vt 0.125000 0.687500
vt 0.125000 0.656250
vt 0.125000 0.625000
vt 0.125000 0.593750
vt 0.125000 0.562500
vt 0.125000 0.531250
vt 0.125000 0.500000
vt 0.125000 0.468750
vt 0.125000 0.437500
vt 0.125000 0.406250
vt 0.125000 0.375000
vt 0.125000 0.343750
vt 0.125000 0.312500
vt 0.125000 0.281250
vt 0.125000 0.250000
vt 0.125000 0.218750
vt 0.125000 0.187500
vt 0.125000 0.156250
vt 0.125000 0.125000
vt 0.125000 0.093750
vt 0.125000 0.062500
vt 0.125000 0.031250
vt 0.109375 0.968750
vt 0.109375 0.937500
vt 0.109375 0.906250
vt 0.109375 0.875000
vt 0.109375 0.843750
vt 0.109375 0.812500
vt 0.109375 0.781250
vt 0.109375 0.750000
vt 0.109375 0.718750
vt 0.109375 0.687500
vt 0.109375 0.656250
vt 0.109375 0.625000
vt 0.109375 0.593750
vt 0.109375 0.562500
vt 0.109375 0.531250
vt 0.109375 0.500000
vt 0.109375 0.468750
vt 0.109375 0.437500
vt 0.109375 0.406250
vt 0.109375 0.375000
vt 0.109375 0.343750
vt 0.109375 0.312500
vt 0.109375 0.281250
vt 0.109375 0.250000
vt 0.109375 0.218750
vt 0.109375 0.187500
vt 0.109375 0.156250
vt 0.109375 0.125000
vt 0.109375 0.093750
vt 0.109375 0.062500
vt 0.109375 0.031250
vt 0.093750 0.968750
vt 0.093750 0.937500
vt 0.093750 0.906250
vt 0.093750 0.875000
vt 0.093750 0.843750
vt 0.093750 0.812500
vt 0.093750 0.781250
vt 0.093750 0.750000
vt 0.093750 0.718750
vt 0.093750 0.687500
vt 0.093750 0.656250
vt 0.093750 0.625000
vt 0.093750 0.593750
vt 0.093750 0.562500
vt 0.093750 0.531250
vt 0.093750 0.500000
vt 0.093750 0.468750
vt 0.093750 0.437500
vt 0.093750 0.406250
vt 0.093750 0.375000
vt 0.093750 0.343750
vt 0.093750 0.312500
vt 0.093750 0.281250
vt 0.093750 0.250000
vt 0.093750 0.218750
vt 0.093750 0.187500
vt 0.093750 0.156250
vt 0.093750 0.125000
vt 0.093750 0.093750
vt 0.093750 0.062500
vt 0.093750 0.031250
vt 0.078125 0.968750
vt 0.078125 0.937500
vt 0.078125 0.906250
vt 0.078125 0.875000
vt 0.078125 0.843750
vt 0.078125 0.812500
vt 0.078125 0.781250
vt 0.078125 0.750000
vt 0.078125 0.718750
vt 0.078125 0.687500
vt 0.078125 0.656250
vt 0.078125 0.625000
vt 0.078125 0.593750
vt 0.078125 0.562500
vt 0.078125 0.531250
vt 0.078125 0.500000
vt 0.078125 0.468750
vt 0.078125 0.437500
vt 0.078125 0.406250
vt 0.078125 0.375000
vt 0.078125 0.343750
vt 0.078125 0.312500
vt 0.078125 0.281250
vt 0.078125 0.250000
vt 0.078125 0.218750
vt 0.078125 0.187500
vt 0.078125 0.156250
vt 0.078125 0.125000
vt 0.078125 0.093750
vt 0.078125 0.062500
vt 0.078125 0.031250
vt 0.062500 0.968750
vt 0.062500 0.937500
vt 0.062500 0.906250
vt 0.062500 0.875000
vt 0.062500 0.843750
vt 0.062500 0.812500
vt 0.062500 0.781250
vt 0.062500 0.750000
vt 0.062500 0.718750
vt 0.062500 0.687500
vt 0.062500 0.656250
vt 0.062500 0.625000
vt 0.062500 0.593750
vt 0.062500 0.562500
vt 0.062500 0.531250
vt 0.062500 0.500000
vt 0.062500 0.468750
vt 0.062500 0.437500
vt 0.062500 0.406250
vt 0.062500 0.375000
vt 0.062500 0.343750
vt 0.062500 0.312500
vt 0.062500 0.281250
vt 0.062500 0.250000
vt 0.062500 0.218750
vt 0.062500 0.187500
vt 0.062500 0.156250
vt 0.062500 0.125000
vt 0.062500 0.093750
vt 0.062500 0.062500
vt 0.062500 0.031250
vt 0.046875 0.968750
vt 0.046875 0.937500
vt 0.046875 0.906250
vt 0.046875 0.875000
vt 0.046875 0.843750
vt 0.046875 0.812500
vt 0.046875 0.781250
vt 0.046875 0.750000
vt 0.046875 0.718750
vt 0.046875 0.687500
vt 0.046875 0.656250
vt 0.046875 0.625000
vt 0.046875 0.593750
vt 0.046875 0.562500
vt 0.046875 0.531250
vt 0.046875 0.500000
vt 0.046875 0.468750
vt 0.046875 0.437500
vt 0.046875 0.406250
vt 0.046875 0.375000
vt 0.046875 0.343750
vt 0.046875 0.312500
vt 0.046875 0.281250
vt 0.046875 0.250000
vt 0.046875 0.218750
vt 0.046875 0.187500
vt 0.046875 0.156250
vt 0.046875 0.125000
vt 0.046875 0.093750
vt 0.046875 0.062500
vt 0.046875 0.031250
vt 0.031250 0.968750
vt 0.031250 0.937500
vt 0.031250 0.906250
vt 0.031250 0.875000
vt 0.031250 0.843750
vt 0.031250 0.812500
vt 0.031250 0.781250
vt 0.031250 0.750000
vt 0.031250 0.718750
vt 0.031250 0.687500
vt 0.031250 0.656250
vt 0.031250 0.625000
vt 0.031250 0.593750
vt 0.031250 0.562500
vt 0.031250 0.531250
vt 0.031250 0.500000
vt 0.031250 0.468750
vt 0.031250 0.437500
vt 0.031250 0.406250
vt 0.031250 0.375000
vt 0.031250 0.343750
vt 0.031250 0.312500
vt 0.031250 0.281250
vt 0.031250 0.250000
vt 0.031250 0.218750
vt 0.031250 0.187500
vt 0.031250 0.156250
vt 0.031250 0.125000
vt 0.031250 0.093750
vt 0.031250 0.062500
vt 0.031250 0.031250
vt 0.015625 0.968750
vt 0.015625 0.937500
vt 0.015625 0.906250
vt 0.015625 0.875000
vt 0.015625 0.843750
vt 0.015625 0.812500
vt 0.015625 0.781250
vt 0.015625 0.750000
vt 0.015625 0.718750
vt 0.015625 0.687500
vt 0.015625 0.656250
vt 0.015625 0.625000
vt 0.015625 0.593750
vt 0.015625 0.562500
vt 0.015625 0.531250
vt 0.015625 0.500000
vt 0.015625 0.468750
vt 0.015625 0.437500
vt 0.015625 0.406250
vt 0.015625 0.375000
vt 0.015625 0.343750
vt 0.015625 0.312500
vt 0.015625 0.281250
vt 0.015625 0.250000
vt 0.015625 0.218750
vt 0.015625 0.187500
vt 0.015625 0.156250
vt 0.015625 0.125000
vt 0.015625 0.093750
vt 0.015625 0.062500
vt 0.015625 0.031250
vt 0.000000 0.968750
vt 1.000000 0.968750
vt 1.000000 0.937500
vt 0.000000 0.937500
vt 0.000000 0.906250
vt 1.000000 0.906250
vt 0.000000 0.875000
vt 1.000000 0.875000
vt 0.000000 0.843750
vt 1.000000 0.843750
vt 0.000000 0.812500
vt 1.000000 0.812500
vt 1.000000 0.781250
vt 0.000000 0.781250
vt 0.000000 0.750000
vt 1.000000 0.750000
vt 0.000000 0.718750
vt 1.000000 0.718750
vt 1.000000 0.687500
vt 0.000000 0.687500
vt 0.000000 0.656250
vt 1.000000 0.656250
vt 1.000000 0.625000
vt 0.000000 0.625000
vt 0.000000 0.593750
vt 1.000000 0.593750
vt 1.000000 0.562500
vt 0.000000 0.562500
vt 0.000000 0.531250
vt 1.000000 0.531250
vt 0.000000 0.500000
vt 1.000000 0.500000
vt 0.000000 0.468750
vt 1.000000 0.468750
vt 1.000000 0.437500
vt 0.000000 0.437500
vt 0.000000 0.406250
vt 1.000000 0.406250
vt 0.000000 0.375000
vt 1.000000 0.375000
vt 0.000000 0.343750
vt 1.000000 0.343750
vt 1.000000 0.312500
vt 0.000000 0.312500
vt 0.000000 0.281250
vt 1.000000 0.281250
vt 0.000000 0.250000
vt 1.000000 0.250000
vt 1.000000 0.218750
vt 0.000000 0.218750
vt 0.000000 0.187500
vt 1.000000 0.187500
vt 0.000000 0.156250
vt 1.000000 0.156250
vt 0.000000 0.125000
vt 1.000000 0.125000
vt 0.000000 0.093750
vt 1.000000 0.093750
vt 1.000000 0.062500
vt 0.000000 0.062500
vt 0.000000 0.031250
vt 1.000000 0.031250
vt 0.984375 0.968750
vt 0.984375 0.937500
vt 0.984375 0.906250
vt 0.984375 0.875000
vt 0.984375 0.843750
vt 0.984375 0.812500
vt 0.984375 0.781250
vt 0.984375 0.750000
vt 0.984375 0.718750
vt 0.984375 0.687500
vt 0.984375 0.656250
vt 0.984375 0.625000
vt 0.984375 0.593750
vt 0.984375 0.562500
vt 0.984375 0.531250
vt 0.984375 0.500000
vt 0.984375 0.468750
vt 0.984375 0.437500
vt 0.984375 0.406250
vt 0.984375 0.375000
vt 0.984375 0.343750
vt 0.984375 0.312500
vt 0.984375 0.281250
vt 0.984375 0.250000
vt 0.984375 0.218750
vt 0.984375 0.187500
vt 0.984375 0.156250
vt 0.984375 0.125000
vt 0.984375 0.093750
vt 0.984375 0.062500
vt 0.984375 0.031250
vt 0.968750 0.968750
vt 0.968750 0.937500
vt 0.968750 0.906250
vt 0.968750 0.875000
vt 0.968750 0.843750
vt 0.968750 0.812500
vt 0.968750 0.781250
vt 0.968750 0.750000
vt 0.968750 0.718750
vt 0.968750 0.687500
vt 0.968750 0.656250
vt 0.968750 0.625000
vt 0.968750 0.593750
vt 0.968750 0.562500
vt 0.968750 0.531250
vt 0.968750 0.500000
vt 0.968750 0.468750
vt 0.968750 0.437500
vt 0.968750 0.406250
vt 0.968750 0.375000
vt 0.968750 0.343750
vt 0.968750 0.312500
vt 0.968750 0.281250
vt 0.968750 0.250000
vt 0.968750 0.218750
vt 0.968750 0.187500
vt 0.968750 0.156250
vt 0.968750 0.125000
vt 0.968750 0.093750
vt 0.968750 0.062500
vt 0.968750 0.031250
vt 0.953125 0.968750
vt 0.953125 0.937500
vt 0.953125 0.906250
vt 0.953125 0.875000
vt 0.953125 0.843750
vt 0.953125 0.812500
vt 0.953125 0.781250
vt 0.953125 0.750000
vt 0.953125 0.718750
vt 0.953125 0.687500
vt 0.953125 0.656250
vt 0.953125 0.625000
vt 0.953125 0.593750
vt 0.953125 0.562500
vt 0.953125 0.531250
vt 0.953125 0.500000
vt 0.953125 0.468750
vt 0.953125 0.437500
vt 0.953125 0.406250
vt 0.953125 0.375000
vt 0.953125 0.343750
vt 0.953125 0.312500
vt 0.953125 0.281250
vt 0.953125 0.250000
vt 0.953125 0.218750
vt 0.953125 0.187500
vt 0.953125 0.156250
vt 0.953125 0.125000
vt 0.953125 0.093750
vt 0.953125 0.062500
vt 0.953125 0.031250
vt 0.937500 0.968750
vt 0.937500 0.937500
vt 0.937500 0.906250
vt 0.937500 0.875000
vt 0.937500 0.843750
vt 0.937500 0.812500
vt 0.937500 0.781250
vt 0.937500 0.750000
vt 0.937500 0.718750
vt 0.937500 0.687500
vt 0.937500 0.656250
vt 0.937500 0.625000
vt 0.937500 0.593750
vt 0.937500 0.562500
vt 0.937500 0.531250
vt 0.937500 0.500000
vt 0.937500 0.468750
vt 0.937500 0.437500
vt 0.937500 0.406250
vt 0.937500 0.375000
vt 0.937500 0.343750
vt 0.937500 0.312500
vt 0.937500 0.281250
vt 0.937500 0.250000
vt 0.937500 0.218750
vt 0.937500 0.187500
vt 0.937500 0.156250
vt 0.937500 0.125000
vt 0.937500 0.093750
vt 0.937500 0.062500
vt 0.937500 0.031250
vt 0.921875 0.968750
vt 0.921875 0.937500
vt 0.921875 0.906250
vt 0.921875 0.875000
vt 0.921875 0.843750
vt 0.921875 0.812500
vt 0.921875 0.781250
vt 0.921875 0.750000
vt 0.921875 0.718750
vt 0.921875 0.687500
vt 0.921875 0.656250
vt 0.921875 0.625000
vt 0.921875 0.593750
vt 0.921875 0.562500
vt 0.921875 0.531250
vt 0.921875 0.500000
vt 0.921875 0.468750
vt 0.921875 0.437500
vt 0.921875 0.406250
vt 0.921875 0.375000
vt 0.921875 0.343750
vt 0.921875 0.312500
vt 0.921875 0.281250
vt 0.921875 0.250000
vt 0.921875 0.218750
vt 0.921875 0.187500
vt 0.921875 0.156250
vt 0.921875 0.125000
vt 0.921875 0.093750
vt 0.921875 0.062500
vt 0.921875 0.031250
vt 0.906250 0.968750
vt 0.906250 0.937500
vt 0.906250 0.906250
vt 0.906250 0.875000
vt 0.906250 0.843750
vt 0.906250 0.812500
vt 0.906250 0.781250
vt 0.906250 0.750000
vt 0.906250 0.718750
vt 0.906250 0.687500
vt 0.906250 0.656250
vt 0.906250 0.625000
vt 0.906250 0.593750
vt 0.906250 0.562500
vt 0.906250 0.531250
vt 0.906250 0.500000
vt 0.906250 0.468750
vt 0.906250 0.437500
vt 0.906250 0.406250
vt 0.906250 0.375000
vt 0.906250 0.343750
vt 0.906250 0.312500
vt 0.906250 0.281250
vt 0.906250 0.250000
vt 0.906250 0.218750
vt 0.906250 0.187500
vt 0.906250 0.156250
vt 0.906250 0.125000
vt 0.906250 0.093750
vt 0.906250 0.062500
vt 0.906250 0.031250
vt 0.890625 0.968750
vt 0.890625 0.937500
vt 0.890625 0.906250
vt 0.890625 0.875000
vt 0.890625 0.843750
vt 0.890625 0.812500
vt 0.890625 0.781250
vt 0.890625 0.750000
vt 0.890625 0.718750
vt 0.890625 0.687500
vt 0.890625 0.656250
vt 0.890625 0.625000
vt 0.890625 0.593750
vt 0.890625 0.562500
vt 0.890625 0.531250
vt 0.890625 0.500000
vt 0.890625 0.468750
vt 0.890625 0.437500
vt 0.890625 0.406250
vt 0.890625 0.375000
vt 0.890625 0.343750
vt 0.890625 0.312500
vt 0.890625 0.281250
vt 0.890625 0.250000
vt 0.890625 0.218750
vt 0.890625 0.187500
vt 0.890625 0.156250
vt 0.890625 0.125000
vt 0.890625 0.093750
vt 0.890625 0.062500
vt 0.890625 0.031250
vt 0.875000 0.968750
vt 0.875000 0.937500
vt 0.875000 0.906250
vt 0.875000 0.875000
vt 0.875000 0.843750
vt 0.875000 0.812500
vt 0.875000 0.781250
vt 0.875000 0.750000
vt 0.875000 0.718750
vt 0.875000 0.687500
vt 0.875000 0.656250
vt 0.875000 0.625000
vt 0.875000 0.593750
vt 0.875000 0.562500
vt 0.875000 0.531250
vt 0.875000 0.500000
vt 0.875000 0.468750
vt 0.875000 0.437500
vt 0.875000 0.406250
vt 0.875000 0.375000
vt 0.875000 0.343750
vt 0.875000 0.312500
vt 0.875000 0.281250
vt 0.875000 0.250000
vt 0.875000 0.218750
vt 0.875000 0.187500
vt 0.875000 0.156250
vt 0.875000 0.125000
vt 0.875000 0.093750
vt 0.875000 0.062500
vt 0.875000 0.031250
vt 0.859375 0.968750
vt 0.859375 0.937500
vt 0.859375 0.906250
vt 0.859375 0.875000
vt 0.859375 0.843750
vt 0.859375 0.812500
vt 0.859375 0.781250
vt 0.859375 0.750000
vt 0.859375 0.718750
vt 0.859375 0.687500
vt 0.859375 0.656250
vt 0.859375 0.625000
vt 0.859375 0.593750
vt 0.859375 0.562500
vt 0.859375 0.531250
vt 0.859375 0.500000
vt 0.859375 0.468750
vt 0.859375 0.437500
vt 0.859375 0.406250
vt 0.859375 0.375000
vt 0.859375 0.343750
vt 0.859375 0.312500
vt 0.859375 0.281250
vt 0.859375 0.250000
vt 0.859375 0.218750
vt 0.859375 0.187500
vt 0.859375 0.156250
vt 0.859375 0.125000
vt 0.859375 0.093750
vt 0.859375 0.062500
vt 0.859375 0.031250
vt 0.843750 0.968750
vt 0.843750 0.937500
vt 0.843750 0.906250
vt 0.843750 0.875000
vt 0.843750 0.843750
vt 0.843750 0.812500
vt 0.843750 0.781250
vt 0.843750 0.750000
vt 0.843750 0.718750
vt 0.843750 0.687500
vt 0.843750 0.656250
vt 0.843750 0.625000
vt 0.843750 0.593750
vt 0.843750 0.562500
vt 0.843750 0.531250
vt 0.843750 0.500000
vt 0.843750 0.468750
vt 0.843750 0.437500
vt 0.843750 0.406250
vt 0.843750 0.375000
vt 0.843750 0.343750
vt 0.843750 0.312500
vt 0.843750 0.281250
vt 0.843750 0.250000
vt 0.843750 0.218750
vt 0.843750 0.187500
vt 0.843750 0.156250
vt 0.843750 0.125000
vt 0.843750 0.093750
vt 0.843750 0.062500
vt 0.843750 0.031250
vt 0.828125 0.968750
vt 0.828125 0.937500
vt 0.828125 0.906250
vt 0.828125 0.875000
vt 0.828125 0.843750
vt 0.828125 0.812500
vt 0.828125 0.781250
vt 0.828125 0.750000
vt 0.828125 0.718750
vt 0.828125 0.687500
vt 0.828125 0.656250
vt 0.828125 0.625000
vt 0.828125 0.593750
vt 0.828125 0.562500
vt 0.828125 0.531250
vt 0.828125 0.500000
vt 0.828125 0.468750
vt 0.828125 0.437500
vt 0.828125 0.406250
vt 0.828125 0.375000
vt 0.828125 0.343750
vt 0.828125 0.312500
vt 0.828125 0.281250
vt 0.828125 0.250000
vt 0.828125 0.218750
vt 0.828125 0.187500
vt 0.828125 0.156250
vt 0.828125 0.125000
vt 0.828125 0.093750
vt 0.828125 0.062500
vt 0.828125 0.031250
vt 0.812500 0.968750
vt 0.812500 0.937500
vt 0.812500 0.906250
vt 0.812500 0.875000
vt 0.812500 0.843750
vt 0.812500 0.812500
vt 0.812500 0.781250
vt 0.812500 0.750000
vt 0.812500 0.718750
vt 0.812500 0.687500
vt 0.812500 0.656250
vt 0.812500 0.625000
vt 0.812500 0.593750
vt 0.812500 0.562500
vt 0.812500 0.531250
vt 0.812500 0.500000
vt 0.812500 0.468750
vt 0.812500 0.437500
vt 0.812500 0.406250
vt 0.812500 0.375000
vt 0.812500 0.343750
vt 0.812500 0.312500
vt 0.812500 0.281250
vt 0.812500 0.250000
vt 0.812500 0.218750
vt 0.812500 0.187500
vt 0.812500 0.156250
vt 0.812500 0.125000
vt 0.812500 0.093750
vt 0.812500 0.062500
vt 0.812500 0.031250
vt 0.796875 0.968750
vt 0.796875 0.937500
vt 0.796875 0.906250
vt 0.796875 0.875000
vt 0.796875 0.843750
vt 0.796875 0.812500
vt 0.796875 0.781250
vt 0.796875 0.750000
vt 0.796875 0.718750
vt 0.796875 0.687500
vt 0.796875 0.656250
vt 0.796875 0.625000
vt 0.796875 0.593750
vt 0.796875 0.562500
vt 0.796875 0.531250
vt 0.796875 0.500000
vt 0.796875 0.468750
vt 0.796875 0.437500
vt 0.796875 0.406250
vt 0.796875 0.375000
vt 0.796875 0.343750
vt 0.796875 0.312500
vt 0.796875 0.281250
vt 0.796875 0.250000
vt 0.796875 0.218750
vt 0.796875 0.187500
vt 0.796875 0.156250
vt 0.796875 0.125000
vt 0.796875 0.093750
vt 0.796875 0.062500
vt 0.796875 0.031250
vt 0.781250 0.968750
vt 0.781250 0.937500
vt 0.781250 0.906250
vt 0.781250 0.875000
vt 0.781250 0.843750
vt 0.781250 0.812500
vt 0.781250 0.781250
vt 0.781250 0.750000
vt 0.781250 0.718750
vt 0.781250 0.687500
vt 0.781250 0.656250
vt 0.781250 0.625000
vt 0.781250 0.593750
vt 0.781250 0.562500
vt 0.781250 0.531250
vt 0.781250 0.500000
vt 0.781250 0.468750
vt 0.781250 0.437500
vt 0.781250 0.406250
vt 0.781250 0.375000
vt 0.781250 0.343750
vt 0.781250 0.312500
vt 0.781250 0.281250
vt 0.781250 0.250000
vt 0.781250 0.218750
vt 0.781250 0.187500
vt 0.781250 0.156250
vt 0.781250 0.125000
vt 0.781250 0.093750
vt 0.781250 0.062500
vt 0.781250 0.031250
vt 0.765625 0.968750
vt 0.765625 0.937500
vt 0.765625 0.906250
vt 0.765625 0.875000
vt 0.765625 0.843750
vt 0.765625 0.812500
vt 0.765625 0.781250
vt 0.765625 0.750000
vt 0.765625 0.718750
vt 0.765625 0.687500
vt 0.765625 0.656250
vt 0.765625 0.625000
vt 0.765625 0.593750
vt 0.765625 0.562500
vt 0.765625 0.531250
vt 0.765625 0.500000
vt 0.765625 0.468750
vt 0.765625 0.437500
vt 0.765625 0.406250
vt 0.765625 0.375000
vt 0.765625 0.343750
vt 0.765625 0.312500
vt 0.765625 0.281250
vt 0.765625 0.250000
vt 0.765625 0.218750
vt 0.765625 0.187500
vt 0.765625 0.156250
vt 0.765625 0.125000
vt 0.765625 0.093750
vt 0.765625 0.062500
vt 0.765625 0.031250
vt 0.750000 0.875000
vt 0.750000 0.812500
vt 0.750000 0.781250
vt 0.750000 0.750000
vt 0.750000 0.718750
vt 0.750000 0.687500
vt 0.750000 0.562500
vt 0.750000 0.437500
vt 0.750000 0.312500
vt 0.750000 0.281250
vt 0.750000 0.250000
vt 0.750000 0.218750
vt 0.750000 0.187500
vt 0.750000 0.156250
vt 0.750000 0.125000
vt 0.750000 0.062500
s 1
f 1984/2141/1 41/41/2 1983/2140/3
f 1977/2134/4 28/28/5 7/7/6
f 1/1/7 16/16/8 1039/1039/9
f 43/43/10 1984/2141/1 1985/2142/11
f 30/30/12 1977/2134/4 8/8/13
f 17/17/14 1/1/7 2/2/15
f 44/44/16 1985/2142/11 14/14/17
f 31/31/18 8/8/13 9/9/19
f 3/3/20 17/17/14 2/2/15
f 45/45/21 14/14/17 1986/2143/22
f 32/32/23 9/9/19 10/10/24
f 1971/2128/25 18/18/26 3/3/20
f 46/46/27 1986/2143/22 15/15/28
f 33/33/29 10/10/24 1978/2135/30
f 4/4/31 19/19/32 1971/2128/25
f 1226/1289/33 46/46/27 15/15/28
f 34/34/34 1978/2135/30 11/11/35
f 21/21/36 4/4/31 1972/2129/37
f 35/35/38 11/11/35 12/12/39
f 22/22/40 1972/2129/37 1973/2130/41
f 36/36/42 12/12/39 13/13/43
f 1974/2131/44 22/22/40 1973/2130/41
f 37/37/45 13/13/43 1979/2136/46
f 1975/2132/47 23/23/48 1974/2131/44
f 38/38/49 1979/2136/46 1980/2137/50
f 25/25/51 1975/2132/47 1976/2133/52
f 39/39/53 1980/2137/50 1981/2138/54
f 5/5/55 25/25/51 1976/2133/52
f 40/40/56 1981/2138/54 1982/2139/57
f 27/27/58 5/5/55 6/6/59
f 1983/2140/3 40/40/56 1982/2139/57
f 7/7/6 27/27/58 6/6/59
f 68/68/60 36/36/42 37/37/45
f 24/24/61 54/54/62 23/23/48
f 69/69/63 37/37/45 38/38/49
f 25/25/51 55/55/64 24/24/61
f 70/70/65 38/38/49 39/39/53
f 26/26/66 56/56/67 25/25/51
f 40/40/56 70/70/65 39/39/53
f 58/58/68 26/26/66 27/27/58
f 41/41/2 71/71/69 40/40/56
f 28/28/5 58/58/68 27/27/58
f 73/73/70 41/41/2 42/42/71
f 60/60/72 28/28/5 29/29/73
f 16/16/8 47/47/74 1039/1040/9
f 43/43/10 73/73/70 42/42/71
f 61/61/75 29/29/73 30/30/12
f 17/17/14 47/47/74 16/16/8
f 75/75/76 43/43/10 44/44/16
f 62/62/77 30/30/12 31/31/18
f 49/49/78 17/17/14 18/18/26
f 45/45/21 75/75/76 44/44/16
f 63/63/79 31/31/18 32/32/23
f 50/50/80 18/18/26 19/19/32
f 77/77/81 45/45/21 46/46/27
f 33/33/29 63/63/79 32/32/23
f 51/51/82 19/19/32 20/20/83
f 1226/1290/33 77/77/81 46/46/27
f 34/34/34 64/64/84 33/33/29
f 52/52/85 20/20/83 21/21/36
f 66/66/86 34/34/34 35/35/38
f 53/53/87 21/21/36 22/22/40
f 36/36/42 66/66/86 35/35/38
f 54/54/62 22/22/40 23/23/48
f 70/70/65 100/100/88 69/69/63
f 88/88/89 56/56/67 57/57/90
f 102/102/91 70/70/65 71/71/69
f 89/89/92 57/57/90 58/58/68
f 103/103/93 71/71/69 72/72/94
f 59/59/95 89/89/92 58/58/68
f 104/104/96 72/72/94 73/73/70
f 91/91/97 59/59/95 60/60/72
f 47/47/74 78/78/98 1039/1041/9
f 105/105/99 73/73/70 74/74/100
f 61/61/75 91/91/97 60/60/72
f 79/79/101 47/47/74 48/48/102
f 75/75/76 105/105/99 74/74/100
f 93/93/103 61/61/75 62/62/77
f 80/80/104 48/48/102 49/49/78
f 107/107/105 75/75/76 76/76/106
f 94/94/107 62/62/77 63/63/79
f 81/81/108 49/49/78 50/50/80
f 108/108/109 76/76/106 77/77/81
f 95/95/110 63/63/79 64/64/84
f 82/82/111 50/50/80 51/51/82
f 1226/1291/33 108/108/109 77/77/81
f 65/65/112 95/95/110 64/64/84
f 52/52/85 82/82/111 51/51/82
f 97/97/113 65/65/112 66/66/86
f 53/53/87 83/83/114 52/52/85
f 67/67/115 97/97/113 66/66/86
f 85/85/116 53/53/87 54/54/62
f 99/99/117 67/67/115 68/68/60
f 86/86/118 54/54/62 55/55/64
f 100/100/88 68/68/60 69/69/63
f 56/56/67 86/86/118 55/55/64
f 134/134/119 102/102/91 103/103/93
f 121/121/120 89/89/92 90/90/121
f 135/135/122 103/103/93 104/104/96
f 91/91/97 121/121/120 90/90/121
f 78/78/98 109/109/123 1039/1042/9
f 136/136/124 104/104/96 105/105/99
f 123/123/125 91/91/97 92/92/126
f 110/110/127 78/78/98 79/79/101
f 106/106/128 136/136/124 105/105/99
f 93/93/103 123/123/125 92/92/126
f 111/111/129 79/79/101 80/80/104
f 138/138/130 106/106/128 107/107/105
f 125/125/131 93/93/103 94/94/107
f 112/112/132 80/80/104 81/81/108
f 139/139/133 107/107/105 108/108/109
f 95/95/110 125/125/131 94/94/107
f 113/113/134 81/81/108 82/82/111
f 1226/1292/33 139/139/133 108/108/109
f 127/127/135 95/95/110 96/96/136
f 114/114/137 82/82/111 83/83/114
f 128/128/138 96/96/136 97/97/113
f 84/84/139 114/114/137 83/83/114
f 98/98/140 128/128/138 97/97/113
f 116/116/141 84/84/139 85/85/116
f 130/130/142 98/98/140 99/99/117
f 117/117/143 85/85/116 86/86/118
f 131/131/144 99/99/117 100/100/88
f 87/87/145 117/117/143 86/86/118
f 101/101/146 131/131/144 100/100/88
f 119/119/147 87/87/145 88/88/89
f 133/133/148 101/101/146 102/102/91
f 120/120/149 88/88/89 89/89/92
f 109/109/123 140/140/150 1039/1043/9
f 136/136/124 166/166/151 135/135/122
f 154/154/152 122/122/153 123/123/125
f 141/141/154 109/109/123 110/110/127
f 168/168/155 136/136/124 137/137/156
f 124/124/157 154/154/152 123/123/125
f 111/111/129 141/141/154 110/110/127
f 169/169/158 137/137/156 138/138/130
f 156/156/159 124/124/157 125/125/131
f 112/112/132 142/142/160 111/111/129
f 139/139/133 169/169/158 138/138/130
f 126/126/161 156/156/159 125/125/131
f 144/144/162 112/112/132 113/113/134
f 1226/1293/33 170/170/163 139/139/133
f 158/158/164 126/126/161 127/127/135
f 145/145/165 113/113/134 114/114/137
f 159/159/166 127/127/135 128/128/138
f 115/115/167 145/145/165 114/114/137
f 129/129/168 159/159/166 128/128/138
f 147/147/169 115/115/167 116/116/141
f 130/130/142 160/160/170 129/129/168
f 148/148/171 116/116/141 117/117/143
f 162/162/172 130/130/142 131/131/144
f 118/118/173 148/148/171 117/117/143
f 132/132/174 162/162/172 131/131/144
f 150/150/175 118/118/173 119/119/147
f 133/133/148 163/163/176 132/132/174
f 151/151/177 119/119/147 120/120/149
f 165/165/178 133/133/148 134/134/119
f 152/152/179 120/120/149 121/121/120
f 166/166/151 134/134/119 135/135/122
f 122/122/153 152/152/179 121/121/120
f 173/173/180 141/141/154 142/142/160
f 200/200/181 168/168/155 169/169/158
f 187/187/182 155/155/183 156/156/159
f 143/143/184 173/173/180 142/142/160
f 201/201/185 169/169/158 170/170/163
f 157/157/186 187/187/182 156/156/159
f 144/144/162 174/174/187 143/143/184
f 1226/1294/33 201/201/185 170/170/163
f 189/189/188 157/157/186 158/158/164
f 176/176/189 144/144/162 145/145/165
f 190/190/190 158/158/164 159/159/166
f 177/177/191 145/145/165 146/146/192
f 191/191/193 159/159/166 160/160/170
f 147/147/169 177/177/191 146/146/192
f 192/192/194 160/160/170 161/161/195
f 179/179/196 147/147/169 148/148/171
f 193/193/197 161/161/195 162/162/172
f 149/149/198 179/179/196 148/148/171
f 163/163/176 193/193/197 162/162/172
f 150/150/175 180/180/199 149/149/198
f 195/195/200 163/163/176 164/164/201
f 151/151/177 181/181/202 150/150/175
f 165/165/178 195/195/200 164/164/201
f 183/183/203 151/151/177 152/152/179
f 197/197/204 165/165/178 166/166/151
f 184/184/205 152/152/179 153/153/206
f 140/140/150 171/171/207 1039/1044/9
f 198/198/208 166/166/151 167/167/209
f 185/185/210 153/153/206 154/154/152
f 172/172/211 140/140/150 141/141/154
f 199/199/212 167/167/209 168/168/155
f 155/155/183 185/185/210 154/154/152
f 175/175/213 205/205/214 174/174/187
f 1226/1295/33 232/232/215 201/201/185
f 220/220/216 188/188/217 189/189/188
f 207/207/218 175/175/213 176/176/189
f 190/190/190 220/220/216 189/189/188
f 177/177/191 207/207/218 176/176/189
f 222/222/219 190/190/190 191/191/193
f 178/178/220 208/208/221 177/177/191
f 223/223/222 191/191/193 192/192/194
f 210/210/223 178/178/220 179/179/196
f 224/224/224 192/192/194 193/193/197
f 180/180/199 210/210/223 179/179/196
f 194/194/225 224/224/224 193/193/197
f 181/181/202 211/211/226 180/180/199
f 226/226/227 194/194/225 195/195/200
f 213/213/228 181/181/202 182/182/229
f 227/227/230 195/195/200 196/196/231
f 214/214/232 182/182/229 183/183/203
f 197/197/204 227/227/230 196/196/231
f 184/184/205 214/214/232 183/183/203
f 171/171/207 202/202/233 1039/1045/9
f 229/229/234 197/197/204 198/198/208
f 216/216/235 184/184/205 185/185/210
f 203/203/236 171/171/207 172/172/211
f 230/230/237 198/198/208 199/199/212
f 186/186/238 216/216/235 185/185/210
f 173/173/180 203/203/236 172/172/211
f 231/231/239 199/199/212 200/200/181
f 218/218/240 186/186/238 187/187/182
f 174/174/187 204/204/241 173/173/180
f 232/232/215 200/200/181 201/201/185
f 188/188/217 218/218/240 187/187/182
f 239/239/242 207/207/218 208/208/221
f 253/253/243 221/221/244 222/222/219
f 209/209/245 239/239/242 208/208/221
f 254/254/246 222/222/219 223/223/222
f 241/241/247 209/209/245 210/210/223
f 224/224/224 254/254/246 223/223/222
f 242/242/248 210/210/223 211/211/226
f 225/225/249 255/255/250 224/224/224
f 212/212/251 242/242/248 211/211/226
f 257/257/252 225/225/249 226/226/227
f 213/213/228 243/243/253 212/212/251
f 258/258/254 226/226/227 227/227/230
f 245/245/255 213/213/228 214/214/232
f 228/228/256 258/258/254 227/227/230
f 215/215/257 245/245/255 214/214/232
f 202/202/233 233/233/258 1039/1046/9
f 260/260/259 228/228/256 229/229/234
f 247/247/260 215/215/257 216/216/235
f 203/203/236 233/233/258 202/202/233
f 261/261/261 229/229/234 230/230/237
f 217/217/262 247/247/260 216/216/235
f 204/204/241 234/234/263 203/203/236
f 231/231/239 261/261/261 230/230/237
f 249/249/264 217/217/262 218/218/240
f 236/236/265 204/204/241 205/205/214
f 263/263/266 231/231/239 232/232/215
f 250/250/267 218/218/240 219/219/268
f 206/206/269 236/236/265 205/205/214
f 1226/1296/33 263/263/266 232/232/215
f 251/251/270 219/219/268 220/220/216
f 238/238/271 206/206/269 207/207/218
f 221/221/244 251/251/270 220/220/216
f 272/272/272 240/240/273 241/241/247
f 286/286/274 254/254/246 255/255/250
f 242/242/248 272/272/272 241/241/247
f 256/256/275 286/286/274 255/255/250
f 243/243/253 273/273/276 242/242/248
f 288/288/277 256/256/275 257/257/252
f 244/244/278 274/274/279 243/243/253
f 289/289/280 257/257/252 258/258/254
f 276/276/281 244/244/278 245/245/255
f 259/259/282 289/289/280 258/258/254
f 246/246/283 276/276/281 245/245/255
f 233/233/258 264/264/284 1039/1047/9
f 291/291/285 259/259/282 260/260/259
f 278/278/286 246/246/283 247/247/260
f 265/265/287 233/233/258 234/234/263
f 292/292/288 260/260/259 261/261/261
f 248/248/289 278/278/286 247/247/260
f 235/235/290 265/265/287 234/234/263
f 293/293/291 261/261/261 262/262/292
f 280/280/293 248/248/289 249/249/264
f 267/267/294 235/235/290 236/236/265
f 294/294/295 262/262/292 263/263/266
f 250/250/267 280/280/293 249/249/264
f 268/268/296 236/236/265 237/237/297
f 1226/1297/33 294/294/295 263/263/266
f 282/282/298 250/250/267 251/251/270
f 269/269/299 237/237/297 238/238/271
f 252/252/300 282/282/298 251/251/270
f 239/239/242 269/269/299 238/238/271
f 284/284/301 252/252/300 253/253/243
f 240/240/273 270/270/302 239/239/242
f 285/285/303 253/253/243 254/254/246
f 274/274/279 304/304/304 273/273/276
f 319/319/305 287/287/306 288/288/277
f 306/306/307 274/274/279 275/275/308
f 289/289/280 319/319/305 288/288/277
f 307/307/309 275/275/308 276/276/281
f 290/290/310 320/320/311 289/289/280
f 277/277/312 307/307/309 276/276/281
f 264/264/284 295/295/313 1039/1048/9
f 322/322/314 290/290/310 291/291/285
f 309/309/315 277/277/312 278/278/286
f 296/296/316 264/264/284 265/265/287
f 292/292/288 322/322/314 291/291/285
f 279/279/317 309/309/315 278/278/286
f 297/297/318 265/265/287 266/266/319
f 324/324/320 292/292/288 293/293/291
f 311/311/321 279/279/317 280/280/293
f 298/298/322 266/266/319 267/267/294
f 325/325/323 293/293/291 294/294/295
f 312/312/324 280/280/293 281/281/325
f 268/268/296 298/298/322 267/267/294
f 1226/1298/33 325/325/323 294/294/295
f 313/313/326 281/281/325 282/282/298
f 300/300/327 268/268/296 269/269/299
f 283/283/328 313/313/326 282/282/298
f 301/301/329 269/269/299 270/270/302
f 284/284/301 314/314/330 283/283/328
f 271/271/331 301/301/329 270/270/302
f 316/316/332 284/284/301 285/285/303
f 303/303/333 271/271/331 272/272/272
f 286/286/274 316/316/332 285/285/303
f 304/304/304 272/272/272 273/273/276
f 287/287/306 317/317/334 286/286/274
f 338/338/335 306/306/307 307/307/309
f 321/321/336 351/351/337 320/320/311
f 308/308/338 338/338/335 307/307/309
f 295/295/313 326/326/339 1039/1049/9
f 353/353/340 321/321/336 322/322/314
f 340/340/341 308/308/338 309/309/315
f 327/327/342 295/295/313 296/296/316
f 323/323/343 353/353/340 322/322/314
f 310/310/344 340/340/341 309/309/315
f 297/297/318 327/327/342 296/296/316
f 324/324/320 354/354/345 323/323/343
f 342/342/346 310/310/344 311/311/321
f 329/329/347 297/297/318 298/298/322
f 356/356/348 324/324/320 325/325/323
f 343/343/349 311/311/321 312/312/324
f 330/330/350 298/298/322 299/299/351
f 1226/1299/33 356/356/348 325/325/323
f 344/344/352 312/312/324 313/313/326
f 331/331/353 299/299/351 300/300/327
f 314/314/330 344/344/352 313/313/326
f 332/332/354 300/300/327 301/301/329
f 346/346/355 314/314/330 315/315/356
f 302/302/357 332/332/354 301/301/329
f 347/347/358 315/315/356 316/316/332
f 334/334/359 302/302/357 303/303/333
f 348/348/360 316/316/332 317/317/334
f 335/335/361 303/303/333 304/304/304
f 318/318/362 348/348/360 317/317/334
f 305/305/363 335/335/361 304/304/304
f 350/350/364 318/318/362 319/319/305
f 306/306/307 336/336/365 305/305/363
f 320/320/311 350/350/364 319/319/305
f 340/340/341 370/370/366 339/339/367
f 358/358/368 326/326/339 327/327/342
f 385/385/369 353/353/340 354/354/345
f 372/372/370 340/340/341 341/341/371
f 328/328/372 358/358/368 327/327/342
f 386/386/373 354/354/345 355/355/374
f 342/342/346 372/372/370 341/341/371
f 329/329/347 359/359/375 328/328/372
f 387/387/376 355/355/374 356/356/348
f 374/374/377 342/342/346 343/343/349
f 361/361/378 329/329/347 330/330/350
f 1226/1300/33 387/387/376 356/356/348
f 375/375/379 343/343/349 344/344/352
f 362/362/380 330/330/350 331/331/353
f 345/345/381 375/375/379 344/344/352
f 332/332/354 362/362/380 331/331/353
f 377/377/382 345/345/381 346/346/355
f 333/333/383 363/363/384 332/332/354
f 378/378/385 346/346/355 347/347/358
f 365/365/386 333/333/383 334/334/359
f 348/348/360 378/378/385 347/347/358
f 366/366/387 334/334/359 335/335/361
f 349/349/388 379/379/389 348/348/360
f 336/336/365 366/366/387 335/335/361
f 381/381/390 349/349/388 350/350/364
f 337/337/391 367/367/392 336/336/365
f 382/382/393 350/350/364 351/351/337
f 369/369/394 337/337/391 338/338/335
f 352/352/395 382/382/393 351/351/337
f 339/339/367 369/369/394 338/338/335
f 326/326/339 357/357/396 1039/1050/9
f 384/384/397 352/352/395 353/353/340
f 373/373/398 403/403/399 372/372/370
f 391/391/400 359/359/375 360/360/401
f 418/418/402 386/386/373 387/387/376
f 405/405/403 373/373/398 374/374/377
f 361/361/378 391/391/400 360/360/401
f 1226/1301/33 418/418/402 387/387/376
f 406/406/404 374/374/377 375/375/379
f 393/393/405 361/361/378 362/362/380
f 376/376/406 406/406/404 375/375/379
f 394/394/407 362/362/380 363/363/384
f 377/377/382 407/407/408 376/376/406
f 364/364/409 394/394/407 363/363/384
f 409/409/410 377/377/382 378/378/385
f 396/396/411 364/364/409 365/365/386
f 410/410/412 378/378/385 379/379/389
f 366/366/387 396/396/411 365/365/386
f 380/380/413 410/410/412 379/379/389
f 367/367/392 397/397/414 366/366/387
f 412/412/415 380/380/413 381/381/390
f 399/399/416 367/367/392 368/368/417
f 382/382/393 412/412/415 381/381/390
f 400/400/418 368/368/417 369/369/394
f 414/414/419 382/382/393 383/383/420
f 370/370/366 400/400/418 369/369/394
f 357/357/396 388/388/421 1039/1051/9
f 415/415/422 383/383/420 384/384/397
f 371/371/423 401/401/424 370/370/366
f 389/389/425 357/357/396 358/358/368
f 416/416/426 384/384/397 385/385/369
f 403/403/399 371/371/423 372/372/370
f 359/359/375 389/389/425 358/358/368
f 417/417/427 385/385/369 386/386/373
f 437/437/428 405/405/403 406/406/404
f 424/424/429 392/392/430 393/393/405
f 407/407/408 437/437/428 406/406/404
f 394/394/407 424/424/429 393/393/405
f 439/439/431 407/407/408 408/408/432
f 395/395/433 425/425/434 394/394/407
f 440/440/435 408/408/432 409/409/410
f 427/427/436 395/395/433 396/396/411
f 441/441/437 409/409/410 410/410/412
f 428/428/438 396/396/411 397/397/414
f 411/411/439 441/441/437 410/410/412
f 398/398/440 428/428/438 397/397/414
f 443/443/441 411/411/439 412/412/415
f 430/430/442 398/398/440 399/399/416
f 413/413/443 443/443/441 412/412/415
f 431/431/444 399/399/416 400/400/418
f 445/445/445 413/413/443 414/414/419
f 401/401/424 431/431/444 400/400/418
f 388/388/421 419/419/446 1039/1052/9
f 446/446/447 414/414/419 415/415/422
f 402/402/448 432/432/449 401/401/424
f 389/389/425 419/419/446 388/388/421
f 447/447/450 415/415/422 416/416/426
f 434/434/451 402/402/448 403/403/399
f 421/421/452 389/389/425 390/390/453
f 448/448/454 416/416/426 417/417/427
f 404/404/455 434/434/451 403/403/399
f 391/391/400 421/421/452 390/390/453
f 449/449/456 417/417/427 418/418/402
f 436/436/457 404/404/455 405/405/403
f 423/423/458 391/391/400 392/392/430
f 1226/1302/33 449/449/456 418/418/402
f 470/470/459 438/438/460 439/439/431
f 426/426/461 456/456/462 425/425/434
f 471/471/463 439/439/431 440/440/435
f 458/458/464 426/426/461 427/427/436
f 441/441/437 471/471/463 440/440/435
f 459/459/465 427/427/436 428/428/438
f 442/442/466 472/472/467 441/441/437
f 429/429/468 459/459/465 428/428/438
f 474/474/469 442/442/466 443/443/441
f 430/430/442 460/460/470 429/429/468
f 475/475/471 443/443/441 444/444/472
f 462/462/473 430/430/442 431/431/444
f 476/476/474 444/444/472 445/445/445
f 432/432/449 462/462/473 431/431/444
f 419/419/446 450/450/475 1039/1053/9
f 477/477/476 445/445/445 446/446/447
f 433/433/477 463/463/478 432/432/449
f 451/451/479 419/419/446 420/420/480
f 478/478/481 446/446/447 447/447/450
f 465/465/482 433/433/477 434/434/451
f 452/452/483 420/420/480 421/421/452
f 448/448/454 478/478/481 447/447/450
f 435/435/484 465/465/482 434/434/451
f 422/422/485 452/452/483 421/421/452
f 449/449/456 479/479/486 448/448/454
f 467/467/487 435/435/484 436/436/457
f 454/454/488 422/422/485 423/423/458
f 1226/1303/33 480/480/489 449/449/456
f 468/468/490 436/436/457 437/437/428
f 455/455/491 423/423/458 424/424/429
f 438/438/460 468/468/490 437/437/428
f 425/425/434 455/455/491 424/424/429
f 472/472/467 502/502/492 471/471/463
f 490/490/493 458/458/464 459/459/465
f 473/473/494 503/503/495 472/472/467
f 460/460/470 490/490/493 459/459/465
f 505/505/496 473/473/494 474/474/469
f 492/492/497 460/460/470 461/461/498
f 506/506/499 474/474/469 475/475/471
f 493/493/500 461/461/498 462/462/473
f 476/476/474 506/506/499 475/475/471
f 463/463/478 493/493/500 462/462/473
f 450/450/475 481/481/501 1039/1054/9
f 508/508/502 476/476/474 477/477/476
f 464/464/503 494/494/504 463/463/478
f 482/482/505 450/450/475 451/451/479
f 478/478/481 508/508/502 477/477/476
f 496/496/506 464/464/503 465/465/482
f 483/483/507 451/451/479 452/452/483
f 479/479/486 509/509/508 478/478/481
f 466/466/509 496/496/506 465/465/482
f 484/484/510 452/452/483 453/453/511
f 511/511/512 479/479/486 480/480/489
f 498/498/513 466/466/509 467/467/487
f 454/454/488 484/484/510 453/453/511
f 1226/1304/33 511/511/512 480/480/489
f 499/499/514 467/467/487 468/468/490
f 486/486/515 454/454/488 455/455/491
f 469/469/516 499/499/514 468/468/490
f 487/487/517 455/455/491 456/456/462
f 501/501/518 469/469/516 470/470/459
f 457/457/519 487/487/517 456/456/462
f 502/502/492 470/470/459 471/471/463
f 489/489/520 457/457/519 458/458/464
f 536/536/521 504/504/522 505/505/496
f 492/492/497 522/522/523 491/491/524
f 506/506/499 536/536/521 505/505/496
f 524/524/525 492/492/497 493/493/500
f 507/507/526 537/537/527 506/506/499
f 494/494/504 524/524/525 493/493/500
f 481/481/501 512/512/528 1039/1055/9
f 539/539/529 507/507/526 508/508/502
f 495/495/530 525/525/531 494/494/504
f 513/513/532 481/481/501 482/482/505
f 509/509/508 539/539/529 508/508/502
f 527/527/533 495/495/530 496/496/506
f 483/483/507 513/513/532 482/482/505
f 541/541/534 509/509/508 510/510/535
f 497/497/536 527/527/533 496/496/506
f 515/515/537 483/483/507 484/484/510
f 542/542/538 510/510/535 511/511/512
f 529/529/539 497/497/536 498/498/513
f 485/485/540 515/515/537 484/484/510
f 1226/1305/33 542/542/538 511/511/512
f 530/530/541 498/498/513 499/499/514
f 517/517/542 485/485/540 486/486/515
f 500/500/543 530/530/541 499/499/514
f 518/518/544 486/486/515 487/487/517
f 532/532/545 500/500/543 501/501/518
f 488/488/546 518/518/544 487/487/517
f 533/533/547 501/501/518 502/502/492
f 520/520/548 488/488/546 489/489/520
f 503/503/495 533/533/547 502/502/492
f 521/521/549 489/489/520 490/490/493
f 504/504/522 534/534/550 503/503/495
f 491/491/524 521/521/549 490/490/493
f 538/538/551 568/568/552 537/537/527
f 525/525/531 555/555/553 524/524/525
f 512/512/528 543/543/554 1039/1056/9
f 539/539/529 569/569/555 538/538/551
f 526/526/556 556/556/557 525/525/531
f 544/544/558 512/512/528 513/513/532
f 540/540/559 570/570/560 539/539/529
f 558/558/561 526/526/556 527/527/533
f 514/514/562 544/544/558 513/513/532
f 572/572/563 540/540/559 541/541/534
f 528/528/564 558/558/561 527/527/533
f 546/546/565 514/514/562 515/515/537
f 573/573/566 541/541/534 542/542/538
f 560/560/567 528/528/564 529/529/539
f 547/547/568 515/515/537 516/516/569
f 1226/1306/33 573/573/566 542/542/538
f 561/561/570 529/529/539 530/530/541
f 548/548/571 516/516/569 517/517/542
f 531/531/572 561/561/570 530/530/541
f 549/549/573 517/517/542 518/518/544
f 563/563/574 531/531/572 532/532/545
f 519/519/575 549/549/573 518/518/544
f 564/564/576 532/532/545 533/533/547
f 551/551/577 519/519/575 520/520/548
f 534/534/550 564/564/576 533/533/547
f 552/552/578 520/520/548 521/521/549
f 535/535/579 565/565/580 534/534/550
f 522/522/523 552/552/578 521/521/549
f 567/567/581 535/535/579 536/536/521
f 554/554/582 522/522/523 523/523/583
f 537/537/527 567/567/581 536/536/521
f 555/555/553 523/523/583 524/524/525
f 575/575/584 543/543/554 544/544/558
f 571/571/585 601/601/586 570/570/560
f 589/589/587 557/557/588 558/558/561
f 576/576/589 544/544/558 545/545/590
f 603/603/591 571/571/585 572/572/563
f 559/559/592 589/589/587 558/558/561
f 577/577/593 545/545/590 546/546/565
f 604/604/594 572/572/563 573/573/566
f 591/591/595 559/559/592 560/560/567
f 578/578/596 546/546/565 547/547/568
f 1226/1307/33 604/604/594 573/573/566
f 592/592/597 560/560/567 561/561/570
f 579/579/598 547/547/568 548/548/571
f 562/562/599 592/592/597 561/561/570
f 549/549/573 579/579/598 548/548/571
f 563/563/574 593/593/600 562/562/599
f 550/550/601 580/580/602 549/549/573
f 595/595/603 563/563/574 564/564/576
f 582/582/604 550/550/601 551/551/577
f 596/596/605 564/564/576 565/565/580
f 583/583/606 551/551/577 552/552/578
f 566/566/607 596/596/605 565/565/580
f 553/553/608 583/583/606 552/552/578
f 598/598/609 566/566/607 567/567/581
f 585/585/610 553/553/608 554/554/582
f 599/599/611 567/567/581 568/568/552
f 586/586/612 554/554/582 555/555/553
f 600/600/613 568/568/552 569/569/555
f 556/556/557 586/586/612 555/555/553
f 543/543/554 574/574/614 1039/1057/9
f 570/570/560 600/600/613 569/569/555
f 557/557/588 587/587/615 556/556/557
f 608/608/616 576/576/589 577/577/593
f 635/635/617 603/603/591 604/604/594
f 622/622/618 590/590/619 591/591/595
f 578/578/596 608/608/616 577/577/593
f 1226/1308/33 635/635/617 604/604/594
f 623/623/620 591/591/595 592/592/597
f 610/610/621 578/578/596 579/579/598
f 593/593/600 623/623/620 592/592/597
f 580/580/602 610/610/621 579/579/598
f 594/594/622 624/624/623 593/593/600
f 581/581/624 611/611/625 580/580/602
f 626/626/626 594/594/622 595/595/603
f 613/613/627 581/581/624 582/582/604
f 596/596/605 626/626/626 595/595/603
f 614/614/628 582/582/604 583/583/606
f 597/597/629 627/627/630 596/596/605
f 584/584/631 614/614/628 583/583/606
f 629/629/632 597/597/629 598/598/609
f 616/616/633 584/584/631 585/585/610
f 630/630/634 598/598/609 599/599/611
f 617/617/635 585/585/610 586/586/612
f 600/600/613 630/630/634 599/599/611
f 587/587/615 617/617/635 586/586/612
f 574/574/614 605/605/636 1039/1058/9
f 632/632/637 600/600/613 601/601/586
f 588/588/638 618/618/639 587/587/615
f 606/606/640 574/574/614 575/575/584
f 602/602/641 632/632/637 601/601/586
f 620/620/642 588/588/638 589/589/587
f 607/607/643 575/575/584 576/576/589
f 634/634/644 602/602/641 603/603/591
f 590/590/619 620/620/642 589/589/587
f 641/641/645 609/609/646 610/610/621
f 624/624/623 654/654/647 623/623/620
f 611/611/625 641/641/645 610/610/621
f 625/625/648 655/655/649 624/624/623
f 612/612/650 642/642/651 611/611/625
f 657/657/652 625/625/648 626/626/626
f 644/644/653 612/612/650 613/613/627
f 658/658/654 626/626/626 627/627/630
f 645/645/655 613/613/627 614/614/628
f 628/628/656 658/658/654 627/627/630
f 615/615/657 645/645/655 614/614/628
f 660/660/658 628/628/656 629/629/632
f 647/647/659 615/615/657 616/616/633
f 661/661/660 629/629/632 630/630/634
f 648/648/661 616/616/633 617/617/635
f 631/631/662 661/661/660 630/630/634
f 649/649/663 617/617/635 618/618/639
f 605/605/636 636/636/664 1039/1059/9
f 663/663/665 631/631/662 632/632/637
f 619/619/666 649/649/663 618/618/639
f 637/637/667 605/605/636 606/606/640
f 633/633/668 663/663/665 632/632/637
f 651/651/669 619/619/666 620/620/642
f 638/638/670 606/606/640 607/607/643
f 665/665/671 633/633/668 634/634/644
f 621/621/672 651/651/669 620/620/642
f 639/639/673 607/607/643 608/608/616
f 635/635/617 665/665/671 634/634/644
f 653/653/674 621/621/672 622/622/618
f 609/609/646 639/639/673 608/608/616
f 1226/1309/33 666/666/675 635/635/617
f 654/654/647 622/622/618 623/623/620
f 643/643/676 673/673/677 642/642/651
f 688/688/678 656/656/679 657/657/652
f 675/675/680 643/643/676 644/644/653
f 689/689/681 657/657/652 658/658/654
f 645/645/655 675/675/680 644/644/653
f 659/659/682 689/689/681 658/658/654
f 646/646/683 676/676/684 645/645/655
f 691/691/685 659/659/682 660/660/658
f 678/678/686 646/646/683 647/647/659
f 692/692/687 660/660/658 661/661/660
f 679/679/688 647/647/659 648/648/661
f 662/662/689 692/692/687 661/661/660
f 649/649/663 679/679/688 648/648/661
f 636/636/664 667/667/690 1039/1060/9
f 663/663/665 693/693/691 662/662/689
f 650/650/692 680/680/693 649/649/663
f 668/668/694 636/636/664 637/637/667
f 695/695/695 663/663/665 664/664/696
f 682/682/697 650/650/692 651/651/669
f 638/638/670 668/668/694 637/637/667
f 696/696/698 664/664/696 665/665/671
f 652/652/699 682/682/697 651/651/669
f 670/670/700 638/638/670 639/639/673
f 666/666/675 696/696/698 665/665/671
f 684/684/701 652/652/699 653/653/674
f 671/671/702 639/639/673 640/640/703
f 1226/1310/33 697/697/704 666/666/675
f 685/685/705 653/653/674 654/654/647
f 672/672/706 640/640/703 641/641/645
f 655/655/649 685/685/705 654/654/647
f 642/642/651 672/672/706 641/641/645
f 656/656/679 686/686/707 655/655/649
f 707/707/708 675/675/680 676/676/684
f 690/690/709 720/720/710 689/689/681
f 677/677/711 707/707/708 676/676/684
f 722/722/712 690/690/709 691/691/685
f 678/678/686 708/708/713 677/677/711
f 723/723/714 691/691/685 692/692/687
f 710/710/715 678/678/686 679/679/688
f 693/693/691 723/723/714 692/692/687
f 680/680/693 710/710/715 679/679/688
f 667/667/690 698/698/716 1039/1061/9
f 725/725/717 693/693/691 694/694/718
f 681/681/719 711/711/720 680/680/693
f 699/699/721 667/667/690 668/668/694
f 695/695/695 725/725/717 694/694/718
f 713/713/722 681/681/719 682/682/697
f 669/669/723 699/699/721 668/668/694
f 727/727/724 695/695/695 696/696/698
f 714/714/725 682/682/697 683/683/726
f 701/701/727 669/669/723 670/670/700
f 697/697/704 727/727/724 696/696/698
f 715/715/728 683/683/726 684/684/701
f 702/702/729 670/670/700 671/671/702
f 1226/1311/33 728/728/730 697/697/704
f 716/716/731 684/684/701 685/685/705
f 703/703/732 671/671/702 672/672/706
f 686/686/707 716/716/731 685/685/705
f 673/673/677 703/703/732 672/672/706
f 718/718/733 686/686/707 687/687/734
f 674/674/735 704/704/736 673/673/677
f 719/719/737 687/687/734 688/688/678
f 706/706/738 674/674/735 675/675/680
f 720/720/710 688/688/678 689/689/681
f 709/709/739 739/739/740 708/708/713
f 754/754/741 722/722/712 723/723/714
f 741/741/742 709/709/739 710/710/715
f 724/724/743 754/754/741 723/723/714
f 742/742/744 710/710/715 711/711/720
f 698/698/716 729/729/745 1039/1062/9
f 756/756/746 724/724/743 725/725/717
f 712/712/747 742/742/744 711/711/720
f 730/730/748 698/698/716 699/699/721
f 757/757/749 725/725/717 726/726/750
f 713/713/722 743/743/751 712/712/747
f 731/731/752 699/699/721 700/700/753
f 758/758/754 726/726/750 727/727/724
f 745/745/755 713/713/722 714/714/725
f 732/732/756 700/700/753 701/701/727
f 728/728/730 758/758/754 727/727/724
f 746/746/757 714/714/725 715/715/728
f 733/733/758 701/701/727 702/702/729
f 1226/1312/33 759/759/759 728/728/730
f 716/716/731 746/746/757 715/715/728
f 734/734/760 702/702/729 703/703/732
f 717/717/761 747/747/762 716/716/731
f 704/704/736 734/734/760 703/703/732
f 749/749/763 717/717/761 718/718/733
f 705/705/764 735/735/765 704/704/736
f 750/750/766 718/718/733 719/719/737
f 737/737/767 705/705/764 706/706/738
f 751/751/768 719/719/737 720/720/710
f 707/707/708 737/737/767 706/706/738
f 721/721/769 751/751/768 720/720/710
f 708/708/713 738/738/770 707/707/708
f 753/753/771 721/721/769 722/722/712
f 773/773/772 741/741/742 742/742/744
f 729/729/745 760/760/773 1039/1063/9
f 787/787/774 755/755/775 756/756/746
f 743/743/751 773/773/772 742/742/744
f 761/761/776 729/729/745 730/730/748
f 757/757/749 787/787/774 756/756/746
f 744/744/777 774/774/778 743/743/751
f 762/762/779 730/730/748 731/731/752
f 789/789/780 757/757/749 758/758/754
f 776/776/781 744/744/777 745/745/755
f 763/763/782 731/731/752 732/732/756
f 790/790/783 758/758/754 759/759/759
f 777/777/784 745/745/755 746/746/757
f 764/764/785 732/732/756 733/733/758
f 1226/1313/33 790/790/783 759/759/759
f 747/747/762 777/777/784 746/746/757
f 765/765/786 733/733/758 734/734/760
f 748/748/787 778/778/788 747/747/762
f 735/735/765 765/765/786 734/734/760
f 780/780/789 748/748/787 749/749/763
f 736/736/790 766/766/791 735/735/765
f 781/781/792 749/749/763 750/750/766
f 768/768/793 736/736/790 737/737/767
f 782/782/794 750/750/766 751/751/768
f 738/738/770 768/768/793 737/737/767
f 752/752/795 782/782/794 751/751/768
f 739/739/740 769/769/796 738/738/770
f 784/784/797 752/752/795 753/753/771
f 740/740/798 770/770/799 739/739/740
f 785/785/800 753/753/771 754/754/741
f 772/772/801 740/740/798 741/741/742
f 755/755/775 785/785/800 754/754/741
f 775/775/802 805/805/803 774/774/778
f 762/762/779 792/792/804 761/761/776
f 820/820/805 788/788/806 789/789/780
f 807/807/807 775/775/802 776/776/781
f 763/763/782 793/793/808 762/762/779
f 790/790/783 820/820/805 789/789/780
f 808/808/809 776/776/781 777/777/784
f 795/795/810 763/763/782 764/764/785
f 1226/1314/33 821/821/811 790/790/783
f 809/809/812 777/777/784 778/778/788
f 796/796/813 764/764/785 765/765/786
f 779/779/814 809/809/812 778/778/788
f 797/797/815 765/765/786 766/766/791
f 811/811/816 779/779/814 780/780/789
f 767/767/817 797/797/815 766/766/791
f 812/812/818 780/780/789 781/781/792
f 799/799/819 767/767/817 768/768/793
f 813/813/820 781/781/792 782/782/794
f 800/800/821 768/768/793 769/769/796
f 783/783/822 813/813/820 782/782/794
f 770/770/799 800/800/821 769/769/796
f 815/815/823 783/783/822 784/784/797
f 771/771/824 801/801/825 770/770/799
f 816/816/826 784/784/797 785/785/800
f 803/803/827 771/771/824 772/772/801
f 786/786/828 816/816/826 785/785/800
f 804/804/829 772/772/801 773/773/772
f 760/760/773 791/791/830 1039/1064/9
f 787/787/774 817/817/831 786/786/828
f 774/774/778 804/804/829 773/773/772
f 792/792/804 760/760/773 761/761/776
f 819/819/832 787/787/774 788/788/806
f 802/802/833 832/832/834 801/801/825
f 847/847/835 815/815/823 816/816/826
f 834/834/836 802/802/833 803/803/827
f 817/817/831 847/847/835 816/816/826
f 835/835/837 803/803/827 804/804/829
f 791/791/830 822/822/838 1039/1065/9
f 849/849/839 817/817/831 818/818/840
f 805/805/803 835/835/837 804/804/829
f 823/823/841 791/791/830 792/792/804
f 850/850/842 818/818/840 819/819/832
f 806/806/843 836/836/844 805/805/803
f 824/824/845 792/792/804 793/793/808
f 851/851/846 819/819/832 820/820/805
f 838/838/847 806/806/843 807/807/807
f 825/825/848 793/793/808 794/794/849
f 821/821/811 851/851/846 820/820/805
f 839/839/850 807/807/807 808/808/809
f 826/826/851 794/794/849 795/795/810
f 1226/1315/33 852/852/852 821/821/811
f 809/809/812 839/839/850 808/808/809
f 827/827/853 795/795/810 796/796/813
f 810/810/854 840/840/855 809/809/812
f 797/797/815 827/827/853 796/796/813
f 842/842/856 810/810/854 811/811/816
f 798/798/857 828/828/858 797/797/815
f 843/843/859 811/811/816 812/812/818
f 830/830/860 798/798/857 799/799/819
f 813/813/820 843/843/859 812/812/818
f 831/831/861 799/799/819 800/800/821
f 814/814/862 844/844/863 813/813/820
f 801/801/825 831/831/861 800/800/821
f 846/846/864 814/814/862 815/815/823
f 866/866/865 834/834/836 835/835/837
f 822/822/838 853/853/866 1039/1066/9
f 880/880/867 848/848/868 849/849/839
f 836/836/844 866/866/865 835/835/837
f 854/854/869 822/822/838 823/823/841
f 881/881/870 849/849/839 850/850/842
f 868/868/871 836/836/844 837/837/872
f 824/824/845 854/854/869 823/823/841
f 882/882/873 850/850/842 851/851/846
f 869/869/874 837/837/872 838/838/847
f 825/825/848 855/855/875 824/824/845
f 852/852/852 882/882/873 851/851/846
f 870/870/876 838/838/847 839/839/850
f 857/857/877 825/825/848 826/826/851
f 1226/1316/33 883/883/878 852/852/852
f 840/840/855 870/870/876 839/839/850
f 858/858/879 826/826/851 827/827/853
f 841/841/880 871/871/881 840/840/855
f 859/859/882 827/827/853 828/828/858
f 873/873/883 841/841/880 842/842/856
f 829/829/884 859/859/882 828/828/858
f 874/874/885 842/842/856 843/843/859
f 861/861/886 829/829/884 830/830/860
f 875/875/887 843/843/859 844/844/863
f 862/862/888 830/830/860 831/831/861
f 845/845/889 875/875/887 844/844/863
f 832/832/834 862/862/888 831/831/861
f 877/877/890 845/845/889 846/846/864
f 833/833/891 863/863/892 832/832/834
f 878/878/893 846/846/864 847/847/835
f 865/865/894 833/833/891 834/834/836
f 848/848/868 878/878/893 847/847/835
f 868/868/871 898/898/895 867/867/896
f 855/855/875 885/885/897 854/854/869
f 913/913/898 881/881/870 882/882/873
f 900/900/899 868/868/871 869/869/874
f 887/887/900 855/855/875 856/856/901
f 914/914/902 882/882/873 883/883/878
f 901/901/903 869/869/874 870/870/876
f 888/888/904 856/856/901 857/857/877
f 1226/1317/33 914/914/902 883/883/878
f 871/871/881 901/901/903 870/870/876
f 889/889/905 857/857/877 858/858/879
f 872/872/906 902/902/907 871/871/881
f 890/890/908 858/858/879 859/859/882
f 904/904/909 872/872/906 873/873/883
f 860/860/910 890/890/908 859/859/882
f 905/905/911 873/873/883 874/874/885
f 892/892/912 860/860/910 861/861/886
f 875/875/887 905/905/911 874/874/885
f 893/893/913 861/861/886 862/862/888
f 876/876/914 906/906/915 875/875/887
f 863/863/892 893/893/913 862/862/888
f 908/908/916 876/876/914 877/877/890
f 864/864/917 894/894/918 863/863/892
f 878/878/893 908/908/916 877/877/890
f 896/896/919 864/864/917 865/865/894
f 879/879/920 909/909/921 878/878/893
f 897/897/922 865/865/894 866/866/865
f 853/853/866 884/884/923 1039/1067/9
f 911/911/924 879/879/920 880/880/867
f 867/867/896 897/897/922 866/866/865
f 885/885/897 853/853/866 854/854/869
f 881/881/870 911/911/924 880/880/867
f 932/932/925 900/900/899 901/901/903
f 919/919/926 887/887/900 888/888/904
f 1226/1318/33 945/945/927 914/914/902
f 902/902/907 932/932/925 901/901/903
f 920/920/928 888/888/904 889/889/905
f 903/903/929 933/933/930 902/902/907
f 921/921/931 889/889/905 890/890/908
f 935/935/932 903/903/929 904/904/909
f 891/891/933 921/921/931 890/890/908
f 936/936/934 904/904/909 905/905/911
f 923/923/935 891/891/933 892/892/912
f 906/906/915 936/936/934 905/905/911
f 924/924/936 892/892/912 893/893/913
f 907/907/937 937/937/938 906/906/915
f 894/894/918 924/924/936 893/893/913
f 939/939/939 907/907/937 908/908/916
f 926/926/940 894/894/918 895/895/941
f 940/940/942 908/908/916 909/909/921
f 927/927/943 895/895/941 896/896/919
f 910/910/944 940/940/942 909/909/921
f 928/928/945 896/896/919 897/897/922
f 884/884/923 915/915/946 1039/1068/9
f 942/942/947 910/910/944 911/911/924
f 898/898/895 928/928/945 897/897/922
f 916/916/948 884/884/923 885/885/897
f 943/943/949 911/911/924 912/912/950
f 899/899/951 929/929/952 898/898/895
f 886/886/953 916/916/948 885/885/897
f 944/944/954 912/912/950 913/913/898
f 931/931/955 899/899/951 900/900/899
f 918/918/956 886/886/953 887/887/900
f 945/945/927 913/913/898 914/914/902
f 934/934/957 964/964/958 933/933/930
f 952/952/959 920/920/928 921/921/931
f 935/935/932 965/965/960 934/934/957
f 922/922/961 952/952/959 921/921/931
f 967/967/962 935/935/932 936/936/934
f 954/954/963 922/922/961 923/923/935
f 937/937/938 967/967/962 936/936/934
f 955/955/964 923/923/935 924/924/936
f 938/938/965 968/968/966 937/937/938
f 925/925/967 955/955/964 924/924/936
f 970/970/968 938/938/965 939/939/939
f 957/957/969 925/925/967 926/926/940
f 971/971/970 939/939/939 940/940/942
f 958/958/971 926/926/940 927/927/943
f 941/941/972 971/971/970 940/940/942
f 959/959/973 927/927/943 928/928/945
f 915/915/946 946/946/974 1039/1069/9
f 973/973/975 941/941/972 942/942/947
f 929/929/952 959/959/973 928/928/945
f 947/947/976 915/915/946 916/916/948
f 974/974/977 942/942/947 943/943/949
f 930/930/978 960/960/979 929/929/952
f 948/948/980 916/916/948 917/917/981
f 975/975/982 943/943/949 944/944/954
f 962/962/983 930/930/978 931/931/955
f 918/918/956 948/948/980 917/917/981
f 945/945/927 975/975/982 944/944/954
f 963/963/984 931/931/955 932/932/925
f 950/950/985 918/918/956 919/919/926
f 1226/1319/33 976/976/986 945/945/927
f 933/933/930 963/963/984 932/932/925
f 951/951/987 919/919/926 920/920/928
f 998/998/988 966/966/989 967/967/962
f 985/985/990 953/953/991 954/954/963
f 968/968/966 998/998/988 967/967/962
f 986/986/992 954/954/963 955/955/964
f 969/969/993 999/999/994 968/968/966
f 956/956/995 986/986/992 955/955/964
f 1001/1001/996 969/969/993 970/970/968
f 988/988/997 956/956/995 957/957/969
f 1002/1002/998 970/970/968 971/971/970
f 989/989/999 957/957/969 958/958/971
f 972/972/1000 1002/1002/998 971/971/970
f 990/990/1001 958/958/971 959/959/973
f 946/946/974 977/977/1002 1039/1070/9
f 1004/1004/1003 972/972/1000 973/973/975
f 960/960/979 990/990/1001 959/959/973
f 947/947/976 977/977/1002 946/946/974
f 974/974/977 1004/1004/1003 973/973/975
f 961/961/1004 991/991/1005 960/960/979
f 979/979/1006 947/947/976 948/948/980
f 1006/1006/1007 974/974/977 975/975/982
f 993/993/1008 961/961/1004 962/962/983
f 980/980/1009 948/948/980 949/949/1010
f 1007/1007/1011 975/975/982 976/976/986
f 994/994/1012 962/962/983 963/963/984
f 950/950/985 980/980/1009 949/949/1010
f 1226/1320/33 1007/1007/1011 976/976/986
f 964/964/958 994/994/1012 963/963/984
f 982/982/1013 950/950/985 951/951/987
f 965/965/960 995/995/1014 964/964/958
f 983/983/1015 951/951/987 952/952/959
f 997/997/1016 965/965/960 966/966/989
f 953/953/991 983/983/1015 952/952/959
f 1000/1000/1017 1030/1030/1018 999/999/994
f 987/987/1019 1017/1017/1020 986/986/992
f 1032/1032/1021 1000/1000/1017 1001/1001/996
f 988/988/997 1018/1018/1022 987/987/1019
f 1002/1002/998 1032/1032/1021 1001/1001/996
f 989/989/999 1019/1019/1023 988/988/997
f 1003/1003/1024 1033/1033/1025 1002/1002/998
f 1021/1021/1026 989/989/999 990/990/1001
f 977/977/1002 1008/1008/1027 1039/1071/9
f 1035/1035/1028 1003/1003/1024 1004/1004/1003
f 991/991/1005 1021/1021/1026 990/990/1001
f 1009/1009/1029 977/977/1002 978/978/1030
f 1005/1005/1031 1035/1035/1028 1004/1004/1003
f 992/992/1032 1022/1022/1033 991/991/1005
f 979/979/1006 1009/1009/1029 978/978/1030
f 1037/1037/1034 1005/1005/1031 1006/1006/1007
f 1024/1024/1035 992/992/1032 993/993/1008
f 1011/1011/1036 979/979/1006 980/980/1009
f 1038/1038/1037 1006/1006/1007 1007/1007/1011
f 1025/1025/1038 993/993/1008 994/994/1012
f 981/981/1039 1011/1011/1036 980/980/1009
f 1226/1321/33 1038/1038/1037 1007/1007/1011
f 995/995/1014 1025/1025/1038 994/994/1012
f 1013/1013/1040 981/981/1039 982/982/1013
f 1027/1027/1041 995/995/1014 996/996/1042
f 1014/1014/1043 982/982/1013 983/983/1015
f 1028/1028/1044 996/996/1042 997/997/1016
f 984/984/1045 1014/1014/1043 983/983/1015
f 1029/1029/1046 997/997/1016 998/998/988
f 1016/1016/1047 984/984/1045 985/985/990
f 999/999/994 1029/1029/1046 998/998/988
f 1017/1017/1020 985/985/990 986/986/992
f 1065/1128/1048 1032/1032/1021 1033/1033/1025
f 1052/1115/1049 1019/1019/1023 1020/1020/1050
f 1034/1034/1051 1065/1128/1048 1033/1033/1025
f 1053/1116/1052 1020/1020/1050 1021/1021/1026
f 1008/1008/1027 1040/1103/1053 1039/1072/9
f 1067/1130/1054 1034/1034/1051 1035/1035/1028
f 1022/1022/1033 1053/1116/1052 1021/1021/1026
f 1009/1009/1029 1040/1103/1053 1008/1008/1027
f 1036/1036/1055 1067/1130/1054 1035/1035/1028
f 1023/1023/1056 1054/1117/1057 1022/1022/1033
f 1010/1010/1058 1041/1104/1059 1009/1009/1029
f 1069/1132/1060 1036/1036/1055 1037/1037/1034
f 1056/1119/1061 1023/1023/1056 1024/1024/1035
f 1043/1106/1062 1010/1010/1058 1011/1011/1036
f 1070/1133/1063 1037/1037/1034 1038/1038/1037
f 1057/1120/1064 1024/1024/1035 1025/1025/1038
f 1044/1107/1065 1011/1011/1036 1012/1012/1066
f 1226/1322/33 1070/1133/1063 1038/1038/1037
f 1026/1026/1067 1057/1120/1064 1025/1025/1038
f 1045/1108/1068 1012/1012/1066 1013/1013/1040
f 1027/1027/1041 1058/1121/1069 1026/1026/1067
f 1014/1014/1043 1045/1108/1068 1013/1013/1040
f 1060/1123/1070 1027/1027/1041 1028/1028/1044
f 1015/1015/1071 1046/1109/1072 1014/1014/1043
f 1061/1124/1073 1028/1028/1044 1029/1029/1046
f 1048/1111/1074 1015/1015/1071 1016/1016/1047
f 1062/1125/1075 1029/1029/1046 1030/1030/1018
f 1017/1017/1020 1048/1111/1074 1016/1016/1047
f 1031/1031/1076 1062/1125/1075 1030/1030/1018
f 1018/1018/1022 1049/1112/1077 1017/1017/1020
f 1064/1127/1078 1031/1031/1076 1032/1032/1021
f 1019/1019/1023 1050/1113/1079 1018/1018/1022
f 1040/1103/1053 1071/1134/1080 1039/1073/9
f 1067/1130/1054 1097/1160/1081 1066/1129/1082
f 1054/1117/1057 1084/1147/1083 1053/1116/1052
f 1072/1135/1084 1040/1103/1053 1041/1104/1059
f 1068/1131/1085 1098/1161/1086 1067/1130/1054
f 1055/1118/1087 1085/1148/1088 1054/1117/1057
f 1073/1136/1089 1041/1104/1059 1042/1105/1090
f 1100/1163/1091 1068/1131/1085 1069/1132/1060
f 1087/1150/1092 1055/1118/1087 1056/1119/1061
f 1074/1137/1093 1042/1105/1090 1043/1106/1062
f 1070/1133/1063 1100/1163/1091 1069/1132/1060
f 1088/1151/1094 1056/1119/1061 1057/1120/1064
f 1075/1138/1095 1043/1106/1062 1044/1107/1065
f 1226/1323/33 1101/1164/1096 1070/1133/1063
f 1058/1121/1069 1088/1151/1094 1057/1120/1064
f 1076/1139/1097 1044/1107/1065 1045/1108/1068
f 1090/1153/1098 1058/1121/1069 1059/1122/1099
f 1077/1140/1100 1045/1108/1068 1046/1109/1072
f 1091/1154/1101 1059/1122/1099 1060/1123/1070
f 1047/1110/1102 1077/1140/1100 1046/1109/1072
f 1092/1155/1103 1060/1123/1070 1061/1124/1073
f 1079/1142/1104 1047/1110/1102 1048/1111/1074
f 1062/1125/1075 1092/1155/1103 1061/1124/1073
f 1080/1143/1105 1048/1111/1074 1049/1112/1077
f 1063/1126/1106 1093/1156/1107 1062/1125/1075
f 1050/1113/1079 1080/1143/1105 1049/1112/1077
f 1095/1158/1108 1063/1126/1106 1064/1127/1078
f 1051/1114/1109 1081/1144/1110 1050/1113/1079
f 1096/1159/1111 1064/1127/1078 1065/1128/1048
f 1052/1115/1049 1082/1145/1112 1051/1114/1109
f 1066/1129/1082 1096/1159/1111 1065/1128/1048
f 1084/1147/1083 1052/1115/1049 1053/1116/1052
f 1104/1167/1113 1072/1135/1084 1073/1136/1089
f 1131/1194/1114 1099/1162/1115 1100/1163/1091
f 1118/1181/1116 1086/1149/1117 1087/1150/1092
f 1105/1168/1118 1073/1136/1089 1074/1137/1093
f 1132/1195/1119 1100/1163/1091 1101/1164/1096
f 1119/1182/1120 1087/1150/1092 1088/1151/1094
f 1106/1169/1121 1074/1137/1093 1075/1138/1095
f 1226/1324/33 1132/1195/1119 1101/1164/1096
f 1089/1152/1122 1119/1182/1120 1088/1151/1094
f 1107/1170/1123 1075/1138/1095 1076/1139/1097
f 1121/1184/1124 1089/1152/1122 1090/1153/1098
f 1077/1140/1100 1107/1170/1123 1076/1139/1097
f 1091/1154/1101 1121/1184/1124 1090/1153/1098
f 1078/1141/1125 1108/1171/1126 1077/1140/1100
f 1123/1186/1127 1091/1154/1101 1092/1155/1103
f 1110/1173/1128 1078/1141/1125 1079/1142/1104
f 1124/1187/1129 1092/1155/1103 1093/1156/1107
f 1111/1174/1130 1079/1142/1104 1080/1143/1105
f 1094/1157/1131 1124/1187/1129 1093/1156/1107
f 1081/1144/1110 1111/1174/1130 1080/1143/1105
f 1126/1189/1132 1094/1157/1131 1095/1158/1108
f 1113/1176/1133 1081/1144/1110 1082/1145/1112
f 1096/1159/1111 1126/1189/1132 1095/1158/1108
f 1083/1146/1134 1113/1176/1133 1082/1145/1112
f 1097/1160/1081 1127/1190/1135 1096/1159/1111
f 1115/1178/1136 1083/1146/1134 1084/1147/1083
f 1071/1134/1080 1102/1165/1137 1039/1074/9
f 1129/1192/1138 1097/1160/1081 1098/1161/1086
f 1085/1148/1088 1115/1178/1136 1084/1147/1083
f 1072/1135/1084 1102/1165/1137 1071/1134/1080
f 1130/1193/1139 1098/1161/1086 1099/1162/1115
f 1086/1149/1117 1116/1179/1140 1085/1148/1088
f 1106/1169/1121 1136/1199/1141 1105/1168/1118
f 1226/1325/33 1163/1226/1142 1132/1195/1119
f 1120/1183/1143 1150/1213/1144 1119/1182/1120
f 1138/1201/1145 1106/1169/1121 1107/1170/1123
f 1152/1215/1146 1120/1183/1143 1121/1184/1124
f 1108/1171/1126 1138/1201/1145 1107/1170/1123
f 1153/1216/1147 1121/1184/1124 1122/1185/1148
f 1109/1172/1149 1139/1202/1150 1108/1171/1126
f 1154/1217/1151 1122/1185/1148 1123/1186/1127
f 1141/1204/1152 1109/1172/1149 1110/1173/1128
f 1124/1187/1129 1154/1217/1151 1123/1186/1127
f 1142/1205/1153 1110/1173/1128 1111/1174/1130
f 1125/1188/1154 1155/1218/1155 1124/1187/1129
f 1112/1175/1156 1142/1205/1153 1111/1174/1130
f 1157/1220/1157 1125/1188/1154 1126/1189/1132
f 1144/1207/1158 1112/1175/1156 1113/1176/1133
f 1158/1221/1159 1126/1189/1132 1127/1190/1135
f 1114/1177/1160 1144/1207/1158 1113/1176/1133
f 1128/1191/1161 1158/1221/1159 1127/1190/1135
f 1146/1209/1162 1114/1177/1160 1115/1178/1136
f 1102/1165/1137 1133/1196/1163 1039/1075/9
f 1160/1223/1164 1128/1191/1161 1129/1192/1138
f 1116/1179/1140 1146/1209/1162 1115/1178/1136
f 1134/1197/1165 1102/1165/1137 1103/1166/1166
f 1130/1193/1139 1160/1223/1164 1129/1192/1138
f 1117/1180/1167 1147/1210/1168 1116/1179/1140
f 1135/1198/1169 1103/1166/1166 1104/1167/1113
f 1162/1225/1170 1130/1193/1139 1131/1194/1114
f 1149/1212/1171 1117/1180/1167 1118/1181/1116
f 1136/1199/1141 1104/1167/1113 1105/1168/1118
f 1132/1195/1119 1162/1225/1170 1131/1194/1114
f 1150/1213/1144 1118/1181/1116 1119/1182/1120
f 1139/1202/1150 1169/1232/1172 1138/1201/1145
f 1153/1216/1147 1183/1246/1173 1152/1215/1146
f 1140/1203/1174 1170/1233/1175 1139/1202/1150
f 1185/1248/1176 1153/1216/1147 1154/1217/1151
f 1172/1235/1177 1140/1203/1174 1141/1204/1152
f 1186/1249/1178 1154/1217/1151 1155/1218/1155
f 1142/1205/1153 1172/1235/1177 1141/1204/1152
f 1156/1219/1179 1186/1249/1178 1155/1218/1155
f 1143/1206/1180 1173/1236/1181 1142/1205/1153
f 1188/1251/1182 1156/1219/1179 1157/1220/1157
f 1175/1238/1183 1143/1206/1180 1144/1207/1158
f 1189/1252/1184 1157/1220/1157 1158/1221/1159
f 1145/1208/1185 1175/1238/1183 1144/1207/1158
f 1159/1222/1186 1189/1252/1184 1158/1221/1159
f 1177/1240/1187 1145/1208/1185 1146/1209/1162
f 1133/1196/1163 1164/1227/1188 1039/1076/9
f 1191/1254/1189 1159/1222/1186 1160/1223/1164
f 1147/1210/1168 1177/1240/1187 1146/1209/1162
f 1165/1228/1190 1133/1196/1163 1134/1197/1165
f 1192/1255/1191 1160/1223/1164 1161/1224/1192
f 1148/1211/1193 1178/1241/1194 1147/1210/1168
f 1166/1229/1195 1134/1197/1165 1135/1198/1169
f 1193/1256/1196 1161/1224/1192 1162/1225/1170
f 1180/1243/1197 1148/1211/1193 1149/1212/1171
f 1167/1230/1198 1135/1198/1169 1136/1199/1141
f 1194/1257/1199 1162/1225/1170 1163/1226/1142
f 1181/1244/1200 1149/1212/1171 1150/1213/1144
f 1168/1231/1201 1136/1199/1141 1137/1200/1202
f 1226/1326/33 1194/1257/1199 1163/1226/1142
f 1151/1214/1203 1181/1244/1200 1150/1213/1144
f 1169/1232/1172 1137/1200/1202 1138/1201/1145
f 1183/1246/1173 1151/1214/1203 1152/1215/1146
f 1203/1266/1204 1171/1234/1205 1172/1235/1177
f 1217/1280/1206 1185/1248/1176 1186/1249/1178
f 1204/1267/1207 1172/1235/1177 1173/1236/1181
f 1187/1250/1208 1217/1280/1206 1186/1249/1178
f 1174/1237/1209 1204/1267/1207 1173/1236/1181
f 1219/1282/1210 1187/1250/1208 1188/1251/1182
f 1175/1238/1183 1205/1268/1211 1174/1237/1209
f 1189/1252/1184 1219/1282/1210 1188/1251/1182
f 1176/1239/1212 1206/1269/1213 1175/1238/1183
f 1190/1253/1214 1220/1283/1215 1189/1252/1184
f 1208/1271/1216 1176/1239/1212 1177/1240/1187
f 1164/1227/1188 1195/1258/1217 1039/1077/9
f 1222/1285/1218 1190/1253/1214 1191/1254/1189
f 1178/1241/1194 1208/1271/1216 1177/1240/1187
f 1196/1259/1219 1164/1227/1188 1165/1228/1190
f 1192/1255/1191 1222/1285/1218 1191/1254/1189
f 1179/1242/1220 1209/1272/1221 1178/1241/1194
f 1166/1229/1195 1196/1259/1219 1165/1228/1190
f 1224/1287/1222 1192/1255/1191 1193/1256/1196
f 1211/1274/1223 1179/1242/1220 1180/1243/1197
f 1198/1261/1224 1166/1229/1195 1167/1230/1198
f 1194/1257/1199 1224/1287/1222 1193/1256/1196
f 1212/1275/1225 1180/1243/1197 1181/1244/1200
f 1199/1262/1226 1167/1230/1198 1168/1231/1201
f 1226/1327/33 1225/1288/1227 1194/1257/1199
f 1182/1245/1228 1212/1275/1225 1181/1244/1200
f 1200/1263/1229 1168/1231/1201 1169/1232/1172
f 1214/1277/1230 1182/1245/1228 1183/1246/1173
f 1201/1264/1231 1169/1232/1172 1170/1233/1175
f 1215/1278/1232 1183/1246/1173 1184/1247/1233
f 1171/1234/1205 1201/1264/1231 1170/1233/1175
f 1216/1279/1234 1184/1247/1233 1185/1248/1176
f 1205/1268/1211 1236/1362/1235 1204/1267/1207
f 1251/1377/1236 1218/1281/1237 1219/1282/1210
f 1206/1269/1213 1237/1363/1238 1205/1268/1211
f 1252/1378/1239 1219/1282/1210 1220/1283/1215
f 1207/1270/1240 1238/1364/1241 1206/1269/1213
f 1221/1284/1242 1252/1378/1239 1220/1283/1215
f 1240/1366/1243 1207/1270/1240 1208/1271/1216
f 1195/1258/1217 1227/1353/1244 1039/1078/9
f 1222/1285/1218 1253/1379/1245 1221/1284/1242
f 1209/1272/1221 1240/1366/1243 1208/1271/1216
f 1228/1354/1246 1195/1258/1217 1196/1259/1219
f 1223/1286/1247 1254/1380/1248 1222/1285/1218
f 1210/1273/1249 1241/1367/1250 1209/1272/1221
f 1197/1260/1251 1228/1354/1246 1196/1259/1219
f 1256/1382/1252 1223/1286/1247 1224/1287/1222
f 1243/1369/1253 1210/1273/1249 1211/1274/1223
f 1230/1356/1254 1197/1260/1251 1198/1261/1224
f 1225/1288/1227 1256/1382/1252 1224/1287/1222
f 1244/1370/1255 1211/1274/1223 1212/1275/1225
f 1231/1357/1256 1198/1261/1224 1199/1262/1226
f 1226/1328/33 1257/1383/1257 1225/1288/1227
f 1213/1276/1258 1244/1370/1255 1212/1275/1225
f 1232/1358/1259 1199/1262/1226 1200/1263/1229
f 1246/1372/1260 1213/1276/1258 1214/1277/1230
f 1233/1359/1261 1200/1263/1229 1201/1264/1231
f 1247/1373/1262 1214/1277/1230 1215/1278/1232
f 1202/1265/1263 1233/1359/1261 1201/1264/1231
f 1248/1374/1264 1215/1278/1232 1216/1279/1234
f 1235/1361/1265 1202/1265/1263 1203/1266/1204
f 1217/1280/1206 1248/1374/1264 1216/1279/1234
f 1236/1362/1235 1203/1266/1204 1204/1267/1207
f 1218/1281/1237 1249/1375/1266 1217/1280/1206
f 1270/1396/1267 1238/1364/1241 1239/1365/1268
f 1253/1379/1245 1283/1409/1269 1252/1378/1239
f 1271/1397/1270 1239/1365/1268 1240/1366/1243
f 1227/1353/1244 1258/1384/1271 1039/1079/9
f 1285/1411/1272 1253/1379/1245 1254/1380/1248
f 1241/1367/1250 1271/1397/1270 1240/1366/1243
f 1259/1385/1273 1227/1353/1244 1228/1354/1246
f 1255/1381/1274 1285/1411/1272 1254/1380/1248
f 1242/1368/1275 1272/1398/1276 1241/1367/1250
f 1229/1355/1277 1259/1385/1273 1228/1354/1246
f 1287/1413/1278 1255/1381/1274 1256/1382/1252
f 1274/1400/1279 1242/1368/1275 1243/1369/1253
f 1261/1387/1280 1229/1355/1277 1230/1356/1254
f 1257/1383/1257 1287/1413/1278 1256/1382/1252
f 1275/1401/1281 1243/1369/1253 1244/1370/1255
f 1262/1388/1282 1230/1356/1254 1231/1357/1256
f 1226/1329/33 1288/1414/1283 1257/1383/1257
f 1245/1371/1284 1275/1401/1281 1244/1370/1255
f 1263/1389/1285 1231/1357/1256 1232/1358/1259
f 1246/1372/1260 1276/1402/1286 1245/1371/1284
f 1264/1390/1287 1232/1358/1259 1233/1359/1261
f 1278/1404/1288 1246/1372/1260 1247/1373/1262
f 1234/1360/1289 1264/1390/1287 1233/1359/1261
f 1279/1405/1290 1247/1373/1262 1248/1374/1264
f 1266/1392/1291 1234/1360/1289 1235/1361/1265
f 1280/1406/1292 1248/1374/1264 1249/1375/1266
f 1236/1362/1235 1266/1392/1291 1235/1361/1265
f 1250/1376/1293 1280/1406/1292 1249/1375/1266
f 1237/1363/1238 1267/1393/1294 1236/1362/1235
f 1282/1408/1295 1250/1376/1293 1251/1377/1236
f 1238/1364/1241 1268/1394/1296 1237/1363/1238
f 1252/1378/1239 1282/1408/1295 1251/1377/1236
f 1272/1398/1276 1302/1428/1297 1271/1397/1270
f 1290/1416/1298 1258/1384/1271 1259/1385/1273
f 1317/1443/1299 1285/1411/1272 1286/1412/1300
f 1273/1399/1301 1303/1429/1302 1272/1398/1276
f 1260/1386/1303 1290/1416/1298 1259/1385/1273
f 1318/1444/1304 1286/1412/1300 1287/1413/1278
f 1305/1431/1305 1273/1399/1301 1274/1400/1279
f 1292/1418/1306 1260/1386/1303 1261/1387/1280
f 1288/1414/1283 1318/1444/1304 1287/1413/1278
f 1306/1432/1307 1274/1400/1279 1275/1401/1281
f 1293/1419/1308 1261/1387/1280 1262/1388/1282
f 1226/1330/33 1319/1445/1309 1288/1414/1283
f 1276/1402/1286 1306/1432/1307 1275/1401/1281
f 1294/1420/1310 1262/1388/1282 1263/1389/1285
f 1308/1434/1311 1276/1402/1286 1277/1403/1312
f 1295/1421/1313 1263/1389/1285 1264/1390/1287
f 1309/1435/1314 1277/1403/1312 1278/1404/1288
f 1265/1391/1315 1295/1421/1313 1264/1390/1287
f 1310/1436/1316 1278/1404/1288 1279/1405/1290
f 1297/1423/1317 1265/1391/1315 1266/1392/1291
f 1311/1437/1318 1279/1405/1290 1280/1406/1292
f 1298/1424/1319 1266/1392/1291 1267/1393/1294
f 1281/1407/1320 1311/1437/1318 1280/1406/1292
f 1268/1394/1296 1298/1424/1319 1267/1393/1294
f 1313/1439/1321 1281/1407/1320 1282/1408/1295
f 1269/1395/1322 1299/1425/1323 1268/1394/1296
f 1283/1409/1269 1313/1439/1321 1282/1408/1295
f 1270/1396/1267 1300/1426/1324 1269/1395/1322
f 1284/1410/1325 1314/1440/1326 1283/1409/1269
f 1302/1428/1297 1270/1396/1267 1271/1397/1270
f 1258/1384/1271 1289/1415/1327 1039/1080/9
f 1316/1442/1328 1284/1410/1325 1285/1411/1272
f 1336/1462/1329 1304/1430/1330 1305/1431/1305
f 1323/1449/1331 1291/1417/1332 1292/1418/1306
f 1319/1445/1309 1349/1475/1333 1318/1444/1304
f 1337/1463/1334 1305/1431/1305 1306/1432/1307
f 1324/1450/1335 1292/1418/1306 1293/1419/1308
f 1226/1331/33 1350/1476/1336 1319/1445/1309
f 1307/1433/1337 1337/1463/1334 1306/1432/1307
f 1325/1451/1338 1293/1419/1308 1294/1420/1310
f 1308/1434/1311 1338/1464/1339 1307/1433/1337
f 1326/1452/1340 1294/1420/1310 1295/1421/1313
f 1340/1466/1341 1308/1434/1311 1309/1435/1314
f 1296/1422/1342 1326/1452/1340 1295/1421/1313
f 1341/1467/1343 1309/1435/1314 1310/1436/1316
f 1328/1454/1344 1296/1422/1342 1297/1423/1317
f 1342/1468/1345 1310/1436/1316 1311/1437/1318
f 1298/1424/1319 1328/1454/1344 1297/1423/1317
f 1312/1438/1346 1342/1468/1345 1311/1437/1318
f 1299/1425/1323 1329/1455/1347 1298/1424/1319
f 1344/1470/1348 1312/1438/1346 1313/1439/1321
f 1300/1426/1324 1330/1456/1349 1299/1425/1323
f 1345/1471/1350 1313/1439/1321 1314/1440/1326
f 1332/1458/1351 1300/1426/1324 1301/1427/1352
f 1315/1441/1353 1345/1471/1350 1314/1440/1326
f 1333/1459/1354 1301/1427/1352 1302/1428/1297
f 1289/1415/1327 1320/1446/1355 1039/1081/9
f 1347/1473/1356 1315/1441/1353 1316/1442/1328
f 1303/1429/1302 1333/1459/1354 1302/1428/1297
f 1321/1447/1357 1289/1415/1327 1290/1416/1298
f 1317/1443/1299 1347/1473/1356 1316/1442/1328
f 1304/1430/1330 1334/1460/1358 1303/1429/1302
f 1291/1417/1332 1321/1447/1357 1290/1416/1298
f 1349/1475/1333 1317/1443/1299 1318/1444/1304
f 1338/1464/1339 1368/1494/1359 1337/1463/1334
f 1356/1482/1360 1324/1450/1335 1325/1451/1338
f 1370/1496/1361 1338/1464/1339 1339/1465/1362
f 1357/1483/1363 1325/1451/1338 1326/1452/1340
f 1371/1497/1364 1339/1465/1362 1340/1466/1341
f 1327/1453/1365 1357/1483/1363 1326/1452/1340
f 1372/1498/1366 1340/1466/1341 1341/1467/1343
f 1359/1485/1367 1327/1453/1365 1328/1454/1344
f 1342/1468/1345 1372/1498/1366 1341/1467/1343
f 1360/1486/1368 1328/1454/1344 1329/1455/1347
f 1343/1469/1369 1373/1499/1370 1342/1468/1345
f 1330/1456/1349 1360/1486/1368 1329/1455/1347
f 1375/1501/1371 1343/1469/1369 1344/1470/1348
f 1331/1457/1372 1361/1487/1373 1330/1456/1349
f 1376/1502/1374 1344/1470/1348 1345/1471/1350
f 1332/1458/1351 1362/1488/1375 1331/1457/1372
f 1346/1472/1376 1376/1502/1374 1345/1471/1350
f 1364/1490/1377 1332/1458/1351 1333/1459/1354
f 1320/1446/1355 1351/1477/1378 1039/1082/9
f 1378/1504/1379 1346/1472/1376 1347/1473/1356
f 1334/1460/1358 1364/1490/1377 1333/1459/1354
f 1352/1478/1380 1320/1446/1355 1321/1447/1357
f 1379/1505/1381 1347/1473/1356 1348/1474/1382
f 1335/1461/1383 1365/1491/1384 1334/1460/1358
f 1322/1448/1385 1352/1478/1380 1321/1447/1357
f 1380/1506/1386 1348/1474/1382 1349/1475/1333
f 1367/1493/1387 1335/1461/1383 1336/1462/1329
f 1354/1480/1388 1322/1448/1385 1323/1449/1331
f 1350/1476/1336 1380/1506/1386 1349/1475/1333
f 1368/1494/1359 1336/1462/1329 1337/1463/1334
f 1355/1481/1389 1323/1449/1331 1324/1450/1335
f 1226/1332/33 1381/1507/1390 1350/1476/1336
f 1402/1528/1391 1370/1496/1361 1371/1497/1364
f 1358/1484/1392 1388/1514/1393 1357/1483/1363
f 1403/1529/1394 1371/1497/1364 1372/1498/1366
f 1390/1516/1395 1358/1484/1392 1359/1485/1367
f 1373/1499/1370 1403/1529/1394 1372/1498/1366
f 1391/1517/1396 1359/1485/1367 1360/1486/1368
f 1374/1500/1397 1404/1530/1398 1373/1499/1370
f 1361/1487/1373 1391/1517/1396 1360/1486/1368
f 1406/1532/1399 1374/1500/1397 1375/1501/1371
f 1362/1488/1375 1392/1518/1400 1361/1487/1373
f 1407/1533/1401 1375/1501/1371 1376/1502/1374
f 1394/1520/1402 1362/1488/1375 1363/1489/1403
f 1377/1503/1404 1407/1533/1401 1376/1502/1374
f 1395/1521/1405 1363/1489/1403 1364/1490/1377
f 1351/1477/1378 1382/1508/1406 1039/1083/9
f 1409/1535/1407 1377/1503/1404 1378/1504/1379
f 1365/1491/1384 1395/1521/1405 1364/1490/1377
f 1383/1509/1408 1351/1477/1378 1352/1478/1380
f 1379/1505/1381 1409/1535/1407 1378/1504/1379
f 1366/1492/1409 1396/1522/1410 1365/1491/1384
f 1384/1510/1411 1352/1478/1380 1353/1479/1412
f 1411/1537/1413 1379/1505/1381 1380/1506/1386
f 1398/1524/1414 1366/1492/1409 1367/1493/1387
f 1385/1511/1415 1353/1479/1412 1354/1480/1388
f 1412/1538/1416 1380/1506/1386 1381/1507/1390
f 1399/1525/1417 1367/1493/1387 1368/1494/1359
f 1386/1512/1418 1354/1480/1388 1355/1481/1389
f 1226/1333/33 1412/1538/1416 1381/1507/1390
f 1369/1495/1419 1399/1525/1417 1368/1494/1359
f 1387/1513/1420 1355/1481/1389 1356/1482/1360
f 1370/1496/1361 1400/1526/1421 1369/1495/1419
f 1357/1483/1363 1387/1513/1420 1356/1482/1360
f 1404/1530/1398 1434/1560/1422 1403/1529/1394
f 1422/1548/1423 1390/1516/1395 1391/1517/1396
f 1405/1531/1424 1435/1561/1425 1404/1530/1398
f 1392/1518/1400 1422/1548/1423 1391/1517/1396
f 1437/1563/1426 1405/1531/1424 1406/1532/1399
f 1393/1519/1427 1423/1549/1428 1392/1518/1400
f 1407/1533/1401 1437/1563/1426 1406/1532/1399
f 1425/1551/1429 1393/1519/1427 1394/1520/1402
f 1408/1534/1430 1438/1564/1431 1407/1533/1401
f 1426/1552/1432 1394/1520/1402 1395/1521/1405
f 1382/1508/1406 1413/1539/1433 1039/1084/9
f 1440/1566/1434 1408/1534/1430 1409/1535/1407
f 1396/1522/1410 1426/1552/1432 1395/1521/1405
f 1414/1540/1435 1382/1508/1406 1383/1509/1408
f 1441/1567/1436 1409/1535/1407 1410/1536/1437
f 1397/1523/1438 1427/1553/1439 1396/1522/1410
f 1384/1510/1411 1414/1540/1435 1383/1509/1408
f 1442/1568/1440 1410/1536/1437 1411/1537/1413
f 1429/1555/1441 1397/1523/1438 1398/1524/1414
f 1416/1542/1442 1384/1510/1411 1385/1511/1415
f 1443/1569/1443 1411/1537/1413 1412/1538/1416
f 1430/1556/1444 1398/1524/1414 1399/1525/1417
f 1386/1512/1418 1416/1542/1442 1385/1511/1415
f 1226/1334/33 1443/1569/1443 1412/1538/1416
f 1400/1526/1421 1430/1556/1444 1399/1525/1417
f 1418/1544/1445 1386/1512/1418 1387/1513/1420
f 1401/1527/1446 1431/1557/1447 1400/1526/1421
f 1419/1545/1448 1387/1513/1420 1388/1514/1393
f 1433/1559/1449 1401/1527/1446 1402/1528/1391
f 1389/1515/1450 1419/1545/1448 1388/1514/1393
f 1434/1560/1422 1402/1528/1391 1403/1529/1394
f 1421/1547/1451 1389/1515/1450 1390/1516/1395
f 1468/1594/1452 1436/1562/1453 1437/1563/1426
f 1455/1581/1454 1423/1549/1428 1424/1550/1455
f 1438/1564/1431 1468/1594/1452 1437/1563/1426
f 1425/1551/1429 1455/1581/1454 1424/1550/1455
f 1439/1565/1456 1469/1595/1457 1438/1564/1431
f 1457/1583/1458 1425/1551/1429 1426/1552/1432
f 1413/1539/1433 1444/1570/1459 1039/1085/9
f 1471/1597/1460 1439/1565/1456 1440/1566/1434
f 1427/1553/1439 1457/1583/1458 1426/1552/1432
f 1445/1571/1461 1413/1539/1433 1414/1540/1435
f 1472/1598/1462 1440/1566/1434 1441/1567/1436
f 1428/1554/1463 1458/1584/1464 1427/1553/1439
f 1446/1572/1465 1414/1540/1435 1415/1541/1466
f 1473/1599/1467 1441/1567/1436 1442/1568/1440
f 1460/1586/1468 1428/1554/1463 1429/1555/1441
f 1416/1542/1442 1446/1572/1465 1415/1541/1466
f 1443/1569/1443 1473/1599/1467 1442/1568/1440
f 1461/1587/1469 1429/1555/1441 1430/1556/1444
f 1448/1574/1470 1416/1542/1442 1417/1543/1471
f 1226/1335/33 1474/1600/1472 1443/1569/1443
f 1431/1557/1447 1461/1587/1469 1430/1556/1444
f 1449/1575/1473 1417/1543/1471 1418/1544/1445
f 1463/1589/1474 1431/1557/1447 1432/1558/1475
f 1450/1576/1476 1418/1544/1445 1419/1545/1448
f 1464/1590/1477 1432/1558/1475 1433/1559/1449
f 1420/1546/1478 1450/1576/1476 1419/1545/1448
f 1465/1591/1479 1433/1559/1449 1434/1560/1422
f 1452/1578/1480 1420/1546/1478 1421/1547/1451
f 1435/1561/1425 1465/1591/1479 1434/1560/1422
f 1453/1579/1481 1421/1547/1451 1422/1548/1423
f 1436/1562/1453 1466/1592/1482 1435/1561/1425
f 1423/1549/1428 1453/1579/1481 1422/1548/1423
f 1470/1596/1483 1500/1651/1484 1469/1595/1457
f 1488/1628/1485 1456/1582/1486 1457/1583/1458
f 1444/1570/1459 1475/1601/1487 1039/1086/9
f 1502/1655/1488 1470/1596/1483 1471/1597/1460
f 1458/1584/1464 1488/1628/1485 1457/1583/1458
f 1476/1604/1489 1444/1570/1459 1445/1571/1461
f 1472/1598/1462 1502/1655/1488 1471/1597/1460
f 1459/1585/1490 1489/1629/1491 1458/1584/1464
f 1477/1605/1492 1445/1571/1461 1446/1572/1465
f 1504/1660/1493 1472/1598/1462 1473/1599/1467
f 1491/1633/1494 1459/1585/1490 1460/1586/1468
f 1478/1607/1495 1446/1572/1465 1447/1573/1496
f 1474/1600/1472 1504/1660/1493 1473/1599/1467
f 1492/1636/1497 1460/1586/1468 1461/1587/1469
f 1479/1609/1498 1447/1573/1496 1448/1574/1470
f 1226/1336/33 1505/1661/1499 1474/1600/1472
f 1462/1588/1500 1492/1636/1497 1461/1587/1469
f 1480/1611/1501 1448/1574/1470 1449/1575/1473
f 1463/1589/1474 1493/1637/1502 1462/1588/1500
f 1481/1614/1503 1449/1575/1473 1450/1576/1476
f 1495/1641/1504 1463/1589/1474 1464/1590/1477
f 1451/1577/1505 1481/1614/1503 1450/1576/1476
f 1496/1644/1506 1464/1590/1477 1465/1591/1479
f 1483/1617/1507 1451/1577/1505 1452/1578/1480
f 1466/1592/1482 1496/1644/1506 1465/1591/1479
f 1484/1620/1508 1452/1578/1480 1453/1579/1481
f 1467/1593/1509 1497/1645/1510 1466/1592/1482
f 1454/1580/1511 1484/1620/1508 1453/1579/1481
f 1499/1650/1512 1467/1593/1509 1468/1594/1452
f 1455/1581/1454 1485/1621/1513 1454/1580/1511
f 1500/1651/1484 1468/1594/1452 1469/1595/1457
f 1487/1625/1514 1455/1581/1454 1456/1582/1486
f 1534/1691/1515 1502/1656/1488 1503/1658/1516
f 1490/1632/1517 1520/1677/1518 1489/1630/1491
f 1477/1606/1492 1507/1664/1519 1476/1603/1489
f 1535/1692/1520 1503/1658/1516 1504/1659/1493
f 1522/1679/1521 1490/1632/1517 1491/1634/1494
f 1509/1666/1522 1477/1606/1492 1478/1608/1495
f 1505/1662/1499 1535/1692/1520 1504/1659/1493
f 1523/1680/1523 1491/1634/1494 1492/1635/1497
f 1510/1667/1524 1478/1608/1495 1479/1610/1498
f 1226/1337/33 1536/1693/1525 1505/1662/1499
f 1493/1638/1502 1523/1680/1523 1492/1635/1497
f 1511/1668/1526 1479/1610/1498 1480/1612/1501
f 1525/1682/1527 1493/1638/1502 1494/1640/1528
f 1512/1669/1529 1480/1612/1501 1481/1613/1503
f 1526/1683/1530 1494/1640/1528 1495/1642/1504
f 1482/1616/1531 1512/1669/1529 1481/1613/1503
f 1527/1684/1532 1495/1642/1504 1496/1643/1506
f 1514/1671/1533 1482/1616/1531 1483/1618/1507
f 1497/1646/1510 1527/1684/1532 1496/1643/1506
f 1515/1672/1534 1483/1618/1507 1484/1619/1508
f 1498/1648/1535 1528/1685/1536 1497/1646/1510
f 1485/1622/1513 1515/1672/1534 1484/1619/1508
f 1530/1687/1537 1498/1648/1535 1499/1649/1512
f 1517/1674/1538 1485/1622/1513 1486/1623/1539
f 1500/1652/1484 1530/1687/1537 1499/1649/1512
f 1487/1626/1514 1517/1674/1538 1486/1623/1539
f 1501/1654/1540 1531/1688/1541 1500/1652/1484
f 1519/1676/1542 1487/1626/1514 1488/1627/1485
f 1475/1602/1487 1506/1663/1543 1039/1087/9
f 1533/1690/1544 1501/1654/1540 1502/1656/1488
f 1489/1630/1491 1519/1676/1542 1488/1627/1485
f 1507/1664/1519 1475/1602/1487 1476/1603/1489
f 1567/1724/1545 1535/1692/1520 1536/1693/1525
f 1554/1711/1546 1522/1679/1521 1523/1680/1523
f 1510/1667/1524 1540/1697/1547 1509/1666/1522
f 1226/1338/33 1567/1724/1545 1536/1693/1525
f 1524/1681/1548 1554/1711/1546 1523/1680/1523
f 1542/1699/1549 1510/1667/1524 1511/1668/1526
f 1556/1713/1550 1524/1681/1548 1525/1682/1527
f 1543/1700/1551 1511/1668/1526 1512/1669/1529
f 1557/1714/1552 1525/1682/1527 1526/1683/1530
f 1513/1670/1553 1543/1700/1551 1512/1669/1529
f 1558/1715/1554 1526/1683/1530 1527/1684/1532
f 1545/1702/1555 1513/1670/1553 1514/1671/1533
f 1528/1685/1536 1558/1715/1554 1527/1684/1532
f 1546/1703/1556 1514/1671/1533 1515/1672/1534
f 1529/1686/1557 1559/1716/1558 1528/1685/1536
f 1516/1673/1559 1546/1703/1556 1515/1672/1534
f 1561/1718/1560 1529/1686/1557 1530/1687/1537
f 1517/1674/1538 1547/1704/1561 1516/1673/1559
f 1562/1719/1562 1530/1687/1537 1531/1688/1541
f 1518/1675/1563 1548/1705/1564 1517/1674/1538
f 1532/1689/1565 1562/1719/1562 1531/1688/1541
f 1550/1707/1566 1518/1675/1563 1519/1676/1542
f 1506/1663/1543 1537/1694/1567 1039/1088/9
f 1564/1721/1568 1532/1689/1565 1533/1690/1544
f 1520/1677/1518 1550/1707/1566 1519/1676/1542
f 1538/1695/1569 1506/1663/1543 1507/1664/1519
f 1534/1691/1515 1564/1721/1568 1533/1690/1544
f 1521/1678/1570 1551/1708/1571 1520/1677/1518
f 1539/1696/1572 1507/1664/1519 1508/1665/1573
f 1566/1723/1574 1534/1691/1515 1535/1692/1520
f 1553/1710/1575 1521/1678/1570 1522/1679/1521
f 1540/1697/1547 1508/1665/1573 1509/1666/1522
f 1587/1744/1576 1555/1712/1577 1556/1713/1550
f 1574/1731/1578 1542/1699/1549 1543/1700/1551
f 1588/1745/1579 1556/1713/1550 1557/1714/1552
f 1544/1701/1580 1574/1731/1578 1543/1700/1551
f 1589/1746/1581 1557/1714/1552 1558/1715/1554
f 1576/1733/1582 1544/1701/1580 1545/1702/1555
f 1559/1716/1558 1589/1746/1581 1558/1715/1554
f 1577/1734/1583 1545/1702/1555 1546/1703/1556
f 1560/1717/1584 1590/1747/1585 1559/1716/1558
f 1547/1704/1561 1577/1734/1583 1546/1703/1556
f 1592/1749/1586 1560/1717/1584 1561/1718/1560
f 1548/1705/1564 1578/1735/1587 1547/1704/1561
f 1562/1719/1562 1592/1749/1586 1561/1718/1560
f 1549/1706/1588 1579/1736/1589 1548/1705/1564
f 1563/1720/1590 1593/1750/1591 1562/1719/1562
f 1581/1738/1592 1549/1706/1588 1550/1707/1566
f 1537/1694/1567 1568/1725/1593 1039/1089/9
f 1595/1752/1594 1563/1720/1590 1564/1721/1568
f 1551/1708/1571 1581/1738/1592 1550/1707/1566
f 1569/1726/1595 1537/1694/1567 1538/1695/1569
f 1565/1722/1596 1595/1752/1594 1564/1721/1568
f 1552/1709/1597 1582/1739/1598 1551/1708/1571
f 1570/1727/1599 1538/1695/1569 1539/1696/1572
f 1566/1723/1574 1596/1753/1600 1565/1722/1596
f 1584/1741/1601 1552/1709/1597 1553/1710/1575
f 1571/1728/1602 1539/1696/1572 1540/1697/1547
f 1567/1724/1545 1597/1754/1603 1566/1723/1574
f 1585/1742/1604 1553/1710/1575 1554/1711/1546
f 1572/1729/1605 1540/1697/1547 1541/1698/1606
f 1226/1339/33 1598/1755/1607 1567/1724/1545
f 1555/1712/1577 1585/1742/1604 1554/1711/1546
f 1573/1730/1608 1541/1698/1606 1542/1699/1549
f 1594/1751/1609 1624/1781/1610 1593/1750/1591
f 1612/1769/1611 1580/1737/1612 1581/1738/1592
f 1568/1725/1593 1599/1756/1613 1039/1090/9
f 1595/1752/1594 1625/1782/1614 1594/1751/1609
f 1582/1739/1598 1612/1769/1611 1581/1738/1592
f 1600/1757/1615 1568/1725/1593 1569/1726/1595
f 1596/1753/1600 1626/1783/1616 1595/1752/1594
f 1583/1740/1617 1613/1770/1618 1582/1739/1598
f 1601/1758/1619 1569/1726/1595 1570/1727/1599
f 1628/1785/1620 1596/1753/1600 1597/1754/1603
f 1615/1772/1621 1583/1740/1617 1584/1741/1601
f 1602/1759/1622 1570/1727/1599 1571/1728/1602
f 1629/1786/1623 1597/1754/1603 1598/1755/1607
f 1616/1773/1624 1584/1741/1601 1585/1742/1604
f 1603/1760/1625 1571/1728/1602 1572/1729/1605
f 1226/1340/33 1629/1786/1623 1598/1755/1607
f 1586/1743/1626 1616/1773/1624 1585/1742/1604
f 1604/1761/1627 1572/1729/1605 1573/1730/1608
f 1618/1775/1628 1586/1743/1626 1587/1744/1576
f 1605/1762/1629 1573/1730/1608 1574/1731/1578
f 1619/1776/1630 1587/1744/1576 1588/1745/1579
f 1575/1732/1631 1605/1762/1629 1574/1731/1578
f 1620/1777/1632 1588/1745/1579 1589/1746/1581
f 1607/1764/1633 1575/1732/1631 1576/1733/1582
f 1590/1747/1585 1620/1777/1632 1589/1746/1581
f 1608/1765/1634 1576/1733/1582 1577/1734/1583
f 1591/1748/1635 1621/1778/1636 1590/1747/1585
f 1578/1735/1587 1608/1765/1634 1577/1734/1583
f 1623/1780/1637 1591/1748/1635 1592/1749/1586
f 1579/1736/1589 1609/1766/1638 1578/1735/1587
f 1593/1750/1591 1623/1780/1637 1592/1749/1586
f 1580/1737/1612 1610/1767/1639 1579/1736/1589
f 1658/1815/1640 1626/1783/1616 1627/1784/1641
f 1614/1771/1642 1644/1801/1643 1613/1770/1618
f 1632/1789/1644 1600/1757/1615 1601/1758/1619
f 1659/1816/1645 1627/1784/1641 1628/1785/1620
f 1646/1803/1646 1614/1771/1642 1615/1772/1621
f 1602/1759/1622 1632/1789/1644 1601/1758/1619
f 1660/1817/1647 1628/1785/1620 1629/1786/1623
f 1647/1804/1648 1615/1772/1621 1616/1773/1624
f 1603/1760/1625 1633/1790/1649 1602/1759/1622
f 1226/1341/33 1660/1817/1647 1629/1786/1623
f 1617/1774/1650 1647/1804/1648 1616/1773/1624
f 1635/1792/1651 1603/1760/1625 1604/1761/1627
f 1649/1806/1652 1617/1774/1650 1618/1775/1628
f 1605/1762/1629 1635/1792/1651 1604/1761/1627
f 1650/1807/1653 1618/1775/1628 1619/1776/1630
f 1606/1763/1654 1636/1793/1655 1605/1762/1629
f 1651/1808/1656 1619/1776/1630 1620/1777/1632
f 1638/1795/1657 1606/1763/1654 1607/1764/1633
f 1621/1778/1636 1651/1808/1656 1620/1777/1632
f 1639/1796/1658 1607/1764/1633 1608/1765/1634
f 1622/1779/1659 1652/1809/1660 1621/1778/1636
f 1609/1766/1638 1639/1796/1658 1608/1765/1634
f 1654/1811/1661 1622/1779/1659 1623/1780/1637
f 1610/1767/1639 1640/1797/1662 1609/1766/1638
f 1655/1812/1663 1623/1780/1637 1624/1781/1610
f 1642/1799/1664 1610/1767/1639 1611/1768/1665
f 1625/1782/1614 1655/1812/1663 1624/1781/1610
f 1643/1800/1666 1611/1768/1665 1612/1769/1611
f 1599/1756/1613 1630/1787/1667 1039/1091/9
f 1657/1814/1668 1625/1782/1614 1626/1783/1616
f 1613/1770/1618 1643/1800/1666 1612/1769/1611
f 1600/1757/1615 1630/1787/1667 1599/1756/1613
f 1660/1817/1647 1690/1847/1669 1659/1816/1645
f 1678/1835/1670 1646/1803/1646 1647/1804/1648
f 1634/1791/1671 1664/1821/1672 1633/1790/1649
f 1226/1342/33 1691/1848/1673 1660/1817/1647
f 1648/1805/1674 1678/1835/1670 1647/1804/1648
f 1666/1823/1675 1634/1791/1671 1635/1792/1651
f 1680/1837/1676 1648/1805/1674 1649/1806/1652
f 1667/1824/1677 1635/1792/1651 1636/1793/1655
f 1681/1838/1678 1649/1806/1652 1650/1807/1653
f 1637/1794/1679 1667/1824/1677 1636/1793/1655
f 1682/1839/1680 1650/1807/1653 1651/1808/1656
f 1669/1826/1681 1637/1794/1679 1638/1795/1657
f 1683/1840/1682 1651/1808/1656 1652/1809/1660
f 1670/1827/1683 1638/1795/1657 1639/1796/1658
f 1653/1810/1684 1683/1840/1682 1652/1809/1660
f 1640/1797/1662 1670/1827/1683 1639/1796/1658
f 1685/1842/1685 1653/1810/1684 1654/1811/1661
f 1641/1798/1686 1671/1828/1687 1640/1797/1662
f 1655/1812/1663 1685/1842/1685 1654/1811/1661
f 1642/1799/1664 1672/1829/1688 1641/1798/1686
f 1656/1813/1689 1686/1843/1690 1655/1812/1663
f 1674/1831/1691 1642/1799/1664 1643/1800/1666
f 1630/1787/1667 1661/1818/1692 1039/1092/9
f 1688/1845/1693 1656/1813/1689 1657/1814/1668
f 1644/1801/1643 1674/1831/1691 1643/1800/1666
f 1662/1819/1694 1630/1787/1667 1631/1788/1695
f 1689/1846/1696 1657/1814/1668 1658/1815/1640
f 1645/1802/1697 1675/1832/1698 1644/1801/1643
f 1663/1820/1699 1631/1788/1695 1632/1789/1644
f 1659/1816/1645 1689/1846/1696 1658/1815/1640
f 1677/1834/1700 1645/1802/1697 1646/1803/1646
f 1633/1790/1649 1663/1820/1699 1632/1789/1644
f 1711/1868/1701 1679/1836/1702 1680/1837/1676
f 1667/1824/1677 1697/1854/1703 1666/1823/1675
f 1712/1869/1704 1680/1837/1676 1681/1838/1678
f 1668/1825/1705 1698/1855/1706 1667/1824/1677
f 1713/1870/1707 1681/1838/1678 1682/1839/1680
f 1700/1857/1708 1668/1825/1705 1669/1826/1681
f 1683/1840/1682 1713/1870/1707 1682/1839/1680
f 1701/1858/1709 1669/1826/1681 1670/1827/1683
f 1684/1841/1710 1714/1871/1711 1683/1840/1682
f 1671/1828/1687 1701/1858/1709 1670/1827/1683
f 1716/1873/1712 1684/1841/1710 1685/1842/1685
f 1703/1860/1713 1671/1828/1687 1672/1829/1688
f 1717/1874/1714 1685/1842/1685 1686/1843/1690
f 1673/1830/1715 1703/1860/1713 1672/1829/1688
f 1687/1844/1716 1717/1874/1714 1686/1843/1690
f 1705/1862/1717 1673/1830/1715 1674/1831/1691
f 1661/1818/1692 1692/1849/1718 1039/1093/9
f 1719/1876/1719 1687/1844/1716 1688/1845/1693
f 1675/1832/1698 1705/1862/1717 1674/1831/1691
f 1693/1850/1720 1661/1818/1692 1662/1819/1694
f 1689/1846/1696 1719/1876/1719 1688/1845/1693
f 1676/1833/1721 1706/1863/1722 1675/1832/1698
f 1694/1851/1723 1662/1819/1694 1663/1820/1699
f 1721/1878/1724 1689/1846/1696 1690/1847/1669
f 1708/1865/1725 1676/1833/1721 1677/1834/1700
f 1695/1852/1726 1663/1820/1699 1664/1821/1672
f 1722/1879/1727 1690/1847/1669 1691/1848/1673
f 1709/1866/1728 1677/1834/1700 1678/1835/1670
f 1665/1822/1729 1695/1852/1726 1664/1821/1672
f 1226/1343/33 1722/1879/1727 1691/1848/1673
f 1679/1836/1702 1709/1866/1728 1678/1835/1670
f 1697/1854/1703 1665/1822/1729 1666/1823/1675
f 1744/1901/1730 1712/1869/1704 1713/1870/1707
f 1731/1888/1731 1699/1856/1732 1700/1857/1708
f 1714/1871/1711 1744/1901/1730 1713/1870/1707
f 1732/1889/1733 1700/1857/1708 1701/1858/1709
f 1715/1872/1734 1745/1902/1735 1714/1871/1711
f 1702/1859/1736 1732/1889/1733 1701/1858/1709
f 1747/1904/1737 1715/1872/1734 1716/1873/1712
f 1703/1860/1713 1733/1890/1738 1702/1859/1736
f 1748/1905/1739 1716/1873/1712 1717/1874/1714
f 1704/1861/1740 1734/1891/1741 1703/1860/1713
f 1718/1875/1742 1748/1905/1739 1717/1874/1714
f 1736/1893/1743 1704/1861/1740 1705/1862/1717
f 1692/1849/1718 1723/1880/1744 1039/1094/9
f 1719/1876/1719 1749/1906/1745 1718/1875/1742
f 1706/1863/1722 1736/1893/1743 1705/1862/1717
f 1724/1881/1746 1692/1849/1718 1693/1850/1720
f 1751/1908/1747 1719/1876/1719 1720/1877/1748
f 1707/1864/1749 1737/1894/1750 1706/1863/1722
f 1694/1851/1723 1724/1881/1746 1693/1850/1720
f 1752/1909/1751 1720/1877/1748 1721/1878/1724
f 1739/1896/1752 1707/1864/1749 1708/1865/1725
f 1726/1883/1753 1694/1851/1723 1695/1852/1726
f 1722/1879/1727 1752/1909/1751 1721/1878/1724
f 1740/1897/1754 1708/1865/1725 1709/1866/1728
f 1696/1853/1755 1726/1883/1753 1695/1852/1726
f 1226/1344/33 1753/1910/1756 1722/1879/1727
f 1710/1867/1757 1740/1897/1754 1709/1866/1728
f 1728/1885/1758 1696/1853/1755 1697/1854/1703
f 1742/1899/1759 1710/1867/1757 1711/1868/1701
f 1729/1886/1760 1697/1854/1703 1698/1855/1706
f 1743/1900/1761 1711/1868/1701 1712/1869/1704
f 1699/1856/1732 1729/1886/1760 1698/1855/1706
f 1746/1903/1762 1776/1933/1763 1745/1902/1735
f 1733/1890/1738 1763/1920/1764 1732/1889/1733
f 1778/1935/1765 1746/1903/1762 1747/1904/1737
f 1734/1891/1741 1764/1921/1766 1733/1890/1738
f 1748/1905/1739 1778/1935/1765 1747/1904/1737
f 1766/1923/1767 1734/1891/1741 1735/1892/1768
f 1749/1906/1745 1779/1936/1769 1748/1905/1739
f 1767/1924/1770 1735/1892/1768 1736/1893/1743
f 1723/1880/1744 1754/1911/1771 1039/1095/9
f 1750/1907/1772 1780/1937/1773 1749/1906/1745
f 1768/1925/1774 1736/1893/1743 1737/1894/1750
f 1755/1912/1775 1723/1880/1744 1724/1881/1746
f 1782/1939/1776 1750/1907/1772 1751/1908/1747
f 1738/1895/1777 1768/1925/1774 1737/1894/1750
f 1725/1882/1778 1755/1912/1775 1724/1881/1746
f 1783/1940/1779 1751/1908/1747 1752/1909/1751
f 1770/1927/1780 1738/1895/1777 1739/1896/1752
f 1757/1914/1781 1725/1882/1778 1726/1883/1753
f 1784/1941/1782 1752/1909/1751 1753/1910/1756
f 1771/1928/1783 1739/1896/1752 1740/1897/1754
f 1758/1915/1784 1726/1883/1753 1727/1884/1785
f 1226/1345/33 1784/1941/1782 1753/1910/1756
f 1741/1898/1786 1771/1928/1783 1740/1897/1754
f 1759/1916/1787 1727/1884/1785 1728/1885/1758
f 1742/1899/1759 1772/1929/1788 1741/1898/1786
f 1760/1917/1789 1728/1885/1758 1729/1886/1760
f 1774/1931/1790 1742/1899/1759 1743/1900/1761
f 1730/1887/1791 1760/1917/1789 1729/1886/1760
f 1775/1932/1792 1743/1900/1761 1744/1901/1730
f 1762/1919/1793 1730/1887/1791 1731/1888/1731
f 1745/1902/1735 1775/1932/1792 1744/1901/1730
f 1763/1920/1764 1731/1888/1731 1732/1889/1733
f 1779/1936/1769 1809/1966/1794 1778/1935/1765
f 1766/1923/1767 1796/1953/1795 1765/1922/1796
f 1780/1937/1773 1810/1967/1797 1779/1936/1769
f 1798/1955/1798 1766/1923/1767 1767/1924/1770
f 1754/1911/1771 1785/1942/1799 1039/1096/9
f 1812/1969/1800 1780/1937/1773 1781/1938/1801
f 1768/1925/1774 1798/1955/1798 1767/1924/1770
f 1786/1943/1802 1754/1911/1771 1755/1912/1775
f 1813/1970/1803 1781/1938/1801 1782/1939/1776
f 1769/1926/1804 1799/1956/1805 1768/1925/1774
f 1756/1913/1806 1786/1943/1802 1755/1912/1775
f 1814/1971/1807 1782/1939/1776 1783/1940/1779
f 1801/1958/1808 1769/1926/1804 1770/1927/1780
f 1788/1945/1809 1756/1913/1806 1757/1914/1781
f 1784/1941/1782 1814/1971/1807 1783/1940/1779
f 1802/1959/1810 1770/1927/1780 1771/1928/1783
f 1758/1915/1784 1788/1945/1809 1757/1914/1781
f 1226/1346/33 1815/1972/1811 1784/1941/1782
f 1772/1929/1788 1802/1959/1810 1771/1928/1783
f 1790/1947/1812 1758/1915/1784 1759/1916/1787
f 1804/1961/1813 1772/1929/1788 1773/1930/1814
f 1791/1948/1815 1759/1916/1787 1760/1917/1789
f 1805/1962/1816 1773/1930/1814 1774/1931/1790
f 1761/1918/1817 1791/1948/1815 1760/1917/1789
f 1806/1963/1818 1774/1931/1790 1775/1932/1792
f 1793/1950/1819 1761/1918/1817 1762/1919/1793
f 1776/1933/1763 1806/1963/1818 1775/1932/1792
f 1794/1951/1820 1762/1919/1793 1763/1920/1764
f 1777/1934/1821 1807/1964/1822 1776/1933/1763
f 1764/1921/1766 1794/1951/1820 1763/1920/1764
f 1809/1966/1794 1777/1934/1821 1778/1935/1765
f 1765/1922/1796 1795/1952/1823 1764/1921/1766
f 1785/1942/1799 1816/1973/1824 1039/1097/9
f 1843/2000/1825 1811/1968/1826 1812/1969/1800
f 1799/1956/1805 1829/1986/1827 1798/1955/1798
f 1817/1974/1828 1785/1942/1799 1786/1943/1802
f 1844/2001/1829 1812/1969/1800 1813/1970/1803
f 1800/1957/1830 1830/1987/1831 1799/1956/1805
f 1787/1944/1832 1817/1974/1828 1786/1943/1802
f 1845/2002/1833 1813/1970/1803 1814/1971/1807
f 1832/1989/1834 1800/1957/1830 1801/1958/1808
f 1819/1976/1835 1787/1944/1832 1788/1945/1809
f 1815/1972/1811 1845/2002/1833 1814/1971/1807
f 1833/1990/1836 1801/1958/1808 1802/1959/1810
f 1820/1977/1837 1788/1945/1809 1789/1946/1838
f 1226/1347/33 1846/2003/1839 1815/1972/1811
f 1803/1960/1840 1833/1990/1836 1802/1959/1810
f 1821/1978/1841 1789/1946/1838 1790/1947/1812
f 1835/1992/1842 1803/1960/1840 1804/1961/1813
f 1822/1979/1843 1790/1947/1812 1791/1948/1815
f 1836/1993/1844 1804/1961/1813 1805/1962/1816
f 1792/1949/1845 1822/1979/1843 1791/1948/1815
f 1837/1994/1846 1805/1962/1816 1806/1963/1818
f 1824/1981/1847 1792/1949/1845 1793/1950/1819
f 1807/1964/1822 1837/1994/1846 1806/1963/1818
f 1825/1982/1848 1793/1950/1819 1794/1951/1820
f 1808/1965/1849 1838/1995/1850 1807/1964/1822
f 1795/1952/1823 1825/1982/1848 1794/1951/1820
f 1840/1997/1851 1808/1965/1849 1809/1966/1794
f 1827/1984/1852 1795/1952/1823 1796/1953/1795
f 1841/1998/1853 1809/1966/1794 1810/1967/1797
f 1797/1954/1854 1827/1984/1852 1796/1953/1795
f 1811/1968/1826 1841/1998/1853 1810/1967/1797
f 1829/1986/1827 1797/1954/1854 1798/1955/1798
f 1818/1975/1855 1848/2005/1856 1817/1974/1828
f 1876/2033/1857 1844/2001/1829 1845/2002/1833
f 1863/2020/1858 1831/1988/1859 1832/1989/1834
f 1819/1976/1835 1849/2006/1860 1818/1975/1855
f 1877/2034/1861 1845/2002/1833 1846/2003/1839
f 1864/2021/1862 1832/1989/1834 1833/1990/1836
f 1820/1977/1837 1850/2007/1863 1819/1976/1835
f 1226/1348/33 1877/2034/1861 1846/2003/1839
f 1834/1991/1864 1864/2021/1862 1833/1990/1836
f 1852/2009/1865 1820/1977/1837 1821/1978/1841
f 1866/2023/1866 1834/1991/1864 1835/1992/1842
f 1853/2010/1867 1821/1978/1841 1822/1979/1843
f 1836/1993/1844 1866/2023/1866 1835/1992/1842
f 1823/1980/1868 1853/2010/1867 1822/1979/1843
f 1868/2025/1869 1836/1993/1844 1837/1994/1846
f 1855/2012/1870 1823/1980/1868 1824/1981/1847
f 1838/1995/1850 1868/2025/1869 1837/1994/1846
f 1856/2013/1871 1824/1981/1847 1825/1982/1848
f 1839/1996/1872 1869/2026/1873 1838/1995/1850
f 1826/1983/1874 1856/2013/1871 1825/1982/1848
f 1871/2028/1875 1839/1996/1872 1840/1997/1851
f 1858/2015/1876 1826/1983/1874 1827/1984/1852
f 1872/2029/1877 1840/1997/1851 1841/1998/1853
f 1828/1985/1878 1858/2015/1876 1827/1984/1852
f 1842/1999/1879 1872/2029/1877 1841/1998/1853
f 1860/2017/1880 1828/1985/1878 1829/1986/1827
f 1816/1973/1824 1847/2004/1881 1039/1098/9
f 1874/2031/1882 1842/1999/1879 1843/2000/1825
f 1830/1987/1831 1860/2017/1880 1829/1986/1827
f 1848/2005/1856 1816/1973/1824 1817/1974/1828
f 1875/2032/1883 1843/2000/1825 1844/2001/1829
f 1831/1988/1859 1861/2018/1884 1830/1987/1831
f 1882/2039/1885 1850/2007/1863 1851/2008/1886
f 1226/1349/33 1908/2065/1887 1877/2034/1861
f 1865/2022/1888 1895/2052/1889 1864/2021/1862
f 1883/2040/1890 1851/2008/1886 1852/2009/1865
f 1897/2054/1891 1865/2022/1888 1866/2023/1866
f 1853/2010/1867 1883/2040/1890 1852/2009/1865
f 1898/2055/1892 1866/2023/1866 1867/2024/1893
f 1854/2011/1894 1884/2041/1895 1853/2010/1867
f 1899/2056/1896 1867/2024/1893 1868/2025/1869
f 1886/2043/1897 1854/2011/1894 1855/2012/1870
f 1869/2026/1873 1899/2056/1896 1868/2025/1869
f 1887/2044/1898 1855/2012/1870 1856/2013/1871
f 1870/2027/1899 1900/2057/1900 1869/2026/1873
f 1857/2014/1901 1887/2044/1898 1856/2013/1871
f 1902/2059/1902 1870/2027/1899 1871/2028/1875
f 1889/2046/1903 1857/2014/1901 1858/2015/1876
f 1903/2060/1904 1871/2028/1875 1872/2029/1877
f 1859/2016/1905 1889/2046/1903 1858/2015/1876
f 1904/2061/1906 1872/2029/1877 1873/2030/1907
f 1891/2048/1908 1859/2016/1905 1860/2017/1880
f 1847/2004/1881 1878/2035/1909 1039/1099/9
f 1874/2031/1882 1904/2061/1906 1873/2030/1907
f 1861/2018/1884 1891/2048/1908 1860/2017/1880
f 1879/2036/1910 1847/2004/1881 1848/2005/1856
f 1906/2063/1911 1874/2031/1882 1875/2032/1883
f 1862/2019/1912 1892/2049/1913 1861/2018/1884
f 1880/2037/1914 1848/2005/1856 1849/2006/1860
f 1907/2064/1915 1875/2032/1883 1876/2033/1857
f 1894/2051/1916 1862/2019/1912 1863/2020/1858
f 1881/2038/1917 1849/2006/1860 1850/2007/1863
f 1877/2034/1861 1907/2064/1915 1876/2033/1857
f 1895/2052/1889 1863/2020/1858 1864/2021/1862
f 1915/2072/1918 1883/2040/1890 1884/2041/1895
f 1898/2055/1892 1928/2085/1919 1897/2054/1891
f 1885/2042/1920 1915/2072/1918 1884/2041/1895
f 1930/2087/1921 1898/2055/1892 1899/2056/1896
f 1917/2074/1922 1885/2042/1920 1886/2043/1897
f 1900/2057/1900 1930/2087/1921 1899/2056/1896
f 1918/2075/1923 1886/2043/1897 1887/2044/1898
f 1901/2058/1924 1931/2088/1925 1900/2057/1900
f 1888/2045/1926 1918/2075/1923 1887/2044/1898
f 1933/2090/1927 1901/2058/1924 1902/2059/1902
f 1920/2077/1928 1888/2045/1926 1889/2046/1903
f 1903/2060/1904 1933/2090/1927 1902/2059/1902
f 1890/2047/1929 1920/2077/1928 1889/2046/1903
f 1904/2061/1906 1934/2091/1930 1903/2060/1904
f 1922/2079/1931 1890/2047/1929 1891/2048/1908
f 1878/2035/1909 1909/2066/1932 1039/1100/9
f 1936/2093/1933 1904/2061/1906 1905/2062/1934
f 1892/2049/1913 1922/2079/1931 1891/2048/1908
f 1910/2067/1935 1878/2035/1909 1879/2036/1910
f 1937/2094/1936 1905/2062/1934 1906/2063/1911
f 1893/2050/1937 1923/2080/1938 1892/2049/1913
f 1880/2037/1914 1910/2067/1935 1879/2036/1910
f 1938/2095/1939 1906/2063/1911 1907/2064/1915
f 1925/2082/1940 1893/2050/1937 1894/2051/1916
f 1912/2069/1941 1880/2037/1914 1881/2038/1917
f 1939/2096/1942 1907/2064/1915 1908/2065/1887
f 1926/2083/1943 1894/2051/1916 1895/2052/1889
f 1913/2070/1944 1881/2038/1917 1882/2039/1885
f 1226/1350/33 1939/2096/1942 1908/2065/1887
f 1896/2053/1945 1926/2083/1943 1895/2052/1889
f 1914/2071/1946 1882/2039/1885 1883/2040/1890
f 1928/2085/1919 1896/2053/1945 1897/2054/1891
f 1948/2105/1947 1916/2073/1948 1917/2074/1922
f 1931/2088/1925 1961/2118/1949 1930/2087/1921
f 1949/2106/1950 1917/2074/1922 1918/2075/1923
f 1932/2089/1951 1962/2119/1952 1931/2088/1925
f 1919/2076/1953 1949/2106/1950 1918/2075/1923
f 1964/2121/1954 1932/2089/1951 1933/2090/1927
f 1951/2108/1955 1919/2076/1953 1920/2077/1928
f 1965/2122/1956 1933/2090/1927 1934/2091/1930
f 1921/2078/1957 1951/2108/1955 1920/2077/1928
f 1935/2092/1958 1965/2122/1956 1934/2091/1930
f 1953/2110/1959 1921/2078/1957 1922/2079/1931
f 1909/2066/1932 1940/2097/1960 1039/1101/9
f 1936/2093/1933 1966/2123/1961 1935/2092/1958
f 1923/2080/1938 1953/2110/1959 1922/2079/1931
f 1941/2098/1962 1909/2066/1932 1910/2067/1935
f 1968/2125/1963 1936/2093/1933 1937/2094/1936
f 1924/2081/1964 1954/2111/1965 1923/2080/1938
f 1942/2099/1966 1910/2067/1935 1911/2068/1967
f 1969/2126/1968 1937/2094/1936 1938/2095/1939
f 1956/2113/1969 1924/2081/1964 1925/2082/1940
f 1912/2069/1941 1942/2099/1966 1911/2068/1967
f 1939/2096/1942 1969/2126/1968 1938/2095/1939
f 1957/2114/1970 1925/2082/1940 1926/2083/1943
f 1944/2101/1971 1912/2069/1941 1913/2070/1944
f 1226/1351/33 1970/2127/1972 1939/2096/1942
f 1927/2084/1973 1957/2114/1970 1926/2083/1943
f 1945/2102/1974 1913/2070/1944 1914/2071/1946
f 1959/2116/1975 1927/2084/1973 1928/2085/1919
f 1915/2072/1918 1945/2102/1974 1914/2071/1946
f 1929/2086/1976 1959/2116/1975 1928/2085/1919
f 1916/2073/1948 1946/2103/1977 1915/2072/1918
f 1961/2118/1949 1929/2086/1976 1930/2087/1921
f 1950/2107/1978 1976/2133/52 1949/2106/1950
f 1982/2139/57 1963/2120/1979 1964/2121/1954
f 1951/2108/1955 5/5/55 1950/2107/1978
f 1983/2140/3 1964/2121/1954 1965/2122/1956
f 1952/2109/1980 6/6/59 1951/2108/1955
f 1966/2123/1961 1983/2140/3 1965/2122/1956
f 1977/2134/4 1952/2109/1980 1953/2110/1959
f 1940/2097/1960 1/1/7 1039/1102/9
f 1985/2142/11 1966/2123/1961 1967/2124/1981
f 1954/2111/1965 1977/2134/4 1953/2110/1959
f 1941/2098/1962 1/1/7 1940/2097/1960
f 1968/2125/1963 1985/2142/11 1967/2124/1981
f 1955/2112/1982 8/8/13 1954/2111/1965
f 3/3/20 1941/2098/1962 1942/2099/1966
f 1969/2126/1968 14/14/17 1968/2125/1963
f 10/10/24 1955/2112/1982 1956/2113/1969
f 1971/2128/25 1942/2099/1966 1943/2100/1983
f 15/15/28 1969/2126/1968 1970/2127/1972
f 1978/2135/30 1956/2113/1969 1957/2114/1970
f 1944/2101/1971 1971/2128/25 1943/2100/1983
f 1226/1352/33 15/15/28 1970/2127/1972
f 1958/2115/1984 1978/2135/30 1957/2114/1970
f 1945/2102/1974 4/4/31 1944/2101/1971
f 12/12/39 1958/2115/1984 1959/2116/1975
f 1973/2130/41 1945/2102/1974 1946/2103/1977
f 13/13/43 1959/2116/1975 1960/2117/1985
f 1947/2104/1986 1973/2130/41 1946/2103/1977
f 1979/2136/46 1960/2117/1985 1961/2118/1949
f 1975/2132/47 1947/2104/1986 1948/2105/1947
f 1962/2119/1952 1979/2136/46 1961/2118/1949
f 1976/2133/52 1948/2105/1947 1949/2106/1950
f 1963/2120/1979 1980/2137/50 1962/2119/1952
f 1984/2141/1 42/42/71 41/41/2
f 1977/2134/4 29/29/73 28/28/5
f 43/43/10 42/42/71 1984/2141/1
f 30/30/12 29/29/73 1977/2134/4
f 17/17/14 16/16/8 1/1/7
f 44/44/16 43/43/10 1985/2142/11
f 31/31/18 30/30/12 8/8/13
f 3/3/20 18/18/26 17/17/14
f 45/45/21 44/44/16 14/14/17
f 32/32/23 31/31/18 9/9/19
f 1971/2128/25 19/19/32 18/18/26
f 46/46/27 45/45/21 1986/2143/22
f 33/33/29 32/32/23 10/10/24
f 4/4/31 20/20/83 19/19/32
f 34/34/34 33/33/29 1978/2135/30
f 21/21/36 20/20/83 4/4/31
f 35/35/38 34/34/34 11/11/35
f 22/22/40 21/21/36 1972/2129/37
f 36/36/42 35/35/38 12/12/39
f 1974/2131/44 23/23/48 22/22/40
f 37/37/45 36/36/42 13/13/43
f 1975/2132/47 24/24/61 23/23/48
f 38/38/49 37/37/45 1979/2136/46
f 25/25/51 24/24/61 1975/2132/47
f 39/39/53 38/38/49 1980/2137/50
f 5/5/55 26/26/66 25/25/51
f 40/40/56 39/39/53 1981/2138/54
f 27/27/58 26/26/66 5/5/55
f 1983/2140/3 41/41/2 40/40/56
f 7/7/6 28/28/5 27/27/58
f 68/68/60 67/67/115 36/36/42
f 24/24/61 55/55/64 54/54/62
f 69/69/63 68/68/60 37/37/45
f 25/25/51 56/56/67 55/55/64
f 70/70/65 69/69/63 38/38/49
f 26/26/66 57/57/90 56/56/67
f 40/40/56 71/71/69 70/70/65
f 58/58/68 57/57/90 26/26/66
f 41/41/2 72/72/94 71/71/69
f 28/28/5 59/59/95 58/58/68
f 73/73/70 72/72/94 41/41/2
f 60/60/72 59/59/95 28/28/5
f 43/43/10 74/74/100 73/73/70
f 61/61/75 60/60/72 29/29/73
f 17/17/14 48/48/102 47/47/74
f 75/75/76 74/74/100 43/43/10
f 62/62/77 61/61/75 30/30/12
f 49/49/78 48/48/102 17/17/14
f 45/45/21 76/76/106 75/75/76
f 63/63/79 62/62/77 31/31/18
f 50/50/80 49/49/78 18/18/26
f 77/77/81 76/76/106 45/45/21
f 33/33/29 64/64/84 63/63/79
f 51/51/82 50/50/80 19/19/32
f 34/34/34 65/65/112 64/64/84
f 52/52/85 51/51/82 20/20/83
f 66/66/86 65/65/112 34/34/34
f 53/53/87 52/52/85 21/21/36
f 36/36/42 67/67/115 66/66/86
f 54/54/62 53/53/87 22/22/40
f 70/70/65 101/101/146 100/100/88
f 88/88/89 87/87/145 56/56/67
f 102/102/91 101/101/146 70/70/65
f 89/89/92 88/88/89 57/57/90
f 103/103/93 102/102/91 71/71/69
f 59/59/95 90/90/121 89/89/92
f 104/104/96 103/103/93 72/72/94
f 91/91/97 90/90/121 59/59/95
f 105/105/99 104/104/96 73/73/70
f 61/61/75 92/92/126 91/91/97
f 79/79/101 78/78/98 47/47/74
f 75/75/76 106/106/128 105/105/99
f 93/93/103 92/92/126 61/61/75
f 80/80/104 79/79/101 48/48/102
f 107/107/105 106/106/128 75/75/76
f 94/94/107 93/93/103 62/62/77
f 81/81/108 80/80/104 49/49/78
f 108/108/109 107/107/105 76/76/106
f 95/95/110 94/94/107 63/63/79
f 82/82/111 81/81/108 50/50/80
f 65/65/112 96/96/136 95/95/110
f 52/52/85 83/83/114 82/82/111
f 97/97/113 96/96/136 65/65/112
f 53/53/87 84/84/139 83/83/114
f 67/67/115 98/98/140 97/97/113
f 85/85/116 84/84/139 53/53/87
f 99/99/117 98/98/140 67/67/115
f 86/86/118 85/85/116 54/54/62
f 100/100/88 99/99/117 68/68/60
f 56/56/67 87/87/145 86/86/118
f 134/134/119 133/133/148 102/102/91
f 121/121/120 120/120/149 89/89/92
f 135/135/122 134/134/119 103/103/93
f 91/91/97 122/122/153 121/121/120
f 136/136/124 135/135/122 104/104/96
f 123/123/125 122/122/153 91/91/97
f 110/110/127 109/109/123 78/78/98
f 106/106/128 137/137/156 136/136/124
f 93/93/103 124/124/157 123/123/125
f 111/111/129 110/110/127 79/79/101
f 138/138/130 137/137/156 106/106/128
f 125/125/131 124/124/157 93/93/103
f 112/112/132 111/111/129 80/80/104
f 139/139/133 138/138/130 107/107/105
f 95/95/110 126/126/161 125/125/131
f 113/113/134 112/112/132 81/81/108
f 127/127/135 126/126/161 95/95/110
f 114/114/137 113/113/134 82/82/111
f 128/128/138 127/127/135 96/96/136
f 84/84/139 115/115/167 114/114/137
f 98/98/140 129/129/168 128/128/138
f 116/116/141 115/115/167 84/84/139
f 130/130/142 129/129/168 98/98/140
f 117/117/143 116/116/141 85/85/116
f 131/131/144 130/130/142 99/99/117
f 87/87/145 118/118/173 117/117/143
f 101/101/146 132/132/174 131/131/144
f 119/119/147 118/118/173 87/87/145
f 133/133/148 132/132/174 101/101/146
f 120/120/149 119/119/147 88/88/89
f 136/136/124 167/167/209 166/166/151
f 154/154/152 153/153/206 122/122/153
f 141/141/154 140/140/150 109/109/123
f 168/168/155 167/167/209 136/136/124
f 124/124/157 155/155/183 154/154/152
f 111/111/129 142/142/160 141/141/154
f 169/169/158 168/168/155 137/137/156
f 156/156/159 155/155/183 124/124/157
f 112/112/132 143/143/184 142/142/160
f 139/139/133 170/170/163 169/169/158
f 126/126/161 157/157/186 156/156/159
f 144/144/162 143/143/184 112/112/132
f 158/158/164 157/157/186 126/126/161
f 145/145/165 144/144/162 113/113/134
f 159/159/166 158/158/164 127/127/135
f 115/115/167 146/146/192 145/145/165
f 129/129/168 160/160/170 159/159/166
f 147/147/169 146/146/192 115/115/167
f 130/130/142 161/161/195 160/160/170
f 148/148/171 147/147/169 116/116/141
f 162/162/172 161/161/195 130/130/142
f 118/118/173 149/149/198 148/148/171
f 132/132/174 163/163/176 162/162/172
f 150/150/175 149/149/198 118/118/173
f 133/133/148 164/164/201 163/163/176
f 151/151/177 150/150/175 119/119/147
f 165/165/178 164/164/201 133/133/148
f 152/152/179 151/151/177 120/120/149
f 166/166/151 165/165/178 134/134/119
f 122/122/153 153/153/206 152/152/179
f 173/173/180 172/172/211 141/141/154
f 200/200/181 199/199/212 168/168/155
f 187/187/182 186/186/238 155/155/183
f 143/143/184 174/174/187 173/173/180
f 201/201/185 200/200/181 169/169/158
f 157/157/186 188/188/217 187/187/182
f 144/144/162 175/175/213 174/174/187
f 189/189/188 188/188/217 157/157/186
f 176/176/189 175/175/213 144/144/162
f 190/190/190 189/189/188 158/158/164
f 177/177/191 176/176/189 145/145/165
f 191/191/193 190/190/190 159/159/166
f 147/147/169 178/178/220 177/177/191
f 192/192/194 191/191/193 160/160/170
f 179/179/196 178/178/220 147/147/169
f 193/193/197 192/192/194 161/161/195
f 149/149/198 180/180/199 179/179/196
f 163/163/176 194/194/225 193/193/197
f 150/150/175 181/181/202 180/180/199
f 195/195/200 194/194/225 163/163/176
f 151/151/177 182/182/229 181/181/202
f 165/165/178 196/196/231 195/195/200
f 183/183/203 182/182/229 151/151/177
f 197/197/204 196/196/231 165/165/178
f 184/184/205 183/183/203 152/152/179
f 198/198/208 197/197/204 166/166/151
f 185/185/210 184/184/205 153/153/206
f 172/172/211 171/171/207 140/140/150
f 199/199/212 198/198/208 167/167/209
f 155/155/183 186/186/238 185/185/210
f 175/175/213 206/206/269 205/205/214
f 220/220/216 219/219/268 188/188/217
f 207/207/218 206/206/269 175/175/213
f 190/190/190 221/221/244 220/220/216
f 177/177/191 208/208/221 207/207/218
f 222/222/219 221/221/244 190/190/190
f 178/178/220 209/209/245 208/208/221
f 223/223/222 222/222/219 191/191/193
f 210/210/223 209/209/245 178/178/220
f 224/224/224 223/223/222 192/192/194
f 180/180/199 211/211/226 210/210/223
f 194/194/225 225/225/249 224/224/224
f 181/181/202 212/212/251 211/211/226
f 226/226/227 225/225/249 194/194/225
f 213/213/228 212/212/251 181/181/202
f 227/227/230 226/226/227 195/195/200
f 214/214/232 213/213/228 182/182/229
f 197/197/204 228/228/256 227/227/230
f 184/184/205 215/215/257 214/214/232
f 229/229/234 228/228/256 197/197/204
f 216/216/235 215/215/257 184/184/205
f 203/203/236 202/202/233 171/171/207
f 230/230/237 229/229/234 198/198/208
f 186/186/238 217/217/262 216/216/235
f 173/173/180 204/204/241 203/203/236
f 231/231/239 230/230/237 199/199/212
f 218/218/240 217/217/262 186/186/238
f 174/174/187 205/205/214 204/204/241
f 232/232/215 231/231/239 200/200/181
f 188/188/217 219/219/268 218/218/240
f 239/239/242 238/238/271 207/207/218
f 253/253/243 252/252/300 221/221/244
f 209/209/245 240/240/273 239/239/242
f 254/254/246 253/253/243 222/222/219
f 241/241/247 240/240/273 209/209/245
f 224/224/224 255/255/250 254/254/246
f 242/242/248 241/241/247 210/210/223
f 225/225/249 256/256/275 255/255/250
f 212/212/251 243/243/253 242/242/248
f 257/257/252 256/256/275 225/225/249
f 213/213/228 244/244/278 243/243/253
f 258/258/254 257/257/252 226/226/227
f 245/245/255 244/244/278 213/213/228
f 228/228/256 259/259/282 258/258/254
f 215/215/257 246/246/283 245/245/255
f 260/260/259 259/259/282 228/228/256
f 247/247/260 246/246/283 215/215/257
f 203/203/236 234/234/263 233/233/258
f 261/261/261 260/260/259 229/229/234
f 217/217/262 248/248/289 247/247/260
f 204/204/241 235/235/290 234/234/263
f 231/231/239 262/262/292 261/261/261
f 249/249/264 248/248/289 217/217/262
f 236/236/265 235/235/290 204/204/241
f 263/263/266 262/262/292 231/231/239
f 250/250/267 249/249/264 218/218/240
f 206/206/269 237/237/297 236/236/265
f 251/251/270 250/250/267 219/219/268
f 238/238/271 237/237/297 206/206/269
f 221/221/244 252/252/300 251/251/270
f 272/272/272 271/271/331 240/240/273
f 286/286/274 285/285/303 254/254/246
f 242/242/248 273/273/276 272/272/272
f 256/256/275 287/287/306 286/286/274
f 243/243/253 274/274/279 273/273/276
f 288/288/277 287/287/306 256/256/275
f 244/244/278 275/275/308 274/274/279
f 289/289/280 288/288/277 257/257/252
f 276/276/281 275/275/308 244/244/278
f 259/259/282 290/290/310 289/289/280
f 246/246/283 277/277/312 276/276/281
f 291/291/285 290/290/310 259/259/282
f 278/278/286 277/277/312 246/246/283
f 265/265/287 264/264/284 233/233/258
f 292/292/288 291/291/285 260/260/259
f 248/248/289 279/279/317 278/278/286
f 235/235/290 266/266/319 265/265/287
f 293/293/291 292/292/288 261/261/261
f 280/280/293 279/279/317 248/248/289
f 267/267/294 266/266/319 235/235/290
f 294/294/295 293/293/291 262/262/292
f 250/250/267 281/281/325 280/280/293
f 268/268/296 267/267/294 236/236/265
f 282/282/298 281/281/325 250/250/267
f 269/269/299 268/268/296 237/237/297
f 252/252/300 283/283/328 282/282/298
f 239/239/242 270/270/302 269/269/299
f 284/284/301 283/283/328 252/252/300
f 240/240/273 271/271/331 270/270/302
f 285/285/303 284/284/301 253/253/243
f 274/274/279 305/305/363 304/304/304
f 319/319/305 318/318/362 287/287/306
f 306/306/307 305/305/363 274/274/279
f 289/289/280 320/320/311 319/319/305
f 307/307/309 306/306/307 275/275/308
f 290/290/310 321/321/336 320/320/311
f 277/277/312 308/308/338 307/307/309
f 322/322/314 321/321/336 290/290/310
f 309/309/315 308/308/338 277/277/312
f 296/296/316 295/295/313 264/264/284
f 292/292/288 323/323/343 322/322/314
f 279/279/317 310/310/344 309/309/315
f 297/297/318 296/296/316 265/265/287
f 324/324/320 323/323/343 292/292/288
f 311/311/321 310/310/344 279/279/317
f 298/298/322 297/297/318 266/266/319
f 325/325/323 324/324/320 293/293/291
f 312/312/324 311/311/321 280/280/293
f 268/268/296 299/299/351 298/298/322
f 313/313/326 312/312/324 281/281/325
f 300/300/327 299/299/351 268/268/296
f 283/283/328 314/314/330 313/313/326
f 301/301/329 300/300/327 269/269/299
f 284/284/301 315/315/356 314/314/330
f 271/271/331 302/302/357 301/301/329
f 316/316/332 315/315/356 284/284/301
f 303/303/333 302/302/357 271/271/331
f 286/286/274 317/317/334 316/316/332
f 304/304/304 303/303/333 272/272/272
f 287/287/306 318/318/362 317/317/334
f 338/338/335 337/337/391 306/306/307
f 321/321/336 352/352/395 351/351/337
f 308/308/338 339/339/367 338/338/335
f 353/353/340 352/352/395 321/321/336
f 340/340/341 339/339/367 308/308/338
f 327/327/342 326/326/339 295/295/313
f 323/323/343 354/354/345 353/353/340
f 310/310/344 341/341/371 340/340/341
f 297/297/318 328/328/372 327/327/342
f 324/324/320 355/355/374 354/354/345
f 342/342/346 341/341/371 310/310/344
f 329/329/347 328/328/372 297/297/318
f 356/356/348 355/355/374 324/324/320
f 343/343/349 342/342/346 311/311/321
f 330/330/350 329/329/347 298/298/322
f 344/344/352 343/343/349 312/312/324
f 331/331/353 330/330/350 299/299/351
f 314/314/330 345/345/381 344/344/352
f 332/332/354 331/331/353 300/300/327
f 346/346/355 345/345/381 314/314/330
f 302/302/357 333/333/383 332/332/354
f 347/347/358 346/346/355 315/315/356
f 334/334/359 333/333/383 302/302/357
f 348/348/360 347/347/358 316/316/332
f 335/335/361 334/334/359 303/303/333
f 318/318/362 349/349/388 348/348/360
f 305/305/363 336/336/365 335/335/361
f 350/350/364 349/349/388 318/318/362
f 306/306/307 337/337/391 336/336/365
f 320/320/311 351/351/337 350/350/364
f 340/340/341 371/371/423 370/370/366
f 358/358/368 357/357/396 326/326/339
f 385/385/369 384/384/397 353/353/340
f 372/372/370 371/371/423 340/340/341
f 328/328/372 359/359/375 358/358/368
f 386/386/373 385/385/369 354/354/345
f 342/342/346 373/373/398 372/372/370
f 329/329/347 360/360/401 359/359/375
f 387/387/376 386/386/373 355/355/374
f 374/374/377 373/373/398 342/342/346
f 361/361/378 360/360/401 329/329/347
f 375/375/379 374/374/377 343/343/349
f 362/362/380 361/361/378 330/330/350
f 345/345/381 376/376/406 375/375/379
f 332/332/354 363/363/384 362/362/380
f 377/377/382 376/376/406 345/345/381
f 333/333/383 364/364/409 363/363/384
f 378/378/385 377/377/382 346/346/355
f 365/365/386 364/364/409 333/333/383
f 348/348/360 379/379/389 378/378/385
f 366/366/387 365/365/386 334/334/359
f 349/349/388 380/380/413 379/379/389
f 336/336/365 367/367/392 366/366/387
f 381/381/390 380/380/413 349/349/388
f 337/337/391 368/368/417 367/367/392
f 382/382/393 381/381/390 350/350/364
f 369/369/394 368/368/417 337/337/391
f 352/352/395 383/383/420 382/382/393
f 339/339/367 370/370/366 369/369/394
f 384/384/397 383/383/420 352/352/395
f 373/373/398 404/404/455 403/403/399
f 391/391/400 390/390/453 359/359/375
f 418/418/402 417/417/427 386/386/373
f 405/405/403 404/404/455 373/373/398
f 361/361/378 392/392/430 391/391/400
f 406/406/404 405/405/403 374/374/377
f 393/393/405 392/392/430 361/361/378
f 376/376/406 407/407/408 406/406/404
f 394/394/407 393/393/405 362/362/380
f 377/377/382 408/408/432 407/407/408
f 364/364/409 395/395/433 394/394/407
f 409/409/410 408/408/432 377/377/382
f 396/396/411 395/395/433 364/364/409
f 410/410/412 409/409/410 378/378/385
f 366/366/387 397/397/414 396/396/411
f 380/380/413 411/411/439 410/410/412
f 367/367/392 398/398/440 397/397/414
f 412/412/415 411/411/439 380/380/413
f 399/399/416 398/398/440 367/367/392
f 382/382/393 413/413/443 412/412/415
f 400/400/418 399/399/416 368/368/417
f 414/414/419 413/413/443 382/382/393
f 370/370/366 401/401/424 400/400/418
f 415/415/422 414/414/419 383/383/420
f 371/371/423 402/402/448 401/401/424
f 389/389/425 388/388/421 357/357/396
f 416/416/426 415/415/422 384/384/397
f 403/403/399 402/402/448 371/371/423
f 359/359/375 390/390/453 389/389/425
f 417/417/427 416/416/426 385/385/369
f 437/437/428 436/436/457 405/405/403
f 424/424/429 423/423/458 392/392/430
f 407/407/408 438/438/460 437/437/428
f 394/394/407 425/425/434 424/424/429
f 439/439/431 438/438/460 407/407/408
f 395/395/433 426/426/461 425/425/434
f 440/440/435 439/439/431 408/408/432
f 427/427/436 426/426/461 395/395/433
f 441/441/437 440/440/435 409/409/410
f 428/428/438 427/427/436 396/396/411
f 411/411/439 442/442/466 441/441/437
f 398/398/440 429/429/468 428/428/438
f 443/443/441 442/442/466 411/411/439
f 430/430/442 429/429/468 398/398/440
f 413/413/443 444/444/472 443/443/441
f 431/431/444 430/430/442 399/399/416
f 445/445/445 444/444/472 413/413/443
f 401/401/424 432/432/449 431/431/444
f 446/446/447 445/445/445 414/414/419
f 402/402/448 433/433/477 432/432/449
f 389/389/425 420/420/480 419/419/446
f 447/447/450 446/446/447 415/415/422
f 434/434/451 433/433/477 402/402/448
f 421/421/452 420/420/480 389/389/425
f 448/448/454 447/447/450 416/416/426
f 404/404/455 435/435/484 434/434/451
f 391/391/400 422/422/485 421/421/452
f 449/449/456 448/448/454 417/417/427
f 436/436/457 435/435/484 404/404/455
f 423/423/458 422/422/485 391/391/400
f 470/470/459 469/469/516 438/438/460
f 426/426/461 457/457/519 456/456/462
f 471/471/463 470/470/459 439/439/431
f 458/458/464 457/457/519 426/426/461
f 441/441/437 472/472/467 471/471/463
f 459/459/465 458/458/464 427/427/436
f 442/442/466 473/473/494 472/472/467
f 429/429/468 460/460/470 459/459/465
f 474/474/469 473/473/494 442/442/466
f 430/430/442 461/461/498 460/460/470
f 475/475/471 474/474/469 443/443/441
f 462/462/473 461/461/498 430/430/442
f 476/476/474 475/475/471 444/444/472
f 432/432/449 463/463/478 462/462/473
f 477/477/476 476/476/474 445/445/445
f 433/433/477 464/464/503 463/463/478
f 451/451/479 450/450/475 419/419/446
f 478/478/481 477/477/476 446/446/447
f 465/465/482 464/464/503 433/433/477
f 452/452/483 451/451/479 420/420/480
f 448/448/454 479/479/486 478/478/481
f 435/435/484 466/466/509 465/465/482
f 422/422/485 453/453/511 452/452/483
f 449/449/456 480/480/489 479/479/486
f 467/467/487 466/466/509 435/435/484
f 454/454/488 453/453/511 422/422/485
f 468/468/490 467/467/487 436/436/457
f 455/455/491 454/454/488 423/423/458
f 438/438/460 469/469/516 468/468/490
f 425/425/434 456/456/462 455/455/491
f 472/472/467 503/503/495 502/502/492
f 490/490/493 489/489/520 458/458/464
f 473/473/494 504/504/522 503/503/495
f 460/460/470 491/491/524 490/490/493
f 505/505/496 504/504/522 473/473/494
f 492/492/497 491/491/524 460/460/470
f 506/506/499 505/505/496 474/474/469
f 493/493/500 492/492/497 461/461/498
f 476/476/474 507/507/526 506/506/499
f 463/463/478 494/494/504 493/493/500
f 508/508/502 507/507/526 476/476/474
f 464/464/503 495/495/530 494/494/504
f 482/482/505 481/481/501 450/450/475
f 478/478/481 509/509/508 508/508/502
f 496/496/506 495/495/530 464/464/503
f 483/483/507 482/482/505 451/451/479
f 479/479/486 510/510/535 509/509/508
f 466/466/509 497/497/536 496/496/506
f 484/484/510 483/483/507 452/452/483
f 511/511/512 510/510/535 479/479/486
f 498/498/513 497/497/536 466/466/509
f 454/454/488 485/485/540 484/484/510
f 499/499/514 498/498/513 467/467/487
f 486/486/515 485/485/540 454/454/488
f 469/469/516 500/500/543 499/499/514
f 487/487/517 486/486/515 455/455/491
f 501/501/518 500/500/543 469/469/516
f 457/457/519 488/488/546 487/487/517
f 502/502/492 501/501/518 470/470/459
f 489/489/520 488/488/546 457/457/519
f 536/536/521 535/535/579 504/504/522
f 492/492/497 523/523/583 522/522/523
f 506/506/499 537/537/527 536/536/521
f 524/524/525 523/523/583 492/492/497
f 507/507/526 538/538/551 537/537/527
f 494/494/504 525/525/531 524/524/525
f 539/539/529 538/538/551 507/507/526
f 495/495/530 526/526/556 525/525/531
f 513/513/532 512/512/528 481/481/501
f 509/509/508 540/540/559 539/539/529
f 527/527/533 526/526/556 495/495/530
f 483/483/507 514/514/562 513/513/532
f 541/541/534 540/540/559 509/509/508
f 497/497/536 528/528/564 527/527/533
f 515/515/537 514/514/562 483/483/507
f 542/542/538 541/541/534 510/510/535
f 529/529/539 528/528/564 497/497/536
f 485/485/540 516/516/569 515/515/537
f 530/530/541 529/529/539 498/498/513
f 517/517/542 516/516/569 485/485/540
f 500/500/543 531/531/572 530/530/541
f 518/518/544 517/517/542 486/486/515
f 532/532/545 531/531/572 500/500/543
f 488/488/546 519/519/575 518/518/544
f 533/533/547 532/532/545 501/501/518
f 520/520/548 519/519/575 488/488/546
f 503/503/495 534/534/550 533/533/547
f 521/521/549 520/520/548 489/489/520
f 504/504/522 535/535/579 534/534/550
f 491/491/524 522/522/523 521/521/549
f 538/538/551 569/569/555 568/568/552
f 525/525/531 556/556/557 555/555/553
f 539/539/529 570/570/560 569/569/555
f 526/526/556 557/557/588 556/556/557
f 544/544/558 543/543/554 512/512/528
f 540/540/559 571/571/585 570/570/560
f 558/558/561 557/557/588 526/526/556
f 514/514/562 545/545/590 544/544/558
f 572/572/563 571/571/585 540/540/559
f 528/528/564 559/559/592 558/558/561
f 546/546/565 545/545/590 514/514/562
f 573/573/566 572/572/563 541/541/534
f 560/560/567 559/559/592 528/528/564
f 547/547/568 546/546/565 515/515/537
f 561/561/570 560/560/567 529/529/539
f 548/548/571 547/547/568 516/516/569
f 531/531/572 562/562/599 561/561/570
f 549/549/573 548/548/571 517/517/542
f 563/563/574 562/562/599 531/531/572
f 519/519/575 550/550/601 549/549/573
f 564/564/576 563/563/574 532/532/545
f 551/551/577 550/550/601 519/519/575
f 534/534/550 565/565/580 564/564/576
f 552/552/578 551/551/577 520/520/548
f 535/535/579 566/566/607 565/565/580
f 522/522/523 553/553/608 552/552/578
f 567/567/581 566/566/607 535/535/579
f 554/554/582 553/553/608 522/522/523
f 537/537/527 568/568/552 567/567/581
f 555/555/553 554/554/582 523/523/583
f 575/575/584 574/574/614 543/543/554
f 571/571/585 602/602/641 601/601/586
f 589/589/587 588/588/638 557/557/588
f 576/576/589 575/575/584 544/544/558
f 603/603/591 602/602/641 571/571/585
f 559/559/592 590/590/619 589/589/587
f 577/577/593 576/576/589 545/545/590
f 604/604/594 603/603/591 572/572/563
f 591/591/595 590/590/619 559/559/592
f 578/578/596 577/577/593 546/546/565
f 592/592/597 591/591/595 560/560/567
f 579/579/598 578/578/596 547/547/568
f 562/562/599 593/593/600 592/592/597
f 549/549/573 580/580/602 579/579/598
f 563/563/574 594/594/622 593/593/600
f 550/550/601 581/581/624 580/580/602
f 595/595/603 594/594/622 563/563/574
f 582/582/604 581/581/624 550/550/601
f 596/596/605 595/595/603 564/564/576
f 583/583/606 582/582/604 551/551/577
f 566/566/607 597/597/629 596/596/605
f 553/553/608 584/584/631 583/583/606
f 598/598/609 597/597/629 566/566/607
f 585/585/610 584/584/631 553/553/608
f 599/599/611 598/598/609 567/567/581
f 586/586/612 585/585/610 554/554/582
f 600/600/613 599/599/611 568/568/552
f 556/556/557 587/587/615 586/586/612
f 570/570/560 601/601/586 600/600/613
f 557/557/588 588/588/638 587/587/615
f 608/608/616 607/607/643 576/576/589
f 635/635/617 634/634/644 603/603/591
f 622/622/618 621/621/672 590/590/619
f 578/578/596 609/609/646 608/608/616
f 623/623/620 622/622/618 591/591/595
f 610/610/621 609/609/646 578/578/596
f 593/593/600 624/624/623 623/623/620
f 580/580/602 611/611/625 610/610/621
f 594/594/622 625/625/648 624/624/623
f 581/581/624 612/612/650 611/611/625
f 626/626/626 625/625/648 594/594/622
f 613/613/627 612/612/650 581/581/624
f 596/596/605 627/627/630 626/626/626
f 614/614/628 613/613/627 582/582/604
f 597/597/629 628/628/656 627/627/630
f 584/584/631 615/615/657 614/614/628
f 629/629/632 628/628/656 597/597/629
f 616/616/633 615/615/657 584/584/631
f 630/630/634 629/629/632 598/598/609
f 617/617/635 616/616/633 585/585/610
f 600/600/613 631/631/662 630/630/634
f 587/587/615 618/618/639 617/617/635
f 632/632/637 631/631/662 600/600/613
f 588/588/638 619/619/666 618/618/639
f 606/606/640 605/605/636 574/574/614
f 602/602/641 633/633/668 632/632/637
f 620/620/642 619/619/666 588/588/638
f 607/607/643 606/606/640 575/575/584
f 634/634/644 633/633/668 602/602/641
f 590/590/619 621/621/672 620/620/642
f 641/641/645 640/640/703 609/609/646
f 624/624/623 655/655/649 654/654/647
f 611/611/625 642/642/651 641/641/645
f 625/625/648 656/656/679 655/655/649
f 612/612/650 643/643/676 642/642/651
f 657/657/652 656/656/679 625/625/648
f 644/644/653 643/643/676 612/612/650
f 658/658/654 657/657/652 626/626/626
f 645/645/655 644/644/653 613/613/627
f 628/628/656 659/659/682 658/658/654
f 615/615/657 646/646/683 645/645/655
f 660/660/658 659/659/682 628/628/656
f 647/647/659 646/646/683 615/615/657
f 661/661/660 660/660/658 629/629/632
f 648/648/661 647/647/659 616/616/633
f 631/631/662 662/662/689 661/661/660
f 649/649/663 648/648/661 617/617/635
f 663/663/665 662/662/689 631/631/662
f 619/619/666 650/650/692 649/649/663
f 637/637/667 636/636/664 605/605/636
f 633/633/668 664/664/696 663/663/665
f 651/651/669 650/650/692 619/619/666
f 638/638/670 637/637/667 606/606/640
f 665/665/671 664/664/696 633/633/668
f 621/621/672 652/652/699 651/651/669
f 639/639/673 638/638/670 607/607/643
f 635/635/617 666/666/675 665/665/671
f 653/653/674 652/652/699 621/621/672
f 609/609/646 640/640/703 639/639/673
f 654/654/647 653/653/674 622/622/618
f 643/643/676 674/674/735 673/673/677
f 688/688/678 687/687/734 656/656/679
f 675/675/680 674/674/735 643/643/676
f 689/689/681 688/688/678 657/657/652
f 645/645/655 676/676/684 675/675/680
f 659/659/682 690/690/709 689/689/681
f 646/646/683 677/677/711 676/676/684
f 691/691/685 690/690/709 659/659/682
f 678/678/686 677/677/711 646/646/683
f 692/692/687 691/691/685 660/660/658
f 679/679/688 678/678/686 647/647/659
f 662/662/689 693/693/691 692/692/687
f 649/649/663 680/680/693 679/679/688
f 663/663/665 694/694/718 693/693/691
f 650/650/692 681/681/719 680/680/693
f 668/668/694 667/667/690 636/636/664
f 695/695/695 694/694/718 663/663/665
f 682/682/697 681/681/719 650/650/692
f 638/638/670 669/669/723 668/668/694
f 696/696/698 695/695/695 664/664/696
f 652/652/699 683/683/726 682/682/697
f 670/670/700 669/669/723 638/638/670
f 666/666/675 697/697/704 696/696/698
f 684/684/701 683/683/726 652/652/699
f 671/671/702 670/670/700 639/639/673
f 685/685/705 684/684/701 653/653/674
f 672/672/706 671/671/702 640/640/703
f 655/655/649 686/686/707 685/685/705
f 642/642/651 673/673/677 672/672/706
f 656/656/679 687/687/734 686/686/707
f 707/707/708 706/706/738 675/675/680
f 690/690/709 721/721/769 720/720/710
f 677/677/711 708/708/713 707/707/708
f 722/722/712 721/721/769 690/690/709
f 678/678/686 709/709/739 708/708/713
f 723/723/714 722/722/712 691/691/685
f 710/710/715 709/709/739 678/678/686
f 693/693/691 724/724/743 723/723/714
f 680/680/693 711/711/720 710/710/715
f 725/725/717 724/724/743 693/693/691
f 681/681/719 712/712/747 711/711/720
f 699/699/721 698/698/716 667/667/690
f 695/695/695 726/726/750 725/725/717
f 713/713/722 712/712/747 681/681/719
f 669/669/723 700/700/753 699/699/721
f 727/727/724 726/726/750 695/695/695
f 714/714/725 713/713/722 682/682/697
f 701/701/727 700/700/753 669/669/723
f 697/697/704 728/728/730 727/727/724
f 715/715/728 714/714/725 683/683/726
f 702/702/729 701/701/727 670/670/700
f 716/716/731 715/715/728 684/684/701
f 703/703/732 702/702/729 671/671/702
f 686/686/707 717/717/761 716/716/731
f 673/673/677 704/704/736 703/703/732
f 718/718/733 717/717/761 686/686/707
f 674/674/735 705/705/764 704/704/736
f 719/719/737 718/718/733 687/687/734
f 706/706/738 705/705/764 674/674/735
f 720/720/710 719/719/737 688/688/678
f 709/709/739 740/740/798 739/739/740
f 754/754/741 753/753/771 722/722/712
f 741/741/742 740/740/798 709/709/739
f 724/724/743 755/755/775 754/754/741
f 742/742/744 741/741/742 710/710/715
f 756/756/746 755/755/775 724/724/743
f 712/712/747 743/743/751 742/742/744
f 730/730/748 729/729/745 698/698/716
f 757/757/749 756/756/746 725/725/717
f 713/713/722 744/744/777 743/743/751
f 731/731/752 730/730/748 699/699/721
f 758/758/754 757/757/749 726/726/750
f 745/745/755 744/744/777 713/713/722
f 732/732/756 731/731/752 700/700/753
f 728/728/730 759/759/759 758/758/754
f 746/746/757 745/745/755 714/714/725
f 733/733/758 732/732/756 701/701/727
f 716/716/731 747/747/762 746/746/757
f 734/734/760 733/733/758 702/702/729
f 717/717/761 748/748/787 747/747/762
f 704/704/736 735/735/765 734/734/760
f 749/749/763 748/748/787 717/717/761
f 705/705/764 736/736/790 735/735/765
f 750/750/766 749/749/763 718/718/733
f 737/737/767 736/736/790 705/705/764
f 751/751/768 750/750/766 719/719/737
f 707/707/708 738/738/770 737/737/767
f 721/721/769 752/752/795 751/751/768
f 708/708/713 739/739/740 738/738/770
f 753/753/771 752/752/795 721/721/769
f 773/773/772 772/772/801 741/741/742
f 787/787/774 786/786/828 755/755/775
f 743/743/751 774/774/778 773/773/772
f 761/761/776 760/760/773 729/729/745
f 757/757/749 788/788/806 787/787/774
f 744/744/777 775/775/802 774/774/778
f 762/762/779 761/761/776 730/730/748
f 789/789/780 788/788/806 757/757/749
f 776/776/781 775/775/802 744/744/777
f 763/763/782 762/762/779 731/731/752
f 790/790/783 789/789/780 758/758/754
f 777/777/784 776/776/781 745/745/755
f 764/764/785 763/763/782 732/732/756
f 747/747/762 778/778/788 777/777/784
f 765/765/786 764/764/785 733/733/758
f 748/748/787 779/779/814 778/778/788
f 735/735/765 766/766/791 765/765/786
f 780/780/789 779/779/814 748/748/787
f 736/736/790 767/767/817 766/766/791
f 781/781/792 780/780/789 749/749/763
f 768/768/793 767/767/817 736/736/790
f 782/782/794 781/781/792 750/750/766
f 738/738/770 769/769/796 768/768/793
f 752/752/795 783/783/822 782/782/794
f 739/739/740 770/770/799 769/769/796
f 784/784/797 783/783/822 752/752/795
f 740/740/798 771/771/824 770/770/799
f 785/785/800 784/784/797 753/753/771
f 772/772/801 771/771/824 740/740/798
f 755/755/775 786/786/828 785/785/800
f 775/775/802 806/806/843 805/805/803
f 762/762/779 793/793/808 792/792/804
f 820/820/805 819/819/832 788/788/806
f 807/807/807 806/806/843 775/775/802
f 763/763/782 794/794/849 793/793/808
f 790/790/783 821/821/811 820/820/805
f 808/808/809 807/807/807 776/776/781
f 795/795/810 794/794/849 763/763/782
f 809/809/812 808/808/809 777/777/784
f 796/796/813 795/795/810 764/764/785
f 779/779/814 810/810/854 809/809/812
f 797/797/815 796/796/813 765/765/786
f 811/811/816 810/810/854 779/779/814
f 767/767/817 798/798/857 797/797/815
f 812/812/818 811/811/816 780/780/789
f 799/799/819 798/798/857 767/767/817
f 813/813/820 812/812/818 781/781/792
f 800/800/821 799/799/819 768/768/793
f 783/783/822 814/814/862 813/813/820
f 770/770/799 801/801/825 800/800/821
f 815/815/823 814/814/862 783/783/822
f 771/771/824 802/802/833 801/801/825
f 816/816/826 815/815/823 784/784/797
f 803/803/827 802/802/833 771/771/824
f 786/786/828 817/817/831 816/816/826
f 804/804/829 803/803/827 772/772/801
f 787/787/774 818/818/840 817/817/831
f 774/774/778 805/805/803 804/804/829
f 792/792/804 791/791/830 760/760/773
f 819/819/832 818/818/840 787/787/774
f 802/802/833 833/833/891 832/832/834
f 847/847/835 846/846/864 815/815/823
f 834/834/836 833/833/891 802/802/833
f 817/817/831 848/848/868 847/847/835
f 835/835/837 834/834/836 803/803/827
f 849/849/839 848/848/868 817/817/831
f 805/805/803 836/836/844 835/835/837
f 823/823/841 822/822/838 791/791/830
f 850/850/842 849/849/839 818/818/840
f 806/806/843 837/837/872 836/836/844
f 824/824/845 823/823/841 792/792/804
f 851/851/846 850/850/842 819/819/832
f 838/838/847 837/837/872 806/806/843
f 825/825/848 824/824/845 793/793/808
f 821/821/811 852/852/852 851/851/846
f 839/839/850 838/838/847 807/807/807
f 826/826/851 825/825/848 794/794/849
f 809/809/812 840/840/855 839/839/850
f 827/827/853 826/826/851 795/795/810
f 810/810/854 841/841/880 840/840/855
f 797/797/815 828/828/858 827/827/853
f 842/842/856 841/841/880 810/810/854
f 798/798/857 829/829/884 828/828/858
f 843/843/859 842/842/856 811/811/816
f 830/830/860 829/829/884 798/798/857
f 813/813/820 844/844/863 843/843/859
f 831/831/861 830/830/860 799/799/819
f 814/814/862 845/845/889 844/844/863
f 801/801/825 832/832/834 831/831/861
f 846/846/864 845/845/889 814/814/862
f 866/866/865 865/865/894 834/834/836
f 880/880/867 879/879/920 848/848/868
f 836/836/844 867/867/896 866/866/865
f 854/854/869 853/853/866 822/822/838
f 881/881/870 880/880/867 849/849/839
f 868/868/871 867/867/896 836/836/844
f 824/824/845 855/855/875 854/854/869
f 882/882/873 881/881/870 850/850/842
f 869/869/874 868/868/871 837/837/872
f 825/825/848 856/856/901 855/855/875
f 852/852/852 883/883/878 882/882/873
f 870/870/876 869/869/874 838/838/847
f 857/857/877 856/856/901 825/825/848
f 840/840/855 871/871/881 870/870/876
f 858/858/879 857/857/877 826/826/851
f 841/841/880 872/872/906 871/871/881
f 859/859/882 858/858/879 827/827/853
f 873/873/883 872/872/906 841/841/880
f 829/829/884 860/860/910 859/859/882
f 874/874/885 873/873/883 842/842/856
f 861/861/886 860/860/910 829/829/884
f 875/875/887 874/874/885 843/843/859
f 862/862/888 861/861/886 830/830/860
f 845/845/889 876/876/914 875/875/887
f 832/832/834 863/863/892 862/862/888
f 877/877/890 876/876/914 845/845/889
f 833/833/891 864/864/917 863/863/892
f 878/878/893 877/877/890 846/846/864
f 865/865/894 864/864/917 833/833/891
f 848/848/868 879/879/920 878/878/893
f 868/868/871 899/899/951 898/898/895
f 855/855/875 886/886/953 885/885/897
f 913/913/898 912/912/950 881/881/870
f 900/900/899 899/899/951 868/868/871
f 887/887/900 886/886/953 855/855/875
f 914/914/902 913/913/898 882/882/873
f 901/901/903 900/900/899 869/869/874
f 888/888/904 887/887/900 856/856/901
f 871/871/881 902/902/907 901/901/903
f 889/889/905 888/888/904 857/857/877
f 872/872/906 903/903/929 902/902/907
f 890/890/908 889/889/905 858/858/879
f 904/904/909 903/903/929 872/872/906
f 860/860/910 891/891/933 890/890/908
f 905/905/911 904/904/909 873/873/883
f 892/892/912 891/891/933 860/860/910
f 875/875/887 906/906/915 905/905/911
f 893/893/913 892/892/912 861/861/886
f 876/876/914 907/907/937 906/906/915
f 863/863/892 894/894/918 893/893/913
f 908/908/916 907/907/937 876/876/914
f 864/864/917 895/895/941 894/894/918
f 878/878/893 909/909/921 908/908/916
f 896/896/919 895/895/941 864/864/917
f 879/879/920 910/910/944 909/909/921
f 897/897/922 896/896/919 865/865/894
f 911/911/924 910/910/944 879/879/920
f 867/867/896 898/898/895 897/897/922
f 885/885/897 884/884/923 853/853/866
f 881/881/870 912/912/950 911/911/924
f 932/932/925 931/931/955 900/900/899
f 919/919/926 918/918/956 887/887/900
f 902/902/907 933/933/930 932/932/925
f 920/920/928 919/919/926 888/888/904
f 903/903/929 934/934/957 933/933/930
f 921/921/931 920/920/928 889/889/905
f 935/935/932 934/934/957 903/903/929
f 891/891/933 922/922/961 921/921/931
f 936/936/934 935/935/932 904/904/909
f 923/923/935 922/922/961 891/891/933
f 906/906/915 937/937/938 936/936/934
f 924/924/936 923/923/935 892/892/912
f 907/907/937 938/938/965 937/937/938
f 894/894/918 925/925/967 924/924/936
f 939/939/939 938/938/965 907/907/937
f 926/926/940 925/925/967 894/894/918
f 940/940/942 939/939/939 908/908/916
f 927/927/943 926/926/940 895/895/941
f 910/910/944 941/941/972 940/940/942
f 928/928/945 927/927/943 896/896/919
f 942/942/947 941/941/972 910/910/944
f 898/898/895 929/929/952 928/928/945
f 916/916/948 915/915/946 884/884/923
f 943/943/949 942/942/947 911/911/924
f 899/899/951 930/930/978 929/929/952
f 886/886/953 917/917/981 916/916/948
f 944/944/954 943/943/949 912/912/950
f 931/931/955 930/930/978 899/899/951
f 918/918/956 917/917/981 886/886/953
f 945/945/927 944/944/954 913/913/898
f 934/934/957 965/965/960 964/964/958
f 952/952/959 951/951/987 920/920/928
f 935/935/932 966/966/989 965/965/960
f 922/922/961 953/953/991 952/952/959
f 967/967/962 966/966/989 935/935/932
f 954/954/963 953/953/991 922/922/961
f 937/937/938 968/968/966 967/967/962
f 955/955/964 954/954/963 923/923/935
f 938/938/965 969/969/993 968/968/966
f 925/925/967 956/956/995 955/955/964
f 970/970/968 969/969/993 938/938/965
f 957/957/969 956/956/995 925/925/967
f 971/971/970 970/970/968 939/939/939
f 958/958/971 957/957/969 926/926/940
f 941/941/972 972/972/1000 971/971/970
f 959/959/973 958/958/971 927/927/943
f 973/973/975 972/972/1000 941/941/972
f 929/929/952 960/960/979 959/959/973
f 947/947/976 946/946/974 915/915/946
f 974/974/977 973/973/975 942/942/947
f 930/930/978 961/961/1004 960/960/979
f 948/948/980 947/947/976 916/916/948
f 975/975/982 974/974/977 943/943/949
f 962/962/983 961/961/1004 930/930/978
f 918/918/956 949/949/1010 948/948/980
f 945/945/927 976/976/986 975/975/982
f 963/963/984 962/962/983 931/931/955
f 950/950/985 949/949/1010 918/918/956
f 933/933/930 964/964/958 963/963/984
f 951/951/987 950/950/985 919/919/926
f 998/998/988 997/997/1016 966/966/989
f 985/985/990 984/984/1045 953/953/991
f 968/968/966 999/999/994 998/998/988
f 986/986/992 985/985/990 954/954/963
f 969/969/993 1000/1000/1017 999/999/994
f 956/956/995 987/987/1019 986/986/992
f 1001/1001/996 1000/1000/1017 969/969/993
f 988/988/997 987/987/1019 956/956/995
f 1002/1002/998 1001/1001/996 970/970/968
f 989/989/999 988/988/997 957/957/969
f 972/972/1000 1003/1003/1024 1002/1002/998
f 990/990/1001 989/989/999 958/958/971
f 1004/1004/1003 1003/1003/1024 972/972/1000
f 960/960/979 991/991/1005 990/990/1001
f 947/947/976 978/978/1030 977/977/1002
f 974/974/977 1005/1005/1031 1004/1004/1003
f 961/961/1004 992/992/1032 991/991/1005
f 979/979/1006 978/978/1030 947/947/976
f 1006/1006/1007 1005/1005/1031 974/974/977
f 993/993/1008 992/992/1032 961/961/1004
f 980/980/1009 979/979/1006 948/948/980
f 1007/1007/1011 1006/1006/1007 975/975/982
f 994/994/1012 993/993/1008 962/962/983
f 950/950/985 981/981/1039 980/980/1009
f 964/964/958 995/995/1014 994/994/1012
f 982/982/1013 981/981/1039 950/950/985
f 965/965/960 996/996/1042 995/995/1014
f 983/983/1015 982/982/1013 951/951/987
f 997/997/1016 996/996/1042 965/965/960
f 953/953/991 984/984/1045 983/983/1015
f 1000/1000/1017 1031/1031/1076 1030/1030/1018
f 987/987/1019 1018/1018/1022 1017/1017/1020
f 1032/1032/1021 1031/1031/1076 1000/1000/1017
f 988/988/997 1019/1019/1023 1018/1018/1022
f 1002/1002/998 1033/1033/1025 1032/1032/1021
f 989/989/999 1020/1020/1050 1019/1019/1023
f 1003/1003/1024 1034/1034/1051 1033/1033/1025
f 1021/1021/1026 1020/1020/1050 989/989/999
f 1035/1035/1028 1034/1034/1051 1003/1003/1024
f 991/991/1005 1022/1022/1033 1021/1021/1026
f 1009/1009/1029 1008/1008/1027 977/977/1002
f 1005/1005/1031 1036/1036/1055 1035/1035/1028
f 992/992/1032 1023/1023/1056 1022/1022/1033
f 979/979/1006 1010/1010/1058 1009/1009/1029
f 1037/1037/1034 1036/1036/1055 1005/1005/1031
f 1024/1024/1035 1023/1023/1056 992/992/1032
f 1011/1011/1036 1010/1010/1058 979/979/1006
f 1038/1038/1037 1037/1037/1034 1006/1006/1007
f 1025/1025/1038 1024/1024/1035 993/993/1008
f 981/981/1039 1012/1012/1066 1011/1011/1036
f 995/995/1014 1026/1026/1067 1025/1025/1038
f 1013/1013/1040 1012/1012/1066 981/981/1039
f 1027/1027/1041 1026/1026/1067 995/995/1014
f 1014/1014/1043 1013/1013/1040 982/982/1013
f 1028/1028/1044 1027/1027/1041 996/996/1042
f 984/984/1045 1015/1015/1071 1014/1014/1043
f 1029/1029/1046 1028/1028/1044 997/997/1016
f 1016/1016/1047 1015/1015/1071 984/984/1045
f 999/999/994 1030/1030/1018 1029/1029/1046
f 1017/1017/1020 1016/1016/1047 985/985/990
f 1065/1128/1048 1064/1127/1078 1032/1032/1021
f 1052/1115/1049 1051/1114/1109 1019/1019/1023
f 1034/1034/1051 1066/1129/1082 1065/1128/1048
f 1053/1116/1052 1052/1115/1049 1020/1020/1050
f 1067/1130/1054 1066/1129/1082 1034/1034/1051
f 1022/1022/1033 1054/1117/1057 1053/1116/1052
f 1009/1009/1029 1041/1104/1059 1040/1103/1053
f 1036/1036/1055 1068/1131/1085 1067/1130/1054
f 1023/1023/1056 1055/1118/1087 1054/1117/1057
f 1010/1010/1058 1042/1105/1090 1041/1104/1059
f 1069/1132/1060 1068/1131/1085 1036/1036/1055
f 1056/1119/1061 1055/1118/1087 1023/1023/1056
f 1043/1106/1062 1042/1105/1090 1010/1010/1058
f 1070/1133/1063 1069/1132/1060 1037/1037/1034
f 1057/1120/1064 1056/1119/1061 1024/1024/1035
f 1044/1107/1065 1043/1106/1062 1011/1011/1036
f 1026/1026/1067 1058/1121/1069 1057/1120/1064
f 1045/1108/1068 1044/1107/1065 1012/1012/1066
f 1027/1027/1041 1059/1122/1099 1058/1121/1069
f 1014/1014/1043 1046/1109/1072 1045/1108/1068
f 1060/1123/1070 1059/1122/1099 1027/1027/1041
f 1015/1015/1071 1047/1110/1102 1046/1109/1072
f 1061/1124/1073 1060/1123/1070 1028/1028/1044
f 1048/1111/1074 1047/1110/1102 1015/1015/1071
f 1062/1125/1075 1061/1124/1073 1029/1029/1046
f 1017/1017/1020 1049/1112/1077 1048/1111/1074
f 1031/1031/1076 1063/1126/1106 1062/1125/1075
f 1018/1018/1022 1050/1113/1079 1049/1112/1077
f 1064/1127/1078 1063/1126/1106 1031/1031/1076
f 1019/1019/1023 1051/1114/1109 1050/1113/1079
f 1067/1130/1054 1098/1161/1086 1097/1160/1081
f 1054/1117/1057 1085/1148/1088 1084/1147/1083
f 1072/1135/1084 1071/1134/1080 1040/1103/1053
f 1068/1131/1085 1099/1162/1115 1098/1161/1086
f 1055/1118/1087 1086/1149/1117 1085/1148/1088
f 1073/1136/1089 1072/1135/1084 1041/1104/1059
f 1100/1163/1091 1099/1162/1115 1068/1131/1085
f 1087/1150/1092 1086/1149/1117 1055/1118/1087
f 1074/1137/1093 1073/1136/1089 1042/1105/1090
f 1070/1133/1063 1101/1164/1096 1100/1163/1091
f 1088/1151/1094 1087/1150/1092 1056/1119/1061
f 1075/1138/1095 1074/1137/1093 1043/1106/1062
f 1058/1121/1069 1089/1152/1122 1088/1151/1094
f 1076/1139/1097 1075/1138/1095 1044/1107/1065
f 1090/1153/1098 1089/1152/1122 1058/1121/1069
f 1077/1140/1100 1076/1139/1097 1045/1108/1068
f 1091/1154/1101 1090/1153/1098 1059/1122/1099
f 1047/1110/1102 1078/1141/1125 1077/1140/1100
f 1092/1155/1103 1091/1154/1101 1060/1123/1070
f 1079/1142/1104 1078/1141/1125 1047/1110/1102
f 1062/1125/1075 1093/1156/1107 1092/1155/1103
f 1080/1143/1105 1079/1142/1104 1048/1111/1074
f 1063/1126/1106 1094/1157/1131 1093/1156/1107
f 1050/1113/1079 1081/1144/1110 1080/1143/1105
f 1095/1158/1108 1094/1157/1131 1063/1126/1106
f 1051/1114/1109 1082/1145/1112 1081/1144/1110
f 1096/1159/1111 1095/1158/1108 1064/1127/1078
f 1052/1115/1049 1083/1146/1134 1082/1145/1112
f 1066/1129/1082 1097/1160/1081 1096/1159/1111
f 1084/1147/1083 1083/1146/1134 1052/1115/1049
f 1104/1167/1113 1103/1166/1166 1072/1135/1084
f 1131/1194/1114 1130/1193/1139 1099/1162/1115
f 1118/1181/1116 1117/1180/1167 1086/1149/1117
f 1105/1168/1118 1104/1167/1113 1073/1136/1089
f 1132/1195/1119 1131/1194/1114 1100/1163/1091
f 1119/1182/1120 1118/1181/1116 1087/1150/1092
f 1106/1169/1121 1105/1168/1118 1074/1137/1093
f 1089/1152/1122 1120/1183/1143 1119/1182/1120
f 1107/1170/1123 1106/1169/1121 1075/1138/1095
f 1121/1184/1124 1120/1183/1143 1089/1152/1122
f 1077/1140/1100 1108/1171/1126 1107/1170/1123
f 1091/1154/1101 1122/1185/1148 1121/1184/1124
f 1078/1141/1125 1109/1172/1149 1108/1171/1126
f 1123/1186/1127 1122/1185/1148 1091/1154/1101
f 1110/1173/1128 1109/1172/1149 1078/1141/1125
f 1124/1187/1129 1123/1186/1127 1092/1155/1103
f 1111/1174/1130 1110/1173/1128 1079/1142/1104
f 1094/1157/1131 1125/1188/1154 1124/1187/1129
f 1081/1144/1110 1112/1175/1156 1111/1174/1130
f 1126/1189/1132 1125/1188/1154 1094/1157/1131
f 1113/1176/1133 1112/1175/1156 1081/1144/1110
f 1096/1159/1111 1127/1190/1135 1126/1189/1132
f 1083/1146/1134 1114/1177/1160 1113/1176/1133
f 1097/1160/1081 1128/1191/1161 1127/1190/1135
f 1115/1178/1136 1114/1177/1160 1083/1146/1134
f 1129/1192/1138 1128/1191/1161 1097/1160/1081
f 1085/1148/1088 1116/1179/1140 1115/1178/1136
f 1072/1135/1084 1103/1166/1166 1102/1165/1137
f 1130/1193/1139 1129/1192/1138 1098/1161/1086
f 1086/1149/1117 1117/1180/1167 1116/1179/1140
f 1106/1169/1121 1137/1200/1202 1136/1199/1141
f 1120/1183/1143 1151/1214/1203 1150/1213/1144
f 1138/1201/1145 1137/1200/1202 1106/1169/1121
f 1152/1215/1146 1151/1214/1203 1120/1183/1143
f 1108/1171/1126 1139/1202/1150 1138/1201/1145
f 1153/1216/1147 1152/1215/1146 1121/1184/1124
f 1109/1172/1149 1140/1203/1174 1139/1202/1150
f 1154/1217/1151 1153/1216/1147 1122/1185/1148
f 1141/1204/1152 1140/1203/1174 1109/1172/1149
f 1124/1187/1129 1155/1218/1155 1154/1217/1151
f 1142/1205/1153 1141/1204/1152 1110/1173/1128
f 1125/1188/1154 1156/1219/1179 1155/1218/1155
f 1112/1175/1156 1143/1206/1180 1142/1205/1153
f 1157/1220/1157 1156/1219/1179 1125/1188/1154
f 1144/1207/1158 1143/1206/1180 1112/1175/1156
f 1158/1221/1159 1157/1220/1157 1126/1189/1132
f 1114/1177/1160 1145/1208/1185 1144/1207/1158
f 1128/1191/1161 1159/1222/1186 1158/1221/1159
f 1146/1209/1162 1145/1208/1185 1114/1177/1160
f 1160/1223/1164 1159/1222/1186 1128/1191/1161
f 1116/1179/1140 1147/1210/1168 1146/1209/1162
f 1134/1197/1165 1133/1196/1163 1102/1165/1137
f 1130/1193/1139 1161/1224/1192 1160/1223/1164
f 1117/1180/1167 1148/1211/1193 1147/1210/1168
f 1135/1198/1169 1134/1197/1165 1103/1166/1166
f 1162/1225/1170 1161/1224/1192 1130/1193/1139
f 1149/1212/1171 1148/1211/1193 1117/1180/1167
f 1136/1199/1141 1135/1198/1169 1104/1167/1113
f 1132/1195/1119 1163/1226/1142 1162/1225/1170
f 1150/1213/1144 1149/1212/1171 1118/1181/1116
f 1139/1202/1150 1170/1233/1175 1169/1232/1172
f 1153/1216/1147 1184/1247/1233 1183/1246/1173
f 1140/1203/1174 1171/1234/1205 1170/1233/1175
f 1185/1248/1176 1184/1247/1233 1153/1216/1147
f 1172/1235/1177 1171/1234/1205 1140/1203/1174
f 1186/1249/1178 1185/1248/1176 1154/1217/1151
f 1142/1205/1153 1173/1236/1181 1172/1235/1177
f 1156/1219/1179 1187/1250/1208 1186/1249/1178
f 1143/1206/1180 1174/1237/1209 1173/1236/1181
f 1188/1251/1182 1187/1250/1208 1156/1219/1179
f 1175/1238/1183 1174/1237/1209 1143/1206/1180
f 1189/1252/1184 1188/1251/1182 1157/1220/1157
f 1145/1208/1185 1176/1239/1212 1175/1238/1183
f 1159/1222/1186 1190/1253/1214 1189/1252/1184
f 1177/1240/1187 1176/1239/1212 1145/1208/1185
f 1191/1254/1189 1190/1253/1214 1159/1222/1186
f 1147/1210/1168 1178/1241/1194 1177/1240/1187
f 1165/1228/1190 1164/1227/1188 1133/1196/1163
f 1192/1255/1191 1191/1254/1189 1160/1223/1164
f 1148/1211/1193 1179/1242/1220 1178/1241/1194
f 1166/1229/1195 1165/1228/1190 1134/1197/1165
f 1193/1256/1196 1192/1255/1191 1161/1224/1192
f 1180/1243/1197 1179/1242/1220 1148/1211/1193
f 1167/1230/1198 1166/1229/1195 1135/1198/1169
f 1194/1257/1199 1193/1256/1196 1162/1225/1170
f 1181/1244/1200 1180/1243/1197 1149/1212/1171
f 1168/1231/1201 1167/1230/1198 1136/1199/1141
f 1151/1214/1203 1182/1245/1228 1181/1244/1200
f 1169/1232/1172 1168/1231/1201 1137/1200/1202
f 1183/1246/1173 1182/1245/1228 1151/1214/1203
f 1203/1266/1204 1202/1265/1263 1171/1234/1205
f 1217/1280/1206 1216/1279/1234 1185/1248/1176
f 1204/1267/1207 1203/1266/1204 1172/1235/1177
f 1187/1250/1208 1218/1281/1237 1217/1280/1206
f 1174/1237/1209 1205/1268/1211 1204/1267/1207
f 1219/1282/1210 1218/1281/1237 1187/1250/1208
f 1175/1238/1183 1206/1269/1213 1205/1268/1211
f 1189/1252/1184 1220/1283/1215 1219/1282/1210
f 1176/1239/1212 1207/1270/1240 1206/1269/1213
f 1190/1253/1214 1221/1284/1242 1220/1283/1215
f 1208/1271/1216 1207/1270/1240 1176/1239/1212
f 1222/1285/1218 1221/1284/1242 1190/1253/1214
f 1178/1241/1194 1209/1272/1221 1208/1271/1216
f 1196/1259/1219 1195/1258/1217 1164/1227/1188
f 1192/1255/1191 1223/1286/1247 1222/1285/1218
f 1179/1242/1220 1210/1273/1249 1209/1272/1221
f 1166/1229/1195 1197/1260/1251 1196/1259/1219
f 1224/1287/1222 1223/1286/1247 1192/1255/1191
f 1211/1274/1223 1210/1273/1249 1179/1242/1220
f 1198/1261/1224 1197/1260/1251 1166/1229/1195
f 1194/1257/1199 1225/1288/1227 1224/1287/1222
f 1212/1275/1225 1211/1274/1223 1180/1243/1197
f 1199/1262/1226 1198/1261/1224 1167/1230/1198
f 1182/1245/1228 1213/1276/1258 1212/1275/1225
f 1200/1263/1229 1199/1262/1226 1168/1231/1201
f 1214/1277/1230 1213/1276/1258 1182/1245/1228
f 1201/1264/1231 1200/1263/1229 1169/1232/1172
f 1215/1278/1232 1214/1277/1230 1183/1246/1173
f 1171/1234/1205 1202/1265/1263 1201/1264/1231
f 1216/1279/1234 1215/1278/1232 1184/1247/1233
f 1205/1268/1211 1237/1363/1238 1236/1362/1235
f 1251/1377/1236 1250/1376/1293 1218/1281/1237
f 1206/1269/1213 1238/1364/1241 1237/1363/1238
f 1252/1378/1239 1251/1377/1236 1219/1282/1210
f 1207/1270/1240 1239/1365/1268 1238/1364/1241
f 1221/1284/1242 1253/1379/1245 1252/1378/1239
f 1240/1366/1243 1239/1365/1268 1207/1270/1240
f 1222/1285/1218 1254/1380/1248 1253/1379/1245
f 1209/1272/1221 1241/1367/1250 1240/1366/1243
f 1228/1354/1246 1227/1353/1244 1195/1258/1217
f 1223/1286/1247 1255/1381/1274 1254/1380/1248
f 1210/1273/1249 1242/1368/1275 1241/1367/1250
f 1197/1260/1251 1229/1355/1277 1228/1354/1246
f 1256/1382/1252 1255/1381/1274 1223/1286/1247
f 1243/1369/1253 1242/1368/1275 1210/1273/1249
f 1230/1356/1254 1229/1355/1277 1197/1260/1251
f 1225/1288/1227 1257/1383/1257 1256/1382/1252
f 1244/1370/1255 1243/1369/1253 1211/1274/1223
f 1231/1357/1256 1230/1356/1254 1198/1261/1224
f 1213/1276/1258 1245/1371/1284 1244/1370/1255
f 1232/1358/1259 1231/1357/1256 1199/1262/1226
f 1246/1372/1260 1245/1371/1284 1213/1276/1258
f 1233/1359/1261 1232/1358/1259 1200/1263/1229
f 1247/1373/1262 1246/1372/1260 1214/1277/1230
f 1202/1265/1263 1234/1360/1289 1233/1359/1261
f 1248/1374/1264 1247/1373/1262 1215/1278/1232
f 1235/1361/1265 1234/1360/1289 1202/1265/1263
f 1217/1280/1206 1249/1375/1266 1248/1374/1264
f 1236/1362/1235 1235/1361/1265 1203/1266/1204
f 1218/1281/1237 1250/1376/1293 1249/1375/1266
f 1270/1396/1267 1269/1395/1322 1238/1364/1241
f 1253/1379/1245 1284/1410/1325 1283/1409/1269
f 1271/1397/1270 1270/1396/1267 1239/1365/1268
f 1285/1411/1272 1284/1410/1325 1253/1379/1245
f 1241/1367/1250 1272/1398/1276 1271/1397/1270
f 1259/1385/1273 1258/1384/1271 1227/1353/1244
f 1255/1381/1274 1286/1412/1300 1285/1411/1272
f 1242/1368/1275 1273/1399/1301 1272/1398/1276
f 1229/1355/1277 1260/1386/1303 1259/1385/1273
f 1287/1413/1278 1286/1412/1300 1255/1381/1274
f 1274/1400/1279 1273/1399/1301 1242/1368/1275
f 1261/1387/1280 1260/1386/1303 1229/1355/1277
f 1257/1383/1257 1288/1414/1283 1287/1413/1278
f 1275/1401/1281 1274/1400/1279 1243/1369/1253
f 1262/1388/1282 1261/1387/1280 1230/1356/1254
f 1245/1371/1284 1276/1402/1286 1275/1401/1281
f 1263/1389/1285 1262/1388/1282 1231/1357/1256
f 1246/1372/1260 1277/1403/1312 1276/1402/1286
f 1264/1390/1287 1263/1389/1285 1232/1358/1259
f 1278/1404/1288 1277/1403/1312 1246/1372/1260
f 1234/1360/1289 1265/1391/1315 1264/1390/1287
f 1279/1405/1290 1278/1404/1288 1247/1373/1262
f 1266/1392/1291 1265/1391/1315 1234/1360/1289
f 1280/1406/1292 1279/1405/1290 1248/1374/1264
f 1236/1362/1235 1267/1393/1294 1266/1392/1291
f 1250/1376/1293 1281/1407/1320 1280/1406/1292
f 1237/1363/1238 1268/1394/1296 1267/1393/1294
f 1282/1408/1295 1281/1407/1320 1250/1376/1293
f 1238/1364/1241 1269/1395/1322 1268/1394/1296
f 1252/1378/1239 1283/1409/1269 1282/1408/1295
f 1272/1398/1276 1303/1429/1302 1302/1428/1297
f 1290/1416/1298 1289/1415/1327 1258/1384/1271
f 1317/1443/1299 1316/1442/1328 1285/1411/1272
f 1273/1399/1301 1304/1430/1330 1303/1429/1302
f 1260/1386/1303 1291/1417/1332 1290/1416/1298
f 1318/1444/1304 1317/1443/1299 1286/1412/1300
f 1305/1431/1305 1304/1430/1330 1273/1399/1301
f 1292/1418/1306 1291/1417/1332 1260/1386/1303
f 1288/1414/1283 1319/1445/1309 1318/1444/1304
f 1306/1432/1307 1305/1431/1305 1274/1400/1279
f 1293/1419/1308 1292/1418/1306 1261/1387/1280
f 1276/1402/1286 1307/1433/1337 1306/1432/1307
f 1294/1420/1310 1293/1419/1308 1262/1388/1282
f 1308/1434/1311 1307/1433/1337 1276/1402/1286
f 1295/1421/1313 1294/1420/1310 1263/1389/1285
f 1309/1435/1314 1308/1434/1311 1277/1403/1312
f 1265/1391/1315 1296/1422/1342 1295/1421/1313
f 1310/1436/1316 1309/1435/1314 1278/1404/1288
f 1297/1423/1317 1296/1422/1342 1265/1391/1315
f 1311/1437/1318 1310/1436/1316 1279/1405/1290
f 1298/1424/1319 1297/1423/1317 1266/1392/1291
f 1281/1407/1320 1312/1438/1346 1311/1437/1318
f 1268/1394/1296 1299/1425/1323 1298/1424/1319
f 1313/1439/1321 1312/1438/1346 1281/1407/1320
f 1269/1395/1322 1300/1426/1324 1299/1425/1323
f 1283/1409/1269 1314/1440/1326 1313/1439/1321
f 1270/1396/1267 1301/1427/1352 1300/1426/1324
f 1284/1410/1325 1315/1441/1353 1314/1440/1326
f 1302/1428/1297 1301/1427/1352 1270/1396/1267
f 1316/1442/1328 1315/1441/1353 1284/1410/1325
f 1336/1462/1329 1335/1461/1383 1304/1430/1330
f 1323/1449/1331 1322/1448/1385 1291/1417/1332
f 1319/1445/1309 1350/1476/1336 1349/1475/1333
f 1337/1463/1334 1336/1462/1329 1305/1431/1305
f 1324/1450/1335 1323/1449/1331 1292/1418/1306
f 1307/1433/1337 1338/1464/1339 1337/1463/1334
f 1325/1451/1338 1324/1450/1335 1293/1419/1308
f 1308/1434/1311 1339/1465/1362 1338/1464/1339
f 1326/1452/1340 1325/1451/1338 1294/1420/1310
f 1340/1466/1341 1339/1465/1362 1308/1434/1311
f 1296/1422/1342 1327/1453/1365 1326/1452/1340
f 1341/1467/1343 1340/1466/1341 1309/1435/1314
f 1328/1454/1344 1327/1453/1365 1296/1422/1342
f 1342/1468/1345 1341/1467/1343 1310/1436/1316
f 1298/1424/1319 1329/1455/1347 1328/1454/1344
f 1312/1438/1346 1343/1469/1369 1342/1468/1345
f 1299/1425/1323 1330/1456/1349 1329/1455/1347
f 1344/1470/1348 1343/1469/1369 1312/1438/1346
f 1300/1426/1324 1331/1457/1372 1330/1456/1349
f 1345/1471/1350 1344/1470/1348 1313/1439/1321
f 1332/1458/1351 1331/1457/1372 1300/1426/1324
f 1315/1441/1353 1346/1472/1376 1345/1471/1350
f 1333/1459/1354 1332/1458/1351 1301/1427/1352
f 1347/1473/1356 1346/1472/1376 1315/1441/1353
f 1303/1429/1302 1334/1460/1358 1333/1459/1354
f 1321/1447/1357 1320/1446/1355 1289/1415/1327
f 1317/1443/1299 1348/1474/1382 1347/1473/1356
f 1304/1430/1330 1335/1461/1383 1334/1460/1358
f 1291/1417/1332 1322/1448/1385 1321/1447/1357
f 1349/1475/1333 1348/1474/1382 1317/1443/1299
f 1338/1464/1339 1369/1495/1419 1368/1494/1359
f 1356/1482/1360 1355/1481/1389 1324/1450/1335
f 1370/1496/1361 1369/1495/1419 1338/1464/1339
f 1357/1483/1363 1356/1482/1360 1325/1451/1338
f 1371/1497/1364 1370/1496/1361 1339/1465/1362
f 1327/1453/1365 1358/1484/1392 1357/1483/1363
f 1372/1498/1366 1371/1497/1364 1340/1466/1341
f 1359/1485/1367 1358/1484/1392 1327/1453/1365
f 1342/1468/1345 1373/1499/1370 1372/1498/1366
f 1360/1486/1368 1359/1485/1367 1328/1454/1344
f 1343/1469/1369 1374/1500/1397 1373/1499/1370
f 1330/1456/1349 1361/1487/1373 1360/1486/1368
f 1375/1501/1371 1374/1500/1397 1343/1469/1369
f 1331/1457/1372 1362/1488/1375 1361/1487/1373
f 1376/1502/1374 1375/1501/1371 1344/1470/1348
f 1332/1458/1351 1363/1489/1403 1362/1488/1375
f 1346/1472/1376 1377/1503/1404 1376/1502/1374
f 1364/1490/1377 1363/1489/1403 1332/1458/1351
f 1378/1504/1379 1377/1503/1404 1346/1472/1376
f 1334/1460/1358 1365/1491/1384 1364/1490/1377
f 1352/1478/1380 1351/1477/1378 1320/1446/1355
f 1379/1505/1381 1378/1504/1379 1347/1473/1356
f 1335/1461/1383 1366/1492/1409 1365/1491/1384
f 1322/1448/1385 1353/1479/1412 1352/1478/1380
f 1380/1506/1386 1379/1505/1381 1348/1474/1382
f 1367/1493/1387 1366/1492/1409 1335/1461/1383
f 1354/1480/1388 1353/1479/1412 1322/1448/1385
f 1350/1476/1336 1381/1507/1390 1380/1506/1386
f 1368/1494/1359 1367/1493/1387 1336/1462/1329
f 1355/1481/1389 1354/1480/1388 1323/1449/1331
f 1402/1528/1391 1401/1527/1446 1370/1496/1361
f 1358/1484/1392 1389/1515/1450 1388/1514/1393
f 1403/1529/1394 1402/1528/1391 1371/1497/1364
f 1390/1516/1395 1389/1515/1450 1358/1484/1392
f 1373/1499/1370 1404/1530/1398 1403/1529/1394
f 1391/1517/1396 1390/1516/1395 1359/1485/1367
f 1374/1500/1397 1405/1531/1424 1404/1530/1398
f 1361/1487/1373 1392/1518/1400 1391/1517/1396
f 1406/1532/1399 1405/1531/1424 1374/1500/1397
f 1362/1488/1375 1393/1519/1427 1392/1518/1400
f 1407/1533/1401 1406/1532/1399 1375/1501/1371
f 1394/1520/1402 1393/1519/1427 1362/1488/1375
f 1377/1503/1404 1408/1534/1430 1407/1533/1401
f 1395/1521/1405 1394/1520/1402 1363/1489/1403
f 1409/1535/1407 1408/1534/1430 1377/1503/1404
f 1365/1491/1384 1396/1522/1410 1395/1521/1405
f 1383/1509/1408 1382/1508/1406 1351/1477/1378
f 1379/1505/1381 1410/1536/1437 1409/1535/1407
f 1366/1492/1409 1397/1523/1438 1396/1522/1410
f 1384/1510/1411 1383/1509/1408 1352/1478/1380
f 1411/1537/1413 1410/1536/1437 1379/1505/1381
f 1398/1524/1414 1397/1523/1438 1366/1492/1409
f 1385/1511/1415 1384/1510/1411 1353/1479/1412
f 1412/1538/1416 1411/1537/1413 1380/1506/1386
f 1399/1525/1417 1398/1524/1414 1367/1493/1387
f 1386/1512/1418 1385/1511/1415 1354/1480/1388
f 1369/1495/1419 1400/1526/1421 1399/1525/1417
f 1387/1513/1420 1386/1512/1418 1355/1481/1389
f 1370/1496/1361 1401/1527/1446 1400/1526/1421
f 1357/1483/1363 1388/1514/1393 1387/1513/1420
f 1404/1530/1398 1435/1561/1425 1434/1560/1422
f 1422/1548/1423 1421/1547/1451 1390/1516/1395
f 1405/1531/1424 1436/1562/1453 1435/1561/1425
f 1392/1518/1400 1423/1549/1428 1422/1548/1423
f 1437/1563/1426 1436/1562/1453 1405/1531/1424
f 1393/1519/1427 1424/1550/1455 1423/1549/1428
f 1407/1533/1401 1438/1564/1431 1437/1563/1426
f 1425/1551/1429 1424/1550/1455 1393/1519/1427
f 1408/1534/1430 1439/1565/1456 1438/1564/1431
f 1426/1552/1432 1425/1551/1429 1394/1520/1402
f 1440/1566/1434 1439/1565/1456 1408/1534/1430
f 1396/1522/1410 1427/1553/1439 1426/1552/1432
f 1414/1540/1435 1413/1539/1433 1382/1508/1406
f 1441/1567/1436 1440/1566/1434 1409/1535/1407
f 1397/1523/1438 1428/1554/1463 1427/1553/1439
f 1384/1510/1411 1415/1541/1466 1414/1540/1435
f 1442/1568/1440 1441/1567/1436 1410/1536/1437
f 1429/1555/1441 1428/1554/1463 1397/1523/1438
f 1416/1542/1442 1415/1541/1466 1384/1510/1411
f 1443/1569/1443 1442/1568/1440 1411/1537/1413
f 1430/1556/1444 1429/1555/1441 1398/1524/1414
f 1386/1512/1418 1417/1543/1471 1416/1542/1442
f 1400/1526/1421 1431/1557/1447 1430/1556/1444
f 1418/1544/1445 1417/1543/1471 1386/1512/1418
f 1401/1527/1446 1432/1558/1475 1431/1557/1447
f 1419/1545/1448 1418/1544/1445 1387/1513/1420
f 1433/1559/1449 1432/1558/1475 1401/1527/1446
f 1389/1515/1450 1420/1546/1478 1419/1545/1448
f 1434/1560/1422 1433/1559/1449 1402/1528/1391
f 1421/1547/1451 1420/1546/1478 1389/1515/1450
f 1468/1594/1452 1467/1593/1509 1436/1562/1453
f 1455/1581/1454 1454/1580/1511 1423/1549/1428
f 1438/1564/1431 1469/1595/1457 1468/1594/1452
f 1425/1551/1429 1456/1582/1486 1455/1581/1454
f 1439/1565/1456 1470/1596/1483 1469/1595/1457
f 1457/1583/1458 1456/1582/1486 1425/1551/1429
f 1471/1597/1460 1470/1596/1483 1439/1565/1456
f 1427/1553/1439 1458/1584/1464 1457/1583/1458
f 1445/1571/1461 1444/1570/1459 1413/1539/1433
f 1472/1598/1462 1471/1597/1460 1440/1566/1434
f 1428/1554/1463 1459/1585/1490 1458/1584/1464
f 1446/1572/1465 1445/1571/1461 1414/1540/1435
f 1473/1599/1467 1472/1598/1462 1441/1567/1436
f 1460/1586/1468 1459/1585/1490 1428/1554/1463
f 1416/1542/1442 1447/1573/1496 1446/1572/1465
f 1443/1569/1443 1474/1600/1472 1473/1599/1467
f 1461/1587/1469 1460/1586/1468 1429/1555/1441
f 1448/1574/1470 1447/1573/1496 1416/1542/1442
f 1431/1557/1447 1462/1588/1500 1461/1587/1469
f 1449/1575/1473 1448/1574/1470 1417/1543/1471
f 1463/1589/1474 1462/1588/1500 1431/1557/1447
f 1450/1576/1476 1449/1575/1473 1418/1544/1445
f 1464/1590/1477 1463/1589/1474 1432/1558/1475
f 1420/1546/1478 1451/1577/1505 1450/1576/1476
f 1465/1591/1479 1464/1590/1477 1433/1559/1449
f 1452/1578/1480 1451/1577/1505 1420/1546/1478
f 1435/1561/1425 1466/1592/1482 1465/1591/1479
f 1453/1579/1481 1452/1578/1480 1421/1547/1451
f 1436/1562/1453 1467/1593/1509 1466/1592/1482
f 1423/1549/1428 1454/1580/1511 1453/1579/1481
f 1470/1596/1483 1501/1653/1540 1500/1651/1484
f 1488/1628/1485 1487/1625/1514 1456/1582/1486
f 1502/1655/1488 1501/1653/1540 1470/1596/1483
f 1458/1584/1464 1489/1629/1491 1488/1628/1485
f 1476/1604/1489 1475/1601/1487 1444/1570/1459
f 1472/1598/1462 1503/1657/1516 1502/1655/1488
f 1459/1585/1490 1490/1631/1517 1489/1629/1491
f 1477/1605/1492 1476/1604/1489 1445/1571/1461
f 1504/1660/1493 1503/1657/1516 1472/1598/1462
f 1491/1633/1494 1490/1631/1517 1459/1585/1490
f 1478/1607/1495 1477/1605/1492 1446/1572/1465
f 1474/1600/1472 1505/1661/1499 1504/1660/1493
f 1492/1636/1497 1491/1633/1494 1460/1586/1468
f 1479/1609/1498 1478/1607/1495 1447/1573/1496
f 1462/1588/1500 1493/1637/1502 1492/1636/1497
f 1480/1611/1501 1479/1609/1498 1448/1574/1470
f 1463/1589/1474 1494/1639/1528 1493/1637/1502
f 1481/1614/1503 1480/1611/1501 1449/1575/1473
f 1495/1641/1504 1494/1639/1528 1463/1589/1474
f 1451/1577/1505 1482/1615/1531 1481/1614/1503
f 1496/1644/1506 1495/1641/1504 1464/1590/1477
f 1483/1617/1507 1482/1615/1531 1451/1577/1505
f 1466/1592/1482 1497/1645/1510 1496/1644/1506
f 1484/1620/1508 1483/1617/1507 1452/1578/1480
f 1467/1593/1509 1498/1647/1535 1497/1645/1510
f 1454/1580/1511 1485/1621/1513 1484/1620/1508
f 1499/1650/1512 1498/1647/1535 1467/1593/1509
f 1455/1581/1454 1486/1624/1539 1485/1621/1513
f 1500/1651/1484 1499/1650/1512 1468/1594/1452
f 1487/1625/1514 1486/1624/1539 1455/1581/1454
f 1534/1691/1515 1533/1690/1544 1502/1656/1488
f 1490/1632/1517 1521/1678/1570 1520/1677/1518
f 1477/1606/1492 1508/1665/1573 1507/1664/1519
f 1535/1692/1520 1534/1691/1515 1503/1658/1516
f 1522/1679/1521 1521/1678/1570 1490/1632/1517
f 1509/1666/1522 1508/1665/1573 1477/1606/1492
f 1505/1662/1499 1536/1693/1525 1535/1692/1520
f 1523/1680/1523 1522/1679/1521 1491/1634/1494
f 1510/1667/1524 1509/1666/1522 1478/1608/1495
f 1493/1638/1502 1524/1681/1548 1523/1680/1523
f 1511/1668/1526 1510/1667/1524 1479/1610/1498
f 1525/1682/1527 1524/1681/1548 1493/1638/1502
f 1512/1669/1529 1511/1668/1526 1480/1612/1501
f 1526/1683/1530 1525/1682/1527 1494/1640/1528
f 1482/1616/1531 1513/1670/1553 1512/1669/1529
f 1527/1684/1532 1526/1683/1530 1495/1642/1504
f 1514/1671/1533 1513/1670/1553 1482/1616/1531
f 1497/1646/1510 1528/1685/1536 1527/1684/1532
f 1515/1672/1534 1514/1671/1533 1483/1618/1507
f 1498/1648/1535 1529/1686/1557 1528/1685/1536
f 1485/1622/1513 1516/1673/1559 1515/1672/1534
f 1530/1687/1537 1529/1686/1557 1498/1648/1535
f 1517/1674/1538 1516/1673/1559 1485/1622/1513
f 1500/1652/1484 1531/1688/1541 1530/1687/1537
f 1487/1626/1514 1518/1675/1563 1517/1674/1538
f 1501/1654/1540 1532/1689/1565 1531/1688/1541
f 1519/1676/1542 1518/1675/1563 1487/1626/1514
f 1533/1690/1544 1532/1689/1565 1501/1654/1540
f 1489/1630/1491 1520/1677/1518 1519/1676/1542
f 1507/1664/1519 1506/1663/1543 1475/1602/1487
f 1567/1724/1545 1566/1723/1574 1535/1692/1520
f 1554/1711/1546 1553/1710/1575 1522/1679/1521
f 1510/1667/1524 1541/1698/1606 1540/1697/1547
f 1524/1681/1548 1555/1712/1577 1554/1711/1546
f 1542/1699/1549 1541/1698/1606 1510/1667/1524
f 1556/1713/1550 1555/1712/1577 1524/1681/1548
f 1543/1700/1551 1542/1699/1549 1511/1668/1526
f 1557/1714/1552 1556/1713/1550 1525/1682/1527
f 1513/1670/1553 1544/1701/1580 1543/1700/1551
f 1558/1715/1554 1557/1714/1552 1526/1683/1530
f 1545/1702/1555 1544/1701/1580 1513/1670/1553
f 1528/1685/1536 1559/1716/1558 1558/1715/1554
f 1546/1703/1556 1545/1702/1555 1514/1671/1533
f 1529/1686/1557 1560/1717/1584 1559/1716/1558
f 1516/1673/1559 1547/1704/1561 1546/1703/1556
f 1561/1718/1560 1560/1717/1584 1529/1686/1557
f 1517/1674/1538 1548/1705/1564 1547/1704/1561
f 1562/1719/1562 1561/1718/1560 1530/1687/1537
f 1518/1675/1563 1549/1706/1588 1548/1705/1564
f 1532/1689/1565 1563/1720/1590 1562/1719/1562
f 1550/1707/1566 1549/1706/1588 1518/1675/1563
f 1564/1721/1568 1563/1720/1590 1532/1689/1565
f 1520/1677/1518 1551/1708/1571 1550/1707/1566
f 1538/1695/1569 1537/1694/1567 1506/1663/1543
f 1534/1691/1515 1565/1722/1596 1564/1721/1568
f 1521/1678/1570 1552/1709/1597 1551/1708/1571
f 1539/1696/1572 1538/1695/1569 1507/1664/1519
f 1566/1723/1574 1565/1722/1596 1534/1691/1515
f 1553/1710/1575 1552/1709/1597 1521/1678/1570
f 1540/1697/1547 1539/1696/1572 1508/1665/1573
f 1587/1744/1576 1586/1743/1626 1555/1712/1577
f 1574/1731/1578 1573/1730/1608 1542/1699/1549
f 1588/1745/1579 1587/1744/1576 1556/1713/1550
f 1544/1701/1580 1575/1732/1631 1574/1731/1578
f 1589/1746/1581 1588/1745/1579 1557/1714/1552
f 1576/1733/1582 1575/1732/1631 1544/1701/1580
f 1559/1716/1558 1590/1747/1585 1589/1746/1581
f 1577/1734/1583 1576/1733/1582 1545/1702/1555
f 1560/1717/1584 1591/1748/1635 1590/1747/1585
f 1547/1704/1561 1578/1735/1587 1577/1734/1583
f 1592/1749/1586 1591/1748/1635 1560/1717/1584
f 1548/1705/1564 1579/1736/1589 1578/1735/1587
f 1562/1719/1562 1593/1750/1591 1592/1749/1586
f 1549/1706/1588 1580/1737/1612 1579/1736/1589
f 1563/1720/1590 1594/1751/1609 1593/1750/1591
f 1581/1738/1592 1580/1737/1612 1549/1706/1588
f 1595/1752/1594 1594/1751/1609 1563/1720/1590
f 1551/1708/1571 1582/1739/1598 1581/1738/1592
f 1569/1726/1595 1568/1725/1593 1537/1694/1567
f 1565/1722/1596 1596/1753/1600 1595/1752/1594
f 1552/1709/1597 1583/1740/1617 1582/1739/1598
f 1570/1727/1599 1569/1726/1595 1538/1695/1569
f 1566/1723/1574 1597/1754/1603 1596/1753/1600
f 1584/1741/1601 1583/1740/1617 1552/1709/1597
f 1571/1728/1602 1570/1727/1599 1539/1696/1572
f 1567/1724/1545 1598/1755/1607 1597/1754/1603
f 1585/1742/1604 1584/1741/1601 1553/1710/1575
f 1572/1729/1605 1571/1728/1602 1540/1697/1547
f 1555/1712/1577 1586/1743/1626 1585/1742/1604
f 1573/1730/1608 1572/1729/1605 1541/1698/1606
f 1594/1751/1609 1625/1782/1614 1624/1781/1610
f 1612/1769/1611 1611/1768/1665 1580/1737/1612
f 1595/1752/1594 1626/1783/1616 1625/1782/1614
f 1582/1739/1598 1613/1770/1618 1612/1769/1611
f 1600/1757/1615 1599/1756/1613 1568/1725/1593
f 1596/1753/1600 1627/1784/1641 1626/1783/1616
f 1583/1740/1617 1614/1771/1642 1613/1770/1618
f 1601/1758/1619 1600/1757/1615 1569/1726/1595
f 1628/1785/1620 1627/1784/1641 1596/1753/1600
f 1615/1772/1621 1614/1771/1642 1583/1740/1617
f 1602/1759/1622 1601/1758/1619 1570/1727/1599
f 1629/1786/1623 1628/1785/1620 1597/1754/1603
f 1616/1773/1624 1615/1772/1621 1584/1741/1601
f 1603/1760/1625 1602/1759/1622 1571/1728/1602
f 1586/1743/1626 1617/1774/1650 1616/1773/1624
f 1604/1761/1627 1603/1760/1625 1572/1729/1605
f 1618/1775/1628 1617/1774/1650 1586/1743/1626
f 1605/1762/1629 1604/1761/1627 1573/1730/1608
f 1619/1776/1630 1618/1775/1628 1587/1744/1576
f 1575/1732/1631 1606/1763/1654 1605/1762/1629
f 1620/1777/1632 1619/1776/1630 1588/1745/1579
f 1607/1764/1633 1606/1763/1654 1575/1732/1631
f 1590/1747/1585 1621/1778/1636 1620/1777/1632
f 1608/1765/1634 1607/1764/1633 1576/1733/1582
f 1591/1748/1635 1622/1779/1659 1621/1778/1636
f 1578/1735/1587 1609/1766/1638 1608/1765/1634
f 1623/1780/1637 1622/1779/1659 1591/1748/1635
f 1579/1736/1589 1610/1767/1639 1609/1766/1638
f 1593/1750/1591 1624/1781/1610 1623/1780/1637
f 1580/1737/1612 1611/1768/1665 1610/1767/1639
f 1658/1815/1640 1657/1814/1668 1626/1783/1616
f 1614/1771/1642 1645/1802/1697 1644/1801/1643
f 1632/1789/1644 1631/1788/1695 1600/1757/1615
f 1659/1816/1645 1658/1815/1640 1627/1784/1641
f 1646/1803/1646 1645/1802/1697 1614/1771/1642
f 1602/1759/1622 1633/1790/1649 1632/1789/1644
f 1660/1817/1647 1659/1816/1645 1628/1785/1620
f 1647/1804/1648 1646/1803/1646 1615/1772/1621
f 1603/1760/1625 1634/1791/1671 1633/1790/1649
f 1617/1774/1650 1648/1805/1674 1647/1804/1648
f 1635/1792/1651 1634/1791/1671 1603/1760/1625
f 1649/1806/1652 1648/1805/1674 1617/1774/1650
f 1605/1762/1629 1636/1793/1655 1635/1792/1651
f 1650/1807/1653 1649/1806/1652 1618/1775/1628
f 1606/1763/1654 1637/1794/1679 1636/1793/1655
f 1651/1808/1656 1650/1807/1653 1619/1776/1630
f 1638/1795/1657 1637/1794/1679 1606/1763/1654
f 1621/1778/1636 1652/1809/1660 1651/1808/1656
f 1639/1796/1658 1638/1795/1657 1607/1764/1633
f 1622/1779/1659 1653/1810/1684 1652/1809/1660
f 1609/1766/1638 1640/1797/1662 1639/1796/1658
f 1654/1811/1661 1653/1810/1684 1622/1779/1659
f 1610/1767/1639 1641/1798/1686 1640/1797/1662
f 1655/1812/1663 1654/1811/1661 1623/1780/1637
f 1642/1799/1664 1641/1798/1686 1610/1767/1639
f 1625/1782/1614 1656/1813/1689 1655/1812/1663
f 1643/1800/1666 1642/1799/1664 1611/1768/1665
f 1657/1814/1668 1656/1813/1689 1625/1782/1614
f 1613/1770/1618 1644/1801/1643 1643/1800/1666
f 1600/1757/1615 1631/1788/1695 1630/1787/1667
f 1660/1817/1647 1691/1848/1673 1690/1847/1669
f 1678/1835/1670 1677/1834/1700 1646/1803/1646
f 1634/1791/1671 1665/1822/1729 1664/1821/1672
f 1648/1805/1674 1679/1836/1702 1678/1835/1670
f 1666/1823/1675 1665/1822/1729 1634/1791/1671
f 1680/1837/1676 1679/1836/1702 1648/1805/1674
f 1667/1824/1677 1666/1823/1675 1635/1792/1651
f 1681/1838/1678 1680/1837/1676 1649/1806/1652
f 1637/1794/1679 1668/1825/1705 1667/1824/1677
f 1682/1839/1680 1681/1838/1678 1650/1807/1653
f 1669/1826/1681 1668/1825/1705 1637/1794/1679
f 1683/1840/1682 1682/1839/1680 1651/1808/1656
f 1670/1827/1683 1669/1826/1681 1638/1795/1657
f 1653/1810/1684 1684/1841/1710 1683/1840/1682
f 1640/1797/1662 1671/1828/1687 1670/1827/1683
f 1685/1842/1685 1684/1841/1710 1653/1810/1684
f 1641/1798/1686 1672/1829/1688 1671/1828/1687
f 1655/1812/1663 1686/1843/1690 1685/1842/1685
f 1642/1799/1664 1673/1830/1715 1672/1829/1688
f 1656/1813/1689 1687/1844/1716 1686/1843/1690
f 1674/1831/1691 1673/1830/1715 1642/1799/1664
f 1688/1845/1693 1687/1844/1716 1656/1813/1689
f 1644/1801/1643 1675/1832/1698 1674/1831/1691
f 1662/1819/1694 1661/1818/1692 1630/1787/1667
f 1689/1846/1696 1688/1845/1693 1657/1814/1668
f 1645/1802/1697 1676/1833/1721 1675/1832/1698
f 1663/1820/1699 1662/1819/1694 1631/1788/1695
f 1659/1816/1645 1690/1847/1669 1689/1846/1696
f 1677/1834/1700 1676/1833/1721 1645/1802/1697
f 1633/1790/1649 1664/1821/1672 1663/1820/1699
f 1711/1868/1701 1710/1867/1757 1679/1836/1702
f 1667/1824/1677 1698/1855/1706 1697/1854/1703
f 1712/1869/1704 1711/1868/1701 1680/1837/1676
f 1668/1825/1705 1699/1856/1732 1698/1855/1706
f 1713/1870/1707 1712/1869/1704 1681/1838/1678
f 1700/1857/1708 1699/1856/1732 1668/1825/1705
f 1683/1840/1682 1714/1871/1711 1713/1870/1707
f 1701/1858/1709 1700/1857/1708 1669/1826/1681
f 1684/1841/1710 1715/1872/1734 1714/1871/1711
f 1671/1828/1687 1702/1859/1736 1701/1858/1709
f 1716/1873/1712 1715/1872/1734 1684/1841/1710
f 1703/1860/1713 1702/1859/1736 1671/1828/1687
f 1717/1874/1714 1716/1873/1712 1685/1842/1685
f 1673/1830/1715 1704/1861/1740 1703/1860/1713
f 1687/1844/1716 1718/1875/1742 1717/1874/1714
f 1705/1862/1717 1704/1861/1740 1673/1830/1715
f 1719/1876/1719 1718/1875/1742 1687/1844/1716
f 1675/1832/1698 1706/1863/1722 1705/1862/1717
f 1693/1850/1720 1692/1849/1718 1661/1818/1692
f 1689/1846/1696 1720/1877/1748 1719/1876/1719
f 1676/1833/1721 1707/1864/1749 1706/1863/1722
f 1694/1851/1723 1693/1850/1720 1662/1819/1694
f 1721/1878/1724 1720/1877/1748 1689/1846/1696
f 1708/1865/1725 1707/1864/1749 1676/1833/1721
f 1695/1852/1726 1694/1851/1723 1663/1820/1699
f 1722/1879/1727 1721/1878/1724 1690/1847/1669
f 1709/1866/1728 1708/1865/1725 1677/1834/1700
f 1665/1822/1729 1696/1853/1755 1695/1852/1726
f 1679/1836/1702 1710/1867/1757 1709/1866/1728
f 1697/1854/1703 1696/1853/1755 1665/1822/1729
f 1744/1901/1730 1743/1900/1761 1712/1869/1704
f 1731/1888/1731 1730/1887/1791 1699/1856/1732
f 1714/1871/1711 1745/1902/1735 1744/1901/1730
f 1732/1889/1733 1731/1888/1731 1700/1857/1708
f 1715/1872/1734 1746/1903/1762 1745/1902/1735
f 1702/1859/1736 1733/1890/1738 1732/1889/1733
f 1747/1904/1737 1746/1903/1762 1715/1872/1734
f 1703/1860/1713 1734/1891/1741 1733/1890/1738
f 1748/1905/1739 1747/1904/1737 1716/1873/1712
f 1704/1861/1740 1735/1892/1768 1734/1891/1741
f 1718/1875/1742 1749/1906/1745 1748/1905/1739
f 1736/1893/1743 1735/1892/1768 1704/1861/1740
f 1719/1876/1719 1750/1907/1772 1749/1906/1745
f 1706/1863/1722 1737/1894/1750 1736/1893/1743
f 1724/1881/1746 1723/1880/1744 1692/1849/1718
f 1751/1908/1747 1750/1907/1772 1719/1876/1719
f 1707/1864/1749 1738/1895/1777 1737/1894/1750
f 1694/1851/1723 1725/1882/1778 1724/1881/1746
f 1752/1909/1751 1751/1908/1747 1720/1877/1748
f 1739/1896/1752 1738/1895/1777 1707/1864/1749
f 1726/1883/1753 1725/1882/1778 1694/1851/1723
f 1722/1879/1727 1753/1910/1756 1752/1909/1751
f 1740/1897/1754 1739/1896/1752 1708/1865/1725
f 1696/1853/1755 1727/1884/1785 1726/1883/1753
f 1710/1867/1757 1741/1898/1786 1740/1897/1754
f 1728/1885/1758 1727/1884/1785 1696/1853/1755
f 1742/1899/1759 1741/1898/1786 1710/1867/1757
f 1729/1886/1760 1728/1885/1758 1697/1854/1703
f 1743/1900/1761 1742/1899/1759 1711/1868/1701
f 1699/1856/1732 1730/1887/1791 1729/1886/1760
f 1746/1903/1762 1777/1934/1821 1776/1933/1763
f 1733/1890/1738 1764/1921/1766 1763/1920/1764
f 1778/1935/1765 1777/1934/1821 1746/1903/1762
f 1734/1891/1741 1765/1922/1796 1764/1921/1766
f 1748/1905/1739 1779/1936/1769 1778/1935/1765
f 1766/1923/1767 1765/1922/1796 1734/1891/1741
f 1749/1906/1745 1780/1937/1773 1779/1936/1769
f 1767/1924/1770 1766/1923/1767 1735/1892/1768
f 1750/1907/1772 1781/1938/1801 1780/1937/1773
f 1768/1925/1774 1767/1924/1770 1736/1893/1743
f 1755/1912/1775 1754/1911/1771 1723/1880/1744
f 1782/1939/1776 1781/1938/1801 1750/1907/1772
f 1738/1895/1777 1769/1926/1804 1768/1925/1774
f 1725/1882/1778 1756/1913/1806 1755/1912/1775
f 1783/1940/1779 1782/1939/1776 1751/1908/1747
f 1770/1927/1780 1769/1926/1804 1738/1895/1777
f 1757/1914/1781 1756/1913/1806 1725/1882/1778
f 1784/1941/1782 1783/1940/1779 1752/1909/1751
f 1771/1928/1783 1770/1927/1780 1739/1896/1752
f 1758/1915/1784 1757/1914/1781 1726/1883/1753
f 1741/1898/1786 1772/1929/1788 1771/1928/1783
f 1759/1916/1787 1758/1915/1784 1727/1884/1785
f 1742/1899/1759 1773/1930/1814 1772/1929/1788
f 1760/1917/1789 1759/1916/1787 1728/1885/1758
f 1774/1931/1790 1773/1930/1814 1742/1899/1759
f 1730/1887/1791 1761/1918/1817 1760/1917/1789
f 1775/1932/1792 1774/1931/1790 1743/1900/1761
f 1762/1919/1793 1761/1918/1817 1730/1887/1791
f 1745/1902/1735 1776/1933/1763 1775/1932/1792
f 1763/1920/1764 1762/1919/1793 1731/1888/1731
f 1779/1936/1769 1810/1967/1797 1809/1966/1794
f 1766/1923/1767 1797/1954/1854 1796/1953/1795
f 1780/1937/1773 1811/1968/1826 1810/1967/1797
f 1798/1955/1798 1797/1954/1854 1766/1923/1767
f 1812/1969/1800 1811/1968/1826 1780/1937/1773
f 1768/1925/1774 1799/1956/1805 1798/1955/1798
f 1786/1943/1802 1785/1942/1799 1754/1911/1771
f 1813/1970/1803 1812/1969/1800 1781/1938/1801
f 1769/1926/1804 1800/1957/1830 1799/1956/1805
f 1756/1913/1806 1787/1944/1832 1786/1943/1802
f 1814/1971/1807 1813/1970/1803 1782/1939/1776
f 1801/1958/1808 1800/1957/1830 1769/1926/1804
f 1788/1945/1809 1787/1944/1832 1756/1913/1806
f 1784/1941/1782 1815/1972/1811 1814/1971/1807
f 1802/1959/1810 1801/1958/1808 1770/1927/1780
f 1758/1915/1784 1789/1946/1838 1788/1945/1809
f 1772/1929/1788 1803/1960/1840 1802/1959/1810
f 1790/1947/1812 1789/1946/1838 1758/1915/1784
f 1804/1961/1813 1803/1960/1840 1772/1929/1788
f 1791/1948/1815 1790/1947/1812 1759/1916/1787
f 1805/1962/1816 1804/1961/1813 1773/1930/1814
f 1761/1918/1817 1792/1949/1845 1791/1948/1815
f 1806/1963/1818 1805/1962/1816 1774/1931/1790
f 1793/1950/1819 1792/1949/1845 1761/1918/1817
f 1776/1933/1763 1807/1964/1822 1806/1963/1818
f 1794/1951/1820 1793/1950/1819 1762/1919/1793
f 1777/1934/1821 1808/1965/1849 1807/1964/1822
f 1764/1921/1766 1795/1952/1823 1794/1951/1820
f 1809/1966/1794 1808/1965/1849 1777/1934/1821
f 1765/1922/1796 1796/1953/1795 1795/1952/1823
f 1843/2000/1825 1842/1999/1879 1811/1968/1826
f 1799/1956/1805 1830/1987/1831 1829/1986/1827
f 1817/1974/1828 1816/1973/1824 1785/1942/1799
f 1844/2001/1829 1843/2000/1825 1812/1969/1800
f 1800/1957/1830 1831/1988/1859 1830/1987/1831
f 1787/1944/1832 1818/1975/1855 1817/1974/1828
f 1845/2002/1833 1844/2001/1829 1813/1970/1803
f 1832/1989/1834 1831/1988/1859 1800/1957/1830
f 1819/1976/1835 1818/1975/1855 1787/1944/1832
f 1815/1972/1811 1846/2003/1839 1845/2002/1833
f 1833/1990/1836 1832/1989/1834 1801/1958/1808
f 1820/1977/1837 1819/1976/1835 1788/1945/1809
f 1803/1960/1840 1834/1991/1864 1833/1990/1836
f 1821/1978/1841 1820/1977/1837 1789/1946/1838
f 1835/1992/1842 1834/1991/1864 1803/1960/1840
f 1822/1979/1843 1821/1978/1841 1790/1947/1812
f 1836/1993/1844 1835/1992/1842 1804/1961/1813
f 1792/1949/1845 1823/1980/1868 1822/1979/1843
f 1837/1994/1846 1836/1993/1844 1805/1962/1816
f 1824/1981/1847 1823/1980/1868 1792/1949/1845
f 1807/1964/1822 1838/1995/1850 1837/1994/1846
f 1825/1982/1848 1824/1981/1847 1793/1950/1819
f 1808/1965/1849 1839/1996/1872 1838/1995/1850
f 1795/1952/1823 1826/1983/1874 1825/1982/1848
f 1840/1997/1851 1839/1996/1872 1808/1965/1849
f 1827/1984/1852 1826/1983/1874 1795/1952/1823
f 1841/1998/1853 1840/1997/1851 1809/1966/1794
f 1797/1954/1854 1828/1985/1878 1827/1984/1852
f 1811/1968/1826 1842/1999/1879 1841/1998/1853
f 1829/1986/1827 1828/1985/1878 1797/1954/1854
f 1818/1975/1855 1849/2006/1860 1848/2005/1856
f 1876/2033/1857 1875/2032/1883 1844/2001/1829
f 1863/2020/1858 1862/2019/1912 1831/1988/1859
f 1819/1976/1835 1850/2007/1863 1849/2006/1860
f 1877/2034/1861 1876/2033/1857 1845/2002/1833
f 1864/2021/1862 1863/2020/1858 1832/1989/1834
f 1820/1977/1837 1851/2008/1886 1850/2007/1863
f 1834/1991/1864 1865/2022/1888 1864/2021/1862
f 1852/2009/1865 1851/2008/1886 1820/1977/1837
f 1866/2023/1866 1865/2022/1888 1834/1991/1864
f 1853/2010/1867 1852/2009/1865 1821/1978/1841
f 1836/1993/1844 1867/2024/1893 1866/2023/1866
f 1823/1980/1868 1854/2011/1894 1853/2010/1867
f 1868/2025/1869 1867/2024/1893 1836/1993/1844
f 1855/2012/1870 1854/2011/1894 1823/1980/1868
f 1838/1995/1850 1869/2026/1873 1868/2025/1869
f 1856/2013/1871 1855/2012/1870 1824/1981/1847
f 1839/1996/1872 1870/2027/1899 1869/2026/1873
f 1826/1983/1874 1857/2014/1901 1856/2013/1871
f 1871/2028/1875 1870/2027/1899 1839/1996/1872
f 1858/2015/1876 1857/2014/1901 1826/1983/1874
f 1872/2029/1877 1871/2028/1875 1840/1997/1851
f 1828/1985/1878 1859/2016/1905 1858/2015/1876
f 1842/1999/1879 1873/2030/1907 1872/2029/1877
f 1860/2017/1880 1859/2016/1905 1828/1985/1878
f 1874/2031/1882 1873/2030/1907 1842/1999/1879
f 1830/1987/1831 1861/2018/1884 1860/2017/1880
f 1848/2005/1856 1847/2004/1881 1816/1973/1824
f 1875/2032/1883 1874/2031/1882 1843/2000/1825
f 1831/1988/1859 1862/2019/1912 1861/2018/1884
f 1882/2039/1885 1881/2038/1917 1850/2007/1863
f 1865/2022/1888 1896/2053/1945 1895/2052/1889
f 1883/2040/1890 1882/2039/1885 1851/2008/1886
f 1897/2054/1891 1896/2053/1945 1865/2022/1888
f 1853/2010/1867 1884/2041/1895 1883/2040/1890
f 1898/2055/1892 1897/2054/1891 1866/2023/1866
f 1854/2011/1894 1885/2042/1920 1884/2041/1895
f 1899/2056/1896 1898/2055/1892 1867/2024/1893
f 1886/2043/1897 1885/2042/1920 1854/2011/1894
f 1869/2026/1873 1900/2057/1900 1899/2056/1896
f 1887/2044/1898 1886/2043/1897 1855/2012/1870
f 1870/2027/1899 1901/2058/1924 1900/2057/1900
f 1857/2014/1901 1888/2045/1926 1887/2044/1898
f 1902/2059/1902 1901/2058/1924 1870/2027/1899
f 1889/2046/1903 1888/2045/1926 1857/2014/1901
f 1903/2060/1904 1902/2059/1902 1871/2028/1875
f 1859/2016/1905 1890/2047/1929 1889/2046/1903
f 1904/2061/1906 1903/2060/1904 1872/2029/1877
f 1891/2048/1908 1890/2047/1929 1859/2016/1905
f 1874/2031/1882 1905/2062/1934 1904/2061/1906
f 1861/2018/1884 1892/2049/1913 1891/2048/1908
f 1879/2036/1910 1878/2035/1909 1847/2004/1881
f 1906/2063/1911 1905/2062/1934 1874/2031/1882
f 1862/2019/1912 1893/2050/1937 1892/2049/1913
f 1880/2037/1914 1879/2036/1910 1848/2005/1856
f 1907/2064/1915 1906/2063/1911 1875/2032/1883
f 1894/2051/1916 1893/2050/1937 1862/2019/1912
f 1881/2038/1917 1880/2037/1914 1849/2006/1860
f 1877/2034/1861 1908/2065/1887 1907/2064/1915
f 1895/2052/1889 1894/2051/1916 1863/2020/1858
f 1915/2072/1918 1914/2071/1946 1883/2040/1890
f 1898/2055/1892 1929/2086/1976 1928/2085/1919
f 1885/2042/1920 1916/2073/1948 1915/2072/1918
f 1930/2087/1921 1929/2086/1976 1898/2055/1892
f 1917/2074/1922 1916/2073/1948 1885/2042/1920
f 1900/2057/1900 1931/2088/1925 1930/2087/1921
f 1918/2075/1923 1917/2074/1922 1886/2043/1897
f 1901/2058/1924 1932/2089/1951 1931/2088/1925
f 1888/2045/1926 1919/2076/1953 1918/2075/1923
f 1933/2090/1927 1932/2089/1951 1901/2058/1924
f 1920/2077/1928 1919/2076/1953 1888/2045/1926
f 1903/2060/1904 1934/2091/1930 1933/2090/1927
f 1890/2047/1929 1921/2078/1957 1920/2077/1928
f 1904/2061/1906 1935/2092/1958 1934/2091/1930
f 1922/2079/1931 1921/2078/1957 1890/2047/1929
f 1936/2093/1933 1935/2092/1958 1904/2061/1906
f 1892/2049/1913 1923/2080/1938 1922/2079/1931
f 1910/2067/1935 1909/2066/1932 1878/2035/1909
f 1937/2094/1936 1936/2093/1933 1905/2062/1934
f 1893/2050/1937 1924/2081/1964 1923/2080/1938
f 1880/2037/1914 1911/2068/1967 1910/2067/1935
f 1938/2095/1939 1937/2094/1936 1906/2063/1911
f 1925/2082/1940 1924/2081/1964 1893/2050/1937
f 1912/2069/1941 1911/2068/1967 1880/2037/1914
f 1939/2096/1942 1938/2095/1939 1907/2064/1915
f 1926/2083/1943 1925/2082/1940 1894/2051/1916
f 1913/2070/1944 1912/2069/1941 1881/2038/1917
f 1896/2053/1945 1927/2084/1973 1926/2083/1943
f 1914/2071/1946 1913/2070/1944 1882/2039/1885
f 1928/2085/1919 1927/2084/1973 1896/2053/1945
f 1948/2105/1947 1947/2104/1986 1916/2073/1948
f 1931/2088/1925 1962/2119/1952 1961/2118/1949
f 1949/2106/1950 1948/2105/1947 1917/2074/1922
f 1932/2089/1951 1963/2120/1979 1962/2119/1952
f 1919/2076/1953 1950/2107/1978 1949/2106/1950
f 1964/2121/1954 1963/2120/1979 1932/2089/1951
f 1951/2108/1955 1950/2107/1978 1919/2076/1953
f 1965/2122/1956 1964/2121/1954 1933/2090/1927
f 1921/2078/1957 1952/2109/1980 1951/2108/1955
f 1935/2092/1958 1966/2123/1961 1965/2122/1956
f 1953/2110/1959 1952/2109/1980 1921/2078/1957
f 1936/2093/1933 1967/2124/1981 1966/2123/1961
f 1923/2080/1938 1954/2111/1965 1953/2110/1959
f 1941/2098/1962 1940/2097/1960 1909/2066/1932
f 1968/2125/1963 1967/2124/1981 1936/2093/1933
f 1924/2081/1964 1955/2112/1982 1954/2111/1965
f 1942/2099/1966 1941/2098/1962 1910/2067/1935
f 1969/2126/1968 1968/2125/1963 1937/2094/1936
f 1956/2113/1969 1955/2112/1982 1924/2081/1964
f 1912/2069/1941 1943/2100/1983 1942/2099/1966
f 1939/2096/1942 1970/2127/1972 1969/2126/1968
f 1957/2114/1970 1956/2113/1969 1925/2082/1940
f 1944/2101/1971 1943/2100/1983 1912/2069/1941
f 1927/2084/1973 1958/2115/1984 1957/2114/1970
f 1945/2102/1974 1944/2101/1971 1913/2070/1944
f 1959/2116/1975 1958/2115/1984 1927/2084/1973
f 1915/2072/1918 1946/2103/1977 1945/2102/1974
f 1929/2086/1976 1960/2117/1985 1959/2116/1975
f 1916/2073/1948 1947/2104/1986 1946/2103/1977
f 1961/2118/1949 1960/2117/1985 1929/2086/1976
f 1950/2107/1978 5/5/55 1976/2133/52
f 1982/2139/57 1981/2138/54 1963/2120/1979
f 1951/2108/1955 6/6/59 5/5/55
f 1983/2140/3 1982/2139/57 1964/2121/1954
f 1952/2109/1980 7/7/6 6/6/59
f 1966/2123/1961 1984/2141/1 1983/2140/3
f 1977/2134/4 7/7/6 1952/2109/1980
f 1985/2142/11 1984/2141/1 1966/2123/1961
f 1954/2111/1965 8/8/13 1977/2134/4
f 1941/2098/1962 2/2/15 1/1/7
f 1968/2125/1963 14/14/17 1985/2142/11
f 1955/2112/1982 9/9/19 8/8/13
f 3/3/20 2/2/15 1941/2098/1962
f 1969/2126/1968 1986/2143/22 14/14/17
f 10/10/24 9/9/19 1955/2112/1982
f 1971/2128/25 3/3/20 1942/2099/1966
f 15/15/28 1986/2143/22 1969/2126/1968
f 1978/2135/30 10/10/24 1956/2113/1969
f 1944/2101/1971 4/4/31 1971/2128/25
f 1958/2115/1984 11/11/35 1978/2135/30
f 1945/2102/1974 1972/2129/37 4/4/31
f 12/12/39 11/11/35 1958/2115/1984
f 1973/2130/41 1972/2129/37 1945/2102/1974
f 13/13/43 12/12/39 1959/2116/1975
f 1947/2104/1986 1974/2131/44 1973/2130/41
f 1979/2136/46 13/13/43 1960/2117/1985
f 1975/2132/47 1974/2131/44 1947/2104/1986
f 1962/2119/1952 1980/2137/50 1979/2136/46
f 1976/2133/52 1975/2132/47 1948/2105/1947
f 1963/2120/1979 1981/2138/54 1980/2137/50
