# Blender 3.3.1
# www.blender.org
o Sphere
v -35.059387 353.996399 351.365021
v -59.775307 380.767792 318.500854
v -83.915550 403.872192 282.569366
v -129.546890 438.227356 202.914688
v -230.572693 438.228699 -69.223053
v -240.430359 423.088806 -114.843735
v -247.972565 403.874329 -159.358429
v -255.842972 353.999329 -243.369720
v -256.095398 323.819092 -282.057281
v -253.881485 290.520325 -318.028473
v -242.163483 215.876770 -380.465546
v -232.772217 175.250854 -406.330139
v -221.139252 132.937210 -428.281555
v -64.765587 -215.872742 -446.323151
v -15.144087 -290.516785 -406.657928
v -30.813894 355.771881 349.966980
v -51.325199 384.301605 315.718201
v -71.342216 409.130341 278.428925
v -90.672165 430.018860 238.458191
v -109.128906 446.766113 196.190994
v -126.534660 459.210754 152.034409
v -142.721832 467.232910 106.413605
v -157.534500 470.755402 59.767990
v -170.830017 469.744263 12.546814
v -182.480347 464.209229 -34.795242
v -192.373306 454.203552 -81.802170
v -200.413605 439.823730 -128.021347
v -206.523834 421.208099 -173.007599
v -210.645065 398.536011 -216.327652
v -212.737717 372.025818 -257.564362
v -212.781586 341.932831 -296.320618
v -210.776230 308.546814 -332.223114
v -206.740982 272.189331 -364.926147
v -200.714752 233.210541 -394.114716
v -192.755463 191.985779 -419.507751
v -182.939865 148.912064 -440.860657
v -171.362457 104.404312 -457.967896
v -158.134766 58.891037 -470.664673
v -143.384109 12.810638 -478.828613
v -127.252602 -33.393143 -482.381256
v -109.895576 -79.275330 -481.288208
v -91.480194 -124.394058 -475.560181
v -72.183807 -168.314804 -465.252197
v -52.192245 -210.614594 -450.463593
v -31.698055 -250.886017 -431.336792
v -10.898592 -288.741302 -408.055969
v -26.367540 357.224548 348.848633
v -42.475315 387.192993 313.492310
v -58.174023 413.432556 275.116882
v -73.312500 435.690521 234.091919
v -87.744919 453.752563 190.812546
v -101.332314 467.444702 145.695557
v -113.943817 476.635101 99.175446
v -125.457993 481.235229 51.700195
v -135.763947 481.200867 3.727051
v -144.762390 476.532227 -44.281998
v -152.366699 467.274292 -91.864548
v -158.503662 453.516266 -138.562454
v -163.114120 435.390656 -183.925903
v -166.153687 413.071960 -227.517990
v -167.593109 386.775177 -268.919037
v -167.418549 356.753540 -307.730225
v -165.631622 323.296173 -343.577789
v -162.249603 286.725281 -376.116455
v -157.305038 247.393097 -405.033020
v -150.845520 205.678314 -430.048889
v -142.933258 161.982803 -450.923035
v -133.644501 116.727310 -467.454651
v -123.068687 70.347610 -479.484436
v -111.307602 23.290482 -486.896423
v -98.474594 -23.990967 -489.619415
v -84.693230 -71.041382 -487.627075
v -70.096207 -117.407608 -480.938599
v -54.824131 -162.643158 -469.618469
v -39.024052 -206.312378 -453.775635
v -22.848171 -247.994629 -433.562683
v -6.452238 -287.288635 -409.174316
v -21.763149 358.340485 348.020782
v -33.310879 389.414093 311.844574
v -44.537796 416.737427 272.665161
v -55.335800 440.047363 230.859802
v -65.600891 459.119385 186.831146
v -75.234222 473.769897 141.003220
v -84.142967 483.857666 93.817352
v -92.241394 489.285675 45.727966
v -99.451515 490.001587 -2.801788
v -105.703819 485.998474 -51.304565
v -110.938133 477.314941 -99.313248
v -115.104088 464.034668 -146.365524
v -118.161507 446.285431 -192.008209
v -120.080956 424.238220 -235.801712
v -120.843979 398.105347 -277.324341
v -120.443192 368.138580 -316.176208
v -118.882492 334.626343 -351.983093
v -116.176872 297.891541 -384.400208
v -112.352425 258.287872 -413.115326
v -107.445961 216.196716 -437.851929
v -101.504707 172.023483 -458.371765
v -94.585930 126.193588 -474.477234
v -86.756248 79.148361 -486.013275
v -78.091003 31.340912 -492.868652
v -68.673744 -16.768402 -494.977509
v -58.595135 -64.716187 -492.319397
v -47.952183 -112.040756 -484.920013
v -36.847435 -158.286301 -472.850586
v -25.387825 -203.007492 -456.227356
v -13.683735 -245.773529 -435.210419
v -1.847846 -286.172699 -410.002167
v -17.045067 359.108887 347.491394
v -23.920151 390.943542 310.790894
v -30.564857 419.013184 271.097321
v -36.915222 443.047485 228.792908
v -42.910072 462.814972 184.285110
v -48.491688 478.125366 138.002548
v -53.606262 488.831085 90.390991
v -58.204601 494.829132 41.908859
v -62.242439 496.061707 -6.976868
v -65.680786 492.516907 -55.795380
v -68.486595 484.228882 -104.076553
v -70.632881 471.277527 -151.355453
v -72.098907 453.787506 -197.176697
v -72.870560 431.927185 -241.098984
v -72.940491 405.907257 -282.699402
v -72.307907 375.978210 -321.577271
v -70.979004 342.428253 -357.358154
v -68.966476 305.580505 -389.697449
v -66.289825 265.789948 -418.283813
v -62.974751 223.439575 -442.841858
v -59.053165 178.937393 -463.135071
v -54.562901 132.711990 -478.968048
v -49.547173 85.208481 -490.188354
v -44.054218 36.884369 -496.687744
v -38.137039 -11.794983 -498.403870
v -31.852596 -60.360718 -495.320068
v -25.261360 -108.345184 -487.466064
v -18.426857 -155.286209 -474.917480
v -11.414887 -200.731766 -457.795197
v -4.293007 -244.244095 -436.264099
v 2.870235 -285.404297 -410.531555
v -12.258730 359.522400 347.265564
v -14.393570 391.766571 310.341370
v -16.389786 420.237793 270.428467
v -18.228161 444.661926 227.911179
v -19.890984 464.803680 183.198975
v -21.362278 480.469177 136.722458
v -22.627800 491.507416 88.929291
v -23.675411 497.812225 40.279633
v -24.495049 499.322876 -8.757919
v -25.078749 496.024658 -57.711151
v -25.420940 487.949463 -106.108566
v -25.518307 475.175171 -153.484116
v -25.369917 457.824585 -199.381561
v -24.977203 436.064880 -243.358780
v -24.343979 410.105713 -284.992371
v -23.476257 380.196960 -323.881317
v -22.382492 346.626709 -359.651123
v -21.073120 309.718201 -391.957275
v -19.560839 269.827026 -420.488678
v -17.860172 227.337219 -444.970520
v -15.987507 182.658005 -465.167053
v -13.960863 136.219772 -480.883820
v -11.799782 88.469620 -491.969421
v -9.525028 39.867462 -498.316986
v -7.158576 -9.118652 -499.865570
v -4.723187 -58.016907 -496.600159
v -2.242272 -106.356476 -488.552185
v 0.260204 -153.671768 -475.799194
v 2.760184 -199.507126 -458.464050
v 5.233574 -243.421051 -436.713623
v 7.656572 -284.990784 -410.757385
v -7.450230 359.577026 347.345459
v -4.822880 391.875275 310.500397
v -2.149074 420.399567 270.665070
v 0.545422 444.875153 228.223099
v 3.234681 465.066376 183.583206
v 5.892758 480.778778 137.175278
v 8.494102 491.860962 89.446381
v 11.013660 498.206238 40.855988
v 13.427086 499.753601 -8.127869
v 15.711275 496.488037 -57.033447
v 17.844120 488.440918 -105.389725
v 19.805134 475.690002 -152.731094
v 21.575396 458.357849 -198.601562
v 23.137909 436.611389 -242.559341
v 24.477554 410.660278 -284.181213
v 25.581497 380.754181 -323.066223
v 26.439041 347.181274 -358.839966
v 27.041992 310.264709 -391.157837
v 27.384474 270.360291 -419.708679
v 27.463268 227.852051 -444.217529
v 27.277554 183.149460 -464.448242
v 26.829161 136.683121 -480.206116
v 26.122353 88.900375 -491.339355
v 25.164043 40.261475 -497.740631
v 23.963326 -8.765121 -499.348480
v 22.531849 -57.707306 -496.147339
v 20.883392 -106.093781 -488.167969
v 19.033787 -153.458527 -475.487305
v 17.000896 -199.345367 -458.227448
v 14.804264 -243.312347 -436.554596
v 12.465073 -284.936157 -410.677490
v -2.665878 359.272217 347.730286
v 4.699749 391.268616 311.266388
v 12.020123 419.496887 271.804840
v 19.224728 443.685150 229.725662
v 26.244209 463.600494 185.434082
v 33.010906 479.051147 139.356659
v 39.459709 489.888214 91.937225
v 45.528522 496.007385 43.632370
v 51.158791 497.349854 -5.092728
v 56.296452 493.902466 -53.768799
v 60.891911 485.698486 -101.926987
v 64.900978 472.817078 -149.103561
v 68.284958 455.382111 -194.844269
v 71.011368 433.561523 -238.708389
v 73.053864 407.565613 -280.273743
v 74.392868 377.644562 -319.139862
v 75.015350 344.086609 -354.932495
v 74.915451 307.214844 -387.306885
v 74.094040 267.384552 -415.951385
v 72.559105 224.979126 -440.589966
v 70.325340 180.407028 -460.985474
v 67.414337 134.097580 -476.941467
v 63.854057 86.496597 -488.304199
v 59.678905 38.062622 -494.964233
v 54.928932 -10.737854 -496.857635
v 49.649998 -59.434921 -493.965973
v 43.892921 -107.559662 -486.317078
v 37.713093 -154.648529 -473.984741
v 31.170094 -200.248047 -457.087677
v 24.326893 -243.919006 -435.788605
v 17.249424 -285.240967 -410.292664
v 2.048248 358.610962 348.416412
v 14.082603 389.952454 312.631989
v 25.981346 417.538483 273.836792
v 37.629864 441.103363 232.404388
v 48.916016 460.420197 188.733810
v 59.731014 475.302979 143.245575
v 69.970810 485.608276 96.377914
v 79.536774 491.236847 48.582031
v 88.336708 492.134705 0.318253
v 96.285919 488.292908 -47.948608
v 103.307854 479.748596 -95.753647
v 109.334892 466.584045 -142.636520
v 114.308960 448.926086 -188.145813
v 118.182159 426.944611 -231.843033
v 120.917206 400.851562 -273.307587
v 122.487778 370.898010 -312.139984
v 122.878693 337.372559 -347.966339
v 122.086243 300.597931 -380.441528
v 120.118042 260.928528 -409.252930
v 116.993019 218.746094 -434.122925
v 112.741280 174.457108 -454.812134
v 107.403809 128.488022 -471.121277
v 101.031975 81.281448 -482.893250
v 93.687164 33.292084 -490.014587
v 85.440033 -15.017807 -492.416931
v 76.370102 -63.183090 -490.077057
v 66.564728 -110.739960 -483.017334
v 56.118229 -157.230316 -471.306000
v 45.131317 -202.206451 -455.055725
v 33.709747 -245.235184 -434.423004
v 21.963551 -285.902222 -409.606537
v 6.646753 357.599548 349.397156
v 23.235329 387.939392 314.584045
v 39.600136 414.543182 276.741394
v 55.583576 437.154633 236.233521
v 71.031731 455.556091 193.450592
v 85.795784 469.570343 148.804596
v 99.733559 479.062256 102.725616
v 112.710922 483.940582 55.657303
v 124.602715 484.158386 8.052948
v 135.294556 479.713379 -39.628952
v 144.683456 470.648499 -86.929184
v 152.678986 457.050995 -133.392227
v 159.204117 439.051880 -178.570709
v 164.195999 416.824402 -222.029343
v 167.606613 390.582764 -263.349823
v 169.403107 360.579529 -302.134033
v 169.568100 327.103760 -338.008575
v 168.100082 290.477722 -370.627808
v 165.013199 251.054321 -399.677826
v 160.337128 209.213043 -424.878662
v 154.116898 165.357010 -445.987671
v 146.412445 119.908493 -462.801636
v 137.297974 73.305130 -475.158539
v 126.861298 25.995819 -482.939331
v 115.202782 -21.563797 -486.069244
v 102.434868 -68.915741 -484.518036
v 88.680443 -115.604065 -478.300568
v 74.071945 -161.179047 -467.476868
v 58.750107 -205.201752 -452.151123
v 42.862473 -247.248230 -432.470947
v 26.562056 -286.913635 -408.625793
v 11.085348 356.247803 350.663116
v 32.069767 385.248901 317.103790
v 52.745354 410.539856 280.490601
v 72.912933 431.877014 241.176117
v 92.378395 449.054993 199.539001
v 110.954147 461.908417 155.980164
v 128.461319 470.313293 110.919220
v 144.731445 474.188812 64.790054
v 159.607620 473.497742 18.036911
v 172.946701 468.246521 -28.889984
v 184.620255 458.485840 -75.538559
v 194.515808 444.309723 -121.459702
v 202.538055 425.854675 -166.211182
v 208.609726 403.298309 -209.361862
v 212.672470 376.858063 -250.496338
v 214.686966 346.788452 -289.218384
v 214.633957 313.379059 -325.155090
v 212.513809 276.951630 -357.960327
v 208.347137 237.857117 -387.318298
v 202.173950 196.471771 -412.946106
v 194.053696 153.194351 -434.597046
v 184.064590 108.441635 -452.062653
v 172.302872 62.644485 -465.174561
v 158.881836 16.244049 -473.806580
v 143.930557 -30.312759 -477.875641
v 127.593231 -76.577667 -477.342468
v 110.027107 -122.105148 -472.212158
v 91.401306 -166.456665 -462.534271
v 71.895325 -209.205093 -448.401917
v 51.696911 -249.938736 -429.951202
v 31.000650 -288.265381 -407.359833
v 15.321283 354.568665 352.202087
v 40.500851 381.906830 320.166901
v 65.290375 405.567017 285.048340
v 89.451111 425.321350 247.184631
v 112.750412 440.979584 206.940399
v 134.963821 452.391052 164.703156
v 155.877472 459.445618 120.879837
v 175.289993 462.075500 75.892334
v 193.014267 460.255371 30.173950
v 208.879776 454.002808 -15.835083
v 222.733658 443.377808 -61.691528
v 234.442474 428.482880 -106.953873
v 243.893463 409.461456 -151.186249
v 250.995651 386.496643 -193.962540
v 255.680695 359.809753 -234.870941
v 257.903290 329.657593 -273.517334
v 257.642181 296.330750 -309.529694
v 254.899734 260.149963 -342.561035
v 249.702545 221.463898 -372.293365
v 242.100616 180.644928 -398.440308
v 232.167099 138.086319 -420.750031
v 219.997665 94.197891 -439.007751
v 205.709518 49.402145 -453.037537
v 189.440384 4.130737 -462.704285
v 171.346710 -41.180450 -467.915039
v 151.602921 -86.095032 -468.619476
v 130.399124 -130.180573 -464.810760
v 107.939484 -173.012344 -456.525757
v 84.440338 -214.177917 -443.844177
v 60.127995 -253.280792 -426.888092
v 35.236588 -289.944519 -405.820862
v 19.313774 352.578369 353.999237
v 48.447384 377.945404 323.743896
v 77.114418 399.672607 290.370758
v 105.038788 417.550720 254.201187
v 131.951599 431.407593 215.583511
v 157.593628 441.109863 174.889603
v 181.717941 446.563873 132.511505
v 204.092224 447.717255 88.857239
v 224.500931 444.558960 44.347198
v 242.747681 437.119263 -0.589996
v 258.656586 425.469788 -45.521378
v 272.074463 409.722931 -90.014450
v 282.872101 390.030182 -133.640640
v 290.945557 366.581177 -175.979721
v 296.217133 339.601868 -216.624115
v 298.635803 309.351959 -255.182220
v 298.178619 276.122864 -291.282867
v 294.849609 240.234497 -324.578186
v 288.681183 202.032623 -354.747742
v 279.732605 161.884979 -381.500854
v 268.089996 120.178329 -404.579895
v 253.865570 77.314377 -423.762665
v 237.196182 33.705704 -438.864288
v 218.242615 -10.227509 -449.739380
v 197.187180 -54.062195 -456.283356
v 174.232727 -97.376221 -458.433044
v 149.600311 -139.752579 -456.167664
v 123.527145 -180.782974 -449.509216
v 96.264381 -220.072327 -438.521759
v 68.074524 -257.242218 -423.311096
v 39.229076 -291.934814 -404.023712
v 23.024363 350.296082 356.037292
v 55.832836 373.402740 327.800354
v 88.103592 392.913391 296.406555
v 119.525848 408.639984 262.158203
v 149.797043 420.431183 225.385101
v 178.625626 428.173492 186.441391
v 205.733856 431.792114 145.702240
v 230.860840 431.252350 103.559875
v 253.764435 426.559509 60.420151
v 274.224243 417.758667 16.698471
v 292.043060 404.934418 -27.183884
v 307.049347 388.210510 -70.804520
v 319.098511 367.747955 -113.743301
v 328.074707 343.743774 -155.586594
v 333.891357 316.429138 -195.931549
v 336.492340 286.067108 -234.389557
v 335.852844 252.950134 -270.590302
v 331.978760 217.397095 -304.185059
v 324.907593 179.750397 -334.850403
v 314.707489 140.372559 -362.290955
v 301.476471 99.642944 -386.242371
v 285.342102 57.953751 -406.474182
v 266.459686 15.706253 -422.791321
v 245.011230 -26.692413 -435.036743
v 221.203094 -68.833954 -443.092621
v 195.264725 -110.312592 -446.881226
v 167.445755 -150.728973 -446.366058
v 138.014221 -189.693695 -441.552185
v 107.253555 -226.831543 -432.485962
v 75.459976 -261.784882 -419.254639
v 42.939667 -294.217102 -401.985657
v 26.417318 347.743713 358.296570
v 62.586063 368.322632 332.297180
v 98.152069 385.354431 303.097595
v 132.772781 398.674988 270.979034
v 166.114868 408.156097 236.250793
v 197.857208 413.706543 199.247269
v 227.693954 415.272644 160.324982
v 255.337982 412.839417 119.858658
v 280.522919 406.430420 78.238007
v 303.006317 396.107300 35.863815
v 322.571594 381.969330 -6.855637
v 339.030273 364.152863 -49.509125
v 352.223907 342.829407 -91.685852
v 362.025452 318.204285 -132.979538
v 368.340576 290.514679 -172.992569
v 371.108276 260.027283 -211.339615
v 370.302063 227.035675 -247.651321
v 365.929504 191.857605 -281.578003
v 358.032990 154.831848 -312.792969
v 346.688416 116.314919 -340.995544
v 332.005005 76.677856 -365.914124
v 314.124176 36.302383 -387.308838
v 293.218170 -4.422806 -404.973480
v 269.488373 -45.105347 -418.737976
v 243.163193 -85.353439 -428.469879
v 214.496307 -124.779556 -434.075378
v 183.763580 -163.004059 -435.500366
v 151.261154 -199.658707 -432.731354
v 117.302032 -234.390518 -425.794922
v 82.213211 -266.864990 -414.757812
v 46.332619 -296.769470 -399.726379
v 29.459963 344.945923 360.755371
v 68.642044 362.753967 337.191071
v 107.163086 377.068542 310.379456
v 144.652023 387.751648 280.578735
v 180.747940 394.700531 248.075897
v 215.103226 397.848328 213.183899
v 247.386749 397.164490 176.238922
v 277.287964 392.655731 137.596634
v 304.518677 384.365601 97.629196
v 328.816803 372.373779 56.721466
v 349.948090 356.795715 15.267609
v 367.709290 337.781586 -26.333344
v 381.929199 315.514465 -67.680740
v 392.470978 290.208740 -108.376266
v 399.233063 262.108093 -148.028091
v 402.150208 231.483246 -186.254318
v 401.194550 198.629089 -222.686844
v 396.375031 163.862045 -256.974731
v 387.738281 127.516907 -288.787842
v 375.367432 89.943657 -317.819763
v 359.381500 51.504257 -343.790894
v 339.934662 12.568893 -366.451202
v 317.213928 -26.487640 -385.582275
v 291.438354 -65.289032 -401.000000
v 262.855988 -103.461594 -412.555939
v 231.742325 -140.637756 -420.138733
v 198.396652 -176.459625 -423.675262
v 163.140396 -210.582031 -423.131653
v 126.313049 -242.676407 -418.513062
v 88.269196 -272.433655 -409.863922
v 49.375267 -299.567261 -397.267578
v 32.122993 341.929596 363.389954
v 73.942459 356.750366 342.434906
v 115.049835 368.135498 318.182037
v 155.049149 375.975189 290.864899
v 193.555328 380.194061 260.746582
v 230.197525 380.751556 228.117081
v 264.622620 377.642059 193.290771
v 296.499390 370.895691 156.602966
v 325.520630 360.577515 118.406937
v 351.406982 346.786682 79.070557
v 373.909027 329.656067 38.972778
v 392.810181 309.350708 -1.500381
v 407.928345 286.066223 -41.959137
v 419.117950 260.026672 -82.013748
v 426.271240 231.482910 -121.278503
v 429.319244 200.709900 -159.375320
v 428.232727 168.003906 -195.937256
v 423.022003 133.680008 -230.612228
v 413.737427 98.068665 -263.066254
v 400.468323 61.512779 -292.986816
v 383.342438 24.364594 -320.085724
v 362.524841 -13.018204 -344.102112
v 338.215881 -50.275742 -364.804565
v 310.649780 -87.049057 -381.993652
v 280.091858 -122.984001 -395.504089
v 246.836624 -157.734528 -405.205566
v 211.204041 -190.966095 -411.004578
v 173.537521 -222.358490 -412.845490
v 134.199799 -251.609436 -410.710480
v 93.569611 -278.437256 -404.620087
v 52.038300 -302.583588 -394.632996
v 34.380768 338.723816 366.175018
v 78.436264 350.369690 347.978180
v 121.736389 358.641357 326.430145
v 163.864044 363.459045 301.738434
v 204.413696 364.776428 274.140778
v 242.994781 362.580902 243.902985
v 279.235504 356.893433 211.316360
v 312.787170 347.768860 176.694611
v 343.326508 335.295197 140.371155
v 370.559448 319.592407 102.695831
v 394.223602 300.811676 64.031586
v 414.091248 279.134064 24.750626
v 429.970917 254.768250 -14.768745
v 441.709808 227.948822 -54.145813
v 449.194763 198.934113 -93.001434
v 452.353668 168.003616 -130.961426
v 451.156250 135.455109 -167.660187
v 445.613861 101.602142 -202.744293
v 435.779999 66.770691 -235.875854
v 421.749390 31.296120 -266.735779
v 403.657013 -4.479797 -295.026917
v 381.677307 -40.212494 -320.476837
v 356.021759 -75.558044 -342.840332
v 326.937561 -110.175911 -361.902008
v 294.704742 -143.732651 -377.478516
v 259.633881 -175.905182 -389.419647
v 222.062408 -206.383728 -397.610382
v 182.352417 -234.874634 -401.971954
v 140.886353 -261.103577 -402.462372
v 98.063400 -284.817932 -399.076813
v 54.296066 -305.789368 -391.847931
v 36.211525 335.359467 369.083679
v 82.080170 343.673370 353.767517
v 127.158325 348.677551 335.044373
v 171.011810 350.323700 313.094604
v 213.218445 348.596069 288.129547
v 253.371765 343.511353 260.389587
v 291.084717 335.118347 230.142044
v 325.994537 323.497925 197.678085
v 357.764832 308.762207 163.310318
v 386.089691 291.052826 127.369797
v 410.696136 270.540405 90.202698
v 431.347504 247.422577 52.166847
v 447.844696 221.921982 13.628555
v 460.028931 194.284088 -25.040894
v 467.782867 164.775146 -63.469212
v 471.031677 133.679352 -101.286316
v 469.744354 101.296143 -138.127960
v 463.932983 67.937408 -173.639374
v 453.653778 33.924423 -207.478561
v 439.005646 -0.415352 -239.319580
v 420.129547 -34.751083 -268.855804
v 397.207550 -68.752075 -295.802856
v 370.460083 -102.091034 -319.901184
v 340.144928 -134.446823 -340.918518
v 306.553955 -165.507721 -358.652832
v 270.010864 -194.974716 -372.933044
v 230.867157 -222.564072 -383.621613
v 189.500183 -248.009979 -390.615784
v 146.308289 -271.067383 -393.848145
v 101.707306 -291.514252 -393.287476
v 56.126831 -309.153717 -388.939270
v 37.597664 331.868896 372.087952
v 84.839096 336.725891 359.747131
v 131.263458 338.340027 343.941772
v 176.423615 336.695709 324.824066
v 219.884811 331.808868 302.578125
v 261.228516 323.726593 277.418152
v 300.056152 312.526550 249.586548
v 335.994263 298.316711 219.351303
v 368.696564 281.234009 187.003525
v 397.848114 261.442810 152.854797
v 423.168030 239.133698 117.234070
v 444.412750 214.521698 80.484283
v 461.377472 187.843719 42.959320
v 473.898956 159.356689 5.020721
v 481.856476 129.334961 -32.966244
v 485.173431 98.067688 -70.635765
v 483.817963 65.855949 -107.624985
v 477.803009 33.010010 -143.577759
v 467.186554 -0.153831 -178.147797
v 452.070892 -33.316246 -211.002136
v 432.601440 -66.157768 -241.824432
v 408.965973 -98.362091 -270.317871
v 381.391815 -129.619232 -296.207977
v 350.144653 -159.628067 -319.245331
v 315.525391 -188.099518 -339.208313
v 277.867615 -214.759491 -355.904480
v 237.533524 -239.351288 -369.173035
v 194.911987 -261.637970 -378.886322
v 150.413422 -281.404907 -384.950745
v 104.466232 -298.461731 -387.307861
v 57.512962 -312.644287 -385.934998
v 38.525810 328.285767 375.158905
v 86.686447 329.594147 365.859467
v 134.012238 327.728333 353.036621
v 180.047348 322.706299 336.813843
v 224.348587 314.576416 317.347351
v 266.489349 303.417114 294.824615
v 306.063385 289.335571 269.462616
v 342.690002 272.467621 241.505524
v 376.016388 252.975754 211.222565
v 405.721527 231.047501 178.905426
v 431.519135 206.894089 144.865387
v 453.161194 180.748245 109.430183
v 470.439026 152.861725 72.941040
v 483.186249 123.502991 35.749519
v 491.280121 92.954849 -1.786289
v 494.642700 61.511566 -39.304955
v 493.241608 29.475843 -76.445038
v 487.090302 -2.843689 -112.848961
v 476.248108 -35.135841 -148.166077
v 460.819336 -67.089691 -182.056244
v 440.952545 -98.397385 -214.193115
v 416.839386 -128.757401 -244.267242
v 388.711639 -157.877487 -271.988922
v 356.840393 -185.477142 -297.091095
v 321.532623 -211.290482 -319.332245
v 283.128448 -235.068985 -338.498016
v 241.997299 -256.583740 -354.403809
v 198.535721 -275.627380 -366.896545
v 153.162201 -292.016602 -375.855896
v 106.313583 -305.593475 -381.195526
v 58.441109 -316.227417 -382.864044
v 38.987038 324.644592 378.266968
v 87.604462 322.346832 372.045654
v 135.378174 316.944702 362.241364
v 181.848083 308.490173 348.948486
v 226.566772 297.064758 332.295044
v 269.103638 282.778503 312.441376
v 309.048584 265.768829 289.578796
v 346.017365 246.199677 263.927429
v 379.653809 224.259567 235.734222
v 409.634033 200.159653 205.270782
v 435.669098 174.132050 172.830536
v 457.508545 146.427521 138.725800
v 474.941986 117.312805 103.284996
v 487.801361 87.068298 66.849579
v 495.963043 55.985229 29.770351
v 499.348267 24.363083 -7.595596
v 497.924530 -7.493776 -44.888393
v 491.705414 -39.278381 -81.748901
v 480.751068 -70.684753 -117.822121
v 465.166687 -101.410423 -152.760620
v 445.102509 -131.159424 -186.227966
v 420.751892 -159.645248 -217.901886
v 392.349060 -186.593674 -247.477264
v 360.167755 -211.745087 -274.669189
v 324.517822 -234.857239 -299.216064
v 285.742737 -255.707581 -320.881256
v 244.215485 -274.095398 -339.456116
v 200.336456 -289.843506 -354.761902
v 154.528137 -302.800232 -366.651154
v 107.231598 -312.840790 -375.009338
v 58.902336 -319.868591 -379.755981
v 38.976898 320.980408 381.382202
v 87.584274 315.053741 378.246124
v 135.348160 306.092957 371.467346
v 181.808517 294.184296 361.111115
v 226.518005 279.442474 347.277191
v 269.046173 262.009521 330.098816
v 308.982971 242.053238 309.741394
v 345.944214 219.765793 286.401062
v 379.573883 195.362030 260.302429
v 409.548065 169.076721 231.696960
v 435.577881 141.163071 200.860168
v 457.412994 111.890007 168.088989
v 474.843018 81.539383 133.698944
v 487.699951 50.403473 98.021378
v 495.860077 18.782122 61.399807
v 499.244812 -13.020065 24.186905
v 497.821564 -44.696884 -13.258938
v 491.604004 -75.943207 -50.577103
v 480.652100 -106.458176 -87.408173
v 465.071136 -135.947937 -123.397438
v 445.011292 -164.128403 -158.198334
v 420.665924 -190.728180 -191.475708
v 392.269135 -215.491211 -222.909058
v 360.094604 -238.178970 -252.195572
v 324.452209 -258.572815 -279.053467
v 285.685272 -276.476562 -303.223816
v 244.166718 -291.717682 -324.473969
v 200.296890 -304.149384 -342.599274
v 154.498123 -313.651978 -357.425171
v 107.211426 -320.133881 -368.808868
v 58.892197 -323.532776 -376.640747
v 38.495491 317.328491 384.474609
v 86.626114 307.785095 384.401123
v 133.922455 295.277588 380.625702
v 179.928986 279.926361 373.184601
v 224.202774 261.879303 362.149536
v 266.317566 241.310226 347.626801
v 305.867188 218.417175 329.756226
v 342.471313 193.420578 308.709961
v 375.777313 166.561401 284.690552
v 405.464386 138.098022 257.929474
v 431.246399 108.304688 228.684418
v 452.875397 77.468346 197.236969
v 470.143036 45.885941 163.889999
v 482.882935 13.861633 128.964722
v 490.972321 -18.296202 92.797440
v 494.333374 -50.277802 55.736458
v 492.933807 -81.775208 18.138691
v 486.786987 -112.485046 -19.633759
v 475.952118 -142.111618 -57.217117
v 460.533539 -170.369598 -94.249443
v 440.679810 -196.986786 -130.374084
v 416.582245 -221.706879 -165.243195
v 388.472565 -244.291840 -198.520935
v 356.621704 -264.524170 -229.886658
v 321.336426 -282.208893 -259.038635
v 282.956665 -297.175842 -285.695831
v 241.851486 -309.280853 -309.601624
v 198.417358 -318.407318 -330.525787
v 153.072418 -324.467346 -348.266815
v 106.253250 -327.402527 -362.653870
v 58.410789 -327.184692 -373.548340
v 37.547455 313.724060 387.514374
v 84.739182 300.610962 390.451416
v 131.114777 284.602783 389.628235
v 176.227615 265.853760 385.052673
v 219.643356 244.544373 376.768890
v 260.944000 220.879929 364.856598
v 299.731262 195.088287 349.430542
v 335.632080 167.417770 330.639313
v 368.300629 138.135071 308.663757
v 397.422333 107.521935 283.715698
v 422.716339 75.873314 256.035248
v 443.939514 43.493996 225.889069
v 460.887390 10.695862 193.567398
v 473.396606 -22.205307 159.381592
v 481.346771 -54.892639 123.660889
v 484.661255 -87.051331 86.749237
v 483.308258 -118.371643 49.002148
v 477.300659 -148.551987 10.783119
v 466.696472 -177.301697 -27.539719
v 451.597656 -204.343933 -65.597343
v 432.149750 -229.418152 -103.023254
v 408.540192 -252.282959 -139.456985
v 380.995880 -272.718170 -174.547714
v 349.782471 -290.526978 -207.957306
v 315.200500 -305.537781 -239.364319
v 277.583099 -317.606140 -268.466034
v 237.292068 -326.615784 -294.982269
v 194.715988 -332.479919 -318.657715
v 150.264740 -335.142151 -339.264282
v 104.366318 -334.576660 -356.603577
v 57.462753 -330.789124 -370.508575
v 36.141922 310.201813 390.472290
v 81.941635 293.600342 396.338745
v 126.952194 274.171356 398.388245
v 170.740051 252.101959 396.601044
v 212.883682 227.604645 390.994385
v 252.977325 200.915405 381.622253
v 290.634277 172.291260 368.574829
v 325.492371 142.007751 351.977905
v 357.215912 110.356812 331.991180
v 385.499298 77.642921 308.807220
v 410.069855 44.181343 282.649292
v 430.691345 10.294235 253.769287
v 447.165192 -23.691963 222.445312
v 459.332458 -57.450005 188.979095
v 467.076111 -90.654793 153.692917
v 470.321594 -122.986519 116.926582
v 469.037598 -154.133804 79.034164
v 463.236511 -183.796692 40.380615
v 452.974274 -211.689514 1.338203
v 438.349487 -237.543701 -37.717125
v 419.503265 -261.110138 -76.409225
v 396.617157 -282.161987 -114.365448
v 369.911163 -300.496429 -151.220306
v 339.642761 -315.937012 -186.618713
v 306.103516 -328.334808 -220.220032
v 269.616425 -337.570679 -251.700378
v 230.532394 -343.555511 -280.756775
v 189.228424 -346.231720 -307.109344
v 146.102158 -345.573578 -330.504272
v 101.568787 -341.587280 -350.716248
v 56.057220 -334.311371 -367.550659
v 34.292419 306.795624 393.319794
v 78.260452 286.820801 402.006348
v 121.474762 264.083740 406.821411
v 163.519150 238.803436 407.718475
v 203.988831 211.223251 404.689056
v 242.494171 181.608887 397.762268
v 278.663818 150.245605 387.004761
v 312.149902 117.435257 372.520264
v 342.629852 83.494118 354.448090
v 369.810181 48.748734 332.962463
v 393.428802 13.533920 308.270203
v 413.258514 -21.811256 280.609131
v 429.108551 -56.946381 250.245667
v 440.825928 -91.533020 217.472153
v 448.297821 -125.238190 182.604309
v 451.452423 -157.737274 145.977875
v 450.259308 -188.717194 107.945557
v 444.729980 -217.879700 68.873672
v 434.917633 -244.943939 29.138550
v 420.916656 -269.649200 -10.877274
v 402.862213 -291.757568 -50.788284
v 380.928040 -311.056152 -90.210205
v 355.325104 -327.359131 -128.763397
v 326.300293 -340.509521 -166.076355
v 294.133057 -350.380463 -201.790085
v 259.133270 -356.877197 -235.560349
v 221.637543 -359.936890 -267.062103
v 182.007523 -359.530243 -295.991913
v 140.624725 -355.661194 -322.071106
v 97.887604 -348.366821 -345.048645
v 54.207718 -337.717560 -364.703156
v 32.016769 303.538361 396.029541
v 73.731079 280.337646 407.399719
v 114.735275 254.437103 414.846436
v 154.634445 226.086212 418.297913
v 193.044479 195.557953 417.721008
v 229.595581 163.146347 413.121277
v 263.935181 129.163651 404.542847
v 295.733093 93.936935 392.068542
v 324.682983 57.805710 375.818298
v 350.506073 21.117615 355.948792
v 372.953339 -15.773804 332.651306
v 391.808929 -52.513283 306.150208
v 406.891357 -88.747070 276.700684
v 418.055176 -124.126160 244.586395
v 425.192749 -158.309845 210.116638
v 428.235565 -190.968948 173.623306
v 427.154236 -221.788849 135.457886
v 421.959229 -250.472839 95.987915
v 412.700439 -276.744629 55.593567
v 399.467072 -300.351227 14.663773
v 382.386749 -321.065277 -26.407196
v 361.623932 -338.687286 -67.223862
v 337.378235 -353.047546 -107.393173
v 309.883484 -364.007812 -146.528076
v 279.404419 -371.462402 -184.251999
v 246.234680 -375.339722 -220.201355
v 210.693192 -375.602203 -254.030136
v 173.122818 -372.247467 -285.412476
v 133.885239 -365.307831 -314.046082
v 93.358215 -354.849976 -339.655273
v 51.932068 -340.974823 -361.993408
v 29.336878 300.461365 398.575378
v 68.397110 274.213257 412.466858
v 106.798599 245.324341 422.386108
v 144.171494 214.072815 428.237488
v 180.156021 180.759628 429.964783
v 214.405731 145.705597 427.551300
v 246.590240 109.248444 421.020172
v 276.400024 71.739075 410.434448
v 303.548096 33.538956 395.895966
v 327.772858 -4.984344 377.544861
v 348.840729 -43.459534 355.557739
v 366.549133 -81.516182 330.146423
v 380.727661 -118.787842 301.555603
v 391.239502 -154.915482 270.060669
v 397.983368 -189.551239 235.964905
v 400.894531 -222.361450 199.596649
v 399.944855 -253.030243 161.306152
v 395.143555 -281.262146 121.462173
v 386.536743 -306.785400 80.448486
v 374.207275 -329.354126 38.660004
v 358.274139 -348.751007 -3.500748
v 338.890717 -364.789246 -45.627792
v 316.243347 -377.314270 -87.315521
v 290.550415 -386.205688 -128.162170
v 262.059479 -391.377625 -167.774689
v 231.044830 -392.780487 -205.771332
v 197.804733 -390.400513 -241.786392
v 162.659866 -384.260864 -275.472900
v 125.948563 -374.420593 -306.506409
v 88.024246 -360.974365 -334.588135
v 49.252182 -344.051819 -359.447571
v 26.278563 297.594269 400.932770
v 62.309925 268.506653 417.158997
v 97.741180 236.833206 429.367798
v 132.231064 202.878937 437.441467
v 165.447571 166.970779 441.302368
v 197.070923 129.454544 440.913422
v 226.796005 90.691757 436.278046
v 254.336975 51.055450 427.441162
v 279.428741 10.927597 414.487732
v 301.829498 -29.305725 397.542664
v 321.323151 -69.256699 376.768951
v 337.722382 -108.540627 352.366760
v 350.869324 -146.779358 324.571106
v 360.637207 -183.604477 293.649658
v 366.931793 -218.661423 259.900208
v 369.692688 -251.612518 223.647766
v 368.893280 -282.140442 185.241455
v 364.541260 -309.951172 145.051178
v 356.678406 -334.776917 103.463974
v 345.380524 -356.378571 60.880325
v 330.756561 -374.548157 17.710449
v 312.947357 -389.110626 -25.630020
v 292.123993 -399.925659 -68.723755
v 268.487366 -406.889313 -111.155457
v 242.265244 -409.934326 -152.516815
v 213.710022 -409.031555 -192.409210
v 183.096283 -404.189392 -230.448792
v 150.719437 -395.454742 -266.268921
v 116.891144 -382.911743 -299.524719
v 81.937073 -366.680969 -329.895996
v 46.193863 -346.918915 -357.090179
v 22.871275 294.964661 403.079102
v 55.528156 263.272766 421.430969
v 87.650253 229.045471 435.724213
v 118.928146 192.612350 445.821167
v 149.060776 154.324203 451.624695
v 177.758072 114.549744 453.078888
v 204.743118 73.672318 450.169556
v 229.756424 32.085281 442.924866
v 252.557190 -9.810654 431.414551
v 272.925781 -51.612289 415.749573
v 290.665649 -92.916763 396.080627
v 305.606323 -133.326385 372.597168
v 317.604004 -172.452057 345.525513
v 326.542969 -209.916901 315.126160
v 332.336975 -245.360138 281.692017
v 334.930511 -278.440430 245.545013
v 334.298462 -308.839142 207.033264
v 330.447021 -336.263580 166.527695
v 323.413086 -360.449615 124.418381
v 313.264465 -381.164337 81.110748
v 300.099060 -398.208252 37.022110
v 284.043640 -411.417175 -7.423096
v 265.252441 -420.663879 -51.796936
v 243.906815 -425.859497 -95.671753
v 220.212357 -426.953735 -138.625320
v 194.397171 -423.936340 -180.243744
v 166.709488 -416.835938 -220.126480
v 137.416519 -405.721313 -257.889221
v 106.800217 -390.699463 -293.168304
v 75.155304 -371.914856 -325.624023
v 42.786575 -349.548523 -354.943848
v 19.147823 292.597900 404.993622
v 48.117111 258.562073 425.241577
v 76.622986 222.036133 441.394226
v 104.390869 183.371948 453.295959
v 131.153473 142.941696 460.832245
v 156.653198 101.134720 463.930603
v 180.643936 58.354034 462.560852
v 202.895035 15.011215 456.736450
v 223.192291 -28.476044 446.513397
v 241.340103 -71.689285 431.990295
v 257.163422 -114.211929 413.306763
v 270.510223 -155.634674 390.642883
v 281.251984 -195.558716 364.216980
v 289.285126 -233.599304 334.283386
v 294.532166 -269.390228 301.130524
v 296.942749 -302.586792 265.077545
v 296.493652 -332.869232 226.471771
v 293.189178 -359.945984 185.684921
v 287.061066 -383.556274 143.109848
v 278.168365 -403.472626 99.156479
v 266.596832 -419.503418 54.248260
v 252.457993 -431.494202 8.817627
v 235.887543 -439.329285 -36.698090
v 217.045425 -442.933533 -81.860168
v 196.113174 -442.272034 -126.234024
v 173.292297 -437.351379 -169.392014
v 148.802185 -428.218445 -210.918915
v 122.879242 -414.961731 -250.414444
v 95.772949 -397.708801 -287.498291
v 67.744255 -376.625549 -321.813416
v 39.063126 -351.915283 -353.029327
v 15.144070 290.516785 406.657898
v 40.148167 254.419846 428.554138
v 64.765587 215.872742 446.323181
v 88.759216 175.246704 459.793793
v 111.898109 132.932861 468.836426
v 133.959534 89.338669 473.364044
v 154.730576 44.884399 473.332642
v 174.011505 -0.002289 468.742920
v 191.616776 -44.888840 459.638916
v 207.376663 -89.343277 446.108398
v 221.139160 -132.937149 428.281494
v 232.772079 -175.250763 406.330078
v 242.163406 -215.876709 380.465515
v 249.222519 -254.423645 350.936829
v 253.881363 -290.520264 318.028442
v 256.095245 -323.819031 282.057251
v 255.842850 -353.999268 243.369690
v 253.126602 -380.770325 202.338364
v 247.972488 -403.874268 159.358398
v 240.430222 -423.088715 114.843643
v 230.572601 -438.228638 69.223007
v 218.494553 -449.148193 22.935745
v 204.312027 -455.742065 -23.572586
v 188.161896 -457.947052 -69.853714
v 170.199814 -455.741669 -115.462204
v 150.598633 -449.147400 -159.958588
v 129.546814 -438.227295 -202.914749
v 107.247589 -423.086975 -243.916595
v 83.915550 -403.872192 -282.569336
v 59.775311 -380.767761 -318.500854
v 35.059372 -353.996399 -351.365051
v 10.898577 288.741333 408.055969
v 31.698059 250.886032 431.336761
v 52.192249 210.614594 450.463623
v 72.183746 168.314880 465.252136
v 91.480133 124.394104 475.560120
v 109.895668 79.275223 481.288330
v 127.252586 33.393173 482.381195
v 143.384018 -12.810623 478.828613
v 158.134766 -58.890945 470.664612
v 171.362534 -104.404312 457.967926
v 182.939774 -148.912033 440.860657
v 192.755356 -191.985657 419.507690
v 200.714676 -233.210510 394.114685
v 206.740952 -272.189331 364.926086
v 210.776123 -308.546783 332.223083
v 212.781448 -341.932770 296.320587
v 212.737610 -372.025787 257.564331
v 210.645035 -398.536011 216.327621
v 206.523758 -421.208069 173.007568
v 200.413498 -439.823608 128.021255
v 192.373215 -454.203491 81.802139
v 182.480423 -464.209229 34.795258
v 170.830017 -469.744202 -12.546890
v 157.534409 -470.755371 -59.768021
v 142.721817 -467.232910 -106.413666
v 126.534752 -459.210876 -152.034302
v 109.128845 -446.766052 -196.191055
v 90.672119 -430.018799 -238.458267
v 71.342216 -409.130341 -278.428894
v 51.325203 -384.301575 -315.718231
v 30.813879 -355.771851 -349.966980
v -10.005832 323.815857 380.845337
v 6.452225 287.288635 409.174286
v 22.848175 247.994659 433.562683
v 39.024055 206.312378 453.775635
v 54.824085 162.643234 469.618378
v 70.096161 117.407669 480.938538
v 84.693306 71.041260 487.627197
v 98.474602 23.990997 489.619385
v 111.307526 -23.290451 486.896423
v 123.068687 -70.347549 479.484375
v 133.644562 -116.727310 467.454681
v 142.933182 -161.982742 450.922974
v 150.845413 -205.678253 430.048767
v 157.304977 -247.393066 405.032990
v 162.249588 -286.725250 376.116455
v 165.631531 -323.296143 343.577728
v 167.418427 -356.753510 307.730164
v 167.593018 -386.775146 268.918976
v 166.153671 -413.071930 227.517990
v 163.114059 -435.390625 183.925873
v 158.503555 -453.516205 138.562332
v 152.366623 -467.274231 91.864487
v 144.762451 -476.532227 44.282013
v 135.763947 -481.200806 -3.727127
v 125.457916 -481.235229 -51.700211
v 113.943825 -476.635071 -99.175476
v 101.332390 -467.444824 -145.695450
v 87.744873 -453.752502 -190.812607
v 73.312454 -435.690430 -234.092010
v 58.174026 -413.432556 -275.116882
v 42.475319 -387.192963 -313.492310
v 26.367527 -357.224548 -348.848663
v 1.847835 286.172729 410.002136
v 13.683741 245.773544 435.210419
v 25.387829 203.007477 456.227356
v 36.847401 158.286392 472.850525
v 47.952145 112.040817 484.919983
v 58.595181 64.716080 492.319519
v 68.673752 16.768433 494.977478
v 78.090942 -31.340881 492.868652
v 86.756256 -79.148270 486.013214
v 94.585991 -126.193588 474.477264
v 101.504631 -172.023392 458.371704
v 107.445869 -216.196594 437.851868
v 112.352356 -258.287811 413.115265
v 116.176849 -297.891510 384.400208
v 118.882393 -334.626282 351.983002
v 120.443092 -368.138489 316.176147
v 120.843880 -398.105286 277.324249
v 120.080933 -424.238190 235.801712
v 118.161438 -446.285370 192.008148
v 115.103996 -464.034546 146.365433
v 110.938057 -477.314880 99.313187
v 105.703880 -485.998474 51.304596
v 99.451523 -490.001526 2.801727
v 92.241318 -489.285645 -45.727982
v 84.142975 -483.857635 -93.817398
v 75.234268 -473.770020 -141.003113
v 65.600853 -459.119324 -186.831192
v 55.335766 -440.047302 -230.859863
v 44.537800 -416.737457 -272.665161
v 33.310883 -389.414062 -311.844574
v 21.763138 -358.340454 -348.020813
v -2.870247 285.404297 410.531555
v 4.293015 244.244110 436.264099
v 11.414887 200.731750 457.795197
v 18.426842 155.286301 474.917419
v 25.261330 108.345245 487.466003
v 31.852627 60.360596 495.320190
v 38.137047 11.795029 498.403870
v 44.054150 -36.884308 496.687744
v 49.547180 -85.208389 490.188263
v 54.562962 -132.712021 478.968079
v 59.053104 -178.937302 463.134949
v 62.974659 -223.439484 442.841736
v 66.289764 -265.789886 418.283783
v 68.966461 -305.580505 389.697449
v 70.978912 -342.428162 357.358063
v 72.307816 -375.978119 321.577209
v 72.940399 -405.907166 282.699310
v 72.870544 -431.927185 241.098953
v 72.098846 -453.787445 197.176666
v 70.632790 -471.277435 151.355331
v 68.486534 -484.228760 104.076462
v 65.680847 -492.516907 55.795410
v 62.242447 -496.061646 6.976776
v 58.204533 -494.829071 -41.908875
v 53.606270 -488.831055 -90.391006
v 48.491718 -478.125488 -138.002441
v 42.910042 -462.814911 -184.285172
v 36.915207 -443.047363 -228.792984
v 30.564857 -419.013184 -271.097321
v 23.920158 -390.943512 -310.790894
v 17.045055 -359.108887 -347.491394
v -7.656580 284.990784 410.757385
v -5.233570 243.421066 436.713623
v -2.760192 199.507126 458.464050
v -0.260212 153.671844 475.799133
v 2.242257 106.356552 488.552124
v 4.723210 58.016785 496.600281
v 7.158591 9.118668 499.865570
v 9.524982 -39.867401 498.316956
v 11.799812 -88.469498 491.969330
v 13.960909 -136.219803 480.883850
v 15.987461 -182.657913 465.166992
v 17.860126 -227.337128 444.970459
v 19.560778 -269.826996 420.488647
v 21.073120 -309.718170 391.957214
v 22.382416 -346.626617 359.651062
v 23.476196 -380.196869 323.881287
v 24.343903 -410.105621 284.992310
v 24.977203 -436.064850 243.358749
v 25.369856 -457.824554 199.381531
v 25.518261 -475.175079 153.484024
v 25.420895 -487.949402 106.108475
v 25.078794 -496.024719 57.711182
v 24.495079 -499.322754 8.757843
v 23.675365 -497.812164 -40.279648
v 22.627815 -491.507385 -88.929291
v 21.362301 -480.469299 -136.722351
v 19.890968 -464.803589 -183.199036
v 18.228153 -444.661835 -227.911240
v 16.389778 -420.237793 -270.428467
v 14.393574 -391.766541 -310.341370
v 12.258722 -359.522400 -347.265564
v -12.465080 284.936157 410.677490
v -14.804256 243.312347 436.554596
v -17.000904 199.345367 458.227448
v -19.033787 153.458603 475.487244
v -20.883400 106.093872 488.167908
v -22.531834 57.707184 496.147461
v -23.963295 8.765152 499.348480
v -25.164089 -40.261444 497.740601
v -26.122322 -88.900284 491.339264
v -26.829115 -136.683151 480.206146
v -27.277584 -183.149368 464.448120
v -27.463284 -227.851898 444.217407
v -27.384535 -270.360229 419.708649
v -27.041992 -310.264709 391.157837
v -26.439087 -347.181152 358.839874
v -25.581558 -380.754120 323.066162
v -24.477600 -410.660156 284.181122
v -23.137909 -436.611389 242.559341
v -21.575457 -458.357788 198.601532
v -19.805149 -475.689850 152.730972
v -17.844151 -488.440857 105.389633
v -15.711229 -496.488037 57.033478
v -13.427055 -499.753540 8.127777
v -11.013706 -498.206207 -40.856018
v -8.494071 -491.860901 -89.446381
v -5.892743 -480.778900 -137.175186
v -3.234689 -465.066284 -183.583267
v -0.545422 -444.875061 -228.223160
v 2.149066 -420.399567 -270.665070
v 4.822887 -391.875275 -310.500397
v 7.450222 -359.577026 -347.345459
v -17.249426 285.240967 410.292633
v -24.326885 243.919006 435.788605
v -31.170094 200.248047 457.087677
v -37.713078 154.648621 473.984650
v -43.892914 107.559723 486.317017
v -49.650013 59.434784 493.966064
v -54.928902 10.737869 496.857605
v -59.678967 -38.062592 494.964233
v -63.854012 -86.496506 488.304138
v -67.414307 -134.097610 476.941498
v -70.325371 -180.406937 460.985352
v -72.559120 -224.978973 440.589905
v -74.094116 -267.384491 415.951324
v -74.915451 -307.214844 387.306885
v -75.015396 -344.086487 354.932404
v -74.392929 -377.644470 319.139801
v -73.053909 -407.565491 280.273651
v -71.011368 -433.561523 238.708389
v -68.285034 -455.382050 194.844208
v -64.900993 -472.816925 149.103470
v -60.891941 -485.698425 101.926865
v -56.296421 -493.902527 53.768829
v -51.158745 -497.349731 5.092651
v -45.528584 -496.007355 -43.632385
v -39.459679 -489.888184 -91.937241
v -33.010921 -479.051300 -139.356567
v -26.244202 -463.600433 -185.434143
v -19.224712 -443.685059 -229.725739
v -12.020123 -419.496887 -271.804840
v -4.699741 -391.268616 -311.266388
v 2.665876 -359.272217 -347.730316
v 10.005832 -323.815857 -380.845337
v -21.963552 285.902252 409.606537
v -33.709740 245.235199 434.422974
v -45.131317 202.206451 455.055725
v -56.118198 157.230408 471.305908
v -66.564682 110.740036 483.017303
v -76.370140 63.182983 490.077148
v -85.440002 15.017822 492.416931
v -93.687225 -33.292084 490.014587
v -101.031898 -81.281357 482.893158
v -107.403778 -128.488052 471.121307
v -112.741280 -174.457016 454.812073
v -116.993065 -218.745972 434.122864
v -120.118118 -260.928467 409.252869
v -122.086243 -300.597931 380.441528
v -122.878723 -337.372467 347.966248
v -122.487839 -370.897949 312.139923
v -120.917236 -400.851471 273.307495
v -118.182159 -426.944611 231.843033
v -114.309036 -448.926025 188.145752
v -109.334938 -466.583923 142.636429
v -103.307854 -479.748474 95.753555
v -96.285889 -488.292969 47.948639
v -88.336632 -492.134583 -0.318329
v -79.536835 -491.236847 -48.582047
v -69.970779 -485.608246 -96.377930
v -59.731052 -475.303101 -143.245499
v -48.915970 -460.420105 -188.733856
v -37.629833 -441.103271 -232.404480
v -25.981346 -417.538483 -273.836792
v -14.082596 -389.952423 -312.632019
v -2.048250 -358.610931 -348.416412
v -26.562056 286.913635 408.625763
v -42.862461 247.248230 432.470917
v -58.750114 205.201752 452.151123
v -74.071899 161.179138 467.476807
v -88.680412 115.604141 478.300537
v -102.434898 68.915649 484.518127
v -115.202751 21.563797 486.069244
v -126.861328 -25.995789 482.939270
v -137.297882 -73.305069 475.158447
v -146.412415 -119.908524 462.801636
v -154.116882 -165.356888 445.987610
v -160.337143 -209.212921 424.878540
v -165.013275 -251.054291 399.677765
v -168.100082 -290.477722 370.627808
v -169.568130 -327.103638 338.008484
v -169.403137 -360.579407 302.133972
v -167.606644 -390.582642 263.349731
v -164.195999 -416.824402 222.029343
v -159.204193 -439.051849 178.570648
v -152.679001 -457.050873 133.392105
v -144.683441 -470.648376 86.929092
v -135.294525 -479.713440 39.628983
v -124.602623 -484.158325 -8.053024
v -112.710953 -483.940552 -55.657349
v -99.733528 -479.062256 -102.725616
v -85.795815 -469.570435 -148.804504
v -71.031700 -455.556030 -193.450638
v -55.583530 -437.154541 -236.233582
v -39.600143 -414.543182 -276.741394
v -23.235317 -387.939392 -314.584076
v -6.646753 -357.599548 -349.397186
v -31.000647 288.265411 407.359802
v -51.696903 249.938736 429.951202
v -71.895325 209.205093 448.401917
v -91.401260 166.456741 462.534180
v -110.027061 122.105225 472.212097
v -127.593285 76.577560 477.342560
v -143.930527 30.312775 477.875610
v -158.881851 -16.244019 473.806519
v -172.302765 -62.644424 465.174500
v -184.064560 -108.441666 452.062683
v -194.053665 -153.194260 434.596985
v -202.173935 -196.471588 412.945984
v -208.347214 -237.857056 387.318268
v -212.513809 -276.951630 357.960327
v -214.633911 -313.378967 325.154999
v -214.687027 -346.788330 289.218262
v -212.672424 -376.857971 250.496246
v -208.609726 -403.298309 209.361862
v -202.538132 -425.854614 166.211151
v -194.515793 -444.309540 121.459579
v -184.620224 -458.485718 75.538498
v -172.946671 -468.246582 28.890015
v -159.607513 -473.497681 -18.036972
v -144.731461 -474.188782 -64.790100
v -128.461288 -470.313293 -110.919235
v -110.954201 -461.908508 -155.980072
v -92.378349 -449.054932 -199.539047
v -72.912903 -431.876953 -241.176193
v -52.745354 -410.539856 -280.490601
v -32.069759 -385.248901 -317.103790
v -11.085344 -356.247772 -350.663147
v -35.236588 289.944519 405.820862
v -60.127991 253.280792 426.888092
v -84.440353 214.177917 443.844177
v -107.939423 173.012421 456.525696
v -130.399078 130.180634 464.810730
v -151.602997 86.094940 468.619537
v -171.346680 41.180466 467.915009
v -189.440353 -4.130676 462.704224
v -205.709412 -49.402084 453.037476
v -219.997635 -94.197922 439.007782
v -232.167038 -138.086227 420.749939
v -242.100555 -180.644775 398.440186
v -249.702606 -221.463867 372.293335
v -254.899734 -260.149963 342.561035
v -257.642120 -296.330627 309.529633
v -257.903320 -329.657501 273.517273
v -255.680634 -359.809631 234.870880
v -250.995651 -386.496643 193.962540
v -243.893524 -409.461426 151.186218
v -234.442413 -428.482727 106.953751
v -222.733597 -443.377686 61.691452
v -208.879745 -454.002808 15.835114
v -193.014160 -460.255310 -30.174011
v -175.289963 -462.075439 -75.892395
v -155.877441 -459.445618 -120.879852
v -134.963898 -452.391144 -164.703094
v -112.750374 -440.979523 -206.940445
v -89.451050 -425.321259 -247.184708
v -65.290390 -405.567017 -285.048340
v -40.500847 -381.906830 -320.166901
v -15.321283 -354.568665 -352.202087
v -39.229065 291.934814 404.023682
v -68.074524 257.242249 423.311096
v -96.264389 220.072311 438.521759
v -123.527084 180.783051 449.509155
v -149.600281 139.752640 456.167603
v -174.232819 97.376160 458.433105
v -197.187149 54.062210 456.283325
v -218.242615 10.227585 449.739319
v -237.196106 -33.705643 438.864258
v -253.865540 -77.314407 423.762695
v -268.089935 -120.178268 404.579834
v -279.732513 -161.884827 381.500732
v -288.681244 -202.032593 354.747711
v -294.849609 -240.234497 324.578186
v -298.178497 -276.122772 291.282745
v -298.635834 -309.351868 255.182159
v -296.217010 -339.601776 216.624008
v -290.945557 -366.581177 175.979721
v -282.872162 -390.030151 133.640594
v -272.074371 -409.722778 90.014313
v -258.656525 -425.469727 45.521317
v -242.747650 -437.119324 0.590027
v -224.500854 -444.558899 -44.347229
v -204.092224 -447.717163 -88.857285
v -181.717911 -446.563843 -132.511520
v -157.593719 -441.109924 -174.889542
v -131.951569 -431.407532 -215.583557
v -105.038712 -417.550629 -254.201248
v -77.114426 -399.672607 -290.370758
v -48.447376 -377.945374 -323.743896
v -19.313765 -352.578369 -353.999268
v -42.939659 294.217133 401.985657
v -75.459961 261.784882 419.254639
v -107.253563 226.831543 432.485962
v -138.014130 189.693771 441.552124
v -167.445709 150.729034 446.366028
v -195.264816 110.312531 446.881287
v -221.203094 68.833954 443.092621
v -245.011185 26.692474 435.036682
v -266.459595 -15.706207 422.791290
v -285.342072 -57.953781 406.474243
v -301.476440 -99.642868 386.242371
v -314.707367 -140.372437 362.290833
v -324.907684 -179.750366 334.850372
v -331.978760 -217.397095 304.185059
v -335.852753 -252.950043 270.590240
v -336.492371 -286.067017 234.389496
v -333.891266 -316.429047 195.931488
v -328.074707 -343.743774 155.586594
v -319.098602 -367.747925 113.743256
v -307.049225 -388.210388 70.804398
v -292.043030 -404.934326 27.183853
v -274.224213 -417.758667 -16.698425
v -253.764343 -426.559448 -60.420197
v -230.860794 -431.252289 -103.559921
v -205.733856 -431.792114 -145.702240
v -178.625717 -428.173553 -186.441330
v -149.796997 -420.431122 -225.385147
v -119.525757 -408.639893 -262.158264
v -88.103600 -392.913391 -296.406555
v -55.832821 -373.402740 -327.800354
v -23.024355 -350.296051 -356.037292
v -46.332603 296.769470 399.726379
v -82.213196 266.864990 414.757812
v -117.302032 234.390518 425.794922
v -151.261078 199.658783 432.731293
v -183.763519 163.004120 435.500336
v -214.496399 124.779480 434.075409
v -243.163193 85.353439 428.469879
v -269.488373 45.105408 418.737915
v -293.218048 4.422836 404.973450
v -314.124176 -36.302444 387.308899
v -332.004913 -76.677795 365.914093
v -346.688263 -116.314781 340.995422
v -358.033051 -154.831802 312.792938
v -365.929504 -191.857605 281.578003
v -370.301971 -227.035583 247.651245
v -371.108307 -260.027191 211.339508
v -368.340485 -290.514587 172.992493
v -362.025452 -318.204285 132.979538
v -352.223969 -342.829346 91.685822
v -339.030121 -364.152710 49.509018
v -322.571503 -381.969269 6.855591
v -303.006317 -396.107361 -35.863785
v -280.522797 -406.430420 -78.238037
v -255.337982 -412.839355 -119.858704
v -227.693954 -415.272644 -160.324982
v -197.857300 -413.706604 -199.247223
v -166.114807 -408.156036 -236.250824
v -132.772705 -398.674896 -270.979095
v -98.152069 -385.354431 -303.097595
v -62.586056 -368.322632 -332.297180
v -26.417303 -347.743713 -358.296570
v -49.375244 299.567291 397.267578
v -88.269180 272.433655 409.863922
v -126.313049 242.676407 418.513062
v -163.140305 210.582092 423.131592
v -198.396591 176.459686 423.675232
v -231.742432 140.637711 420.138794
v -262.855988 103.461594 412.555939
v -291.438324 65.289062 400.999939
v -317.213776 26.487671 385.582275
v -339.934631 -12.568954 366.451233
v -359.381470 -51.504196 343.790833
v -375.367310 -89.943535 317.819672
v -387.738373 -127.516861 288.787811
v -396.375031 -163.862045 256.974731
v -401.194427 -198.629013 222.686783
v -402.150238 -231.483154 186.254242
v -399.232941 -262.108032 148.028030
v -392.470978 -290.208740 108.376266
v -381.929291 -315.514404 67.680695
v -367.709167 -337.781464 26.333252
v -349.948059 -356.795654 -15.267654
v -328.816772 -372.373840 -56.721436
v -304.518524 -384.365570 -97.629211
v -277.287933 -392.655701 -137.596664
v -247.386749 -397.164490 -176.238922
v -215.103333 -397.848389 -213.183853
v -180.747879 -394.700470 -248.075943
v -144.651932 -387.751587 -280.578796
v -107.163086 -377.068542 -310.379456
v -68.642029 -362.753967 -337.191071
v -29.459944 -344.945892 -360.755371
v -52.038277 302.583588 394.632965
v -93.569595 278.437256 404.620087
v -134.199799 251.609451 410.710480
v -173.537415 222.358551 412.845459
v -211.203964 190.966125 411.004547
v -246.836746 157.734467 405.205597
v -280.091858 122.984001 395.504089
v -310.649719 87.049103 381.993622
v -338.215759 50.275772 364.804535
v -362.524902 13.018143 344.102173
v -383.342377 -24.364532 320.085693
v -400.468170 -61.512703 292.986694
v -413.737488 -98.068588 263.066223
v -423.022003 -133.680008 230.612228
v -428.232605 -168.003845 195.937195
v -429.319214 -200.709793 159.375229
v -426.271118 -231.482849 121.278442
v -419.117950 -260.026672 82.013748
v -407.928406 -286.066162 41.959091
v -392.810028 -309.350647 1.500290
v -373.908966 -329.656006 -38.972824
v -351.407043 -346.786743 -79.070496
v -325.520508 -360.577454 -118.406952
v -296.499329 -370.895660 -156.602997
v -264.622620 -377.642059 -193.290771
v -230.197647 -380.751617 -228.117035
v -193.555252 -380.194031 -260.746613
v -155.049042 -375.975128 -290.864929
v -115.049835 -368.135498 -318.182037
v -73.942459 -356.750366 -342.434906
v -32.122971 -341.929596 -363.389984
v -54.296043 305.789368 391.847931
v -98.063385 284.817932 399.076813
v -140.886353 261.103577 402.462372
v -182.352310 234.874695 401.971924
v -222.062332 206.383759 397.610352
v -259.634003 175.905136 389.419678
v -294.704742 143.732651 377.478516
v -326.937531 110.175941 361.901978
v -356.021606 75.558060 342.840332
v -381.677338 40.212433 320.476868
v -403.656952 4.479843 295.026886
v -421.749237 -31.296028 266.735718
v -435.780090 -66.770630 235.875824
v -445.613861 -101.602142 202.744293
v -451.156128 -135.455063 167.660141
v -452.353668 -168.003510 130.961349
v -449.194641 -198.934067 93.001389
v -441.709808 -227.948822 54.145813
v -429.971008 -254.768188 14.768700
v -414.091095 -279.133972 -24.750702
v -394.223541 -300.811646 -64.031624
v -370.559479 -319.592468 -102.695786
v -343.326355 -335.295166 -140.371170
v -312.787140 -347.768829 -176.694641
v -279.235504 -356.893433 -211.316360
v -242.994904 -362.580933 -243.902954
v -204.413620 -364.776398 -274.140808
v -163.863937 -363.458984 -301.738464
v -121.736389 -358.641357 -326.430145
v -78.436249 -350.369690 -347.978180
v -34.380745 -338.723816 -366.175018
v -56.126808 309.153748 388.939270
v -101.707306 291.514252 393.287476
v -146.308289 271.067383 393.848145
v -189.500076 248.010010 390.615753
v -230.867081 222.564117 383.621582
v -270.010986 194.974686 372.933044
v -306.553955 165.507721 358.652832
v -340.144897 134.446854 340.918518
v -370.459961 102.091064 319.901154
v -397.207581 68.752014 295.802917
v -420.129486 34.751137 268.855774
v -439.005463 0.415428 239.319504
v -453.653870 -33.924362 207.478516
v -463.932983 -67.937408 173.639374
v -469.744171 -101.296082 138.127914
v -471.031677 -133.679260 101.286232
v -467.782684 -164.775085 63.469166
v -460.028931 -194.284088 25.040894
v -447.844788 -221.921921 -13.628609
v -431.347321 -247.422516 -52.166916
v -410.696075 -270.540344 -90.202736
v -386.089722 -291.052887 -127.369736
v -357.764709 -308.762177 -163.310333
v -325.994507 -323.497925 -197.678116
v -291.084717 -335.118347 -230.142044
v -253.371887 -343.511414 -260.389587
v -213.218369 -348.596039 -288.129578
v -171.011703 -350.323669 -313.094635
v -127.158325 -348.677551 -335.044373
v -82.080154 -343.673370 -353.767517
v -36.211510 -335.359436 -369.083679
v -57.512939 312.644287 385.934998
v -104.466217 298.461731 387.307861
v -150.413422 281.404907 384.950745
v -194.911880 261.638000 378.886322
v -237.533447 239.351318 369.173035
v -277.867706 214.759491 355.904510
v -315.525391 188.099518 339.208313
v -350.144592 159.628113 319.245300
v -381.391632 129.619232 296.207977
v -408.966003 98.362053 270.317902
v -432.601349 66.157814 241.824402
v -452.070740 33.316307 211.002106
v -467.186646 0.153893 178.147751
v -477.803009 -33.010010 143.577759
v -483.817841 -65.855904 107.624954
v -485.173401 -98.067581 70.635674
v -481.856354 -129.334915 32.966213
v -473.898956 -159.356689 -5.020721
v -461.377563 -187.843658 -42.959366
v -444.412598 -214.521637 -80.484322
v -423.167938 -239.133667 -117.234100
v -397.848145 -261.442841 -152.854767
v -368.696381 -281.234009 -187.003510
v -335.994202 -298.316650 -219.351318
v -300.056152 -312.526550 -249.586548
v -261.228607 -323.726593 -277.418121
v -219.884735 -331.808838 -302.578125
v -176.423508 -336.695679 -324.824066
v -131.263458 -338.340027 -343.941772
v -84.839066 -336.725891 -359.747131
v -37.597633 -331.868896 -372.087952
v -58.441086 316.227417 382.864014
v -106.313583 305.593475 381.195526
v -153.162201 292.016602 375.855896
v -198.535599 275.627380 366.896545
v -241.997208 256.583740 354.403778
v -283.128571 235.068985 338.498016
v -321.532623 211.290482 319.332245
v -356.840393 185.477173 297.091064
v -388.711517 157.877472 271.988922
v -416.839386 128.757355 244.267273
v -440.952484 98.397415 214.193085
v -460.819183 67.089737 182.056213
v -476.248169 35.135902 148.166016
v -487.090302 2.843689 112.848961
v -493.241516 -29.475843 76.445023
v -494.642639 -61.511475 39.304863
v -491.280029 -92.954849 1.786282
v -483.186249 -123.502991 -35.749519
v -470.439087 -152.861664 -72.941093
v -453.161041 -180.748199 -109.430214
v -431.519073 -206.894058 -144.865417
v -405.721527 -231.047546 -178.905396
v -376.016266 -252.975769 -211.222565
v -342.690002 -272.467590 -241.505554
v -306.063385 -289.335571 -269.462616
v -266.489471 -303.417114 -294.824615
v -224.348495 -314.576416 -317.347382
v -180.047226 -322.706299 -336.813843
v -134.012238 -327.728333 -353.036621
v -86.686432 -329.594147 -365.859467
v -38.525787 -328.285767 -375.158936
v -58.902306 319.868591 379.755981
v -107.231583 312.840790 375.009338
v -154.528137 302.800232 366.651154
v -200.336334 289.843506 354.761902
v -244.215393 274.095428 339.456116
v -285.742859 255.707581 320.881226
v -324.517822 234.857239 299.216064
v -360.167694 211.745117 274.669189
v -392.348969 186.593658 247.477280
v -420.751953 159.645233 217.901917
v -445.102417 131.159454 186.227951
v -465.166504 101.410469 152.760590
v -480.751129 70.684814 117.822052
v -491.705414 39.278381 81.748901
v -497.924408 7.493761 44.888393
v -499.348206 -24.362976 7.595520
v -495.962921 -55.985245 -29.770351
v -487.801361 -87.068298 -66.849579
v -474.942047 -117.312744 -103.285065
v -457.508362 -146.427460 -138.725830
v -435.669006 -174.132019 -172.830551
v -409.634094 -200.159668 -205.270752
v -379.653717 -224.259583 -235.734207
v -346.017303 -246.199646 -263.927429
v -309.048584 -265.768829 -289.578796
v -269.103760 -282.778503 -312.441406
v -226.566681 -297.064728 -332.295044
v -181.847961 -308.490173 -348.948486
v -135.378174 -316.944702 -362.241364
v -87.604446 -322.346832 -372.045654
v -38.987007 -324.644592 -378.266968
v -58.892174 323.532776 376.640747
v -107.211411 320.133881 368.808868
v -154.498123 313.651978 357.425171
v -200.296768 304.149414 342.599274
v -244.166641 291.717712 324.473969
v -285.685394 276.476562 303.223816
v -324.452209 258.572815 279.053467
v -360.094543 238.178986 252.195572
v -392.269012 215.491180 222.909088
v -420.665985 190.728165 191.475723
v -445.011200 164.128418 158.198303
v -465.070953 135.947968 123.397415
v -480.652161 106.458237 87.408104
v -491.604004 75.943207 50.577103
v -497.821472 44.696869 13.258938
v -499.244751 13.020157 -24.186981
v -495.859985 -18.782137 -61.399807
v -487.699951 -50.403473 -98.021378
v -474.843079 -81.539322 -133.699005
v -457.412811 -111.889977 -168.089005
v -435.577789 -141.163055 -200.860199
v -409.548126 -169.076736 -231.696945
v -379.573761 -195.362061 -260.302399
v -345.944153 -219.765778 -286.401062
v -308.982971 -242.053238 -309.741394
v -269.046295 -262.009521 -330.098816
v -226.517929 -279.442444 -347.277191
v -181.808395 -294.184265 -361.111115
v -135.348160 -306.092957 -371.467346
v -87.584274 -315.053741 -378.246124
v -38.976868 -320.980408 -381.382202
v -58.410767 327.184662 373.548340
v -106.253235 327.402527 362.653870
v -153.072418 324.467346 348.266815
v -198.417236 318.407288 330.525787
v -241.851425 309.280884 309.601593
v -282.956757 297.175903 285.695801
v -321.336426 282.208893 259.038635
v -356.621613 264.524170 229.886658
v -388.472412 244.291809 198.520935
v -416.582306 221.706848 165.243225
v -440.679718 196.986816 130.374084
v -460.533356 170.369629 94.249428
v -475.952179 142.111694 57.217041
v -486.786987 112.485046 19.633759
v -492.933685 81.775192 -18.138691
v -494.333313 50.277878 -55.736511
v -490.972198 18.296186 -92.797440
v -482.882935 -13.861633 -128.964722
v -470.143097 -45.885864 -163.890076
v -452.875214 -77.468315 -197.237000
v -431.246307 -108.304657 -228.684418
v -405.464447 -138.098053 -257.929443
v -375.777161 -166.561432 -284.690552
v -342.471222 -193.420593 -308.709961
v -305.867188 -218.417175 -329.756226
v -266.317657 -241.310181 -347.626831
v -224.202713 -261.879272 -362.149567
v -179.928864 -279.926392 -373.184601
v -133.922455 -295.277588 -380.625702
v -86.626099 -307.785095 -384.401123
v -38.495468 -317.328522 -384.474609
v -57.462730 330.789124 370.508575
v -104.366302 334.576660 356.603577
v -150.264740 335.142151 339.264282
v -194.715897 332.479919 318.657715
v -237.292007 326.615784 294.982269
v -277.583221 317.606201 268.466003
v -315.200500 305.537781 239.364319
v -349.782410 290.526978 207.957306
v -380.995758 272.718140 174.547745
v -408.540222 252.282944 139.457001
v -432.149689 229.418152 103.023247
v -451.597504 204.343933 65.597351
v -466.696533 177.301773 27.539658
v -477.300659 148.551987 -10.783119
v -483.308136 118.371643 -49.002125
v -484.661163 87.051392 -86.749290
v -481.346649 54.892639 -123.660873
v -473.396606 22.205307 -159.381592
v -460.887451 -10.695786 -193.567459
v -443.939362 -43.494011 -225.889069
v -422.716278 -75.873322 -256.035248
v -397.422363 -107.521957 -283.715668
v -368.300507 -138.135101 -308.663757
v -335.632019 -167.417770 -330.639313
v -299.731262 -195.088287 -349.430542
v -260.944122 -220.879883 -364.856628
v -219.643295 -244.544373 -376.768890
v -176.227524 -265.853760 -385.052673
v -131.114777 -284.602783 -389.628235
v -84.739151 -300.610962 -390.451416
v -37.547432 -313.724060 -387.514374
v -56.057198 334.311371 367.550659
v -101.568771 341.587280 350.716248
v -146.102158 345.573578 330.504272
v -189.228317 346.231689 307.109375
v -230.532318 343.555511 280.756775
v -269.616486 337.570740 251.700348
v -306.103516 328.334808 220.220032
v -339.642700 315.936981 186.618713
v -369.911072 300.496399 151.220352
v -396.617218 282.161957 114.365463
v -419.503204 261.110138 76.409218
v -438.349365 237.543671 37.717140
v -452.974335 211.689606 -1.338264
v -463.236511 183.796692 -40.380615
v -469.037537 154.133759 -79.034134
v -470.321472 122.986565 -116.926620
v -467.076050 90.654755 -153.692886
v -459.332458 57.450005 -188.979095
v -447.165253 23.692039 -222.445374
v -430.691223 -10.294258 -253.769287
v -410.069794 -44.181328 -282.649292
v -385.499359 -77.642944 -308.807190
v -357.215820 -110.356842 -331.991150
v -325.492310 -142.007782 -351.977905
v -290.634277 -172.291260 -368.574829
v -252.977386 -200.915344 -381.622284
v -212.883606 -227.604645 -390.994385
v -170.739944 -252.101974 -396.601013
v -126.952194 -274.171356 -398.388245
v -81.941620 -293.600342 -396.338745
v -36.141899 -310.201813 -390.472290
v -54.207695 337.717529 364.703156
v -97.887589 348.366821 345.048645
v -140.624725 355.661194 322.071106
v -182.007431 359.530243 295.991943
v -221.637466 359.936890 267.062134
v -259.133362 356.877258 235.560303
v -294.133057 350.380463 201.790085
v -326.300232 340.509460 166.076385
v -355.325012 327.359070 128.763412
v -380.928101 311.056152 90.210228
v -402.862122 291.757568 50.788284
v -420.916595 269.649170 10.877289
v -434.917694 244.944000 -29.138611
v -444.729980 217.879700 -68.873672
v -450.259247 188.717178 -107.945526
v -451.452332 157.737320 -145.977890
v -448.297760 125.238174 -182.604279
v -440.825928 91.533020 -217.472153
v -429.108612 56.946442 -250.245728
v -413.258453 21.811226 -280.609131
v -393.428711 -13.533905 -308.270203
v -369.810242 -48.748764 -332.962433
v -342.629761 -83.494156 -354.448059
v -312.149841 -117.435295 -372.520233
v -278.663818 -150.245605 -387.004761
v -242.494263 -181.608841 -397.762329
v -203.988754 -211.223267 -404.689026
v -163.519058 -238.803452 -407.718445
v -121.474762 -264.083740 -406.821411
v -78.260437 -286.820801 -402.006348
v -34.292397 -306.795654 -393.319794
v -51.932045 340.974823 361.993439
v -93.358200 354.849976 339.655273
v -133.885239 365.307831 314.046082
v -173.122726 372.247437 285.412476
v -210.693130 375.602173 254.030151
v -246.234741 375.339783 220.201309
v -279.404419 371.462402 184.251999
v -309.883392 364.007782 146.528137
v -337.378143 353.047485 107.393219
v -361.623993 338.687256 67.223877
v -382.386688 321.065247 26.407211
v -399.467010 300.351166 -14.663727
v -412.700500 276.744720 -55.593628
v -421.959229 250.472839 -95.987915
v -427.154175 221.788834 -135.457840
v -428.235413 190.968964 -173.623322
v -425.192688 158.309830 -210.116592
v -418.055176 124.126160 -244.586395
v -406.891418 88.747162 -276.700745
v -391.808868 52.513237 -306.150146
v -372.953278 15.773788 -332.651306
v -350.506134 -21.117630 -355.948792
v -324.682892 -57.805756 -375.818268
v -295.733002 -93.936981 -392.068481
v -263.935181 -129.163651 -404.542847
v -229.595642 -163.146317 -413.121338
v -193.044418 -195.557983 -417.721008
v -154.634354 -226.086258 -418.297913
v -114.735275 -254.437103 -414.846436
v -73.731064 -280.337646 -407.399719
v -32.016747 -303.538361 -396.029510
v -49.252159 344.051819 359.447601
v -88.024231 360.974365 334.588135
v -125.948563 374.420593 306.506409
v -162.659775 384.260803 275.472931
v -197.804672 390.400513 241.786407
v -231.044891 392.780548 205.771271
v -262.059479 391.377625 167.774689
v -290.550385 386.205627 128.162201
v -316.243256 377.314240 87.315552
v -338.890778 364.789215 45.627808
v -358.274078 348.750977 3.500748
v -374.207184 329.354095 -38.659973
v -386.536774 306.785522 -80.448578
v -395.143555 281.262146 -121.462173
v -399.944794 253.030151 -161.306091
v -400.894409 222.361450 -199.596649
v -397.983307 189.551147 -235.964844
v -391.239502 154.915482 -270.060669
v -380.727692 118.787949 -301.555695
v -366.549042 81.516151 -330.146393
v -348.840668 43.459518 -355.557739
v -327.772919 4.984314 -377.544861
v -303.548004 -33.539001 -395.895935
v -276.399994 -71.739136 -410.434418
v -246.590240 -109.248444 -421.020172
v -214.405792 -145.705536 -427.551361
v -180.155960 -180.759659 -429.964752
v -144.171402 -214.072876 -428.237457
v -106.798599 -245.324341 -422.386108
v -68.397079 -274.213257 -412.466858
v -29.336859 -300.461365 -398.575348
v -46.193848 346.918915 357.090179
v -81.937057 366.680969 329.895996
v -116.891144 382.911743 299.524719
v -150.719345 395.454712 266.268982
v -183.096237 404.189331 230.448807
v -213.710068 409.031616 192.409164
v -242.265244 409.934326 152.516815
v -268.487335 406.889252 111.155518
v -292.123932 399.925598 68.723801
v -312.947418 389.110596 25.630035
v -330.756500 374.548157 -17.710449
v -345.380463 356.378510 -60.880295
v -356.678467 334.777039 -103.464081
v -364.541260 309.951172 -145.051178
v -368.893219 282.140381 -185.241394
v -369.692566 251.612518 -223.647736
v -366.931732 218.661377 -259.900146
v -360.637207 183.604477 -293.649658
v -350.869385 146.779465 -324.571198
v -337.722321 108.540581 -352.366699
v -321.323090 69.256683 -376.768951
v -301.829559 29.305695 -397.542633
v -279.428680 -10.927643 -414.487671
v -254.336945 -51.055511 -427.441101
v -226.796005 -90.691757 -436.278046
v -197.070969 -129.454483 -440.913452
v -165.447525 -166.970825 -441.302368
v -132.230972 -202.878983 -437.441406
v -97.741180 -236.833206 -429.367798
v -62.309910 -268.506653 -417.158997
v -26.278543 -297.594269 -400.932770
v -42.786560 349.548523 354.943878
v -75.155289 371.914856 325.624023
v -106.800217 390.699463 293.168304
v -137.416443 405.721283 257.889252
v -166.709442 416.835938 220.126526
v -194.397217 423.936401 180.243683
v -220.212357 426.953735 138.625320
v -243.906769 425.859436 95.671814
v -265.252411 420.663818 51.796982
v -284.043701 411.417175 7.423111
v -300.098999 398.208252 -37.022110
v -313.264404 381.164276 -81.110718
v -323.413116 360.449738 -124.418457
v -330.447021 336.263580 -166.527695
v -334.298401 308.839050 -207.033203
v -334.930389 278.440399 -245.545013
v -332.336914 245.360046 -281.691956
v -326.542969 209.916901 -315.126160
v -317.604034 172.452179 -345.525574
v -305.606262 133.326324 -372.597137
v -290.665588 92.916763 -396.080627
v -272.925842 51.612274 -415.749573
v -252.557159 9.810593 -431.414490
v -229.756378 -32.085327 -442.924805
v -204.743118 -73.672318 -450.169556
v -177.758118 -114.549683 -453.078949
v -149.060730 -154.324234 -451.624634
v -118.928070 -192.612396 -445.821136
v -87.650253 -229.045471 -435.724213
v -55.528149 -263.272766 -421.430969
v -22.871256 -294.964661 -403.079071
v -39.063110 351.915253 353.029358
v -67.744247 376.625549 321.813446
v -95.772949 397.708801 287.498291
v -122.879166 414.961670 250.414490
v -148.802139 428.218445 210.918945
v -173.292343 437.351440 169.391968
v -196.113174 442.272034 126.234024
v -217.045380 442.933472 81.860229
v -235.887497 439.329224 36.698135
v -252.458054 431.494171 -8.817596
v -266.596771 419.503418 -54.248260
v -278.168304 403.472565 -99.156418
v -287.061096 383.556366 -143.109924
v -293.189178 359.945984 -185.684921
v -296.493591 332.869171 -226.471680
v -296.942627 302.586761 -265.077545
v -294.532104 269.390167 -301.130432
v -289.285126 233.599304 -334.283386
v -281.252014 195.558807 -364.217041
v -270.510162 155.634613 -390.642822
v -257.163361 114.211960 -413.306763
v -241.340164 71.689270 -431.990265
v -223.192245 28.475983 -446.513367
v -202.894989 -15.011276 -456.736389
v -180.643936 -58.354034 -462.560852
v -156.653244 -101.134659 -463.930664
v -131.153427 -142.941727 -460.832214
v -104.390793 -183.371994 -453.295898
v -76.622986 -222.036133 -441.394226
v -48.117100 -258.562073 -425.241547
v -19.147806 -292.597931 -404.993591
v -107.247528 423.086914 243.916656
v -150.598663 449.147461 159.958527
v -170.199814 455.741669 115.462204
v -188.161865 457.946960 69.853760
v -204.311996 455.742004 23.572632
v -218.494614 449.148193 -22.935745
v -253.126602 380.770325 -202.338364
v -249.222519 254.423645 -350.936829
v -207.376724 89.343277 -446.108398
v -191.616745 44.888779 -459.638855
v -174.011475 0.002213 -468.742859
v -154.730576 -44.884399 -473.332642
v -133.959564 -89.338623 -473.364105
v -111.898071 -132.932907 -468.836365
v -88.759155 -175.246765 -459.793732
v -40.148155 -254.419846 -428.554138
vn 0.2244 0.2647 0.9379
vn 0.2203 0.1574 0.9627
vn 0.2685 0.1775 0.9468
vn 0.5063 -0.7614 0.4049
vn 0.4131 -0.8422 0.3464
vn 0.4960 -0.8076 0.3191
vn 0.0709 -0.7089 -0.7018
vn 0.0623 -0.7125 -0.6989
vn 0.0200 -0.6476 -0.7617
vn 0.1449 0.3354 0.9309
vn 0.1782 0.3493 0.9199
vn 0.4255 -0.7440 0.5153
vn 0.5117 -0.7079 0.4869
vn 0.1033 -0.7694 -0.6303
vn 0.1203 -0.7623 -0.6359
vn 0.1050 0.4200 0.9014
vn 0.1303 0.4306 0.8931
vn 0.4256 -0.6839 0.5926
vn 0.5122 -0.6476 0.5641
vn 0.1685 -0.8084 -0.5640
vn 0.0640 0.5006 0.8633
vn 0.0811 0.5077 0.8577
vn 0.4216 -0.6172 0.6643
vn 0.5078 -0.5811 0.6360
vn 0.2152 -0.8467 -0.4867
vn 0.1433 -0.8189 -0.5557
vn 0.0224 0.5763 0.8169
vn 0.0311 0.5800 0.8141
vn 0.4135 -0.5446 0.7297
vn 0.4985 -0.5091 0.7017
vn 0.2597 -0.8768 -0.4047
vn 0.1819 -0.8606 -0.4757
vn -0.0200 0.6476 0.7617
vn 0.4015 -0.4668 0.7880
vn 0.4844 -0.4321 0.7607
vn 0.2535 -0.9187 -0.3029
vn 0.3017 -0.8985 -0.3188
vn 0.3856 -0.3845 0.8387
vn 0.4657 -0.3510 0.8124
vn 0.2858 -0.9346 -0.2117
vn 0.3409 -0.9116 -0.2298
vn 0.3660 -0.2985 0.8814
vn 0.4425 -0.2665 0.8563
vn 0.3767 -0.9159 -0.1387
vn 0.3429 -0.2096 0.9157
vn 0.4150 -0.1795 0.8919
vn 0.4089 -0.9114 -0.0462
vn 0.3154 -0.9415 -0.1185
vn 0.3165 -0.1187 0.9411
vn 0.3836 -0.0907 0.9191
vn 0.3651 -0.9283 0.0704
vn 0.4372 -0.8981 0.0467
vn 0.2871 -0.0266 0.9575
vn 0.3484 -0.0010 0.9373
vn 0.4613 -0.8763 0.1391
vn 0.2549 0.0657 0.9647
vn 0.3099 0.0887 0.9466
vn 0.4009 -0.8795 0.2566
vn 0.4810 -0.8460 0.2302
vn 0.2675 -0.2342 0.9347
vn 0.3419 -0.9394 -0.0242
vn 0.2512 -0.9625 -0.1023
vn 0.2464 -0.1416 0.9588
vn 0.2717 -0.9624 -0.0065
vn 0.2229 -0.0476 0.9737
vn 0.3849 -0.9082 0.1643
vn 0.2897 -0.9529 0.0894
vn 0.3171 -0.9068 0.2777
vn 0.1973 0.0468 0.9792
vn 0.1406 0.2336 0.9621
vn 0.1835 0.2476 0.9513
vn 0.3323 -0.8260 0.4553
vn 0.4213 -0.7969 0.4329
vn 0.0532 -0.7154 -0.6966
vn 0.3352 -0.7735 0.5380
vn 0.0785 0.4113 0.9081
vn 0.3348 -0.7135 0.6155
vn 0.1168 -0.8276 -0.5490
vn 0.3313 -0.6467 0.6871
vn 0.1471 -0.8720 -0.4670
vn 0.0134 0.5734 0.8192
vn 0.1759 -0.9079 -0.3804
vn 0.2188 -0.8939 -0.3912
vn 0.3245 -0.5737 0.7520
vn 0.2030 -0.9352 -0.2902
vn 0.3018 -0.4119 0.8598
vn 0.2282 -0.9534 -0.1972
vn 0.1737 -0.1592 0.9718
vn 0.2219 -0.9545 0.1993
vn 0.3048 -0.9344 0.1844
vn 0.1376 0.0324 0.9900
vn 0.2303 -0.9279 0.2933
vn 0.1175 0.1282 0.9848
vn 0.1698 0.1409 0.9754
vn 0.3263 -0.8706 0.3683
vn 0.0962 0.2228 0.9701
vn 0.2402 -0.8483 0.4719
vn 0.0439 -0.7177 -0.6950
vn 0.0740 0.3153 0.9461
vn 0.1101 0.3240 0.9396
vn 0.0670 -0.7797 -0.6225
vn 0.0854 -0.7752 -0.6259
vn 0.2409 -0.7363 0.6324
vn 0.0894 -0.8342 -0.5441
vn 0.0277 0.4903 0.8711
vn 0.0462 0.4947 0.8678
vn 0.2378 -0.6694 0.7039
vn 0.1110 -0.8807 -0.4605
vn 0.0041 0.5711 0.8208
vn 0.2324 -0.5960 0.7686
vn 0.1315 -0.9187 -0.3724
vn 0.3147 -0.4952 0.8098
vn 0.2150 -0.4329 0.8754
vn 0.1507 -0.9479 -0.2808
vn 0.2860 -0.3246 0.9016
vn 0.1847 -0.9786 -0.0904
vn 0.1893 -0.2532 0.9487
vn 0.1990 -0.9800 0.0066
vn 0.0639 0.1195 0.9908
vn 0.1442 -0.9074 0.3948
vn 0.2363 -0.8924 0.3844
vn 0.0507 0.2154 0.9752
vn 0.0343 -0.7193 -0.6939
vn 0.0371 0.3092 0.9503
vn 0.1459 -0.8117 0.5655
vn 0.2417 -0.7961 0.5548
vn 0.0480 -0.7828 -0.6204
vn 0.0511 0.4047 0.9130
vn 0.0613 -0.8388 -0.5410
vn 0.0088 0.4872 0.8733
vn 0.1420 -0.6850 0.7146
vn 0.0740 -0.8867 -0.4563
vn -0.0055 0.5696 0.8219
vn 0.0860 -0.9261 -0.3673
vn 0.1326 -0.5320 0.8363
vn 0.2247 -0.5169 0.8260
vn 0.0971 -0.9566 -0.2748
vn 0.1260 -0.4474 0.8854
vn 0.1685 -0.9679 -0.1865
vn 0.2031 -0.3447 0.9165
vn 0.1165 -0.9897 -0.0827
vn 0.1092 -0.2662 0.9577
vn 0.1246 -0.9921 0.0149
vn 0.0992 -0.1714 0.9802
vn 0.2115 -0.9719 0.1034
vn 0.1564 -0.0637 0.9856
vn 0.1370 -0.9683 0.2089
vn 0.0764 0.0224 0.9968
vn 0.1413 -0.9424 0.3033
vn 0.0246 -0.7201 -0.6934
vn 0.0046 0.2114 0.9774
vn 0.0487 -0.8201 0.5701
vn 0.1457 -0.8637 0.4825
vn 0.0288 -0.7845 -0.6195
vn -0.0054 0.3977 0.9175
vn 0.0230 0.4001 0.9162
vn 0.1446 -0.7520 0.6432
vn -0.0104 0.4855 0.8742
vn 0.0448 -0.6934 0.7192
vn 0.0328 -0.8413 -0.5396
vn 0.1379 -0.6114 0.7792
vn 0.0398 -0.9301 -0.3651
vn -0.0152 0.5687 0.8224
vn 0.0391 -0.5400 0.8407
vn 0.0428 -0.9613 -0.2722
vn 0.0357 -0.4552 0.8897
vn 0.1073 -0.9779 -0.1796
vn 0.1182 -0.3585 0.9260
vn 0.0474 -0.9957 -0.0795
vn 0.0320 -0.3660 0.9301
vn 0.0490 -0.9986 0.0185
vn 0.0236 -0.1779 0.9838
vn 0.1314 -0.9849 0.1124
vn 0.0882 -0.0748 0.9933
vn 0.0508 -0.9757 0.2129
vn 0.0191 -0.0808 0.9965
vn 0.0510 -0.9502 0.3075
vn 0.0095 0.1148 0.9933
vn 0.0507 -0.9155 0.3992
vn 0.0042 -0.8416 -0.5401
vn -0.0297 0.4853 0.8738
vn -0.0529 -0.6945 0.7176
vn 0.0470 -0.7604 0.6478
vn 0.0365 -0.8900 -0.4546
vn -0.0250 0.5686 0.8222
vn 0.0422 -0.6197 0.7837
vn -0.0012 -0.8904 -0.4552
vn -0.0548 -0.5411 0.8392
vn -0.0119 -0.9619 -0.2731
vn -0.0549 -0.4562 0.8882
vn -0.0171 -0.9839 -0.1777
vn 0.0453 -0.9832 -0.1767
vn -0.0546 -0.3670 0.9286
vn -0.0537 -0.2742 0.9602
vn 0.0280 -0.2733 0.9615
vn -0.0269 -0.9995 0.0172
vn -0.0523 -0.1788 0.9825
vn 0.0502 -0.9920 0.1163
vn -0.0315 -0.9929 0.1149
vn -0.0480 0.0163 0.9987
vn 0.0144 0.0171 0.9998
vn -0.0357 -0.9767 0.2115
vn -0.0432 -0.9165 0.3976
vn -0.0418 0.2109 0.9766
vn -0.0463 -0.8731 0.4854
vn 0.0500 -0.8720 0.4870
vn 0.0148 -0.7202 -0.6936
vn -0.0381 0.3056 0.9514
vn -0.0004 0.3060 0.9520
vn -0.0490 -0.8212 0.5685
vn 0.0096 -0.7847 -0.6198
vn -0.0341 0.3973 0.9170
vn -0.0065 -0.9306 -0.3659
vn -0.0387 -0.8880 -0.4582
vn -0.0347 0.5692 0.8214
vn -0.1482 -0.5351 0.8317
vn -0.0541 -0.6208 0.7821
vn -0.0662 -0.9584 -0.2775
vn -0.1407 -0.3615 0.9217
vn -0.0221 -0.9965 -0.0806
vn -0.0791 -0.9800 -0.1827
vn -0.1349 -0.2690 0.9536
vn -0.1024 -0.9947 0.0111
vn -0.1278 -0.1739 0.9764
vn -0.0504 -0.0816 0.9954
vn -0.1127 -0.9877 0.1084
vn -0.1100 0.0203 0.9937
vn -0.1298 -0.9455 0.2988
vn -0.0396 -0.9512 0.3060
vn -0.0994 0.1176 0.9881
vn -0.0451 0.1141 0.9924
vn -0.1366 -0.9106 0.3901
vn 0.0051 -0.7196 -0.6944
vn -0.0756 0.3080 0.9484
vn -0.1461 -0.8150 0.5607
vn -0.0096 -0.7835 -0.6214
vn -0.0625 0.3992 0.9147
vn -0.0512 -0.7615 0.6461
vn -0.0489 0.4865 0.8723
vn -0.1500 -0.6883 0.7098
vn -0.0243 -0.8398 -0.5424
vn -0.1402 -0.9714 -0.1916
vn -0.2256 -0.3496 0.9094
vn -0.1451 -0.4505 0.8809
vn -0.0912 -0.9921 -0.0862
vn -0.2149 -0.2578 0.9420
vn -0.1768 -0.9842 0.0003
vn -0.1927 -0.9765 0.0967
vn -0.1195 -0.0772 0.9898
vn -0.2022 -0.1635 0.9656
vn -0.1218 -0.9712 0.2046
vn -0.1711 0.0289 0.9848
vn -0.2067 -0.9593 0.1922
vn -0.1530 0.1251 0.9803
vn -0.2287 -0.8977 0.3767
vn -0.0880 0.2138 0.9729
vn -0.1420 -0.8670 0.4777
vn -0.0045 -0.7183 -0.6958
vn -0.1125 0.3131 0.9430
vn -0.2418 -0.8016 0.5467
vn -0.0906 0.4031 0.9107
vn -0.1488 -0.7553 0.6383
vn -0.0285 -0.7808 -0.6241
vn -0.2458 -0.6749 0.6958
vn -0.0756 -0.8828 -0.4636
vn -0.0443 0.5706 0.8200
vn -0.2442 -0.6014 0.7607
vn -0.1498 -0.6147 0.7744
vn -0.0527 -0.9277 -0.3696
vn -0.2403 -0.5222 0.8183
vn -0.1197 -0.9509 -0.2853
vn -0.2494 -0.9683 -0.0152
vn -0.1593 -0.9825 -0.0961
vn -0.2748 -0.1475 0.9501
vn -0.1875 -0.0676 0.9799
vn -0.2708 -0.9593 0.0801
vn -0.2307 0.0420 0.9721
vn -0.2187 -0.9330 0.2858
vn -0.2895 -0.9411 0.1745
vn -0.2052 0.1366 0.9691
vn -0.3185 -0.8779 0.3575
vn -0.1334 0.2202 0.9663
vn -0.2364 -0.8537 0.4639
vn -0.0138 -0.7162 -0.6978
vn -0.1486 0.3211 0.9353
vn -0.3352 -0.7811 0.5268
vn -0.0470 -0.7768 -0.6281
vn -0.1180 0.4091 0.9048
vn -0.2450 -0.7418 0.6243
vn -0.0523 -0.8358 -0.5465
vn -0.0862 0.4932 0.8656
vn -0.0678 0.4892 0.8695
vn -0.3391 -0.6543 0.6759
vn -0.1116 -0.8749 -0.4713
vn -0.0536 0.5726 0.8181
vn -0.1425 -0.9116 -0.3857
vn -0.0981 -0.9213 -0.3762
vn -0.3301 -0.5025 0.7991
vn -0.1720 -0.9394 -0.2964
vn -0.2340 -0.4380 0.8680
vn -0.3083 -0.3314 0.8917
vn -0.1998 -0.9583 -0.2043
vn -0.2930 -0.2406 0.9253
vn -0.3461 -0.9364 0.0586
vn -0.2882 0.0595 0.9557
vn -0.2540 -0.0530 0.9658
vn -0.3891 -0.8884 0.2435
vn -0.3054 -0.9139 0.2673
vn -0.4051 -0.8515 0.3328
vn -0.1778 0.2299 0.9568
vn -0.2556 0.1520 0.9548
vn -0.3284 -0.8335 0.4443
vn -0.0228 -0.7135 -0.7003
vn -0.1834 0.3317 0.9254
vn -0.4254 -0.7536 0.5011
vn -0.0648 -0.7713 -0.6331
vn -0.3388 -0.7212 0.6043
vn -0.1061 -0.8218 -0.5598
vn -0.0797 -0.8298 -0.5523
vn -0.1040 0.4987 0.8605
vn -0.4293 -0.6269 0.6502
vn -0.1464 -0.8643 -0.4812
vn -0.0626 0.5754 0.8155
vn -0.4250 -0.5541 0.7157
vn -0.3362 -0.5812 0.7411
vn -0.4167 -0.4761 0.7744
vn -0.2224 -0.9241 -0.3108
vn -0.3207 -0.4189 0.8495
vn -0.2573 -0.9408 -0.2207
vn -0.4044 -0.3934 0.8256
vn -0.2257 -0.9679 -0.1103
vn -0.3683 -0.2177 0.9039
vn -0.3195 -0.9469 -0.0351
vn -0.3449 -0.1262 0.9301
vn -0.4879 -0.8187 0.3028
vn -0.2206 0.2430 0.9446
vn -0.3037 0.1710 0.9373
vn -0.4173 -0.8064 0.4190
vn -0.0314 -0.7100 -0.7035
vn -0.2165 0.3448 0.9134
vn -0.5114 -0.7195 0.4699
vn -0.0818 -0.7646 -0.6393
vn -0.1444 0.4172 0.8973
vn -0.4294 -0.6936 0.5784
vn -0.1696 0.4272 0.8881
vn -0.5153 -0.5928 0.6190
vn -0.1796 -0.8512 -0.4932
vn -0.0713 0.5788 0.8124
vn -0.5098 -0.5205 0.6849
vn -0.2261 -0.8823 -0.4127
vn -0.1853 -0.8985 -0.3979
vn -0.4995 -0.4433 0.7443
vn -0.2705 -0.9050 -0.3283
vn -0.3122 -0.9190 -0.2407
vn -0.4645 -0.2768 0.8412
vn -0.3882 -0.3070 0.8689
vn -0.2898 -0.9484 -0.1286
vn -0.4402 -0.1892 0.8777
vn -0.3864 -0.9204 -0.0594
vn -0.4117 -0.0997 0.9058
vn -0.4180 -0.9079 0.0325
vn -0.3181 -0.0335 0.9475
vn -0.3694 -0.9168 0.1518
vn -0.3432 0.0813 0.9358
vn -0.4457 -0.8866 0.1241
vn -0.5819 -0.7330 0.3522
vn -0.5020 -0.7728 0.3882
vn -0.0978 -0.7566 -0.6465
vn -0.1934 0.4390 0.8774
vn -0.5973 -0.6187 0.5104
vn -0.5158 -0.6593 0.5470
vn -0.1313 -0.8118 -0.5690
vn -0.1370 0.5134 0.8472
vn -0.1210 0.5054 0.8544
vn -0.1551 -0.7999 -0.5797
vn -0.0794 0.5828 0.8087
vn -0.5897 -0.4807 0.6490
vn -0.2646 -0.8631 -0.4301
vn -0.5774 -0.4044 0.7092
vn -0.3158 -0.8824 -0.3487
vn -0.4843 -0.3618 0.7966
vn -0.5364 -0.2410 0.8088
vn -0.3510 -0.9242 -0.1508
vn -0.3640 -0.8932 -0.2640
vn -0.5080 -0.1554 0.8472
vn -0.4494 -0.8890 -0.0878
vn -0.4858 -0.8741 0.0020
vn -0.3793 -0.0093 0.9252
vn -0.4747 -0.0683 0.8775
vn -0.3949 0.1071 0.9125
vn -0.4690 -0.8568 0.2144
vn -0.5175 -0.8507 0.0917
vn -0.3491 0.1936 0.9169
vn -0.5658 -0.7799 0.2677
vn -0.2614 0.2592 0.9298
vn -0.0395 -0.7060 -0.7071
vn -0.2478 0.3604 0.8993
vn -0.5964 -0.5524 0.5825
vn -0.6730 -0.5721 0.4688
vn -0.2399 -0.8177 -0.5233
vn -0.2109 -0.8356 -0.5073
vn -0.0869 0.5875 0.8046
vn -0.6640 -0.4350 0.6082
vn -0.6499 -0.3599 0.6694
vn -0.3580 -0.8565 -0.3718
vn -0.5596 -0.3243 0.7627
vn -0.4121 -0.8636 -0.2904
vn -0.6296 -0.2812 0.7243
vn -0.4087 -0.8954 -0.1767
vn -0.5710 -0.1166 0.8126
vn -0.5080 -0.8530 -0.1200
vn -0.5333 -0.0323 0.8453
vn -0.4369 0.0195 0.8993
vn -0.5488 -0.8353 -0.0326
vn -0.4430 0.1367 0.8860
vn -0.6143 -0.7762 0.1421
vn -0.5443 -0.8192 0.1806
vn -0.6383 -0.7353 0.2279
vn -0.3357 0.3004 0.8928
vn -0.2999 0.2784 0.9125
vn -0.0471 -0.7014 -0.7112
vn -0.2769 0.3783 0.8833
vn -0.5924 -0.6791 0.4334
vn -0.6562 -0.6873 0.3114
vn -0.1127 -0.7475 -0.6547
vn -0.2154 0.4526 0.8653
vn -0.1519 0.5225 0.8390
vn -0.7162 -0.3100 0.6253
vn -0.3965 -0.8275 -0.3975
vn -0.3004 -0.8411 -0.4497
vn -0.6643 -0.1539 0.7315
vn -0.6032 -0.1999 0.7722
vn -0.4623 -0.8624 -0.2062
vn -0.4561 -0.8305 -0.3197
vn -0.6286 -0.0733 0.7743
vn -0.5615 -0.8127 -0.1556
vn -0.5869 0.0080 0.8096
vn -0.6064 -0.7920 -0.0710
vn -0.4905 0.0525 0.8698
vn -0.5843 -0.8097 0.0550
vn -0.4870 0.1697 0.8568
vn -0.6782 -0.7281 0.0995
vn -0.3912 0.2196 0.8937
vn -0.7046 -0.6855 0.1837
vn -0.3684 0.3250 0.8710
vn -0.0540 -0.6962 -0.7158
vn -0.3035 0.3983 0.8656
vn -0.6678 -0.6328 0.3920
vn -0.7241 -0.6362 0.2662
vn -0.2356 0.4678 0.8519
vn -0.7422 -0.5201 0.4227
vn -0.1974 -0.7712 -0.6053
vn -0.1772 -0.7864 -0.5918
vn -0.1655 0.5328 0.8299
vn -0.6717 -0.5060 0.5411
vn -0.0938 0.5927 0.8000
vn -0.7319 -0.3839 0.5630
vn -0.3331 -0.8165 -0.4715
vn -0.7190 -0.1036 0.6872
vn -0.6935 -0.2331 0.6817
vn -0.5113 -0.8256 -0.2388
vn -0.4955 -0.7943 -0.3516
vn -0.6802 -0.0258 0.7325
vn -0.6095 -0.7685 -0.1945
vn -0.6580 -0.7445 -0.1127
vn -0.5395 0.0893 0.8372
vn -0.6349 0.0522 0.7708
vn -0.6454 -0.7637 0.0143
vn -0.5264 0.2060 0.8249
vn -0.7002 -0.7133 -0.0299
vn -0.4643 0.2803 0.8401
vn -0.4298 0.2486 0.8681
vn -0.7640 -0.6308 0.1357
vn -0.3977 0.3520 0.8473
vn -0.0601 -0.6905 -0.7208
vn -0.3273 0.4202 0.8463
vn -0.7367 -0.5809 0.3461
vn -0.7850 -0.5803 0.2170
vn -0.1385 -0.7260 -0.6736
vn -0.1263 -0.7372 -0.6637
vn -0.2537 0.4844 0.8372
vn -0.8043 -0.4630 0.3725
vn -0.2155 -0.7545 -0.6199
vn -0.7406 -0.4542 0.4952
vn -0.2665 -0.7977 -0.5410
vn -0.1777 0.5440 0.8201
vn -0.7928 -0.3279 0.5137
vn -0.3625 -0.7895 -0.4952
vn -0.1000 0.5983 0.7950
vn -0.7756 -0.2554 0.5773
vn -0.4311 -0.7957 -0.4254
vn -0.7254 0.0254 0.6878
vn -0.7032 -0.6933 -0.1575
vn -0.5835 0.1297 0.8017
vn -0.6769 0.0998 0.7292
vn -0.5610 0.2451 0.7907
vn -0.7858 -0.6184 0.0035
vn -0.7356 -0.6753 0.0532
vn -0.4946 0.3146 0.8102
vn -0.8160 -0.5719 0.0843
vn -0.0656 -0.6844 -0.7262
vn -0.3482 0.4438 0.8257
vn -0.7985 -0.5241 0.2962
vn -0.8383 -0.5199 0.1643
vn -0.1492 -0.7139 -0.6842
vn -0.8586 -0.4014 0.3188
vn -0.2313 -0.7366 -0.6356
vn -0.2696 0.5024 0.8215
vn -0.8024 -0.3974 0.4453
vn -0.3112 -0.7521 -0.5809
vn -0.2904 -0.7758 -0.5603
vn -0.1054 0.6045 0.7896
vn -0.8461 -0.2676 0.4610
vn -0.8276 -0.1965 0.5258
vn -0.4613 -0.7615 -0.4554
vn -0.7509 -0.1803 0.6353
vn -0.5300 -0.7552 -0.3857
vn -0.7670 -0.0493 0.6398
vn -0.5552 -0.7852 -0.2743
vn -0.6516 -0.7209 -0.2360
vn -0.5902 0.2867 0.7546
vn -0.6219 0.1733 0.7636
vn -0.7888 -0.6013 -0.1275
vn -0.7481 -0.6590 -0.0774
vn -0.8601 -0.5093 0.0299
vn -0.4234 0.3810 0.8219
vn -0.5202 0.3510 0.7786
vn -0.0701 -0.6779 -0.7318
vn -0.3659 0.4690 0.8039
vn -0.8526 -0.4629 0.2427
vn -0.8835 -0.4557 0.1085
vn -0.1582 -0.7010 -0.6953
vn -0.9047 -0.3360 0.2619
vn -0.1975 0.5689 0.7983
vn -0.1884 0.5561 0.8095
vn -0.8565 -0.3361 0.3918
vn -0.3289 -0.7270 -0.6027
vn -0.1100 0.6110 0.7840
vn -0.8913 -0.2034 0.4053
vn -0.3881 -0.7605 -0.5206
vn -0.8717 -0.1339 0.4715
vn -0.4870 -0.7251 -0.4870
vn -0.8011 -0.1235 0.5856
vn -0.5593 -0.7136 -0.4218
vn -0.8076 0.0084 0.5897
vn -0.5937 -0.7416 -0.3124
vn -0.7638 0.0798 0.6405
vn -0.6872 -0.6703 -0.2800
vn -0.7416 -0.6389 -0.2047
vn -0.7126 0.1504 0.6853
vn -0.4452 0.4120 0.7950
vn -0.5410 0.3892 0.7455
vn -0.8958 -0.4436 -0.0269
vn -0.0739 -0.6710 -0.7377
vn -0.4628 0.4444 0.7670
vn -0.8984 -0.3978 0.1861
vn -0.9201 -0.3884 0.0503
vn -0.1656 -0.6876 -0.7070
vn -0.2830 0.5215 0.8050
vn -0.3802 0.4953 0.7811
vn -0.9421 -0.2674 0.2026
vn -0.2448 -0.7175 -0.6522
vn -0.2048 0.5824 0.7866
vn -0.9023 -0.2710 0.3352
vn -0.3433 -0.7006 -0.6255
vn -0.1137 0.6178 0.7781
vn -0.9279 -0.1361 0.3471
vn -0.4276 -0.6971 -0.5755
vn -0.4099 -0.7295 -0.5475
vn -0.9074 -0.0682 0.4147
vn -0.5078 -0.6868 -0.5200
vn -0.8437 -0.0630 0.5331
vn -0.5830 -0.6700 -0.4595
vn -0.8406 0.0690 0.5373
vn -0.6263 -0.6953 -0.3526
vn -0.7948 0.1369 0.5912
vn -0.7161 -0.6172 -0.3259
vn -0.7726 -0.5818 -0.2541
vn -0.6546 0.2196 0.7234
vn -0.7415 0.2035 0.6394
vn -0.6140 0.3303 0.7169
vn -0.8629 -0.4946 -0.1039
vn -0.8284 -0.5580 -0.0490
vn -0.1711 -0.6736 -0.7191
vn -0.2939 0.5415 0.7877
vn -0.3911 0.5227 0.7575
vn -0.9703 -0.1961 0.1413
vn -0.9356 -0.3295 0.1271
vn -0.2639 -0.6767 -0.6874
vn -0.2556 -0.6975 -0.6695
vn -0.2104 0.5964 0.7746
vn -0.9395 -0.2027 0.2761
vn -0.3541 -0.6733 -0.6491
vn -0.1165 0.6249 0.7720
vn -0.9557 -0.0662 0.2869
vn -0.4409 -0.6634 -0.6045
vn -0.9345 -0.0000 0.3560
vn -0.5235 -0.6472 -0.5541
vn -0.8782 0.0004 0.4783
vn -0.9043 0.0662 0.4216
vn -0.6527 -0.6467 -0.3946
vn -0.6010 -0.6247 -0.4985
vn -0.8184 0.1962 0.5402
vn -0.7380 -0.5621 -0.3733
vn -0.7634 0.2586 0.5919
vn -0.7962 -0.5225 -0.3051
vn -0.6810 0.2682 0.6814
vn -0.8217 -0.5408 -0.1799
vn -0.6319 0.3755 0.6780
vn -0.8891 -0.4287 -0.1605
vn -0.5567 0.4289 0.7114
vn -0.9229 -0.3754 -0.0856
vn -0.4762 0.4781 0.7380
vn -0.0767 -0.6639 -0.7438
vn -0.9479 -0.3185 -0.0098
vn -0.3614 -0.6452 -0.6731
vn -0.1184 0.6322 0.7657
vn -0.9742 0.0055 0.2255
vn -0.9676 -0.1318 0.2151
vn -0.9526 0.0700 0.2960
vn -0.5340 -0.6065 -0.5890
vn -0.8655 0.1318 0.4832
vn -0.9218 0.1338 0.3637
vn -0.6727 -0.5963 -0.4380
vn -0.6130 -0.5783 -0.5383
vn -0.8341 0.2570 0.4880
vn -0.7527 -0.5055 -0.4218
vn -0.8119 -0.4617 -0.3572
vn -0.7010 0.3186 0.6380
vn -0.7780 0.3152 0.5435
vn -0.8467 -0.4779 -0.2339
vn -0.6440 0.4220 0.6382
vn -0.9066 -0.3612 -0.2184
vn -0.5673 0.4695 0.6765
vn -0.9410 -0.3055 -0.1455
vn -0.0786 -0.6567 -0.7501
vn -0.3984 0.5507 0.7335
vn -0.9637 -0.2586 0.0660
vn -0.9664 -0.2468 -0.0713
vn -0.1748 -0.6592 -0.7314
vn -0.3022 0.5623 0.7698
vn -0.9893 -0.1230 0.0786
vn -0.2694 -0.6554 -0.7056
vn -0.2141 0.6108 0.7623
vn -0.5393 -0.5651 -0.6243
vn -0.4499 -0.6289 -0.6341
vn -0.9616 0.1411 0.2353
vn -0.8822 0.1963 0.4279
vn -0.9305 0.2025 0.3051
vn -0.6862 -0.5445 -0.4824
vn -0.6190 -0.5311 -0.5786
vn -0.8420 0.3188 0.4353
vn -0.7599 -0.4481 -0.4709
vn -0.7853 0.3727 0.4944
vn -0.8198 -0.3999 -0.4100
vn -0.7144 0.3704 0.5937
vn -0.8634 -0.4134 -0.2892
vn -0.6499 0.4692 0.5979
vn -0.9153 -0.2925 -0.2770
vn -0.5725 0.5109 0.6412
vn -0.9500 -0.2344 -0.2062
vn -0.4852 0.5126 0.7084
vn -0.9757 -0.1739 -0.1335
vn -0.0795 -0.6493 -0.7564
vn -0.4020 0.5793 0.7091
vn -0.9826 -0.1858 0.0037
vn -0.1767 -0.6446 -0.7438
vn -0.3077 0.5836 0.7515
vn -0.9987 -0.0487 0.0152
vn -0.2722 -0.6337 -0.7241
vn -0.2159 0.6254 0.7498
vn -0.9865 -0.0590 0.1528
vn -0.3650 -0.6167 -0.6975
vn -0.9835 0.0784 0.1633
vn -0.1193 0.6396 0.7594
vn -0.6928 -0.4919 -0.5273
vn -0.6189 -0.4836 -0.6190
vn -0.8418 0.3810 0.3824
vn -0.8905 0.2619 0.3720
vn -0.7598 -0.3902 -0.5201
vn -0.7851 0.4305 0.4452
vn -0.7211 0.4230 0.5488
vn -0.8717 -0.3479 -0.3452
vn -0.8196 -0.3377 -0.4629
vn -0.6498 0.5167 0.5575
vn -0.9151 -0.2234 -0.3358
vn -0.5724 0.5525 0.6059
vn -0.9498 -0.1628 -0.2671
vn -0.4896 0.5477 0.6784
vn -0.0795 -0.6418 -0.7627
vn -0.4895 0.5831 0.6484
vn -0.9919 -0.1119 -0.0594
vn -0.9755 -0.1006 -0.1958
vn -0.1766 -0.6299 -0.7563
vn -0.3104 0.6271 0.7145
vn -0.3104 0.6053 0.7330
vn -0.9985 0.0260 -0.0484
vn -0.2159 0.6401 0.7373
vn -0.9959 0.0149 0.0897
vn -0.3649 -0.5880 -0.7219
vn -0.9833 0.1517 0.1009
vn -0.4542 -0.5584 -0.6941
vn -0.4543 -0.5938 -0.6641
vn -0.1193 0.6470 0.7531
vn -0.9614 0.2126 0.1745
vn -0.5392 -0.5235 -0.6597
vn -0.9304 0.2716 0.2464
vn -0.8114 -0.2757 -0.5154
vn -0.7209 0.4759 0.5038
vn -0.7775 0.4882 0.3964
vn -0.8715 -0.2819 -0.4013
vn -0.6436 0.5640 0.5174
vn -0.8628 -0.2162 -0.4569
vn -0.5669 0.5940 0.5707
vn -0.9404 -0.0915 -0.3275
vn -0.0785 -0.6344 -0.7690
vn -0.3981 0.6366 0.6605
vn -0.4019 0.6080 0.6847
vn -0.9917 -0.0375 -0.1227
vn -0.9658 -0.0275 -0.2577
vn -0.1747 -0.6152 -0.7687
vn -0.9887 0.1006 -0.1115
vn -0.2721 -0.6119 -0.7427
vn -0.2140 0.6548 0.7249
vn -0.9859 0.1635 -0.0364
vn -0.9957 0.0893 0.0264
vn -0.3612 -0.5594 -0.7461
vn -0.9736 0.2248 0.0390
vn -0.4496 -0.5232 -0.7239
vn -0.1183 0.6544 0.7468
vn -0.9520 0.2840 0.1141
vn -0.5337 -0.4821 -0.6948
vn -0.8817 0.3936 0.2602
vn -0.8903 0.3279 0.3159
vn -0.6927 -0.4390 -0.5723
vn -0.6127 -0.4363 -0.6590
vn -0.8336 0.4430 0.3299
vn -0.7522 -0.3326 -0.5689
vn -0.9060 -0.1546 -0.3941
vn -0.8458 -0.1513 -0.5116
vn -0.5562 0.6349 0.5362
vn -0.9219 -0.0211 -0.3868
vn -0.4849 0.6183 0.6186
vn -0.9469 0.0446 -0.3186
vn -0.0766 -0.6271 -0.7752
vn -0.3907 0.6648 0.6367
vn -0.9820 0.0367 -0.1855
vn -0.1709 -0.6008 -0.7809
vn -0.3019 0.6703 0.6780
vn -0.3075 0.6488 0.6961
vn -0.9627 0.1099 -0.2472
vn -0.2636 -0.5687 -0.7792
vn -0.2692 -0.5901 -0.7611
vn -0.2102 0.6692 0.7127
vn -0.9666 0.2366 -0.0981
vn -0.3537 -0.5311 -0.7699
vn -0.9547 0.2969 -0.0218
vn -0.4405 -0.4885 -0.7533
vn -0.1164 0.6617 0.7406
vn -0.5229 -0.4411 -0.7294
vn -0.9213 0.3404 0.1881
vn -0.9335 0.3544 0.0547
vn -0.8646 0.4585 0.2055
vn -0.6857 -0.3863 -0.6169
vn -0.6004 -0.3895 -0.6984
vn -0.8175 0.5042 0.2783
vn -0.7372 -0.2757 -0.6169
vn -0.7626 0.5451 0.3484
vn -0.7140 0.5286 0.4591
vn -0.7953 -0.2145 -0.5670
vn -0.6313 0.6107 0.4780
vn -0.9187 0.1151 -0.3777
vn -0.0737 -0.6199 -0.7812
vn -0.3797 0.6924 0.6135
vn -0.4757 0.6530 0.5893
vn -0.1653 -0.5866 -0.7928
vn -0.9693 0.1741 -0.1735
vn -0.9342 0.1814 -0.3073
vn -0.2552 -0.5477 -0.7968
vn -0.2045 0.6833 0.7009
vn -0.9381 0.3082 -0.1582
vn -0.3427 -0.5035 -0.7931
vn -0.1135 0.6689 0.7346
vn -0.9265 0.3674 -0.0810
vn -0.4269 -0.4545 -0.7818
vn -0.5070 -0.4011 -0.7630
vn -0.9034 0.4084 0.1307
vn -0.9061 0.4231 -0.0030
vn -0.8393 0.5219 0.1523
vn -0.6720 -0.3342 -0.6608
vn -0.5821 -0.3439 -0.7368
vn -0.7937 0.5640 0.2281
vn -0.7150 -0.2201 -0.6636
vn -0.7404 0.6007 0.3017
vn -0.7003 0.5807 0.4152
vn -0.7715 -0.1547 -0.6172
vn -0.6131 0.6564 0.4397
vn -0.8881 -0.0866 -0.4514
vn -0.8205 -0.0879 -0.5649
vn -0.5402 0.6749 0.5026
vn -0.8945 0.0477 -0.4446
vn -0.9406 0.2460 -0.2339
vn -0.8966 0.2506 -0.3651
vn -0.1579 -0.5730 -0.8042
vn -0.1971 0.6970 0.6894
vn -0.2935 0.6912 0.6604
vn -0.9005 0.3773 -0.2160
vn -0.2442 -0.5274 -0.8137
vn -0.8895 0.4356 -0.1380
vn -0.4091 -0.4217 -0.8092
vn -0.1098 0.6758 0.7289
vn -0.8699 0.4897 -0.0586
vn -0.4860 -0.3624 -0.7953
vn -0.8769 0.4748 0.0750
vn -0.5582 -0.2997 -0.7737
vn -0.8060 0.5832 0.1010
vn -0.6517 -0.2833 -0.7036
vn -0.7623 0.6218 0.1797
vn -0.6858 -0.1663 -0.7085
vn -0.7112 0.6544 0.2568
vn -0.7401 -0.0969 -0.6655
vn -0.6800 0.6316 0.3725
vn -0.5891 0.7006 0.4027
vn -0.8616 -0.0202 -0.5072
vn -0.7872 -0.0265 -0.6162
vn -0.5192 0.7136 0.4703
vn -0.8583 0.1142 -0.5002
vn -0.4622 0.6870 0.5608
vn -0.8817 0.1833 -0.4347
vn -0.0700 -0.6130 -0.7870
vn -0.4443 0.7198 0.5333
vn -0.2825 0.7115 0.6434
vn -0.8267 0.0440 -0.5609
vn -0.7462 0.0321 -0.6649
vn -0.4934 0.7506 0.4395
vn -0.8139 0.1778 -0.5531
vn -0.8362 0.2485 -0.4890
vn -0.0653 -0.6064 -0.7925
vn -0.3474 0.7446 0.5700
vn -0.3652 0.7191 0.5912
vn -0.1487 -0.5599 -0.8151
vn -0.2690 0.7309 0.6273
vn -0.9029 0.3155 -0.2920
vn -0.8504 0.3167 -0.4201
vn -0.2307 -0.5081 -0.8299
vn -0.1880 0.7101 0.6786
vn -0.8543 0.4435 -0.2710
vn -0.3104 -0.4513 -0.8366
vn -0.3282 -0.4768 -0.8154
vn -0.8440 0.5008 -0.1922
vn -0.3871 -0.3902 -0.8354
vn -0.1052 0.6824 0.7233
vn -0.4601 -0.3254 -0.8261
vn -0.8420 0.5390 0.0213
vn -0.8255 0.5533 -0.1116
vn -0.7651 0.6418 0.0522
vn -0.6250 -0.2341 -0.7447
vn -0.5287 -0.2575 -0.8088
vn -0.7236 0.6771 0.1337
vn -0.6499 -0.1149 -0.7513
vn -0.7014 -0.0416 -0.7115
vn -0.6533 0.6808 0.3313
vn -0.6753 0.7058 0.2140
vn -0.5596 0.7428 0.3676
vn -0.7825 0.3100 -0.5399
vn -0.0599 -0.6001 -0.7976
vn -0.3264 0.7688 0.5500
vn -0.4224 0.7512 0.5072
vn -0.1380 -0.5476 -0.8253
vn -0.2530 0.7492 0.6121
vn -0.8018 0.4447 -0.3992
vn -0.8565 0.3819 -0.3472
vn -0.1772 0.7224 0.6684
vn -0.7999 0.5060 -0.3227
vn -0.2147 -0.4897 -0.8450
vn -0.7903 0.5624 -0.2432
vn -0.3613 -0.3606 -0.8599
vn -0.0997 0.6887 0.7182
vn -0.4297 -0.2905 -0.8550
vn -0.7991 0.6004 -0.0298
vn -0.7732 0.6134 -0.1613
vn -0.4939 -0.2176 -0.8418
vn -0.7168 0.6972 0.0064
vn -0.5921 -0.1871 -0.7838
vn -0.6781 0.7293 0.0905
vn -0.6076 -0.0663 -0.7915
vn -0.6330 0.7544 0.1738
vn -0.6559 0.0106 -0.7547
vn -0.6204 0.7278 0.2922
vn -0.5248 0.7827 0.3346
vn -0.7838 0.1055 -0.6120
vn -0.6980 0.0875 -0.7108
vn -0.4629 0.7856 0.4106
vn -0.7616 0.2379 -0.6028
vn -0.7339 0.4374 -0.5197
vn -0.7960 0.3792 -0.4718
vn -0.1257 -0.5361 -0.8348
vn -0.1650 0.7339 0.6589
vn -0.7378 0.5642 -0.3706
vn -0.2654 -0.4047 -0.8751
vn -0.2894 -0.4272 -0.8566
vn -0.0935 0.6945 0.7134
vn -0.7291 0.6197 -0.2904
vn -0.3318 -0.3329 -0.8827
vn -0.3949 -0.2579 -0.8818
vn -0.7486 0.6585 -0.0778
vn -0.7134 0.6693 -0.2073
vn -0.4543 -0.1804 -0.8724
vn -0.6618 0.7489 -0.0361
vn -0.5534 -0.1426 -0.8206
vn -0.6262 0.7780 0.0505
vn -0.5593 -0.0211 -0.8287
vn -0.6040 0.0593 -0.7948
vn -0.5817 0.7723 0.2554
vn -0.5847 0.7997 0.1366
vn -0.4852 0.8198 0.3041
vn -0.7333 0.1635 -0.6600
vn -0.6429 0.1391 -0.7532
vn -0.7018 0.2939 -0.6489
vn -0.3966 0.7809 0.4826
vn -0.4282 0.8181 0.3838
vn -0.7213 0.3674 -0.5871
vn -0.0537 -0.5943 -0.8024
vn -0.3024 0.7912 0.5315
vn -0.6609 0.6724 -0.3333
vn -0.2989 -0.3076 -0.9033
vn -0.0866 0.6998 0.7090
vn -0.3562 -0.2281 -0.9061
vn -0.6909 0.7125 -0.1223
vn -0.6469 0.7207 -0.2492
vn -0.4101 -0.1463 -0.9002
vn -0.6004 0.7962 -0.0747
vn -0.5093 -0.1012 -0.8546
vn -0.5684 0.8226 0.0141
vn -0.5055 0.0204 -0.8626
vn -0.5462 0.1039 -0.8312
vn -0.5375 0.8137 0.2214
vn -0.5309 0.8412 0.1027
vn -0.4410 0.8539 0.2762
vn -0.6114 0.2671 -0.7449
vn -0.6756 0.2175 -0.7044
vn -0.3895 0.8480 0.3594
vn -0.6353 0.3453 -0.6908
vn -0.3671 0.8086 0.4599
vn -0.6531 0.4201 -0.6301
vn -0.0468 -0.5890 -0.8068
vn -0.2757 0.8118 0.5147
vn -0.1120 -0.5255 -0.8434
vn -0.2145 0.7819 0.5853
vn -0.2348 0.7663 0.5981
vn -0.7394 0.5032 -0.4473
vn -0.6647 0.4908 -0.5633
vn -0.1965 -0.4727 -0.8590
vn -0.1513 0.7445 0.6503
vn -0.6686 0.6176 -0.4142
vn -0.2387 -0.3841 -0.8919
vn -0.6267 0.7621 -0.1627
vn -0.5742 0.7669 -0.2866
vn -0.3618 -0.1157 -0.9250
vn -0.5565 0.8067 -0.1988
vn -0.4600 -0.0632 -0.8856
vn -0.5052 0.8628 -0.0184
vn -0.4468 0.0578 -0.8928
vn -0.4830 0.1441 -0.8637
vn -0.4883 0.8516 0.1904
vn -0.4721 0.8785 0.0725
vn -0.5816 0.1864 -0.7918
vn -0.3928 0.8846 0.2514
vn -0.5412 0.3118 -0.7810
vn -0.3472 0.8749 0.3377
vn -0.5626 0.3915 -0.7282
vn -0.3342 0.8339 0.4392
vn -0.5786 0.4674 -0.6684
vn -0.0392 -0.5842 -0.8107
vn -0.2465 0.8304 0.4997
vn -0.0971 -0.5160 -0.8510
vn -0.1924 0.7960 0.5739
vn -0.6699 0.5569 -0.4911
vn -0.5891 0.5389 -0.6022
vn -0.1541 -0.4429 -0.8832
vn -0.1762 -0.4570 -0.8718
vn -0.1364 0.7540 0.6426
vn -0.5930 0.6657 -0.4531
vn -0.5864 0.7197 -0.3716
vn -0.2630 -0.2848 -0.9218
vn -0.0790 0.7047 0.7051
vn -0.3139 -0.2012 -0.9279
vn -0.4372 0.8981 -0.0467
vn -0.5334 0.8388 -0.1092
vn -0.3836 0.0907 -0.9191
vn -0.4063 -0.0291 -0.9133
vn -0.4150 0.1795 -0.8919
vn -0.4345 0.8858 0.1627
vn -0.4089 0.9114 0.0462
vn -0.5145 0.2290 -0.8263
vn -0.3409 0.9116 0.2298
vn -0.4657 0.3510 -0.8124
vn -0.3017 0.8985 0.3188
vn -0.4844 0.4321 -0.7607
vn -0.2983 0.8567 0.4207
vn -0.4985 0.5091 -0.7017
vn -0.0311 -0.5800 -0.8141
vn -0.2152 0.8467 0.4867
vn -0.5939 0.6052 -0.5302
vn -0.5078 0.5811 -0.6360
vn -0.1303 -0.4306 -0.8931
vn -0.1203 0.7623 0.6359
vn -0.5117 0.7079 -0.4869
vn -0.1782 -0.3493 -0.9199
vn -0.2096 -0.3656 -0.9069
vn -0.0709 0.7089 0.7018
vn -0.5063 0.7614 -0.4049
vn -0.2685 -0.1775 -0.9468
vn -0.4960 0.8076 -0.3191
vn -0.3099 -0.0887 -0.9466
vn -0.4613 0.8763 -0.1391
vn -0.3767 0.9159 0.1387
vn -0.3419 0.9394 0.0242
vn -0.4425 0.2665 -0.8563
vn -0.3429 0.2096 -0.9157
vn -0.2858 0.9346 0.2117
vn -0.3660 0.2985 -0.8814
vn -0.3856 0.3845 -0.8387
vn -0.2597 0.8768 0.4047
vn -0.2535 0.9187 0.3029
vn -0.4135 0.5446 -0.7297
vn -0.0224 -0.5763 -0.8169
vn -0.1819 0.8606 0.4757
vn -0.0640 -0.5006 -0.8633
vn -0.0811 -0.5077 -0.8577
vn -0.1685 0.8084 0.5640
vn -0.5122 0.6476 -0.5641
vn -0.4216 0.6172 -0.6643
vn -0.1033 0.7694 0.6303
vn -0.4255 0.7440 -0.5153
vn -0.1449 -0.3354 -0.9309
vn -0.0623 0.7125 0.6989
vn -0.4213 0.7969 -0.4329
vn -0.2244 -0.2647 -0.9379
vn -0.2203 -0.1574 -0.9627
vn -0.4009 0.8795 -0.2566
vn -0.4810 0.8460 -0.2302
vn -0.2549 -0.0657 -0.9647
vn -0.3849 0.9082 -0.1643
vn -0.3484 0.0010 -0.9373
vn -0.3651 0.9283 -0.0704
vn -0.3165 0.1187 -0.9411
vn -0.2030 0.9352 0.2902
vn -0.3147 0.4952 -0.8098
vn -0.4015 0.4668 -0.7880
vn -0.2188 0.8939 0.3912
vn -0.3245 0.5737 -0.7520
vn -0.0134 -0.5734 -0.8192
vn -0.1471 0.8720 0.4670
vn -0.1433 0.8189 0.5557
vn -0.4256 0.6839 -0.5926
vn -0.3313 0.6467 -0.6871
vn -0.1050 -0.4200 -0.9014
vn -0.0462 -0.4947 -0.8678
vn -0.0854 0.7752 0.6259
vn -0.3352 0.7735 -0.5380
vn -0.1101 -0.3240 -0.9396
vn -0.0532 0.7154 0.6966
vn -0.3323 0.8260 -0.4553
vn -0.1406 -0.2336 -0.9621
vn -0.1835 -0.2476 -0.9513
vn -0.4131 0.8422 -0.3464
vn -0.1698 -0.1409 -0.9754
vn -0.3263 0.8706 -0.3683
vn -0.3048 0.9344 -0.1844
vn -0.2871 0.0266 -0.9575
vn -0.1973 -0.0468 -0.9792
vn -0.2897 0.9529 -0.0894
vn -0.2464 0.1416 -0.9588
vn -0.2717 0.9624 0.0065
vn -0.3154 0.9415 0.1185
vn -0.2675 0.2342 -0.9347
vn -0.2282 0.9534 0.1972
vn -0.2860 0.3246 -0.9016
vn -0.0041 -0.5711 -0.8208
vn -0.1315 0.9187 0.3724
vn -0.1759 0.9079 0.3804
vn -0.2324 0.5960 -0.7686
vn -0.0277 -0.4903 -0.8711
vn -0.1168 0.8276 0.5490
vn -0.1110 0.8807 0.4605
vn -0.3348 0.7135 -0.6155
vn -0.2378 0.6694 -0.7039
vn -0.0511 -0.4047 -0.9130
vn -0.0785 -0.4113 -0.9081
vn -0.0670 0.7797 0.6225
vn -0.2417 0.7961 -0.5548
vn -0.0740 -0.3153 -0.9461
vn -0.2402 0.8483 -0.4719
vn -0.0962 -0.2228 -0.9701
vn -0.0439 0.7177 0.6950
vn -0.1175 -0.1282 -0.9848
vn -0.2303 0.9279 -0.2933
vn -0.3171 0.9068 -0.2777
vn -0.1376 -0.0324 -0.9900
vn -0.2219 0.9545 -0.1993
vn -0.2229 0.0476 -0.9737
vn -0.2115 0.9719 -0.1034
vn -0.1737 0.1592 -0.9718
vn -0.1893 0.2532 -0.9487
vn -0.2512 0.9625 0.1023
vn -0.1990 0.9800 -0.0066
vn -0.1685 0.9679 0.1865
vn -0.3018 0.4119 -0.8598
vn -0.2031 0.3447 -0.9165
vn -0.1507 0.9479 0.2808
vn -0.2150 0.4329 -0.8754
vn -0.0230 -0.4001 -0.9162
vn -0.0480 0.7828 0.6204
vn -0.0894 0.8342 0.5441
vn -0.1459 0.8117 -0.5655
vn -0.2409 0.7363 -0.6324
vn -0.0371 -0.3092 -0.9503
vn -0.0343 0.7193 0.6939
vn -0.1457 0.8637 -0.4825
vn -0.0507 -0.2154 -0.9752
vn -0.2363 0.8924 -0.3844
vn -0.0639 -0.1195 -0.9908
vn -0.1413 0.9424 -0.3033
vn -0.1564 0.0637 -0.9856
vn -0.0764 -0.0224 -0.9968
vn -0.1314 0.9849 -0.1124
vn -0.0992 0.1714 -0.9802
vn -0.1246 0.9921 -0.0149
vn -0.1092 0.2662 -0.9577
vn -0.1847 0.9786 0.0904
vn -0.1073 0.9779 0.1796
vn -0.1260 0.4474 -0.8854
vn -0.2247 0.5169 -0.8260
vn -0.0971 0.9566 0.2748
vn -0.1379 0.6114 -0.7792
vn 0.0055 -0.5696 -0.8219
vn -0.0740 0.8867 0.4563
vn -0.0613 0.8388 0.5410
vn -0.1420 0.6850 -0.7146
vn 0.0004 -0.3060 -0.9520
vn -0.0246 0.7201 0.6934
vn -0.1442 0.9074 -0.3948
vn -0.0500 0.8720 -0.4870
vn -0.0095 -0.1148 -0.9933
vn -0.0510 0.9502 -0.3075
vn -0.0508 0.9757 -0.2129
vn -0.1370 0.9683 -0.2089
vn -0.0882 0.0748 -0.9933
vn -0.0144 -0.0171 -0.9998
vn -0.0502 0.9920 -0.1163
vn -0.0236 0.1779 -0.9838
vn -0.0280 0.2733 -0.9615
vn -0.1165 0.9897 0.0827
vn -0.0490 0.9986 -0.0185
vn -0.1182 0.3585 -0.9260
vn -0.0453 0.9832 0.1767
vn -0.0357 0.4552 -0.8897
vn -0.0428 0.9613 0.2722
vn -0.1326 0.5320 -0.8363
vn -0.0860 0.9261 0.3673
vn -0.0422 0.6197 -0.7837
vn 0.0152 -0.5687 -0.8224
vn -0.0365 0.8900 0.4546
vn 0.0104 -0.4855 -0.8742
vn -0.0088 -0.4872 -0.8733
vn -0.1446 0.7520 -0.6432
vn -0.0448 0.6934 -0.7192
vn 0.0054 -0.3977 -0.9175
vn -0.0289 0.7845 0.6195
vn -0.0487 0.8201 -0.5701
vn 0.0451 -0.1142 -0.9924
vn 0.0396 0.9512 -0.3060
vn -0.0191 0.0808 -0.9965
vn 0.0480 -0.0163 -0.9987
vn 0.0315 0.9929 -0.1149
vn 0.0523 0.1788 -0.9825
vn 0.0269 0.9995 -0.0172
vn -0.0474 0.9957 0.0795
vn -0.0320 0.3660 -0.9301
vn 0.0537 0.2742 -0.9602
vn 0.0170 0.9839 0.1777
vn 0.0549 0.4562 -0.8882
vn 0.0119 0.9619 0.2731
vn -0.0391 0.5400 -0.8407
vn -0.0398 0.9301 0.3651
vn 0.0541 0.6208 -0.7821
vn 0.0250 -0.5686 -0.8222
vn 0.0012 0.8904 0.4552
vn 0.0297 -0.4853 -0.8738
vn -0.0042 0.8416 0.5401
vn -0.0328 0.8413 0.5396
vn -0.0470 0.7604 -0.6478
vn 0.0529 0.6945 -0.7176
vn 0.0341 -0.3973 -0.9170
vn -0.0096 0.7847 0.6198
vn 0.0490 0.8212 -0.5685
vn 0.0381 -0.3056 -0.9514
vn -0.0148 0.7202 0.6936
vn 0.0463 0.8731 -0.4854
vn 0.0418 -0.2109 -0.9766
vn -0.0046 -0.2114 -0.9774
vn -0.0507 0.9155 -0.3992
vn 0.1278 0.1739 -0.9764
vn 0.0504 0.0816 -0.9954
vn 0.1024 0.9947 -0.0111
vn 0.1349 0.2690 -0.9536
vn 0.0221 0.9965 0.0806
vn 0.0546 0.3670 -0.9286
vn 0.0791 0.9800 0.1827
vn 0.1407 0.3615 -0.9217
vn 0.0548 0.5411 -0.8392
vn 0.1451 0.4505 -0.8809
vn 0.0065 0.9306 0.3659
vn 0.0662 0.9584 0.2775
vn 0.1498 0.6147 -0.7744
vn 0.0347 -0.5692 -0.8214
vn 0.0387 0.8880 0.4582
vn 0.0489 -0.4865 -0.8723
vn 0.0512 0.7615 -0.6461
vn 0.1500 0.6883 -0.7098
vn 0.0096 0.7835 0.6214
vn 0.1461 0.8150 -0.5607
vn 0.0756 -0.3080 -0.9484
vn 0.1420 0.8670 -0.4777
vn 0.0880 -0.2138 -0.9729
vn -0.0051 0.7196 0.6944
vn 0.0432 0.9165 -0.3976
vn 0.0994 -0.1176 -0.9881
vn 0.1298 0.9455 -0.2988
vn 0.1100 -0.0203 -0.9937
vn 0.1218 0.9712 -0.2046
vn 0.0357 0.9767 -0.2115
vn 0.1127 0.9877 -0.1084
vn 0.2149 0.2578 -0.9420
vn 0.1402 0.9714 0.1916
vn 0.0912 0.9921 0.0862
vn 0.2256 0.3496 -0.9094
vn 0.1197 0.9509 0.2853
vn 0.1482 0.5351 -0.8317
vn 0.2340 0.4380 -0.8680
vn 0.0527 0.9277 0.3696
vn 0.2442 0.6014 -0.7607
vn 0.0443 -0.5706 -0.8200
vn 0.0981 0.9213 0.3762
vn 0.0678 -0.4892 -0.8695
vn 0.0243 0.8398 0.5424
vn 0.0756 0.8828 0.4636
vn 0.1488 0.7553 -0.6383
vn 0.2458 0.6749 -0.6958
vn 0.0625 -0.3992 -0.9147
vn 0.0285 0.7808 0.6241
vn 0.2418 0.8016 -0.5467
vn 0.1125 -0.3131 -0.9430
vn 0.2364 0.8537 -0.4639
vn 0.1334 -0.2202 -0.9663
vn 0.0045 0.7183 0.6958
vn 0.1366 0.9106 -0.3901
vn 0.1530 -0.1251 -0.9803
vn 0.2187 0.9330 -0.2858
vn 0.1711 -0.0289 -0.9848
vn 0.2067 0.9593 -0.1922
vn 0.1195 0.0772 -0.9898
vn 0.1927 0.9765 -0.0967
vn 0.2022 0.1635 -0.9656
vn 0.1768 0.9842 -0.0003
vn 0.3301 0.5025 -0.7991
vn 0.2403 0.5222 -0.8183
vn 0.1720 0.9394 0.2964
vn 0.3362 0.5812 -0.7411
vn 0.0536 -0.5726 -0.8181
vn 0.1116 0.8749 0.4713
vn 0.0862 -0.4932 -0.8656
vn 0.0523 0.8358 0.5465
vn 0.2450 0.7418 -0.6243
vn 0.3391 0.6543 -0.6759
vn 0.0906 -0.4031 -0.9107
vn 0.0470 0.7768 0.6281
vn 0.3352 0.7811 -0.5268
vn 0.1486 -0.3211 -0.9353
vn 0.3284 0.8335 -0.4443
vn 0.1778 -0.2299 -0.9568
vn 0.0138 0.7162 0.6978
vn 0.2287 0.8977 -0.3767
vn 0.2052 -0.1366 -0.9691
vn 0.3185 0.8779 -0.3575
vn 0.2307 -0.0420 -0.9721
vn 0.2895 0.9411 -0.1746
vn 0.1875 0.0676 -0.9799
vn 0.2708 0.9593 -0.0801
vn 0.2748 0.1475 -0.9501
vn 0.2494 0.9683 0.0152
vn 0.1593 0.9825 0.0961
vn 0.2930 0.2406 -0.9253
vn 0.1998 0.9583 0.2043
vn 0.3083 0.3314 -0.8917
vn 0.4250 0.5541 -0.7157
vn 0.1040 -0.4987 -0.8605
vn 0.1061 0.8218 0.5598
vn 0.0797 0.8298 0.5523
vn 0.3388 0.7212 -0.6043
vn 0.4293 0.6269 -0.6502
vn 0.1180 -0.4091 -0.9048
vn 0.0648 0.7713 0.6331
vn 0.4254 0.7536 -0.5011
vn 0.1834 -0.3317 -0.9254
vn 0.4173 0.8064 -0.4190
vn 0.2206 -0.2430 -0.9446
vn 0.0228 0.7135 0.7003
vn 0.2556 -0.1520 -0.9548
vn 0.3891 0.8884 -0.2435
vn 0.3054 0.9139 -0.2673
vn 0.2882 -0.0595 -0.9557
vn 0.3694 0.9168 -0.1518
vn 0.2540 0.0530 -0.9658
vn 0.3461 0.9364 -0.0586
vn 0.3449 0.1262 -0.9301
vn 0.3195 0.9469 0.0351
vn 0.3683 0.2177 -0.9039
vn 0.2257 0.9679 0.1103
vn 0.2573 0.9408 0.2207
vn 0.3207 0.4189 -0.8495
vn 0.3882 0.3070 -0.8689
vn 0.4044 0.3934 -0.8256
vn 0.1425 0.9116 0.3857
vn 0.2224 0.9241 0.3108
vn 0.0626 -0.5754 -0.8155
vn 0.1464 0.8643 0.4812
vn 0.5114 0.7195 -0.4699
vn 0.4294 0.6936 -0.5784
vn 0.2165 -0.3448 -0.9134
vn 0.1444 -0.4172 -0.8973
vn 0.0818 0.7646 0.6393
vn 0.5020 0.7728 -0.3882
vn 0.2614 -0.2592 -0.9298
vn 0.0314 0.7100 0.7035
vn 0.4051 0.8515 -0.3328
vn 0.3037 -0.1710 -0.9373
vn 0.4879 0.8187 -0.3028
vn 0.3432 -0.0813 -0.9358
vn 0.4457 0.8866 -0.1241
vn 0.3181 0.0335 -0.9475
vn 0.4180 0.9079 -0.0325
vn 0.4117 0.0997 -0.9058
vn 0.3864 0.9204 0.0594
vn 0.2898 0.9484 0.1286
vn 0.4402 0.1892 -0.8777
vn 0.3122 0.9190 0.2407
vn 0.4645 0.2768 -0.8412
vn 0.2705 0.9050 0.3283
vn 0.4995 0.4433 -0.7443
vn 0.4167 0.4761 -0.7744
vn 0.1853 0.8985 0.3979
vn 0.5098 0.5205 -0.6849
vn 0.0713 -0.5788 -0.8124
vn 0.1796 0.8512 0.4932
vn 0.1210 -0.5054 -0.8544
vn 0.5153 0.5928 -0.6190
vn 0.5819 0.7330 -0.3522
vn 0.3491 -0.1936 -0.9169
vn 0.5443 0.8192 -0.1806
vn 0.4690 0.8568 -0.2144
vn 0.3949 -0.1071 -0.9125
vn 0.5175 0.8507 -0.0917
vn 0.3793 0.0093 -0.9252
vn 0.4858 0.8741 -0.0020
vn 0.4747 0.0683 -0.8775
vn 0.5080 0.1554 -0.8472
vn 0.3510 0.9242 0.1508
vn 0.4494 0.8890 0.0878
vn 0.3640 0.8932 0.2640
vn 0.4843 0.3618 -0.7966
vn 0.5364 0.2410 -0.8088
vn 0.3158 0.8824 0.3487
vn 0.5596 0.3243 -0.7627
vn 0.2261 0.8823 0.4127
vn 0.5897 0.4807 -0.6490
vn 0.0794 -0.5828 -0.8087
vn 0.2109 0.8356 0.5073
vn 0.1370 -0.5134 -0.8472
vn 0.1551 0.7999 0.5797
vn 0.1313 0.8118 0.5690
vn 0.5158 0.6593 -0.5470
vn 0.5964 0.5524 -0.5825
vn 0.1696 -0.4272 -0.8881
vn 0.0978 0.7566 0.6465
vn 0.5924 0.6791 -0.4334
vn 0.2478 -0.3604 -0.8993
vn 0.2999 -0.2784 -0.9125
vn 0.0395 0.7060 0.7071
vn 0.5843 0.8097 -0.0550
vn 0.4369 -0.0195 -0.8993
vn 0.4430 -0.1367 -0.8860
vn 0.5488 0.8353 0.0326
vn 0.5333 0.0322 -0.8453
vn 0.5710 0.1166 -0.8126
vn 0.4087 0.8954 0.1767
vn 0.5080 0.8530 0.1200
vn 0.4121 0.8636 0.2904
vn 0.6032 0.1999 -0.7722
vn 0.3580 0.8565 0.3718
vn 0.6499 0.3598 -0.6694
vn 0.5774 0.4044 -0.7092
vn 0.2646 0.8631 0.4301
vn 0.6640 0.4350 -0.6082
vn 0.0869 -0.5875 -0.8046
vn 0.2399 0.8177 0.5233
vn 0.1519 -0.5225 -0.8390
vn 0.5973 0.6187 -0.5104
vn 0.6717 0.5060 -0.5411
vn 0.2154 -0.4526 -0.8653
vn 0.1934 -0.4390 -0.8774
vn 0.1127 0.7475 0.6547
vn 0.6678 0.6328 -0.3920
vn 0.2769 -0.3783 -0.8833
vn 0.0471 0.7014 0.7112
vn 0.6562 0.6873 -0.3114
vn 0.3357 -0.3004 -0.8928
vn 0.5658 0.7799 -0.2677
vn 0.3912 -0.2196 -0.8937
vn 0.6383 0.7353 -0.2279
vn 0.6064 0.7920 0.0710
vn 0.6286 0.0733 -0.7743
vn 0.4623 0.8624 0.2062
vn 0.5615 0.8127 0.1556
vn 0.4561 0.8305 0.3197
vn 0.6296 0.2812 -0.7243
vn 0.6643 0.1539 -0.7315
vn 0.7162 0.3100 -0.6253
vn 0.3004 0.8411 0.4497
vn 0.3965 0.8275 0.3975
vn 0.7319 0.3839 -0.5630
vn 0.0938 -0.5927 -0.8000
vn 0.2665 0.7977 0.5410
vn 0.1655 -0.5328 -0.8299
vn 0.1974 0.7712 0.6053
vn 0.1772 0.7864 0.5918
vn 0.6730 0.5721 -0.4688
vn 0.7406 0.4542 -0.4952
vn 0.1263 0.7372 0.6637
vn 0.7367 0.5809 -0.3461
vn 0.3035 -0.3983 -0.8656
vn 0.0540 0.6962 0.7158
vn 0.7241 0.6362 -0.2662
vn 0.4298 -0.2486 -0.8681
vn 0.6143 0.7762 -0.1421
vn 0.7046 0.6855 -0.1837
vn 0.4870 -0.1697 -0.8568
vn 0.6454 0.7637 -0.0143
vn 0.4905 -0.0525 -0.8698
vn 0.5869 -0.0080 -0.8096
vn 0.4955 0.7943 0.3516
vn 0.5113 0.8256 0.2388
vn 0.7509 0.1803 -0.6353
vn 0.6935 0.2331 -0.6817
vn 0.3331 0.8165 0.4715
vn 0.4311 0.7957 0.4254
vn 0.7928 0.3279 -0.5137
vn 0.1000 -0.5983 -0.7950
vn 0.2904 0.7758 0.5603
vn 0.1777 -0.5440 -0.8201
vn 0.2155 0.7545 0.6199
vn 0.7422 0.5201 -0.4227
vn 0.8024 0.3974 -0.4453
vn 0.2537 -0.4844 -0.8372
vn 0.2356 -0.4678 -0.8519
vn 0.1385 0.7260 0.6736
vn 0.7985 0.5241 -0.2962
vn 0.7850 0.5803 -0.2170
vn 0.3977 -0.3520 -0.8473
vn 0.3684 -0.3250 -0.8710
vn 0.0601 0.6905 0.7208
vn 0.4643 -0.2803 -0.8401
vn 0.7356 0.6753 -0.0532
vn 0.6782 0.7281 -0.0995
vn 0.5264 -0.2060 -0.8249
vn 0.7002 0.7133 0.0299
vn 0.5395 -0.0893 -0.8372
vn 0.6580 0.7445 0.1127
vn 0.6349 -0.0522 -0.7708
vn 0.6802 0.0258 -0.7325
vn 0.6095 0.7685 0.1945
vn 0.3625 0.7895 0.4952
vn 0.4613 0.7615 0.4554
vn 0.8461 0.2676 -0.4610
vn 0.7756 0.2554 -0.5773
vn 0.1054 -0.6045 -0.7896
vn 0.3112 0.7521 0.5809
vn 0.1884 -0.5561 -0.8095
vn 0.8043 0.4630 -0.3725
vn 0.8565 0.3361 -0.3918
vn 0.2696 -0.5024 -0.8215
vn 0.1492 0.7139 0.6842
vn 0.8526 0.4629 -0.2427
vn 0.3482 -0.4438 -0.8257
vn 0.3273 -0.4202 -0.8463
vn 0.8383 0.5199 -0.1643
vn 0.4234 -0.3810 -0.8219
vn 0.0656 0.6844 0.7262
vn 0.7640 0.6308 -0.1357
vn 0.4946 -0.3146 -0.8102
vn 0.8160 0.5719 -0.0843
vn 0.5610 -0.2451 -0.7907
vn 0.7481 0.6590 0.0774
vn 0.5835 -0.1297 -0.8017
vn 0.7032 0.6933 0.1575
vn 0.6769 -0.0998 -0.7292
vn 0.7254 -0.0254 -0.6878
vn 0.5552 0.7852 0.2743
vn 0.6516 0.7209 0.2360
vn 0.7190 0.1036 -0.6872
vn 0.5300 0.7552 0.3857
vn 0.7670 0.0493 -0.6398
vn 0.8276 0.1965 -0.5259
vn 0.2448 0.7175 0.6522
vn 0.2313 0.7366 0.6356
vn 0.8586 0.4014 -0.3188
vn 0.9023 0.2710 -0.3352
vn 0.1975 -0.5689 -0.7983
vn 0.1582 0.7010 0.6953
vn 0.8984 0.3978 -0.1861
vn 0.3659 -0.4690 -0.8039
vn 0.8835 0.4557 -0.1085
vn 0.4452 -0.4120 -0.7950
vn 0.0701 0.6779 0.7318
vn 0.5202 -0.3510 -0.7786
vn 0.8284 0.5580 0.0490
vn 0.7858 0.6184 -0.0035
vn 0.5902 -0.2867 -0.7546
vn 0.7888 0.6013 0.1275
vn 0.6219 -0.1733 -0.7636
vn 0.7416 0.6389 0.2047
vn 0.7126 -0.1504 -0.6853
vn 0.7638 -0.0798 -0.6405
vn 0.5937 0.7416 0.3124
vn 0.6872 0.6703 0.2800
vn 0.5593 0.7136 0.4218
vn 0.8437 0.0630 -0.5331
vn 0.8011 0.1235 -0.5856
vn 0.3881 0.7605 0.5206
vn 0.4870 0.7251 0.4870
vn 0.8913 0.2034 -0.4053
vn 0.1100 -0.6110 -0.7840
vn 0.3289 0.7270 0.6027
vn 0.0739 0.6710 0.7377
vn 0.9201 0.3884 -0.0503
vn 0.3802 -0.4953 -0.7811
vn 0.8601 0.5093 -0.0299
vn 0.5410 -0.3892 -0.7455
vn 0.8629 0.4946 0.1039
vn 0.6140 -0.3303 -0.7169
vn 0.8217 0.5408 0.1799
vn 0.6546 -0.2196 -0.7234
vn 0.7726 0.5818 0.2541
vn 0.7415 -0.2035 -0.6394
vn 0.7948 -0.1369 -0.5912
vn 0.6263 0.6953 0.3526
vn 0.7161 0.6172 0.3259
vn 0.8076 -0.0084 -0.5897
vn 0.5830 0.6700 0.4595
vn 0.8406 -0.0690 -0.5373
vn 0.5078 0.6868 0.5200
vn 0.8717 0.1339 -0.4715
vn 0.8782 -0.0004 -0.4783
vn 0.4099 0.7295 0.5475
vn 0.9279 0.1361 -0.3471
vn 0.1137 -0.6178 -0.7781
vn 0.3433 0.7006 0.6255
vn 0.2048 -0.5824 -0.7866
vn 0.9047 0.3360 -0.2619
vn 0.9395 0.2027 -0.2761
vn 0.2939 -0.5415 -0.7877
vn 0.2830 -0.5215 -0.8050
vn 0.1656 0.6876 0.7070
vn 0.9356 0.3295 -0.1271
vn 0.8891 0.4287 0.1605
vn 0.8958 0.4436 0.0269
vn 0.6319 -0.3755 -0.6780
vn 0.8467 0.4779 0.2339
vn 0.6810 -0.2682 -0.6814
vn 0.7962 0.5225 0.3051
vn 0.7634 -0.2586 -0.5919
vn 0.8184 -0.1962 -0.5402
vn 0.6527 0.6467 0.3946
vn 0.7380 0.5621 0.3733
vn 0.6010 0.6247 0.4985
vn 0.8655 -0.1318 -0.4832
vn 0.9074 0.0682 -0.4147
vn 0.9043 -0.0662 -0.4216
vn 0.4276 0.6971 0.5755
vn 0.5235 0.6472 0.5541
vn 0.9557 0.0662 -0.2869
vn 0.1165 -0.6249 -0.7720
vn 0.3541 0.6733 0.6491
vn 0.2104 -0.5964 -0.7746
vn 0.2556 0.6975 0.6695
vn 0.9421 0.2674 -0.2026
vn 0.9676 0.1318 -0.2151
vn 0.3022 -0.5623 -0.7698
vn 0.2639 0.6767 0.6874
vn 0.9637 0.2586 -0.0660
vn 0.3911 -0.5227 -0.7575
vn 0.1711 0.6736 0.7191
vn 0.9479 0.3185 0.0098
vn 0.4762 -0.4781 -0.7380
vn 0.4628 -0.4444 -0.7670
vn 0.0767 0.6639 0.7438
vn 0.5567 -0.4289 -0.7114
vn 0.4409 0.6634 0.6045
vn 0.5340 0.6065 0.5890
vn 0.9742 -0.0055 -0.2255
vn 0.9345 -0.0000 -0.3560
vn 0.1184 -0.6322 -0.7657
vn 0.4499 0.6289 0.6341
vn 0.2141 -0.6108 -0.7623
vn 0.3614 0.6452 0.6731
vn 0.9703 0.1961 -0.1413
vn 0.9865 0.0591 -0.1528
vn 0.3077 -0.5836 -0.7515
vn 0.1748 0.6592 0.7314
vn 0.9826 0.1858 -0.0037
vn 0.3984 -0.5507 -0.7335
vn 0.0786 0.6567 0.7501
vn 0.9664 0.2468 0.0713
vn 0.4852 -0.5126 -0.7084
vn 0.9229 0.3754 0.0856
vn 0.5673 -0.4695 -0.6765
vn 0.9066 0.3612 0.2184
vn 0.6440 -0.4220 -0.6382
vn 0.8634 0.4134 0.2892
vn 0.7010 -0.3186 -0.6380
vn 0.8119 0.4617 0.3572
vn 0.7780 -0.3152 -0.5435
vn 0.8341 -0.2570 -0.4880
vn 0.6727 0.5963 0.4380
vn 0.7527 0.5055 0.4218
vn 0.6130 0.5783 0.5383
vn 0.8822 -0.1963 -0.4279
vn 0.9218 -0.1338 -0.3637
vn 0.2722 0.6337 0.7241
vn 0.2694 0.6554 0.7056
vn 0.9893 0.1230 -0.0786
vn 0.9959 -0.0149 -0.0897
vn 0.3105 -0.6053 -0.7330
vn 0.1767 0.6446 0.7438
vn 0.9919 0.1119 0.0594
vn 0.0795 0.6493 0.7564
vn 0.9757 0.1739 0.1335
vn 0.4020 -0.5793 -0.7091
vn 0.9410 0.3055 0.1455
vn 0.5725 -0.5109 -0.6412
vn 0.9153 0.2925 0.2770
vn 0.8717 0.3479 0.3452
vn 0.7144 -0.3704 -0.5937
vn 0.6499 -0.4692 -0.5979
vn 0.8198 0.3999 0.4100
vn 0.7853 -0.3727 -0.4944
vn 0.8420 -0.3188 -0.4353
vn 0.6862 0.5445 0.4824
vn 0.7599 0.4481 0.4709
vn 0.6190 0.5311 0.5786
vn 0.8905 -0.2619 -0.3720
vn 0.5393 0.5652 0.6243
vn 0.9616 -0.1411 -0.2353
vn 0.9526 -0.0700 -0.2960
vn 0.9835 -0.0784 -0.1633
vn 0.1193 -0.6396 -0.7594
vn 0.3650 0.6167 0.6975
vn 0.1766 0.6299 0.7563
vn 0.9755 0.1006 0.1958
vn 0.4896 -0.5477 -0.6784
vn 0.4019 -0.6080 -0.6847
vn 0.0795 0.6418 0.7627
vn 0.9500 0.2344 0.2062
vn 0.5724 -0.5525 -0.6059
vn 0.9151 0.2234 0.3358
vn 0.6498 -0.5167 -0.5575
vn 0.8715 0.2819 0.4013
vn 0.7211 -0.4230 -0.5488
vn 0.8196 0.3377 0.4629
vn 0.7851 -0.4305 -0.4452
vn 0.7598 0.3902 0.5201
vn 0.8418 -0.3810 -0.3824
vn 0.6928 0.4919 0.5273
vn 0.6189 0.4836 0.6190
vn 0.9305 -0.2025 -0.3051
vn 0.8904 -0.3279 -0.3159
vn 0.9304 -0.2716 -0.2464
vn 0.4543 0.5938 0.6641
vn 0.5392 0.5235 0.6597
vn 0.9833 -0.1517 -0.1009
vn 0.1193 -0.6470 -0.7531
vn 0.3649 0.5880 0.7219
vn 0.2159 -0.6401 -0.7373
vn 0.2159 -0.6254 -0.7498
vn 0.2721 0.6119 0.7427
vn 0.9987 0.0487 -0.0152
vn 0.9957 -0.0893 -0.0264
vn 0.3104 -0.6271 -0.7145
vn 0.9917 0.0375 0.1227
vn 0.9060 0.1546 0.3941
vn 0.9498 0.1628 0.2671
vn 0.5669 -0.5940 -0.5707
vn 0.8628 0.2162 0.4569
vn 0.7209 -0.4759 -0.5038
vn 0.6436 -0.5640 -0.5174
vn 0.8114 0.2757 0.5154
vn 0.7775 -0.4882 -0.3964
vn 0.8336 -0.4430 -0.3299
vn 0.6927 0.4390 0.5723
vn 0.7522 0.3326 0.5689
vn 0.6127 0.4363 0.6590
vn 0.9213 -0.3404 -0.1881
vn 0.5337 0.4821 0.6948
vn 0.9614 -0.2126 -0.1745
vn 0.4542 0.5584 0.6941
vn 0.9736 -0.2248 -0.0390
vn 0.1183 -0.6544 -0.7468
vn 0.3612 0.5594 0.7461
vn 0.2140 -0.6548 -0.7249
vn 0.9985 -0.0260 0.0484
vn 0.9859 -0.1635 0.0364
vn 0.3075 -0.6488 -0.6961
vn 0.1747 0.6152 0.7687
vn 0.9820 -0.0367 0.1855
vn 0.3981 -0.6366 -0.6605
vn 0.0785 0.6344 0.7690
vn 0.9658 0.0275 0.2577
vn 0.4895 -0.5831 -0.6484
vn 0.7953 0.2145 0.5670
vn 0.7626 -0.5451 -0.3484
vn 0.7140 -0.5286 -0.4591
vn 0.8175 -0.5042 -0.2783
vn 0.6857 0.3863 0.6169
vn 0.7372 0.2757 0.6169
vn 0.8817 -0.3936 -0.2602
vn 0.6004 0.3895 0.6984
vn 0.8646 -0.4585 -0.2055
vn 0.5229 0.4411 0.7294
vn 0.9520 -0.2840 -0.1141
vn 0.9034 -0.4084 -0.1307
vn 0.4496 0.5232 0.7239
vn 0.9547 -0.2969 0.0218
vn 0.1164 -0.6617 -0.7406
vn 0.4405 0.4885 0.7533
vn 0.2102 -0.6692 -0.7127
vn 0.2636 0.5687 0.7792
vn 0.2692 0.5901 0.7611
vn 0.9887 -0.1006 0.1115
vn 0.9666 -0.2366 0.0981
vn 0.1709 0.6008 0.7809
vn 0.9627 -0.1099 0.2472
vn 0.3907 -0.6648 -0.6367
vn 0.9469 -0.0446 0.3185
vn 0.4849 -0.6183 -0.6186
vn 0.0766 0.6271 0.7752
vn 0.9404 0.0915 0.3275
vn 0.5562 -0.6349 -0.5362
vn 0.8881 0.0866 0.4514
vn 0.6313 -0.6107 -0.4780
vn 0.8458 0.1513 0.5116
vn 0.6720 0.3342 0.6608
vn 0.7150 0.2201 0.6636
vn 0.7937 -0.5640 -0.2281
vn 0.5821 0.3439 0.7368
vn 0.8393 -0.5219 -0.1523
vn 0.9061 -0.4231 0.0030
vn 0.9335 -0.3544 -0.0547
vn 0.5070 0.4011 0.7630
vn 0.9265 -0.3674 0.0810
vn 0.1135 -0.6689 -0.7346
vn 0.3537 0.5311 0.7699
vn 0.4269 0.4545 0.7818
vn 0.9381 -0.3082 0.1582
vn 0.2045 -0.6833 -0.7009
vn 0.2552 0.5477 0.7968
vn 0.9693 -0.1741 0.1735
vn 0.3019 -0.6703 -0.6780
vn 0.1653 0.5866 0.7928
vn 0.9342 -0.1814 0.3073
vn 0.3797 -0.6924 -0.6135
vn 0.0737 0.6199 0.7812
vn 0.9187 -0.1151 0.3777
vn 0.4622 -0.6870 -0.5608
vn 0.4757 -0.6530 -0.5893
vn 0.9219 0.0211 0.3868
vn 0.5402 -0.6749 -0.5026
vn 0.8945 -0.0477 0.4446
vn 0.6131 -0.6564 -0.4397
vn 0.8205 0.0879 0.5649
vn 0.7003 -0.5807 -0.4152
vn 0.7715 0.1547 0.6172
vn 0.7404 -0.6007 -0.3017
vn 0.5582 0.2997 0.7737
vn 0.8420 -0.5390 -0.0213
vn 0.8769 -0.4748 -0.0750
vn 0.4860 0.3624 0.7953
vn 0.8895 -0.4356 0.1380
vn 0.1098 -0.6758 -0.7288
vn 0.3282 0.4768 0.8154
vn 0.3427 0.5035 0.7931
vn 0.1971 -0.6970 -0.6894
vn 0.2442 0.5274 0.8137
vn 0.9406 -0.2460 0.2339
vn 0.9005 -0.3773 0.2160
vn 0.2935 -0.6912 -0.6604
vn 0.1579 0.5730 0.8042
vn 0.8966 -0.2506 0.3651
vn 0.3652 -0.7191 -0.5912
vn 0.8817 -0.1833 0.4347
vn 0.0700 0.6130 0.7870
vn 0.5192 -0.7136 -0.4703
vn 0.8267 -0.0440 0.5609
vn 0.8616 0.0202 0.5072
vn 0.5891 -0.7006 -0.4027
vn 0.7872 0.0265 0.6162
vn 0.6800 -0.6316 -0.3725
vn 0.7401 0.0969 0.6655
vn 0.7112 -0.6544 -0.2568
vn 0.7623 -0.6218 -0.1797
vn 0.6517 0.2833 0.7036
vn 0.6858 0.1663 0.7085
vn 0.8060 -0.5832 -0.1010
vn 0.1052 -0.6824 -0.7233
vn 0.3104 0.4513 0.8366
vn 0.4091 0.4217 0.8092
vn 0.8440 -0.5008 0.1922
vn 0.1880 -0.7101 -0.6786
vn 0.2307 0.5081 0.8299
vn 0.9029 -0.3155 0.2920
vn 0.8543 -0.4435 0.2710
vn 0.2825 -0.7115 -0.6434
vn 0.1487 0.5599 0.8151
vn 0.8504 -0.3167 0.4201
vn 0.3474 -0.7446 -0.5700
vn 0.8362 -0.2485 0.4890
vn 0.4224 -0.7512 -0.5072
vn 0.4443 -0.7198 -0.5333
vn 0.0653 0.6064 0.7925
vn 0.8583 -0.1142 0.5002
vn 0.4934 -0.7506 -0.4395
vn 0.7838 -0.1055 0.6120
vn 0.5596 -0.7428 -0.3676
vn 0.7462 -0.0321 0.6649
vn 0.6533 -0.6808 -0.3313
vn 0.7014 0.0416 0.7115
vn 0.6753 -0.7058 -0.2140
vn 0.7236 -0.6771 -0.1337
vn 0.6250 0.2341 0.7447
vn 0.6499 0.1149 0.7513
vn 0.5287 0.2575 0.8088
vn 0.7991 -0.6004 0.0298
vn 0.4601 0.3254 0.8261
vn 0.8699 -0.4897 0.0586
vn 0.2690 -0.7309 -0.6273
vn 0.1772 -0.7224 -0.6684
vn 0.1380 0.5476 0.8253
vn 0.7960 -0.3792 0.4718
vn 0.8565 -0.3819 0.3472
vn 0.2530 -0.7492 -0.6121
vn 0.0599 0.6001 0.7976
vn 0.7825 -0.3100 0.5399
vn 0.3264 -0.7688 -0.5500
vn 0.8139 -0.1778 0.5531
vn 0.4629 -0.7856 -0.4106
vn 0.7333 -0.1635 0.6600
vn 0.5248 -0.7827 -0.3346
vn 0.6204 -0.7278 -0.2922
vn 0.6559 -0.0106 0.7547
vn 0.6330 -0.7544 -0.1738
vn 0.6781 -0.7293 -0.0905
vn 0.5921 0.1871 0.7838
vn 0.6076 0.0663 0.7915
vn 0.7651 -0.6418 -0.0522
vn 0.4939 0.2176 0.8418
vn 0.7486 -0.6585 0.0778
vn 0.4297 0.2905 0.8550
vn 0.8255 -0.5533 0.1116
vn 0.3871 0.3902 0.8354
vn 0.7903 -0.5624 0.2432
vn 0.0997 -0.6887 -0.7182
vn 0.2894 0.4272 0.8566
vn 0.2147 0.4897 0.8450
vn 0.7999 -0.5060 0.3227
vn 0.3671 -0.8086 -0.4599
vn 0.3966 -0.7809 -0.4826
vn 0.0537 0.5943 0.8024
vn 0.7616 -0.2379 0.6028
vn 0.7213 -0.3674 0.5871
vn 0.4282 -0.8181 -0.3838
vn 0.6756 -0.2175 0.7044
vn 0.6429 -0.1391 0.7532
vn 0.6980 -0.0875 0.7108
vn 0.5817 -0.7723 -0.2554
vn 0.4852 -0.8198 -0.3041
vn 0.6040 -0.0593 0.7948
vn 0.5847 -0.7997 -0.1366
vn 0.6262 -0.7780 -0.0505
vn 0.5534 0.1426 0.8206
vn 0.5593 0.0211 0.8287
vn 0.7168 -0.6972 -0.0064
vn 0.4543 0.1804 0.8724
vn 0.6909 -0.7125 0.1223
vn 0.3949 0.2579 0.8818
vn 0.7732 -0.6134 0.1613
vn 0.3318 0.3329 0.8827
vn 0.3613 0.3606 0.8599
vn 0.7291 -0.6197 0.2904
vn 0.0935 -0.6945 -0.7134
vn 0.1650 -0.7339 -0.6589
vn 0.1965 0.4727 0.8590
vn 0.8018 -0.4447 0.3992
vn 0.7378 -0.5642 0.3706
vn 0.2348 -0.7663 -0.5981
vn 0.1257 0.5361 0.8348
vn 0.7339 -0.4374 0.5197
vn 0.3024 -0.7912 -0.5315
vn 0.4410 -0.8539 -0.2762
vn 0.6114 -0.2671 0.7449
vn 0.5375 -0.8137 -0.2214
vn 0.5462 -0.1039 0.8312
vn 0.5309 -0.8412 -0.1027
vn 0.5684 -0.8226 -0.0141
vn 0.5093 0.1012 0.8546
vn 0.5055 -0.0204 0.8626
vn 0.6618 -0.7489 0.0361
vn 0.4101 0.1463 0.9002
vn 0.6267 -0.7621 0.1627
vn 0.7134 -0.6693 0.2073
vn 0.3562 0.2281 0.9061
vn 0.6609 -0.6724 0.3333
vn 0.0866 -0.6998 -0.7090
vn 0.2387 0.3841 0.8919
vn 0.2654 0.4047 0.8751
vn 0.1513 -0.7445 -0.6503
vn 0.1763 0.4570 0.8718
vn 0.7394 -0.5032 0.4473
vn 0.6686 -0.6176 0.4142
vn 0.1120 0.5255 0.8434
vn 0.6647 -0.4908 0.5633
vn 0.2757 -0.8118 -0.5147
vn 0.0468 0.5890 0.8068
vn 0.6531 -0.4201 0.6301
vn 0.3342 -0.8339 -0.4392
vn 0.7018 -0.2939 0.6489
vn 0.3895 -0.8480 -0.3594
vn 0.4721 -0.8785 -0.0725
vn 0.4883 -0.8516 -0.1904
vn 0.4830 -0.1441 0.8637
vn 0.5052 -0.8628 0.0184
vn 0.4600 0.0632 0.8856
vn 0.4468 -0.0578 0.8928
vn 0.6004 -0.7962 0.0747
vn 0.3618 0.1157 0.9250
vn 0.5565 -0.8067 0.1988
vn 0.3139 0.2012 0.9279
vn 0.6469 -0.7207 0.2492
vn 0.2989 0.3076 0.9033
vn 0.5864 -0.7197 0.3716
vn 0.0790 -0.7047 -0.7051
vn 0.2630 0.2848 0.9218
vn 0.1364 -0.7540 -0.6426
vn 0.1541 0.4429 0.8832
vn 0.6699 -0.5569 0.4911
vn 0.5930 -0.6656 0.4531
vn 0.1924 -0.7960 -0.5739
vn 0.2145 -0.7819 -0.5853
vn 0.0971 0.5160 0.8510
vn 0.5891 -0.5389 0.6022
vn 0.5786 -0.4674 0.6684
vn 0.2983 -0.8567 -0.4207
vn 0.0392 0.5842 0.8107
vn 0.6353 -0.3452 0.6908
vn 0.3472 -0.8749 -0.3377
vn 0.5412 -0.3118 0.7810
vn 0.5816 -0.1864 0.7918
vn 0.3928 -0.8846 -0.2514
vn 0.5334 -0.8388 0.1092
vn 0.4063 0.0291 0.9133
vn 0.5742 -0.7669 0.2866
vn 0.2096 0.3656 0.9069
vn 0.5939 -0.6052 0.5302
vn 0.2465 -0.8304 -0.4997
vn 0.5626 -0.3915 0.7282
vn 0.5145 -0.2290 0.8263
vn 0.4345 -0.8858 -0.1627
vt 0.750000 0.968750
vt 0.750000 0.937500
vt 0.750000 0.906250
vt 0.750000 0.843750
vt 0.750000 0.656250
vt 0.750000 0.625000
vt 0.750000 0.593750
vt 0.750000 0.531250
vt 0.750000 0.500000
vt 0.750000 0.468750
vt 0.750000 0.406250
vt 0.750000 0.375000
vt 0.750000 0.343750
vt 0.750000 0.093750
vt 0.750000 0.031250
vt 0.734375 0.968750
vt 0.734375 0.937500
vt 0.734375 0.906250
vt 0.734375 0.875000
vt 0.734375 0.843750
vt 0.734375 0.812500
vt 0.734375 0.781250
vt 0.734375 0.750000
vt 0.734375 0.718750
vt 0.734375 0.687500
vt 0.734375 0.656250
vt 0.734375 0.625000
vt 0.734375 0.593750
vt 0.734375 0.562500
vt 0.734375 0.531250
vt 0.734375 0.500000
vt 0.734375 0.468750
vt 0.734375 0.437500
vt 0.734375 0.406250
vt 0.734375 0.375000
vt 0.734375 0.343750
vt 0.734375 0.312500
vt 0.734375 0.281250
vt 0.734375 0.250000
vt 0.734375 0.218750
vt 0.734375 0.187500
vt 0.734375 0.156250
vt 0.734375 0.125000
vt 0.734375 0.093750
vt 0.734375 0.062500
vt 0.734375 0.031250
vt 0.718750 0.968750
vt 0.718750 0.937500
vt 0.718750 0.906250
vt 0.718750 0.875000
vt 0.718750 0.843750
vt 0.718750 0.812500
vt 0.718750 0.781250
vt 0.718750 0.750000
vt 0.718750 0.718750
vt 0.718750 0.687500
vt 0.718750 0.656250
vt 0.718750 0.625000
vt 0.718750 0.593750
vt 0.718750 0.562500
vt 0.718750 0.531250
vt 0.718750 0.500000
vt 0.718750 0.468750
vt 0.718750 0.437500
vt 0.718750 0.406250
vt 0.718750 0.375000
vt 0.718750 0.343750
vt 0.718750 0.312500
vt 0.718750 0.281250
vt 0.718750 0.250000
vt 0.718750 0.218750
vt 0.718750 0.187500
vt 0.718750 0.156250
vt 0.718750 0.125000
vt 0.718750 0.093750
vt 0.718750 0.062500
vt 0.718750 0.031250
vt 0.703125 0.968750
vt 0.703125 0.937500
vt 0.703125 0.906250
vt 0.703125 0.875000
vt 0.703125 0.843750
vt 0.703125 0.812500
vt 0.703125 0.781250
vt 0.703125 0.750000
vt 0.703125 0.718750
vt 0.703125 0.687500
vt 0.703125 0.656250
vt 0.703125 0.625000
vt 0.703125 0.593750
vt 0.703125 0.562500
vt 0.703125 0.531250
vt 0.703125 0.500000
vt 0.703125 0.468750
vt 0.703125 0.437500
vt 0.703125 0.406250
vt 0.703125 0.375000
vt 0.703125 0.343750
vt 0.703125 0.312500
vt 0.703125 0.281250
vt 0.703125 0.250000
vt 0.703125 0.218750
vt 0.703125 0.187500
vt 0.703125 0.156250
vt 0.703125 0.125000
vt 0.703125 0.093750
vt 0.703125 0.062500
vt 0.703125 0.031250
vt 0.687500 0.968750
vt 0.687500 0.937500
vt 0.687500 0.906250
vt 0.687500 0.875000
vt 0.687500 0.843750
vt 0.687500 0.812500
vt 0.687500 0.781250
vt 0.687500 0.750000
vt 0.687500 0.718750
vt 0.687500 0.687500
vt 0.687500 0.656250
vt 0.687500 0.625000
vt 0.687500 0.593750
vt 0.687500 0.562500
vt 0.687500 0.531250
vt 0.687500 0.500000
vt 0.687500 0.468750
vt 0.687500 0.437500
vt 0.687500 0.406250
vt 0.687500 0.375000
vt 0.687500 0.343750
vt 0.687500 0.312500
vt 0.687500 0.281250
vt 0.687500 0.250000
vt 0.687500 0.218750
vt 0.687500 0.187500
vt 0.687500 0.156250
vt 0.687500 0.125000
vt 0.687500 0.093750
vt 0.687500 0.062500
vt 0.687500 0.031250
vt 0.671875 0.968750
vt 0.671875 0.937500
vt 0.671875 0.906250
vt 0.671875 0.875000
vt 0.671875 0.843750
vt 0.671875 0.812500
vt 0.671875 0.781250
vt 0.671875 0.750000
vt 0.671875 0.718750
vt 0.671875 0.687500
vt 0.671875 0.656250
vt 0.671875 0.625000
vt 0.671875 0.593750
vt 0.671875 0.562500
vt 0.671875 0.531250
vt 0.671875 0.500000
vt 0.671875 0.468750
vt 0.671875 0.437500
vt 0.671875 0.406250
vt 0.671875 0.375000
vt 0.671875 0.343750
vt 0.671875 0.312500
vt 0.671875 0.281250
vt 0.671875 0.250000
vt 0.671875 0.218750
vt 0.671875 0.187500
vt 0.671875 0.156250
vt 0.671875 0.125000
vt 0.671875 0.093750
vt 0.671875 0.062500
vt 0.671875 0.031250
vt 0.656250 0.968750
vt 0.656250 0.937500
vt 0.656250 0.906250
vt 0.656250 0.875000
vt 0.656250 0.843750
vt 0.656250 0.812500
vt 0.656250 0.781250
vt 0.656250 0.750000
vt 0.656250 0.718750
vt 0.656250 0.687500
vt 0.656250 0.656250
vt 0.656250 0.625000
vt 0.656250 0.593750
vt 0.656250 0.562500
vt 0.656250 0.531250
vt 0.656250 0.500000
vt 0.656250 0.468750
vt 0.656250 0.437500
vt 0.656250 0.406250
vt 0.656250 0.375000
vt 0.656250 0.343750
vt 0.656250 0.312500
vt 0.656250 0.281250
vt 0.656250 0.250000
vt 0.656250 0.218750
vt 0.656250 0.187500
vt 0.656250 0.156250
vt 0.656250 0.125000
vt 0.656250 0.093750
vt 0.656250 0.062500
vt 0.656250 0.031250
vt 0.640625 0.968750
vt 0.640625 0.937500
vt 0.640625 0.906250
vt 0.640625 0.875000
vt 0.640625 0.843750
vt 0.640625 0.812500
vt 0.640625 0.781250
vt 0.640625 0.750000
vt 0.640625 0.718750
vt 0.640625 0.687500
vt 0.640625 0.656250
vt 0.640625 0.625000
vt 0.640625 0.593750
vt 0.640625 0.562500
vt 0.640625 0.531250
vt 0.640625 0.500000
vt 0.640625 0.468750
vt 0.640625 0.437500
vt 0.640625 0.406250
vt 0.640625 0.375000
vt 0.640625 0.343750
vt 0.640625 0.312500
vt 0.640625 0.281250
vt 0.640625 0.250000
vt 0.640625 0.218750
vt 0.640625 0.187500
vt 0.640625 0.156250
vt 0.640625 0.125000
vt 0.640625 0.093750
vt 0.640625 0.062500
vt 0.640625 0.031250
vt 0.625000 0.968750
vt 0.625000 0.937500
vt 0.625000 0.906250
vt 0.625000 0.875000
vt 0.625000 0.843750
vt 0.625000 0.812500
vt 0.625000 0.781250
vt 0.625000 0.750000
vt 0.625000 0.718750
vt 0.625000 0.687500
vt 0.625000 0.656250
vt 0.625000 0.625000
vt 0.625000 0.593750
vt 0.625000 0.562500
vt 0.625000 0.531250
vt 0.625000 0.500000
vt 0.625000 0.468750
vt 0.625000 0.437500
vt 0.625000 0.406250
vt 0.625000 0.375000
vt 0.625000 0.343750
vt 0.625000 0.312500
vt 0.625000 0.281250
vt 0.625000 0.250000
vt 0.625000 0.218750
vt 0.625000 0.187500
vt 0.625000 0.156250
vt 0.625000 0.125000
vt 0.625000 0.093750
vt 0.625000 0.062500
vt 0.625000 0.031250
vt 0.609375 0.968750
vt 0.609375 0.937500
vt 0.609375 0.906250
vt 0.609375 0.875000
vt 0.609375 0.843750
vt 0.609375 0.812500
vt 0.609375 0.781250
vt 0.609375 0.750000
vt 0.609375 0.718750
vt 0.609375 0.687500
vt 0.609375 0.656250
vt 0.609375 0.625000
vt 0.609375 0.593750
vt 0.609375 0.562500
vt 0.609375 0.531250
vt 0.609375 0.500000
vt 0.609375 0.468750
vt 0.609375 0.437500
vt 0.609375 0.406250
vt 0.609375 0.375000
vt 0.609375 0.343750
vt 0.609375 0.312500
vt 0.609375 0.281250
vt 0.609375 0.250000
vt 0.609375 0.218750
vt 0.609375 0.187500
vt 0.609375 0.156250
vt 0.609375 0.125000
vt 0.609375 0.093750
vt 0.609375 0.062500
vt 0.609375 0.031250
vt 0.593750 0.968750
vt 0.593750 0.937500
vt 0.593750 0.906250
vt 0.593750 0.875000
vt 0.593750 0.843750
vt 0.593750 0.812500
vt 0.593750 0.781250
vt 0.593750 0.750000
vt 0.593750 0.718750
vt 0.593750 0.687500
vt 0.593750 0.656250
vt 0.593750 0.625000
vt 0.593750 0.593750
vt 0.593750 0.562500
vt 0.593750 0.531250
vt 0.593750 0.500000
vt 0.593750 0.468750
vt 0.593750 0.437500
vt 0.593750 0.406250
vt 0.593750 0.375000
vt 0.593750 0.343750
vt 0.593750 0.312500
vt 0.593750 0.281250
vt 0.593750 0.250000
vt 0.593750 0.218750
vt 0.593750 0.187500
vt 0.593750 0.156250
vt 0.593750 0.125000
vt 0.593750 0.093750
vt 0.593750 0.062500
vt 0.593750 0.031250
vt 0.578125 0.968750
vt 0.578125 0.937500
vt 0.578125 0.906250
vt 0.578125 0.875000
vt 0.578125 0.843750
vt 0.578125 0.812500
vt 0.578125 0.781250
vt 0.578125 0.750000
vt 0.578125 0.718750
vt 0.578125 0.687500
vt 0.578125 0.656250
vt 0.578125 0.625000
vt 0.578125 0.593750
vt 0.578125 0.562500
vt 0.578125 0.531250
vt 0.578125 0.500000
vt 0.578125 0.468750
vt 0.578125 0.437500
vt 0.578125 0.406250
vt 0.578125 0.375000
vt 0.578125 0.343750
vt 0.578125 0.312500
vt 0.578125 0.281250
vt 0.578125 0.250000
vt 0.578125 0.218750
vt 0.578125 0.187500
vt 0.578125 0.156250
vt 0.578125 0.125000
vt 0.578125 0.093750
vt 0.578125 0.062500
vt 0.578125 0.031250
vt 0.562500 0.968750
vt 0.562500 0.937500
vt 0.562500 0.906250
vt 0.562500 0.875000
vt 0.562500 0.843750
vt 0.562500 0.812500
vt 0.562500 0.781250
vt 0.562500 0.750000
vt 0.562500 0.718750
vt 0.562500 0.687500
vt 0.562500 0.656250
vt 0.562500 0.625000
vt 0.562500 0.593750
vt 0.562500 0.562500
vt 0.562500 0.531250
vt 0.562500 0.500000
vt 0.562500 0.468750
vt 0.562500 0.437500
vt 0.562500 0.406250
vt 0.562500 0.375000
vt 0.562500 0.343750
vt 0.562500 0.312500
vt 0.562500 0.281250
vt 0.562500 0.250000
vt 0.562500 0.218750
vt 0.562500 0.187500
vt 0.562500 0.156250
vt 0.562500 0.125000
vt 0.562500 0.093750
vt 0.562500 0.062500
vt 0.562500 0.031250
vt 0.546875 0.968750
vt 0.546875 0.937500
vt 0.546875 0.906250
vt 0.546875 0.875000
vt 0.546875 0.843750
vt 0.546875 0.812500
vt 0.546875 0.781250
vt 0.546875 0.750000
vt 0.546875 0.718750
vt 0.546875 0.687500
vt 0.546875 0.656250
vt 0.546875 0.625000
vt 0.546875 0.593750
vt 0.546875 0.562500
vt 0.546875 0.531250
vt 0.546875 0.500000
vt 0.546875 0.468750
vt 0.546875 0.437500
vt 0.546875 0.406250
vt 0.546875 0.375000
vt 0.546875 0.343750
vt 0.546875 0.312500
vt 0.546875 0.281250
vt 0.546875 0.250000
vt 0.546875 0.218750
vt 0.546875 0.187500
vt 0.546875 0.156250
vt 0.546875 0.125000
vt 0.546875 0.093750
vt 0.546875 0.062500
vt 0.546875 0.031250
vt 0.531250 0.968750
vt 0.531250 0.937500
vt 0.531250 0.906250
vt 0.531250 0.875000
vt 0.531250 0.843750
vt 0.531250 0.812500
vt 0.531250 0.781250
vt 0.531250 0.750000
vt 0.531250 0.718750
vt 0.531250 0.687500
vt 0.531250 0.656250
vt 0.531250 0.625000
vt 0.531250 0.593750
vt 0.531250 0.562500
vt 0.531250 0.531250
vt 0.531250 0.500000
vt 0.531250 0.468750
vt 0.531250 0.437500
vt 0.531250 0.406250
vt 0.531250 0.375000
vt 0.531250 0.343750
vt 0.531250 0.312500
vt 0.531250 0.281250
vt 0.531250 0.250000
vt 0.531250 0.218750
vt 0.531250 0.187500
vt 0.531250 0.156250
vt 0.531250 0.125000
vt 0.531250 0.093750
vt 0.531250 0.062500
vt 0.531250 0.031250
vt 0.515625 0.968750
vt 0.515625 0.937500
vt 0.515625 0.906250
vt 0.515625 0.875000
vt 0.515625 0.843750
vt 0.515625 0.812500
vt 0.515625 0.781250
vt 0.515625 0.750000
vt 0.515625 0.718750
vt 0.515625 0.687500
vt 0.515625 0.656250
vt 0.515625 0.625000
vt 0.515625 0.593750
vt 0.515625 0.562500
vt 0.515625 0.531250
vt 0.515625 0.500000
vt 0.515625 0.468750
vt 0.515625 0.437500
vt 0.515625 0.406250
vt 0.515625 0.375000
vt 0.515625 0.343750
vt 0.515625 0.312500
vt 0.515625 0.281250
vt 0.515625 0.250000
vt 0.515625 0.218750
vt 0.515625 0.187500
vt 0.515625 0.156250
vt 0.515625 0.125000
vt 0.515625 0.093750
vt 0.515625 0.062500
vt 0.515625 0.031250
vt 0.500000 0.968750
vt 0.500000 0.937500
vt 0.500000 0.906250
vt 0.500000 0.875000
vt 0.500000 0.843750
vt 0.500000 0.812500
vt 0.500000 0.781250
vt 0.500000 0.750000
vt 0.500000 0.718750
vt 0.500000 0.687500
vt 0.500000 0.656250
vt 0.500000 0.625000
vt 0.500000 0.593750
vt 0.500000 0.562500
vt 0.500000 0.531250
vt 0.500000 0.500000
vt 0.500000 0.468750
vt 0.500000 0.437500
vt 0.500000 0.406250
vt 0.500000 0.375000
vt 0.500000 0.343750
vt 0.500000 0.312500
vt 0.500000 0.281250
vt 0.500000 0.250000
vt 0.500000 0.218750
vt 0.500000 0.187500
vt 0.500000 0.156250
vt 0.500000 0.125000
vt 0.500000 0.093750
vt 0.500000 0.062500
vt 0.500000 0.031250
vt 0.484375 0.968750
vt 0.484375 0.937500
vt 0.484375 0.906250
vt 0.484375 0.875000
vt 0.484375 0.843750
vt 0.484375 0.812500
vt 0.484375 0.781250
vt 0.484375 0.750000
vt 0.484375 0.718750
vt 0.484375 0.687500
vt 0.484375 0.656250
vt 0.484375 0.625000
vt 0.484375 0.593750
vt 0.484375 0.562500
vt 0.484375 0.531250
vt 0.484375 0.500000
vt 0.484375 0.468750
vt 0.484375 0.437500
vt 0.484375 0.406250
vt 0.484375 0.375000
vt 0.484375 0.343750
vt 0.484375 0.312500
vt 0.484375 0.281250
vt 0.484375 0.250000
vt 0.484375 0.218750
vt 0.484375 0.187500
vt 0.484375 0.156250
vt 0.484375 0.125000
vt 0.484375 0.093750
vt 0.484375 0.062500
vt 0.484375 0.031250
vt 0.468750 0.968750
vt 0.468750 0.937500
vt 0.468750 0.906250
vt 0.468750 0.875000
vt 0.468750 0.843750
vt 0.468750 0.812500
vt 0.468750 0.781250
vt 0.468750 0.750000
vt 0.468750 0.718750
vt 0.468750 0.687500
vt 0.468750 0.656250
vt 0.468750 0.625000
vt 0.468750 0.593750
vt 0.468750 0.562500
vt 0.468750 0.531250
vt 0.468750 0.500000
vt 0.468750 0.468750
vt 0.468750 0.437500
vt 0.468750 0.406250
vt 0.468750 0.375000
vt 0.468750 0.343750
vt 0.468750 0.312500
vt 0.468750 0.281250
vt 0.468750 0.250000
vt 0.468750 0.218750
vt 0.468750 0.187500
vt 0.468750 0.156250
vt 0.468750 0.125000
vt 0.468750 0.093750
vt 0.468750 0.062500
vt 0.468750 0.031250
vt 0.453125 0.968750
vt 0.453125 0.937500
vt 0.453125 0.906250
vt 0.453125 0.875000
vt 0.453125 0.843750
vt 0.453125 0.812500
vt 0.453125 0.781250
vt 0.453125 0.750000
vt 0.453125 0.718750
vt 0.453125 0.687500
vt 0.453125 0.656250
vt 0.453125 0.625000
vt 0.453125 0.593750
vt 0.453125 0.562500
vt 0.453125 0.531250
vt 0.453125 0.500000
vt 0.453125 0.468750
vt 0.453125 0.437500
vt 0.453125 0.406250
vt 0.453125 0.375000
vt 0.453125 0.343750
vt 0.453125 0.312500
vt 0.453125 0.281250
vt 0.453125 0.250000
vt 0.453125 0.218750
vt 0.453125 0.187500
vt 0.453125 0.156250
vt 0.453125 0.125000
vt 0.453125 0.093750
vt 0.453125 0.062500
vt 0.453125 0.031250
vt 0.437500 0.968750
vt 0.437500 0.937500
vt 0.437500 0.906250
vt 0.437500 0.875000
vt 0.437500 0.843750
vt 0.437500 0.812500
vt 0.437500 0.781250
vt 0.437500 0.750000
vt 0.437500 0.718750
vt 0.437500 0.687500
vt 0.437500 0.656250
vt 0.437500 0.625000
vt 0.437500 0.593750
vt 0.437500 0.562500
vt 0.437500 0.531250
vt 0.437500 0.500000
vt 0.437500 0.468750
vt 0.437500 0.437500
vt 0.437500 0.406250
vt 0.437500 0.375000
vt 0.437500 0.343750
vt 0.437500 0.312500
vt 0.437500 0.281250
vt 0.437500 0.250000
vt 0.437500 0.218750
vt 0.437500 0.187500
vt 0.437500 0.156250
vt 0.437500 0.125000
vt 0.437500 0.093750
vt 0.437500 0.062500
vt 0.437500 0.031250
vt 0.421875 0.968750
vt 0.421875 0.937500
vt 0.421875 0.906250
vt 0.421875 0.875000
vt 0.421875 0.843750
vt 0.421875 0.812500
vt 0.421875 0.781250
vt 0.421875 0.750000
vt 0.421875 0.718750
vt 0.421875 0.687500
vt 0.421875 0.656250
vt 0.421875 0.625000
vt 0.421875 0.593750
vt 0.421875 0.562500
vt 0.421875 0.531250
vt 0.421875 0.500000
vt 0.421875 0.468750
vt 0.421875 0.437500
vt 0.421875 0.406250
vt 0.421875 0.375000
vt 0.421875 0.343750
vt 0.421875 0.312500
vt 0.421875 0.281250
vt 0.421875 0.250000
vt 0.421875 0.218750
vt 0.421875 0.187500
vt 0.421875 0.156250
vt 0.421875 0.125000
vt 0.421875 0.093750
vt 0.421875 0.062500
vt 0.421875 0.031250
vt 0.406250 0.968750
vt 0.406250 0.937500
vt 0.406250 0.906250
vt 0.406250 0.875000
vt 0.406250 0.843750
vt 0.406250 0.812500
vt 0.406250 0.781250
vt 0.406250 0.750000
vt 0.406250 0.718750
vt 0.406250 0.687500
vt 0.406250 0.656250
vt 0.406250 0.625000
vt 0.406250 0.593750
vt 0.406250 0.562500
vt 0.406250 0.531250
vt 0.406250 0.500000
vt 0.406250 0.468750
vt 0.406250 0.437500
vt 0.406250 0.406250
vt 0.406250 0.375000
vt 0.406250 0.343750
vt 0.406250 0.312500
vt 0.406250 0.281250
vt 0.406250 0.250000
vt 0.406250 0.218750
vt 0.406250 0.187500
vt 0.406250 0.156250
vt 0.406250 0.125000
vt 0.406250 0.093750
vt 0.406250 0.062500
vt 0.406250 0.031250
vt 0.390625 0.968750
vt 0.390625 0.937500
vt 0.390625 0.906250
vt 0.390625 0.875000
vt 0.390625 0.843750
vt 0.390625 0.812500
vt 0.390625 0.781250
vt 0.390625 0.750000
vt 0.390625 0.718750
vt 0.390625 0.687500
vt 0.390625 0.656250
vt 0.390625 0.625000
vt 0.390625 0.593750
vt 0.390625 0.562500
vt 0.390625 0.531250
vt 0.390625 0.500000
vt 0.390625 0.468750
vt 0.390625 0.437500
vt 0.390625 0.406250
vt 0.390625 0.375000
vt 0.390625 0.343750
vt 0.390625 0.312500
vt 0.390625 0.281250
vt 0.390625 0.250000
vt 0.390625 0.218750
vt 0.390625 0.187500
vt 0.390625 0.156250
vt 0.390625 0.125000
vt 0.390625 0.093750
vt 0.390625 0.062500
vt 0.390625 0.031250
vt 0.375000 0.968750
vt 0.375000 0.937500
vt 0.375000 0.906250
vt 0.375000 0.875000
vt 0.375000 0.843750
vt 0.375000 0.812500
vt 0.375000 0.781250
vt 0.375000 0.750000
vt 0.375000 0.718750
vt 0.375000 0.687500
vt 0.375000 0.656250
vt 0.375000 0.625000
vt 0.375000 0.593750
vt 0.375000 0.562500
vt 0.375000 0.531250
vt 0.375000 0.500000
vt 0.375000 0.468750
vt 0.375000 0.437500
vt 0.375000 0.406250
vt 0.375000 0.375000
vt 0.375000 0.343750
vt 0.375000 0.312500
vt 0.375000 0.281250
vt 0.375000 0.250000
vt 0.375000 0.218750
vt 0.375000 0.187500
vt 0.375000 0.156250
vt 0.375000 0.125000
vt 0.375000 0.093750
vt 0.375000 0.062500
vt 0.375000 0.031250
vt 0.359375 0.968750
vt 0.359375 0.937500
vt 0.359375 0.906250
vt 0.359375 0.875000
vt 0.359375 0.843750
vt 0.359375 0.812500
vt 0.359375 0.781250
vt 0.359375 0.750000
vt 0.359375 0.718750
vt 0.359375 0.687500
vt 0.359375 0.656250
vt 0.359375 0.625000
vt 0.359375 0.593750
vt 0.359375 0.562500
vt 0.359375 0.531250
vt 0.359375 0.500000
vt 0.359375 0.468750
vt 0.359375 0.437500
vt 0.359375 0.406250
vt 0.359375 0.375000
vt 0.359375 0.343750
vt 0.359375 0.312500
vt 0.359375 0.281250
vt 0.359375 0.250000
vt 0.359375 0.218750
vt 0.359375 0.187500
vt 0.359375 0.156250
vt 0.359375 0.125000
vt 0.359375 0.093750
vt 0.359375 0.062500
vt 0.359375 0.031250
vt 0.343750 0.968750
vt 0.343750 0.937500
vt 0.343750 0.906250
vt 0.343750 0.875000
vt 0.343750 0.843750
vt 0.343750 0.812500
vt 0.343750 0.781250
vt 0.343750 0.750000
vt 0.343750 0.718750
vt 0.343750 0.687500
vt 0.343750 0.656250
vt 0.343750 0.625000
vt 0.343750 0.593750
vt 0.343750 0.562500
vt 0.343750 0.531250
vt 0.343750 0.500000
vt 0.343750 0.468750
vt 0.343750 0.437500
vt 0.343750 0.406250
vt 0.343750 0.375000
vt 0.343750 0.343750
vt 0.343750 0.312500
vt 0.343750 0.281250
vt 0.343750 0.250000
vt 0.343750 0.218750
vt 0.343750 0.187500
vt 0.343750 0.156250
vt 0.343750 0.125000
vt 0.343750 0.093750
vt 0.343750 0.062500
vt 0.343750 0.031250
vt 0.328125 0.968750
vt 0.328125 0.937500
vt 0.328125 0.906250
vt 0.328125 0.875000
vt 0.328125 0.843750
vt 0.328125 0.812500
vt 0.328125 0.781250
vt 0.328125 0.750000
vt 0.328125 0.718750
vt 0.328125 0.687500
vt 0.328125 0.656250
vt 0.328125 0.625000
vt 0.328125 0.593750
vt 0.328125 0.562500
vt 0.328125 0.531250
vt 0.328125 0.500000
vt 0.328125 0.468750
vt 0.328125 0.437500
vt 0.328125 0.406250
vt 0.328125 0.375000
vt 0.328125 0.343750
vt 0.328125 0.312500
vt 0.328125 0.281250
vt 0.328125 0.250000
vt 0.328125 0.218750
vt 0.328125 0.187500
vt 0.328125 0.156250
vt 0.328125 0.125000
vt 0.328125 0.093750
vt 0.328125 0.062500
vt 0.328125 0.031250
vt 0.312500 0.968750
vt 0.312500 0.937500
vt 0.312500 0.906250
vt 0.312500 0.875000
vt 0.312500 0.843750
vt 0.312500 0.812500
vt 0.312500 0.781250
vt 0.312500 0.750000
vt 0.312500 0.718750
vt 0.312500 0.687500
vt 0.312500 0.656250
vt 0.312500 0.625000
vt 0.312500 0.593750
vt 0.312500 0.562500
vt 0.312500 0.531250
vt 0.312500 0.500000
vt 0.312500 0.468750
vt 0.312500 0.437500
vt 0.312500 0.406250
vt 0.312500 0.375000
vt 0.312500 0.343750
vt 0.312500 0.312500
vt 0.312500 0.281250
vt 0.312500 0.250000
vt 0.312500 0.218750
vt 0.312500 0.187500
vt 0.312500 0.156250
vt 0.312500 0.125000
vt 0.312500 0.093750
vt 0.312500 0.062500
vt 0.312500 0.031250
vt 0.296875 0.968750
vt 0.296875 0.937500
vt 0.296875 0.906250
vt 0.296875 0.875000
vt 0.296875 0.843750
vt 0.296875 0.812500
vt 0.296875 0.781250
vt 0.296875 0.750000
vt 0.296875 0.718750
vt 0.296875 0.687500
vt 0.296875 0.656250
vt 0.296875 0.625000
vt 0.296875 0.593750
vt 0.296875 0.562500
vt 0.296875 0.531250
vt 0.296875 0.500000
vt 0.296875 0.468750
vt 0.296875 0.437500
vt 0.296875 0.406250
vt 0.296875 0.375000
vt 0.296875 0.343750
vt 0.296875 0.312500
vt 0.296875 0.281250
vt 0.296875 0.250000
vt 0.296875 0.218750
vt 0.296875 0.187500
vt 0.296875 0.156250
vt 0.296875 0.125000
vt 0.296875 0.093750
vt 0.296875 0.062500
vt 0.296875 0.031250
vt 0.281250 0.968750
vt 0.281250 0.937500
vt 0.281250 0.906250
vt 0.281250 0.875000
vt 0.281250 0.843750
vt 0.281250 0.812500
vt 0.281250 0.781250
vt 0.281250 0.750000
vt 0.281250 0.718750
vt 0.281250 0.687500
vt 0.281250 0.656250
vt 0.281250 0.625000
vt 0.281250 0.593750
vt 0.281250 0.562500
vt 0.281250 0.531250
vt 0.281250 0.500000
vt 0.281250 0.468750
vt 0.281250 0.437500
vt 0.281250 0.406250
vt 0.281250 0.375000
vt 0.281250 0.343750
vt 0.281250 0.312500
vt 0.281250 0.281250
vt 0.281250 0.250000
vt 0.281250 0.218750
vt 0.281250 0.187500
vt 0.281250 0.156250
vt 0.281250 0.125000
vt 0.281250 0.093750
vt 0.281250 0.062500
vt 0.281250 0.031250
vt 0.265625 0.968750
vt 0.265625 0.937500
vt 0.265625 0.906250
vt 0.265625 0.875000
vt 0.265625 0.843750
vt 0.265625 0.812500
vt 0.265625 0.781250
vt 0.265625 0.750000
vt 0.265625 0.718750
vt 0.265625 0.687500
vt 0.265625 0.656250
vt 0.265625 0.625000
vt 0.265625 0.593750
vt 0.265625 0.562500
vt 0.265625 0.531250
vt 0.265625 0.500000
vt 0.265625 0.468750
vt 0.265625 0.437500
vt 0.265625 0.406250
vt 0.265625 0.375000
vt 0.265625 0.343750
vt 0.265625 0.312500
vt 0.265625 0.281250
vt 0.265625 0.250000
vt 0.265625 0.218750
vt 0.265625 0.187500
vt 0.265625 0.156250
vt 0.265625 0.125000
vt 0.265625 0.093750
vt 0.265625 0.062500
vt 0.265625 0.031250
vt 0.250000 0.968750
vt 0.250000 0.937500
vt 0.250000 0.906250
vt 0.250000 0.875000
vt 0.250000 0.843750
vt 0.250000 0.812500
vt 0.250000 0.781250
vt 0.250000 0.750000
vt 0.250000 0.718750
vt 0.250000 0.687500
vt 0.250000 0.656250
vt 0.250000 0.625000
vt 0.250000 0.593750
vt 0.250000 0.562500
vt 0.250000 0.531250
vt 0.250000 0.500000
vt 0.250000 0.468750
vt 0.250000 0.437500
vt 0.250000 0.406250
vt 0.250000 0.375000
vt 0.250000 0.343750
vt 0.250000 0.312500
vt 0.250000 0.281250
vt 0.250000 0.250000
vt 0.250000 0.218750
vt 0.250000 0.187500
vt 0.250000 0.156250
vt 0.250000 0.125000
vt 0.250000 0.093750
vt 0.250000 0.062500
vt 0.250000 0.031250
vt 0.234375 0.968750
vt 0.234375 0.937500
vt 0.234375 0.906250
vt 0.234375 0.875000
vt 0.234375 0.843750
vt 0.234375 0.812500
vt 0.234375 0.781250
vt 0.234375 0.750000
vt 0.234375 0.718750
vt 0.234375 0.687500
vt 0.234375 0.656250
vt 0.234375 0.625000
vt 0.234375 0.593750
vt 0.234375 0.562500
vt 0.234375 0.531250
vt 0.234375 0.500000
vt 0.234375 0.468750
vt 0.234375 0.437500
vt 0.234375 0.406250
vt 0.234375 0.375000
vt 0.234375 0.343750
vt 0.234375 0.312500
vt 0.234375 0.281250
vt 0.234375 0.250000
vt 0.234375 0.218750
vt 0.234375 0.187500
vt 0.234375 0.156250
vt 0.234375 0.125000
vt 0.234375 0.093750
vt 0.234375 0.062500
vt 0.234375 0.031250
vt 0.742188 1.000000
vt 0.726562 1.000000
vt 0.710938 1.000000
vt 0.695312 1.000000
vt 0.679688 1.000000
vt 0.664062 1.000000
vt 0.648438 1.000000
vt 0.632812 1.000000
vt 0.617188 1.000000
vt 0.601562 1.000000
vt 0.585938 1.000000
vt 0.570312 1.000000
vt 0.554688 1.000000
vt 0.539062 1.000000
vt 0.523438 1.000000
vt 0.507812 1.000000
vt 0.492188 1.000000
vt 0.476562 1.000000
vt 0.460938 1.000000
vt 0.445312 1.000000
vt 0.429688 1.000000
vt 0.414062 1.000000
vt 0.398437 1.000000
vt 0.382812 1.000000
vt 0.367188 1.000000
vt 0.351562 1.000000
vt 0.335937 1.000000
vt 0.320312 1.000000
vt 0.304688 1.000000
vt 0.289062 1.000000
vt 0.273438 1.000000
vt 0.257812 1.000000
vt 0.242187 1.000000
vt 0.226562 1.000000
vt 0.210938 1.000000
vt 0.195312 1.000000
vt 0.179687 1.000000
vt 0.164062 1.000000
vt 0.148437 1.000000
vt 0.132812 1.000000
vt 0.117188 1.000000
vt 0.101562 1.000000
vt 0.085937 1.000000
vt 0.070312 1.000000
vt 0.054688 1.000000
vt 0.039062 1.000000
vt 0.023438 1.000000
vt 0.007812 1.000000
vt 0.992188 1.000000
vt 0.976562 1.000000
vt 0.960938 1.000000
vt 0.945312 1.000000
vt 0.929687 1.000000
vt 0.914062 1.000000
vt 0.898438 1.000000
vt 0.882812 1.000000
vt 0.867188 1.000000
vt 0.851562 1.000000
vt 0.835938 1.000000
vt 0.820312 1.000000
vt 0.804688 1.000000
vt 0.789062 1.000000
vt 0.773438 1.000000
vt 0.757812 1.000000
vt 0.218750 0.968750
vt 0.218750 0.937500
vt 0.218750 0.906250
vt 0.218750 0.875000
vt 0.218750 0.843750
vt 0.218750 0.812500
vt 0.218750 0.781250
vt 0.218750 0.750000
vt 0.218750 0.718750
vt 0.218750 0.687500
vt 0.218750 0.656250
vt 0.218750 0.625000
vt 0.218750 0.593750
vt 0.218750 0.562500
vt 0.218750 0.531250
vt 0.218750 0.500000
vt 0.218750 0.468750
vt 0.218750 0.437500
vt 0.218750 0.406250
vt 0.218750 0.375000
vt 0.218750 0.343750
vt 0.218750 0.312500
vt 0.218750 0.281250
vt 0.218750 0.250000
vt 0.218750 0.218750
vt 0.218750 0.187500
vt 0.218750 0.156250
vt 0.218750 0.125000
vt 0.218750 0.093750
vt 0.218750 0.062500
vt 0.218750 0.031250
vt 0.203125 0.968750
vt 0.203125 0.937500
vt 0.203125 0.906250
vt 0.203125 0.875000
vt 0.203125 0.843750
vt 0.203125 0.812500
vt 0.203125 0.781250
vt 0.203125 0.750000
vt 0.203125 0.718750
vt 0.203125 0.687500
vt 0.203125 0.656250
vt 0.203125 0.625000
vt 0.203125 0.593750
vt 0.203125 0.562500
vt 0.203125 0.531250
vt 0.203125 0.500000
vt 0.203125 0.468750
vt 0.203125 0.437500
vt 0.203125 0.406250
vt 0.203125 0.375000
vt 0.203125 0.343750
vt 0.203125 0.312500
vt 0.203125 0.281250
vt 0.203125 0.250000
vt 0.203125 0.218750
vt 0.203125 0.187500
vt 0.203125 0.156250
vt 0.203125 0.125000
vt 0.203125 0.093750
vt 0.203125 0.062500
vt 0.203125 0.031250
vt 0.187500 0.968750
vt 0.187500 0.937500
vt 0.187500 0.906250
vt 0.187500 0.875000
vt 0.187500 0.843750
vt 0.187500 0.812500
vt 0.187500 0.781250
vt 0.187500 0.750000
vt 0.187500 0.718750
vt 0.187500 0.687500
vt 0.187500 0.656250
vt 0.187500 0.625000
vt 0.187500 0.593750
vt 0.187500 0.562500
vt 0.187500 0.531250
vt 0.187500 0.500000
vt 0.187500 0.468750
vt 0.187500 0.437500
vt 0.187500 0.406250
vt 0.187500 0.375000
vt 0.187500 0.343750
vt 0.187500 0.312500
vt 0.187500 0.281250
vt 0.187500 0.250000
vt 0.187500 0.218750
vt 0.187500 0.187500
vt 0.187500 0.156250
vt 0.187500 0.125000
vt 0.187500 0.093750
vt 0.187500 0.062500
vt 0.187500 0.031250
vt 0.171875 0.968750
vt 0.171875 0.937500
vt 0.171875 0.906250
vt 0.171875 0.875000
vt 0.171875 0.843750
vt 0.171875 0.812500
vt 0.171875 0.781250
vt 0.171875 0.750000
vt 0.171875 0.718750
vt 0.171875 0.687500
vt 0.171875 0.656250
vt 0.171875 0.625000
vt 0.171875 0.593750
vt 0.171875 0.562500
vt 0.171875 0.531250
vt 0.171875 0.500000
vt 0.171875 0.468750
vt 0.171875 0.437500
vt 0.171875 0.406250
vt 0.171875 0.375000
vt 0.171875 0.343750
vt 0.171875 0.312500
vt 0.171875 0.281250
vt 0.171875 0.250000
vt 0.171875 0.218750
vt 0.171875 0.187500
vt 0.171875 0.156250
vt 0.171875 0.125000
vt 0.171875 0.093750
vt 0.171875 0.062500
vt 0.171875 0.031250
vt 0.156250 0.968750
vt 0.156250 0.937500
vt 0.156250 0.906250
vt 0.156250 0.875000
vt 0.156250 0.843750
vt 0.156250 0.812500
vt 0.156250 0.781250
vt 0.156250 0.750000
vt 0.156250 0.718750
vt 0.156250 0.687500
vt 0.156250 0.656250
vt 0.156250 0.625000
vt 0.156250 0.593750
vt 0.156250 0.562500
vt 0.156250 0.531250
vt 0.156250 0.500000
vt 0.156250 0.468750
vt 0.156250 0.437500
vt 0.156250 0.406250
vt 0.156250 0.375000
vt 0.156250 0.343750
vt 0.156250 0.312500
vt 0.156250 0.281250
vt 0.156250 0.250000
vt 0.156250 0.218750
vt 0.156250 0.187500
vt 0.156250 0.156250
vt 0.156250 0.125000
vt 0.156250 0.093750
vt 0.156250 0.062500
vt 0.156250 0.031250
vt 0.140625 0.968750
vt 0.140625 0.937500
vt 0.140625 0.906250
vt 0.140625 0.875000
vt 0.140625 0.843750
vt 0.140625 0.812500
vt 0.140625 0.781250
vt 0.140625 0.750000
vt 0.140625 0.718750
vt 0.140625 0.687500
vt 0.140625 0.656250
vt 0.140625 0.625000
vt 0.140625 0.593750
vt 0.140625 0.562500
vt 0.140625 0.531250
vt 0.140625 0.500000
vt 0.140625 0.468750
vt 0.140625 0.437500
vt 0.140625 0.406250
vt 0.140625 0.375000
vt 0.140625 0.343750
vt 0.140625 0.312500
vt 0.140625 0.281250
vt 0.140625 0.250000
vt 0.140625 0.218750
vt 0.140625 0.187500
vt 0.140625 0.156250
vt 0.140625 0.125000
vt 0.140625 0.093750
vt 0.140625 0.062500
vt 0.140625 0.031250
vt 0.742188 0.000000
vt 0.726562 0.000000
vt 0.710938 0.000000
vt 0.695312 0.000000
vt 0.679688 0.000000
vt 0.664062 0.000000
vt 0.648438 0.000000
vt 0.632812 0.000000
vt 0.617188 0.000000
vt 0.601562 0.000000
vt 0.585938 0.000000
vt 0.570312 0.000000
vt 0.554688 0.000000
vt 0.539062 0.000000
vt 0.523438 0.000000
vt 0.507812 0.000000
vt 0.492188 0.000000
vt 0.476562 0.000000
vt 0.460938 0.000000
vt 0.445312 0.000000
vt 0.429688 0.000000
vt 0.414062 0.000000
vt 0.398437 0.000000
vt 0.382812 0.000000
vt 0.367188 0.000000
vt 0.351562 0.000000
vt 0.335937 0.000000
vt 0.320312 0.000000
vt 0.304688 0.000000
vt 0.289062 0.000000
vt 0.273438 0.000000
vt 0.257812 0.000000
vt 0.242187 0.000000
vt 0.226562 0.000000
vt 0.210938 0.000000
vt 0.195312 0.000000
vt 0.179687 0.000000
vt 0.164062 0.000000
vt 0.148437 0.000000
vt 0.132812 0.000000
vt 0.117188 0.000000
vt 0.101562 0.000000
vt 0.085937 0.000000
vt 0.070312 0.000000
vt 0.054688 0.000000
vt 0.039062 0.000000
vt 0.023438 0.000000
vt 0.007812 0.000000
vt 0.992188 0.000000
vt 0.976562 0.000000
vt 0.960938 0.000000
vt 0.945312 0.000000
vt 0.929687 0.000000
vt 0.914062 0.000000
vt 0.898438 0.000000
vt 0.882812 0.000000
vt 0.867188 0.000000
vt 0.851562 0.000000
vt 0.835938 0.000000
vt 0.820312 0.000000
vt 0.804688 0.000000
vt 0.789062 0.000000
vt 0.773438 0.000000
vt 0.757812 0.000000
vt 0.125000 0.968750
vt 0.125000 0.937500
vt 0.125000 0.906250
vt 0.125000 0.875000
vt 0.125000 0.843750
vt 0.125000 0.812500
vt 0.125000 0.781250
vt 0.125000 0.750000
vt 0.125000 0.718750
vt 0.125000 0.687500
vt 0.125000 0.656250
vt 0.125000 0.625000
vt 0.125000 0.593750
vt 0.125000 0.562500
vt 0.125000 0.531250
vt 0.125000 0.500000
vt 0.125000 0.468750
vt 0.125000 0.437500
vt 0.125000 0.406250
vt 0.125000 0.375000
vt 0.125000 0.343750
vt 0.125000 0.312500
vt 0.125000 0.281250
vt 0.125000 0.250000
vt 0.125000 0.218750
vt 0.125000 0.187500
vt 0.125000 0.156250
vt 0.125000 0.125000
vt 0.125000 0.093750
vt 0.125000 0.062500
vt 0.125000 0.031250
vt 0.109375 0.968750
vt 0.109375 0.937500
vt 0.109375 0.906250
vt 0.109375 0.875000
vt 0.109375 0.843750
vt 0.109375 0.812500
vt 0.109375 0.781250
vt 0.109375 0.750000
vt 0.109375 0.718750
vt 0.109375 0.687500
vt 0.109375 0.656250
vt 0.109375 0.625000
vt 0.109375 0.593750
vt 0.109375 0.562500
vt 0.109375 0.531250
vt 0.109375 0.500000
vt 0.109375 0.468750
vt 0.109375 0.437500
vt 0.109375 0.406250
vt 0.109375 0.375000
vt 0.109375 0.343750
vt 0.109375 0.312500
vt 0.109375 0.281250
vt 0.109375 0.250000
vt 0.109375 0.218750
vt 0.109375 0.187500
vt 0.109375 0.156250
vt 0.109375 0.125000
vt 0.109375 0.093750
vt 0.109375 0.062500
vt 0.109375 0.031250
vt 0.093750 0.968750
vt 0.093750 0.937500
vt 0.093750 0.906250
vt 0.093750 0.875000
vt 0.093750 0.843750
vt 0.093750 0.812500
vt 0.093750 0.781250
vt 0.093750 0.750000
vt 0.093750 0.718750
vt 0.093750 0.687500
vt 0.093750 0.656250
vt 0.093750 0.625000
vt 0.093750 0.593750
vt 0.093750 0.562500
vt 0.093750 0.531250
vt 0.093750 0.500000
vt 0.093750 0.468750
vt 0.093750 0.437500
vt 0.093750 0.406250
vt 0.093750 0.375000
vt 0.093750 0.343750
vt 0.093750 0.312500
vt 0.093750 0.281250
vt 0.093750 0.250000
vt 0.093750 0.218750
vt 0.093750 0.187500
vt 0.093750 0.156250
vt 0.093750 0.125000
vt 0.093750 0.093750
vt 0.093750 0.062500
vt 0.093750 0.031250
vt 0.078125 0.968750
vt 0.078125 0.937500
vt 0.078125 0.906250
vt 0.078125 0.875000
vt 0.078125 0.843750
vt 0.078125 0.812500
vt 0.078125 0.781250
vt 0.078125 0.750000
vt 0.078125 0.718750
vt 0.078125 0.687500
vt 0.078125 0.656250
vt 0.078125 0.625000
vt 0.078125 0.593750
vt 0.078125 0.562500
vt 0.078125 0.531250
vt 0.078125 0.500000
vt 0.078125 0.468750
vt 0.078125 0.437500
vt 0.078125 0.406250
vt 0.078125 0.375000
vt 0.078125 0.343750
vt 0.078125 0.312500
vt 0.078125 0.281250
vt 0.078125 0.250000
vt 0.078125 0.218750
vt 0.078125 0.187500
vt 0.078125 0.156250
vt 0.078125 0.125000
vt 0.078125 0.093750
vt 0.078125 0.062500
vt 0.078125 0.031250
vt 0.062500 0.968750
vt 0.062500 0.937500
vt 0.062500 0.906250
vt 0.062500 0.875000
vt 0.062500 0.843750
vt 0.062500 0.812500
vt 0.062500 0.781250
vt 0.062500 0.750000
vt 0.062500 0.718750
vt 0.062500 0.687500
vt 0.062500 0.656250
vt 0.062500 0.625000
vt 0.062500 0.593750
vt 0.062500 0.562500
vt 0.062500 0.531250
vt 0.062500 0.500000
vt 0.062500 0.468750
vt 0.062500 0.437500
vt 0.062500 0.406250
vt 0.062500 0.375000
vt 0.062500 0.343750
vt 0.062500 0.312500
vt 0.062500 0.281250
vt 0.062500 0.250000
vt 0.062500 0.218750
vt 0.062500 0.187500
vt 0.062500 0.156250
vt 0.062500 0.125000
vt 0.062500 0.093750
vt 0.062500 0.062500
vt 0.062500 0.031250
vt 0.046875 0.968750
vt 0.046875 0.937500
vt 0.046875 0.906250
vt 0.046875 0.875000
vt 0.046875 0.843750
vt 0.046875 0.812500
vt 0.046875 0.781250
vt 0.046875 0.750000
vt 0.046875 0.718750
vt 0.046875 0.687500
vt 0.046875 0.656250
vt 0.046875 0.625000
vt 0.046875 0.593750
vt 0.046875 0.562500
vt 0.046875 0.531250
vt 0.046875 0.500000
vt 0.046875 0.468750
vt 0.046875 0.437500
vt 0.046875 0.406250
vt 0.046875 0.375000
vt 0.046875 0.343750
vt 0.046875 0.312500
vt 0.046875 0.281250
vt 0.046875 0.250000
vt 0.046875 0.218750
vt 0.046875 0.187500
vt 0.046875 0.156250
vt 0.046875 0.125000
vt 0.046875 0.093750
vt 0.046875 0.062500
vt 0.046875 0.031250
vt 0.031250 0.968750
vt 0.031250 0.937500
vt 0.031250 0.906250
vt 0.031250 0.875000
vt 0.031250 0.843750
vt 0.031250 0.812500
vt 0.031250 0.781250
vt 0.031250 0.750000
vt 0.031250 0.718750
vt 0.031250 0.687500
vt 0.031250 0.656250
vt 0.031250 0.625000
vt 0.031250 0.593750
vt 0.031250 0.562500
vt 0.031250 0.531250
vt 0.031250 0.500000
vt 0.031250 0.468750
vt 0.031250 0.437500
vt 0.031250 0.406250
vt 0.031250 0.375000
vt 0.031250 0.343750
vt 0.031250 0.312500
vt 0.031250 0.281250
vt 0.031250 0.250000
vt 0.031250 0.218750
vt 0.031250 0.187500
vt 0.031250 0.156250
vt 0.031250 0.125000
vt 0.031250 0.093750
vt 0.031250 0.062500
vt 0.031250 0.031250
vt 0.015625 0.968750
vt 0.015625 0.937500
vt 0.015625 0.906250
vt 0.015625 0.875000
vt 0.015625 0.843750
vt 0.015625 0.812500
vt 0.015625 0.781250
vt 0.015625 0.750000
vt 0.015625 0.718750
vt 0.015625 0.687500
vt 0.015625 0.656250
vt 0.015625 0.625000
vt 0.015625 0.593750
vt 0.015625 0.562500
vt 0.015625 0.531250
vt 0.015625 0.500000
vt 0.015625 0.468750
vt 0.015625 0.437500
vt 0.015625 0.406250
vt 0.015625 0.375000
vt 0.015625 0.343750
vt 0.015625 0.312500
vt 0.015625 0.281250
vt 0.015625 0.250000
vt 0.015625 0.218750
vt 0.015625 0.187500
vt 0.015625 0.156250
vt 0.015625 0.125000
vt 0.015625 0.093750
vt 0.015625 0.062500
vt 0.015625 0.031250
vt 0.000000 0.968750
vt 1.000000 0.968750
vt 1.000000 0.937500
vt 0.000000 0.937500
vt 0.000000 0.906250
vt 1.000000 0.906250
vt 0.000000 0.875000
vt 1.000000 0.875000
vt 0.000000 0.843750
vt 1.000000 0.843750
vt 0.000000 0.812500
vt 1.000000 0.812500
vt 1.000000 0.781250
vt 0.000000 0.781250
vt 0.000000 0.750000
vt 1.000000 0.750000
vt 0.000000 0.718750
vt 1.000000 0.718750
vt 1.000000 0.687500
vt 0.000000 0.687500
vt 0.000000 0.656250
vt 1.000000 0.656250
vt 1.000000 0.625000
vt 0.000000 0.625000
vt 0.000000 0.593750
vt 1.000000 0.593750
vt 1.000000 0.562500
vt 0.000000 0.562500
vt 0.000000 0.531250
vt 1.000000 0.531250
vt 0.000000 0.500000
vt 1.000000 0.500000
vt 0.000000 0.468750
vt 1.000000 0.468750
vt 1.000000 0.437500
vt 0.000000 0.437500
vt 0.000000 0.406250
vt 1.000000 0.406250
vt 0.000000 0.375000
vt 1.000000 0.375000
vt 0.000000 0.343750
vt 1.000000 0.343750
vt 1.000000 0.312500
vt 0.000000 0.312500
vt 0.000000 0.281250
vt 1.000000 0.281250
vt 0.000000 0.250000
vt 1.000000 0.250000
vt 1.000000 0.218750
vt 0.000000 0.218750
vt 0.000000 0.187500
vt 1.000000 0.187500
vt 0.000000 0.156250
vt 1.000000 0.156250
vt 0.000000 0.125000
vt 1.000000 0.125000
vt 0.000000 0.093750
vt 1.000000 0.093750
vt 1.000000 0.062500
vt 0.000000 0.062500
vt 0.000000 0.031250
vt 1.000000 0.031250
vt 0.984375 0.968750
vt 0.984375 0.937500
vt 0.984375 0.906250
vt 0.984375 0.875000
vt 0.984375 0.843750
vt 0.984375 0.812500
vt 0.984375 0.781250
vt 0.984375 0.750000
vt 0.984375 0.718750
vt 0.984375 0.687500
vt 0.984375 0.656250
vt 0.984375 0.625000
vt 0.984375 0.593750
vt 0.984375 0.562500
vt 0.984375 0.531250
vt 0.984375 0.500000
vt 0.984375 0.468750
vt 0.984375 0.437500
vt 0.984375 0.406250
vt 0.984375 0.375000
vt 0.984375 0.343750
vt 0.984375 0.312500
vt 0.984375 0.281250
vt 0.984375 0.250000
vt 0.984375 0.218750
vt 0.984375 0.187500
vt 0.984375 0.156250
vt 0.984375 0.125000
vt 0.984375 0.093750
vt 0.984375 0.062500
vt 0.984375 0.031250
vt 0.968750 0.968750
vt 0.968750 0.937500
vt 0.968750 0.906250
vt 0.968750 0.875000
vt 0.968750 0.843750
vt 0.968750 0.812500
vt 0.968750 0.781250
vt 0.968750 0.750000
vt 0.968750 0.718750
vt 0.968750 0.687500
vt 0.968750 0.656250
vt 0.968750 0.625000
vt 0.968750 0.593750
vt 0.968750 0.562500
vt 0.968750 0.531250
vt 0.968750 0.500000
vt 0.968750 0.468750
vt 0.968750 0.437500
vt 0.968750 0.406250
vt 0.968750 0.375000
vt 0.968750 0.343750
vt 0.968750 0.312500
vt 0.968750 0.281250
vt 0.968750 0.250000
vt 0.968750 0.218750
vt 0.968750 0.187500
vt 0.968750 0.156250
vt 0.968750 0.125000
vt 0.968750 0.093750
vt 0.968750 0.062500
vt 0.968750 0.031250
vt 0.953125 0.968750
vt 0.953125 0.937500
vt 0.953125 0.906250
vt 0.953125 0.875000
vt 0.953125 0.843750
vt 0.953125 0.812500
vt 0.953125 0.781250
vt 0.953125 0.750000
vt 0.953125 0.718750
vt 0.953125 0.687500
vt 0.953125 0.656250
vt 0.953125 0.625000
vt 0.953125 0.593750
vt 0.953125 0.562500
vt 0.953125 0.531250
vt 0.953125 0.500000
vt 0.953125 0.468750
vt 0.953125 0.437500
vt 0.953125 0.406250
vt 0.953125 0.375000
vt 0.953125 0.343750
vt 0.953125 0.312500
vt 0.953125 0.281250
vt 0.953125 0.250000
vt 0.953125 0.218750
vt 0.953125 0.187500
vt 0.953125 0.156250
vt 0.953125 0.125000
vt 0.953125 0.093750
vt 0.953125 0.062500
vt 0.953125 0.031250
vt 0.937500 0.968750
vt 0.937500 0.937500
vt 0.937500 0.906250
vt 0.937500 0.875000
vt 0.937500 0.843750
vt 0.937500 0.812500
vt 0.937500 0.781250
vt 0.937500 0.750000
vt 0.937500 0.718750
vt 0.937500 0.687500
vt 0.937500 0.656250
vt 0.937500 0.625000
vt 0.937500 0.593750
vt 0.937500 0.562500
vt 0.937500 0.531250
vt 0.937500 0.500000
vt 0.937500 0.468750
vt 0.937500 0.437500
vt 0.937500 0.406250
vt 0.937500 0.375000
vt 0.937500 0.343750
vt 0.937500 0.312500
vt 0.937500 0.281250
vt 0.937500 0.250000
vt 0.937500 0.218750
vt 0.937500 0.187500
vt 0.937500 0.156250
vt 0.937500 0.125000
vt 0.937500 0.093750
vt 0.937500 0.062500
vt 0.937500 0.031250
vt 0.921875 0.968750
vt 0.921875 0.937500
vt 0.921875 0.906250
vt 0.921875 0.875000
vt 0.921875 0.843750
vt 0.921875 0.812500
vt 0.921875 0.781250
vt 0.921875 0.750000
vt 0.921875 0.718750
vt 0.921875 0.687500
vt 0.921875 0.656250
vt 0.921875 0.625000
vt 0.921875 0.593750
vt 0.921875 0.562500
vt 0.921875 0.531250
vt 0.921875 0.500000
vt 0.921875 0.468750
vt 0.921875 0.437500
vt 0.921875 0.406250
vt 0.921875 0.375000
vt 0.921875 0.343750
vt 0.921875 0.312500
vt 0.921875 0.281250
vt 0.921875 0.250000
vt 0.921875 0.218750
vt 0.921875 0.187500
vt 0.921875 0.156250
vt 0.921875 0.125000
vt 0.921875 0.093750
vt 0.921875 0.062500
vt 0.921875 0.031250
vt 0.906250 0.968750
vt 0.906250 0.937500
vt 0.906250 0.906250
vt 0.906250 0.875000
vt 0.906250 0.843750
vt 0.906250 0.812500
vt 0.906250 0.781250
vt 0.906250 0.750000
vt 0.906250 0.718750
vt 0.906250 0.687500
vt 0.906250 0.656250
vt 0.906250 0.625000
vt 0.906250 0.593750
vt 0.906250 0.562500
vt 0.906250 0.531250
vt 0.906250 0.500000
vt 0.906250 0.468750
vt 0.906250 0.437500
vt 0.906250 0.406250
vt 0.906250 0.375000
vt 0.906250 0.343750
vt 0.906250 0.312500
vt 0.906250 0.281250
vt 0.906250 0.250000
vt 0.906250 0.218750
vt 0.906250 0.187500
vt 0.906250 0.156250
vt 0.906250 0.125000
vt 0.906250 0.093750
vt 0.906250 0.062500
vt 0.906250 0.031250
vt 0.890625 0.968750
vt 0.890625 0.937500
vt 0.890625 0.906250
vt 0.890625 0.875000
vt 0.890625 0.843750
vt 0.890625 0.812500
vt 0.890625 0.781250
vt 0.890625 0.750000
vt 0.890625 0.718750
vt 0.890625 0.687500
vt 0.890625 0.656250
vt 0.890625 0.625000
vt 0.890625 0.593750
vt 0.890625 0.562500
vt 0.890625 0.531250
vt 0.890625 0.500000
vt 0.890625 0.468750
vt 0.890625 0.437500
vt 0.890625 0.406250
vt 0.890625 0.375000
vt 0.890625 0.343750
vt 0.890625 0.312500
vt 0.890625 0.281250
vt 0.890625 0.250000
vt 0.890625 0.218750
vt 0.890625 0.187500
vt 0.890625 0.156250
vt 0.890625 0.125000
vt 0.890625 0.093750
vt 0.890625 0.062500
vt 0.890625 0.031250
vt 0.875000 0.968750
vt 0.875000 0.937500
vt 0.875000 0.906250
vt 0.875000 0.875000
vt 0.875000 0.843750
vt 0.875000 0.812500
vt 0.875000 0.781250
vt 0.875000 0.750000
vt 0.875000 0.718750
vt 0.875000 0.687500
vt 0.875000 0.656250
vt 0.875000 0.625000
vt 0.875000 0.593750
vt 0.875000 0.562500
vt 0.875000 0.531250
vt 0.875000 0.500000
vt 0.875000 0.468750
vt 0.875000 0.437500
vt 0.875000 0.406250
vt 0.875000 0.375000
vt 0.875000 0.343750
vt 0.875000 0.312500
vt 0.875000 0.281250
vt 0.875000 0.250000
vt 0.875000 0.218750
vt 0.875000 0.187500
vt 0.875000 0.156250
vt 0.875000 0.125000
vt 0.875000 0.093750
vt 0.875000 0.062500
vt 0.875000 0.031250
vt 0.859375 0.968750
vt 0.859375 0.937500
vt 0.859375 0.906250
vt 0.859375 0.875000
vt 0.859375 0.843750
vt 0.859375 0.812500
vt 0.859375 0.781250
vt 0.859375 0.750000
vt 0.859375 0.718750
vt 0.859375 0.687500
vt 0.859375 0.656250
vt 0.859375 0.625000
vt 0.859375 0.593750
vt 0.859375 0.562500
vt 0.859375 0.531250
vt 0.859375 0.500000
vt 0.859375 0.468750
vt 0.859375 0.437500
vt 0.859375 0.406250
vt 0.859375 0.375000
vt 0.859375 0.343750
vt 0.859375 0.312500
vt 0.859375 0.281250
vt 0.859375 0.250000
vt 0.859375 0.218750
vt 0.859375 0.187500
vt 0.859375 0.156250
vt 0.859375 0.125000
vt 0.859375 0.093750
vt 0.859375 0.062500
vt 0.859375 0.031250
vt 0.843750 0.968750
vt 0.843750 0.937500
vt 0.843750 0.906250
vt 0.843750 0.875000
vt 0.843750 0.843750
vt 0.843750 0.812500
vt 0.843750 0.781250
vt 0.843750 0.750000
vt 0.843750 0.718750
vt 0.843750 0.687500
vt 0.843750 0.656250
vt 0.843750 0.625000
vt 0.843750 0.593750
vt 0.843750 0.562500
vt 0.843750 0.531250
vt 0.843750 0.500000
vt 0.843750 0.468750
vt 0.843750 0.437500
vt 0.843750 0.406250
vt 0.843750 0.375000
vt 0.843750 0.343750
vt 0.843750 0.312500
vt 0.843750 0.281250
vt 0.843750 0.250000
vt 0.843750 0.218750
vt 0.843750 0.187500
vt 0.843750 0.156250
vt 0.843750 0.125000
vt 0.843750 0.093750
vt 0.843750 0.062500
vt 0.843750 0.031250
vt 0.828125 0.968750
vt 0.828125 0.937500
vt 0.828125 0.906250
vt 0.828125 0.875000
vt 0.828125 0.843750
vt 0.828125 0.812500
vt 0.828125 0.781250
vt 0.828125 0.750000
vt 0.828125 0.718750
vt 0.828125 0.687500
vt 0.828125 0.656250
vt 0.828125 0.625000
vt 0.828125 0.593750
vt 0.828125 0.562500
vt 0.828125 0.531250
vt 0.828125 0.500000
vt 0.828125 0.468750
vt 0.828125 0.437500
vt 0.828125 0.406250
vt 0.828125 0.375000
vt 0.828125 0.343750
vt 0.828125 0.312500
vt 0.828125 0.281250
vt 0.828125 0.250000
vt 0.828125 0.218750
vt 0.828125 0.187500
vt 0.828125 0.156250
vt 0.828125 0.125000
vt 0.828125 0.093750
vt 0.828125 0.062500
vt 0.828125 0.031250
vt 0.812500 0.968750
vt 0.812500 0.937500
vt 0.812500 0.906250
vt 0.812500 0.875000
vt 0.812500 0.843750
vt 0.812500 0.812500
vt 0.812500 0.781250
vt 0.812500 0.750000
vt 0.812500 0.718750
vt 0.812500 0.687500
vt 0.812500 0.656250
vt 0.812500 0.625000
vt 0.812500 0.593750
vt 0.812500 0.562500
vt 0.812500 0.531250
vt 0.812500 0.500000
vt 0.812500 0.468750
vt 0.812500 0.437500
vt 0.812500 0.406250
vt 0.812500 0.375000
vt 0.812500 0.343750
vt 0.812500 0.312500
vt 0.812500 0.281250
vt 0.812500 0.250000
vt 0.812500 0.218750
vt 0.812500 0.187500
vt 0.812500 0.156250
vt 0.812500 0.125000
vt 0.812500 0.093750
vt 0.812500 0.062500
vt 0.812500 0.031250
vt 0.796875 0.968750
vt 0.796875 0.937500
vt 0.796875 0.906250
vt 0.796875 0.875000
vt 0.796875 0.843750
vt 0.796875 0.812500
vt 0.796875 0.781250
vt 0.796875 0.750000
vt 0.796875 0.718750
vt 0.796875 0.687500
vt 0.796875 0.656250
vt 0.796875 0.625000
vt 0.796875 0.593750
vt 0.796875 0.562500
vt 0.796875 0.531250
vt 0.796875 0.500000
vt 0.796875 0.468750
vt 0.796875 0.437500
vt 0.796875 0.406250
vt 0.796875 0.375000
vt 0.796875 0.343750
vt 0.796875 0.312500
vt 0.796875 0.281250
vt 0.796875 0.250000
vt 0.796875 0.218750
vt 0.796875 0.187500
vt 0.796875 0.156250
vt 0.796875 0.125000
vt 0.796875 0.093750
vt 0.796875 0.062500
vt 0.796875 0.031250
vt 0.781250 0.968750
vt 0.781250 0.937500
vt 0.781250 0.906250
vt 0.781250 0.875000
vt 0.781250 0.843750
vt 0.781250 0.812500
vt 0.781250 0.781250
vt 0.781250 0.750000
vt 0.781250 0.718750
vt 0.781250 0.687500
vt 0.781250 0.656250
vt 0.781250 0.625000
vt 0.781250 0.593750
vt 0.781250 0.562500
vt 0.781250 0.531250
vt 0.781250 0.500000
vt 0.781250 0.468750
vt 0.781250 0.437500
vt 0.781250 0.406250
vt 0.781250 0.375000
vt 0.781250 0.343750
vt 0.781250 0.312500
vt 0.781250 0.281250
vt 0.781250 0.250000
vt 0.781250 0.218750
vt 0.781250 0.187500
vt 0.781250 0.156250
vt 0.781250 0.125000
vt 0.781250 0.093750
vt 0.781250 0.062500
vt 0.781250 0.031250
vt 0.765625 0.968750
vt 0.765625 0.937500
vt 0.765625 0.906250
vt 0.765625 0.875000
vt 0.765625 0.843750
vt 0.765625 0.812500
vt 0.765625 0.781250
vt 0.765625 0.750000
vt 0.765625 0.718750
vt 0.765625 0.687500
vt 0.765625 0.656250
vt 0.765625 0.625000
vt 0.765625 0.593750
vt 0.765625 0.562500
vt 0.765625 0.531250
vt 0.765625 0.500000
vt 0.765625 0.468750
vt 0.765625 0.437500
vt 0.765625 0.406250
vt 0.765625 0.375000
vt 0.765625 0.343750
vt 0.765625 0.312500
vt 0.765625 0.281250
vt 0.765625 0.250000
vt 0.765625 0.218750
vt 0.765625 0.187500
vt 0.765625 0.156250
vt 0.765625 0.125000
vt 0.765625 0.093750
vt 0.765625 0.062500
vt 0.765625 0.031250
vt 0.750000 0.875000
vt 0.750000 0.812500
vt 0.750000 0.781250
vt 0.750000 0.750000
vt 0.750000 0.718750
vt 0.750000 0.687500
vt 0.750000 0.562500
vt 0.750000 0.437500
vt 0.750000 0.312500
vt 0.750000 0.281250
vt 0.750000 0.250000
vt 0.750000 0.218750
vt 0.750000 0.187500
vt 0.750000 0.156250
vt 0.750000 0.125000
vt 0.750000 0.062500
s 1
f 1984/2141/1 41/41/2 1983/2140/3
f 1977/2134/4 28/28/5 7/7/6
f 1/1/7 16/16/8 1039/1039/9
f 43/43/10 1984/2141/1 1985/2142/11
f 30/30/12 1977/2134/4 8/8/13
f 17/17/14 1/1/7 2/2/15
f 44/44/16 1985/2142/11 14/14/17
f 31/31/18 8/8/13 9/9/19
f 3/3/20 17/17/14 2/2/15
f 45/45/21 14/14/17 1986/2143/22
f 32/32/23 9/9/19 10/10/24
f 1971/2128/25 18/18/26 3/3/20
f 46/46/27 1986/2143/22 15/15/28
f 33/33/29 10/10/24 1978/2135/30
f 4/4/31 19/19/32 1971/2128/25
f 1226/1289/33 46/46/27 15/15/28
f 34/34/34 1978/2135/30 11/11/35
f 21/21/36 4/4/31 1972/2129/37
f 35/35/38 11/11/35 12/12/39
f 22/22/40 1972/2129/37 1973/2130/41
f 36/36/42 12/12/39 13/13/43
f 1974/2131/44 22/22/40 1973/2130/41
f 37/37/45 13/13/43 1979/2136/46
f 1975/2132/47 23/23/48 1974/2131/44
f 38/38/49 1979/2136/46 1980/2137/50
f 25/25/51 1975/2132/47 1976/2133/52
f 39/39/53 1980/2137/50 1981/2138/54
f 5/5/55 25/25/51 1976/2133/52
f 40/40/56 1981/2138/54 1982/2139/57
f 27/27/58 5/5/55 6/6/59
f 1983/2140/3 40/40/56 1982/2139/57
f 7/7/6 27/27/58 6/6/59
f 68/68/60 36/36/42 37/37/45
f 24/24/61 54/54/62 23/23/48
f 69/69/63 37/37/45 38/38/49
f 25/25/51 55/55/64 24/24/61
f 70/70/65 38/38/49 39/39/53
f 26/26/66 56/56/67 25/25/51
f 40/40/56 70/70/65 39/39/53
f 58/58/68 26/26/66 27/27/58
f 41/41/2 71/71/69 40/40/56
f 28/28/5 58/58/68 27/27/58
f 73/73/70 41/41/2 42/42/71
f 60/60/72 28/28/5 29/29/73
f 16/16/8 47/47/74 1039/1040/9
f 43/43/10 73/73/70 42/42/71
f 61/61/75 29/29/73 30/30/12
f 17/17/14 47/47/74 16/16/8
f 75/75/76 43/43/10 44/44/16
f 62/62/77 30/30/12 31/31/18
f 49/49/78 17/17/14 18/18/26
f 45/45/21 75/75/76 44/44/16
f 63/63/79 31/31/18 32/32/23
f 50/50/80 18/18/26 19/19/32
f 77/77/81 45/45/21 46/46/27
f 33/33/29 63/63/79 32/32/23
f 51/51/82 19/19/32 20/20/83
f 1226/1290/33 77/77/81 46/46/27
f 34/34/34 64/64/84 33/33/29
f 52/52/85 20/20/83 21/21/36
f 66/66/86 34/34/34 35/35/38
f 53/53/87 21/21/36 22/22/40
f 36/36/42 66/66/86 35/35/38
f 54/54/62 22/22/40 23/23/48
f 70/70/65 100/100/88 69/69/63
f 88/88/89 56/56/67 57/57/90
f 102/102/91 70/70/65 71/71/69
f 89/89/92 57/57/90 58/58/68
f 103/103/93 71/71/69 72/72/94
f 59/59/95 89/89/92 58/58/68
f 104/104/96 72/72/94 73/73/70
f 91/91/97 59/59/95 60/60/72
f 47/47/74 78/78/98 1039/1041/9
f 105/105/99 73/73/70 74/74/100
f 61/61/75 91/91/97 60/60/72
f 79/79/101 47/47/74 48/48/102
f 75/75/76 105/105/99 74/74/100
f 93/93/103 61/61/75 62/62/77
f 80/80/104 48/48/102 49/49/78
f 107/107/105 75/75/76 76/76/106
f 94/94/107 62/62/77 63/63/79
f 81/81/108 49/49/78 50/50/80
f 108/108/109 76/76/106 77/77/81
f 95/95/110 63/63/79 64/64/84
f 82/82/111 50/50/80 51/51/82
f 1226/1291/33 108/108/109 77/77/81
f 65/65/112 95/95/110 64/64/84
f 52/52/85 82/82/111 51/51/82
f 97/97/113 65/65/112 66/66/86
f 53/53/87 83/83/114 52/52/85
f 67/67/115 97/97/113 66/66/86
f 85/85/116 53/53/87 54/54/62
f 99/99/117 67/67/115 68/68/60
f 86/86/118 54/54/62 55/55/64
f 100/100/88 68/68/60 69/69/63
f 56/56/67 86/86/118 55/55/64
f 134/134/119 102/102/91 103/103/93
f 121/121/120 89/89/92 90/90/121
f 135/135/122 103/103/93 104/104/96
f 91/91/97 121/121/120 90/90/121
f 78/78/98 109/109/123 1039/1042/9
f 136/136/124 104/104/96 105/105/99
f 123/123/125 91/91/97 92/92/126
f 110/110/127 78/78/98 79/79/101
f 106/106/128 136/136/124 105/105/99
f 93/93/103 123/123/125 92/92/126
f 111/111/129 79/79/101 80/80/104
f 138/138/130 106/106/128 107/107/105
f 125/125/131 93/93/103 94/94/107
f 112/112/132 80/80/104 81/81/108
f 139/139/133 107/107/105 108/108/109
f 95/95/110 125/125/131 94/94/107
f 113/113/134 81/81/108 82/82/111
f 1226/1292/33 139/139/133 108/108/109
f 127/127/135 95/95/110 96/96/136
f 114/114/137 82/82/111 83/83/114
f 128/128/138 96/96/136 97/97/113
f 84/84/139 114/114/137 83/83/114
f 98/98/140 128/128/138 97/97/113
f 116/116/141 84/84/139 85/85/116
f 130/130/142 98/98/140 99/99/117
f 117/117/143 85/85/116 86/86/118
f 131/131/144 99/99/117 100/100/88
f 87/87/145 117/117/143 86/86/118
f 101/101/146 131/131/144 100/100/88
f 119/119/147 87/87/145 88/88/89
f 133/133/148 101/101/146 102/102/91
f 120/120/149 88/88/89 89/89/92
f 109/109/123 140/140/150 1039/1043/9
f 136/136/124 166/166/151 135/135/122
f 154/154/152 122/122/153 123/123/125
f 141/141/154 109/109/123 110/110/127
f 168/168/155 136/136/124 137/137/156
f 124/124/157 154/154/152 123/123/125
f 111/111/129 141/141/154 110/110/127
f 169/169/158 137/137/156 138/138/130
f 156/156/159 124/124/157 125/125/131
f 112/112/132 142/142/160 111/111/129
f 139/139/133 169/169/158 138/138/130
f 126/126/161 156/156/159 125/125/131
f 144/144/162 112/112/132 113/113/134
f 1226/1293/33 170/170/163 139/139/133
f 158/158/164 126/126/161 127/127/135
f 145/145/165 113/113/134 114/114/137
f 159/159/166 127/127/135 128/128/138
f 115/115/167 145/145/165 114/114/137
f 129/129/168 159/159/166 128/128/138
f 147/147/169 115/115/167 116/116/141
f 130/130/142 160/160/170 129/129/168
f 148/148/171 116/116/141 117/117/143
f 162/162/172 130/130/142 131/131/144
f 118/118/173 148/148/171 117/117/143
f 132/132/174 162/162/172 131/131/144
f 150/150/175 118/118/173 119/119/147
f 133/133/148 163/163/176 132/132/174
f 151/151/177 119/119/147 120/120/149
f 165/165/178 133/133/148 134/134/119
f 152/152/179 120/120/149 121/121/120
f 166/166/151 134/134/119 135/135/122
f 122/122/153 152/152/179 121/121/120
f 173/173/180 141/141/154 142/142/160
f 200/200/181 168/168/155 169/169/158
f 187/187/182 155/155/183 156/156/159
f 143/143/184 173/173/180 142/142/160
f 201/201/185 169/169/158 170/170/163
f 157/157/186 187/187/182 156/156/159
f 144/144/162 174/174/187 143/143/184
f 1226/1294/33 201/201/185 170/170/163
f 189/189/188 157/157/186 158/158/164
f 176/176/189 144/144/162 145/145/165
f 190/190/190 158/158/164 159/159/166
f 177/177/191 145/145/165 146/146/192
f 191/191/193 159/159/166 160/160/170
f 147/147/169 177/177/191 146/146/192
f 192/192/194 160/160/170 161/161/195
f 179/179/196 147/147/169 148/148/171
f 193/193/197 161/161/195 162/162/172
f 149/149/198 179/179/196 148/148/171
f 163/163/176 193/193/197 162/162/172
f 150/150/175 180/180/199 149/149/198
f 195/195/200 163/163/176 164/164/201
f 151/151/177 181/181/202 150/150/175
f 165/165/178 195/195/200 164/164/201
f 183/183/203 151/151/177 152/152/179
f 197/197/204 165/165/178 166/166/151
f 184/184/205 152/152/179 153/153/206
f 140/140/150 171/171/207 1039/1044/9
f 198/198/208 166/166/151 167/167/209
f 185/185/210 153/153/206 154/154/152
f 172/172/211 140/140/150 141/141/154
f 199/199/212 167/167/209 168/168/155
f 155/155/183 185/185/210 154/154/152
f 175/175/213 205/205/214 174/174/187
f 1226/1295/33 232/232/215 201/201/185
f 220/220/216 188/188/217 189/189/188
f 207/207/218 175/175/213 176/176/189
f 190/190/190 220/220/216 189/189/188
f 177/177/191 207/207/218 176/176/189
f 222/222/219 190/190/190 191/191/193
f 178/178/220 208/208/221 177/177/191
f 223/223/222 191/191/193 192/192/194
f 210/210/223 178/178/220 179/179/196
f 224/224/224 192/192/194 193/193/197
f 180/180/199 210/210/223 179/179/196
f 194/194/225 224/224/224 193/193/197
f 181/181/202 211/211/226 180/180/199
f 226/226/227 194/194/225 195/195/200
f 213/213/228 181/181/202 182/182/229
f 227/227/230 195/195/200 196/196/231
f 214/214/232 182/182/229 183/183/203
f 197/197/204 227/227/230 196/196/231
f 184/184/205 214/214/232 183/183/203
f 171/171/207 202/202/233 1039/1045/9
f 229/229/234 197/197/204 198/198/208
f 216/216/235 184/184/205 185/185/210
f 203/203/236 171/171/207 172/172/211
f 230/230/237 198/198/208 199/199/212
f 186/186/238 216/216/235 185/185/210
f 173/173/180 203/203/236 172/172/211
f 231/231/239 199/199/212 200/200/181
f 218/218/240 186/186/238 187/187/182
f 174/174/187 204/204/241 173/173/180
f 232/232/215 200/200/181 201/201/185
f 188/188/217 218/218/240 187/187/182
f 239/239/242 207/207/218 208/208/221
f 253/253/243 221/221/244 222/222/219
f 209/209/245 239/239/242 208/208/221
f 254/254/246 222/222/219 223/223/222
f 241/241/247 209/209/245 210/210/223
f 224/224/224 254/254/246 223/223/222
f 242/242/248 210/210/223 211/211/226
f 225/225/249 255/255/250 224/224/224
f 212/212/251 242/242/248 211/211/226
f 257/257/252 225/225/249 226/226/227
f 213/213/228 243/243/253 212/212/251
f 258/258/254 226/226/227 227/227/230
f 245/245/255 213/213/228 214/214/232
f 228/228/256 258/258/254 227/227/230
f 215/215/257 245/245/255 214/214/232
f 202/202/233 233/233/258 1039/1046/9
f 260/260/259 228/228/256 229/229/234
f 247/247/260 215/215/257 216/216/235
f 203/203/236 233/233/258 202/202/233
f 261/261/261 229/229/234 230/230/237
f 217/217/262 247/247/260 216/216/235
f 204/204/241 234/234/263 203/203/236
f 231/231/239 261/261/261 230/230/237
f 249/249/264 217/217/262 218/218/240
f 236/236/265 204/204/241 205/205/214
f 263/263/266 231/231/239 232/232/215
f 250/250/267 218/218/240 219/219/268
f 206/206/269 236/236/265 205/205/214
f 1226/1296/33 263/263/266 232/232/215
f 251/251/270 219/219/268 220/220/216
f 238/238/271 206/206/269 207/207/218
f 221/221/244 251/251/270 220/220/216
f 272/272/272 240/240/273 241/241/247
f 286/286/274 254/254/246 255/255/250
f 242/242/248 272/272/272 241/241/247
f 256/256/275 286/286/274 255/255/250
f 243/243/253 273/273/276 242/242/248
f 288/288/277 256/256/275 257/257/252
f 244/244/278 274/274/279 243/243/253
f 289/289/280 257/257/252 258/258/254
f 276/276/281 244/244/278 245/245/255
f 259/259/282 289/289/280 258/258/254
f 246/246/283 276/276/281 245/245/255
f 233/233/258 264/264/284 1039/1047/9
f 291/291/285 259/259/282 260/260/259
f 278/278/286 246/246/283 247/247/260
f 265/265/287 233/233/258 234/234/263
f 292/292/288 260/260/259 261/261/261
f 248/248/289 278/278/286 247/247/260
f 235/235/290 265/265/287 234/234/263
f 293/293/291 261/261/261 262/262/292
f 280/280/293 248/248/289 249/249/264
f 267/267/294 235/235/290 236/236/265
f 294/294/295 262/262/292 263/263/266
f 250/250/267 280/280/293 249/249/264
f 268/268/296 236/236/265 237/237/297
f 1226/1297/33 294/294/295 263/263/266
f 282/282/298 250/250/267 251/251/270
f 269/269/299 237/237/297 238/238/271
f 252/252/300 282/282/298 251/251/270
f 239/239/242 269/269/299 238/238/271
f 284/284/301 252/252/300 253/253/243
f 240/240/273 270/270/302 239/239/242
f 285/285/303 253/253/243 254/254/246
f 274/274/279 304/304/304 273/273/276
f 319/319/305 287/287/306 288/288/277
f 306/306/307 274/274/279 275/275/308
f 289/289/280 319/319/305 288/288/277
f 307/307/309 275/275/308 276/276/281
f 290/290/310 320/320/311 289/289/280
f 277/277/312 307/307/309 276/276/281
f 264/264/284 295/295/313 1039/1048/9
f 322/322/314 290/290/310 291/291/285
f 309/309/315 277/277/312 278/278/286
f 296/296/316 264/264/284 265/265/287
f 292/292/288 322/322/314 291/291/285
f 279/279/317 309/309/315 278/278/286
f 297/297/318 265/265/287 266/266/319
f 324/324/320 292/292/288 293/293/291
f 311/311/321 279/279/317 280/280/293
f 298/298/322 266/266/319 267/267/294
f 325/325/323 293/293/291 294/294/295
f 312/312/324 280/280/293 281/281/325
f 268/268/296 298/298/322 267/267/294
f 1226/1298/33 325/325/323 294/294/295
f 313/313/326 281/281/325 282/282/298
f 300/300/327 268/268/296 269/269/299
f 283/283/328 313/313/326 282/282/298
f 301/301/329 269/269/299 270/270/302
f 284/284/301 314/314/330 283/283/328
f 271/271/331 301/301/329 270/270/302
f 316/316/332 284/284/301 285/285/303
f 303/303/333 271/271/331 272/272/272
f 286/286/274 316/316/332 285/285/303
f 304/304/304 272/272/272 273/273/276
f 287/287/306 317/317/334 286/286/274
f 338/338/335 306/306/307 307/307/309
f 321/321/336 351/351/337 320/320/311
f 308/308/338 338/338/335 307/307/309
f 295/295/313 326/326/339 1039/1049/9
f 353/353/340 321/321/336 322/322/314
f 340/340/341 308/308/338 309/309/315
f 327/327/342 295/295/313 296/296/316
f 323/323/343 353/353/340 322/322/314
f 310/310/344 340/340/341 309/309/315
f 297/297/318 327/327/342 296/296/316
f 324/324/320 354/354/345 323/323/343
f 342/342/346 310/310/344 311/311/321
f 329/329/347 297/297/318 298/298/322
f 356/356/348 324/324/320 325/325/323
f 343/343/349 311/311/321 312/312/324
f 330/330/350 298/298/322 299/299/351
f 1226/1299/33 356/356/348 325/325/323
f 344/344/352 312/312/324 313/313/326
f 331/331/353 299/299/351 300/300/327
f 314/314/330 344/344/352 313/313/326
f 332/332/354 300/300/327 301/301/329
f 346/346/355 314/314/330 315/315/356
f 302/302/357 332/332/354 301/301/329
f 347/347/358 315/315/356 316/316/332
f 334/334/359 302/302/357 303/303/333
f 348/348/360 316/316/332 317/317/334
f 335/335/361 303/303/333 304/304/304
f 318/318/362 348/348/360 317/317/334
f 305/305/363 335/335/361 304/304/304
f 350/350/364 318/318/362 319/319/305
f 306/306/307 336/336/365 305/305/363
f 320/320/311 350/350/364 319/319/305
f 340/340/341 370/370/366 339/339/367
f 358/358/368 326/326/339 327/327/342
f 385/385/369 353/353/340 354/354/345
f 372/372/370 340/340/341 341/341/371
f 328/328/372 358/358/368 327/327/342
f 386/386/373 354/354/345 355/355/374
f 342/342/346 372/372/370 341/341/371
f 329/329/347 359/359/375 328/328/372
f 387/387/376 355/355/374 356/356/348
f 374/374/377 342/342/346 343/343/349
f 361/361/378 329/329/347 330/330/350
f 1226/1300/33 387/387/376 356/356/348
f 375/375/379 343/343/349 344/344/352
f 362/362/380 330/330/350 331/331/353
f 345/345/381 375/375/379 344/344/352
f 332/332/354 362/362/380 331/331/353
f 377/377/382 345/345/381 346/346/355
f 333/333/383 363/363/384 332/332/354
f 378/378/385 346/346/355 347/347/358
f 365/365/386 333/333/383 334/334/359
f 348/348/360 378/378/385 347/347/358
f 366/366/387 334/334/359 335/335/361
f 349/349/388 379/379/389 348/348/360
f 336/336/365 366/366/387 335/335/361
f 381/381/390 349/349/388 350/350/364
f 337/337/391 367/367/392 336/336/365
f 382/382/393 350/350/364 351/351/337
f 369/369/394 337/337/391 338/338/335
f 352/352/395 382/382/393 351/351/337
f 339/339/367 369/369/394 338/338/335
f 326/326/339 357/357/396 1039/1050/9
f 384/384/397 352/352/395 353/353/340
f 373/373/398 403/403/399 372/372/370
f 391/391/400 359/359/375 360/360/401
f 418/418/402 386/386/373 387/387/376
f 405/405/403 373/373/398 374/374/377
f 361/361/378 391/391/400 360/360/401
f 1226/1301/33 418/418/402 387/387/376
f 406/406/404 374/374/377 375/375/379
f 393/393/405 361/361/378 362/362/380
f 376/376/406 406/406/404 375/375/379
f 394/394/407 362/362/380 363/363/384
f 377/377/382 407/407/408 376/376/406
f 364/364/409 394/394/407 363/363/384
f 409/409/410 377/377/382 378/378/385
f 396/396/411 364/364/409 365/365/386
f 410/410/412 378/378/385 379/379/389
f 366/366/387 396/396/411 365/365/386
f 380/380/413 410/410/412 379/379/389
f 367/367/392 397/397/414 366/366/387
f 412/412/415 380/380/413 381/381/390
f 399/399/416 367/367/392 368/368/417
f 382/382/393 412/412/415 381/381/390
f 400/400/418 368/368/417 369/369/394
f 414/414/419 382/382/393 383/383/420
f 370/370/366 400/400/418 369/369/394
f 357/357/396 388/388/421 1039/1051/9
f 415/415/422 383/383/420 384/384/397
f 371/371/423 401/401/424 370/370/366
f 389/389/425 357/357/396 358/358/368
f 416/416/426 384/384/397 385/385/369
f 403/403/399 371/371/423 372/372/370
f 359/359/375 389/389/425 358/358/368
f 417/417/427 385/385/369 386/386/373
f 437/437/428 405/405/403 406/406/404
f 424/424/429 392/392/430 393/393/405
f 407/407/408 437/437/428 406/406/404
f 394/394/407 424/424/429 393/393/405
f 439/439/431 407/407/408 408/408/432
f 395/395/433 425/425/434 394/394/407
f 440/440/435 408/408/432 409/409/410
f 427/427/436 395/395/433 396/396/411
f 441/441/437 409/409/410 410/410/412
f 428/428/438 396/396/411 397/397/414
f 411/411/439 441/441/437 410/410/412
f 398/398/440 428/428/438 397/397/414
f 443/443/441 411/411/439 412/412/415
f 430/430/442 398/398/440 399/399/416
f 413/413/443 443/443/441 412/412/415
f 431/431/444 399/399/416 400/400/418
f 445/445/445 413/413/443 414/414/419
f 401/401/424 431/431/444 400/400/418
f 388/388/421 419/419/446 1039/1052/9
f 446/446/447 414/414/419 415/415/422
f 402/402/448 432/432/449 401/401/424
f 389/389/425 419/419/446 388/388/421
f 447/447/450 415/415/422 416/416/426
f 434/434/451 402/402/448 403/403/399
f 421/421/452 389/389/425 390/390/453
f 448/448/454 416/416/426 417/417/427
f 404/404/455 434/434/451 403/403/399
f 391/391/400 421/421/452 390/390/453
f 449/449/456 417/417/427 418/418/402
f 436/436/457 404/404/455 405/405/403
f 423/423/458 391/391/400 392/392/430
f 1226/1302/33 449/449/456 418/418/402
f 470/470/459 438/438/460 439/439/431
f 426/426/461 456/456/462 425/425/434
f 471/471/463 439/439/431 440/440/435
f 458/458/464 426/426/461 427/427/436
f 441/441/437 471/471/463 440/440/435
f 459/459/465 427/427/436 428/428/438
f 442/442/466 472/472/467 441/441/437
f 429/429/468 459/459/465 428/428/438
f 474/474/469 442/442/466 443/443/441
f 430/430/442 460/460/470 429/429/468
f 475/475/471 443/443/441 444/444/472
f 462/462/473 430/430/442 431/431/444
f 476/476/474 444/444/472 445/445/445
f 432/432/449 462/462/473 431/431/444
f 419/419/446 450/450/475 1039/1053/9
f 477/477/476 445/445/445 446/446/447
f 433/433/477 463/463/478 432/432/449
f 451/451/479 419/419/446 420/420/480
f 478/478/481 446/446/447 447/447/450
f 465/465/482 433/433/477 434/434/451
f 452/452/483 420/420/480 421/421/452
f 448/448/454 478/478/481 447/447/450
f 435/435/484 465/465/482 434/434/451
f 422/422/485 452/452/483 421/421/452
f 449/449/456 479/479/486 448/448/454
f 467/467/487 435/435/484 436/436/457
f 454/454/488 422/422/485 423/423/458
f 1226/1303/33 480/480/489 449/449/456
f 468/468/490 436/436/457 437/437/428
f 455/455/491 423/423/458 424/424/429
f 438/438/460 468/468/490 437/437/428
f 425/425/434 455/455/491 424/424/429
f 472/472/467 502/502/492 471/471/463
f 490/490/493 458/458/464 459/459/465
f 473/473/494 503/503/495 472/472/467
f 460/460/470 490/490/493 459/459/465
f 505/505/496 473/473/494 474/474/469
f 492/492/497 460/460/470 461/461/498
f 506/506/499 474/474/469 475/475/471
f 493/493/500 461/461/498 462/462/473
f 476/476/474 506/506/499 475/475/471
f 463/463/478 493/493/500 462/462/473
f 450/450/475 481/481/501 1039/1054/9
f 508/508/502 476/476/474 477/477/476
f 464/464/503 494/494/504 463/463/478
f 482/482/505 450/450/475 451/451/479
f 478/478/481 508/508/502 477/477/476
f 496/496/506 464/464/503 465/465/482
f 483/483/507 451/451/479 452/452/483
f 479/479/486 509/509/508 478/478/481
f 466/466/509 496/496/506 465/465/482
f 484/484/510 452/452/483 453/453/511
f 511/511/512 479/479/486 480/480/489
f 498/498/513 466/466/509 467/467/487
f 454/454/488 484/484/510 453/453/511
f 1226/1304/33 511/511/512 480/480/489
f 499/499/514 467/467/487 468/468/490
f 486/486/515 454/454/488 455/455/491
f 469/469/516 499/499/514 468/468/490
f 487/487/517 455/455/491 456/456/462
f 501/501/518 469/469/516 470/470/459
f 457/457/519 487/487/517 456/456/462
f 502/502/492 470/470/459 471/471/463
f 489/489/520 457/457/519 458/458/464
f 536/536/521 504/504/522 505/505/496
f 492/492/497 522/522/523 491/491/524
f 506/506/499 536/536/521 505/505/496
f 524/524/525 492/492/497 493/493/500
f 507/507/526 537/537/527 506/506/499
f 494/494/504 524/524/525 493/493/500
f 481/481/501 512/512/528 1039/1055/9
f 539/539/529 507/507/526 508/508/502
f 495/495/530 525/525/531 494/494/504
f 513/513/532 481/481/501 482/482/505
f 509/509/508 539/539/529 508/508/502
f 527/527/533 495/495/530 496/496/506
f 483/483/507 513/513/532 482/482/505
f 541/541/534 509/509/508 510/510/535
f 497/497/536 527/527/533 496/496/506
f 515/515/537 483/483/507 484/484/510
f 542/542/538 510/510/535 511/511/512
f 529/529/539 497/497/536 498/498/513
f 485/485/540 515/515/537 484/484/510
f 1226/1305/33 542/542/538 511/511/512
f 530/530/541 498/498/513 499/499/514
f 517/517/542 485/485/540 486/486/515
f 500/500/543 530/530/541 499/499/514
f 518/518/544 486/486/515 487/487/517
f 532/532/545 500/500/543 501/501/518
f 488/488/546 518/518/544 487/487/517
f 533/533/547 501/501/518 502/502/492
f 520/520/548 488/488/546 489/489/520
f 503/503/495 533/533/547 502/502/492
f 521/521/549 489/489/520 490/490/493
f 504/504/522 534/534/550 503/503/495
f 491/491/524 521/521/549 490/490/493
f 538/538/551 568/568/552 537/537/527
f 525/525/531 555/555/553 524/524/525
f 512/512/528 543/543/554 1039/1056/9
f 539/539/529 569/569/555 538/538/551
f 526/526/556 556/556/557 525/525/531
f 544/544/558 512/512/528 513/513/532
f 540/540/559 570/570/560 539/539/529
f 558/558/561 526/526/556 527/527/533
f 514/514/562 544/544/558 513/513/532
f 572/572/563 540/540/559 541/541/534
f 528/528/564 558/558/561 527/527/533
f 546/546/565 514/514/562 515/515/537
f 573/573/566 541/541/534 542/542/538
f 560/560/567 528/528/564 529/529/539
f 547/547/568 515/515/537 516/516/569
f 1226/1306/33 573/573/566 542/542/538
f 561/561/570 529/529/539 530/530/541
f 548/548/571 516/516/569 517/517/542
f 531/531/572 561/561/570 530/530/541
f 549/549/573 517/517/542 518/518/544
f 563/563/574 531/531/572 532/532/545
f 519/519/575 549/549/573 518/518/544
f 564/564/576 532/532/545 533/533/547
f 551/551/577 519/519/575 520/520/548
f 534/534/550 564/564/576 533/533/547
f 552/552/578 520/520/548 521/521/549
f 535/535/579 565/565/580 534/534/550
f 522/522/523 552/552/578 521/521/549
f 567/567/581 535/535/579 536/536/521
f 554/554/582 522/522/523 523/523/583
f 537/537/527 567/567/581 536/536/521
f 555/555/553 523/523/583 524/524/525
f 575/575/584 543/543/554 544/544/558
f 571/571/585 601/601/586 570/570/560
f 589/589/587 557/557/588 558/558/561
f 576/576/589 544/544/558 545/545/590
f 603/603/591 571/571/585 572/572/563
f 559/559/592 589/589/587 558/558/561
f 577/577/593 545/545/590 546/546/565
f 604/604/594 572/572/563 573/573/566
f 591/591/595 559/559/592 560/560/567
f 578/578/596 546/546/565 547/547/568
f 1226/1307/33 604/604/594 573/573/566
f 592/592/597 560/560/567 561/561/570
f 579/579/598 547/547/568 548/548/571
f 562/562/599 592/592/597 561/561/570
f 549/549/573 579/579/598 548/548/571
f 563/563/574 593/593/600 562/562/599
f 550/550/601 580/580/602 549/549/573
f 595/595/603 563/563/574 564/564/576
f 582/582/604 550/550/601 551/551/577
f 596/596/605 564/564/576 565/565/580
f 583/583/606 551/551/577 552/552/578
f 566/566/607 596/596/605 565/565/580
f 553/553/608 583/583/606 552/552/578
f 598/598/609 566/566/607 567/567/581
f 585/585/610 553/553/608 554/554/582
f 599/599/611 567/567/581 568/568/552
f 586/586/612 554/554/582 555/555/553
f 600/600/613 568/568/552 569/569/555
f 556/556/557 586/586/612 555/555/553
f 543/543/554 574/574/614 1039/1057/9
f 570/570/560 600/600/613 569/569/555
f 557/557/588 587/587/615 556/556/557
f 608/608/616 576/576/589 577/577/593
f 635/635/617 603/603/591 604/604/594
f 622/622/618 590/590/619 591/591/595
f 578/578/596 608/608/616 577/577/593
f 1226/1308/33 635/635/617 604/604/594
f 623/623/620 591/591/595 592/592/597
f 610/610/621 578/578/596 579/579/598
f 593/593/600 623/623/620 592/592/597
f 580/580/602 610/610/621 579/579/598
f 594/594/622 624/624/623 593/593/600
f 581/581/624 611/611/625 580/580/602
f 626/626/626 594/594/622 595/595/603
f 613/613/627 581/581/624 582/582/604
f 596/596/605 626/626/626 595/595/603
f 614/614/628 582/582/604 583/583/606
f 597/597/629 627/627/630 596/596/605
f 584/584/631 614/614/628 583/583/606
f 629/629/632 597/597/629 598/598/609
f 616/616/633 584/584/631 585/585/610
f 630/630/634 598/598/609 599/599/611
f 617/617/635 585/585/610 586/586/612
f 600/600/613 630/630/634 599/599/611
f 587/587/615 617/617/635 586/586/612
f 574/574/614 605/605/636 1039/1058/9
f 632/632/637 600/600/613 601/601/586
f 588/588/638 618/618/639 587/587/615
f 606/606/640 574/574/614 575/575/584
f 602/602/641 632/632/637 601/601/586
f 620/620/642 588/588/638 589/589/587
f 607/607/643 575/575/584 576/576/589
f 634/634/644 602/602/641 603/603/591
f 590/590/619 620/620/642 589/589/587
f 641/641/645 609/609/646 610/610/621
f 624/624/623 654/654/647 623/623/620
f 611/611/625 641/641/645 610/610/621
f 625/625/648 655/655/649 624/624/623
f 612/612/650 642/642/651 611/611/625
f 657/657/652 625/625/648 626/626/626
f 644/644/653 612/612/650 613/613/627
f 658/658/654 626/626/626 627/627/630
f 645/645/655 613/613/627 614/614/628
f 628/628/656 658/658/654 627/627/630
f 615/615/657 645/645/655 614/614/628
f 660/660/658 628/628/656 629/629/632
f 647/647/659 615/615/657 616/616/633
f 661/661/660 629/629/632 630/630/634
f 648/648/661 616/616/633 617/617/635
f 631/631/662 661/661/660 630/630/634
f 649/649/663 617/617/635 618/618/639
f 605/605/636 636/636/664 1039/1059/9
f 663/663/665 631/631/662 632/632/637
f 619/619/666 649/649/663 618/618/639
f 637/637/667 605/605/636 606/606/640
f 633/633/668 663/663/665 632/632/637
f 651/651/669 619/619/666 620/620/642
f 638/638/670 606/606/640 607/607/643
f 665/665/671 633/633/668 634/634/644
f 621/621/672 651/651/669 620/620/642
f 639/639/673 607/607/643 608/608/616
f 635/635/617 665/665/671 634/634/644
f 653/653/674 621/621/672 622/622/618
f 609/609/646 639/639/673 608/608/616
f 1226/1309/33 666/666/675 635/635/617
f 654/654/647 622/622/618 623/623/620
f 643/643/676 673/673/677 642/642/651
f 688/688/678 656/656/679 657/657/652
f 675/675/680 643/643/676 644/644/653
f 689/689/681 657/657/652 658/658/654
f 645/645/655 675/675/680 644/644/653
f 659/659/682 689/689/681 658/658/654
f 646/646/683 676/676/684 645/645/655
f 691/691/685 659/659/682 660/660/658
f 678/678/686 646/646/683 647/647/659
f 692/692/687 660/660/658 661/661/660
f 679/679/688 647/647/659 648/648/661
f 662/662/689 692/692/687 661/661/660
f 649/649/663 679/679/688 648/648/661
f 636/636/664 667/667/690 1039/1060/9
f 663/663/665 693/693/691 662/662/689
f 650/650/692 680/680/693 649/649/663
f 668/668/694 636/636/664 637/637/667
f 695/695/695 663/663/665 664/664/696
f 682/682/697 650/650/692 651/651/669
f 638/638/670 668/668/694 637/637/667
f 696/696/698 664/664/696 665/665/671
f 652/652/699 682/682/697 651/651/669
f 670/670/700 638/638/670 639/639/673
f 666/666/675 696/696/698 665/665/671
f 684/684/701 652/652/699 653/653/674
f 671/671/702 639/639/673 640/640/703
f 1226/1310/33 697/697/704 666/666/675
f 685/685/705 653/653/674 654/654/647
f 672/672/706 640/640/703 641/641/645
f 655/655/649 685/685/705 654/654/647
f 642/642/651 672/672/706 641/641/645
f 656/656/679 686/686/707 655/655/649
f 707/707/708 675/675/680 676/676/684
f 690/690/709 720/720/710 689/689/681
f 677/677/711 707/707/708 676/676/684
f 722/722/712 690/690/709 691/691/685
f 678/678/686 708/708/713 677/677/711
f 723/723/714 691/691/685 692/692/687
f 710/710/715 678/678/686 679/679/688
f 693/693/691 723/723/714 692/692/687
f 680/680/693 710/710/715 679/679/688
f 667/667/690 698/698/716 1039/1061/9
f 725/725/717 693/693/691 694/694/718
f 681/681/719 711/711/720 680/680/693
f 699/699/721 667/667/690 668/668/694
f 695/695/695 725/725/717 694/694/718
f 713/713/722 681/681/719 682/682/697
f 669/669/723 699/699/721 668/668/694
f 727/727/724 695/695/695 696/696/698
f 714/714/725 682/682/697 683/683/726
f 701/701/727 669/669/723 670/670/700
f 697/697/704 727/727/724 696/696/698
f 715/715/728 683/683/726 684/684/701
f 702/702/729 670/670/700 671/671/702
f 1226/1311/33 728/728/730 697/697/704
f 716/716/731 684/684/701 685/685/705
f 703/703/732 671/671/702 672/672/706
f 686/686/707 716/716/731 685/685/705
f 673/673/677 703/703/732 672/672/706
f 718/718/733 686/686/707 687/687/734
f 674/674/735 704/704/736 673/673/677
f 719/719/737 687/687/734 688/688/678
f 706/706/738 674/674/735 675/675/680
f 720/720/710 688/688/678 689/689/681
f 709/709/739 739/739/740 708/708/713
f 754/754/741 722/722/712 723/723/714
f 741/741/742 709/709/739 710/710/715
f 724/724/743 754/754/741 723/723/714
f 742/742/744 710/710/715 711/711/720
f 698/698/716 729/729/745 1039/1062/9
f 756/756/746 724/724/743 725/725/717
f 712/712/747 742/742/744 711/711/720
f 730/730/748 698/698/716 699/699/721
f 757/757/749 725/725/717 726/726/750
f 713/713/722 743/743/751 712/712/747
f 731/731/752 699/699/721 700/700/753
f 758/758/754 726/726/750 727/727/724
f 745/745/755 713/713/722 714/714/725
f 732/732/756 700/700/753 701/701/727
f 728/728/730 758/758/754 727/727/724
f 746/746/757 714/714/725 715/715/728
f 733/733/758 701/701/727 702/702/729
f 1226/1312/33 759/759/759 728/728/730
f 716/716/731 746/746/757 715/715/728
f 734/734/760 702/702/729 703/703/732
f 717/717/761 747/747/762 716/716/731
f 704/704/736 734/734/760 703/703/732
f 749/749/763 717/717/761 718/718/733
f 705/705/764 735/735/765 704/704/736
f 750/750/766 718/718/733 719/719/737
f 737/737/767 705/705/764 706/706/738
f 751/751/768 719/719/737 720/720/710
f 707/707/708 737/737/767 706/706/738
f 721/721/769 751/751/768 720/720/710
f 708/708/713 738/738/770 707/707/708
f 753/753/771 721/721/769 722/722/712
f 773/773/772 741/741/742 742/742/744
f 729/729/745 760/760/773 1039/1063/9
f 787/787/774 755/755/775 756/756/746
f 743/743/751 773/773/772 742/742/744
f 761/761/776 729/729/745 730/730/748
f 757/757/749 787/787/774 756/756/746
f 744/744/777 774/774/778 743/743/751
f 762/762/779 730/730/748 731/731/752
f 789/789/780 757/757/749 758/758/754
f 776/776/781 744/744/777 745/745/755
f 763/763/782 731/731/752 732/732/756
f 790/790/783 758/758/754 759/759/759
f 777/777/784 745/745/755 746/746/757
f 764/764/785 732/732/756 733/733/758
f 1226/1313/33 790/790/783 759/759/759
f 747/747/762 777/777/784 746/746/757
f 765/765/786 733/733/758 734/734/760
f 748/748/787 778/778/788 747/747/762
f 735/735/765 765/765/786 734/734/760
f 780/780/789 748/748/787 749/749/763
f 736/736/790 766/766/791 735/735/765
f 781/781/792 749/749/763 750/750/766
f 768/768/793 736/736/790 737/737/767
f 782/782/794 750/750/766 751/751/768
f 738/738/770 768/768/793 737/737/767
f 752/752/795 782/782/794 751/751/768
f 739/739/740 769/769/796 738/738/770
f 784/784/797 752/752/795 753/753/771
f 740/740/798 770/770/799 739/739/740
f 785/785/800 753/753/771 754/754/741
f 772/772/801 740/740/798 741/741/742
f 755/755/775 785/785/800 754/754/741
f 775/775/802 805/805/803 774/774/778
f 762/762/779 792/792/804 761/761/776
f 820/820/805 788/788/806 789/789/780
f 807/807/807 775/775/802 776/776/781
f 763/763/782 793/793/808 762/762/779
f 790/790/783 820/820/805 789/789/780
f 808/808/809 776/776/781 777/777/784
f 795/795/810 763/763/782 764/764/785
f 1226/1314/33 821/821/811 790/790/783
f 809/809/812 777/777/784 778/778/788
f 796/796/813 764/764/785 765/765/786
f 779/779/814 809/809/812 778/778/788
f 797/797/815 765/765/786 766/766/791
f 811/811/816 779/779/814 780/780/789
f 767/767/817 797/797/815 766/766/791
f 812/812/818 780/780/789 781/781/792
f 799/799/819 767/767/817 768/768/793
f 813/813/820 781/781/792 782/782/794
f 800/800/821 768/768/793 769/769/796
f 783/783/822 813/813/820 782/782/794
f 770/770/799 800/800/821 769/769/796
f 815/815/823 783/783/822 784/784/797
f 771/771/824 801/801/825 770/770/799
f 816/816/826 784/784/797 785/785/800
f 803/803/827 771/771/824 772/772/801
f 786/786/828 816/816/826 785/785/800
f 804/804/829 772/772/801 773/773/772
f 760/760/773 791/791/830 1039/1064/9
f 787/787/774 817/817/831 786/786/828
f 774/774/778 804/804/829 773/773/772
f 792/792/804 760/760/773 761/761/776
f 819/819/832 787/787/774 788/788/806
f 802/802/833 832/832/834 801/801/825
f 847/847/835 815/815/823 816/816/826
f 834/834/836 802/802/833 803/803/827
f 817/817/831 847/847/835 816/816/826
f 835/835/837 803/803/827 804/804/829
f 791/791/830 822/822/838 1039/1065/9
f 849/849/839 817/817/831 818/818/840
f 805/805/803 835/835/837 804/804/829
f 823/823/841 791/791/830 792/792/804
f 850/850/842 818/818/840 819/819/832
f 806/806/843 836/836/844 805/805/803
f 824/824/845 792/792/804 793/793/808
f 851/851/846 819/819/832 820/820/805
f 838/838/847 806/806/843 807/807/807
f 825/825/848 793/793/808 794/794/849
f 821/821/811 851/851/846 820/820/805
f 839/839/850 807/807/807 808/808/809
f 826/826/851 794/794/849 795/795/810
f 1226/1315/33 852/852/852 821/821/811
f 809/809/812 839/839/850 808/808/809
f 827/827/853 795/795/810 796/796/813
f 810/810/854 840/840/855 809/809/812
f 797/797/815 827/827/853 796/796/813
f 842/842/856 810/810/854 811/811/816
f 798/798/857 828/828/858 797/797/815
f 843/843/859 811/811/816 812/812/818
f 830/830/860 798/798/857 799/799/819
f 813/813/820 843/843/859 812/812/818
f 831/831/861 799/799/819 800/800/821
f 814/814/862 844/844/863 813/813/820
f 801/801/825 831/831/861 800/800/821
f 846/846/864 814/814/862 815/815/823
f 866/866/865 834/834/836 835/835/837
f 822/822/838 853/853/866 1039/1066/9
f 880/880/867 848/848/868 849/849/839
f 836/836/844 866/866/865 835/835/837
f 854/854/869 822/822/838 823/823/841
f 881/881/870 849/849/839 850/850/842
f 868/868/871 836/836/844 837/837/872
f 824/824/845 854/854/869 823/823/841
f 882/882/873 850/850/842 851/851/846
f 869/869/874 837/837/872 838/838/847
f 825/825/848 855/855/875 824/824/845
f 852/852/852 882/882/873 851/851/846
f 870/870/876 838/838/847 839/839/850
f 857/857/877 825/825/848 826/826/851
f 1226/1316/33 883/883/878 852/852/852
f 840/840/855 870/870/876 839/839/850
f 858/858/879 826/826/851 827/827/853
f 841/841/880 871/871/881 840/840/855
f 859/859/882 827/827/853 828/828/858
f 873/873/883 841/841/880 842/842/856
f 829/829/884 859/859/882 828/828/858
f 874/874/885 842/842/856 843/843/859
f 861/861/886 829/829/884 830/830/860
f 875/875/887 843/843/859 844/844/863
f 862/862/888 830/830/860 831/831/861
f 845/845/889 875/875/887 844/844/863
f 832/832/834 862/862/888 831/831/861
f 877/877/890 845/845/889 846/846/864
f 833/833/891 863/863/892 832/832/834
f 878/878/893 846/846/864 847/847/835
f 865/865/894 833/833/891 834/834/836
f 848/848/868 878/878/893 847/847/835
f 868/868/871 898/898/895 867/867/896
f 855/855/875 885/885/897 854/854/869
f 913/913/898 881/881/870 882/882/873
f 900/900/899 868/868/871 869/869/874
f 887/887/900 855/855/875 856/856/901
f 914/914/902 882/882/873 883/883/878
f 901/901/903 869/869/874 870/870/876
f 888/888/904 856/856/901 857/857/877
f 1226/1317/33 914/914/902 883/883/878
f 871/871/881 901/901/903 870/870/876
f 889/889/905 857/857/877 858/858/879
f 872/872/906 902/902/907 871/871/881
f 890/890/908 858/858/879 859/859/882
f 904/904/909 872/872/906 873/873/883
f 860/860/910 890/890/908 859/859/882
f 905/905/911 873/873/883 874/874/885
f 892/892/912 860/860/910 861/861/886
f 875/875/887 905/905/911 874/874/885
f 893/893/913 861/861/886 862/862/888
f 876/876/914 906/906/915 875/875/887
f 863/863/892 893/893/913 862/862/888
f 908/908/916 876/876/914 877/877/890
f 864/864/917 894/894/918 863/863/892
f 878/878/893 908/908/916 877/877/890
f 896/896/919 864/864/917 865/865/894
f 879/879/920 909/909/921 878/878/893
f 897/897/922 865/865/894 866/866/865
f 853/853/866 884/884/923 1039/1067/9
f 911/911/924 879/879/920 880/880/867
f 867/867/896 897/897/922 866/866/865
f 885/885/897 853/853/866 854/854/869
f 881/881/870 911/911/924 880/880/867
f 932/932/925 900/900/899 901/901/903
f 919/919/926 887/887/900 888/888/904
f 1226/1318/33 945/945/927 914/914/902
f 902/902/907 932/932/925 901/901/903
f 920/920/928 888/888/904 889/889/905
f 903/903/929 933/933/930 902/902/907
f 921/921/931 889/889/905 890/890/908
f 935/935/932 903/903/929 904/904/909
f 891/891/933 921/921/931 890/890/908
f 936/936/934 904/904/909 905/905/911
f 923/923/935 891/891/933 892/892/912
f 906/906/915 936/936/934 905/905/911
f 924/924/936 892/892/912 893/893/913
f 907/907/937 937/937/938 906/906/915
f 894/894/918 924/924/936 893/893/913
f 939/939/939 907/907/937 908/908/916
f 926/926/940 894/894/918 895/895/941
f 940/940/942 908/908/916 909/909/921
f 927/927/943 895/895/941 896/896/919
f 910/910/944 940/940/942 909/909/921
f 928/928/945 896/896/919 897/897/922
f 884/884/923 915/915/946 1039/1068/9
f 942/942/947 910/910/944 911/911/924
f 898/898/895 928/928/945 897/897/922
f 916/916/948 884/884/923 885/885/897
f 943/943/949 911/911/924 912/912/950
f 899/899/951 929/929/952 898/898/895
f 886/886/953 916/916/948 885/885/897
f 944/944/954 912/912/950 913/913/898
f 931/931/955 899/899/951 900/900/899
f 918/918/956 886/886/953 887/887/900
f 945/945/927 913/913/898 914/914/902
f 934/934/957 964/964/958 933/933/930
f 952/952/959 920/920/928 921/921/931
f 935/935/932 965/965/960 934/934/957
f 922/922/961 952/952/959 921/921/931
f 967/967/962 935/935/932 936/936/934
f 954/954/963 922/922/961 923/923/935
f 937/937/938 967/967/962 936/936/934
f 955/955/964 923/923/935 924/924/936
f 938/938/965 968/968/966 937/937/938
f 925/925/967 955/955/964 924/924/936
f 970/970/968 938/938/965 939/939/939
f 957/957/969 925/925/967 926/926/940
f 971/971/970 939/939/939 940/940/942
f 958/958/971 926/926/940 927/927/943
f 941/941/972 971/971/970 940/940/942
f 959/959/973 927/927/943 928/928/945
f 915/915/946 946/946/974 1039/1069/9
f 973/973/975 941/941/972 942/942/947
f 929/929/952 959/959/973 928/928/945
f 947/947/976 915/915/946 916/916/948
f 974/974/977 942/942/947 943/943/949
f 930/930/978 960/960/979 929/929/952
f 948/948/980 916/916/948 917/917/981
f 975/975/982 943/943/949 944/944/954
f 962/962/983 930/930/978 931/931/955
f 918/918/956 948/948/980 917/917/981
f 945/945/927 975/975/982 944/944/954
f 963/963/984 931/931/955 932/932/925
f 950/950/985 918/918/956 919/919/926
f 1226/1319/33 976/976/986 945/945/927
f 933/933/930 963/963/984 932/932/925
f 951/951/987 919/919/926 920/920/928
f 998/998/988 966/966/989 967/967/962
f 985/985/990 953/953/991 954/954/963
f 968/968/966 998/998/988 967/967/962
f 986/986/992 954/954/963 955/955/964
f 969/969/993 999/999/994 968/968/966
f 956/956/995 986/986/992 955/955/964
f 1001/1001/996 969/969/993 970/970/968
f 988/988/997 956/956/995 957/957/969
f 1002/1002/998 970/970/968 971/971/970
f 989/989/999 957/957/969 958/958/971
f 972/972/1000 1002/1002/998 971/971/970
f 990/990/1001 958/958/971 959/959/973
f 946/946/974 977/977/1002 1039/1070/9
f 1004/1004/1003 972/972/1000 973/973/975
f 960/960/979 990/990/1001 959/959/973
f 947/947/976 977/977/1002 946/946/974
f 974/974/977 1004/1004/1003 973/973/975
f 961/961/1004 991/991/1005 960/960/979
f 979/979/1006 947/947/976 948/948/980
f 1006/1006/1007 974/974/977 975/975/982
f 993/993/1008 961/961/1004 962/962/983
f 980/980/1009 948/948/980 949/949/1010
f 1007/1007/1011 975/975/982 976/976/986
f 994/994/1012 962/962/983 963/963/984
f 950/950/985 980/980/1009 949/949/1010
f 1226/1320/33 1007/1007/1011 976/976/986
f 964/964/958 994/994/1012 963/963/984
f 982/982/1013 950/950/985 951/951/987
f 965/965/960 995/995/1014 964/964/958
f 983/983/1015 951/951/987 952/952/959
f 997/997/1016 965/965/960 966/966/989
f 953/953/991 983/983/1015 952/952/959
f 1000/1000/1017 1030/1030/1018 999/999/994
f 987/987/1019 1017/1017/1020 986/986/992
f 1032/1032/1021 1000/1000/1017 1001/1001/996
f 988/988/997 1018/1018/1022 987/987/1019
f 1002/1002/998 1032/1032/1021 1001/1001/996
f 989/989/999 1019/1019/1023 988/988/997
f 1003/1003/1024 1033/1033/1025 1002/1002/998
f 1021/1021/1026 989/989/999 990/990/1001
f 977/977/1002 1008/1008/1027 1039/1071/9
f 1035/1035/1028 1003/1003/1024 1004/1004/1003
f 991/991/1005 1021/1021/1026 990/990/1001
f 1009/1009/1029 977/977/1002 978/978/1030
f 1005/1005/1031 1035/1035/1028 1004/1004/1003
f 992/992/1032 1022/1022/1033 991/991/1005
f 979/979/1006 1009/1009/1029 978/978/1030
f 1037/1037/1034 1005/1005/1031 1006/1006/1007
f 1024/1024/1035 992/992/1032 993/993/1008
f 1011/1011/1036 979/979/1006 980/980/1009
f 1038/1038/1037 1006/1006/1007 1007/1007/1011
f 1025/1025/1038 993/993/1008 994/994/1012
f 981/981/1039 1011/1011/1036 980/980/1009
f 1226/1321/33 1038/1038/1037 1007/1007/1011
f 995/995/1014 1025/1025/1038 994/994/1012
f 1013/1013/1040 981/981/1039 982/982/1013
f 1027/1027/1041 995/995/1014 996/996/1042
f 1014/1014/1043 982/982/1013 983/983/1015
f 1028/1028/1044 996/996/1042 997/997/1016
f 984/984/1045 1014/1014/1043 983/983/1015
f 1029/1029/1046 997/997/1016 998/998/988
f 1016/1016/1047 984/984/1045 985/985/990
f 999/999/994 1029/1029/1046 998/998/988
f 1017/1017/1020 985/985/990 986/986/992
f 1065/1128/1048 1032/1032/1021 1033/1033/1025
f 1052/1115/1049 1019/1019/1023 1020/1020/1050
f 1034/1034/1051 1065/1128/1048 1033/1033/1025
f 1053/1116/1052 1020/1020/1050 1021/1021/1026
f 1008/1008/1027 1040/1103/1053 1039/1072/9
f 1067/1130/1054 1034/1034/1051 1035/1035/1028
f 1022/1022/1033 1053/1116/1052 1021/1021/1026
f 1009/1009/1029 1040/1103/1053 1008/1008/1027
f 1036/1036/1055 1067/1130/1054 1035/1035/1028
f 1023/1023/1056 1054/1117/1057 1022/1022/1033
f 1010/1010/1058 1041/1104/1059 1009/1009/1029
f 1069/1132/1060 1036/1036/1055 1037/1037/1034
f 1056/1119/1061 1023/1023/1056 1024/1024/1035
f 1043/1106/1062 1010/1010/1058 1011/1011/1036
f 1070/1133/1063 1037/1037/1034 1038/1038/1037
f 1057/1120/1064 1024/1024/1035 1025/1025/1038
f 1044/1107/1065 1011/1011/1036 1012/1012/1066
f 1226/1322/33 1070/1133/1063 1038/1038/1037
f 1026/1026/1067 1057/1120/1064 1025/1025/1038
f 1045/1108/1068 1012/1012/1066 1013/1013/1040
f 1027/1027/1041 1058/1121/1069 1026/1026/1067
f 1014/1014/1043 1045/1108/1068 1013/1013/1040
f 1060/1123/1070 1027/1027/1041 1028/1028/1044
f 1015/1015/1071 1046/1109/1072 1014/1014/1043
f 1061/1124/1073 1028/1028/1044 1029/1029/1046
f 1048/1111/1074 1015/1015/1071 1016/1016/1047
f 1062/1125/1075 1029/1029/1046 1030/1030/1018
f 1017/1017/1020 1048/1111/1074 1016/1016/1047
f 1031/1031/1076 1062/1125/1075 1030/1030/1018
f 1018/1018/1022 1049/1112/1077 1017/1017/1020
f 1064/1127/1078 1031/1031/1076 1032/1032/1021
f 1019/1019/1023 1050/1113/1079 1018/1018/1022
f 1040/1103/1053 1071/1134/1080 1039/1073/9
f 1067/1130/1054 1097/1160/1081 1066/1129/1082
f 1054/1117/1057 1084/1147/1083 1053/1116/1052
f 1072/1135/1084 1040/1103/1053 1041/1104/1059
f 1068/1131/1085 1098/1161/1086 1067/1130/1054
f 1055/1118/1087 1085/1148/1088 1054/1117/1057
f 1073/1136/1089 1041/1104/1059 1042/1105/1090
f 1100/1163/1091 1068/1131/1085 1069/1132/1060
f 1087/1150/1092 1055/1118/1087 1056/1119/1061
f 1074/1137/1093 1042/1105/1090 1043/1106/1062
f 1070/1133/1063 1100/1163/1091 1069/1132/1060
f 1088/1151/1094 1056/1119/1061 1057/1120/1064
f 1075/1138/1095 1043/1106/1062 1044/1107/1065
f 1226/1323/33 1101/1164/1096 1070/1133/1063
f 1058/1121/1069 1088/1151/1094 1057/1120/1064
f 1076/1139/1097 1044/1107/1065 1045/1108/1068
f 1090/1153/1098 1058/1121/1069 1059/1122/1099
f 1077/1140/1100 1045/1108/1068 1046/1109/1072
f 1091/1154/1101 1059/1122/1099 1060/1123/1070
f 1047/1110/1102 1077/1140/1100 1046/1109/1072
f 1092/1155/1103 1060/1123/1070 1061/1124/1073
f 1079/1142/1104 1047/1110/1102 1048/1111/1074
f 1062/1125/1075 1092/1155/1103 1061/1124/1073
f 1080/1143/1105 1048/1111/1074 1049/1112/1077
f 1063/1126/1106 1093/1156/1107 1062/1125/1075
f 1050/1113/1079 1080/1143/1105 1049/1112/1077
f 1095/1158/1108 1063/1126/1106 1064/1127/1078
f 1051/1114/1109 1081/1144/1110 1050/1113/1079
f 1096/1159/1111 1064/1127/1078 1065/1128/1048
f 1052/1115/1049 1082/1145/1112 1051/1114/1109
f 1066/1129/1082 1096/1159/1111 1065/1128/1048
f 1084/1147/1083 1052/1115/1049 1053/1116/1052
f 1104/1167/1113 1072/1135/1084 1073/1136/1089
f 1131/1194/1114 1099/1162/1115 1100/1163/1091
f 1118/1181/1116 1086/1149/1117 1087/1150/1092
f 1105/1168/1118 1073/1136/1089 1074/1137/1093
f 1132/1195/1119 1100/1163/1091 1101/1164/1096
f 1119/1182/1120 1087/1150/1092 1088/1151/1094
f 1106/1169/1121 1074/1137/1093 1075/1138/1095
f 1226/1324/33 1132/1195/1119 1101/1164/1096
f 1089/1152/1122 1119/1182/1120 1088/1151/1094
f 1107/1170/1123 1075/1138/1095 1076/1139/1097
f 1121/1184/1124 1089/1152/1122 1090/1153/1098
f 1077/1140/1100 1107/1170/1123 1076/1139/1097
f 1091/1154/1101 1121/1184/1124 1090/1153/1098
f 1078/1141/1125 1108/1171/1126 1077/1140/1100
f 1123/1186/1127 1091/1154/1101 1092/1155/1103
f 1110/1173/1128 1078/1141/1125 1079/1142/1104
f 1124/1187/1129 1092/1155/1103 1093/1156/1107
f 1111/1174/1130 1079/1142/1104 1080/1143/1105
f 1094/1157/1131 1124/1187/1129 1093/1156/1107
f 1081/1144/1110 1111/1174/1130 1080/1143/1105
f 1126/1189/1132 1094/1157/1131 1095/1158/1108
f 1113/1176/1133 1081/1144/1110 1082/1145/1112
f 1096/1159/1111 1126/1189/1132 1095/1158/1108
f 1083/1146/1134 1113/1176/1133 1082/1145/1112
f 1097/1160/1081 1127/1190/1135 1096/1159/1111
f 1115/1178/1136 1083/1146/1134 1084/1147/1083
f 1071/1134/1080 1102/1165/1137 1039/1074/9
f 1129/1192/1138 1097/1160/1081 1098/1161/1086
f 1085/1148/1088 1115/1178/1136 1084/1147/1083
f 1072/1135/1084 1102/1165/1137 1071/1134/1080
f 1130/1193/1139 1098/1161/1086 1099/1162/1115
f 1086/1149/1117 1116/1179/1140 1085/1148/1088
f 1106/1169/1121 1136/1199/1141 1105/1168/1118
f 1226/1325/33 1163/1226/1142 1132/1195/1119
f 1120/1183/1143 1150/1213/1144 1119/1182/1120
f 1138/1201/1145 1106/1169/1121 1107/1170/1123
f 1152/1215/1146 1120/1183/1143 1121/1184/1124
f 1108/1171/1126 1138/1201/1145 1107/1170/1123
f 1153/1216/1147 1121/1184/1124 1122/1185/1148
f 1109/1172/1149 1139/1202/1150 1108/1171/1126
f 1154/1217/1151 1122/1185/1148 1123/1186/1127
f 1141/1204/1152 1109/1172/1149 1110/1173/1128
f 1124/1187/1129 1154/1217/1151 1123/1186/1127
f 1142/1205/1153 1110/1173/1128 1111/1174/1130
f 1125/1188/1154 1155/1218/1155 1124/1187/1129
f 1112/1175/1156 1142/1205/1153 1111/1174/1130
f 1157/1220/1157 1125/1188/1154 1126/1189/1132
f 1144/1207/1158 1112/1175/1156 1113/1176/1133
f 1158/1221/1159 1126/1189/1132 1127/1190/1135
f 1114/1177/1160 1144/1207/1158 1113/1176/1133
f 1128/1191/1161 1158/1221/1159 1127/1190/1135
f 1146/1209/1162 1114/1177/1160 1115/1178/1136
f 1102/1165/1137 1133/1196/1163 1039/1075/9
f 1160/1223/1164 1128/1191/1161 1129/1192/1138
f 1116/1179/1140 1146/1209/1162 1115/1178/1136
f 1134/1197/1165 1102/1165/1137 1103/1166/1166
f 1130/1193/1139 1160/1223/1164 1129/1192/1138
f 1117/1180/1167 1147/1210/1168 1116/1179/1140
f 1135/1198/1169 1103/1166/1166 1104/1167/1113
f 1162/1225/1170 1130/1193/1139 1131/1194/1114
f 1149/1212/1171 1117/1180/1167 1118/1181/1116
f 1136/1199/1141 1104/1167/1113 1105/1168/1118
f 1132/1195/1119 1162/1225/1170 1131/1194/1114
f 1150/1213/1144 1118/1181/1116 1119/1182/1120
f 1139/1202/1150 1169/1232/1172 1138/1201/1145
f 1153/1216/1147 1183/1246/1173 1152/1215/1146
f 1140/1203/1174 1170/1233/1175 1139/1202/1150
f 1185/1248/1176 1153/1216/1147 1154/1217/1151
f 1172/1235/1177 1140/1203/1174 1141/1204/1152
f 1186/1249/1178 1154/1217/1151 1155/1218/1155
f 1142/1205/1153 1172/1235/1177 1141/1204/1152
f 1156/1219/1179 1186/1249/1178 1155/1218/1155
f 1143/1206/1180 1173/1236/1181 1142/1205/1153
f 1188/1251/1182 1156/1219/1179 1157/1220/1157
f 1175/1238/1183 1143/1206/1180 1144/1207/1158
f 1189/1252/1184 1157/1220/1157 1158/1221/1159
f 1145/1208/1185 1175/1238/1183 1144/1207/1158
f 1159/1222/1186 1189/1252/1184 1158/1221/1159
f 1177/1240/1187 1145/1208/1185 1146/1209/1162
f 1133/1196/1163 1164/1227/1188 1039/1076/9
f 1191/1254/1189 1159/1222/1186 1160/1223/1164
f 1147/1210/1168 1177/1240/1187 1146/1209/1162
f 1165/1228/1190 1133/1196/1163 1134/1197/1165
f 1192/1255/1191 1160/1223/1164 1161/1224/1192
f 1148/1211/1193 1178/1241/1194 1147/1210/1168
f 1166/1229/1195 1134/1197/1165 1135/1198/1169
f 1193/1256/1196 1161/1224/1192 1162/1225/1170
f 1180/1243/1197 1148/1211/1193 1149/1212/1171
f 1167/1230/1198 1135/1198/1169 1136/1199/1141
f 1194/1257/1199 1162/1225/1170 1163/1226/1142
f 1181/1244/1200 1149/1212/1171 1150/1213/1144
f 1168/1231/1201 1136/1199/1141 1137/1200/1202
f 1226/1326/33 1194/1257/1199 1163/1226/1142
f 1151/1214/1203 1181/1244/1200 1150/1213/1144
f 1169/1232/1172 1137/1200/1202 1138/1201/1145
f 1183/1246/1173 1151/1214/1203 1152/1215/1146
f 1203/1266/1204 1171/1234/1205 1172/1235/1177
f 1217/1280/1206 1185/1248/1176 1186/1249/1178
f 1204/1267/1207 1172/1235/1177 1173/1236/1181
f 1187/1250/1208 1217/1280/1206 1186/1249/1178
f 1174/1237/1209 1204/1267/1207 1173/1236/1181
f 1219/1282/1210 1187/1250/1208 1188/1251/1182
f 1175/1238/1183 1205/1268/1211 1174/1237/1209
f 1189/1252/1184 1219/1282/1210 1188/1251/1182
f 1176/1239/1212 1206/1269/1213 1175/1238/1183
f 1190/1253/1214 1220/1283/1215 1189/1252/1184
f 1208/1271/1216 1176/1239/1212 1177/1240/1187
f 1164/1227/1188 1195/1258/1217 1039/1077/9
f 1222/1285/1218 1190/1253/1214 1191/1254/1189
f 1178/1241/1194 1208/1271/1216 1177/1240/1187
f 1196/1259/1219 1164/1227/1188 1165/1228/1190
f 1192/1255/1191 1222/1285/1218 1191/1254/1189
f 1179/1242/1220 1209/1272/1221 1178/1241/1194
f 1166/1229/1195 1196/1259/1219 1165/1228/1190
f 1224/1287/1222 1192/1255/1191 1193/1256/1196
f 1211/1274/1223 1179/1242/1220 1180/1243/1197
f 1198/1261/1224 1166/1229/1195 1167/1230/1198
f 1194/1257/1199 1224/1287/1222 1193/1256/1196
f 1212/1275/1225 1180/1243/1197 1181/1244/1200
f 1199/1262/1226 1167/1230/1198 1168/1231/1201
f 1226/1327/33 1225/1288/1227 1194/1257/1199
f 1182/1245/1228 1212/1275/1225 1181/1244/1200
f 1200/1263/1229 1168/1231/1201 1169/1232/1172
f 1214/1277/1230 1182/1245/1228 1183/1246/1173
f 1201/1264/1231 1169/1232/1172 1170/1233/1175
f 1215/1278/1232 1183/1246/1173 1184/1247/1233
f 1171/1234/1205 1201/1264/1231 1170/1233/1175
f 1216/1279/1234 1184/1247/1233 1185/1248/1176
f 1205/1268/1211 1236/1362/1235 1204/1267/1207
f 1251/1377/1236 1218/1281/1237 1219/1282/1210
f 1206/1269/1213 1237/1363/1238 1205/1268/1211
f 1252/1378/1239 1219/1282/1210 1220/1283/1215
f 1207/1270/1240 1238/1364/1241 1206/1269/1213
f 1221/1284/1242 1252/1378/1239 1220/1283/1215
f 1240/1366/1243 1207/1270/1240 1208/1271/1216
f 1195/1258/1217 1227/1353/1244 1039/1078/9
f 1222/1285/1218 1253/1379/1245 1221/1284/1242
f 1209/1272/1221 1240/1366/1243 1208/1271/1216
f 1228/1354/1246 1195/1258/1217 1196/1259/1219
f 1223/1286/1247 1254/1380/1248 1222/1285/1218
f 1210/1273/1249 1241/1367/1250 1209/1272/1221
f 1197/1260/1251 1228/1354/1246 1196/1259/1219
f 1256/1382/1252 1223/1286/1247 1224/1287/1222
f 1243/1369/1253 1210/1273/1249 1211/1274/1223
f 1230/1356/1254 1197/1260/1251 1198/1261/1224
f 1225/1288/1227 1256/1382/1252 1224/1287/1222
f 1244/1370/1255 1211/1274/1223 1212/1275/1225
f 1231/1357/1256 1198/1261/1224 1199/1262/1226
f 1226/1328/33 1257/1383/1257 1225/1288/1227
f 1213/1276/1258 1244/1370/1255 1212/1275/1225
f 1232/1358/1259 1199/1262/1226 1200/1263/1229
f 1246/1372/1260 1213/1276/1258 1214/1277/1230
f 1233/1359/1261 1200/1263/1229 1201/1264/1231
f 1247/1373/1262 1214/1277/1230 1215/1278/1232
f 1202/1265/1263 1233/1359/1261 1201/1264/1231
f 1248/1374/1264 1215/1278/1232 1216/1279/1234
f 1235/1361/1265 1202/1265/1263 1203/1266/1204
f 1217/1280/1206 1248/1374/1264 1216/1279/1234
f 1236/1362/1235 1203/1266/1204 1204/1267/1207
f 1218/1281/1237 1249/1375/1266 1217/1280/1206
f 1270/1396/1267 1238/1364/1241 1239/1365/1268
f 1253/1379/1245 1283/1409/1269 1252/1378/1239
f 1271/1397/1270 1239/1365/1268 1240/1366/1243
f 1227/1353/1244 1258/1384/1271 1039/1079/9
f 1285/1411/1272 1253/1379/1245 1254/1380/1248
f 1241/1367/1250 1271/1397/1270 1240/1366/1243
f 1259/1385/1273 1227/1353/1244 1228/1354/1246
f 1255/1381/1274 1285/1411/1272 1254/1380/1248
f 1242/1368/1275 1272/1398/1276 1241/1367/1250
f 1229/1355/1277 1259/1385/1273 1228/1354/1246
f 1287/1413/1278 1255/1381/1274 1256/1382/1252
f 1274/1400/1279 1242/1368/1275 1243/1369/1253
f 1261/1387/1280 1229/1355/1277 1230/1356/1254
f 1257/1383/1257 1287/1413/1278 1256/1382/1252
f 1275/1401/1281 1243/1369/1253 1244/1370/1255
f 1262/1388/1282 1230/1356/1254 1231/1357/1256
f 1226/1329/33 1288/1414/1283 1257/1383/1257
f 1245/1371/1284 1275/1401/1281 1244/1370/1255
f 1263/1389/1285 1231/1357/1256 1232/1358/1259
f 1246/1372/1260 1276/1402/1286 1245/1371/1284
f 1264/1390/1287 1232/1358/1259 1233/1359/1261
f 1278/1404/1288 1246/1372/1260 1247/1373/1262
f 1234/1360/1289 1264/1390/1287 1233/1359/1261
f 1279/1405/1290 1247/1373/1262 1248/1374/1264
f 1266/1392/1291 1234/1360/1289 1235/1361/1265
f 1280/1406/1292 1248/1374/1264 1249/1375/1266
f 1236/1362/1235 1266/1392/1291 1235/1361/1265
f 1250/1376/1293 1280/1406/1292 1249/1375/1266
f 1237/1363/1238 1267/1393/1294 1236/1362/1235
f 1282/1408/1295 1250/1376/1293 1251/1377/1236
f 1238/1364/1241 1268/1394/1296 1237/1363/1238
f 1252/1378/1239 1282/1408/1295 1251/1377/1236
f 1272/1398/1276 1302/1428/1297 1271/1397/1270
f 1290/1416/1298 1258/1384/1271 1259/1385/1273
f 1317/1443/1299 1285/1411/1272 1286/1412/1300
f 1273/1399/1301 1303/1429/1302 1272/1398/1276
f 1260/1386/1303 1290/1416/1298 1259/1385/1273
f 1318/1444/1304 1286/1412/1300 1287/1413/1278
f 1305/1431/1305 1273/1399/1301 1274/1400/1279
f 1292/1418/1306 1260/1386/1303 1261/1387/1280
f 1288/1414/1283 1318/1444/1304 1287/1413/1278
f 1306/1432/1307 1274/1400/1279 1275/1401/1281
f 1293/1419/1308 1261/1387/1280 1262/1388/1282
f 1226/1330/33 1319/1445/1309 1288/1414/1283
f 1276/1402/1286 1306/1432/1307 1275/1401/1281
f 1294/1420/1310 1262/1388/1282 1263/1389/1285
f 1308/1434/1311 1276/1402/1286 1277/1403/1312
f 1295/1421/1313 1263/1389/1285 1264/1390/1287
f 1309/1435/1314 1277/1403/1312 1278/1404/1288
f 1265/1391/1315 1295/1421/1313 1264/1390/1287
f 1310/1436/1316 1278/1404/1288 1279/1405/1290
f 1297/1423/1317 1265/1391/1315 1266/1392/1291
f 1311/1437/1318 1279/1405/1290 1280/1406/1292
f 1298/1424/1319 1266/1392/1291 1267/1393/1294
f 1281/1407/1320 1311/1437/1318 1280/1406/1292
f 1268/1394/1296 1298/1424/1319 1267/1393/1294
f 1313/1439/1321 1281/1407/1320 1282/1408/1295
f 1269/1395/1322 1299/1425/1323 1268/1394/1296
f 1283/1409/1269 1313/1439/1321 1282/1408/1295
f 1270/1396/1267 1300/1426/1324 1269/1395/1322
f 1284/1410/1325 1314/1440/1326 1283/1409/1269
f 1302/1428/1297 1270/1396/1267 1271/1397/1270
f 1258/1384/1271 1289/1415/1327 1039/1080/9
f 1316/1442/1328 1284/1410/1325 1285/1411/1272
f 1336/1462/1329 1304/1430/1330 1305/1431/1305
f 1323/1449/1331 1291/1417/1332 1292/1418/1306
f 1319/1445/1309 1349/1475/1333 1318/1444/1304
f 1337/1463/1334 1305/1431/1305 1306/1432/1307
f 1324/1450/1335 1292/1418/1306 1293/1419/1308
f 1226/1331/33 1350/1476/1336 1319/1445/1309
f 1307/1433/1337 1337/1463/1334 1306/1432/1307
f 1325/1451/1338 1293/1419/1308 1294/1420/1310
f 1308/1434/1311 1338/1464/1339 1307/1433/1337
f 1326/1452/1340 1294/1420/1310 1295/1421/1313
f 1340/1466/1341 1308/1434/1311 1309/1435/1314
f 1296/1422/1342 1326/1452/1340 1295/1421/1313
f 1341/1467/1343 1309/1435/1314 1310/1436/1316
f 1328/1454/1344 1296/1422/1342 1297/1423/1317
f 1342/1468/1345 1310/1436/1316 1311/1437/1318
f 1298/1424/1319 1328/1454/1344 1297/1423/1317
f 1312/1438/1346 1342/1468/1345 1311/1437/1318
f 1299/1425/1323 1329/1455/1347 1298/1424/1319
f 1344/1470/1348 1312/1438/1346 1313/1439/1321
f 1300/1426/1324 1330/1456/1349 1299/1425/1323
f 1345/1471/1350 1313/1439/1321 1314/1440/1326
f 1332/1458/1351 1300/1426/1324 1301/1427/1352
f 1315/1441/1353 1345/1471/1350 1314/1440/1326
f 1333/1459/1354 1301/1427/1352 1302/1428/1297
f 1289/1415/1327 1320/1446/1355 1039/1081/9
f 1347/1473/1356 1315/1441/1353 1316/1442/1328
f 1303/1429/1302 1333/1459/1354 1302/1428/1297
f 1321/1447/1357 1289/1415/1327 1290/1416/1298
f 1317/1443/1299 1347/1473/1356 1316/1442/1328
f 1304/1430/1330 1334/1460/1358 1303/1429/1302
f 1291/1417/1332 1321/1447/1357 1290/1416/1298
f 1349/1475/1333 1317/1443/1299 1318/1444/1304
f 1338/1464/1339 1368/1494/1359 1337/1463/1334
f 1356/1482/1360 1324/1450/1335 1325/1451/1338
f 1370/1496/1361 1338/1464/1339 1339/1465/1362
f 1357/1483/1363 1325/1451/1338 1326/1452/1340
f 1371/1497/1364 1339/1465/1362 1340/1466/1341
f 1327/1453/1365 1357/1483/1363 1326/1452/1340
f 1372/1498/1366 1340/1466/1341 1341/1467/1343
f 1359/1485/1367 1327/1453/1365 1328/1454/1344
f 1342/1468/1345 1372/1498/1366 1341/1467/1343
f 1360/1486/1368 1328/1454/1344 1329/1455/1347
f 1343/1469/1369 1373/1499/1370 1342/1468/1345
f 1330/1456/1349 1360/1486/1368 1329/1455/1347
f 1375/1501/1371 1343/1469/1369 1344/1470/1348
f 1331/1457/1372 1361/1487/1373 1330/1456/1349
f 1376/1502/1374 1344/1470/1348 1345/1471/1350
f 1332/1458/1351 1362/1488/1375 1331/1457/1372
f 1346/1472/1376 1376/1502/1374 1345/1471/1350
f 1364/1490/1377 1332/1458/1351 1333/1459/1354
f 1320/1446/1355 1351/1477/1378 1039/1082/9
f 1378/1504/1379 1346/1472/1376 1347/1473/1356
f 1334/1460/1358 1364/1490/1377 1333/1459/1354
f 1352/1478/1380 1320/1446/1355 1321/1447/1357
f 1379/1505/1381 1347/1473/1356 1348/1474/1382
f 1335/1461/1383 1365/1491/1384 1334/1460/1358
f 1322/1448/1385 1352/1478/1380 1321/1447/1357
f 1380/1506/1386 1348/1474/1382 1349/1475/1333
f 1367/1493/1387 1335/1461/1383 1336/1462/1329
f 1354/1480/1388 1322/1448/1385 1323/1449/1331
f 1350/1476/1336 1380/1506/1386 1349/1475/1333
f 1368/1494/1359 1336/1462/1329 1337/1463/1334
f 1355/1481/1389 1323/1449/1331 1324/1450/1335
f 1226/1332/33 1381/1507/1390 1350/1476/1336
f 1402/1528/1391 1370/1496/1361 1371/1497/1364
f 1358/1484/1392 1388/1514/1393 1357/1483/1363
f 1403/1529/1394 1371/1497/1364 1372/1498/1366
f 1390/1516/1395 1358/1484/1392 1359/1485/1367
f 1373/1499/1370 1403/1529/1394 1372/1498/1366
f 1391/1517/1396 1359/1485/1367 1360/1486/1368
f 1374/1500/1397 1404/1530/1398 1373/1499/1370
f 1361/1487/1373 1391/1517/1396 1360/1486/1368
f 1406/1532/1399 1374/1500/1397 1375/1501/1371
f 1362/1488/1375 1392/1518/1400 1361/1487/1373
f 1407/1533/1401 1375/1501/1371 1376/1502/1374
f 1394/1520/1402 1362/1488/1375 1363/1489/1403
f 1377/1503/1404 1407/1533/1401 1376/1502/1374
f 1395/1521/1405 1363/1489/1403 1364/1490/1377
f 1351/1477/1378 1382/1508/1406 1039/1083/9
f 1409/1535/1407 1377/1503/1404 1378/1504/1379
f 1365/1491/1384 1395/1521/1405 1364/1490/1377
f 1383/1509/1408 1351/1477/1378 1352/1478/1380
f 1379/1505/1381 1409/1535/1407 1378/1504/1379
f 1366/1492/1409 1396/1522/1410 1365/1491/1384
f 1384/1510/1411 1352/1478/1380 1353/1479/1412
f 1411/1537/1413 1379/1505/1381 1380/1506/1386
f 1398/1524/1414 1366/1492/1409 1367/1493/1387
f 1385/1511/1415 1353/1479/1412 1354/1480/1388
f 1412/1538/1416 1380/1506/1386 1381/1507/1390
f 1399/1525/1417 1367/1493/1387 1368/1494/1359
f 1386/1512/1418 1354/1480/1388 1355/1481/1389
f 1226/1333/33 1412/1538/1416 1381/1507/1390
f 1369/1495/1419 1399/1525/1417 1368/1494/1359
f 1387/1513/1420 1355/1481/1389 1356/1482/1360
f 1370/1496/1361 1400/1526/1421 1369/1495/1419
f 1357/1483/1363 1387/1513/1420 1356/1482/1360
f 1404/1530/1398 1434/1560/1422 1403/1529/1394
f 1422/1548/1423 1390/1516/1395 1391/1517/1396
f 1405/1531/1424 1435/1561/1425 1404/1530/1398
f 1392/1518/1400 1422/1548/1423 1391/1517/1396
f 1437/1563/1426 1405/1531/1424 1406/1532/1399
f 1393/1519/1427 1423/1549/1428 1392/1518/1400
f 1407/1533/1401 1437/1563/1426 1406/1532/1399
f 1425/1551/1429 1393/1519/1427 1394/1520/1402
f 1408/1534/1430 1438/1564/1431 1407/1533/1401
f 1426/1552/1432 1394/1520/1402 1395/1521/1405
f 1382/1508/1406 1413/1539/1433 1039/1084/9
f 1440/1566/1434 1408/1534/1430 1409/1535/1407
f 1396/1522/1410 1426/1552/1432 1395/1521/1405
f 1414/1540/1435 1382/1508/1406 1383/1509/1408
f 1441/1567/1436 1409/1535/1407 1410/1536/1437
f 1397/1523/1438 1427/1553/1439 1396/1522/1410
f 1384/1510/1411 1414/1540/1435 1383/1509/1408
f 1442/1568/1440 1410/1536/1437 1411/1537/1413
f 1429/1555/1441 1397/1523/1438 1398/1524/1414
f 1416/1542/1442 1384/1510/1411 1385/1511/1415
f 1443/1569/1443 1411/1537/1413 1412/1538/1416
f 1430/1556/1444 1398/1524/1414 1399/1525/1417
f 1386/1512/1418 1416/1542/1442 1385/1511/1415
f 1226/1334/33 1443/1569/1443 1412/1538/1416
f 1400/1526/1421 1430/1556/1444 1399/1525/1417
f 1418/1544/1445 1386/1512/1418 1387/1513/1420
f 1401/1527/1446 1431/1557/1447 1400/1526/1421
f 1419/1545/1448 1387/1513/1420 1388/1514/1393
f 1433/1559/1449 1401/1527/1446 1402/1528/1391
f 1389/1515/1450 1419/1545/1448 1388/1514/1393
f 1434/1560/1422 1402/1528/1391 1403/1529/1394
f 1421/1547/1451 1389/1515/1450 1390/1516/1395
f 1468/1594/1452 1436/1562/1453 1437/1563/1426
f 1455/1581/1454 1423/1549/1428 1424/1550/1455
f 1438/1564/1431 1468/1594/1452 1437/1563/1426
f 1425/1551/1429 1455/1581/1454 1424/1550/1455
f 1439/1565/1456 1469/1595/1457 1438/1564/1431
f 1457/1583/1458 1425/1551/1429 1426/1552/1432
f 1413/1539/1433 1444/1570/1459 1039/1085/9
f 1471/1597/1460 1439/1565/1456 1440/1566/1434
f 1427/1553/1439 1457/1583/1458 1426/1552/1432
f 1445/1571/1461 1413/1539/1433 1414/1540/1435
f 1472/1598/1462 1440/1566/1434 1441/1567/1436
f 1428/1554/1463 1458/1584/1464 1427/1553/1439
f 1446/1572/1465 1414/1540/1435 1415/1541/1466
f 1473/1599/1467 1441/1567/1436 1442/1568/1440
f 1460/1586/1468 1428/1554/1463 1429/1555/1441
f 1416/1542/1442 1446/1572/1465 1415/1541/1466
f 1443/1569/1443 1473/1599/1467 1442/1568/1440
f 1461/1587/1469 1429/1555/1441 1430/1556/1444
f 1448/1574/1470 1416/1542/1442 1417/1543/1471
f 1226/1335/33 1474/1600/1472 1443/1569/1443
f 1431/1557/1447 1461/1587/1469 1430/1556/1444
f 1449/1575/1473 1417/1543/1471 1418/1544/1445
f 1463/1589/1474 1431/1557/1447 1432/1558/1475
f 1450/1576/1476 1418/1544/1445 1419/1545/1448
f 1464/1590/1477 1432/1558/1475 1433/1559/1449
f 1420/1546/1478 1450/1576/1476 1419/1545/1448
f 1465/1591/1479 1433/1559/1449 1434/1560/1422
f 1452/1578/1480 1420/1546/1478 1421/1547/1451
f 1435/1561/1425 1465/1591/1479 1434/1560/1422
f 1453/1579/1481 1421/1547/1451 1422/1548/1423
f 1436/1562/1453 1466/1592/1482 1435/1561/1425
f 1423/1549/1428 1453/1579/1481 1422/1548/1423
f 1470/1596/1483 1500/1651/1484 1469/1595/1457
f 1488/1628/1485 1456/1582/1486 1457/1583/1458
f 1444/1570/1459 1475/1601/1487 1039/1086/9
f 1502/1655/1488 1470/1596/1483 1471/1597/1460
f 1458/1584/1464 1488/1628/1485 1457/1583/1458
f 1476/1604/1489 1444/1570/1459 1445/1571/1461
f 1472/1598/1462 1502/1655/1488 1471/1597/1460
f 1459/1585/1490 1489/1629/1491 1458/1584/1464
f 1477/1605/1492 1445/1571/1461 1446/1572/1465
f 1504/1660/1493 1472/1598/1462 1473/1599/1467
f 1491/1633/1494 1459/1585/1490 1460/1586/1468
f 1478/1607/1495 1446/1572/1465 1447/1573/1496
f 1474/1600/1472 1504/1660/1493 1473/1599/1467
f 1492/1636/1497 1460/1586/1468 1461/1587/1469
f 1479/1609/1498 1447/1573/1496 1448/1574/1470
f 1226/1336/33 1505/1661/1499 1474/1600/1472
f 1462/1588/1500 1492/1636/1497 1461/1587/1469
f 1480/1611/1501 1448/1574/1470 1449/1575/1473
f 1463/1589/1474 1493/1637/1502 1462/1588/1500
f 1481/1614/1503 1449/1575/1473 1450/1576/1476
f 1495/1641/1504 1463/1589/1474 1464/1590/1477
f 1451/1577/1505 1481/1614/1503 1450/1576/1476
f 1496/1644/1506 1464/1590/1477 1465/1591/1479
f 1483/1617/1507 1451/1577/1505 1452/1578/1480
f 1466/1592/1482 1496/1644/1506 1465/1591/1479
f 1484/1620/1508 1452/1578/1480 1453/1579/1481
f 1467/1593/1509 1497/1645/1510 1466/1592/1482
f 1454/1580/1511 1484/1620/1508 1453/1579/1481
f 1499/1650/1512 1467/1593/1509 1468/1594/1452
f 1455/1581/1454 1485/1621/1513 1454/1580/1511
f 1500/1651/1484 1468/1594/1452 1469/1595/1457
f 1487/1625/1514 1455/1581/1454 1456/1582/1486
f 1534/1691/1515 1502/1656/1488 1503/1658/1516
f 1490/1632/1517 1520/1677/1518 1489/1630/1491
f 1477/1606/1492 1507/1664/1519 1476/1603/1489
f 1535/1692/1520 1503/1658/1516 1504/1659/1493
f 1522/1679/1521 1490/1632/1517 1491/1634/1494
f 1509/1666/1522 1477/1606/1492 1478/1608/1495
f 1505/1662/1499 1535/1692/1520 1504/1659/1493
f 1523/1680/1523 1491/1634/1494 1492/1635/1497
f 1510/1667/1524 1478/1608/1495 1479/1610/1498
f 1226/1337/33 1536/1693/1525 1505/1662/1499
f 1493/1638/1502 1523/1680/1523 1492/1635/1497
f 1511/1668/1526 1479/1610/1498 1480/1612/1501
f 1525/1682/1527 1493/1638/1502 1494/1640/1528
f 1512/1669/1529 1480/1612/1501 1481/1613/1503
f 1526/1683/1530 1494/1640/1528 1495/1642/1504
f 1482/1616/1531 1512/1669/1529 1481/1613/1503
f 1527/1684/1532 1495/1642/1504 1496/1643/1506
f 1514/1671/1533 1482/1616/1531 1483/1618/1507
f 1497/1646/1510 1527/1684/1532 1496/1643/1506
f 1515/1672/1534 1483/1618/1507 1484/1619/1508
f 1498/1648/1535 1528/1685/1536 1497/1646/1510
f 1485/1622/1513 1515/1672/1534 1484/1619/1508
f 1530/1687/1537 1498/1648/1535 1499/1649/1512
f 1517/1674/1538 1485/1622/1513 1486/1623/1539
f 1500/1652/1484 1530/1687/1537 1499/1649/1512
f 1487/1626/1514 1517/1674/1538 1486/1623/1539
f 1501/1654/1540 1531/1688/1541 1500/1652/1484
f 1519/1676/1542 1487/1626/1514 1488/1627/1485
f 1475/1602/1487 1506/1663/1543 1039/1087/9
f 1533/1690/1544 1501/1654/1540 1502/1656/1488
f 1489/1630/1491 1519/1676/1542 1488/1627/1485
f 1507/1664/1519 1475/1602/1487 1476/1603/1489
f 1567/1724/1545 1535/1692/1520 1536/1693/1525
f 1554/1711/1546 1522/1679/1521 1523/1680/1523
f 1510/1667/1524 1540/1697/1547 1509/1666/1522
f 1226/1338/33 1567/1724/1545 1536/1693/1525
f 1524/1681/1548 1554/1711/1546 1523/1680/1523
f 1542/1699/1549 1510/1667/1524 1511/1668/1526
f 1556/1713/1550 1524/1681/1548 1525/1682/1527
f 1543/1700/1551 1511/1668/1526 1512/1669/1529
f 1557/1714/1552 1525/1682/1527 1526/1683/1530
f 1513/1670/1553 1543/1700/1551 1512/1669/1529
f 1558/1715/1554 1526/1683/1530 1527/1684/1532
f 1545/1702/1555 1513/1670/1553 1514/1671/1533
f 1528/1685/1536 1558/1715/1554 1527/1684/1532
f 1546/1703/1556 1514/1671/1533 1515/1672/1534
f 1529/1686/1557 1559/1716/1558 1528/1685/1536
f 1516/1673/1559 1546/1703/1556 1515/1672/1534
f 1561/1718/1560 1529/1686/1557 1530/1687/1537
f 1517/1674/1538 1547/1704/1561 1516/1673/1559
f 1562/1719/1562 1530/1687/1537 1531/1688/1541
f 1518/1675/1563 1548/1705/1564 1517/1674/1538
f 1532/1689/1565 1562/1719/1562 1531/1688/1541
f 1550/1707/1566 1518/1675/1563 1519/1676/1542
f 1506/1663/1543 1537/1694/1567 1039/1088/9
f 1564/1721/1568 1532/1689/1565 1533/1690/1544
f 1520/1677/1518 1550/1707/1566 1519/1676/1542
f 1538/1695/1569 1506/1663/1543 1507/1664/1519
f 1534/1691/1515 1564/1721/1568 1533/1690/1544
f 1521/1678/1570 1551/1708/1571 1520/1677/1518
f 1539/1696/1572 1507/1664/1519 1508/1665/1573
f 1566/1723/1574 1534/1691/1515 1535/1692/1520
f 1553/1710/1575 1521/1678/1570 1522/1679/1521
f 1540/1697/1547 1508/1665/1573 1509/1666/1522
f 1587/1744/1576 1555/1712/1577 1556/1713/1550
f 1574/1731/1578 1542/1699/1549 1543/1700/1551
f 1588/1745/1579 1556/1713/1550 1557/1714/1552
f 1544/1701/1580 1574/1731/1578 1543/1700/1551
f 1589/1746/1581 1557/1714/1552 1558/1715/1554
f 1576/1733/1582 1544/1701/1580 1545/1702/1555
f 1559/1716/1558 1589/1746/1581 1558/1715/1554
f 1577/1734/1583 1545/1702/1555 1546/1703/1556
f 1560/1717/1584 1590/1747/1585 1559/1716/1558
f 1547/1704/1561 1577/1734/1583 1546/1703/1556
f 1592/1749/1586 1560/1717/1584 1561/1718/1560
f 1548/1705/1564 1578/1735/1587 1547/1704/1561
f 1562/1719/1562 1592/1749/1586 1561/1718/1560
f 1549/1706/1588 1579/1736/1589 1548/1705/1564
f 1563/1720/1590 1593/1750/1591 1562/1719/1562
f 1581/1738/1592 1549/1706/1588 1550/1707/1566
f 1537/1694/1567 1568/1725/1593 1039/1089/9
f 1595/1752/1594 1563/1720/1590 1564/1721/1568
f 1551/1708/1571 1581/1738/1592 1550/1707/1566
f 1569/1726/1595 1537/1694/1567 1538/1695/1569
f 1565/1722/1596 1595/1752/1594 1564/1721/1568
f 1552/1709/1597 1582/1739/1598 1551/1708/1571
f 1570/1727/1599 1538/1695/1569 1539/1696/1572
f 1566/1723/1574 1596/1753/1600 1565/1722/1596
f 1584/1741/1601 1552/1709/1597 1553/1710/1575
f 1571/1728/1602 1539/1696/1572 1540/1697/1547
f 1567/1724/1545 1597/1754/1603 1566/1723/1574
f 1585/1742/1604 1553/1710/1575 1554/1711/1546
f 1572/1729/1605 1540/1697/1547 1541/1698/1606
f 1226/1339/33 1598/1755/1607 1567/1724/1545
f 1555/1712/1577 1585/1742/1604 1554/1711/1546
f 1573/1730/1608 1541/1698/1606 1542/1699/1549
f 1594/1751/1609 1624/1781/1610 1593/1750/1591
f 1612/1769/1611 1580/1737/1612 1581/1738/1592
f 1568/1725/1593 1599/1756/1613 1039/1090/9
f 1595/1752/1594 1625/1782/1614 1594/1751/1609
f 1582/1739/1598 1612/1769/1611 1581/1738/1592
f 1600/1757/1615 1568/1725/1593 1569/1726/1595
f 1596/1753/1600 1626/1783/1616 1595/1752/1594
f 1583/1740/1617 1613/1770/1618 1582/1739/1598
f 1601/1758/1619 1569/1726/1595 1570/1727/1599
f 1628/1785/1620 1596/1753/1600 1597/1754/1603
f 1615/1772/1621 1583/1740/1617 1584/1741/1601
f 1602/1759/1622 1570/1727/1599 1571/1728/1602
f 1629/1786/1623 1597/1754/1603 1598/1755/1607
f 1616/1773/1624 1584/1741/1601 1585/1742/1604
f 1603/1760/1625 1571/1728/1602 1572/1729/1605
f 1226/1340/33 1629/1786/1623 1598/1755/1607
f 1586/1743/1626 1616/1773/1624 1585/1742/1604
f 1604/1761/1627 1572/1729/1605 1573/1730/1608
f 1618/1775/1628 1586/1743/1626 1587/1744/1576
f 1605/1762/1629 1573/1730/1608 1574/1731/1578
f 1619/1776/1630 1587/1744/1576 1588/1745/1579
f 1575/1732/1631 1605/1762/1629 1574/1731/1578
f 1620/1777/1632 1588/1745/1579 1589/1746/1581
f 1607/1764/1633 1575/1732/1631 1576/1733/1582
f 1590/1747/1585 1620/1777/1632 1589/1746/1581
f 1608/1765/1634 1576/1733/1582 1577/1734/1583
f 1591/1748/1635 1621/1778/1636 1590/1747/1585
f 1578/1735/1587 1608/1765/1634 1577/1734/1583
f 1623/1780/1637 1591/1748/1635 1592/1749/1586
f 1579/1736/1589 1609/1766/1638 1578/1735/1587
f 1593/1750/1591 1623/1780/1637 1592/1749/1586
f 1580/1737/1612 1610/1767/1639 1579/1736/1589
f 1658/1815/1640 1626/1783/1616 1627/1784/1641
f 1614/1771/1642 1644/1801/1643 1613/1770/1618
f 1632/1789/1644 1600/1757/1615 1601/1758/1619
f 1659/1816/1645 1627/1784/1641 1628/1785/1620
f 1646/1803/1646 1614/1771/1642 1615/1772/1621
f 1602/1759/1622 1632/1789/1644 1601/1758/1619
f 1660/1817/1647 1628/1785/1620 1629/1786/1623
f 1647/1804/1648 1615/1772/1621 1616/1773/1624
f 1603/1760/1625 1633/1790/1649 1602/1759/1622
f 1226/1341/33 1660/1817/1647 1629/1786/1623
f 1617/1774/1650 1647/1804/1648 1616/1773/1624
f 1635/1792/1651 1603/1760/1625 1604/1761/1627
f 1649/1806/1652 1617/1774/1650 1618/1775/1628
f 1605/1762/1629 1635/1792/1651 1604/1761/1627
f 1650/1807/1653 1618/1775/1628 1619/1776/1630
f 1606/1763/1654 1636/1793/1655 1605/1762/1629
f 1651/1808/1656 1619/1776/1630 1620/1777/1632
f 1638/1795/1657 1606/1763/1654 1607/1764/1633
f 1621/1778/1636 1651/1808/1656 1620/1777/1632
f 1639/1796/1658 1607/1764/1633 1608/1765/1634
f 1622/1779/1659 1652/1809/1660 1621/1778/1636
f 1609/1766/1638 1639/1796/1658 1608/1765/1634
f 1654/1811/1661 1622/1779/1659 1623/1780/1637
f 1610/1767/1639 1640/1797/1662 1609/1766/1638
f 1655/1812/1663 1623/1780/1637 1624/1781/1610
f 1642/1799/1664 1610/1767/1639 1611/1768/1665
f 1625/1782/1614 1655/1812/1663 1624/1781/1610
f 1643/1800/1666 1611/1768/1665 1612/1769/1611
f 1599/1756/1613 1630/1787/1667 1039/1091/9
f 1657/1814/1668 1625/1782/1614 1626/1783/1616
f 1613/1770/1618 1643/1800/1666 1612/1769/1611
f 1600/1757/1615 1630/1787/1667 1599/1756/1613
f 1660/1817/1647 1690/1847/1669 1659/1816/1645
f 1678/1835/1670 1646/1803/1646 1647/1804/1648
f 1634/1791/1671 1664/1821/1672 1633/1790/1649
f 1226/1342/33 1691/1848/1673 1660/1817/1647
f 1648/1805/1674 1678/1835/1670 1647/1804/1648
f 1666/1823/1675 1634/1791/1671 1635/1792/1651
f 1680/1837/1676 1648/1805/1674 1649/1806/1652
f 1667/1824/1677 1635/1792/1651 1636/1793/1655
f 1681/1838/1678 1649/1806/1652 1650/1807/1653
f 1637/1794/1679 1667/1824/1677 1636/1793/1655
f 1682/1839/1680 1650/1807/1653 1651/1808/1656
f 1669/1826/1681 1637/1794/1679 1638/1795/1657
f 1683/1840/1682 1651/1808/1656 1652/1809/1660
f 1670/1827/1683 1638/1795/1657 1639/1796/1658
f 1653/1810/1684 1683/1840/1682 1652/1809/1660
f 1640/1797/1662 1670/1827/1683 1639/1796/1658
f 1685/1842/1685 1653/1810/1684 1654/1811/1661
f 1641/1798/1686 1671/1828/1687 1640/1797/1662
f 1655/1812/1663 1685/1842/1685 1654/1811/1661
f 1642/1799/1664 1672/1829/1688 1641/1798/1686
f 1656/1813/1689 1686/1843/1690 1655/1812/1663
f 1674/1831/1691 1642/1799/1664 1643/1800/1666
f 1630/1787/1667 1661/1818/1692 1039/1092/9
f 1688/1845/1693 1656/1813/1689 1657/1814/1668
f 1644/1801/1643 1674/1831/1691 1643/1800/1666
f 1662/1819/1694 1630/1787/1667 1631/1788/1695
f 1689/1846/1696 1657/1814/1668 1658/1815/1640
f 1645/1802/1697 1675/1832/1698 1644/1801/1643
f 1663/1820/1699 1631/1788/1695 1632/1789/1644
f 1659/1816/1645 1689/1846/1696 1658/1815/1640
f 1677/1834/1700 1645/1802/1697 1646/1803/1646
f 1633/1790/1649 1663/1820/1699 1632/1789/1644
f 1711/1868/1701 1679/1836/1702 1680/1837/1676
f 1667/1824/1677 1697/1854/1703 1666/1823/1675
f 1712/1869/1704 1680/1837/1676 1681/1838/1678
f 1668/1825/1705 1698/1855/1706 1667/1824/1677
f 1713/1870/1707 1681/1838/1678 1682/1839/1680
f 1700/1857/1708 1668/1825/1705 1669/1826/1681
f 1683/1840/1682 1713/1870/1707 1682/1839/1680
f 1701/1858/1709 1669/1826/1681 1670/1827/1683
f 1684/1841/1710 1714/1871/1711 1683/1840/1682
f 1671/1828/1687 1701/1858/1709 1670/1827/1683
f 1716/1873/1712 1684/1841/1710 1685/1842/1685
f 1703/1860/1713 1671/1828/1687 1672/1829/1688
f 1717/1874/1714 1685/1842/1685 1686/1843/1690
f 1673/1830/1715 1703/1860/1713 1672/1829/1688
f 1687/1844/1716 1717/1874/1714 1686/1843/1690
f 1705/1862/1717 1673/1830/1715 1674/1831/1691
f 1661/1818/1692 1692/1849/1718 1039/1093/9
f 1719/1876/1719 1687/1844/1716 1688/1845/1693
f 1675/1832/1698 1705/1862/1717 1674/1831/1691
f 1693/1850/1720 1661/1818/1692 1662/1819/1694
f 1689/1846/1696 1719/1876/1719 1688/1845/1693
f 1676/1833/1721 1706/1863/1722 1675/1832/1698
f 1694/1851/1723 1662/1819/1694 1663/1820/1699
f 1721/1878/1724 1689/1846/1696 1690/1847/1669
f 1708/1865/1725 1676/1833/1721 1677/1834/1700
f 1695/1852/1726 1663/1820/1699 1664/1821/1672
f 1722/1879/1727 1690/1847/1669 1691/1848/1673
f 1709/1866/1728 1677/1834/1700 1678/1835/1670
f 1665/1822/1729 1695/1852/1726 1664/1821/1672
f 1226/1343/33 1722/1879/1727 1691/1848/1673
f 1679/1836/1702 1709/1866/1728 1678/1835/1670
f 1697/1854/1703 1665/1822/1729 1666/1823/1675
f 1744/1901/1730 1712/1869/1704 1713/1870/1707
f 1731/1888/1731 1699/1856/1732 1700/1857/1708
f 1714/1871/1711 1744/1901/1730 1713/1870/1707
f 1732/1889/1733 1700/1857/1708 1701/1858/1709
f 1715/1872/1734 1745/1902/1735 1714/1871/1711
f 1702/1859/1736 1732/1889/1733 1701/1858/1709
f 1747/1904/1737 1715/1872/1734 1716/1873/1712
f 1703/1860/1713 1733/1890/1738 1702/1859/1736
f 1748/1905/1739 1716/1873/1712 1717/1874/1714
f 1704/1861/1740 1734/1891/1741 1703/1860/1713
f 1718/1875/1742 1748/1905/1739 1717/1874/1714
f 1736/1893/1743 1704/1861/1740 1705/1862/1717
f 1692/1849/1718 1723/1880/1744 1039/1094/9
f 1719/1876/1719 1749/1906/1745 1718/1875/1742
f 1706/1863/1722 1736/1893/1743 1705/1862/1717
f 1724/1881/1746 1692/1849/1718 1693/1850/1720
f 1751/1908/1747 1719/1876/1719 1720/1877/1748
f 1707/1864/1749 1737/1894/1750 1706/1863/1722
f 1694/1851/1723 1724/1881/1746 1693/1850/1720
f 1752/1909/1751 1720/1877/1748 1721/1878/1724
f 1739/1896/1752 1707/1864/1749 1708/1865/1725
f 1726/1883/1753 1694/1851/1723 1695/1852/1726
f 1722/1879/1727 1752/1909/1751 1721/1878/1724
f 1740/1897/1754 1708/1865/1725 1709/1866/1728
f 1696/1853/1755 1726/1883/1753 1695/1852/1726
f 1226/1344/33 1753/1910/1756 1722/1879/1727
f 1710/1867/1757 1740/1897/1754 1709/1866/1728
f 1728/1885/1758 1696/1853/1755 1697/1854/1703
f 1742/1899/1759 1710/1867/1757 1711/1868/1701
f 1729/1886/1760 1697/1854/1703 1698/1855/1706
f 1743/1900/1761 1711/1868/1701 1712/1869/1704
f 1699/1856/1732 1729/1886/1760 1698/1855/1706
f 1746/1903/1762 1776/1933/1763 1745/1902/1735
f 1733/1890/1738 1763/1920/1764 1732/1889/1733
f 1778/1935/1765 1746/1903/1762 1747/1904/1737
f 1734/1891/1741 1764/1921/1766 1733/1890/1738
f 1748/1905/1739 1778/1935/1765 1747/1904/1737
f 1766/1923/1767 1734/1891/1741 1735/1892/1768
f 1749/1906/1745 1779/1936/1769 1748/1905/1739
f 1767/1924/1770 1735/1892/1768 1736/1893/1743
f 1723/1880/1744 1754/1911/1771 1039/1095/9
f 1750/1907/1772 1780/1937/1773 1749/1906/1745
f 1768/1925/1774 1736/1893/1743 1737/1894/1750
f 1755/1912/1775 1723/1880/1744 1724/1881/1746
f 1782/1939/1776 1750/1907/1772 1751/1908/1747
f 1738/1895/1777 1768/1925/1774 1737/1894/1750
f 1725/1882/1778 1755/1912/1775 1724/1881/1746
f 1783/1940/1779 1751/1908/1747 1752/1909/1751
f 1770/1927/1780 1738/1895/1777 1739/1896/1752
f 1757/1914/1781 1725/1882/1778 1726/1883/1753
f 1784/1941/1782 1752/1909/1751 1753/1910/1756
f 1771/1928/1783 1739/1896/1752 1740/1897/1754
f 1758/1915/1784 1726/1883/1753 1727/1884/1785
f 1226/1345/33 1784/1941/1782 1753/1910/1756
f 1741/1898/1786 1771/1928/1783 1740/1897/1754
f 1759/1916/1787 1727/1884/1785 1728/1885/1758
f 1742/1899/1759 1772/1929/1788 1741/1898/1786
f 1760/1917/1789 1728/1885/1758 1729/1886/1760
f 1774/1931/1790 1742/1899/1759 1743/1900/1761
f 1730/1887/1791 1760/1917/1789 1729/1886/1760
f 1775/1932/1792 1743/1900/1761 1744/1901/1730
f 1762/1919/1793 1730/1887/1791 1731/1888/1731
f 1745/1902/1735 1775/1932/1792 1744/1901/1730
f 1763/1920/1764 1731/1888/1731 1732/1889/1733
f 1779/1936/1769 1809/1966/1794 1778/1935/1765
f 1766/1923/1767 1796/1953/1795 1765/1922/1796
f 1780/1937/1773 1810/1967/1797 1779/1936/1769
f 1798/1955/1798 1766/1923/1767 1767/1924/1770
f 1754/1911/1771 1785/1942/1799 1039/1096/9
f 1812/1969/1800 1780/1937/1773 1781/1938/1801
f 1768/1925/1774 1798/1955/1798 1767/1924/1770
f 1786/1943/1802 1754/1911/1771 1755/1912/1775
f 1813/1970/1803 1781/1938/1801 1782/1939/1776
f 1769/1926/1804 1799/1956/1805 1768/1925/1774
f 1756/1913/1806 1786/1943/1802 1755/1912/1775
f 1814/1971/1807 1782/1939/1776 1783/1940/1779
f 1801/1958/1808 1769/1926/1804 1770/1927/1780
f 1788/1945/1809 1756/1913/1806 1757/1914/1781
f 1784/1941/1782 1814/1971/1807 1783/1940/1779
f 1802/1959/1810 1770/1927/1780 1771/1928/1783
f 1758/1915/1784 1788/1945/1809 1757/1914/1781
f 1226/1346/33 1815/1972/1811 1784/1941/1782
f 1772/1929/1788 1802/1959/1810 1771/1928/1783
f 1790/1947/1812 1758/1915/1784 1759/1916/1787
f 1804/1961/1813 1772/1929/1788 1773/1930/1814
f 1791/1948/1815 1759/1916/1787 1760/1917/1789
f 1805/1962/1816 1773/1930/1814 1774/1931/1790
f 1761/1918/1817 1791/1948/1815 1760/1917/1789
f 1806/1963/1818 1774/1931/1790 1775/1932/1792
f 1793/1950/1819 1761/1918/1817 1762/1919/1793
f 1776/1933/1763 1806/1963/1818 1775/1932/1792
f 1794/1951/1820 1762/1919/1793 1763/1920/1764
f 1777/1934/1821 1807/1964/1822 1776/1933/1763
f 1764/1921/1766 1794/1951/1820 1763/1920/1764
f 1809/1966/1794 1777/1934/1821 1778/1935/1765
f 1765/1922/1796 1795/1952/1823 1764/1921/1766
f 1785/1942/1799 1816/1973/1824 1039/1097/9
f 1843/2000/1825 1811/1968/1826 1812/1969/1800
f 1799/1956/1805 1829/1986/1827 1798/1955/1798
f 1817/1974/1828 1785/1942/1799 1786/1943/1802
f 1844/2001/1829 1812/1969/1800 1813/1970/1803
f 1800/1957/1830 1830/1987/1831 1799/1956/1805
f 1787/1944/1832 1817/1974/1828 1786/1943/1802
f 1845/2002/1833 1813/1970/1803 1814/1971/1807
f 1832/1989/1834 1800/1957/1830 1801/1958/1808
f 1819/1976/1835 1787/1944/1832 1788/1945/1809
f 1815/1972/1811 1845/2002/1833 1814/1971/1807
f 1833/1990/1836 1801/1958/1808 1802/1959/1810
f 1820/1977/1837 1788/1945/1809 1789/1946/1838
f 1226/1347/33 1846/2003/1839 1815/1972/1811
f 1803/1960/1840 1833/1990/1836 1802/1959/1810
f 1821/1978/1841 1789/1946/1838 1790/1947/1812
f 1835/1992/1842 1803/1960/1840 1804/1961/1813
f 1822/1979/1843 1790/1947/1812 1791/1948/1815
f 1836/1993/1844 1804/1961/1813 1805/1962/1816
f 1792/1949/1845 1822/1979/1843 1791/1948/1815
f 1837/1994/1846 1805/1962/1816 1806/1963/1818
f 1824/1981/1847 1792/1949/1845 1793/1950/1819
f 1807/1964/1822 1837/1994/1846 1806/1963/1818
f 1825/1982/1848 1793/1950/1819 1794/1951/1820
f 1808/1965/1849 1838/1995/1850 1807/1964/1822
f 1795/1952/1823 1825/1982/1848 1794/1951/1820
f 1840/1997/1851 1808/1965/1849 1809/1966/1794
f 1827/1984/1852 1795/1952/1823 1796/1953/1795
f 1841/1998/1853 1809/1966/1794 1810/1967/1797
f 1797/1954/1854 1827/1984/1852 1796/1953/1795
f 1811/1968/1826 1841/1998/1853 1810/1967/1797
f 1829/1986/1827 1797/1954/1854 1798/1955/1798
f 1818/1975/1855 1848/2005/1856 1817/1974/1828
f 1876/2033/1857 1844/2001/1829 1845/2002/1833
f 1863/2020/1858 1831/1988/1859 1832/1989/1834
f 1819/1976/1835 1849/2006/1860 1818/1975/1855
f 1877/2034/1861 1845/2002/1833 1846/2003/1839
f 1864/2021/1862 1832/1989/1834 1833/1990/1836
f 1820/1977/1837 1850/2007/1863 1819/1976/1835
f 1226/1348/33 1877/2034/1861 1846/2003/1839
f 1834/1991/1864 1864/2021/1862 1833/1990/1836
f 1852/2009/1865 1820/1977/1837 1821/1978/1841
f 1866/2023/1866 1834/1991/1864 1835/1992/1842
f 1853/2010/1867 1821/1978/1841 1822/1979/1843
f 1836/1993/1844 1866/2023/1866 1835/1992/1842
f 1823/1980/1868 1853/2010/1867 1822/1979/1843
f 1868/2025/1869 1836/1993/1844 1837/1994/1846
f 1855/2012/1870 1823/1980/1868 1824/1981/1847
f 1838/1995/1850 1868/2025/1869 1837/1994/1846
f 1856/2013/1871 1824/1981/1847 1825/1982/1848
f 1839/1996/1872 1869/2026/1873 1838/1995/1850
f 1826/1983/1874 1856/2013/1871 1825/1982/1848
f 1871/2028/1875 1839/1996/1872 1840/1997/1851
f 1858/2015/1876 1826/1983/1874 1827/1984/1852
f 1872/2029/1877 1840/1997/1851 1841/1998/1853
f 1828/1985/1878 1858/2015/1876 1827/1984/1852
f 1842/1999/1879 1872/2029/1877 1841/1998/1853
f 1860/2017/1880 1828/1985/1878 1829/1986/1827
f 1816/1973/1824 1847/2004/1881 1039/1098/9
f 1874/2031/1882 1842/1999/1879 1843/2000/1825
f 1830/1987/1831 1860/2017/1880 1829/1986/1827
f 1848/2005/1856 1816/1973/1824 1817/1974/1828
f 1875/2032/1883 1843/2000/1825 1844/2001/1829
f 1831/1988/1859 1861/2018/1884 1830/1987/1831
f 1882/2039/1885 1850/2007/1863 1851/2008/1886
f 1226/1349/33 1908/2065/1887 1877/2034/1861
f 1865/2022/1888 1895/2052/1889 1864/2021/1862
f 1883/2040/1890 1851/2008/1886 1852/2009/1865
f 1897/2054/1891 1865/2022/1888 1866/2023/1866
f 1853/2010/1867 1883/2040/1890 1852/2009/1865
f 1898/2055/1892 1866/2023/1866 1867/2024/1893
f 1854/2011/1894 1884/2041/1895 1853/2010/1867
f 1899/2056/1896 1867/2024/1893 1868/2025/1869
f 1886/2043/1897 1854/2011/1894 1855/2012/1870
f 1869/2026/1873 1899/2056/1896 1868/2025/1869
f 1887/2044/1898 1855/2012/1870 1856/2013/1871
f 1870/2027/1899 1900/2057/1900 1869/2026/1873
f 1857/2014/1901 1887/2044/1898 1856/2013/1871
f 1902/2059/1902 1870/2027/1899 1871/2028/1875
f 1889/2046/1903 1857/2014/1901 1858/2015/1876
f 1903/2060/1904 1871/2028/1875 1872/2029/1877
f 1859/2016/1905 1889/2046/1903 1858/2015/1876
f 1904/2061/1906 1872/2029/1877 1873/2030/1907
f 1891/2048/1908 1859/2016/1905 1860/2017/1880
f 1847/2004/1881 1878/2035/1909 1039/1099/9
f 1874/2031/1882 1904/2061/1906 1873/2030/1907
f 1861/2018/1884 1891/2048/1908 1860/2017/1880
f 1879/2036/1910 1847/2004/1881 1848/2005/1856
f 1906/2063/1911 1874/2031/1882 1875/2032/1883
f 1862/2019/1912 1892/2049/1913 1861/2018/1884
f 1880/2037/1914 1848/2005/1856 1849/2006/1860
f 1907/2064/1915 1875/2032/1883 1876/2033/1857
f 1894/2051/1916 1862/2019/1912 1863/2020/1858
f 1881/2038/1917 1849/2006/1860 1850/2007/1863
f 1877/2034/1861 1907/2064/1915 1876/2033/1857
f 1895/2052/1889 1863/2020/1858 1864/2021/1862
f 1915/2072/1918 1883/2040/1890 1884/2041/1895
f 1898/2055/1892 1928/2085/1919 1897/2054/1891
f 1885/2042/1920 1915/2072/1918 1884/2041/1895
f 1930/2087/1921 1898/2055/1892 1899/2056/1896
f 1917/2074/1922 1885/2042/1920 1886/2043/1897
f 1900/2057/1900 1930/2087/1921 1899/2056/1896
f 1918/2075/1923 1886/2043/1897 1887/2044/1898
f 1901/2058/1924 1931/2088/1925 1900/2057/1900
f 1888/2045/1926 1918/2075/1923 1887/2044/1898
f 1933/2090/1927 1901/2058/1924 1902/2059/1902
f 1920/2077/1928 1888/2045/1926 1889/2046/1903
f 1903/2060/1904 1933/2090/1927 1902/2059/1902
f 1890/2047/1929 1920/2077/1928 1889/2046/1903
f 1904/2061/1906 1934/2091/1930 1903/2060/1904
f 1922/2079/1931 1890/2047/1929 1891/2048/1908
f 1878/2035/1909 1909/2066/1932 1039/1100/9
f 1936/2093/1933 1904/2061/1906 1905/2062/1934
f 1892/2049/1913 1922/2079/1931 1891/2048/1908
f 1910/2067/1935 1878/2035/1909 1879/2036/1910
f 1937/2094/1936 1905/2062/1934 1906/2063/1911
f 1893/2050/1937 1923/2080/1938 1892/2049/1913
f 1880/2037/1914 1910/2067/1935 1879/2036/1910
f 1938/2095/1939 1906/2063/1911 1907/2064/1915
f 1925/2082/1940 1893/2050/1937 1894/2051/1916
f 1912/2069/1941 1880/2037/1914 1881/2038/1917
f 1939/2096/1942 1907/2064/1915 1908/2065/1887
f 1926/2083/1943 1894/2051/1916 1895/2052/1889
f 1913/2070/1944 1881/2038/1917 1882/2039/1885
f 1226/1350/33 1939/2096/1942 1908/2065/1887
f 1896/2053/1945 1926/2083/1943 1895/2052/1889
f 1914/2071/1946 1882/2039/1885 1883/2040/1890
f 1928/2085/1919 1896/2053/1945 1897/2054/1891
f 1948/2105/1947 1916/2073/1948 1917/2074/1922
f 1931/2088/1925 1961/2118/1949 1930/2087/1921
f 1949/2106/1950 1917/2074/1922 1918/2075/1923
f 1932/2089/1951 1962/2119/1952 1931/2088/1925
f 1919/2076/1953 1949/2106/1950 1918/2075/1923
f 1964/2121/1954 1932/2089/1951 1933/2090/1927
f 1951/2108/1955 1919/2076/1953 1920/2077/1928
f 1965/2122/1956 1933/2090/1927 1934/2091/1930
f 1921/2078/1957 1951/2108/1955 1920/2077/1928
f 1935/2092/1958 1965/2122/1956 1934/2091/1930
f 1953/2110/1959 1921/2078/1957 1922/2079/1931
f 1909/2066/1932 1940/2097/1960 1039/1101/9
f 1936/2093/1933 1966/2123/1961 1935/2092/1958
f 1923/2080/1938 1953/2110/1959 1922/2079/1931
f 1941/2098/1962 1909/2066/1932 1910/2067/1935
f 1968/2125/1963 1936/2093/1933 1937/2094/1936
f 1924/2081/1964 1954/2111/1965 1923/2080/1938
f 1942/2099/1966 1910/2067/1935 1911/2068/1967
f 1969/2126/1968 1937/2094/1936 1938/2095/1939
f 1956/2113/1969 1924/2081/1964 1925/2082/1940
f 1912/2069/1941 1942/2099/1966 1911/2068/1967
f 1939/2096/1942 1969/2126/1968 1938/2095/1939
f 1957/2114/1970 1925/2082/1940 1926/2083/1943
f 1944/2101/1971 1912/2069/1941 1913/2070/1944
f 1226/1351/33 1970/2127/1972 1939/2096/1942
f 1927/2084/1973 1957/2114/1970 1926/2083/1943
f 1945/2102/1974 1913/2070/1944 1914/2071/1946
f 1959/2116/1975 1927/2084/1973 1928/2085/1919
f 1915/2072/1918 1945/2102/1974 1914/2071/1946
f 1929/2086/1976 1959/2116/1975 1928/2085/1919
f 1916/2073/1948 1946/2103/1977 1915/2072/1918
f 1961/2118/1949 1929/2086/1976 1930/2087/1921
f 1950/2107/1978 1976/2133/52 1949/2106/1950
f 1982/2139/57 1963/2120/1979 1964/2121/1954
f 1951/2108/1955 5/5/55 1950/2107/1978
f 1983/2140/3 1964/2121/1954 1965/2122/1956
f 1952/2109/1980 6/6/59 1951/2108/1955
f 1966/2123/1961 1983/2140/3 1965/2122/1956
f 1977/2134/4 1952/2109/1980 1953/2110/1959
f 1940/2097/1960 1/1/7 1039/1102/9
f 1985/2142/11 1966/2123/1961 1967/2124/1981
f 1954/2111/1965 1977/2134/4 1953/2110/1959
f 1941/2098/1962 1/1/7 1940/2097/1960
f 1968/2125/1963 1985/2142/11 1967/2124/1981
f 1955/2112/1982 8/8/13 1954/2111/1965
f 3/3/20 1941/2098/1962 1942/2099/1966
f 1969/2126/1968 14/14/17 1968/2125/1963
f 10/10/24 1955/2112/1982 1956/2113/1969
f 1971/2128/25 1942/2099/1966 1943/2100/1983
f 15/15/28 1969/2126/1968 1970/2127/1972
f 1978/2135/30 1956/2113/1969 1957/2114/1970
f 1944/2101/1971 1971/2128/25 1943/2100/1983
f 1226/1352/33 15/15/28 1970/2127/1972
f 1958/2115/1984 1978/2135/30 1957/2114/1970
f 1945/2102/1974 4/4/31 1944/2101/1971
f 12/12/39 1958/2115/1984 1959/2116/1975
f 1973/2130/41 1945/2102/1974 1946/2103/1977
f 13/13/43 1959/2116/1975 1960/2117/1985
f 1947/2104/1986 1973/2130/41 1946/2103/1977
f 1979/2136/46 1960/2117/1985 1961/2118/1949
f 1975/2132/47 1947/2104/1986 1948/2105/1947
f 1962/2119/1952 1979/2136/46 1961/2118/1949
f 1976/2133/52 1948/2105/1947 1949/2106/1950
f 1963/2120/1979 1980/2137/50 1962/2119/1952
f 1984/2141/1 42/42/71 41/41/2
f 1977/2134/4 29/29/73 28/28/5
f 43/43/10 42/42/71 1984/2141/1
f 30/30/12 29/29/73 1977/2134/4
f 17/17/14 16/16/8 1/1/7
f 44/44/16 43/43/10 1985/2142/11
f 31/31/18 30/30/12 8/8/13
f 3/3/20 18/18/26 17/17/14
f 45/45/21 44/44/16 14/14/17
f 32/32/23 31/31/18 9/9/19
f 1971/2128/25 19/19/32 18/18/26
f 46/46/27 45/45/21 1986/2143/22
f 33/33/29 32/32/23 10/10/24
f 4/4/31 20/20/83 19/19/32
f 34/34/34 33/33/29 1978/2135/30
f 21/21/36 20/20/83 4/4/31
f 35/35/38 34/34/34 11/11/35
f 22/22/40 21/21/36 1972/2129/37
f 36/36/42 35/35/38 12/12/39
f 1974/2131/44 23/23/48 22/22/40
f 37/37/45 36/36/42 13/13/43
f 1975/2132/47 24/24/61 23/23/48
f 38/38/49 37/37/45 1979/2136/46
f 25/25/51 24/24/61 1975/2132/47
f 39/39/53 38/38/49 1980/2137/50
f 5/5/55 26/26/66 25/25/51
f 40/40/56 39/39/53 1981/2138/54
f 27/27/58 26/26/66 5/5/55
f 1983/2140/3 41/41/2 40/40/56
f 7/7/6 28/28/5 27/27/58
f 68/68/60 67/67/115 36/36/42
f 24/24/61 55/55/64 54/54/62
f 69/69/63 68/68/60 37/37/45
f 25/25/51 56/56/67 55/55/64
f 70/70/65 69/69/63 38/38/49
f 26/26/66 57/57/90 56/56/67
f 40/40/56 71/71/69 70/70/65
f 58/58/68 57/57/90 26/26/66
f 41/41/2 72/72/94 71/71/69
f 28/28/5 59/59/95 58/58/68
f 73/73/70 72/72/94 41/41/2
f 60/60/72 59/59/95 28/28/5
f 43/43/10 74/74/100 73/73/70
f 61/61/75 60/60/72 29/29/73
f 17/17/14 48/48/102 47/47/74
f 75/75/76 74/74/100 43/43/10
f 62/62/77 61/61/75 30/30/12
f 49/49/78 48/48/102 17/17/14
f 45/45/21 76/76/106 75/75/76
f 63/63/79 62/62/77 31/31/18
f 50/50/80 49/49/78 18/18/26
f 77/77/81 76/76/106 45/45/21
f 33/33/29 64/64/84 63/63/79
f 51/51/82 50/50/80 19/19/32
f 34/34/34 65/65/112 64/64/84
f 52/52/85 51/51/82 20/20/83
f 66/66/86 65/65/112 34/34/34
f 53/53/87 52/52/85 21/21/36
f 36/36/42 67/67/115 66/66/86
f 54/54/62 53/53/87 22/22/40
f 70/70/65 101/101/146 100/100/88
f 88/88/89 87/87/145 56/56/67
f 102/102/91 101/101/146 70/70/65
f 89/89/92 88/88/89 57/57/90
f 103/103/93 102/102/91 71/71/69
f 59/59/95 90/90/121 89/89/92
f 104/104/96 103/103/93 72/72/94
f 91/91/97 90/90/121 59/59/95
f 105/105/99 104/104/96 73/73/70
f 61/61/75 92/92/126 91/91/97
f 79/79/101 78/78/98 47/47/74
f 75/75/76 106/106/128 105/105/99
f 93/93/103 92/92/126 61/61/75
f 80/80/104 79/79/101 48/48/102
f 107/107/105 106/106/128 75/75/76
f 94/94/107 93/93/103 62/62/77
f 81/81/108 80/80/104 49/49/78
f 108/108/109 107/107/105 76/76/106
f 95/95/110 94/94/107 63/63/79
f 82/82/111 81/81/108 50/50/80
f 65/65/112 96/96/136 95/95/110
f 52/52/85 83/83/114 82/82/111
f 97/97/113 96/96/136 65/65/112
f 53/53/87 84/84/139 83/83/114
f 67/67/115 98/98/140 97/97/113
f 85/85/116 84/84/139 53/53/87
f 99/99/117 98/98/140 67/67/115
f 86/86/118 85/85/116 54/54/62
f 100/100/88 99/99/117 68/68/60
f 56/56/67 87/87/145 86/86/118
f 134/134/119 133/133/148 102/102/91
f 121/121/120 120/120/149 89/89/92
f 135/135/122 134/134/119 103/103/93
f 91/91/97 122/122/153 121/121/120
f 136/136/124 135/135/122 104/104/96
f 123/123/125 122/122/153 91/91/97
f 110/110/127 109/109/123 78/78/98
f 106/106/128 137/137/156 136/136/124
f 93/93/103 124/124/157 123/123/125
f 111/111/129 110/110/127 79/79/101
f 138/138/130 137/137/156 106/106/128
f 125/125/131 124/124/157 93/93/103
f 112/112/132 111/111/129 80/80/104
f 139/139/133 138/138/130 107/107/105
f 95/95/110 126/126/161 125/125/131
f 113/113/134 112/112/132 81/81/108
f 127/127/135 126/126/161 95/95/110
f 114/114/137 113/113/134 82/82/111
f 128/128/138 127/127/135 96/96/136
f 84/84/139 115/115/167 114/114/137
f 98/98/140 129/129/168 128/128/138
f 116/116/141 115/115/167 84/84/139
f 130/130/142 129/129/168 98/98/140
f 117/117/143 116/116/141 85/85/116
f 131/131/144 130/130/142 99/99/117
f 87/87/145 118/118/173 117/117/143
f 101/101/146 132/132/174 131/131/144
f 119/119/147 118/118/173 87/87/145
f 133/133/148 132/132/174 101/101/146
f 120/120/149 119/119/147 88/88/89
f 136/136/124 167/167/209 166/166/151
f 154/154/152 153/153/206 122/122/153
f 141/141/154 140/140/150 109/109/123
f 168/168/155 167/167/209 136/136/124
f 124/124/157 155/155/183 154/154/152
f 111/111/129 142/142/160 141/141/154
f 169/169/158 168/168/155 137/137/156
f 156/156/159 155/155/183 124/124/157
f 112/112/132 143/143/184 142/142/160
f 139/139/133 170/170/163 169/169/158
f 126/126/161 157/157/186 156/156/159
f 144/144/162 143/143/184 112/112/132
f 158/158/164 157/157/186 126/126/161
f 145/145/165 144/144/162 113/113/134
f 159/159/166 158/158/164 127/127/135
f 115/115/167 146/146/192 145/145/165
f 129/129/168 160/160/170 159/159/166
f 147/147/169 146/146/192 115/115/167
f 130/130/142 161/161/195 160/160/170
f 148/148/171 147/147/169 116/116/141
f 162/162/172 161/161/195 130/130/142
f 118/118/173 149/149/198 148/148/171
f 132/132/174 163/163/176 162/162/172
f 150/150/175 149/149/198 118/118/173
f 133/133/148 164/164/201 163/163/176
f 151/151/177 150/150/175 119/119/147
f 165/165/178 164/164/201 133/133/148
f 152/152/179 151/151/177 120/120/149
f 166/166/151 165/165/178 134/134/119
f 122/122/153 153/153/206 152/152/179
f 173/173/180 172/172/211 141/141/154
f 200/200/181 199/199/212 168/168/155
f 187/187/182 186/186/238 155/155/183
f 143/143/184 174/174/187 173/173/180
f 201/201/185 200/200/181 169/169/158
f 157/157/186 188/188/217 187/187/182
f 144/144/162 175/175/213 174/174/187
f 189/189/188 188/188/217 157/157/186
f 176/176/189 175/175/213 144/144/162
f 190/190/190 189/189/188 158/158/164
f 177/177/191 176/176/189 145/145/165
f 191/191/193 190/190/190 159/159/166
f 147/147/169 178/178/220 177/177/191
f 192/192/194 191/191/193 160/160/170
f 179/179/196 178/178/220 147/147/169
f 193/193/197 192/192/194 161/161/195
f 149/149/198 180/180/199 179/179/196
f 163/163/176 194/194/225 193/193/197
f 150/150/175 181/181/202 180/180/199
f 195/195/200 194/194/225 163/163/176
f 151/151/177 182/182/229 181/181/202
f 165/165/178 196/196/231 195/195/200
f 183/183/203 182/182/229 151/151/177
f 197/197/204 196/196/231 165/165/178
f 184/184/205 183/183/203 152/152/179
f 198/198/208 197/197/204 166/166/151
f 185/185/210 184/184/205 153/153/206
f 172/172/211 171/171/207 140/140/150
f 199/199/212 198/198/208 167/167/209
f 155/155/183 186/186/238 185/185/210
f 175/175/213 206/206/269 205/205/214
f 220/220/216 219/219/268 188/188/217
f 207/207/218 206/206/269 175/175/213
f 190/190/190 221/221/244 220/220/216
f 177/177/191 208/208/221 207/207/218
f 222/222/219 221/221/244 190/190/190
f 178/178/220 209/209/245 208/208/221
f 223/223/222 222/222/219 191/191/193
f 210/210/223 209/209/245 178/178/220
f 224/224/224 223/223/222 192/192/194
f 180/180/199 211/211/226 210/210/223
f 194/194/225 225/225/249 224/224/224
f 181/181/202 212/212/251 211/211/226
f 226/226/227 225/225/249 194/194/225
f 213/213/228 212/212/251 181/181/202
f 227/227/230 226/226/227 195/195/200
f 214/214/232 213/213/228 182/182/229
f 197/197/204 228/228/256 227/227/230
f 184/184/205 215/215/257 214/214/232
f 229/229/234 228/228/256 197/197/204
f 216/216/235 215/215/257 184/184/205
f 203/203/236 202/202/233 171/171/207
f 230/230/237 229/229/234 198/198/208
f 186/186/238 217/217/262 216/216/235
f 173/173/180 204/204/241 203/203/236
f 231/231/239 230/230/237 199/199/212
f 218/218/240 217/217/262 186/186/238
f 174/174/187 205/205/214 204/204/241
f 232/232/215 231/231/239 200/200/181
f 188/188/217 219/219/268 218/218/240
f 239/239/242 238/238/271 207/207/218
f 253/253/243 252/252/300 221/221/244
f 209/209/245 240/240/273 239/239/242
f 254/254/246 253/253/243 222/222/219
f 241/241/247 240/240/273 209/209/245
f 224/224/224 255/255/250 254/254/246
f 242/242/248 241/241/247 210/210/223
f 225/225/249 256/256/275 255/255/250
f 212/212/251 243/243/253 242/242/248
f 257/257/252 256/256/275 225/225/249
f 213/213/228 244/244/278 243/243/253
f 258/258/254 257/257/252 226/226/227
f 245/245/255 244/244/278 213/213/228
f 228/228/256 259/259/282 258/258/254
f 215/215/257 246/246/283 245/245/255
f 260/260/259 259/259/282 228/228/256
f 247/247/260 246/246/283 215/215/257
f 203/203/236 234/234/263 233/233/258
f 261/261/261 260/260/259 229/229/234
f 217/217/262 248/248/289 247/247/260
f 204/204/241 235/235/290 234/234/263
f 231/231/239 262/262/292 261/261/261
f 249/249/264 248/248/289 217/217/262
f 236/236/265 235/235/290 204/204/241
f 263/263/266 262/262/292 231/231/239
f 250/250/267 249/249/264 218/218/240
f 206/206/269 237/237/297 236/236/265
f 251/251/270 250/250/267 219/219/268
f 238/238/271 237/237/297 206/206/269
f 221/221/244 252/252/300 251/251/270
f 272/272/272 271/271/331 240/240/273
f 286/286/274 285/285/303 254/254/246
f 242/242/248 273/273/276 272/272/272
f 256/256/275 287/287/306 286/286/274
f 243/243/253 274/274/279 273/273/276
f 288/288/277 287/287/306 256/256/275
f 244/244/278 275/275/308 274/274/279
f 289/289/280 288/288/277 257/257/252
f 276/276/281 275/275/308 244/244/278
f 259/259/282 290/290/310 289/289/280
f 246/246/283 277/277/312 276/276/281
f 291/291/285 290/290/310 259/259/282
f 278/278/286 277/277/312 246/246/283
f 265/265/287 264/264/284 233/233/258
f 292/292/288 291/291/285 260/260/259
f 248/248/289 279/279/317 278/278/286
f 235/235/290 266/266/319 265/265/287
f 293/293/291 292/292/288 261/261/261
f 280/280/293 279/279/317 248/248/289
f 267/267/294 266/266/319 235/235/290
f 294/294/295 293/293/291 262/262/292
f 250/250/267 281/281/325 280/280/293
f 268/268/296 267/267/294 236/236/265
f 282/282/298 281/281/325 250/250/267
f 269/269/299 268/268/296 237/237/297
f 252/252/300 283/283/328 282/282/298
f 239/239/242 270/270/302 269/269/299
f 284/284/301 283/283/328 252/252/300
f 240/240/273 271/271/331 270/270/302
f 285/285/303 284/284/301 253/253/243
f 274/274/279 305/305/363 304/304/304
f 319/319/305 318/318/362 287/287/306
f 306/306/307 305/305/363 274/274/279
f 289/289/280 320/320/311 319/319/305
f 307/307/309 306/306/307 275/275/308
f 290/290/310 321/321/336 320/320/311
f 277/277/312 308/308/338 307/307/309
f 322/322/314 321/321/336 290/290/310
f 309/309/315 308/308/338 277/277/312
f 296/296/316 295/295/313 264/264/284
f 292/292/288 323/323/343 322/322/314
f 279/279/317 310/310/344 309/309/315
f 297/297/318 296/296/316 265/265/287
f 324/324/320 323/323/343 292/292/288
f 311/311/321 310/310/344 279/279/317
f 298/298/322 297/297/318 266/266/319
f 325/325/323 324/324/320 293/293/291
f 312/312/324 311/311/321 280/280/293
f 268/268/296 299/299/351 298/298/322
f 313/313/326 312/312/324 281/281/325
f 300/300/327 299/299/351 268/268/296
f 283/283/328 314/314/330 313/313/326
f 301/301/329 300/300/327 269/269/299
f 284/284/301 315/315/356 314/314/330
f 271/271/331 302/302/357 301/301/329
f 316/316/332 315/315/356 284/284/301
f 303/303/333 302/302/357 271/271/331
f 286/286/274 317/317/334 316/316/332
f 304/304/304 303/303/333 272/272/272
f 287/287/306 318/318/362 317/317/334
f 338/338/335 337/337/391 306/306/307
f 321/321/336 352/352/395 351/351/337
f 308/308/338 339/339/367 338/338/335
f 353/353/340 352/352/395 321/321/336
f 340/340/341 339/339/367 308/308/338
f 327/327/342 326/326/339 295/295/313
f 323/323/343 354/354/345 353/353/340
f 310/310/344 341/341/371 340/340/341
f 297/297/318 328/328/372 327/327/342
f 324/324/320 355/355/374 354/354/345
f 342/342/346 341/341/371 310/310/344
f 329/329/347 328/328/372 297/297/318
f 356/356/348 355/355/374 324/324/320
f 343/343/349 342/342/346 311/311/321
f 330/330/350 329/329/347 298/298/322
f 344/344/352 343/343/349 312/312/324
f 331/331/353 330/330/350 299/299/351
f 314/314/330 345/345/381 344/344/352
f 332/332/354 331/331/353 300/300/327
f 346/346/355 345/345/381 314/314/330
f 302/302/357 333/333/383 332/332/354
f 347/347/358 346/346/355 315/315/356
f 334/334/359 333/333/383 302/302/357
f 348/348/360 347/347/358 316/316/332
f 335/335/361 334/334/359 303/303/333
f 318/318/362 349/349/388 348/348/360
f 305/305/363 336/336/365 335/335/361
f 350/350/364 349/349/388 318/318/362
f 306/306/307 337/337/391 336/336/365
f 320/320/311 351/351/337 350/350/364
f 340/340/341 371/371/423 370/370/366
f 358/358/368 357/357/396 326/326/339
f 385/385/369 384/384/397 353/353/340
f 372/372/370 371/371/423 340/340/341
f 328/328/372 359/359/375 358/358/368
f 386/386/373 385/385/369 354/354/345
f 342/342/346 373/373/398 372/372/370
f 329/329/347 360/360/401 359/359/375
f 387/387/376 386/386/373 355/355/374
f 374/374/377 373/373/398 342/342/346
f 361/361/378 360/360/401 329/329/347
f 375/375/379 374/374/377 343/343/349
f 362/362/380 361/361/378 330/330/350
f 345/345/381 376/376/406 375/375/379
f 332/332/354 363/363/384 362/362/380
f 377/377/382 376/376/406 345/345/381
f 333/333/383 364/364/409 363/363/384
f 378/378/385 377/377/382 346/346/355
f 365/365/386 364/364/409 333/333/383
f 348/348/360 379/379/389 378/378/385
f 366/366/387 365/365/386 334/334/359
f 349/349/388 380/380/413 379/379/389
f 336/336/365 367/367/392 366/366/387
f 381/381/390 380/380/413 349/349/388
f 337/337/391 368/368/417 367/367/392
f 382/382/393 381/381/390 350/350/364
f 369/369/394 368/368/417 337/337/391
f 352/352/395 383/383/420 382/382/393
f 339/339/367 370/370/366 369/369/394
f 384/384/397 383/383/420 352/352/395
f 373/373/398 404/404/455 403/403/399
f 391/391/400 390/390/453 359/359/375
f 418/418/402 417/417/427 386/386/373
f 405/405/403 404/404/455 373/373/398
f 361/361/378 392/392/430 391/391/400
f 406/406/404 405/405/403 374/374/377
f 393/393/405 392/392/430 361/361/378
f 376/376/406 407/407/408 406/406/404
f 394/394/407 393/393/405 362/362/380
f 377/377/382 408/408/432 407/407/408
f 364/364/409 395/395/433 394/394/407
f 409/409/410 408/408/432 377/377/382
f 396/396/411 395/395/433 364/364/409
f 410/410/412 409/409/410 378/378/385
f 366/366/387 397/397/414 396/396/411
f 380/380/413 411/411/439 410/410/412
f 367/367/392 398/398/440 397/397/414
f 412/412/415 411/411/439 380/380/413
f 399/399/416 398/398/440 367/367/392
f 382/382/393 413/413/443 412/412/415
f 400/400/418 399/399/416 368/368/417
f 414/414/419 413/413/443 382/382/393
f 370/370/366 401/401/424 400/400/418
f 415/415/422 414/414/419 383/383/420
f 371/371/423 402/402/448 401/401/424
f 389/389/425 388/388/421 357/357/396
f 416/416/426 415/415/422 384/384/397
f 403/403/399 402/402/448 371/371/423
f 359/359/375 390/390/453 389/389/425
f 417/417/427 416/416/426 385/385/369
f 437/437/428 436/436/457 405/405/403
f 424/424/429 423/423/458 392/392/430
f 407/407/408 438/438/460 437/437/428
f 394/394/407 425/425/434 424/424/429
f 439/439/431 438/438/460 407/407/408
f 395/395/433 426/426/461 425/425/434
f 440/440/435 439/439/431 408/408/432
f 427/427/436 426/426/461 395/395/433
f 441/441/437 440/440/435 409/409/410
f 428/428/438 427/427/436 396/396/411
f 411/411/439 442/442/466 441/441/437
f 398/398/440 429/429/468 428/428/438
f 443/443/441 442/442/466 411/411/439
f 430/430/442 429/429/468 398/398/440
f 413/413/443 444/444/472 443/443/441
f 431/431/444 430/430/442 399/399/416
f 445/445/445 444/444/472 413/413/443
f 401/401/424 432/432/449 431/431/444
f 446/446/447 445/445/445 414/414/419
f 402/402/448 433/433/477 432/432/449
f 389/389/425 420/420/480 419/419/446
f 447/447/450 446/446/447 415/415/422
f 434/434/451 433/433/477 402/402/448
f 421/421/452 420/420/480 389/389/425
f 448/448/454 447/447/450 416/416/426
f 404/404/455 435/435/484 434/434/451
f 391/391/400 422/422/485 421/421/452
f 449/449/456 448/448/454 417/417/427
f 436/436/457 435/435/484 404/404/455
f 423/423/458 422/422/485 391/391/400
f 470/470/459 469/469/516 438/438/460
f 426/426/461 457/457/519 456/456/462
f 471/471/463 470/470/459 439/439/431
f 458/458/464 457/457/519 426/426/461
f 441/441/437 472/472/467 471/471/463
f 459/459/465 458/458/464 427/427/436
f 442/442/466 473/473/494 472/472/467
f 429/429/468 460/460/470 459/459/465
f 474/474/469 473/473/494 442/442/466
f 430/430/442 461/461/498 460/460/470
f 475/475/471 474/474/469 443/443/441
f 462/462/473 461/461/498 430/430/442
f 476/476/474 475/475/471 444/444/472
f 432/432/449 463/463/478 462/462/473
f 477/477/476 476/476/474 445/445/445
f 433/433/477 464/464/503 463/463/478
f 451/451/479 450/450/475 419/419/446
f 478/478/481 477/477/476 446/446/447
f 465/465/482 464/464/503 433/433/477
f 452/452/483 451/451/479 420/420/480
f 448/448/454 479/479/486 478/478/481
f 435/435/484 466/466/509 465/465/482
f 422/422/485 453/453/511 452/452/483
f 449/449/456 480/480/489 479/479/486
f 467/467/487 466/466/509 435/435/484
f 454/454/488 453/453/511 422/422/485
f 468/468/490 467/467/487 436/436/457
f 455/455/491 454/454/488 423/423/458
f 438/438/460 469/469/516 468/468/490
f 425/425/434 456/456/462 455/455/491
f 472/472/467 503/503/495 502/502/492
f 490/490/493 489/489/520 458/458/464
f 473/473/494 504/504/522 503/503/495
f 460/460/470 491/491/524 490/490/493
f 505/505/496 504/504/522 473/473/494
f 492/492/497 491/491/524 460/460/470
f 506/506/499 505/505/496 474/474/469
f 493/493/500 492/492/497 461/461/498
f 476/476/474 507/507/526 506/506/499
f 463/463/478 494/494/504 493/493/500
f 508/508/502 507/507/526 476/476/474
f 464/464/503 495/495/530 494/494/504
f 482/482/505 481/481/501 450/450/475
f 478/478/481 509/509/508 508/508/502
f 496/496/506 495/495/530 464/464/503
f 483/483/507 482/482/505 451/451/479
f 479/479/486 510/510/535 509/509/508
f 466/466/509 497/497/536 496/496/506
f 484/484/510 483/483/507 452/452/483
f 511/511/512 510/510/535 479/479/486
f 498/498/513 497/497/536 466/466/509
f 454/454/488 485/485/540 484/484/510
f 499/499/514 498/498/513 467/467/487
f 486/486/515 485/485/540 454/454/488
f 469/469/516 500/500/543 499/499/514
f 487/487/517 486/486/515 455/455/491
f 501/501/518 500/500/543 469/469/516
f 457/457/519 488/488/546 487/487/517
f 502/502/492 501/501/518 470/470/459
f 489/489/520 488/488/546 457/457/519
f 536/536/521 535/535/579 504/504/522
f 492/492/497 523/523/583 522/522/523
f 506/506/499 537/537/527 536/536/521
f 524/524/525 523/523/583 492/492/497
f 507/507/526 538/538/551 537/537/527
f 494/494/504 525/525/531 524/524/525
f 539/539/529 538/538/551 507/507/526
f 495/495/530 526/526/556 525/525/531
f 513/513/532 512/512/528 481/481/501
f 509/509/508 540/540/559 539/539/529
f 527/527/533 526/526/556 495/495/530
f 483/483/507 514/514/562 513/513/532
f 541/541/534 540/540/559 509/509/508
f 497/497/536 528/528/564 527/527/533
f 515/515/537 514/514/562 483/483/507
f 542/542/538 541/541/534 510/510/535
f 529/529/539 528/528/564 497/497/536
f 485/485/540 516/516/569 515/515/537
f 530/530/541 529/529/539 498/498/513
f 517/517/542 516/516/569 485/485/540
f 500/500/543 531/531/572 530/530/541
f 518/518/544 517/517/542 486/486/515
f 532/532/545 531/531/572 500/500/543
f 488/488/546 519/519/575 518/518/544
f 533/533/547 532/532/545 501/501/518
f 520/520/548 519/519/575 488/488/546
f 503/503/495 534/534/550 533/533/547
f 521/521/549 520/520/548 489/489/520
f 504/504/522 535/535/579 534/534/550
f 491/491/524 522/522/523 521/521/549
f 538/538/551 569/569/555 568/568/552
f 525/525/531 556/556/557 555/555/553
f 539/539/529 570/570/560 569/569/555
f 526/526/556 557/557/588 556/556/557
f 544/544/558 543/543/554 512/512/528
f 540/540/559 571/571/585 570/570/560
f 558/558/561 557/557/588 526/526/556
f 514/514/562 545/545/590 544/544/558
f 572/572/563 571/571/585 540/540/559
f 528/528/564 559/559/592 558/558/561
f 546/546/565 545/545/590 514/514/562
f 573/573/566 572/572/563 541/541/534
f 560/560/567 559/559/592 528/528/564
f 547/547/568 546/546/565 515/515/537
f 561/561/570 560/560/567 529/529/539
f 548/548/571 547/547/568 516/516/569
f 531/531/572 562/562/599 561/561/570
f 549/549/573 548/548/571 517/517/542
f 563/563/574 562/562/599 531/531/572
f 519/519/575 550/550/601 549/549/573
f 564/564/576 563/563/574 532/532/545
f 551/551/577 550/550/601 519/519/575
f 534/534/550 565/565/580 564/564/576
f 552/552/578 551/551/577 520/520/548
f 535/535/579 566/566/607 565/565/580
f 522/522/523 553/553/608 552/552/578
f 567/567/581 566/566/607 535/535/579
f 554/554/582 553/553/608 522/522/523
f 537/537/527 568/568/552 567/567/581
f 555/555/553 554/554/582 523/523/583
f 575/575/584 574/574/614 543/543/554
f 571/571/585 602/602/641 601/601/586
f 589/589/587 588/588/638 557/557/588
f 576/576/589 575/575/584 544/544/558
f 603/603/591 602/602/641 571/571/585
f 559/559/592 590/590/619 589/589/587
f 577/577/593 576/576/589 545/545/590
f 604/604/594 603/603/591 572/572/563
f 591/591/595 590/590/619 559/559/592
f 578/578/596 577/577/593 546/546/565
f 592/592/597 591/591/595 560/560/567
f 579/579/598 578/578/596 547/547/568
f 562/562/599 593/593/600 592/592/597
f 549/549/573 580/580/602 579/579/598
f 563/563/574 594/594/622 593/593/600
f 550/550/601 581/581/624 580/580/602
f 595/595/603 594/594/622 563/563/574
f 582/582/604 581/581/624 550/550/601
f 596/596/605 595/595/603 564/564/576
f 583/583/606 582/582/604 551/551/577
f 566/566/607 597/597/629 596/596/605
f 553/553/608 584/584/631 583/583/606
f 598/598/609 597/597/629 566/566/607
f 585/585/610 584/584/631 553/553/608
f 599/599/611 598/598/609 567/567/581
f 586/586/612 585/585/610 554/554/582
f 600/600/613 599/599/611 568/568/552
f 556/556/557 587/587/615 586/586/612
f 570/570/560 601/601/586 600/600/613
f 557/557/588 588/588/638 587/587/615
f 608/608/616 607/607/643 576/576/589
f 635/635/617 634/634/644 603/603/591
f 622/622/618 621/621/672 590/590/619
f 578/578/596 609/609/646 608/608/616
f 623/623/620 622/622/618 591/591/595
f 610/610/621 609/609/646 578/578/596
f 593/593/600 624/624/623 623/623/620
f 580/580/602 611/611/625 610/610/621
f 594/594/622 625/625/648 624/624/623
f 581/581/624 612/612/650 611/611/625
f 626/626/626 625/625/648 594/594/622
f 613/613/627 612/612/650 581/581/624
f 596/596/605 627/627/630 626/626/626
f 614/614/628 613/613/627 582/582/604
f 597/597/629 628/628/656 627/627/630
f 584/584/631 615/615/657 614/614/628
f 629/629/632 628/628/656 597/597/629
f 616/616/633 615/615/657 584/584/631
f 630/630/634 629/629/632 598/598/609
f 617/617/635 616/616/633 585/585/610
f 600/600/613 631/631/662 630/630/634
f 587/587/615 618/618/639 617/617/635
f 632/632/637 631/631/662 600/600/613
f 588/588/638 619/619/666 618/618/639
f 606/606/640 605/605/636 574/574/614
f 602/602/641 633/633/668 632/632/637
f 620/620/642 619/619/666 588/588/638
f 607/607/643 606/606/640 575/575/584
f 634/634/644 633/633/668 602/602/641
f 590/590/619 621/621/672 620/620/642
f 641/641/645 640/640/703 609/609/646
f 624/624/623 655/655/649 654/654/647
f 611/611/625 642/642/651 641/641/645
f 625/625/648 656/656/679 655/655/649
f 612/612/650 643/643/676 642/642/651
f 657/657/652 656/656/679 625/625/648
f 644/644/653 643/643/676 612/612/650
f 658/658/654 657/657/652 626/626/626
f 645/645/655 644/644/653 613/613/627
f 628/628/656 659/659/682 658/658/654
f 615/615/657 646/646/683 645/645/655
f 660/660/658 659/659/682 628/628/656
f 647/647/659 646/646/683 615/615/657
f 661/661/660 660/660/658 629/629/632
f 648/648/661 647/647/659 616/616/633
f 631/631/662 662/662/689 661/661/660
f 649/649/663 648/648/661 617/617/635
f 663/663/665 662/662/689 631/631/662
f 619/619/666 650/650/692 649/649/663
f 637/637/667 636/636/664 605/605/636
f 633/633/668 664/664/696 663/663/665
f 651/651/669 650/650/692 619/619/666
f 638/638/670 637/637/667 606/606/640
f 665/665/671 664/664/696 633/633/668
f 621/621/672 652/652/699 651/651/669
f 639/639/673 638/638/670 607/607/643
f 635/635/617 666/666/675 665/665/671
f 653/653/674 652/652/699 621/621/672
f 609/609/646 640/640/703 639/639/673
f 654/654/647 653/653/674 622/622/618
f 643/643/676 674/674/735 673/673/677
f 688/688/678 687/687/734 656/656/679
f 675/675/680 674/674/735 643/643/676
f 689/689/681 688/688/678 657/657/652
f 645/645/655 676/676/684 675/675/680
f 659/659/682 690/690/709 689/689/681
f 646/646/683 677/677/711 676/676/684
f 691/691/685 690/690/709 659/659/682
f 678/678/686 677/677/711 646/646/683
f 692/692/687 691/691/685 660/660/658
f 679/679/688 678/678/686 647/647/659
f 662/662/689 693/693/691 692/692/687
f 649/649/663 680/680/693 679/679/688
f 663/663/665 694/694/718 693/693/691
f 650/650/692 681/681/719 680/680/693
f 668/668/694 667/667/690 636/636/664
f 695/695/695 694/694/718 663/663/665
f 682/682/697 681/681/719 650/650/692
f 638/638/670 669/669/723 668/668/694
f 696/696/698 695/695/695 664/664/696
f 652/652/699 683/683/726 682/682/697
f 670/670/700 669/669/723 638/638/670
f 666/666/675 697/697/704 696/696/698
f 684/684/701 683/683/726 652/652/699
f 671/671/702 670/670/700 639/639/673
f 685/685/705 684/684/701 653/653/674
f 672/672/706 671/671/702 640/640/703
f 655/655/649 686/686/707 685/685/705
f 642/642/651 673/673/677 672/672/706
f 656/656/679 687/687/734 686/686/707
f 707/707/708 706/706/738 675/675/680
f 690/690/709 721/721/769 720/720/710
f 677/677/711 708/708/713 707/707/708
f 722/722/712 721/721/769 690/690/709
f 678/678/686 709/709/739 708/708/713
f 723/723/714 722/722/712 691/691/685
f 710/710/715 709/709/739 678/678/686
f 693/693/691 724/724/743 723/723/714
f 680/680/693 711/711/720 710/710/715
f 725/725/717 724/724/743 693/693/691
f 681/681/719 712/712/747 711/711/720
f 699/699/721 698/698/716 667/667/690
f 695/695/695 726/726/750 725/725/717
f 713/713/722 712/712/747 681/681/719
f 669/669/723 700/700/753 699/699/721
f 727/727/724 726/726/750 695/695/695
f 714/714/725 713/713/722 682/682/697
f 701/701/727 700/700/753 669/669/723
f 697/697/704 728/728/730 727/727/724
f 715/715/728 714/714/725 683/683/726
f 702/702/729 701/701/727 670/670/700
f 716/716/731 715/715/728 684/684/701
f 703/703/732 702/702/729 671/671/702
f 686/686/707 717/717/761 716/716/731
f 673/673/677 704/704/736 703/703/732
f 718/718/733 717/717/761 686/686/707
f 674/674/735 705/705/764 704/704/736
f 719/719/737 718/718/733 687/687/734
f 706/706/738 705/705/764 674/674/735
f 720/720/710 719/719/737 688/688/678
f 709/709/739 740/740/798 739/739/740
f 754/754/741 753/753/771 722/722/712
f 741/741/742 740/740/798 709/709/739
f 724/724/743 755/755/775 754/754/741
f 742/742/744 741/741/742 710/710/715
f 756/756/746 755/755/775 724/724/743
f 712/712/747 743/743/751 742/742/744
f 730/730/748 729/729/745 698/698/716
f 757/757/749 756/756/746 725/725/717
f 713/713/722 744/744/777 743/743/751
f 731/731/752 730/730/748 699/699/721
f 758/758/754 757/757/749 726/726/750
f 745/745/755 744/744/777 713/713/722
f 732/732/756 731/731/752 700/700/753
f 728/728/730 759/759/759 758/758/754
f 746/746/757 745/745/755 714/714/725
f 733/733/758 732/732/756 701/701/727
f 716/716/731 747/747/762 746/746/757
f 734/734/760 733/733/758 702/702/729
f 717/717/761 748/748/787 747/747/762
f 704/704/736 735/735/765 734/734/760
f 749/749/763 748/748/787 717/717/761
f 705/705/764 736/736/790 735/735/765
f 750/750/766 749/749/763 718/718/733
f 737/737/767 736/736/790 705/705/764
f 751/751/768 750/750/766 719/719/737
f 707/707/708 738/738/770 737/737/767
f 721/721/769 752/752/795 751/751/768
f 708/708/713 739/739/740 738/738/770
f 753/753/771 752/752/795 721/721/769
f 773/773/772 772/772/801 741/741/742
f 787/787/774 786/786/828 755/755/775
f 743/743/751 774/774/778 773/773/772
f 761/761/776 760/760/773 729/729/745
f 757/757/749 788/788/806 787/787/774
f 744/744/777 775/775/802 774/774/778
f 762/762/779 761/761/776 730/730/748
f 789/789/780 788/788/806 757/757/749
f 776/776/781 775/775/802 744/744/777
f 763/763/782 762/762/779 731/731/752
f 790/790/783 789/789/780 758/758/754
f 777/777/784 776/776/781 745/745/755
f 764/764/785 763/763/782 732/732/756
f 747/747/762 778/778/788 777/777/784
f 765/765/786 764/764/785 733/733/758
f 748/748/787 779/779/814 778/778/788
f 735/735/765 766/766/791 765/765/786
f 780/780/789 779/779/814 748/748/787
f 736/736/790 767/767/817 766/766/791
f 781/781/792 780/780/789 749/749/763
f 768/768/793 767/767/817 736/736/790
f 782/782/794 781/781/792 750/750/766
f 738/738/770 769/769/796 768/768/793
f 752/752/795 783/783/822 782/782/794
f 739/739/740 770/770/799 769/769/796
f 784/784/797 783/783/822 752/752/795
f 740/740/798 771/771/824 770/770/799
f 785/785/800 784/784/797 753/753/771
f 772/772/801 771/771/824 740/740/798
f 755/755/775 786/786/828 785/785/800
f 775/775/802 806/806/843 805/805/803
f 762/762/779 793/793/808 792/792/804
f 820/820/805 819/819/832 788/788/806
f 807/807/807 806/806/843 775/775/802
f 763/763/782 794/794/849 793/793/808
f 790/790/783 821/821/811 820/820/805
f 808/808/809 807/807/807 776/776/781
f 795/795/810 794/794/849 763/763/782
f 809/809/812 808/808/809 777/777/784
f 796/796/813 795/795/810 764/764/785
f 779/779/814 810/810/854 809/809/812
f 797/797/815 796/796/813 765/765/786
f 811/811/816 810/810/854 779/779/814
f 767/767/817 798/798/857 797/797/815
f 812/812/818 811/811/816 780/780/789
f 799/799/819 798/798/857 767/767/817
f 813/813/820 812/812/818 781/781/792
f 800/800/821 799/799/819 768/768/793
f 783/783/822 814/814/862 813/813/820
f 770/770/799 801/801/825 800/800/821
f 815/815/823 814/814/862 783/783/822
f 771/771/824 802/802/833 801/801/825
f 816/816/826 815/815/823 784/784/797
f 803/803/827 802/802/833 771/771/824
f 786/786/828 817/817/831 816/816/826
f 804/804/829 803/803/827 772/772/801
f 787/787/774 818/818/840 817/817/831
f 774/774/778 805/805/803 804/804/829
f 792/792/804 791/791/830 760/760/773
f 819/819/832 818/818/840 787/787/774
f 802/802/833 833/833/891 832/832/834
f 847/847/835 846/846/864 815/815/823
f 834/834/836 833/833/891 802/802/833
f 817/817/831 848/848/868 847/847/835
f 835/835/837 834/834/836 803/803/827
f 849/849/839 848/848/868 817/817/831
f 805/805/803 836/836/844 835/835/837
f 823/823/841 822/822/838 791/791/830
f 850/850/842 849/849/839 818/818/840
f 806/806/843 837/837/872 836/836/844
f 824/824/845 823/823/841 792/792/804
f 851/851/846 850/850/842 819/819/832
f 838/838/847 837/837/872 806/806/843
f 825/825/848 824/824/845 793/793/808
f 821/821/811 852/852/852 851/851/846
f 839/839/850 838/838/847 807/807/807
f 826/826/851 825/825/848 794/794/849
f 809/809/812 840/840/855 839/839/850
f 827/827/853 826/826/851 795/795/810
f 810/810/854 841/841/880 840/840/855
f 797/797/815 828/828/858 827/827/853
f 842/842/856 841/841/880 810/810/854
f 798/798/857 829/829/884 828/828/858
f 843/843/859 842/842/856 811/811/816
f 830/830/860 829/829/884 798/798/857
f 813/813/820 844/844/863 843/843/859
f 831/831/861 830/830/860 799/799/819
f 814/814/862 845/845/889 844/844/863
f 801/801/825 832/832/834 831/831/861
f 846/846/864 845/845/889 814/814/862
f 866/866/865 865/865/894 834/834/836
f 880/880/867 879/879/920 848/848/868
f 836/836/844 867/867/896 866/866/865
f 854/854/869 853/853/866 822/822/838
f 881/881/870 880/880/867 849/849/839
f 868/868/871 867/867/896 836/836/844
f 824/824/845 855/855/875 854/854/869
f 882/882/873 881/881/870 850/850/842
f 869/869/874 868/868/871 837/837/872
f 825/825/848 856/856/901 855/855/875
f 852/852/852 883/883/878 882/882/873
f 870/870/876 869/869/874 838/838/847
f 857/857/877 856/856/901 825/825/848
f 840/840/855 871/871/881 870/870/876
f 858/858/879 857/857/877 826/826/851
f 841/841/880 872/872/906 871/871/881
f 859/859/882 858/858/879 827/827/853
f 873/873/883 872/872/906 841/841/880
f 829/829/884 860/860/910 859/859/882
f 874/874/885 873/873/883 842/842/856
f 861/861/886 860/860/910 829/829/884
f 875/875/887 874/874/885 843/843/859
f 862/862/888 861/861/886 830/830/860
f 845/845/889 876/876/914 875/875/887
f 832/832/834 863/863/892 862/862/888
f 877/877/890 876/876/914 845/845/889
f 833/833/891 864/864/917 863/863/892
f 878/878/893 877/877/890 846/846/864
f 865/865/894 864/864/917 833/833/891
f 848/848/868 879/879/920 878/878/893
f 868/868/871 899/899/951 898/898/895
f 855/855/875 886/886/953 885/885/897
f 913/913/898 912/912/950 881/881/870
f 900/900/899 899/899/951 868/868/871
f 887/887/900 886/886/953 855/855/875
f 914/914/902 913/913/898 882/882/873
f 901/901/903 900/900/899 869/869/874
f 888/888/904 887/887/900 856/856/901
f 871/871/881 902/902/907 901/901/903
f 889/889/905 888/888/904 857/857/877
f 872/872/906 903/903/929 902/902/907
f 890/890/908 889/889/905 858/858/879
f 904/904/909 903/903/929 872/872/906
f 860/860/910 891/891/933 890/890/908
f 905/905/911 904/904/909 873/873/883
f 892/892/912 891/891/933 860/860/910
f 875/875/887 906/906/915 905/905/911
f 893/893/913 892/892/912 861/861/886
f 876/876/914 907/907/937 906/906/915
f 863/863/892 894/894/918 893/893/913
f 908/908/916 907/907/937 876/876/914
f 864/864/917 895/895/941 894/894/918
f 878/878/893 909/909/921 908/908/916
f 896/896/919 895/895/941 864/864/917
f 879/879/920 910/910/944 909/909/921
f 897/897/922 896/896/919 865/865/894
f 911/911/924 910/910/944 879/879/920
f 867/867/896 898/898/895 897/897/922
f 885/885/897 884/884/923 853/853/866
f 881/881/870 912/912/950 911/911/924
f 932/932/925 931/931/955 900/900/899
f 919/919/926 918/918/956 887/887/900
f 902/902/907 933/933/930 932/932/925
f 920/920/928 919/919/926 888/888/904
f 903/903/929 934/934/957 933/933/930
f 921/921/931 920/920/928 889/889/905
f 935/935/932 934/934/957 903/903/929
f 891/891/933 922/922/961 921/921/931
f 936/936/934 935/935/932 904/904/909
f 923/923/935 922/922/961 891/891/933
f 906/906/915 937/937/938 936/936/934
f 924/924/936 923/923/935 892/892/912
f 907/907/937 938/938/965 937/937/938
f 894/894/918 925/925/967 924/924/936
f 939/939/939 938/938/965 907/907/937
f 926/926/940 925/925/967 894/894/918
f 940/940/942 939/939/939 908/908/916
f 927/927/943 926/926/940 895/895/941
f 910/910/944 941/941/972 940/940/942
f 928/928/945 927/927/943 896/896/919
f 942/942/947 941/941/972 910/910/944
f 898/898/895 929/929/952 928/928/945
f 916/916/948 915/915/946 884/884/923
f 943/943/949 942/942/947 911/911/924
f 899/899/951 930/930/978 929/929/952
f 886/886/953 917/917/981 916/916/948
f 944/944/954 943/943/949 912/912/950
f 931/931/955 930/930/978 899/899/951
f 918/918/956 917/917/981 886/886/953
f 945/945/927 944/944/954 913/913/898
f 934/934/957 965/965/960 964/964/958
f 952/952/959 951/951/987 920/920/928
f 935/935/932 966/966/989 965/965/960
f 922/922/961 953/953/991 952/952/959
f 967/967/962 966/966/989 935/935/932
f 954/954/963 953/953/991 922/922/961
f 937/937/938 968/968/966 967/967/962
f 955/955/964 954/954/963 923/923/935
f 938/938/965 969/969/993 968/968/966
f 925/925/967 956/956/995 955/955/964
f 970/970/968 969/969/993 938/938/965
f 957/957/969 956/956/995 925/925/967
f 971/971/970 970/970/968 939/939/939
f 958/958/971 957/957/969 926/926/940
f 941/941/972 972/972/1000 971/971/970
f 959/959/973 958/958/971 927/927/943
f 973/973/975 972/972/1000 941/941/972
f 929/929/952 960/960/979 959/959/973
f 947/947/976 946/946/974 915/915/946
f 974/974/977 973/973/975 942/942/947
f 930/930/978 961/961/1004 960/960/979
f 948/948/980 947/947/976 916/916/948
f 975/975/982 974/974/977 943/943/949
f 962/962/983 961/961/1004 930/930/978
f 918/918/956 949/949/1010 948/948/980
f 945/945/927 976/976/986 975/975/982
f 963/963/984 962/962/983 931/931/955
f 950/950/985 949/949/1010 918/918/956
f 933/933/930 964/964/958 963/963/984
f 951/951/987 950/950/985 919/919/926
f 998/998/988 997/997/1016 966/966/989
f 985/985/990 984/984/1045 953/953/991
f 968/968/966 999/999/994 998/998/988
f 986/986/992 985/985/990 954/954/963
f 969/969/993 1000/1000/1017 999/999/994
f 956/956/995 987/987/1019 986/986/992
f 1001/1001/996 1000/1000/1017 969/969/993
f 988/988/997 987/987/1019 956/956/995
f 1002/1002/998 1001/1001/996 970/970/968
f 989/989/999 988/988/997 957/957/969
f 972/972/1000 1003/1003/1024 1002/1002/998
f 990/990/1001 989/989/999 958/958/971
f 1004/1004/1003 1003/1003/1024 972/972/1000
f 960/960/979 991/991/1005 990/990/1001
f 947/947/976 978/978/1030 977/977/1002
f 974/974/977 1005/1005/1031 1004/1004/1003
f 961/961/1004 992/992/1032 991/991/1005
f 979/979/1006 978/978/1030 947/947/976
f 1006/1006/1007 1005/1005/1031 974/974/977
f 993/993/1008 992/992/1032 961/961/1004
f 980/980/1009 979/979/1006 948/948/980
f 1007/1007/1011 1006/1006/1007 975/975/982
f 994/994/1012 993/993/1008 962/962/983
f 950/950/985 981/981/1039 980/980/1009
f 964/964/958 995/995/1014 994/994/1012
f 982/982/1013 981/981/1039 950/950/985
f 965/965/960 996/996/1042 995/995/1014
f 983/983/1015 982/982/1013 951/951/987
f 997/997/1016 996/996/1042 965/965/960
f 953/953/991 984/984/1045 983/983/1015
f 1000/1000/1017 1031/1031/1076 1030/1030/1018
f 987/987/1019 1018/1018/1022 1017/1017/1020
f 1032/1032/1021 1031/1031/1076 1000/1000/1017
f 988/988/997 1019/1019/1023 1018/1018/1022
f 1002/1002/998 1033/1033/1025 1032/1032/1021
f 989/989/999 1020/1020/1050 1019/1019/1023
f 1003/1003/1024 1034/1034/1051 1033/1033/1025
f 1021/1021/1026 1020/1020/1050 989/989/999
f 1035/1035/1028 1034/1034/1051 1003/1003/1024
f 991/991/1005 1022/1022/1033 1021/1021/1026
f 1009/1009/1029 1008/1008/1027 977/977/1002
f 1005/1005/1031 1036/1036/1055 1035/1035/1028
f 992/992/1032 1023/1023/1056 1022/1022/1033
f 979/979/1006 1010/1010/1058 1009/1009/1029
f 1037/1037/1034 1036/1036/1055 1005/1005/1031
f 1024/1024/1035 1023/1023/1056 992/992/1032
f 1011/1011/1036 1010/1010/1058 979/979/1006
f 1038/1038/1037 1037/1037/1034 1006/1006/1007
f 1025/1025/1038 1024/1024/1035 993/993/1008
f 981/981/1039 1012/1012/1066 1011/1011/1036
f 995/995/1014 1026/1026/1067 1025/1025/1038
f 1013/1013/1040 1012/1012/1066 981/981/1039
f 1027/1027/1041 1026/1026/1067 995/995/1014
f 1014/1014/1043 1013/1013/1040 982/982/1013
f 1028/1028/1044 1027/1027/1041 996/996/1042
f 984/984/1045 1015/1015/1071 1014/1014/1043
f 1029/1029/1046 1028/1028/1044 997/997/1016
f 1016/1016/1047 1015/1015/1071 984/984/1045
f 999/999/994 1030/1030/1018 1029/1029/1046
f 1017/1017/1020 1016/1016/1047 985/985/990
f 1065/1128/1048 1064/1127/1078 1032/1032/1021
f 1052/1115/1049 1051/1114/1109 1019/1019/1023
f 1034/1034/1051 1066/1129/1082 1065/1128/1048
f 1053/1116/1052 1052/1115/1049 1020/1020/1050
f 1067/1130/1054 1066/1129/1082 1034/1034/1051
f 1022/1022/1033 1054/1117/1057 1053/1116/1052
f 1009/1009/1029 1041/1104/1059 1040/1103/1053
f 1036/1036/1055 1068/1131/1085 1067/1130/1054
f 1023/1023/1056 1055/1118/1087 1054/1117/1057
f 1010/1010/1058 1042/1105/1090 1041/1104/1059
f 1069/1132/1060 1068/1131/1085 1036/1036/1055
f 1056/1119/1061 1055/1118/1087 1023/1023/1056
f 1043/1106/1062 1042/1105/1090 1010/1010/1058
f 1070/1133/1063 1069/1132/1060 1037/1037/1034
f 1057/1120/1064 1056/1119/1061 1024/1024/1035
f 1044/1107/1065 1043/1106/1062 1011/1011/1036
f 1026/1026/1067 1058/1121/1069 1057/1120/1064
f 1045/1108/1068 1044/1107/1065 1012/1012/1066
f 1027/1027/1041 1059/1122/1099 1058/1121/1069
f 1014/1014/1043 1046/1109/1072 1045/1108/1068
f 1060/1123/1070 1059/1122/1099 1027/1027/1041
f 1015/1015/1071 1047/1110/1102 1046/1109/1072
f 1061/1124/1073 1060/1123/1070 1028/1028/1044
f 1048/1111/1074 1047/1110/1102 1015/1015/1071
f 1062/1125/1075 1061/1124/1073 1029/1029/1046
f 1017/1017/1020 1049/1112/1077 1048/1111/1074
f 1031/1031/1076 1063/1126/1106 1062/1125/1075
f 1018/1018/1022 1050/1113/1079 1049/1112/1077
f 1064/1127/1078 1063/1126/1106 1031/1031/1076
f 1019/1019/1023 1051/1114/1109 1050/1113/1079
f 1067/1130/1054 1098/1161/1086 1097/1160/1081
f 1054/1117/1057 1085/1148/1088 1084/1147/1083
f 1072/1135/1084 1071/1134/1080 1040/1103/1053
f 1068/1131/1085 1099/1162/1115 1098/1161/1086
f 1055/1118/1087 1086/1149/1117 1085/1148/1088
f 1073/1136/1089 1072/1135/1084 1041/1104/1059
f 1100/1163/1091 1099/1162/1115 1068/1131/1085
f 1087/1150/1092 1086/1149/1117 1055/1118/1087
f 1074/1137/1093 1073/1136/1089 1042/1105/1090
f 1070/1133/1063 1101/1164/1096 1100/1163/1091
f 1088/1151/1094 1087/1150/1092 1056/1119/1061
f 1075/1138/1095 1074/1137/1093 1043/1106/1062
f 1058/1121/1069 1089/1152/1122 1088/1151/1094
f 1076/1139/1097 1075/1138/1095 1044/1107/1065
f 1090/1153/1098 1089/1152/1122 1058/1121/1069
f 1077/1140/1100 1076/1139/1097 1045/1108/1068
f 1091/1154/1101 1090/1153/1098 1059/1122/1099
f 1047/1110/1102 1078/1141/1125 1077/1140/1100
f 1092/1155/1103 1091/1154/1101 1060/1123/1070
f 1079/1142/1104 1078/1141/1125 1047/1110/1102
f 1062/1125/1075 1093/1156/1107 1092/1155/1103
f 1080/1143/1105 1079/1142/1104 1048/1111/1074
f 1063/1126/1106 1094/1157/1131 1093/1156/1107
f 1050/1113/1079 1081/1144/1110 1080/1143/1105
f 1095/1158/1108 1094/1157/1131 1063/1126/1106
f 1051/1114/1109 1082/1145/1112 1081/1144/1110
f 1096/1159/1111 1095/1158/1108 1064/1127/1078
f 1052/1115/1049 1083/1146/1134 1082/1145/1112
f 1066/1129/1082 1097/1160/1081 1096/1159/1111
f 1084/1147/1083 1083/1146/1134 1052/1115/1049
f 1104/1167/1113 1103/1166/1166 1072/1135/1084
f 1131/1194/1114 1130/1193/1139 1099/1162/1115
f 1118/1181/1116 1117/1180/1167 1086/1149/1117
f 1105/1168/1118 1104/1167/1113 1073/1136/1089
f 1132/1195/1119 1131/1194/1114 1100/1163/1091
f 1119/1182/1120 1118/1181/1116 1087/1150/1092
f 1106/1169/1121 1105/1168/1118 1074/1137/1093
f 1089/1152/1122 1120/1183/1143 1119/1182/1120
f 1107/1170/1123 1106/1169/1121 1075/1138/1095
f 1121/1184/1124 1120/1183/1143 1089/1152/1122
f 1077/1140/1100 1108/1171/1126 1107/1170/1123
f 1091/1154/1101 1122/1185/1148 1121/1184/1124
f 1078/1141/1125 1109/1172/1149 1108/1171/1126
f 1123/1186/1127 1122/1185/1148 1091/1154/1101
f 1110/1173/1128 1109/1172/1149 1078/1141/1125
f 1124/1187/1129 1123/1186/1127 1092/1155/1103
f 1111/1174/1130 1110/1173/1128 1079/1142/1104
f 1094/1157/1131 1125/1188/1154 1124/1187/1129
f 1081/1144/1110 1112/1175/1156 1111/1174/1130
f 1126/1189/1132 1125/1188/1154 1094/1157/1131
f 1113/1176/1133 1112/1175/1156 1081/1144/1110
f 1096/1159/1111 1127/1190/1135 1126/1189/1132
f 1083/1146/1134 1114/1177/1160 1113/1176/1133
f 1097/1160/1081 1128/1191/1161 1127/1190/1135
f 1115/1178/1136 1114/1177/1160 1083/1146/1134
f 1129/1192/1138 1128/1191/1161 1097/1160/1081
f 1085/1148/1088 1116/1179/1140 1115/1178/1136
f 1072/1135/1084 1103/1166/1166 1102/1165/1137
f 1130/1193/1139 1129/1192/1138 1098/1161/1086
f 1086/1149/1117 1117/1180/1167 1116/1179/1140
f 1106/1169/1121 1137/1200/1202 1136/1199/1141
f 1120/1183/1143 1151/1214/1203 1150/1213/1144
f 1138/1201/1145 1137/1200/1202 1106/1169/1121
f 1152/1215/1146 1151/1214/1203 1120/1183/1143
f 1108/1171/1126 1139/1202/1150 1138/1201/1145
f 1153/1216/1147 1152/1215/1146 1121/1184/1124
f 1109/1172/1149 1140/1203/1174 1139/1202/1150
f 1154/1217/1151 1153/1216/1147 1122/1185/1148
f 1141/1204/1152 1140/1203/1174 1109/1172/1149
f 1124/1187/1129 1155/1218/1155 1154/1217/1151
f 1142/1205/1153 1141/1204/1152 1110/1173/1128
f 1125/1188/1154 1156/1219/1179 1155/1218/1155
f 1112/1175/1156 1143/1206/1180 1142/1205/1153
f 1157/1220/1157 1156/1219/1179 1125/1188/1154
f 1144/1207/1158 1143/1206/1180 1112/1175/1156
f 1158/1221/1159 1157/1220/1157 1126/1189/1132
f 1114/1177/1160 1145/1208/1185 1144/1207/1158
f 1128/1191/1161 1159/1222/1186 1158/1221/1159
f 1146/1209/1162 1145/1208/1185 1114/1177/1160
f 1160/1223/1164 1159/1222/1186 1128/1191/1161
f 1116/1179/1140 1147/1210/1168 1146/1209/1162
f 1134/1197/1165 1133/1196/1163 1102/1165/1137
f 1130/1193/1139 1161/1224/1192 1160/1223/1164
f 1117/1180/1167 1148/1211/1193 1147/1210/1168
f 1135/1198/1169 1134/1197/1165 1103/1166/1166
f 1162/1225/1170 1161/1224/1192 1130/1193/1139
f 1149/1212/1171 1148/1211/1193 1117/1180/1167
f 1136/1199/1141 1135/1198/1169 1104/1167/1113
f 1132/1195/1119 1163/1226/1142 1162/1225/1170
f 1150/1213/1144 1149/1212/1171 1118/1181/1116
f 1139/1202/1150 1170/1233/1175 1169/1232/1172
f 1153/1216/1147 1184/1247/1233 1183/1246/1173
f 1140/1203/1174 1171/1234/1205 1170/1233/1175
f 1185/1248/1176 1184/1247/1233 1153/1216/1147
f 1172/1235/1177 1171/1234/1205 1140/1203/1174
f 1186/1249/1178 1185/1248/1176 1154/1217/1151
f 1142/1205/1153 1173/1236/1181 1172/1235/1177
f 1156/1219/1179 1187/1250/1208 1186/1249/1178
f 1143/1206/1180 1174/1237/1209 1173/1236/1181
f 1188/1251/1182 1187/1250/1208 1156/1219/1179
f 1175/1238/1183 1174/1237/1209 1143/1206/1180
f 1189/1252/1184 1188/1251/1182 1157/1220/1157
f 1145/1208/1185 1176/1239/1212 1175/1238/1183
f 1159/1222/1186 1190/1253/1214 1189/1252/1184
f 1177/1240/1187 1176/1239/1212 1145/1208/1185
f 1191/1254/1189 1190/1253/1214 1159/1222/1186
f 1147/1210/1168 1178/1241/1194 1177/1240/1187
f 1165/1228/1190 1164/1227/1188 1133/1196/1163
f 1192/1255/1191 1191/1254/1189 1160/1223/1164
f 1148/1211/1193 1179/1242/1220 1178/1241/1194
f 1166/1229/1195 1165/1228/1190 1134/1197/1165
f 1193/1256/1196 1192/1255/1191 1161/1224/1192
f 1180/1243/1197 1179/1242/1220 1148/1211/1193
f 1167/1230/1198 1166/1229/1195 1135/1198/1169
f 1194/1257/1199 1193/1256/1196 1162/1225/1170
f 1181/1244/1200 1180/1243/1197 1149/1212/1171
f 1168/1231/1201 1167/1230/1198 1136/1199/1141
f 1151/1214/1203 1182/1245/1228 1181/1244/1200
f 1169/1232/1172 1168/1231/1201 1137/1200/1202
f 1183/1246/1173 1182/1245/1228 1151/1214/1203
f 1203/1266/1204 1202/1265/1263 1171/1234/1205
f 1217/1280/1206 1216/1279/1234 1185/1248/1176
f 1204/1267/1207 1203/1266/1204 1172/1235/1177
f 1187/1250/1208 1218/1281/1237 1217/1280/1206
f 1174/1237/1209 1205/1268/1211 1204/1267/1207
f 1219/1282/1210 1218/1281/1237 1187/1250/1208
f 1175/1238/1183 1206/1269/1213 1205/1268/1211
f 1189/1252/1184 1220/1283/1215 1219/1282/1210
f 1176/1239/1212 1207/1270/1240 1206/1269/1213
f 1190/1253/1214 1221/1284/1242 1220/1283/1215
f 1208/1271/1216 1207/1270/1240 1176/1239/1212
f 1222/1285/1218 1221/1284/1242 1190/1253/1214
f 1178/1241/1194 1209/1272/1221 1208/1271/1216
f 1196/1259/1219 1195/1258/1217 1164/1227/1188
f 1192/1255/1191 1223/1286/1247 1222/1285/1218
f 1179/1242/1220 1210/1273/1249 1209/1272/1221
f 1166/1229/1195 1197/1260/1251 1196/1259/1219
f 1224/1287/1222 1223/1286/1247 1192/1255/1191
f 1211/1274/1223 1210/1273/1249 1179/1242/1220
f 1198/1261/1224 1197/1260/1251 1166/1229/1195
f 1194/1257/1199 1225/1288/1227 1224/1287/1222
f 1212/1275/1225 1211/1274/1223 1180/1243/1197
f 1199/1262/1226 1198/1261/1224 1167/1230/1198
f 1182/1245/1228 1213/1276/1258 1212/1275/1225
f 1200/1263/1229 1199/1262/1226 1168/1231/1201
f 1214/1277/1230 1213/1276/1258 1182/1245/1228
f 1201/1264/1231 1200/1263/1229 1169/1232/1172
f 1215/1278/1232 1214/1277/1230 1183/1246/1173
f 1171/1234/1205 1202/1265/1263 1201/1264/1231
f 1216/1279/1234 1215/1278/1232 1184/1247/1233
f 1205/1268/1211 1237/1363/1238 1236/1362/1235
f 1251/1377/1236 1250/1376/1293 1218/1281/1237
f 1206/1269/1213 1238/1364/1241 1237/1363/1238
f 1252/1378/1239 1251/1377/1236 1219/1282/1210
f 1207/1270/1240 1239/1365/1268 1238/1364/1241
f 1221/1284/1242 1253/1379/1245 1252/1378/1239
f 1240/1366/1243 1239/1365/1268 1207/1270/1240
f 1222/1285/1218 1254/1380/1248 1253/1379/1245
f 1209/1272/1221 1241/1367/1250 1240/1366/1243
f 1228/1354/1246 1227/1353/1244 1195/1258/1217
f 1223/1286/1247 1255/1381/1274 1254/1380/1248
f 1210/1273/1249 1242/1368/1275 1241/1367/1250
f 1197/1260/1251 1229/1355/1277 1228/1354/1246
f 1256/1382/1252 1255/1381/1274 1223/1286/1247
f 1243/1369/1253 1242/1368/1275 1210/1273/1249
f 1230/1356/1254 1229/1355/1277 1197/1260/1251
f 1225/1288/1227 1257/1383/1257 1256/1382/1252
f 1244/1370/1255 1243/1369/1253 1211/1274/1223
f 1231/1357/1256 1230/1356/1254 1198/1261/1224
f 1213/1276/1258 1245/1371/1284 1244/1370/1255
f 1232/1358/1259 1231/1357/1256 1199/1262/1226
f 1246/1372/1260 1245/1371/1284 1213/1276/1258
f 1233/1359/1261 1232/1358/1259 1200/1263/1229
f 1247/1373/1262 1246/1372/1260 1214/1277/1230
f 1202/1265/1263 1234/1360/1289 1233/1359/1261
f 1248/1374/1264 1247/1373/1262 1215/1278/1232
f 1235/1361/1265 1234/1360/1289 1202/1265/1263
f 1217/1280/1206 1249/1375/1266 1248/1374/1264
f 1236/1362/1235 1235/1361/1265 1203/1266/1204
f 1218/1281/1237 1250/1376/1293 1249/1375/1266
f 1270/1396/1267 1269/1395/1322 1238/1364/1241
f 1253/1379/1245 1284/1410/1325 1283/1409/1269
f 1271/1397/1270 1270/1396/1267 1239/1365/1268
f 1285/1411/1272 1284/1410/1325 1253/1379/1245
f 1241/1367/1250 1272/1398/1276 1271/1397/1270
f 1259/1385/1273 1258/1384/1271 1227/1353/1244
f 1255/1381/1274 1286/1412/1300 1285/1411/1272
f 1242/1368/1275 1273/1399/1301 1272/1398/1276
f 1229/1355/1277 1260/1386/1303 1259/1385/1273
f 1287/1413/1278 1286/1412/1300 1255/1381/1274
f 1274/1400/1279 1273/1399/1301 1242/1368/1275
f 1261/1387/1280 1260/1386/1303 1229/1355/1277
f 1257/1383/1257 1288/1414/1283 1287/1413/1278
f 1275/1401/1281 1274/1400/1279 1243/1369/1253
f 1262/1388/1282 1261/1387/1280 1230/1356/1254
f 1245/1371/1284 1276/1402/1286 1275/1401/1281
f 1263/1389/1285 1262/1388/1282 1231/1357/1256
f 1246/1372/1260 1277/1403/1312 1276/1402/1286
f 1264/1390/1287 1263/1389/1285 1232/1358/1259
f 1278/1404/1288 1277/1403/1312 1246/1372/1260
f 1234/1360/1289 1265/1391/1315 1264/1390/1287
f 1279/1405/1290 1278/1404/1288 1247/1373/1262
f 1266/1392/1291 1265/1391/1315 1234/1360/1289
f 1280/1406/1292 1279/1405/1290 1248/1374/1264
f 1236/1362/1235 1267/1393/1294 1266/1392/1291
f 1250/1376/1293 1281/1407/1320 1280/1406/1292
f 1237/1363/1238 1268/1394/1296 1267/1393/1294
f 1282/1408/1295 1281/1407/1320 1250/1376/1293
f 1238/1364/1241 1269/1395/1322 1268/1394/1296
f 1252/1378/1239 1283/1409/1269 1282/1408/1295
f 1272/1398/1276 1303/1429/1302 1302/1428/1297
f 1290/1416/1298 1289/1415/1327 1258/1384/1271
f 1317/1443/1299 1316/1442/1328 1285/1411/1272
f 1273/1399/1301 1304/1430/1330 1303/1429/1302
f 1260/1386/1303 1291/1417/1332 1290/1416/1298
f 1318/1444/1304 1317/1443/1299 1286/1412/1300
f 1305/1431/1305 1304/1430/1330 1273/1399/1301
f 1292/1418/1306 1291/1417/1332 1260/1386/1303
f 1288/1414/1283 1319/1445/1309 1318/1444/1304
f 1306/1432/1307 1305/1431/1305 1274/1400/1279
f 1293/1419/1308 1292/1418/1306 1261/1387/1280
f 1276/1402/1286 1307/1433/1337 1306/1432/1307
f 1294/1420/1310 1293/1419/1308 1262/1388/1282
f 1308/1434/1311 1307/1433/1337 1276/1402/1286
f 1295/1421/1313 1294/1420/1310 1263/1389/1285
f 1309/1435/1314 1308/1434/1311 1277/1403/1312
f 1265/1391/1315 1296/1422/1342 1295/1421/1313
f 1310/1436/1316 1309/1435/1314 1278/1404/1288
f 1297/1423/1317 1296/1422/1342 1265/1391/1315
f 1311/1437/1318 1310/1436/1316 1279/1405/1290
f 1298/1424/1319 1297/1423/1317 1266/1392/1291
f 1281/1407/1320 1312/1438/1346 1311/1437/1318
f 1268/1394/1296 1299/1425/1323 1298/1424/1319
f 1313/1439/1321 1312/1438/1346 1281/1407/1320
f 1269/1395/1322 1300/1426/1324 1299/1425/1323
f 1283/1409/1269 1314/1440/1326 1313/1439/1321
f 1270/1396/1267 1301/1427/1352 1300/1426/1324
f 1284/1410/1325 1315/1441/1353 1314/1440/1326
f 1302/1428/1297 1301/1427/1352 1270/1396/1267
f 1316/1442/1328 1315/1441/1353 1284/1410/1325
f 1336/1462/1329 1335/1461/1383 1304/1430/1330
f 1323/1449/1331 1322/1448/1385 1291/1417/1332
f 1319/1445/1309 1350/1476/1336 1349/1475/1333
f 1337/1463/1334 1336/1462/1329 1305/1431/1305
f 1324/1450/1335 1323/1449/1331 1292/1418/1306
f 1307/1433/1337 1338/1464/1339 1337/1463/1334
f 1325/1451/1338 1324/1450/1335 1293/1419/1308
f 1308/1434/1311 1339/1465/1362 1338/1464/1339
f 1326/1452/1340 1325/1451/1338 1294/1420/1310
f 1340/1466/1341 1339/1465/1362 1308/1434/1311
f 1296/1422/1342 1327/1453/1365 1326/1452/1340
f 1341/1467/1343 1340/1466/1341 1309/1435/1314
f 1328/1454/1344 1327/1453/1365 1296/1422/1342
f 1342/1468/1345 1341/1467/1343 1310/1436/1316
f 1298/1424/1319 1329/1455/1347 1328/1454/1344
f 1312/1438/1346 1343/1469/1369 1342/1468/1345
f 1299/1425/1323 1330/1456/1349 1329/1455/1347
f 1344/1470/1348 1343/1469/1369 1312/1438/1346
f 1300/1426/1324 1331/1457/1372 1330/1456/1349
f 1345/1471/1350 1344/1470/1348 1313/1439/1321
f 1332/1458/1351 1331/1457/1372 1300/1426/1324
f 1315/1441/1353 1346/1472/1376 1345/1471/1350
f 1333/1459/1354 1332/1458/1351 1301/1427/1352
f 1347/1473/1356 1346/1472/1376 1315/1441/1353
f 1303/1429/1302 1334/1460/1358 1333/1459/1354
f 1321/1447/1357 1320/1446/1355 1289/1415/1327
f 1317/1443/1299 1348/1474/1382 1347/1473/1356
f 1304/1430/1330 1335/1461/1383 1334/1460/1358
f 1291/1417/1332 1322/1448/1385 1321/1447/1357
f 1349/1475/1333 1348/1474/1382 1317/1443/1299
f 1338/1464/1339 1369/1495/1419 1368/1494/1359
f 1356/1482/1360 1355/1481/1389 1324/1450/1335
f 1370/1496/1361 1369/1495/1419 1338/1464/1339
f 1357/1483/1363 1356/1482/1360 1325/1451/1338
f 1371/1497/1364 1370/1496/1361 1339/1465/1362
f 1327/1453/1365 1358/1484/1392 1357/1483/1363
f 1372/1498/1366 1371/1497/1364 1340/1466/1341
f 1359/1485/1367 1358/1484/1392 1327/1453/1365
f 1342/1468/1345 1373/1499/1370 1372/1498/1366
f 1360/1486/1368 1359/1485/1367 1328/1454/1344
f 1343/1469/1369 1374/1500/1397 1373/1499/1370
f 1330/1456/1349 1361/1487/1373 1360/1486/1368
f 1375/1501/1371 1374/1500/1397 1343/1469/1369
f 1331/1457/1372 1362/1488/1375 1361/1487/1373
f 1376/1502/1374 1375/1501/1371 1344/1470/1348
f 1332/1458/1351 1363/1489/1403 1362/1488/1375
f 1346/1472/1376 1377/1503/1404 1376/1502/1374
f 1364/1490/1377 1363/1489/1403 1332/1458/1351
f 1378/1504/1379 1377/1503/1404 1346/1472/1376
f 1334/1460/1358 1365/1491/1384 1364/1490/1377
f 1352/1478/1380 1351/1477/1378 1320/1446/1355
f 1379/1505/1381 1378/1504/1379 1347/1473/1356
f 1335/1461/1383 1366/1492/1409 1365/1491/1384
f 1322/1448/1385 1353/1479/1412 1352/1478/1380
f 1380/1506/1386 1379/1505/1381 1348/1474/1382
f 1367/1493/1387 1366/1492/1409 1335/1461/1383
f 1354/1480/1388 1353/1479/1412 1322/1448/1385
f 1350/1476/1336 1381/1507/1390 1380/1506/1386
f 1368/1494/1359 1367/1493/1387 1336/1462/1329
f 1355/1481/1389 1354/1480/1388 1323/1449/1331
f 1402/1528/1391 1401/1527/1446 1370/1496/1361
f 1358/1484/1392 1389/1515/1450 1388/1514/1393
f 1403/1529/1394 1402/1528/1391 1371/1497/1364
f 1390/1516/1395 1389/1515/1450 1358/1484/1392
f 1373/1499/1370 1404/1530/1398 1403/1529/1394
f 1391/1517/1396 1390/1516/1395 1359/1485/1367
f 1374/1500/1397 1405/1531/1424 1404/1530/1398
f 1361/1487/1373 1392/1518/1400 1391/1517/1396
f 1406/1532/1399 1405/1531/1424 1374/1500/1397
f 1362/1488/1375 1393/1519/1427 1392/1518/1400
f 1407/1533/1401 1406/1532/1399 1375/1501/1371
f 1394/1520/1402 1393/1519/1427 1362/1488/1375
f 1377/1503/1404 1408/1534/1430 1407/1533/1401
f 1395/1521/1405 1394/1520/1402 1363/1489/1403
f 1409/1535/1407 1408/1534/1430 1377/1503/1404
f 1365/1491/1384 1396/1522/1410 1395/1521/1405
f 1383/1509/1408 1382/1508/1406 1351/1477/1378
f 1379/1505/1381 1410/1536/1437 1409/1535/1407
f 1366/1492/1409 1397/1523/1438 1396/1522/1410
f 1384/1510/1411 1383/1509/1408 1352/1478/1380
f 1411/1537/1413 1410/1536/1437 1379/1505/1381
f 1398/1524/1414 1397/1523/1438 1366/1492/1409
f 1385/1511/1415 1384/1510/1411 1353/1479/1412
f 1412/1538/1416 1411/1537/1413 1380/1506/1386
f 1399/1525/1417 1398/1524/1414 1367/1493/1387
f 1386/1512/1418 1385/1511/1415 1354/1480/1388
f 1369/1495/1419 1400/1526/1421 1399/1525/1417
f 1387/1513/1420 1386/1512/1418 1355/1481/1389
f 1370/1496/1361 1401/1527/1446 1400/1526/1421
f 1357/1483/1363 1388/1514/1393 1387/1513/1420
f 1404/1530/1398 1435/1561/1425 1434/1560/1422
f 1422/1548/1423 1421/1547/1451 1390/1516/1395
f 1405/1531/1424 1436/1562/1453 1435/1561/1425
f 1392/1518/1400 1423/1549/1428 1422/1548/1423
f 1437/1563/1426 1436/1562/1453 1405/1531/1424
f 1393/1519/1427 1424/1550/1455 1423/1549/1428
f 1407/1533/1401 1438/1564/1431 1437/1563/1426
f 1425/1551/1429 1424/1550/1455 1393/1519/1427
f 1408/1534/1430 1439/1565/1456 1438/1564/1431
f 1426/1552/1432 1425/1551/1429 1394/1520/1402
f 1440/1566/1434 1439/1565/1456 1408/1534/1430
f 1396/1522/1410 1427/1553/1439 1426/1552/1432
f 1414/1540/1435 1413/1539/1433 1382/1508/1406
f 1441/1567/1436 1440/1566/1434 1409/1535/1407
f 1397/1523/1438 1428/1554/1463 1427/1553/1439
f 1384/1510/1411 1415/1541/1466 1414/1540/1435
f 1442/1568/1440 1441/1567/1436 1410/1536/1437
f 1429/1555/1441 1428/1554/1463 1397/1523/1438
f 1416/1542/1442 1415/1541/1466 1384/1510/1411
f 1443/1569/1443 1442/1568/1440 1411/1537/1413
f 1430/1556/1444 1429/1555/1441 1398/1524/1414
f 1386/1512/1418 1417/1543/1471 1416/1542/1442
f 1400/1526/1421 1431/1557/1447 1430/1556/1444
f 1418/1544/1445 1417/1543/1471 1386/1512/1418
f 1401/1527/1446 1432/1558/1475 1431/1557/1447
f 1419/1545/1448 1418/1544/1445 1387/1513/1420
f 1433/1559/1449 1432/1558/1475 1401/1527/1446
f 1389/1515/1450 1420/1546/1478 1419/1545/1448
f 1434/1560/1422 1433/1559/1449 1402/1528/1391
f 1421/1547/1451 1420/1546/1478 1389/1515/1450
f 1468/1594/1452 1467/1593/1509 1436/1562/1453
f 1455/1581/1454 1454/1580/1511 1423/1549/1428
f 1438/1564/1431 1469/1595/1457 1468/1594/1452
f 1425/1551/1429 1456/1582/1486 1455/1581/1454
f 1439/1565/1456 1470/1596/1483 1469/1595/1457
f 1457/1583/1458 1456/1582/1486 1425/1551/1429
f 1471/1597/1460 1470/1596/1483 1439/1565/1456
f 1427/1553/1439 1458/1584/1464 1457/1583/1458
f 1445/1571/1461 1444/1570/1459 1413/1539/1433
f 1472/1598/1462 1471/1597/1460 1440/1566/1434
f 1428/1554/1463 1459/1585/1490 1458/1584/1464
f 1446/1572/1465 1445/1571/1461 1414/1540/1435
f 1473/1599/1467 1472/1598/1462 1441/1567/1436
f 1460/1586/1468 1459/1585/1490 1428/1554/1463
f 1416/1542/1442 1447/1573/1496 1446/1572/1465
f 1443/1569/1443 1474/1600/1472 1473/1599/1467
f 1461/1587/1469 1460/1586/1468 1429/1555/1441
f 1448/1574/1470 1447/1573/1496 1416/1542/1442
f 1431/1557/1447 1462/1588/1500 1461/1587/1469
f 1449/1575/1473 1448/1574/1470 1417/1543/1471
f 1463/1589/1474 1462/1588/1500 1431/1557/1447
f 1450/1576/1476 1449/1575/1473 1418/1544/1445
f 1464/1590/1477 1463/1589/1474 1432/1558/1475
f 1420/1546/1478 1451/1577/1505 1450/1576/1476
f 1465/1591/1479 1464/1590/1477 1433/1559/1449
f 1452/1578/1480 1451/1577/1505 1420/1546/1478
f 1435/1561/1425 1466/1592/1482 1465/1591/1479
f 1453/1579/1481 1452/1578/1480 1421/1547/1451
f 1436/1562/1453 1467/1593/1509 1466/1592/1482
f 1423/1549/1428 1454/1580/1511 1453/1579/1481
f 1470/1596/1483 1501/1653/1540 1500/1651/1484
f 1488/1628/1485 1487/1625/1514 1456/1582/1486
f 1502/1655/1488 1501/1653/1540 1470/1596/1483
f 1458/1584/1464 1489/1629/1491 1488/1628/1485
f 1476/1604/1489 1475/1601/1487 1444/1570/1459
f 1472/1598/1462 1503/1657/1516 1502/1655/1488
f 1459/1585/1490 1490/1631/1517 1489/1629/1491
f 1477/1605/1492 1476/1604/1489 1445/1571/1461
f 1504/1660/1493 1503/1657/1516 1472/1598/1462
f 1491/1633/1494 1490/1631/1517 1459/1585/1490
f 1478/1607/1495 1477/1605/1492 1446/1572/1465
f 1474/1600/1472 1505/1661/1499 1504/1660/1493
f 1492/1636/1497 1491/1633/1494 1460/1586/1468
f 1479/1609/1498 1478/1607/1495 1447/1573/1496
f 1462/1588/1500 1493/1637/1502 1492/1636/1497
f 1480/1611/1501 1479/1609/1498 1448/1574/1470
f 1463/1589/1474 1494/1639/1528 1493/1637/1502
f 1481/1614/1503 1480/1611/1501 1449/1575/1473
f 1495/1641/1504 1494/1639/1528 1463/1589/1474
f 1451/1577/1505 1482/1615/1531 1481/1614/1503
f 1496/1644/1506 1495/1641/1504 1464/1590/1477
f 1483/1617/1507 1482/1615/1531 1451/1577/1505
f 1466/1592/1482 1497/1645/1510 1496/1644/1506
f 1484/1620/1508 1483/1617/1507 1452/1578/1480
f 1467/1593/1509 1498/1647/1535 1497/1645/1510
f 1454/1580/1511 1485/1621/1513 1484/1620/1508
f 1499/1650/1512 1498/1647/1535 1467/1593/1509
f 1455/1581/1454 1486/1624/1539 1485/1621/1513
f 1500/1651/1484 1499/1650/1512 1468/1594/1452
f 1487/1625/1514 1486/1624/1539 1455/1581/1454
f 1534/1691/1515 1533/1690/1544 1502/1656/1488
f 1490/1632/1517 1521/1678/1570 1520/1677/1518
f 1477/1606/1492 1508/1665/1573 1507/1664/1519
f 1535/1692/1520 1534/1691/1515 1503/1658/1516
f 1522/1679/1521 1521/1678/1570 1490/1632/1517
f 1509/1666/1522 1508/1665/1573 1477/1606/1492
f 1505/1662/1499 1536/1693/1525 1535/1692/1520
f 1523/1680/1523 1522/1679/1521 1491/1634/1494
f 1510/1667/1524 1509/1666/1522 1478/1608/1495
f 1493/1638/1502 1524/1681/1548 1523/1680/1523
f 1511/1668/1526 1510/1667/1524 1479/1610/1498
f 1525/1682/1527 1524/1681/1548 1493/1638/1502
f 1512/1669/1529 1511/1668/1526 1480/1612/1501
f 1526/1683/1530 1525/1682/1527 1494/1640/1528
f 1482/1616/1531 1513/1670/1553 1512/1669/1529
f 1527/1684/1532 1526/1683/1530 1495/1642/1504
f 1514/1671/1533 1513/1670/1553 1482/1616/1531
f 1497/1646/1510 1528/1685/1536 1527/1684/1532
f 1515/1672/1534 1514/1671/1533 1483/1618/1507
f 1498/1648/1535 1529/1686/1557 1528/1685/1536
f 1485/1622/1513 1516/1673/1559 1515/1672/1534
f 1530/1687/1537 1529/1686/1557 1498/1648/1535
f 1517/1674/1538 1516/1673/1559 1485/1622/1513
f 1500/1652/1484 1531/1688/1541 1530/1687/1537
f 1487/1626/1514 1518/1675/1563 1517/1674/1538
f 1501/1654/1540 1532/1689/1565 1531/1688/1541
f 1519/1676/1542 1518/1675/1563 1487/1626/1514
f 1533/1690/1544 1532/1689/1565 1501/1654/1540
f 1489/1630/1491 1520/1677/1518 1519/1676/1542
f 1507/1664/1519 1506/1663/1543 1475/1602/1487
f 1567/1724/1545 1566/1723/1574 1535/1692/1520
f 1554/1711/1546 1553/1710/1575 1522/1679/1521
f 1510/1667/1524 1541/1698/1606 1540/1697/1547
f 1524/1681/1548 1555/1712/1577 1554/1711/1546
f 1542/1699/1549 1541/1698/1606 1510/1667/1524
f 1556/1713/1550 1555/1712/1577 1524/1681/1548
f 1543/1700/1551 1542/1699/1549 1511/1668/1526
f 1557/1714/1552 1556/1713/1550 1525/1682/1527
f 1513/1670/1553 1544/1701/1580 1543/1700/1551
f 1558/1715/1554 1557/1714/1552 1526/1683/1530
f 1545/1702/1555 1544/1701/1580 1513/1670/1553
f 1528/1685/1536 1559/1716/1558 1558/1715/1554
f 1546/1703/1556 1545/1702/1555 1514/1671/1533
f 1529/1686/1557 1560/1717/1584 1559/1716/1558
f 1516/1673/1559 1547/1704/1561 1546/1703/1556
f 1561/1718/1560 1560/1717/1584 1529/1686/1557
f 1517/1674/1538 1548/1705/1564 1547/1704/1561
f 1562/1719/1562 1561/1718/1560 1530/1687/1537
f 1518/1675/1563 1549/1706/1588 1548/1705/1564
f 1532/1689/1565 1563/1720/1590 1562/1719/1562
f 1550/1707/1566 1549/1706/1588 1518/1675/1563
f 1564/1721/1568 1563/1720/1590 1532/1689/1565
f 1520/1677/1518 1551/1708/1571 1550/1707/1566
f 1538/1695/1569 1537/1694/1567 1506/1663/1543
f 1534/1691/1515 1565/1722/1596 1564/1721/1568
f 1521/1678/1570 1552/1709/1597 1551/1708/1571
f 1539/1696/1572 1538/1695/1569 1507/1664/1519
f 1566/1723/1574 1565/1722/1596 1534/1691/1515
f 1553/1710/1575 1552/1709/1597 1521/1678/1570
f 1540/1697/1547 1539/1696/1572 1508/1665/1573
f 1587/1744/1576 1586/1743/1626 1555/1712/1577
f 1574/1731/1578 1573/1730/1608 1542/1699/1549
f 1588/1745/1579 1587/1744/1576 1556/1713/1550
f 1544/1701/1580 1575/1732/1631 1574/1731/1578
f 1589/1746/1581 1588/1745/1579 1557/1714/1552
f 1576/1733/1582 1575/1732/1631 1544/1701/1580
f 1559/1716/1558 1590/1747/1585 1589/1746/1581
f 1577/1734/1583 1576/1733/1582 1545/1702/1555
f 1560/1717/1584 1591/1748/1635 1590/1747/1585
f 1547/1704/1561 1578/1735/1587 1577/1734/1583
f 1592/1749/1586 1591/1748/1635 1560/1717/1584
f 1548/1705/1564 1579/1736/1589 1578/1735/1587
f 1562/1719/1562 1593/1750/1591 1592/1749/1586
f 1549/1706/1588 1580/1737/1612 1579/1736/1589
f 1563/1720/1590 1594/1751/1609 1593/1750/1591
f 1581/1738/1592 1580/1737/1612 1549/1706/1588
f 1595/1752/1594 1594/1751/1609 1563/1720/1590
f 1551/1708/1571 1582/1739/1598 1581/1738/1592
f 1569/1726/1595 1568/1725/1593 1537/1694/1567
f 1565/1722/1596 1596/1753/1600 1595/1752/1594
f 1552/1709/1597 1583/1740/1617 1582/1739/1598
f 1570/1727/1599 1569/1726/1595 1538/1695/1569
f 1566/1723/1574 1597/1754/1603 1596/1753/1600
f 1584/1741/1601 1583/1740/1617 1552/1709/1597
f 1571/1728/1602 1570/1727/1599 1539/1696/1572
f 1567/1724/1545 1598/1755/1607 1597/1754/1603
f 1585/1742/1604 1584/1741/1601 1553/1710/1575
f 1572/1729/1605 1571/1728/1602 1540/1697/1547
f 1555/1712/1577 1586/1743/1626 1585/1742/1604
f 1573/1730/1608 1572/1729/1605 1541/1698/1606
f 1594/1751/1609 1625/1782/1614 1624/1781/1610
f 1612/1769/1611 1611/1768/1665 1580/1737/1612
f 1595/1752/1594 1626/1783/1616 1625/1782/1614
f 1582/1739/1598 1613/1770/1618 1612/1769/1611
f 1600/1757/1615 1599/1756/1613 1568/1725/1593
f 1596/1753/1600 1627/1784/1641 1626/1783/1616
f 1583/1740/1617 1614/1771/1642 1613/1770/1618
f 1601/1758/1619 1600/1757/1615 1569/1726/1595
f 1628/1785/1620 1627/1784/1641 1596/1753/1600
f 1615/1772/1621 1614/1771/1642 1583/1740/1617
f 1602/1759/1622 1601/1758/1619 1570/1727/1599
f 1629/1786/1623 1628/1785/1620 1597/1754/1603
f 1616/1773/1624 1615/1772/1621 1584/1741/1601
f 1603/1760/1625 1602/1759/1622 1571/1728/1602
f 1586/1743/1626 1617/1774/1650 1616/1773/1624
f 1604/1761/1627 1603/1760/1625 1572/1729/1605
f 1618/1775/1628 1617/1774/1650 1586/1743/1626
f 1605/1762/1629 1604/1761/1627 1573/1730/1608
f 1619/1776/1630 1618/1775/1628 1587/1744/1576
f 1575/1732/1631 1606/1763/1654 1605/1762/1629
f 1620/1777/1632 1619/1776/1630 1588/1745/1579
f 1607/1764/1633 1606/1763/1654 1575/1732/1631
f 1590/1747/1585 1621/1778/1636 1620/1777/1632
f 1608/1765/1634 1607/1764/1633 1576/1733/1582
f 1591/1748/1635 1622/1779/1659 1621/1778/1636
f 1578/1735/1587 1609/1766/1638 1608/1765/1634
f 1623/1780/1637 1622/1779/1659 1591/1748/1635
f 1579/1736/1589 1610/1767/1639 1609/1766/1638
f 1593/1750/1591 1624/1781/1610 1623/1780/1637
f 1580/1737/1612 1611/1768/1665 1610/1767/1639
f 1658/1815/1640 1657/1814/1668 1626/1783/1616
f 1614/1771/1642 1645/1802/1697 1644/1801/1643
f 1632/1789/1644 1631/1788/1695 1600/1757/1615
f 1659/1816/1645 1658/1815/1640 1627/1784/1641
f 1646/1803/1646 1645/1802/1697 1614/1771/1642
f 1602/1759/1622 1633/1790/1649 1632/1789/1644
f 1660/1817/1647 1659/1816/1645 1628/1785/1620
f 1647/1804/1648 1646/1803/1646 1615/1772/1621
f 1603/1760/1625 1634/1791/1671 1633/1790/1649
f 1617/1774/1650 1648/1805/1674 1647/1804/1648
f 1635/1792/1651 1634/1791/1671 1603/1760/1625
f 1649/1806/1652 1648/1805/1674 1617/1774/1650
f 1605/1762/1629 1636/1793/1655 1635/1792/1651
f 1650/1807/1653 1649/1806/1652 1618/1775/1628
f 1606/1763/1654 1637/1794/1679 1636/1793/1655
f 1651/1808/1656 1650/1807/1653 1619/1776/1630
f 1638/1795/1657 1637/1794/1679 1606/1763/1654
f 1621/1778/1636 1652/1809/1660 1651/1808/1656
f 1639/1796/1658 1638/1795/1657 1607/1764/1633
f 1622/1779/1659 1653/1810/1684 1652/1809/1660
f 1609/1766/1638 1640/1797/1662 1639/1796/1658
f 1654/1811/1661 1653/1810/1684 1622/1779/1659
f 1610/1767/1639 1641/1798/1686 1640/1797/1662
f 1655/1812/1663 1654/1811/1661 1623/1780/1637
f 1642/1799/1664 1641/1798/1686 1610/1767/1639
f 1625/1782/1614 1656/1813/1689 1655/1812/1663
f 1643/1800/1666 1642/1799/1664 1611/1768/1665
f 1657/1814/1668 1656/1813/1689 1625/1782/1614
f 1613/1770/1618 1644/1801/1643 1643/1800/1666
f 1600/1757/1615 1631/1788/1695 1630/1787/1667
f 1660/1817/1647 1691/1848/1673 1690/1847/1669
f 1678/1835/1670 1677/1834/1700 1646/1803/1646
f 1634/1791/1671 1665/1822/1729 1664/1821/1672
f 1648/1805/1674 1679/1836/1702 1678/1835/1670
f 1666/1823/1675 1665/1822/1729 1634/1791/1671
f 1680/1837/1676 1679/1836/1702 1648/1805/1674
f 1667/1824/1677 1666/1823/1675 1635/1792/1651
f 1681/1838/1678 1680/1837/1676 1649/1806/1652
f 1637/1794/1679 1668/1825/1705 1667/1824/1677
f 1682/1839/1680 1681/1838/1678 1650/1807/1653
f 1669/1826/1681 1668/1825/1705 1637/1794/1679
f 1683/1840/1682 1682/1839/1680 1651/1808/1656
f 1670/1827/1683 1669/1826/1681 1638/1795/1657
f 1653/1810/1684 1684/1841/1710 1683/1840/1682
f 1640/1797/1662 1671/1828/1687 1670/1827/1683
f 1685/1842/1685 1684/1841/1710 1653/1810/1684
f 1641/1798/1686 1672/1829/1688 1671/1828/1687
f 1655/1812/1663 1686/1843/1690 1685/1842/1685
f 1642/1799/1664 1673/1830/1715 1672/1829/1688
f 1656/1813/1689 1687/1844/1716 1686/1843/1690
f 1674/1831/1691 1673/1830/1715 1642/1799/1664
f 1688/1845/1693 1687/1844/1716 1656/1813/1689
f 1644/1801/1643 1675/1832/1698 1674/1831/1691
f 1662/1819/1694 1661/1818/1692 1630/1787/1667
f 1689/1846/1696 1688/1845/1693 1657/1814/1668
f 1645/1802/1697 1676/1833/1721 1675/1832/1698
f 1663/1820/1699 1662/1819/1694 1631/1788/1695
f 1659/1816/1645 1690/1847/1669 1689/1846/1696
f 1677/1834/1700 1676/1833/1721 1645/1802/1697
f 1633/1790/1649 1664/1821/1672 1663/1820/1699
f 1711/1868/1701 1710/1867/1757 1679/1836/1702
f 1667/1824/1677 1698/1855/1706 1697/1854/1703
f 1712/1869/1704 1711/1868/1701 1680/1837/1676
f 1668/1825/1705 1699/1856/1732 1698/1855/1706
f 1713/1870/1707 1712/1869/1704 1681/1838/1678
f 1700/1857/1708 1699/1856/1732 1668/1825/1705
f 1683/1840/1682 1714/1871/1711 1713/1870/1707
f 1701/1858/1709 1700/1857/1708 1669/1826/1681
f 1684/1841/1710 1715/1872/1734 1714/1871/1711
f 1671/1828/1687 1702/1859/1736 1701/1858/1709
f 1716/1873/1712 1715/1872/1734 1684/1841/1710
f 1703/1860/1713 1702/1859/1736 1671/1828/1687
f 1717/1874/1714 1716/1873/1712 1685/1842/1685
f 1673/1830/1715 1704/1861/1740 1703/1860/1713
f 1687/1844/1716 1718/1875/1742 1717/1874/1714
f 1705/1862/1717 1704/1861/1740 1673/1830/1715
f 1719/1876/1719 1718/1875/1742 1687/1844/1716
f 1675/1832/1698 1706/1863/1722 1705/1862/1717
f 1693/1850/1720 1692/1849/1718 1661/1818/1692
f 1689/1846/1696 1720/1877/1748 1719/1876/1719
f 1676/1833/1721 1707/1864/1749 1706/1863/1722
f 1694/1851/1723 1693/1850/1720 1662/1819/1694
f 1721/1878/1724 1720/1877/1748 1689/1846/1696
f 1708/1865/1725 1707/1864/1749 1676/1833/1721
f 1695/1852/1726 1694/1851/1723 1663/1820/1699
f 1722/1879/1727 1721/1878/1724 1690/1847/1669
f 1709/1866/1728 1708/1865/1725 1677/1834/1700
f 1665/1822/1729 1696/1853/1755 1695/1852/1726
f 1679/1836/1702 1710/1867/1757 1709/1866/1728
f 1697/1854/1703 1696/1853/1755 1665/1822/1729
f 1744/1901/1730 1743/1900/1761 1712/1869/1704
f 1731/1888/1731 1730/1887/1791 1699/1856/1732
f 1714/1871/1711 1745/1902/1735 1744/1901/1730
f 1732/1889/1733 1731/1888/1731 1700/1857/1708
f 1715/1872/1734 1746/1903/1762 1745/1902/1735
f 1702/1859/1736 1733/1890/1738 1732/1889/1733
f 1747/1904/1737 1746/1903/1762 1715/1872/1734
f 1703/1860/1713 1734/1891/1741 1733/1890/1738
f 1748/1905/1739 1747/1904/1737 1716/1873/1712
f 1704/1861/1740 1735/1892/1768 1734/1891/1741
f 1718/1875/1742 1749/1906/1745 1748/1905/1739
f 1736/1893/1743 1735/1892/1768 1704/1861/1740
f 1719/1876/1719 1750/1907/1772 1749/1906/1745
f 1706/1863/1722 1737/1894/1750 1736/1893/1743
f 1724/1881/1746 1723/1880/1744 1692/1849/1718
f 1751/1908/1747 1750/1907/1772 1719/1876/1719
f 1707/1864/1749 1738/1895/1777 1737/1894/1750
f 1694/1851/1723 1725/1882/1778 1724/1881/1746
f 1752/1909/1751 1751/1908/1747 1720/1877/1748
f 1739/1896/1752 1738/1895/1777 1707/1864/1749
f 1726/1883/1753 1725/1882/1778 1694/1851/1723
f 1722/1879/1727 1753/1910/1756 1752/1909/1751
f 1740/1897/1754 1739/1896/1752 1708/1865/1725
f 1696/1853/1755 1727/1884/1785 1726/1883/1753
f 1710/1867/1757 1741/1898/1786 1740/1897/1754
f 1728/1885/1758 1727/1884/1785 1696/1853/1755
f 1742/1899/1759 1741/1898/1786 1710/1867/1757
f 1729/1886/1760 1728/1885/1758 1697/1854/1703
f 1743/1900/1761 1742/1899/1759 1711/1868/1701
f 1699/1856/1732 1730/1887/1791 1729/1886/1760
f 1746/1903/1762 1777/1934/1821 1776/1933/1763
f 1733/1890/1738 1764/1921/1766 1763/1920/1764
f 1778/1935/1765 1777/1934/1821 1746/1903/1762
f 1734/1891/1741 1765/1922/1796 1764/1921/1766
f 1748/1905/1739 1779/1936/1769 1778/1935/1765
f 1766/1923/1767 1765/1922/1796 1734/1891/1741
f 1749/1906/1745 1780/1937/1773 1779/1936/1769
f 1767/1924/1770 1766/1923/1767 1735/1892/1768
f 1750/1907/1772 1781/1938/1801 1780/1937/1773
f 1768/1925/1774 1767/1924/1770 1736/1893/1743
f 1755/1912/1775 1754/1911/1771 1723/1880/1744
f 1782/1939/1776 1781/1938/1801 1750/1907/1772
f 1738/1895/1777 1769/1926/1804 1768/1925/1774
f 1725/1882/1778 1756/1913/1806 1755/1912/1775
f 1783/1940/1779 1782/1939/1776 1751/1908/1747
f 1770/1927/1780 1769/1926/1804 1738/1895/1777
f 1757/1914/1781 1756/1913/1806 1725/1882/1778
f 1784/1941/1782 1783/1940/1779 1752/1909/1751
f 1771/1928/1783 1770/1927/1780 1739/1896/1752
f 1758/1915/1784 1757/1914/1781 1726/1883/1753
f 1741/1898/1786 1772/1929/1788 1771/1928/1783
f 1759/1916/1787 1758/1915/1784 1727/1884/1785
f 1742/1899/1759 1773/1930/1814 1772/1929/1788
f 1760/1917/1789 1759/1916/1787 1728/1885/1758
f 1774/1931/1790 1773/1930/1814 1742/1899/1759
f 1730/1887/1791 1761/1918/1817 1760/1917/1789
f 1775/1932/1792 1774/1931/1790 1743/1900/1761
f 1762/1919/1793 1761/1918/1817 1730/1887/1791
f 1745/1902/1735 1776/1933/1763 1775/1932/1792
f 1763/1920/1764 1762/1919/1793 1731/1888/1731
f 1779/1936/1769 1810/1967/1797 1809/1966/1794
f 1766/1923/1767 1797/1954/1854 1796/1953/1795
f 1780/1937/1773 1811/1968/1826 1810/1967/1797
f 1798/1955/1798 1797/1954/1854 1766/1923/1767
f 1812/1969/1800 1811/1968/1826 1780/1937/1773
f 1768/1925/1774 1799/1956/1805 1798/1955/1798
f 1786/1943/1802 1785/1942/1799 1754/1911/1771
f 1813/1970/1803 1812/1969/1800 1781/1938/1801
f 1769/1926/1804 1800/1957/1830 1799/1956/1805
f 1756/1913/1806 1787/1944/1832 1786/1943/1802
f 1814/1971/1807 1813/1970/1803 1782/1939/1776
f 1801/1958/1808 1800/1957/1830 1769/1926/1804
f 1788/1945/1809 1787/1944/1832 1756/1913/1806
f 1784/1941/1782 1815/1972/1811 1814/1971/1807
f 1802/1959/1810 1801/1958/1808 1770/1927/1780
f 1758/1915/1784 1789/1946/1838 1788/1945/1809
f 1772/1929/1788 1803/1960/1840 1802/1959/1810
f 1790/1947/1812 1789/1946/1838 1758/1915/1784
f 1804/1961/1813 1803/1960/1840 1772/1929/1788
f 1791/1948/1815 1790/1947/1812 1759/1916/1787
f 1805/1962/1816 1804/1961/1813 1773/1930/1814
f 1761/1918/1817 1792/1949/1845 1791/1948/1815
f 1806/1963/1818 1805/1962/1816 1774/1931/1790
f 1793/1950/1819 1792/1949/1845 1761/1918/1817
f 1776/1933/1763 1807/1964/1822 1806/1963/1818
f 1794/1951/1820 1793/1950/1819 1762/1919/1793
f 1777/1934/1821 1808/1965/1849 1807/1964/1822
f 1764/1921/1766 1795/1952/1823 1794/1951/1820
f 1809/1966/1794 1808/1965/1849 1777/1934/1821
f 1765/1922/1796 1796/1953/1795 1795/1952/1823
f 1843/2000/1825 1842/1999/1879 1811/1968/1826
f 1799/1956/1805 1830/1987/1831 1829/1986/1827
f 1817/1974/1828 1816/1973/1824 1785/1942/1799
f 1844/2001/1829 1843/2000/1825 1812/1969/1800
f 1800/1957/1830 1831/1988/1859 1830/1987/1831
f 1787/1944/1832 1818/1975/1855 1817/1974/1828
f 1845/2002/1833 1844/2001/1829 1813/1970/1803
f 1832/1989/1834 1831/1988/1859 1800/1957/1830
f 1819/1976/1835 1818/1975/1855 1787/1944/1832
f 1815/1972/1811 1846/2003/1839 1845/2002/1833
f 1833/1990/1836 1832/1989/1834 1801/1958/1808
f 1820/1977/1837 1819/1976/1835 1788/1945/1809
f 1803/1960/1840 1834/1991/1864 1833/1990/1836
f 1821/1978/1841 1820/1977/1837 1789/1946/1838
f 1835/1992/1842 1834/1991/1864 1803/1960/1840
f 1822/1979/1843 1821/1978/1841 1790/1947/1812
f 1836/1993/1844 1835/1992/1842 1804/1961/1813
f 1792/1949/1845 1823/1980/1868 1822/1979/1843
f 1837/1994/1846 1836/1993/1844 1805/1962/1816
f 1824/1981/1847 1823/1980/1868 1792/1949/1845
f 1807/1964/1822 1838/1995/1850 1837/1994/1846
f 1825/1982/1848 1824/1981/1847 1793/1950/1819
f 1808/1965/1849 1839/1996/1872 1838/1995/1850
f 1795/1952/1823 1826/1983/1874 1825/1982/1848
f 1840/1997/1851 1839/1996/1872 1808/1965/1849
f 1827/1984/1852 1826/1983/1874 1795/1952/1823
f 1841/1998/1853 1840/1997/1851 1809/1966/1794
f 1797/1954/1854 1828/1985/1878 1827/1984/1852
f 1811/1968/1826 1842/1999/1879 1841/1998/1853
f 1829/1986/1827 1828/1985/1878 1797/1954/1854
f 1818/1975/1855 1849/2006/1860 1848/2005/1856
f 1876/2033/1857 1875/2032/1883 1844/2001/1829
f 1863/2020/1858 1862/2019/1912 1831/1988/1859
f 1819/1976/1835 1850/2007/1863 1849/2006/1860
f 1877/2034/1861 1876/2033/1857 1845/2002/1833
f 1864/2021/1862 1863/2020/1858 1832/1989/1834
f 1820/1977/1837 1851/2008/1886 1850/2007/1863
f 1834/1991/1864 1865/2022/1888 1864/2021/1862
f 1852/2009/1865 1851/2008/1886 1820/1977/1837
f 1866/2023/1866 1865/2022/1888 1834/1991/1864
f 1853/2010/1867 1852/2009/1865 1821/1978/1841
f 1836/1993/1844 1867/2024/1893 1866/2023/1866
f 1823/1980/1868 1854/2011/1894 1853/2010/1867
f 1868/2025/1869 1867/2024/1893 1836/1993/1844
f 1855/2012/1870 1854/2011/1894 1823/1980/1868
f 1838/1995/1850 1869/2026/1873 1868/2025/1869
f 1856/2013/1871 1855/2012/1870 1824/1981/1847
f 1839/1996/1872 1870/2027/1899 1869/2026/1873
f 1826/1983/1874 1857/2014/1901 1856/2013/1871
f 1871/2028/1875 1870/2027/1899 1839/1996/1872
f 1858/2015/1876 1857/2014/1901 1826/1983/1874
f 1872/2029/1877 1871/2028/1875 1840/1997/1851
f 1828/1985/1878 1859/2016/1905 1858/2015/1876
f 1842/1999/1879 1873/2030/1907 1872/2029/1877
f 1860/2017/1880 1859/2016/1905 1828/1985/1878
f 1874/2031/1882 1873/2030/1907 1842/1999/1879
f 1830/1987/1831 1861/2018/1884 1860/2017/1880
f 1848/2005/1856 1847/2004/1881 1816/1973/1824
f 1875/2032/1883 1874/2031/1882 1843/2000/1825
f 1831/1988/1859 1862/2019/1912 1861/2018/1884
f 1882/2039/1885 1881/2038/1917 1850/2007/1863
f 1865/2022/1888 1896/2053/1945 1895/2052/1889
f 1883/2040/1890 1882/2039/1885 1851/2008/1886
f 1897/2054/1891 1896/2053/1945 1865/2022/1888
f 1853/2010/1867 1884/2041/1895 1883/2040/1890
f 1898/2055/1892 1897/2054/1891 1866/2023/1866
f 1854/2011/1894 1885/2042/1920 1884/2041/1895
f 1899/2056/1896 1898/2055/1892 1867/2024/1893
f 1886/2043/1897 1885/2042/1920 1854/2011/1894
f 1869/2026/1873 1900/2057/1900 1899/2056/1896
f 1887/2044/1898 1886/2043/1897 1855/2012/1870
f 1870/2027/1899 1901/2058/1924 1900/2057/1900
f 1857/2014/1901 1888/2045/1926 1887/2044/1898
f 1902/2059/1902 1901/2058/1924 1870/2027/1899
f 1889/2046/1903 1888/2045/1926 1857/2014/1901
f 1903/2060/1904 1902/2059/1902 1871/2028/1875
f 1859/2016/1905 1890/2047/1929 1889/2046/1903
f 1904/2061/1906 1903/2060/1904 1872/2029/1877
f 1891/2048/1908 1890/2047/1929 1859/2016/1905
f 1874/2031/1882 1905/2062/1934 1904/2061/1906
f 1861/2018/1884 1892/2049/1913 1891/2048/1908
f 1879/2036/1910 1878/2035/1909 1847/2004/1881
f 1906/2063/1911 1905/2062/1934 1874/2031/1882
f 1862/2019/1912 1893/2050/1937 1892/2049/1913
f 1880/2037/1914 1879/2036/1910 1848/2005/1856
f 1907/2064/1915 1906/2063/1911 1875/2032/1883
f 1894/2051/1916 1893/2050/1937 1862/2019/1912
f 1881/2038/1917 1880/2037/1914 1849/2006/1860
f 1877/2034/1861 1908/2065/1887 1907/2064/1915
f 1895/2052/1889 1894/2051/1916 1863/2020/1858
f 1915/2072/1918 1914/2071/1946 1883/2040/1890
f 1898/2055/1892 1929/2086/1976 1928/2085/1919
f 1885/2042/1920 1916/2073/1948 1915/2072/1918
f 1930/2087/1921 1929/2086/1976 1898/2055/1892
f 1917/2074/1922 1916/2073/1948 1885/2042/1920
f 1900/2057/1900 1931/2088/1925 1930/2087/1921
f 1918/2075/1923 1917/2074/1922 1886/2043/1897
f 1901/2058/1924 1932/2089/1951 1931/2088/1925
f 1888/2045/1926 1919/2076/1953 1918/2075/1923
f 1933/2090/1927 1932/2089/1951 1901/2058/1924
f 1920/2077/1928 1919/2076/1953 1888/2045/1926
f 1903/2060/1904 1934/2091/1930 1933/2090/1927
f 1890/2047/1929 1921/2078/1957 1920/2077/1928
f 1904/2061/1906 1935/2092/1958 1934/2091/1930
f 1922/2079/1931 1921/2078/1957 1890/2047/1929
f 1936/2093/1933 1935/2092/1958 1904/2061/1906
f 1892/2049/1913 1923/2080/1938 1922/2079/1931
f 1910/2067/1935 1909/2066/1932 1878/2035/1909
f 1937/2094/1936 1936/2093/1933 1905/2062/1934
f 1893/2050/1937 1924/2081/1964 1923/2080/1938
f 1880/2037/1914 1911/2068/1967 1910/2067/1935
f 1938/2095/1939 1937/2094/1936 1906/2063/1911
f 1925/2082/1940 1924/2081/1964 1893/2050/1937
f 1912/2069/1941 1911/2068/1967 1880/2037/1914
f 1939/2096/1942 1938/2095/1939 1907/2064/1915
f 1926/2083/1943 1925/2082/1940 1894/2051/1916
f 1913/2070/1944 1912/2069/1941 1881/2038/1917
f 1896/2053/1945 1927/2084/1973 1926/2083/1943
f 1914/2071/1946 1913/2070/1944 1882/2039/1885
f 1928/2085/1919 1927/2084/1973 1896/2053/1945
f 1948/2105/1947 1947/2104/1986 1916/2073/1948
f 1931/2088/1925 1962/2119/1952 1961/2118/1949
f 1949/2106/1950 1948/2105/1947 1917/2074/1922
f 1932/2089/1951 1963/2120/1979 1962/2119/1952
f 1919/2076/1953 1950/2107/1978 1949/2106/1950
f 1964/2121/1954 1963/2120/1979 1932/2089/1951
f 1951/2108/1955 1950/2107/1978 1919/2076/1953
f 1965/2122/1956 1964/2121/1954 1933/2090/1927
f 1921/2078/1957 1952/2109/1980 1951/2108/1955
f 1935/2092/1958 1966/2123/1961 1965/2122/1956
f 1953/2110/1959 1952/2109/1980 1921/2078/1957
f 1936/2093/1933 1967/2124/1981 1966/2123/1961
f 1923/2080/1938 1954/2111/1965 1953/2110/1959
f 1941/2098/1962 1940/2097/1960 1909/2066/1932
f 1968/2125/1963 1967/2124/1981 1936/2093/1933
f 1924/2081/1964 1955/2112/1982 1954/2111/1965
f 1942/2099/1966 1941/2098/1962 1910/2067/1935
f 1969/2126/1968 1968/2125/1963 1937/2094/1936
f 1956/2113/1969 1955/2112/1982 1924/2081/1964
f 1912/2069/1941 1943/2100/1983 1942/2099/1966
f 1939/2096/1942 1970/2127/1972 1969/2126/1968
f 1957/2114/1970 1956/2113/1969 1925/2082/1940
f 1944/2101/1971 1943/2100/1983 1912/2069/1941
f 1927/2084/1973 1958/2115/1984 1957/2114/1970
f 1945/2102/1974 1944/2101/1971 1913/2070/1944
f 1959/2116/1975 1958/2115/1984 1927/2084/1973
f 1915/2072/1918 1946/2103/1977 1945/2102/1974
f 1929/2086/1976 1960/2117/1985 1959/2116/1975
f 1916/2073/1948 1947/2104/1986 1946/2103/1977
f 1961/2118/1949 1960/2117/1985 1929/2086/1976
f 1950/2107/1978 5/5/55 1976/2133/52
f 1982/2139/57 1981/2138/54 1963/2120/1979
f 1951/2108/1955 6/6/59 5/5/55
f 1983/2140/3 1982/2139/57 1964/2121/1954
f 1952/2109/1980 7/7/6 6/6/59
f 1966/2123/1961 1984/2141/1 1983/2140/3
f 1977/2134/4 7/7/6 1952/2109/1980
f 1985/2142/11 1984/2141/1 1966/2123/1961
f 1954/2111/1965 8/8/13 1977/2134/4
f 1941/2098/1962 2/2/15 1/1/7
f 1968/2125/1963 14/14/17 1985/2142/11
f 1955/2112/1982 9/9/19 8/8/13
f 3/3/20 2/2/15 1941/2098/1962
f 1969/2126/1968 1986/2143/22 14/14/17
f 10/10/24 9/9/19 1955/2112/1982
f 1971/2128/25 3/3/20 1942/2099/1966
f 15/15/28 1986/2143/22 1969/2126/1968
f 1978/2135/30 10/10/24 1956/2113/1969
f 1944/2101/1971 4/4/31 1971/2128/25
f 1958/2115/1984 11/11/35 1978/2135/30
f 1945/2102/1974 1972/2129/37 4/4/31
f 12/12/39 11/11/35 1958/2115/1984
f 1973/2130/41 1972/2129/37 1945/2102/1974
f 13/13/43 12/12/39 1959/2116/1975
f 1947/2104/1986 1974/2131/44 1973/2130/41
f 1979/2136/46 13/13/43 1960/2117/1985
f 1975/2132/47 1974/2131/44 1947/2104/1986
f 1962/2119/1952 1980/2137/50 1979/2136/46
f 1976/2133/52 1975/2132/47 1948/2105/1947
f 1963/2120/1979 1981/2138/54 1980/2137/50
