# Blender 3.3.1
# www.blender.org
mtllib tractor.mtl
o tractor-shovel
v -0.372611 0.181764 0.283977
v -0.372611 0.181764 0.102213
v -0.049475 0.181764 0.283977
v -0.049475 0.181764 0.243585
v -0.009083 0.181764 0.102213
v -0.009083 0.181764 0.243585
v -0.009083 0.181764 0.283977
v -0.009083 0.141372 0.283977
v -0.083404 0.154903 0.526329
v -0.020926 0.136866 0.322594
v -0.071562 0.118565 0.487712
v -0.071562 -0.118565 0.487712
v -0.083404 -0.154903 0.526329
v -0.020926 -0.136866 0.322594
v -0.009083 -0.181764 0.283977
v -0.009083 -0.141372 0.283977
v -0.009083 0.141372 0.102213
v -0.009083 0.141372 0.263781
v -0.009083 0.121176 0.283977
v -0.372611 -0.181764 0.102213
v -0.372611 -0.181764 0.283977
v -0.009083 -0.181764 0.102213
v -0.049475 -0.181764 0.243585
v -0.009083 -0.181764 0.243585
v -0.049475 -0.181764 0.283977
v 0.238630 -0.100980 0.102213
v -0.372611 -0.100980 0.102213
v 0.238630 -0.141372 0.102213
v -0.009083 -0.141372 0.102213
v -0.408611 -0.040392 0.061821
v -0.408611 -0.040392 0.102213
v -0.408611 -0.100980 0.061821
v -0.408611 -0.100980 0.102213
v -0.408611 0.040392 0.102213
v -0.408611 0.100980 0.182997
v -0.408611 -0.100980 0.182997
v -0.408611 0.100980 0.102213
v -0.408611 0.040392 0.061821
v -0.408611 0.100980 0.061821
v -0.372611 -0.100980 0.182997
v 0.220630 -0.100980 0.061821
v -0.009083 -0.141372 0.263781
v -0.009083 -0.121176 0.283977
v -0.372611 0.100980 0.102213
v 0.238630 0.141372 0.102213
v 0.238630 0.100980 0.102213
v -0.372611 0.100980 0.182997
v 0.220630 0.100980 0.061821
v -0.444611 0.040392 0.102213
v -0.444611 0.040392 0.061821
v -0.444611 -0.040392 0.061821
v -0.444611 -0.040392 0.102213
v 0.238630 -0.100980 0.243585
v 0.274630 -0.100980 0.243585
v 0.274630 -0.100980 0.138213
v 0.238630 0.100980 0.243585
v 0.274630 0.100980 0.243585
v 0.274630 0.100980 0.138213
v -0.336611 0.154903 0.526329
v -0.368286 0.148922 0.313096
v -0.340936 0.128516 0.497210
v -0.368286 -0.148922 0.313096
v -0.340936 -0.128516 0.497210
v -0.336611 -0.154903 0.526329
v -0.332784 0.177977 0.318147
v -0.111700 0.177977 0.318147
v -0.306935 0.158691 0.492159
v -0.071887 0.172055 0.371575
v -0.108866 0.158690 0.492159
v -0.071887 -0.172055 0.371575
v -0.108866 -0.158690 0.492159
v -0.111700 -0.177977 0.318147
v -0.306935 -0.158690 0.492159
v -0.332784 -0.177977 0.318147
v 0.217279 -0.141372 0.216176
v 0.245794 -0.141372 0.194296
v 0.217279 -0.222156 0.216176
v 0.245794 -0.222156 0.194296
v 0.123348 -0.141372 0.190578
v 0.099968 -0.141372 0.180894
v 0.123348 -0.222156 0.190578
v 0.099968 -0.222156 0.180894
v -0.094889 -0.141372 0.198300
v -0.110626 -0.141372 0.236293
v -0.094889 -0.262548 0.198300
v -0.110626 -0.262548 0.236293
v 0.027968 -0.141372 0.162801
v 0.029203 -0.141372 0.165781
v 0.027968 -0.222156 0.162801
v 0.029203 -0.222156 0.165781
v 0.079891 -0.141372 0.165488
v 0.079891 -0.222156 0.165488
v -0.135661 -0.141372 0.268919
v -0.168286 -0.141372 0.293953
v -0.135661 -0.262548 0.268919
v -0.168286 -0.262548 0.293953
v -0.387248 -0.141372 0.297726
v -0.346185 -0.141372 0.329235
v -0.387248 -0.262548 0.297726
v -0.346185 -0.262548 0.329235
v -0.325815 -0.141372 0.293953
v -0.358440 -0.141372 0.268919
v -0.325815 -0.262548 0.293953
v -0.358440 -0.262548 0.268919
v -0.206279 -0.141372 0.309690
v -0.247050 -0.141372 0.315058
v -0.206279 -0.262548 0.309690
v -0.247050 -0.262548 0.315058
v 0.148438 -0.141372 0.193882
v 0.148438 -0.222156 0.193882
v 0.112804 -0.141372 0.229931
v 0.148438 -0.141372 0.234622
v 0.112804 -0.222156 0.229931
v 0.148438 -0.222156 0.234622
v 0.052192 -0.141372 0.102213
v 0.052192 -0.222156 0.102213
v 0.054801 -0.141372 0.122031
v 0.054801 -0.222156 0.122031
v -0.049475 -0.222156 0.102213
v -0.089522 -0.141372 0.102213
v -0.089522 -0.262548 0.102213
v -0.049475 -0.262548 0.102213
v -0.247050 -0.141372 0.355798
v -0.195734 -0.141372 0.349042
v -0.247050 -0.262548 0.355798
v -0.195734 -0.262548 0.349042
v 0.184073 -0.141372 0.229931
v 0.184073 -0.222156 0.229931
v -0.089522 -0.141372 0.157529
v -0.089522 -0.262548 0.157529
v 0.064485 -0.141372 0.145411
v 0.064485 -0.222156 0.145411
v 0.079598 -0.141372 0.216176
v 0.079598 -0.222156 0.216176
v 0.173529 -0.141372 0.190578
v 0.173529 -0.222156 0.190578
v 0.216986 -0.141372 0.165488
v 0.196909 -0.141372 0.180894
v 0.216986 -0.222156 0.165488
v 0.196909 -0.222156 0.180894
v -0.049475 -0.141372 0.162801
v -0.049475 -0.222156 0.162801
v -0.055537 -0.141372 0.208845
v -0.055537 -0.262548 0.208845
v -0.049475 -0.262548 0.162801
v 0.051083 -0.222156 0.194296
v -0.147916 -0.141372 0.329235
v -0.147916 -0.262548 0.329235
v -0.444371 -0.141372 0.240604
v -0.415563 -0.141372 0.211796
v -0.298366 -0.141372 0.349042
v -0.287822 -0.141372 0.309690
v -0.106853 -0.141372 0.297726
v -0.075344 -0.141372 0.256663
v 0.051083 -0.141372 0.194296
v -0.075344 -0.262548 0.256663
v -0.106853 -0.262548 0.297726
v -0.298366 -0.262548 0.349042
v -0.287822 -0.262548 0.309690
v -0.415563 -0.262548 0.211796
v -0.444371 -0.262548 0.240604
v -0.444371 0.262548 0.240604
v -0.415563 0.262548 0.211796
v -0.387248 0.262548 0.297726
v -0.358440 0.262548 0.268919
v -0.346185 0.262548 0.329235
v -0.325815 0.262548 0.293953
v -0.298366 0.262548 0.349042
v -0.287822 0.262548 0.309690
v -0.247050 0.262548 0.355798
v -0.247050 0.262548 0.315058
v -0.195734 0.262548 0.349042
v -0.206279 0.262548 0.309690
v -0.168286 0.262548 0.293953
v -0.147916 0.262548 0.329235
v -0.135661 0.262548 0.268919
v -0.106853 0.262548 0.297726
v -0.110626 0.262548 0.236293
v -0.094889 0.262548 0.198300
v -0.075344 0.262548 0.256663
v -0.089522 0.262548 0.157529
v -0.089522 0.262548 0.102213
v -0.049475 0.262548 0.102213
v -0.055537 0.262548 0.208845
v -0.049475 0.262548 0.162801
v -0.049475 0.222156 0.162801
v -0.055537 0.141372 0.208845
v -0.049475 0.141372 0.162801
v -0.075344 0.141372 0.256663
v -0.106853 0.141372 0.297726
v -0.195734 0.141372 0.349042
v -0.147916 0.141372 0.329235
v -0.247050 0.141372 0.355798
v -0.298366 0.141372 0.349042
v -0.346185 0.141372 0.329235
v -0.387248 0.141372 0.297726
v 0.196909 0.222156 0.180894
v 0.173529 0.222156 0.190578
v 0.196909 0.141372 0.180894
v 0.173529 0.141372 0.190578
v -0.089522 0.141372 0.157529
v -0.094889 0.141372 0.198300
v -0.247050 0.141372 0.315058
v -0.287822 0.141372 0.309690
v -0.168286 0.141372 0.293953
v -0.206279 0.141372 0.309690
v -0.325815 0.141372 0.293953
v 0.064485 0.141372 0.145411
v 0.079891 0.141372 0.165488
v 0.064485 0.222156 0.145411
v 0.079891 0.222156 0.165488
v 0.052192 0.141372 0.102213
v 0.054801 0.141372 0.122031
v 0.052192 0.222156 0.102213
v 0.054801 0.222156 0.122031
v 0.123348 0.222156 0.190578
v 0.099968 0.222156 0.180894
v 0.123348 0.141372 0.190578
v 0.099968 0.141372 0.180894
v 0.148438 0.222156 0.193882
v 0.148438 0.141372 0.193882
v -0.110626 0.141372 0.236293
v -0.135661 0.141372 0.268919
v 0.216986 0.222156 0.165488
v 0.216986 0.141372 0.165488
v -0.358440 0.141372 0.268919
v -0.049475 0.222156 0.102213
v -0.089522 0.141372 0.102213
v -0.444371 0.141372 0.240604
v -0.415563 0.141372 0.211796
v 0.027968 0.141372 0.162801
v 0.029203 0.141372 0.165781
v 0.051083 0.141372 0.194296
v 0.079598 0.141372 0.216176
v 0.112804 0.141372 0.229931
v 0.148438 0.141372 0.234622
v 0.184073 0.141372 0.229931
v 0.217279 0.141372 0.216176
v 0.245794 0.141372 0.194296
v 0.079598 0.222156 0.216176
v 0.112804 0.222156 0.229931
v 0.148438 0.222156 0.234622
v 0.051083 0.222156 0.194296
v 0.027968 0.222156 0.162801
v 0.029203 0.222156 0.165781
v 0.184073 0.222156 0.229931
v 0.217279 0.222156 0.216176
v 0.245794 0.222156 0.194296
v 0.052564 0.092525 0.309828
v 0.071656 0.084617 0.309828
v 0.033473 0.084617 0.309828
v 0.052564 0.079488 0.309828
v 0.042691 0.075398 0.309828
v 0.062438 0.075398 0.309828
v 0.025564 0.065525 0.309828
v 0.038601 0.065525 0.309828
v 0.079564 0.065525 0.309828
v 0.066528 0.065525 0.309828
v 0.062438 0.055651 0.309828
v 0.033473 0.046433 0.309828
v 0.071656 0.046433 0.309828
v 0.042691 0.055651 0.309828
v 0.052564 0.051562 0.309828
v 0.052564 0.038525 0.309828
v 0.030418 0.043378 0.283977
v 0.021244 0.065525 0.283977
v 0.030418 0.087671 0.283977
v 0.052564 0.096845 0.283977
v 0.052564 0.034205 0.283977
v 0.074711 0.043378 0.283977
v 0.074711 0.087671 0.283977
v 0.083884 0.065525 0.283977
v 0.052565 0.082280 0.413231
v 0.064413 0.077373 0.413231
v 0.040716 0.077373 0.413231
v 0.035809 0.065525 0.413231
v 0.069320 0.065525 0.413231
v 0.040716 0.053677 0.413231
v 0.064413 0.053677 0.413231
v 0.052564 0.048769 0.413231
v 0.256630 0.045000 0.070713
v 0.256630 0.063000 0.088713
v 0.238630 0.045000 0.070713
v 0.238630 0.063000 0.088713
v 0.256630 -0.045000 0.070713
v 0.238630 -0.045000 0.070713
v 0.256630 -0.063000 0.088713
v 0.238630 -0.063000 0.088713
v 0.256630 0.045000 0.133713
v 0.238630 0.045000 0.133713
v 0.256630 0.063000 0.115713
v 0.238630 0.063000 0.115713
v 0.238630 -0.063000 0.115713
v 0.238630 -0.045000 0.133713
v 0.256630 -0.045000 0.133713
v 0.256630 -0.063000 0.115713
v -0.426611 -0.045000 0.137997
v -0.426611 -0.063000 0.155997
v -0.408611 -0.045000 0.137997
v -0.408611 -0.063000 0.155997
v -0.426611 0.045000 0.137997
v -0.408611 0.045000 0.137997
v -0.426611 0.063000 0.155997
v -0.408611 0.063000 0.155997
v -0.426611 -0.045000 0.200997
v -0.408611 -0.045000 0.200997
v -0.426611 -0.063000 0.182997
v -0.408611 -0.063000 0.182997
v -0.408611 0.063000 0.182997
v -0.408611 0.045000 0.200997
v -0.426611 0.045000 0.200997
v -0.426611 0.063000 0.182997
v 0.105198 0.031342 0.283977
v 0.099132 0.045986 0.283977
v 0.107217 0.033362 0.301070
v 0.101989 0.045986 0.301070
v 0.105198 0.060629 0.283977
v 0.119841 0.066694 0.283977
v 0.107217 0.058609 0.301070
v 0.119841 0.063838 0.301070
v 0.119841 0.025277 0.283977
v 0.119841 0.028133 0.301070
v 0.134484 0.031342 0.283977
v 0.132464 0.033362 0.301070
v 0.134484 0.060629 0.283977
v 0.140550 0.045986 0.283977
v 0.132464 0.058609 0.301070
v 0.137693 0.045986 0.301070
v 0.119841 0.052411 0.315427
v 0.124385 0.050529 0.315427
v 0.115297 0.050529 0.315427
v 0.113415 0.045986 0.315427
v 0.126267 0.045986 0.315427
v 0.115297 0.041442 0.315427
v 0.124385 0.041442 0.315427
v 0.119841 0.039560 0.315427
v 0.119841 0.057065 0.301070
v 0.112007 0.053820 0.301070
v 0.127675 0.053820 0.301070
v 0.108762 0.045986 0.301070
v 0.130920 0.045986 0.301070
v 0.112007 0.038152 0.301070
v 0.127675 0.038152 0.301070
v 0.119841 0.034907 0.301070
v 0.274630 -0.141372 0.263781
v 0.274630 -0.121176 0.283977
v -0.009083 -0.222156 0.243585
v -0.049475 -0.222156 0.243585
v -0.049475 0.222156 0.324369
v -0.009083 0.222156 0.324369
v -0.049475 0.181764 0.324369
v -0.009083 0.181764 0.324369
v -0.049475 0.222156 0.243585
v -0.009083 0.222156 0.243585
v -0.049475 -0.222156 0.324369
v -0.009083 -0.222156 0.324369
v -0.049475 -0.181764 0.324369
v -0.009083 -0.181764 0.324369
v 0.274630 0.121176 0.283977
v 0.274630 0.141372 0.263781
v -0.354611 0.154903 0.526329
v -0.354611 0.154903 0.544329
v -0.354611 -0.154903 0.526329
v -0.354611 -0.154903 0.544329
v -0.083404 0.154903 0.544329
v -0.047404 0.154903 0.535329
v -0.083404 -0.154903 0.544329
v -0.047404 -0.154903 0.535329
v 0.274630 -0.141372 0.138213
v -0.047404 0.154903 0.526329
v -0.047404 -0.154903 0.526329
v 0.274630 0.141372 0.138213
v 0.099132 0.045986 0.283977
v 0.074711 0.043378 0.283977
v 0.105198 0.060629 0.283977
v 0.105198 0.031342 0.283977
v 0.083884 0.065525 0.283977
v 0.119841 0.066694 0.283977
v 0.074711 0.087671 0.283977
v 0.052564 0.034205 0.283977
v 0.134484 0.060629 0.283977
v 0.030418 0.043378 0.283977
v 0.119841 0.025277 0.283977
v 0.021244 0.065525 0.283977
v 0.030418 0.087671 0.283977
v 0.052564 0.096845 0.283977
v 0.134484 0.031342 0.283977
v 0.140550 0.045986 0.283977
v -0.009083 -0.181764 0.243585
v -0.009083 -0.222156 0.243585
v -0.009083 -0.181764 0.283977
v -0.009083 -0.222156 0.324369
v -0.009083 -0.181764 0.324369
v -0.009083 0.222156 0.243585
v -0.009083 0.181764 0.243585
v -0.009083 0.222156 0.324369
v -0.009083 0.181764 0.283977
v -0.009083 0.181764 0.324369
v -0.009083 0.141372 0.283977
v -0.009083 0.121176 0.283977
v -0.020926 0.136866 0.322594
v -0.009083 -0.121176 0.283977
v -0.009083 -0.141372 0.283977
v -0.020926 -0.136866 0.322594
v -0.071562 0.118565 0.487712
v -0.071562 -0.118565 0.487712
v -0.332784 0.177977 0.318147
v -0.111700 0.177977 0.318147
v -0.306935 0.158691 0.492159
v -0.108866 0.158690 0.492159
v -0.071887 0.172055 0.371575
v -0.368286 0.148922 0.313096
v -0.368286 -0.148922 0.313096
v -0.332784 -0.177977 0.318147
v -0.306935 -0.158690 0.492159
v -0.111700 -0.177977 0.318147
v -0.108866 -0.158690 0.492159
v -0.071887 -0.172055 0.371575
v 0.234761 -0.141372 0.217280
v 0.227124 -0.141372 0.216275
v 0.234761 -0.164977 0.217280
v 0.227124 -0.164977 0.216275
v 0.212371 -0.141372 0.271334
v 0.219487 -0.141372 0.274282
v 0.212371 -0.164977 0.271334
v 0.219487 -0.164977 0.274282
v 0.206260 -0.141372 0.224917
v 0.206260 -0.164977 0.224917
v 0.212371 -0.141372 0.220228
v 0.212371 -0.164977 0.220228
v 0.201571 0.141372 0.260534
v 0.201571 0.164977 0.260534
v 0.206260 0.141372 0.266645
v 0.206260 0.164977 0.266645
v 0.255625 0.164977 0.238144
v 0.255625 0.141372 0.238144
v 0.256630 0.164977 0.245781
v 0.256630 0.141372 0.245781
v 0.247988 0.164977 0.224917
v 0.247988 0.141372 0.224917
v 0.252677 0.164977 0.231028
v 0.252677 0.141372 0.231028
v 0.326678 -0.176779 0.114342
v 0.350244 -0.176779 0.114342
v 0.326678 -0.206285 0.114342
v 0.350244 -0.206285 0.114342
v 0.201571 -0.164977 0.231028
v 0.201571 -0.141372 0.231028
v 0.238926 0.176779 0.233978
v 0.238926 0.164977 0.233978
v 0.238926 0.176779 0.257583
v 0.238926 0.164977 0.257583
v 0.227124 -0.141372 0.275287
v 0.234761 -0.141372 0.274282
v 0.227124 -0.164977 0.275287
v 0.234761 -0.164977 0.274282
v 0.280388 -0.176779 0.248583
v 0.280388 -0.206285 0.248583
v 0.197618 -0.164977 0.245781
v 0.198623 -0.164977 0.253418
v 0.198623 -0.164977 0.238144
v 0.201571 -0.164977 0.260534
v 0.206260 -0.164977 0.266645
v 0.215321 -0.164977 0.233978
v 0.219487 -0.164977 0.217280
v 0.215321 -0.164977 0.257583
v 0.238926 -0.164977 0.233978
v 0.238926 -0.164977 0.257583
v 0.241877 -0.164977 0.220228
v 0.241877 -0.164977 0.271334
v 0.247988 -0.164977 0.224917
v 0.247988 -0.164977 0.266645
v 0.252677 -0.164977 0.231028
v 0.252677 -0.164977 0.260534
v 0.255625 -0.164977 0.238144
v 0.255625 -0.164977 0.253418
v 0.256630 -0.164977 0.245781
v 0.255625 0.141372 0.253418
v 0.255625 0.164977 0.253418
v 0.252677 0.164977 0.260534
v 0.252677 0.141372 0.260534
v 0.198623 0.141372 0.238144
v 0.198623 0.164977 0.238144
v 0.197618 0.141372 0.245781
v 0.197618 0.164977 0.245781
v 0.256630 0.206285 0.233978
v 0.224321 0.206285 0.233978
v 0.256630 0.176779 0.233978
v 0.215321 0.197285 0.233978
v 0.215321 0.164977 0.233978
v 0.197618 -0.141372 0.245781
v 0.198623 -0.141372 0.238144
v 0.198623 -0.141372 0.253418
v 0.201571 -0.141372 0.260534
v 0.206260 -0.141372 0.266645
v 0.219487 -0.141372 0.217280
v 0.241877 -0.141372 0.271334
v 0.241877 -0.141372 0.220228
v 0.247988 -0.141372 0.266645
v 0.247988 -0.141372 0.224917
v 0.252677 -0.141372 0.260534
v 0.252677 -0.141372 0.231028
v 0.255625 -0.141372 0.253418
v 0.255625 -0.141372 0.238144
v 0.256630 -0.141372 0.245781
v 0.326678 0.206285 0.114342
v 0.350244 0.206285 0.114342
v 0.326678 0.176779 0.114342
v 0.350244 0.176779 0.114342
v 0.219487 0.164977 0.274282
v 0.227124 0.164977 0.275287
v 0.219487 0.141372 0.274282
v 0.227124 0.141372 0.275287
v 0.241877 0.164977 0.271334
v 0.247988 0.164977 0.266645
v 0.241877 0.141372 0.271334
v 0.247988 0.141372 0.266645
v 0.303730 -0.206285 0.095448
v 0.303730 -0.176779 0.095448
v 0.256630 -0.206285 0.233978
v 0.256630 -0.176779 0.233978
v 0.238926 -0.176779 0.257583
v 0.238926 -0.176779 0.233978
v 0.267764 -0.176779 0.257583
v 0.316296 -0.176779 0.086448
v 0.350244 -0.176779 0.086448
v 0.198623 0.141372 0.253418
v 0.201571 0.141372 0.231028
v 0.206260 0.141372 0.224917
v 0.212371 0.141372 0.220228
v 0.212371 0.141372 0.271334
v 0.219487 0.141372 0.217280
v 0.227124 0.141372 0.216275
v 0.234761 0.141372 0.217280
v 0.234761 0.141372 0.274282
v 0.241877 0.141372 0.220228
v 0.212371 0.164977 0.271334
v 0.241877 0.164977 0.220228
v 0.227124 0.164977 0.216275
v 0.219487 0.164977 0.217280
v 0.198623 0.164977 0.253418
v 0.201571 0.164977 0.231028
v 0.215321 -0.197285 0.233978
v 0.224321 -0.206285 0.233978
v 0.215321 0.164977 0.257583
v 0.215321 0.197285 0.257583
v 0.267764 0.176779 0.257583
v 0.267764 0.206285 0.257583
v 0.224321 0.206285 0.257583
v 0.234761 0.164977 0.217280
v 0.212371 0.164977 0.220228
v 0.206260 0.164977 0.224917
v 0.215321 -0.197285 0.257583
v 0.234761 0.164977 0.274282
v 0.303730 0.206285 0.095448
v 0.280388 0.206285 0.248583
v 0.316296 0.206285 0.086448
v 0.350244 0.206285 0.086448
v 0.350244 0.176779 0.086448
v 0.316296 0.176779 0.086448
v 0.303730 0.176779 0.095448
v 0.280388 0.176779 0.248583
v 0.316296 -0.206285 0.086448
v 0.224321 -0.206285 0.257583
v 0.267764 -0.206285 0.257583
v 0.350244 -0.206285 0.086448
v 0.444611 0.064307 0.025456
v 0.419155 0.064307 -0.000000
v 0.444611 0.021436 0.025456
v 0.419155 0.021436 -0.000000
v 0.404563 0.192920 0.014592
v 0.430019 0.192920 0.040048
v 0.419155 0.192920 -0.000000
v 0.444611 0.192920 0.025456
v 0.430019 -0.150049 0.040048
v 0.404563 -0.150049 0.014592
v 0.430019 -0.192920 0.040048
v 0.404563 -0.192920 0.014592
v 0.430019 -0.064307 0.040048
v 0.404563 -0.064307 0.014592
v 0.430019 -0.107178 0.040048
v 0.404563 -0.107178 0.014592
v 0.444611 0.150049 0.025456
v 0.419155 0.150049 -0.000000
v 0.444611 0.107178 0.025456
v 0.419155 0.107178 -0.000000
v 0.430019 0.150049 0.040048
v 0.404563 0.150049 0.014592
v 0.419155 -0.064307 -0.000000
v 0.444611 -0.064307 0.025456
v 0.444611 -0.235792 0.025456
v 0.419155 -0.235792 -0.000000
v 0.415427 -0.235792 0.054640
v 0.386244 -0.235792 0.083823
v 0.350244 -0.235792 0.068912
v 0.350244 -0.235792 0.256367
v 0.386244 -0.235792 0.256367
v 0.404563 0.064307 0.014592
v 0.430019 0.064307 0.040048
v 0.430019 0.107178 0.040048
v 0.404563 0.107178 0.014592
v 0.444611 0.235792 0.025456
v 0.415427 0.235792 0.054640
v 0.430019 0.021436 0.040048
v 0.430019 -0.021436 0.040048
v 0.444611 -0.021436 0.025456
v 0.444611 -0.150049 0.025456
v 0.444611 -0.107178 0.025456
v 0.444611 -0.192920 0.025456
v 0.419155 -0.150049 -0.000000
v 0.419155 -0.107178 -0.000000
v 0.419155 -0.192920 -0.000000
v 0.350244 0.235792 0.256367
v 0.350244 0.235792 0.068912
v 0.386244 0.235792 0.256367
v 0.386244 0.235792 0.083823
v 0.419155 0.235792 -0.000000
v 0.419155 -0.021436 -0.000000
v 0.404563 0.021436 0.014592
v 0.404563 -0.021436 0.014592
v 0.415427 0.235792 0.054640
v 0.415427 -0.235792 0.054640
v -0.207327 0.272646 0.146885
v -0.205926 0.272646 0.157529
v -0.216464 0.298901 0.149333
v -0.215385 0.298901 0.157529
v -0.286773 0.272646 0.146885
v -0.277637 0.298901 0.149333
v -0.288175 0.272646 0.157529
v -0.278716 0.298901 0.157529
v -0.255246 0.298901 0.126942
v -0.262883 0.298901 0.130105
v -0.257694 0.272646 0.117806
v -0.267612 0.272646 0.121914
v -0.269441 0.298901 0.135138
v -0.276130 0.272646 0.128450
v -0.277637 0.298901 0.165725
v -0.274474 0.298901 0.173362
v -0.286773 0.272646 0.168173
v -0.282665 0.272646 0.178091
v -0.216464 0.298901 0.165725
v -0.207327 0.272646 0.168173
v -0.219627 0.298901 0.173362
v -0.211436 0.272646 0.178091
v -0.224659 0.298901 0.179920
v -0.217971 0.272646 0.186608
v -0.238855 0.298901 0.126942
v -0.247050 0.298901 0.125863
v -0.236407 0.272646 0.117806
v -0.247050 0.272646 0.116404
v -0.282665 0.272646 0.136967
v -0.274474 0.298901 0.141696
v -0.269441 0.298901 0.179920
v -0.262883 0.298901 0.184952
v -0.255246 0.298901 0.188116
v -0.247050 0.298901 0.189195
v -0.238855 0.298901 0.188116
v -0.231217 0.298901 0.184952
v -0.231217 0.298901 0.130105
v -0.224659 0.298901 0.135138
v -0.219627 0.298901 0.141696
v -0.226488 0.272646 0.121914
v -0.217971 0.272646 0.128449
v -0.236407 0.272646 0.197252
v -0.247050 0.272646 0.198653
v -0.211436 0.272646 0.136967
v -0.267612 0.272646 0.193144
v -0.276130 0.272646 0.186608
v -0.257694 0.272646 0.197252
v -0.226488 0.272646 0.193144
v -0.319004 0.298901 0.138249
v -0.312046 0.272646 0.140113
v -0.321543 0.298901 0.157529
v -0.314339 0.272646 0.157529
v -0.194376 0.298901 0.104855
v -0.182538 0.298901 0.120283
v -0.199470 0.272646 0.109949
v -0.188777 0.272646 0.123885
v -0.311563 0.298901 0.120283
v -0.305324 0.272646 0.123885
v -0.266330 0.298901 0.229483
v -0.284296 0.298901 0.222041
v -0.264466 0.272646 0.222524
v -0.280694 0.272646 0.215802
v -0.312046 0.272646 0.174944
v -0.305324 0.272646 0.191173
v -0.294630 0.272646 0.205109
v -0.294630 0.272646 0.109949
v -0.280694 0.272646 0.099255
v -0.247050 0.272646 0.224817
v -0.264466 0.272646 0.092533
v -0.229635 0.272646 0.222524
v -0.247050 0.272646 0.090241
v -0.229635 0.272646 0.092533
v -0.213406 0.272646 0.215802
v -0.213406 0.272646 0.099255
v -0.199470 0.272646 0.205109
v -0.188777 0.272646 0.191173
v -0.182055 0.272646 0.174944
v -0.182055 0.272646 0.140113
v -0.179762 0.272646 0.157529
v -0.175096 0.298901 0.138249
v -0.172558 0.298901 0.157529
v -0.175096 0.298901 0.176809
v -0.319004 0.298901 0.176809
v -0.209804 0.298901 0.093017
v -0.227770 0.298901 0.085575
v -0.311563 0.298901 0.194775
v -0.299724 0.298901 0.210203
v -0.299724 0.298901 0.104855
v -0.247050 0.298901 0.083037
v -0.266330 0.298901 0.085575
v -0.284296 0.298901 0.093017
v -0.194376 0.298901 0.210203
v -0.209804 0.298901 0.222041
v -0.227770 0.298901 0.229483
v -0.182538 0.298901 0.194775
v -0.247050 0.298901 0.232021
v -0.352398 0.298901 0.157529
v -0.348809 0.298901 0.184795
v -0.348809 0.298901 0.130263
v -0.338284 0.298901 0.104855
v -0.338284 0.298901 0.210203
v -0.321543 0.298901 0.083037
v -0.321543 0.298901 0.157529
v -0.321543 0.298901 0.232021
v -0.319004 0.298901 0.138249
v -0.311563 0.298901 0.120283
v -0.319004 0.298901 0.176809
v -0.311563 0.298901 0.194775
v -0.299724 0.298901 0.210203
v -0.299724 0.298901 0.248763
v -0.284296 0.298901 0.222041
v -0.299724 0.298901 0.066295
v -0.299724 0.298901 0.104855
v -0.284296 0.298901 0.093017
v -0.274316 0.298901 0.259287
v -0.266330 0.298901 0.229483
v -0.247050 0.298901 0.232021
v -0.247050 0.298901 0.262877
v -0.227770 0.298901 0.229483
v -0.274316 0.298901 0.055770
v -0.266330 0.298901 0.085575
v -0.247050 0.298901 0.083037
v -0.247050 0.298901 0.052181
v -0.227770 0.298901 0.085575
v -0.219784 0.298901 0.259287
v -0.209804 0.298901 0.222041
v -0.194376 0.298901 0.210203
v -0.219784 0.298901 0.055770
v -0.209804 0.298901 0.093017
v -0.194376 0.298901 0.104855
v -0.194376 0.298901 0.248763
v -0.182538 0.298901 0.194775
v -0.175096 0.298901 0.176809
v -0.194376 0.298901 0.066295
v -0.182538 0.298901 0.120283
v -0.175096 0.298901 0.138249
v -0.172558 0.298901 0.232021
v -0.172558 0.298901 0.083037
v -0.172558 0.298901 0.157529
v -0.155816 0.298901 0.104855
v -0.155816 0.298901 0.210203
v -0.145292 0.298901 0.130263
v -0.145292 0.298901 0.184795
v -0.141702 0.298901 0.157529
v -0.247050 0.298901 0.023629
v -0.281706 0.298901 0.028192
v -0.247050 0.246391 0.000000
v -0.287822 0.246391 0.005368
v -0.247050 0.298901 0.291428
v -0.247050 0.246391 0.315058
v -0.281706 0.298901 0.286866
v -0.287822 0.246391 0.309690
v -0.404579 0.211531 0.157529
v -0.404579 0.246391 0.157529
v -0.399211 0.211531 0.198300
v -0.399211 0.246391 0.198300
v -0.089522 0.246391 0.157529
v -0.089522 0.211531 0.157529
v -0.094889 0.246391 0.198300
v -0.094889 0.211531 0.198300
v -0.168286 0.246391 0.293953
v -0.168286 0.211531 0.293953
v -0.206279 0.246391 0.309690
v -0.206279 0.211531 0.309690
v -0.287822 0.211531 0.309690
v -0.325815 0.246391 0.293953
v -0.325815 0.211531 0.293953
v -0.325815 0.246391 0.021105
v -0.287822 0.211531 0.005368
v -0.325815 0.211531 0.021105
v -0.247050 0.211531 0.000000
v -0.110626 0.246391 0.078764
v -0.094889 0.246391 0.116757
v -0.131090 0.298901 0.090579
v -0.117713 0.298901 0.122873
v -0.212395 0.298901 0.028192
v -0.206279 0.246391 0.005368
v -0.376387 0.298901 0.192185
v -0.363011 0.298901 0.224479
v -0.383474 0.246391 0.236293
v -0.152369 0.298901 0.062848
v -0.180101 0.298901 0.041568
v -0.135661 0.246391 0.046139
v -0.168286 0.246391 0.021105
v -0.094889 0.211531 0.116757
v -0.358440 0.246391 0.046139
v -0.341732 0.298901 0.062848
v -0.383474 0.246391 0.078764
v -0.363011 0.298901 0.090579
v -0.314000 0.298901 0.273489
v -0.383474 0.211531 0.078764
v -0.399212 0.211531 0.116757
v -0.399212 0.246391 0.116757
v -0.380950 0.298901 0.157529
v -0.131090 0.175531 0.224479
v -0.152369 0.175531 0.252210
v -0.110626 0.211531 0.236293
v -0.135661 0.211531 0.268918
v -0.110626 0.211531 0.078764
v -0.131090 0.175531 0.090579
v -0.117713 0.175531 0.122873
v -0.376387 0.298901 0.122873
v -0.281706 0.175531 0.286866
v -0.314000 0.175531 0.273489
v -0.113151 0.175531 0.157529
v -0.117713 0.175531 0.192185
v -0.212395 0.175531 0.286866
v -0.247050 0.211531 0.315058
v -0.247050 0.175531 0.291428
v -0.358440 0.246391 0.268918
v -0.358440 0.211531 0.268918
v -0.247050 0.175531 0.023629
v -0.281706 0.175531 0.028192
v -0.341732 0.175531 0.252210
v -0.358440 0.211531 0.046139
v -0.180101 0.175531 0.273489
v -0.376387 0.175531 0.122873
v -0.380950 0.175531 0.157529
v -0.341732 0.175531 0.062848
v -0.363011 0.175531 0.090579
v -0.376387 0.175531 0.192185
v -0.135661 0.211531 0.046139
v -0.168286 0.211531 0.021105
v -0.152369 0.175531 0.062848
v -0.180101 0.175531 0.041568
v -0.363011 0.175531 0.224479
v -0.383474 0.211531 0.236293
v -0.314000 0.298901 0.041568
v -0.206279 0.211531 0.005368
v -0.212395 0.175531 0.028192
v -0.314000 0.175531 0.041568
v -0.131090 0.298901 0.224479
v -0.110626 0.246391 0.236293
v -0.152369 0.298901 0.252210
v -0.135661 0.246391 0.268918
v -0.180101 0.298901 0.273489
v -0.212395 0.298901 0.286866
v -0.341732 0.298901 0.252210
v -0.113151 0.298901 0.157529
v -0.117713 0.298901 0.192185
v -0.352398 0.298901 0.157529
v -0.348809 0.298901 0.184795
v -0.348809 0.298901 0.130263
v -0.338284 0.298901 0.210203
v -0.338284 0.298901 0.104855
v -0.321543 0.298901 0.232021
v -0.299724 0.298901 0.248763
v -0.274316 0.298901 0.259287
v -0.247050 0.298901 0.262877
v -0.321543 0.298901 0.083037
v -0.299724 0.298901 0.066295
v -0.274316 0.298901 0.055770
v -0.219784 0.298901 0.259287
v -0.194376 0.298901 0.248763
v -0.172558 0.298901 0.232021
v -0.247050 0.298901 0.052181
v -0.219784 0.298901 0.055770
v -0.194376 0.298901 0.066295
v -0.172558 0.298901 0.083037
v -0.155816 0.298901 0.210203
v -0.145292 0.298901 0.184795
v -0.155816 0.298901 0.104855
v -0.145292 0.298901 0.130263
v -0.141702 0.298901 0.157529
v 0.139278 0.238313 0.131126
v 0.141568 0.205999 0.122580
v 0.148438 0.238313 0.132332
v 0.148438 0.205999 0.123484
v 0.174078 0.205999 0.103811
v 0.182624 0.238313 0.106101
v 0.171426 0.205999 0.110213
v 0.179089 0.238313 0.114637
v 0.148438 0.238313 0.061549
v 0.157599 0.238313 0.062755
v 0.148438 0.205999 0.070397
v 0.155308 0.205999 0.071302
v 0.125451 0.205999 0.110213
v 0.129669 0.205999 0.115710
v 0.117788 0.238313 0.114637
v 0.123413 0.238313 0.121966
v 0.173464 0.238313 0.071915
v 0.179089 0.238313 0.079245
v 0.167208 0.205999 0.078172
v 0.171426 0.205999 0.083669
v 0.173464 0.238313 0.121966
v 0.166134 0.238313 0.127591
v 0.167208 0.205999 0.115710
v 0.161710 0.205999 0.119928
v 0.139278 0.238313 0.062755
v 0.141568 0.205999 0.071302
v 0.174982 0.205999 0.096941
v 0.183830 0.238313 0.096941
v 0.182624 0.238313 0.087781
v 0.174078 0.205999 0.090071
v 0.123413 0.238313 0.071915
v 0.130743 0.238313 0.066291
v 0.129669 0.205999 0.078172
v 0.135167 0.205999 0.073953
v 0.130743 0.238313 0.127591
v 0.135167 0.205999 0.119928
v 0.157599 0.238313 0.131126
v 0.155308 0.205999 0.122580
v 0.114253 0.238313 0.087781
v 0.122799 0.205999 0.090071
v 0.113047 0.238313 0.096941
v 0.121895 0.205999 0.096941
v 0.117788 0.238313 0.079245
v 0.125451 0.205999 0.083669
v 0.122799 0.205999 0.103811
v 0.114253 0.238313 0.106101
v 0.161710 0.205999 0.073953
v 0.166134 0.238313 0.066291
v 0.201717 0.238313 0.096941
v 0.199902 0.238313 0.083151
v 0.199902 0.238313 0.110730
v 0.194579 0.238313 0.123580
v 0.194579 0.238313 0.070301
v 0.186112 0.238313 0.134615
v 0.186112 0.238313 0.059267
v 0.183830 0.238313 0.096941
v 0.182624 0.238313 0.106101
v 0.182624 0.238313 0.087781
v 0.175078 0.238313 0.143081
v 0.179089 0.238313 0.114637
v 0.173464 0.238313 0.121966
v 0.175078 0.238313 0.050800
v 0.179089 0.238313 0.079245
v 0.173464 0.238313 0.071915
v 0.162228 0.238313 0.148404
v 0.166134 0.238313 0.127591
v 0.157599 0.238313 0.131126
v 0.148438 0.238313 0.150219
v 0.148438 0.238313 0.132332
v 0.162228 0.238313 0.045477
v 0.166134 0.238313 0.066291
v 0.157599 0.238313 0.062755
v 0.134649 0.238313 0.148404
v 0.139278 0.238313 0.131126
v 0.130743 0.238313 0.127591
v 0.148438 0.238313 0.043662
v 0.148438 0.238313 0.061549
v 0.139278 0.238313 0.062755
v 0.134649 0.238313 0.045477
v 0.130743 0.238313 0.066291
v 0.121799 0.238313 0.143082
v 0.123413 0.238313 0.121966
v 0.117788 0.238313 0.114637
v 0.121799 0.238313 0.050800
v 0.123413 0.238313 0.071915
v 0.117788 0.238313 0.079245
v 0.110765 0.238313 0.134615
v 0.110765 0.238313 0.059267
v 0.114253 0.238313 0.106101
v 0.114253 0.238313 0.087781
v 0.113047 0.238313 0.096941
v 0.102298 0.238313 0.123580
v 0.102298 0.238313 0.070301
v 0.096975 0.238313 0.110730
v 0.096975 0.238313 0.083151
v 0.095160 0.238313 0.096941
v 0.123348 0.205999 0.003303
v 0.099968 0.205999 0.012988
v 0.123348 0.185271 0.003303
v 0.099968 0.185271 0.012988
v 0.245379 0.205999 0.096941
v 0.245379 0.185271 0.096941
v 0.242076 0.205999 0.122031
v 0.242076 0.185271 0.122031
v 0.066523 0.149271 0.096941
v 0.069315 0.149271 0.118142
v 0.069315 0.149271 0.075740
v 0.077498 0.149271 0.055983
v 0.077498 0.149271 0.137898
v 0.090516 0.149271 0.039018
v 0.090516 0.149271 0.154863
v 0.107481 0.149271 0.026000
v 0.107481 0.149271 0.167881
v 0.127237 0.149271 0.017817
v 0.127237 0.149271 0.176065
v 0.148438 0.149271 0.015026
v 0.148438 0.149271 0.178856
v 0.169640 0.149271 0.017817
v 0.169640 0.149271 0.176065
v 0.189396 0.149271 0.026000
v 0.189396 0.149271 0.167881
v 0.206361 0.149271 0.039018
v 0.206361 0.149271 0.154863
v 0.219379 0.149271 0.055983
v 0.219379 0.149271 0.137898
v 0.227562 0.149271 0.075740
v 0.227562 0.149271 0.118142
v 0.230353 0.149271 0.096941
v 0.148438 0.238313 0.014541
v 0.127112 0.238313 0.017349
v 0.148438 0.205999 -0.000000
v 0.148438 0.185271 0.193882
v 0.123348 0.185271 0.190578
v 0.216986 0.185271 0.028393
v 0.232392 0.185271 0.048470
v 0.079891 0.185271 0.028393
v 0.216986 0.185271 0.165488
v 0.196909 0.185271 0.180894
v 0.242076 0.185271 0.071851
v 0.054801 0.185271 0.122031
v 0.064485 0.185271 0.145411
v 0.068847 0.238313 0.118267
v 0.077078 0.238313 0.138141
v 0.054801 0.205999 0.122031
v 0.064485 0.205999 0.145411
v 0.196909 0.185271 0.012988
v 0.173529 0.185271 0.003303
v 0.079891 0.205999 0.028393
v 0.064485 0.185271 0.048470
v 0.064485 0.205999 0.048470
v 0.232392 0.205999 0.048470
v 0.242076 0.205999 0.071851
v 0.219799 0.238313 0.055741
v 0.228030 0.238313 0.075614
v 0.099968 0.185271 0.180894
v 0.079891 0.185271 0.165488
v 0.148438 0.185271 -0.000000
v 0.054801 0.185271 0.071851
v 0.051498 0.185271 0.096941
v 0.148438 0.238313 0.179340
v 0.148438 0.205999 0.193882
v 0.127112 0.238313 0.176533
v 0.123348 0.205999 0.190578
v 0.090173 0.238313 0.155206
v 0.079891 0.205999 0.165488
v 0.077078 0.238313 0.055741
v 0.054801 0.205999 0.071851
v 0.068847 0.238313 0.075614
v 0.173529 0.185271 0.190578
v 0.232392 0.185271 0.145411
v 0.099968 0.205999 0.180894
v 0.051498 0.205999 0.096941
v 0.066039 0.238313 0.096941
v 0.232392 0.205999 0.145411
v 0.216986 0.205999 0.165488
v 0.230838 0.238313 0.096941
v 0.173529 0.205999 0.003303
v 0.206704 0.238313 0.038675
v 0.189638 0.238313 0.025581
v 0.216986 0.205999 0.028393
v 0.196909 0.205999 0.012988
v 0.169765 0.238313 0.017349
v 0.206704 0.238313 0.155206
v 0.189638 0.238313 0.168301
v 0.196909 0.205999 0.180894
v 0.228030 0.238313 0.118267
v 0.219799 0.238313 0.138141
v 0.107239 0.238313 0.168301
v 0.090173 0.238313 0.038675
v 0.169765 0.238313 0.176533
v 0.173529 0.205999 0.190578
v 0.107239 0.238313 0.025581
v 0.095160 0.238313 0.096941
v 0.096975 0.238313 0.110730
v 0.096975 0.238313 0.083151
v 0.102298 0.238313 0.123580
v 0.110765 0.238313 0.134615
v 0.102298 0.238313 0.070301
v 0.110765 0.238313 0.059267
v 0.121799 0.238313 0.143082
v 0.134649 0.238313 0.148404
v 0.148438 0.238313 0.150219
v 0.121799 0.238313 0.050800
v 0.134649 0.238313 0.045477
v 0.162228 0.238313 0.148404
v 0.175078 0.238313 0.143081
v 0.148438 0.238313 0.043662
v 0.162228 0.238313 0.045477
v 0.175078 0.238313 0.050800
v 0.186112 0.238313 0.134615
v 0.194579 0.238313 0.123580
v 0.186112 0.238313 0.059267
v 0.194579 0.238313 0.070301
v 0.199902 0.238313 0.110730
v 0.199902 0.238313 0.083151
v 0.201717 0.238313 0.096941
v 0.117788 -0.238313 0.079245
v 0.114253 -0.238313 0.087781
v 0.125451 -0.205999 0.083669
v 0.122799 -0.205999 0.090071
v 0.135167 -0.205999 0.119928
v 0.129669 -0.205999 0.115710
v 0.130743 -0.238313 0.127591
v 0.123413 -0.238313 0.121966
v 0.121895 -0.205999 0.096941
v 0.122799 -0.205999 0.103811
v 0.125451 -0.205999 0.110213
v 0.129669 -0.205999 0.078172
v 0.135167 -0.205999 0.073953
v 0.141568 -0.205999 0.071302
v 0.141568 -0.205999 0.122580
v 0.148438 -0.205999 0.070397
v 0.148438 -0.205999 0.123484
v 0.155308 -0.205999 0.071302
v 0.155308 -0.205999 0.122580
v 0.161710 -0.205999 0.073953
v 0.161710 -0.205999 0.119928
v 0.167208 -0.205999 0.078172
v 0.167208 -0.205999 0.115710
v 0.171426 -0.205999 0.083669
v 0.171426 -0.205999 0.110213
v 0.174078 -0.205999 0.090071
v 0.174078 -0.205999 0.103811
v 0.174982 -0.205999 0.096941
v 0.113047 -0.238313 0.096941
v 0.123413 -0.238313 0.071915
v 0.179088 -0.238313 0.079245
v 0.182624 -0.238313 0.087781
v 0.114253 -0.238313 0.106101
v 0.183830 -0.238313 0.096941
v 0.117788 -0.238313 0.114637
v 0.157598 -0.238313 0.062755
v 0.166134 -0.238313 0.066291
v 0.173464 -0.238313 0.071915
v 0.130743 -0.238313 0.066291
v 0.139278 -0.238313 0.062755
v 0.148438 -0.238313 0.061549
v 0.139278 -0.238313 0.131126
v 0.166134 -0.238313 0.127591
v 0.173464 -0.238313 0.121966
v 0.148438 -0.238313 0.132332
v 0.182624 -0.238313 0.106101
v 0.179088 -0.238313 0.114637
v 0.157598 -0.238313 0.131126
v 0.201717 -0.238313 0.096941
v 0.199902 -0.238313 0.083151
v 0.199902 -0.238313 0.110730
v 0.194579 -0.238313 0.123580
v 0.194579 -0.238313 0.070301
v 0.186112 -0.238313 0.134615
v 0.186112 -0.238313 0.059267
v 0.183830 -0.238313 0.096941
v 0.182624 -0.238313 0.106101
v 0.182624 -0.238313 0.087781
v 0.175078 -0.238313 0.143081
v 0.179088 -0.238313 0.114637
v 0.173464 -0.238313 0.121966
v 0.175078 -0.238313 0.050800
v 0.179088 -0.238313 0.079245
v 0.173464 -0.238313 0.071915
v 0.162228 -0.238313 0.148404
v 0.166134 -0.238313 0.127591
v 0.157598 -0.238313 0.131126
v 0.148438 -0.238313 0.150219
v 0.148438 -0.238313 0.132332
v 0.162228 -0.238313 0.045477
v 0.166134 -0.238313 0.066291
v 0.157598 -0.238313 0.062755
v 0.134649 -0.238313 0.148404
v 0.139278 -0.238313 0.131126
v 0.130743 -0.238313 0.127591
v 0.148438 -0.238313 0.043662
v 0.148438 -0.238313 0.061549
v 0.139278 -0.238313 0.062755
v 0.134649 -0.238313 0.045477
v 0.130743 -0.238313 0.066291
v 0.121799 -0.238313 0.143082
v 0.123413 -0.238313 0.121966
v 0.117788 -0.238313 0.114637
v 0.121799 -0.238313 0.050800
v 0.123413 -0.238313 0.071915
v 0.117788 -0.238313 0.079245
v 0.110765 -0.238313 0.134615
v 0.110765 -0.238313 0.059267
v 0.114253 -0.238313 0.106101
v 0.114253 -0.238313 0.087781
v 0.113047 -0.238313 0.096941
v 0.102298 -0.238313 0.123580
v 0.102298 -0.238313 0.070301
v 0.096975 -0.238313 0.110730
v 0.096975 -0.238313 0.083151
v 0.095160 -0.238313 0.096941
v 0.054801 -0.205999 0.122031
v 0.054801 -0.185271 0.122031
v 0.064485 -0.205999 0.145411
v 0.064485 -0.185271 0.145411
v 0.099968 -0.205999 0.180894
v 0.123348 -0.205999 0.190578
v 0.107239 -0.238313 0.168301
v 0.127112 -0.238313 0.176533
v 0.173529 -0.185271 0.190578
v 0.196909 -0.185271 0.180894
v 0.173529 -0.205999 0.190578
v 0.196909 -0.205999 0.180894
v 0.079891 -0.185271 0.165488
v 0.099968 -0.185271 0.180894
v 0.079891 -0.205999 0.165488
v 0.216986 -0.185271 0.028393
v 0.216986 -0.205999 0.028393
v 0.232392 -0.185271 0.048470
v 0.232392 -0.205999 0.048470
v 0.228030 -0.238313 0.118267
v 0.219799 -0.238313 0.138141
v 0.242076 -0.205999 0.122031
v 0.232392 -0.205999 0.145411
v 0.066039 -0.238313 0.096941
v 0.051498 -0.205999 0.096941
v 0.068846 -0.238313 0.118267
v 0.206704 -0.238313 0.155206
v 0.216986 -0.205999 0.165488
v 0.148438 -0.205999 0.193882
v 0.148438 -0.238313 0.179340
v 0.169765 -0.238313 0.176533
v 0.216986 -0.185271 0.165488
v 0.051498 -0.185271 0.096941
v 0.099968 -0.205999 0.012988
v 0.107239 -0.238313 0.025581
v 0.123348 -0.205999 0.003303
v 0.127112 -0.238313 0.017349
v 0.242076 -0.185271 0.071851
v 0.242076 -0.205999 0.071851
v 0.245379 -0.185271 0.096941
v 0.245379 -0.205999 0.096941
v 0.173529 -0.185271 0.003303
v 0.173529 -0.205999 0.003303
v 0.196909 -0.185271 0.012988
v 0.196909 -0.205999 0.012988
v 0.123348 -0.185271 0.003303
v 0.148438 -0.185271 -0.000000
v 0.148438 -0.205999 -0.000000
v 0.077078 -0.238313 0.138141
v 0.054801 -0.205999 0.071851
v 0.068846 -0.238313 0.075614
v 0.206704 -0.238313 0.038675
v 0.219799 -0.238313 0.055741
v 0.123348 -0.185271 0.190578
v 0.148438 -0.185271 0.193882
v 0.079891 -0.205999 0.028393
v 0.090173 -0.238313 0.038675
v 0.064485 -0.205999 0.048470
v 0.077078 -0.238313 0.055741
v 0.189638 -0.238313 0.168301
v 0.189638 -0.238313 0.025581
v 0.242076 -0.185271 0.122031
v 0.232392 -0.185271 0.145411
v 0.228030 -0.238313 0.075614
v 0.230838 -0.238313 0.096941
v 0.079891 -0.185271 0.028393
v 0.064485 -0.185271 0.048470
v 0.054801 -0.185271 0.071851
v 0.148438 -0.238313 0.014541
v 0.169765 -0.238313 0.017349
v 0.090173 -0.238313 0.155206
v 0.095160 -0.238313 0.096941
v 0.096975 -0.238313 0.083151
v 0.096975 -0.238313 0.110730
v 0.102298 -0.238313 0.070301
v 0.110765 -0.238313 0.059267
v 0.102298 -0.238313 0.123580
v 0.110765 -0.238313 0.134615
v 0.121799 -0.238313 0.050800
v 0.134649 -0.238313 0.045477
v 0.148438 -0.238313 0.043662
v 0.121799 -0.238313 0.143082
v 0.134649 -0.238313 0.148404
v 0.162228 -0.238313 0.045477
v 0.175078 -0.238313 0.050800
v 0.148438 -0.238313 0.150219
v 0.162228 -0.238313 0.148404
v 0.175078 -0.238313 0.143081
v 0.186112 -0.238313 0.059267
v 0.194579 -0.238313 0.070301
v 0.186112 -0.238313 0.134615
v 0.194579 -0.238313 0.123580
v 0.199902 -0.238313 0.083151
v 0.199902 -0.238313 0.110730
v 0.201717 -0.238313 0.096941
v 0.099968 -0.185271 0.012988
v 0.189396 -0.149271 0.026000
v 0.206361 -0.149271 0.039018
v 0.066523 -0.149271 0.096941
v 0.069315 -0.149271 0.075740
v 0.069315 -0.149271 0.118142
v 0.077498 -0.149271 0.137898
v 0.077498 -0.149271 0.055983
v 0.090516 -0.149271 0.154863
v 0.090516 -0.149271 0.039018
v 0.107481 -0.149271 0.167881
v 0.107481 -0.149271 0.026000
v 0.127237 -0.149271 0.176065
v 0.127237 -0.149271 0.017817
v 0.148438 -0.149271 0.178856
v 0.148438 -0.149271 0.015026
v 0.169640 -0.149271 0.176065
v 0.169640 -0.149271 0.017817
v 0.189396 -0.149271 0.167881
v 0.206361 -0.149271 0.154863
v 0.219379 -0.149271 0.137898
v 0.219379 -0.149271 0.055983
v 0.227562 -0.149271 0.118142
v 0.227562 -0.149271 0.075740
v 0.230353 -0.149271 0.096941
v -0.314339 -0.272646 0.157529
v -0.312046 -0.272646 0.174944
v -0.312046 -0.272646 0.140113
v -0.305324 -0.272646 0.123885
v -0.305324 -0.272646 0.191173
v -0.294630 -0.272646 0.109949
v -0.294630 -0.272646 0.205109
v -0.280695 -0.272646 0.099255
v -0.288175 -0.272646 0.157529
v -0.280695 -0.272646 0.215802
v -0.286773 -0.272646 0.146885
v -0.282665 -0.272646 0.136967
v -0.276130 -0.272646 0.128450
v -0.286773 -0.272646 0.168173
v -0.282665 -0.272646 0.178091
v -0.276130 -0.272646 0.186608
v -0.264466 -0.272646 0.092533
v -0.267612 -0.272646 0.121914
v -0.257694 -0.272646 0.117806
v -0.264466 -0.272646 0.222524
v -0.267612 -0.272646 0.193144
v -0.257694 -0.272646 0.197252
v -0.247050 -0.272646 0.090241
v -0.247050 -0.272646 0.116404
v -0.236407 -0.272646 0.117806
v -0.229635 -0.272646 0.092533
v -0.226488 -0.272646 0.121914
v -0.247050 -0.272646 0.224817
v -0.247050 -0.272646 0.198653
v -0.236407 -0.272646 0.197252
v -0.229635 -0.272646 0.222524
v -0.226488 -0.272646 0.193144
v -0.213406 -0.272646 0.099255
v -0.217971 -0.272646 0.128449
v -0.211436 -0.272646 0.136967
v -0.213406 -0.272646 0.215802
v -0.217971 -0.272646 0.186608
v -0.211436 -0.272646 0.178091
v -0.199470 -0.272646 0.109949
v -0.199470 -0.272646 0.205109
v -0.207327 -0.272646 0.146885
v -0.207327 -0.272646 0.168173
v -0.205926 -0.272646 0.157529
v -0.188777 -0.272646 0.123885
v -0.188777 -0.272646 0.191173
v -0.182055 -0.272646 0.140113
v -0.182055 -0.272646 0.174944
v -0.179762 -0.272646 0.157529
v -0.311563 -0.298901 0.120283
v -0.319004 -0.298901 0.138249
v -0.175096 -0.298901 0.138249
v -0.172558 -0.298901 0.157529
v -0.299724 -0.298901 0.104855
v -0.284296 -0.298901 0.093017
v -0.227770 -0.298901 0.229483
v -0.209804 -0.298901 0.222041
v -0.266330 -0.298901 0.229483
v -0.247050 -0.298901 0.232021
v -0.319004 -0.298901 0.176809
v -0.311563 -0.298901 0.194775
v -0.194376 -0.298901 0.104855
v -0.182538 -0.298901 0.120283
v -0.321543 -0.298901 0.157529
v -0.284296 -0.298901 0.222041
v -0.194376 -0.298901 0.210203
v -0.266330 -0.298901 0.085575
v -0.247050 -0.298901 0.083037
v -0.209804 -0.298901 0.093017
v -0.299724 -0.298901 0.210203
v -0.175096 -0.298901 0.176809
v -0.182538 -0.298901 0.194775
v -0.227770 -0.298901 0.085575
v -0.352398 -0.298901 0.157529
v -0.348809 -0.298901 0.184795
v -0.348809 -0.298901 0.130263
v -0.338284 -0.298901 0.104855
v -0.338284 -0.298901 0.210203
v -0.321543 -0.298901 0.083037
v -0.321543 -0.298901 0.157529
v -0.321543 -0.298901 0.232021
v -0.319004 -0.298901 0.138249
v -0.311563 -0.298901 0.120283
v -0.319004 -0.298901 0.176809
v -0.311563 -0.298901 0.194775
v -0.299724 -0.298901 0.210203
v -0.299724 -0.298901 0.248763
v -0.284296 -0.298901 0.222041
v -0.299724 -0.298901 0.066295
v -0.299724 -0.298901 0.104855
v -0.284296 -0.298901 0.093017
v -0.274316 -0.298901 0.259287
v -0.266330 -0.298901 0.229483
v -0.247050 -0.298901 0.232021
v -0.247050 -0.298901 0.262877
v -0.227770 -0.298901 0.229483
v -0.274316 -0.298901 0.055770
v -0.266330 -0.298901 0.085575
v -0.247050 -0.298901 0.083037
v -0.247050 -0.298901 0.052181
v -0.227770 -0.298901 0.085575
v -0.219784 -0.298901 0.259287
v -0.209804 -0.298901 0.222041
v -0.194376 -0.298901 0.210203
v -0.219784 -0.298901 0.055770
v -0.209804 -0.298901 0.093017
v -0.194376 -0.298901 0.104855
v -0.194376 -0.298901 0.248763
v -0.182538 -0.298901 0.194775
v -0.175096 -0.298901 0.176809
v -0.194376 -0.298901 0.066295
v -0.182538 -0.298901 0.120283
v -0.175096 -0.298901 0.138249
v -0.172558 -0.298901 0.232021
v -0.172558 -0.298901 0.083037
v -0.172558 -0.298901 0.157529
v -0.155816 -0.298901 0.104855
v -0.155816 -0.298901 0.210203
v -0.145292 -0.298901 0.130263
v -0.145292 -0.298901 0.184795
v -0.141702 -0.298901 0.157529
v -0.380950 -0.298901 0.157529
v -0.404579 -0.246391 0.157529
v -0.376387 -0.298901 0.192185
v -0.399212 -0.246391 0.198300
v -0.325815 -0.246391 0.293953
v -0.287822 -0.246391 0.309690
v -0.314000 -0.298901 0.273489
v -0.281706 -0.298901 0.286866
v -0.358440 -0.246391 0.046139
v -0.383474 -0.246391 0.078764
v -0.341732 -0.298901 0.062848
v -0.363011 -0.298901 0.090579
v -0.404579 -0.211531 0.157529
v -0.399212 -0.211531 0.198300
v -0.325815 -0.211531 0.293953
v -0.287822 -0.211531 0.309690
v -0.206279 -0.211531 0.309690
v -0.168286 -0.211531 0.293953
v -0.206279 -0.246391 0.309690
v -0.168286 -0.246391 0.293953
v -0.110626 -0.211531 0.236293
v -0.110626 -0.246391 0.236293
v -0.135661 -0.211531 0.268918
v -0.135661 -0.246391 0.268918
v -0.135661 -0.246391 0.046139
v -0.152369 -0.298901 0.062848
v -0.110626 -0.246391 0.078764
v -0.131090 -0.298901 0.090579
v -0.383474 -0.211531 0.078764
v -0.399212 -0.246391 0.116757
v -0.399212 -0.211531 0.116757
v -0.287822 -0.246391 0.005368
v -0.281706 -0.298901 0.028192
v -0.247050 -0.246391 0.000000
v -0.247050 -0.298901 0.023629
v -0.094889 -0.246391 0.116757
v -0.117713 -0.298901 0.122873
v -0.358440 -0.246391 0.268918
v -0.341732 -0.298901 0.252210
v -0.089522 -0.211531 0.157529
v -0.089522 -0.246391 0.157529
v -0.094889 -0.211531 0.198300
v -0.094889 -0.246391 0.198300
v -0.117713 -0.298901 0.192185
v -0.131090 -0.298901 0.224479
v -0.287822 -0.211531 0.005368
v -0.247050 -0.211531 0.000000
v -0.383474 -0.246391 0.236293
v -0.383474 -0.211531 0.236293
v -0.363011 -0.298901 0.224479
v -0.376387 -0.298901 0.122873
v -0.247050 -0.246391 0.315058
v -0.247050 -0.298901 0.291428
v -0.113151 -0.298901 0.157529
v -0.206279 -0.246391 0.005368
v -0.212395 -0.298901 0.028192
v -0.168286 -0.246391 0.021105
v -0.180101 -0.298901 0.041568
v -0.206279 -0.211531 0.005368
v -0.168286 -0.211531 0.021105
v -0.135661 -0.211531 0.046139
v -0.314000 -0.175531 0.041568
v -0.325815 -0.211531 0.021105
v -0.281706 -0.175531 0.028192
v -0.363011 -0.175531 0.090579
v -0.376387 -0.175531 0.122873
v -0.325815 -0.246391 0.021105
v -0.247050 -0.211531 0.315058
v -0.358440 -0.211531 0.268918
v -0.117713 -0.175531 0.192185
v -0.131090 -0.175531 0.224479
v -0.314000 -0.298901 0.041568
v -0.380950 -0.175531 0.157529
v -0.376387 -0.175531 0.192185
v -0.363011 -0.175531 0.224479
v -0.341732 -0.175531 0.252210
v -0.341732 -0.175531 0.062848
v -0.314000 -0.175531 0.273489
v -0.281706 -0.175531 0.286866
v -0.247050 -0.175531 0.291428
v -0.247050 -0.175531 0.023629
v -0.212395 -0.175531 0.286866
v -0.212395 -0.175531 0.028192
v -0.180101 -0.175531 0.273489
v -0.180101 -0.175531 0.041568
v -0.152369 -0.175531 0.252210
v -0.152369 -0.175531 0.062848
v -0.131090 -0.175531 0.090579
v -0.117713 -0.175531 0.122873
v -0.113151 -0.175531 0.157529
v -0.152369 -0.298901 0.252210
v -0.110626 -0.211531 0.078764
v -0.094889 -0.211531 0.116757
v -0.358440 -0.211531 0.046139
v -0.180101 -0.298901 0.273489
v -0.212395 -0.298901 0.286866
v -0.352398 -0.298901 0.157529
v -0.348809 -0.298901 0.130263
v -0.348809 -0.298901 0.184795
v -0.338284 -0.298901 0.104855
v -0.338284 -0.298901 0.210203
v -0.321543 -0.298901 0.083037
v -0.299724 -0.298901 0.066295
v -0.274316 -0.298901 0.055770
v -0.247050 -0.298901 0.052181
v -0.321543 -0.298901 0.232021
v -0.299724 -0.298901 0.248763
v -0.274316 -0.298901 0.259287
v -0.219784 -0.298901 0.055770
v -0.194376 -0.298901 0.066295
v -0.172558 -0.298901 0.083037
v -0.247050 -0.298901 0.262877
v -0.219784 -0.298901 0.259287
v -0.194376 -0.298901 0.248763
v -0.172558 -0.298901 0.232021
v -0.155816 -0.298901 0.104855
v -0.145292 -0.298901 0.130263
v -0.155816 -0.298901 0.210203
v -0.145292 -0.298901 0.184795
v -0.141702 -0.298901 0.157529
v -0.238855 -0.298901 0.188116
v -0.231217 -0.298901 0.184952
v -0.216464 -0.298901 0.149333
v -0.215385 -0.298901 0.157529
v -0.262883 -0.298901 0.130105
v -0.255246 -0.298901 0.126942
v -0.277637 -0.298901 0.149333
v -0.278716 -0.298901 0.157529
v -0.247050 -0.298901 0.125863
v -0.238855 -0.298901 0.126942
v -0.277637 -0.298901 0.165725
v -0.274474 -0.298901 0.141696
v -0.274474 -0.298901 0.173362
v -0.269441 -0.298901 0.135138
v -0.269441 -0.298901 0.179920
v -0.262883 -0.298901 0.184952
v -0.255246 -0.298901 0.188116
v -0.247050 -0.298901 0.189195
v -0.231217 -0.298901 0.130105
v -0.224659 -0.298901 0.135138
v -0.224659 -0.298901 0.179920
v -0.219627 -0.298901 0.141696
v -0.219627 -0.298901 0.173362
v -0.216464 -0.298901 0.165725
vn -0.0000 1.0000 -0.0000
vn 0.9561 -0.0000 0.2932
vn 1.0000 -0.0000 -0.0000
vn -0.0000 -1.0000 -0.0000
vn -0.0000 -0.0000 -1.0000
vn -1.0000 -0.0000 -0.0000
vn -0.7071 -0.0000 0.7071
vn -0.7071 -0.0003 0.7071
vn -0.7071 -0.0002 0.7071
vn -0.0000 -0.0000 1.0000
vn -0.7071 0.0003 0.7071
vn -0.7071 0.0002 0.7071
vn -0.9891 -0.0000 0.1469
vn -0.0000 0.9939 0.1102
vn -0.0000 -0.9939 0.1102
vn 0.5000 -0.0000 0.8660
vn 0.9979 0.0001 0.0654
vn 0.9979 -0.0001 0.0654
vn 0.9979 -0.0000 0.0654
vn 0.2588 -0.0000 -0.9659
vn 0.5000 -0.0000 -0.8660
vn -0.9659 -0.0000 -0.2588
vn -0.8660 -0.0000 -0.5000
vn -0.9239 -0.0000 0.3827
vn -0.8660 -0.0000 0.5000
vn 0.7071 -0.0000 -0.7071
vn -0.7071 -0.0000 -0.7071
vn -0.5000 -0.0000 -0.8660
vn -0.6088 -0.0000 0.7934
vn -0.5000 -0.0000 0.8660
vn 0.6088 -0.0000 -0.7934
vn -0.2588 -0.0000 -0.9659
vn -0.2588 -0.0000 0.9659
vn 0.9659 -0.0000 -0.2588
vn 0.9914 -0.0000 -0.1305
vn 0.2588 -0.0000 0.9659
vn 0.8660 -0.0000 -0.5000
vn -0.6088 -0.0000 -0.7934
vn 0.9659 -0.0000 0.2588
vn 0.9914 -0.0000 0.1305
vn 0.7071 -0.0000 0.7071
vn 0.8660 -0.0000 0.5000
vn 0.5000 -0.0001 0.8660
vn -0.9914 -0.0000 -0.1305
vn -0.8660 0.0001 0.5000
vn 0.0654 -0.0000 -0.9979
vn 0.6088 -0.0000 0.7934
vn -0.6974 -0.6974 0.1648
vn -0.9863 -0.0000 0.1648
vn -0.6974 -0.6974 0.1649
vn -0.6974 0.6974 0.1648
vn -0.0000 0.9863 0.1648
vn -0.6974 0.6974 0.1649
vn -0.9863 -0.0000 0.1649
vn 0.6974 -0.6974 0.1648
vn -0.0000 -0.9863 0.1648
vn -0.0000 -0.9863 0.1649
vn 0.6974 0.6974 0.1648
vn 0.9863 -0.0000 0.1648
vn 0.6974 0.6974 0.1649
vn 0.9863 -0.0000 0.1649
vn -0.0000 0.9863 0.1649
vn 0.7068 -0.7069 -0.0270
vn -0.0000 -0.9996 -0.0270
vn 0.9996 -0.0000 -0.0270
vn 0.7069 -0.7068 -0.0270
vn 0.7069 0.7068 -0.0270
vn -0.0000 0.9996 -0.0270
vn -0.7068 0.7069 -0.0270
vn 0.7068 0.7069 -0.0270
vn -0.9996 -0.0000 -0.0270
vn -0.7068 0.7068 -0.0270
vn -0.7069 0.7068 -0.0270
vn -0.7069 -0.7068 -0.0270
vn -0.7068 -0.7069 -0.0270
vn -0.7068 -0.7068 -0.0270
vn -0.0000 0.3827 -0.9239
vn -0.0000 0.9239 -0.3827
vn -0.0000 -0.3827 -0.9239
vn -0.0000 -0.9239 -0.3827
vn -0.0000 0.9239 0.3827
vn -0.0000 0.3827 0.9239
vn -0.0002 0.3827 0.9239
vn -0.0000 -0.3827 0.9239
vn -0.0000 -0.9239 0.3827
vn 0.0002 -0.3827 0.9239
vn 0.0002 -0.9239 -0.3827
vn -0.0002 0.9239 -0.3827
vn -0.6727 0.6727 0.3083
vn -0.0000 0.9513 0.3083
vn -0.9513 -0.0000 0.3083
vn 0.6727 0.6727 0.3083
vn -0.0000 -0.9513 0.3083
vn -0.6727 -0.6727 0.3083
vn 0.6727 -0.6727 0.3083
vn 0.9513 -0.0000 0.3083
vn -0.0000 -0.7071 0.7071
vn -0.0002 -0.9239 0.3827
vn -0.0000 0.7071 0.7071
vn 0.0002 0.7071 0.7071
vn -0.0003 0.7071 0.7071
vn 0.0003 -0.7071 0.7071
vn -0.0002 -0.7071 0.7071
vn 0.0002 0.9239 0.3827
vn 0.1222 -0.0000 0.9925
vn 0.7882 -0.0000 0.6154
vn 0.9239 -0.0000 -0.3827
vn 0.9134 -0.0000 -0.4070
vn -0.7071 0.0001 -0.7071
vn 0.8011 -0.0000 0.5986
vn 0.9454 -0.0000 0.3260
vn -0.9659 -0.0000 0.2588
vn -0.9468 -0.0000 -0.3219
vn -0.8030 -0.0000 -0.5960
vn 0.3048 -0.0000 0.9524
vn -0.9239 -0.3827 -0.0000
vn -0.3827 0.9239 -0.0000
vn -0.3058 -0.0000 -0.9521
vn -0.3827 -0.9239 -0.0000
vn -0.9239 0.3827 -0.0000
vn -0.9239 0.3827 -0.0002
vn 0.5000 -0.7071 -0.5000
vn 0.5000 0.7071 -0.5000
vn 0.5002 0.7071 -0.4998
vn 0.5002 -0.7071 -0.4998
vn 0.4998 -0.7071 -0.5003
vn 0.9239 -0.0000 0.3827
vn 0.9088 0.3389 -0.2435
vn 0.9408 0.3389 -0.0000
vn 0.9087 0.3389 -0.2435
vn -0.9408 0.3389 -0.0000
vn -0.9087 0.3389 -0.2435
vn -0.2435 0.3389 -0.9088
vn -0.4704 0.3389 -0.8148
vn -0.6653 0.3389 -0.6652
vn -0.9088 0.3389 0.2435
vn -0.8148 0.3389 0.4704
vn 0.8148 0.3389 0.4704
vn 0.9088 0.3389 0.2435
vn 0.6652 0.3389 0.6653
vn 0.2435 0.3389 -0.9087
vn -0.0000 0.3389 -0.9408
vn -0.9087 0.3389 0.2435
vn -0.2435 0.3389 -0.9087
vn -0.8148 0.3389 -0.4704
vn -0.6652 0.3389 -0.6653
vn 0.4704 0.3389 -0.8148
vn 0.2435 0.3389 -0.9088
vn 0.6653 0.3389 -0.6652
vn -0.0000 0.3389 0.9408
vn 0.2435 0.3389 0.9087
vn 0.6652 0.3389 -0.6653
vn 0.8148 0.3389 -0.4704
vn -0.6653 0.3389 0.6652
vn -0.4704 0.3389 0.8148
vn -0.2435 0.3389 0.9087
vn -0.2435 0.3389 0.9088
vn 0.4704 0.3389 0.8148
vn 0.6653 0.3389 0.6652
vn 0.2435 0.3389 0.9088
vn 0.9087 0.3389 0.2435
vn -0.6652 0.3389 0.6653
vn -0.9088 0.3389 -0.2435
vn 0.9644 0.2646 -0.0000
vn 0.9315 0.2646 0.2496
vn -0.6819 0.2646 0.6819
vn -0.8352 0.2646 0.4822
vn 0.8352 0.2646 0.4822
vn 0.2496 0.2646 -0.9315
vn 0.4822 0.2646 -0.8352
vn -0.0000 1.0000 0.0001
vn -0.0000 1.0000 -0.0001
vn -0.9315 0.2646 0.2496
vn -0.9644 0.2646 -0.0000
vn -0.9315 0.2646 -0.2496
vn 0.9315 0.2646 -0.2496
vn -0.2496 0.2646 0.9315
vn -0.4822 0.2646 0.8352
vn 0.8352 0.2646 -0.4822
vn 0.6819 0.2646 -0.6819
vn 0.8351 0.2646 -0.4822
vn 0.6819 0.2646 0.6819
vn -0.0000 0.2646 0.9644
vn 0.4822 0.2646 0.8352
vn 0.2496 0.2646 0.9315
vn 0.4822 0.2646 0.8351
vn -0.6819 0.2646 -0.6819
vn -0.4822 0.2646 -0.8352
vn -0.4822 0.2646 -0.8351
vn -0.2496 0.2646 -0.9315
vn 0.4822 0.2646 -0.8351
vn -0.8352 0.2646 -0.4822
vn -0.0000 0.2646 -0.9644
vn -0.0000 0.2064 -0.9785
vn -0.2360 0.4104 -0.8809
vn -0.0000 0.4104 -0.9119
vn -0.2533 0.2063 -0.9451
vn -0.2360 0.4104 0.8809
vn -0.0000 0.2064 0.9785
vn -0.0000 0.4104 0.9119
vn -0.2533 0.2063 0.9451
vn -0.9273 -0.2800 0.2485
vn -0.9785 0.2064 -0.0000
vn -0.9600 -0.2800 -0.0000
vn -0.9273 -0.2801 0.2485
vn -0.9451 0.2064 0.2533
vn 0.9451 0.2064 0.2532
vn 0.9600 -0.2800 -0.0000
vn 0.9785 0.2064 -0.0000
vn 0.9451 0.2064 0.2533
vn 0.9273 -0.2800 0.2485
vn 0.2532 0.2064 0.9451
vn 0.4800 -0.2800 0.8314
vn 0.4892 0.2064 0.8474
vn 0.2485 -0.2800 0.9273
vn -0.4892 0.2064 0.8474
vn -0.2485 -0.2800 0.9273
vn -0.2532 0.2064 0.9451
vn -0.4893 0.2064 0.8474
vn -0.4800 -0.2800 0.8314
vn -0.2485 -0.2800 -0.9273
vn -0.4892 0.2064 -0.8474
vn -0.2532 0.2064 -0.9451
vn -0.4893 0.2064 -0.8474
vn -0.4800 -0.2800 -0.8314
vn -0.0000 -0.2800 -0.9600
vn -0.2533 0.2064 -0.9451
vn 0.7898 0.4104 -0.4559
vn 0.9451 0.2064 -0.2532
vn 0.8474 0.2063 -0.4892
vn 0.8808 0.4104 -0.2360
vn 0.2533 0.2064 -0.9451
vn 0.2360 0.4104 -0.8809
vn -0.0000 0.2063 -0.9785
vn -0.9451 0.2064 0.2532
vn -0.7897 0.4104 0.4560
vn -0.8808 0.4104 0.2360
vn -0.7898 0.4104 0.4559
vn -0.8474 0.2064 0.4892
vn 0.6919 0.2064 -0.6919
vn 0.4560 0.4104 -0.7897
vn 0.6448 0.4104 -0.6448
vn 0.4892 0.2063 -0.8474
vn 0.9273 -0.2800 -0.2484
vn 0.9451 0.2064 -0.2533
vn 0.9273 -0.2800 -0.2485
vn -0.8474 0.2064 -0.4892
vn -0.6448 0.4104 -0.6448
vn -0.6919 0.2063 -0.6919
vn -0.7897 0.4104 -0.4560
vn -0.4559 0.4104 0.7898
vn -0.2360 0.4104 0.8808
vn -0.4892 0.2063 0.8474
vn -0.9273 -0.2800 -0.2484
vn -0.8474 0.2063 -0.4892
vn -0.8314 -0.2800 -0.4800
vn -0.9273 -0.2801 -0.2485
vn -0.9451 0.2064 -0.2532
vn -0.9119 0.4104 -0.0000
vn -0.9785 0.2063 -0.0000
vn -0.8809 0.4104 0.2360
vn 0.8314 -0.2800 0.4800
vn 0.5911 -0.5487 0.5912
vn 0.7240 -0.5487 0.4180
vn 0.6788 -0.2800 0.6788
vn 0.7240 -0.5487 -0.4180
vn 0.8314 -0.2800 -0.4800
vn 0.8075 -0.5487 -0.2164
vn -0.8809 0.4104 -0.2360
vn -0.9451 0.2063 -0.2533
vn -0.2164 -0.5487 0.8075
vn -0.4180 -0.5487 0.7240
vn 0.8360 -0.5487 -0.0000
vn 0.8075 -0.5487 0.2164
vn -0.0000 -0.2800 0.9600
vn 0.2164 -0.5487 0.8075
vn -0.0000 -0.5487 0.8360
vn -0.6919 0.2064 0.6919
vn -0.6788 -0.2800 0.6788
vn -0.0000 -0.5487 -0.8360
vn -0.2164 -0.5487 -0.8075
vn -0.5912 -0.5487 0.5911
vn -0.6919 0.2064 -0.6919
vn -0.6788 -0.2800 -0.6788
vn 0.5912 -0.5487 0.5911
vn 0.4180 -0.5487 0.7240
vn -0.8075 -0.5487 -0.2164
vn -0.9273 -0.2800 -0.2485
vn -0.8360 -0.5487 -0.0000
vn 0.2484 -0.2800 0.9273
vn 0.2533 0.2064 0.9451
vn -0.5911 -0.5487 -0.5912
vn -0.7240 -0.5487 -0.4180
vn -0.8075 -0.5487 0.2164
vn -0.2533 0.2064 0.9451
vn 0.8474 0.2064 -0.4892
vn 0.6788 -0.2800 -0.6788
vn 0.5912 -0.5487 -0.5911
vn 0.4800 -0.2800 -0.8314
vn 0.4180 -0.5487 -0.7240
vn -0.8314 -0.2801 -0.4800
vn 0.8474 0.2064 -0.4893
vn -0.7240 -0.5487 0.4180
vn -0.9273 -0.2800 0.2484
vn -0.8314 -0.2801 0.4800
vn -0.0000 -0.2801 0.9600
vn -0.5911 -0.5487 0.5912
vn -0.8314 -0.2800 0.4800
vn 0.9273 -0.2800 0.2484
vn -0.4560 0.4104 -0.7897
vn -0.9451 0.2064 -0.2533
vn 0.2164 -0.5487 -0.8075
vn 0.2485 -0.2800 -0.9273
vn -0.4180 -0.5487 -0.7240
vn 0.2484 -0.2800 -0.9273
vn -0.2532 0.2063 -0.9451
vn -0.4559 0.4104 -0.7898
vn -0.2360 0.4104 -0.8808
vn -0.4892 0.2063 -0.8474
vn 0.6448 0.4104 0.6448
vn 0.8474 0.2064 0.4892
vn 0.7898 0.4104 0.4559
vn 0.6919 0.2063 0.6919
vn 0.4560 0.4104 0.7897
vn 0.6919 0.2064 0.6919
vn 0.4892 0.2063 0.8474
vn 0.2360 0.4104 0.8809
vn -0.0000 0.2063 0.9785
vn 0.4893 0.2064 -0.8474
vn 0.2360 0.4104 -0.8808
vn 0.4559 0.4104 -0.7898
vn 0.2532 0.2063 -0.9451
vn -0.5912 -0.5487 -0.5911
vn -0.6448 0.4104 0.6448
vn -0.6919 0.2063 0.6919
vn 0.5911 -0.5487 -0.5912
vn 0.2360 0.4104 0.8808
vn 0.4893 0.2064 0.8474
vn 0.4559 0.4104 0.7898
vn 0.2532 0.2063 0.9451
vn 0.8809 0.4104 0.2360
vn 0.9119 0.4104 -0.0000
vn 0.9451 0.2063 0.2533
vn 0.6919 0.2063 -0.6919
vn 0.7897 0.4104 -0.4560
vn 0.8809 0.4104 -0.2360
vn 0.9451 0.2063 -0.2533
vn -0.4560 0.4104 0.7897
vn 0.8474 0.2064 0.4893
vn -0.7898 0.4104 -0.4559
vn -0.8808 0.4104 -0.2360
vn 0.4800 -0.2801 -0.8314
vn 0.2532 0.2064 -0.9451
vn 0.4892 0.2064 -0.8474
vn -0.8474 0.2063 0.4892
vn 0.9451 0.2063 0.2532
vn 0.8808 0.4104 0.2360
vn 0.8474 0.2063 0.4892
vn -0.0000 0.2641 -0.9645
vn 0.2496 0.2641 -0.9316
vn 0.2497 0.2641 -0.9316
vn -0.8353 0.2641 -0.4823
vn -0.9316 0.2641 -0.2496
vn -0.0000 0.2641 0.9645
vn -0.2496 0.2641 0.9316
vn 0.8353 0.2641 -0.4822
vn 0.6820 0.2641 -0.6820
vn -0.6820 0.2641 0.6820
vn -0.8353 0.2641 0.4822
vn -0.6820 0.2641 -0.6820
vn -0.4822 0.2641 -0.8353
vn 0.2496 0.2641 0.9316
vn -0.9645 0.2641 -0.0000
vn -0.8353 0.2641 -0.4822
vn -0.9316 0.2641 0.2496
vn 0.6820 0.2641 0.6820
vn 0.4822 0.2641 0.8353
vn 0.4823 0.2641 -0.8353
vn -0.4823 0.2641 -0.8353
vn -0.2496 0.2641 -0.9316
vn -0.2497 0.2641 -0.9316
vn 0.9645 0.2641 -0.0000
vn 0.9316 0.2641 0.2496
vn 0.4822 0.2641 -0.8353
vn 0.8353 0.2641 0.4822
vn 0.4823 0.2641 0.8353
vn 0.9316 0.2641 -0.2496
vn 0.8353 0.2641 -0.4823
vn 0.8353 0.2641 0.4823
vn -0.8353 0.2641 0.4823
vn -0.4823 0.2641 0.8353
vn -0.4822 0.2641 0.8353
vn -0.2539 -0.1933 -0.9477
vn -0.4906 -0.1933 -0.8497
vn 0.9811 -0.1933 -0.0000
vn 0.9477 -0.1933 0.2539
vn -0.2539 -0.1933 0.9477
vn -0.0000 -0.3852 0.9228
vn -0.0000 -0.1934 0.9811
vn -0.2388 -0.3852 0.8914
vn 0.8497 -0.1933 -0.4906
vn 0.6525 -0.3852 -0.6525
vn 0.6938 -0.1934 -0.6938
vn 0.6526 -0.3852 -0.6525
vn 0.8497 -0.1934 -0.4906
vn 0.7992 -0.3852 -0.4614
vn -0.4614 -0.3852 -0.7992
vn -0.6938 -0.1933 -0.6938
vn -0.4906 -0.1934 -0.8497
vn -0.6525 -0.3852 -0.6525
vn 0.4906 -0.1933 0.8497
vn 0.6525 -0.3852 0.6525
vn 0.6938 -0.1934 0.6938
vn 0.6525 -0.3852 0.6526
vn 0.4614 -0.3852 0.7992
vn 0.9477 -0.1933 -0.2539
vn 0.9477 -0.1934 -0.2539
vn 0.8914 -0.3852 -0.2389
vn -0.7992 -0.3852 0.4614
vn -0.9477 -0.1933 0.2539
vn -0.8914 -0.3852 0.2389
vn -0.8497 -0.1934 0.4906
vn 0.4614 -0.3852 -0.7992
vn 0.2539 -0.1933 -0.9477
vn 0.4906 -0.1934 -0.8497
vn 0.2388 -0.3852 -0.8914
vn -0.8497 -0.1933 -0.4906
vn -0.6938 -0.1933 0.6938
vn -0.4614 -0.3852 0.7992
vn -0.4906 -0.1934 0.8497
vn -0.6525 -0.3852 0.6525
vn -0.0000 -0.3852 -0.9228
vn -0.0000 -0.1934 -0.9811
vn -0.2388 -0.3852 -0.8914
vn -0.0000 -0.1933 -0.9811
vn 0.2539 -0.1934 -0.9477
vn -0.8914 -0.3852 -0.2388
vn -0.9811 -0.1933 -0.0000
vn -0.9477 -0.1934 -0.2539
vn -0.9228 -0.3852 -0.0000
vn -0.6526 -0.3852 0.6525
vn -0.8497 -0.1933 0.4906
vn -0.6938 -0.1934 0.6938
vn -0.7992 -0.3852 -0.4614
vn -0.9477 -0.1933 -0.2539
vn -0.8497 -0.1934 -0.4906
vn -0.8914 -0.3852 -0.2389
vn -0.8914 -0.3852 0.2388
vn -0.9477 -0.1934 0.2539
vn 0.9228 -0.3852 -0.0000
vn 0.9811 -0.1934 -0.0000
vn 0.9477 -0.1934 0.2539
vn 0.8914 -0.3852 0.2388
vn -0.6938 -0.1934 -0.6938
vn -0.6526 -0.3852 -0.6525
vn -0.0000 -0.1933 0.9811
vn 0.2388 -0.3852 0.8914
vn 0.2539 -0.1934 0.9477
vn 0.2539 -0.1933 0.9477
vn 0.4906 -0.1934 0.8497
vn 0.8497 -0.1934 0.4906
vn 0.6526 -0.3852 0.6525
vn 0.7992 -0.3852 0.4614
vn 0.8497 -0.1933 0.4906
vn -0.4906 -0.1933 0.8497
vn -0.2539 -0.1934 0.9477
vn -0.2389 -0.3852 0.8914
vn 0.6938 -0.1933 0.6938
vn -0.2539 -0.1934 -0.9477
vn -0.2389 -0.3852 -0.8914
vn 0.8914 -0.3852 -0.2388
vn 0.8914 -0.3852 0.2389
vn -0.8474 0.2064 -0.4893
vn 0.7897 0.4104 0.4560
vn 0.4906 -0.1933 -0.8497
vn 0.6938 -0.1933 -0.6938
vn 0.6525 -0.3852 -0.6526
vn 0.8353 -0.2641 0.4823
vn 0.9316 -0.2641 0.2496
vn 0.4822 -0.2641 -0.8353
vn 0.6820 -0.2641 -0.6820
vn 0.9645 -0.2641 -0.0000
vn 0.6820 -0.2641 0.6820
vn 0.8353 -0.2641 0.4822
vn -0.9316 -0.2641 0.2496
vn -0.8353 -0.2641 0.4823
vn 0.9316 -0.2641 -0.2496
vn -0.9645 -0.2641 -0.0000
vn 0.8353 -0.2641 -0.4823
vn -0.2496 -0.2641 0.9316
vn -0.4823 -0.2641 0.8353
vn -0.4822 -0.2641 0.8353
vn -0.6820 -0.2641 0.6820
vn 0.4823 -0.2641 0.8353
vn 0.2496 -0.2641 0.9316
vn -0.8353 -0.2641 0.4822
vn -0.0000 -0.2641 0.9645
vn 0.2496 -0.2641 -0.9316
vn 0.4823 -0.2641 -0.8353
vn -0.6820 -0.2641 -0.6820
vn -0.4822 -0.2641 -0.8353
vn -0.0000 -0.2641 -0.9645
vn 0.2497 -0.2641 -0.9316
vn -0.9316 -0.2641 -0.2496
vn -0.8353 -0.2641 -0.4823
vn -0.4823 -0.2641 -0.8353
vn -0.2496 -0.2641 -0.9316
vn -0.8353 -0.2641 -0.4822
vn 0.4822 -0.2641 0.8353
vn 0.8353 -0.2641 -0.4822
vn -0.2497 -0.2641 -0.9316
vn -0.8474 -0.2064 0.4893
vn -0.9477 0.1933 0.2539
vn -0.9451 -0.2064 0.2532
vn -0.8497 0.1933 0.4906
vn -0.4559 -0.4104 0.7898
vn -0.2532 -0.2064 0.9451
vn -0.4892 -0.2063 0.8474
vn -0.2360 -0.4104 0.8808
vn 0.2532 -0.2064 0.9451
vn 0.4906 0.1933 0.8497
vn 0.2539 0.1933 0.9477
vn 0.4892 -0.2064 0.8474
vn -0.6919 -0.2064 0.6919
vn -0.4906 0.1933 0.8497
vn -0.6938 0.1933 0.6938
vn -0.4892 -0.2064 0.8474
vn 0.8497 0.1933 -0.4906
vn 0.6919 -0.2064 -0.6919
vn 0.6938 0.1933 -0.6938
vn 0.8474 -0.2064 -0.4892
vn 0.9451 -0.2064 0.2532
vn 0.7898 -0.4104 0.4559
vn 0.8808 -0.4104 0.2360
vn 0.8474 -0.2063 0.4892
vn -0.8809 -0.4104 0.2360
vn -0.9785 -0.2064 -0.0000
vn -0.9119 -0.4104 -0.0000
vn -0.9451 -0.2063 0.2533
vn 0.8474 -0.2064 0.4892
vn 0.6448 -0.4104 0.6448
vn 0.7897 -0.4104 0.4560
vn 0.6919 -0.2063 0.6919
vn -0.0000 -0.4104 0.9119
vn 0.2533 -0.2064 0.9451
vn -0.0000 -0.2063 0.9785
vn 0.2360 -0.4104 0.8809
vn 0.6938 0.1933 0.6938
vn 0.6919 -0.2064 0.6919
vn -0.9451 -0.2064 0.2533
vn -0.9811 0.1933 -0.0000
vn -0.2532 -0.2064 -0.9451
vn -0.4559 -0.4104 -0.7898
vn -0.4892 -0.2063 -0.8474
vn -0.2360 -0.4104 -0.8808
vn 0.9811 0.1933 -0.0000
vn 0.9451 -0.2064 -0.2533
vn 0.9477 0.1933 -0.2539
vn 0.9785 -0.2064 -0.0000
vn 0.4906 0.1933 -0.8497
vn 0.2532 -0.2064 -0.9451
vn 0.2539 0.1933 -0.9477
vn 0.4892 -0.2064 -0.8474
vn -0.0000 0.1933 -0.9811
vn -0.2533 -0.2064 -0.9451
vn -0.2539 0.1933 -0.9477
vn -0.0000 -0.2064 -0.9785
vn -0.7898 -0.4104 0.4559
vn -0.8808 -0.4104 0.2360
vn -0.8474 -0.2063 0.4892
vn -0.8809 -0.4104 -0.2360
vn -0.9451 -0.2063 -0.2533
vn 0.6448 -0.4104 -0.6448
vn 0.6919 -0.2063 -0.6919
vn 0.7897 -0.4104 -0.4560
vn -0.2533 -0.2064 0.9451
vn -0.0000 0.1933 0.9811
vn -0.2539 0.1933 0.9477
vn -0.0000 -0.2064 0.9785
vn -0.4892 -0.2064 -0.8474
vn -0.6448 -0.4104 -0.6448
vn -0.6919 -0.2063 -0.6919
vn -0.4560 -0.4104 -0.7897
vn -0.7898 -0.4104 -0.4559
vn -0.9451 -0.2064 -0.2532
vn -0.8474 -0.2063 -0.4892
vn -0.8808 -0.4104 -0.2360
vn 0.4560 -0.4104 0.7897
vn 0.4892 -0.2063 0.8474
vn -0.4893 -0.2064 0.8474
vn 0.8474 -0.2064 -0.4893
vn 0.9451 -0.2064 -0.2532
vn 0.4560 -0.4104 -0.7897
vn 0.4892 -0.2063 -0.8474
vn 0.8497 0.1933 0.4906
vn 0.9477 0.1933 0.2539
vn 0.8809 -0.4104 -0.2360
vn 0.9451 -0.2063 -0.2533
vn 0.9119 -0.4104 -0.0000
vn -0.8474 -0.2064 -0.4892
vn -0.6938 0.1933 -0.6938
vn -0.6919 -0.2064 -0.6919
vn -0.8497 0.1933 -0.4906
vn -0.9477 0.1933 -0.2539
vn -0.9451 -0.2064 -0.2533
vn 0.2533 -0.2064 -0.9451
vn -0.0000 -0.4104 -0.9119
vn -0.0000 -0.2063 -0.9785
vn 0.2360 -0.4104 -0.8809
vn 0.7898 -0.4104 -0.4559
vn 0.8474 -0.2063 -0.4892
vn 0.8808 -0.4104 -0.2360
vn -0.6448 -0.4104 0.6448
vn -0.6919 -0.2063 0.6919
vn -0.4560 -0.4104 0.7897
vn 0.4893 -0.2064 -0.8474
vn 0.2360 -0.4104 -0.8808
vn 0.2532 -0.2063 -0.9451
vn 0.4559 -0.4104 -0.7898
vn 0.9451 -0.2064 0.2533
vn 0.8809 -0.4104 0.2360
vn -0.8474 -0.2064 0.4892
vn -0.7897 -0.4104 -0.4560
vn -0.4906 0.1933 -0.8497
vn 0.2360 -0.4104 0.8808
vn 0.4893 -0.2064 0.8474
vn 0.2532 -0.2063 0.9451
vn 0.4559 -0.4104 0.7898
vn 0.6525 0.3852 -0.6526
vn 0.4906 0.1934 -0.8497
vn 0.4614 0.3852 -0.7992
vn 0.6525 0.3852 -0.6525
vn 0.6938 0.1934 -0.6938
vn -0.2360 -0.4104 0.8809
vn -0.2533 -0.2063 0.9451
vn -0.7897 -0.4104 0.4560
vn -0.9228 0.3852 -0.0000
vn -0.9811 0.1934 -0.0000
vn -0.8914 0.3852 0.2388
vn -0.6525 0.3852 -0.6525
vn -0.6938 0.1934 -0.6938
vn -0.6526 0.3852 -0.6525
vn -0.7992 0.3852 -0.4614
vn -0.4614 0.3852 0.7992
vn -0.6525 0.3852 0.6525
vn -0.4906 0.1934 0.8497
vn 0.8914 0.3852 -0.2388
vn 0.9477 0.1934 -0.2539
vn 0.9228 0.3852 -0.0000
vn -0.0000 0.3852 0.9228
vn -0.2388 0.3852 0.8914
vn -0.0000 0.1934 0.9811
vn 0.8914 0.3852 0.2388
vn 0.9477 0.1934 0.2539
vn -0.4893 -0.2064 -0.8474
vn -0.2360 -0.4104 -0.8809
vn -0.2533 -0.2063 -0.9451
vn 0.2388 0.3852 -0.8914
vn -0.0000 0.3852 -0.9228
vn 0.2539 0.1934 -0.9477
vn -0.6526 0.3852 0.6525
vn -0.7992 0.3852 0.4614
vn -0.6938 0.1934 0.6938
vn -0.4614 0.3852 -0.7992
vn -0.4906 0.1934 -0.8497
vn -0.2389 0.3852 -0.8914
vn -0.2388 0.3852 -0.8914
vn -0.2539 0.1934 -0.9477
vn 0.8497 0.1934 -0.4906
vn 0.6526 0.3852 -0.6525
vn 0.7992 0.3852 -0.4614
vn -0.9477 0.1934 0.2539
vn -0.8914 0.3852 0.2389
vn -0.8497 0.1934 0.4906
vn -0.0000 0.1934 -0.9811
vn 0.6526 0.3852 0.6525
vn 0.8497 0.1934 0.4906
vn 0.7992 0.3852 0.4614
vn 0.6525 0.3852 0.6525
vn 0.6938 0.1934 0.6938
vn 0.8914 0.3852 0.2389
vn 0.8914 0.3852 -0.2389
vn -0.8497 0.1934 -0.4906
vn -0.8914 0.3852 -0.2389
vn -0.8914 0.3852 -0.2388
vn -0.9477 0.1934 -0.2539
vn 0.2388 0.3852 0.8914
vn 0.2539 0.1934 0.9477
vn 0.6525 0.3852 0.6526
vn 0.4614 0.3852 0.7992
vn 0.4906 0.1934 0.8497
vn -0.2389 0.3852 0.8914
vn -0.2539 0.1934 0.9477
vn -0.0000 -1.0000 -0.0001
vn -0.0000 -1.0000 0.0001
vn 0.8352 -0.2646 0.4822
vn 0.9315 -0.2646 0.2496
vn -0.9644 -0.2646 -0.0000
vn -0.9315 -0.2646 0.2496
vn 0.6819 -0.2646 0.6819
vn 0.4822 -0.2646 0.8352
vn 0.4822 -0.2646 0.8351
vn -0.4822 -0.2646 -0.8352
vn -0.2496 -0.2646 -0.9315
vn -0.0000 -0.2646 -0.9644
vn 0.2496 -0.2646 -0.9315
vn 0.8352 -0.2646 -0.4822
vn 0.9315 -0.2646 -0.2496
vn -0.8352 -0.2646 0.4822
vn -0.6819 -0.2646 0.6819
vn 0.9644 -0.2646 -0.0000
vn 0.4822 -0.2646 -0.8352
vn -0.6819 -0.2646 -0.6819
vn -0.4822 -0.2646 -0.8351
vn 0.2496 -0.2646 0.9315
vn -0.0000 -0.2646 0.9644
vn -0.4822 -0.2646 0.8352
vn 0.4822 -0.2646 -0.8351
vn 0.6819 -0.2646 -0.6819
vn -0.9315 -0.2646 -0.2496
vn 0.8351 -0.2646 -0.4822
vn 0.8351 -0.2646 0.4822
vn -0.8352 -0.2646 -0.4822
vn -0.2496 -0.2646 0.9315
vn -0.9600 0.2800 -0.0000
vn -0.9273 0.2800 0.2485
vn -0.2485 0.2800 0.9273
vn -0.4800 0.2800 0.8314
vn 0.4800 0.2800 0.8314
vn 0.2485 0.2800 0.9273
vn 0.6788 0.2800 0.6788
vn 0.8314 0.2800 0.4800
vn -0.8314 0.2800 -0.4800
vn -0.9273 0.2800 -0.2485
vn 0.9273 0.2800 0.2485
vn 0.9600 0.2800 -0.0000
vn 0.9273 0.2800 0.2484
vn -0.0000 0.2800 -0.9600
vn -0.2485 0.2800 -0.9273
vn -0.9273 0.2801 0.2485
vn -0.9273 0.2800 0.2484
vn -0.8314 0.2800 0.4800
vn 0.4800 0.2800 -0.8314
vn 0.2485 0.2800 -0.9273
vn 0.4800 0.2801 -0.8314
vn 0.9785 -0.2063 -0.0000
vn 0.6788 0.2800 -0.6788
vn -0.2164 0.5487 -0.8075
vn -0.4800 0.2800 -0.8314
vn -0.4180 0.5487 -0.7240
vn -0.7240 0.5487 -0.4180
vn -0.8314 0.2801 -0.4800
vn -0.9273 0.2800 -0.2484
vn -0.8075 0.5487 -0.2164
vn -0.0000 0.2800 0.9600
vn -0.6788 0.2800 0.6788
vn 0.2484 0.2800 0.9273
vn 0.7240 0.5487 0.4180
vn 0.9273 0.2801 0.2485
vn 0.8075 0.5487 0.2164
vn 0.8314 0.2800 -0.4800
vn 0.8314 0.2801 -0.4800
vn 0.9273 0.2800 -0.2485
vn -0.6788 0.2800 -0.6788
vn 0.5911 0.5487 -0.5912
vn 0.7240 0.5487 -0.4180
vn 0.4180 0.5487 -0.7240
vn 0.2484 0.2800 -0.9273
vn 0.2164 0.5487 -0.8075
vn -0.2532 -0.2063 -0.9451
vn -0.6788 0.2801 -0.6788
vn -0.5912 0.5487 -0.5911
vn 0.5912 0.5487 -0.5911
vn 0.8360 0.5487 -0.0000
vn -0.5911 0.5487 0.5912
vn -0.7240 0.5487 0.4180
vn -0.0000 0.5487 -0.8360
vn 0.2164 0.5487 0.8075
vn -0.0000 0.5487 0.8360
vn -0.8075 0.5487 0.2164
vn -0.8314 0.2801 0.4800
vn -0.5911 0.5487 -0.5912
vn -0.8360 0.5487 -0.0000
vn -0.9600 0.2801 -0.0000
vn -0.2164 0.5487 0.8075
vn -0.4180 0.5487 0.7240
vn -0.5912 0.5487 0.5911
vn 0.5912 0.5487 0.5911
vn 0.4180 0.5487 0.7240
vn -0.2484 0.2800 -0.9273
vn -0.0000 0.2801 -0.9600
vn 0.8075 0.5487 -0.2164
vn 0.5911 0.5487 0.5912
vn 0.9273 0.2800 -0.2484
vn -0.0000 0.2801 0.9600
vn 0.2435 -0.3389 0.9088
vn 0.4704 -0.3389 0.8148
vn 0.9408 -0.3389 -0.0000
vn 0.9088 -0.3389 -0.2435
vn 0.9087 -0.3389 -0.2435
vn -0.2435 -0.3389 -0.9088
vn -0.4704 -0.3389 -0.8148
vn -0.9087 -0.3389 -0.2435
vn -0.9408 -0.3389 -0.0000
vn 0.2435 -0.3389 -0.9087
vn -0.0000 -0.3389 -0.9408
vn 0.8148 -0.3389 0.4704
vn 0.6652 -0.3389 0.6653
vn -0.9087 -0.3389 0.2435
vn -0.6652 -0.3389 -0.6653
vn -0.8148 -0.3389 -0.4704
vn 0.8148 -0.3389 -0.4704
vn 0.6652 -0.3389 -0.6653
vn -0.6653 -0.3389 -0.6652
vn -0.2435 -0.3389 0.9087
vn -0.0000 -0.3389 0.9408
vn -0.6652 -0.3389 0.6653
vn -0.8148 -0.3389 0.4704
vn -0.9088 -0.3389 0.2435
vn 0.9088 -0.3389 0.2435
vn 0.2435 -0.3389 0.9087
vn 0.6653 -0.3389 -0.6652
vn 0.4704 -0.3389 -0.8148
vn -0.6653 -0.3389 0.6652
vn -0.4704 -0.3389 0.8148
vn 0.2435 -0.3389 -0.9088
vn 0.6653 -0.3389 0.6652
vn -0.2435 -0.3389 -0.9087
vn -0.2435 -0.3389 0.9088
vn -0.9088 -0.3389 -0.2435
vn 0.9087 -0.3389 0.2435
vt 0.718750 0.129340
vt 0.718750 0.379340
vt 0.718750 0.062556
vt 0.718750 0.312556
vt 0.718750 0.129340
vt 0.718750 0.379340
vt 0.093750 0.379340
vt 0.718750 0.114499
vt 0.718750 0.364499
vt 0.093750 0.364499
vt 0.718750 0.062556
vt 0.718750 0.114499
vt 0.718750 0.364499
vt 0.718750 0.129340
vt 0.718750 0.379340
vt 0.718750 0.129340
vt 0.718750 0.218386
vt 0.718750 0.468386
vt 0.718750 0.143529
vt 0.718750 0.204197
vt 0.718750 0.204197
vt 0.718750 0.218386
vt 0.718750 0.468386
vt 0.718750 0.143529
vt 0.718750 0.129340
vt 0.718750 0.379340
vt 0.718750 0.129340
vt 0.718750 0.062556
vt 0.718750 0.312556
vt 0.718750 0.121920
vt 0.718750 0.371920
vt 0.718750 0.129340
vt 0.718750 0.379340
vt 0.718750 0.062556
vt 0.718750 0.312556
vt 0.718750 0.129340
vt 0.718750 0.379340
vt 0.718750 0.062556
vt 0.718750 0.114499
vt 0.718750 0.364499
vt 0.093750 0.364499
vt 0.718750 0.114499
vt 0.718750 0.364499
vt 0.718750 0.129340
vt 0.718750 0.379340
vt 0.093750 0.379340
vt 0.718750 0.062556
vt 0.718750 0.312556
vt 0.718750 0.062556
vt 0.718750 0.312556
vt 0.718750 0.062556
vt 0.718750 0.312556
vt 0.718750 0.062556
vt 0.718750 0.312556
vt 0.718750 0.047715
vt 0.718750 0.062556
vt 0.718750 0.047715
vt 0.718750 0.062556
vt 0.718750 0.062556
vt 0.718750 0.092238
vt 0.718750 0.092238
vt 0.718750 0.062556
vt 0.718750 0.047715
vt 0.718750 0.047715
vt 0.718750 0.092238
vt 0.718750 0.342238
vt 0.718750 0.047715
vt 0.718750 0.297715
vt 0.718750 0.121920
vt 0.718750 0.371920
vt 0.718750 0.129340
vt 0.718750 0.379340
vt 0.718750 0.062556
vt 0.718750 0.312556
vt 0.718750 0.062556
vt 0.718750 0.312556
vt 0.718750 0.062556
vt 0.718750 0.312556
vt 0.718750 0.092238
vt 0.718750 0.342238
vt 0.718750 0.047715
vt 0.718750 0.297715
vt 0.718750 0.062556
vt 0.718750 0.047715
vt 0.718750 0.047715
vt 0.718750 0.062556
vt 0.718750 0.114499
vt 0.718750 0.114499
vt 0.718750 0.364499
vt 0.718750 0.075783
vt 0.718750 0.325783
vt 0.718750 0.114499
vt 0.718750 0.114499
vt 0.718750 0.364499
vt 0.718750 0.075783
vt 0.718750 0.325783
vt 0.718750 0.218386
vt 0.718750 0.468386
vt 0.718750 0.140039
vt 0.718750 0.207687
vt 0.093750 0.225000
vt 0.718750 0.140039
vt 0.718750 0.207687
vt 0.093750 0.225000
vt 0.718750 0.218386
vt 0.718750 0.468386
vt 0.718750 0.141895
vt 0.718750 0.141895
vt 0.718750 0.205831
vt 0.718750 0.161526
vt 0.718750 0.205831
vt 0.718750 0.161526
vt 0.718750 0.205831
vt 0.718750 0.141895
vt 0.718750 0.205831
vt 0.718750 0.141895
vt 0.718750 0.114882
vt 0.718750 0.097625
vt 0.718750 0.114882
vt 0.718750 0.097625
vt 0.718750 0.094693
vt 0.718750 0.087055
vt 0.718750 0.094693
vt 0.718750 0.087055
vt 0.718750 0.100783
vt 0.718750 0.130748
vt 0.718750 0.100783
vt 0.718750 0.130748
vt 0.718750 0.072785
vt 0.718750 0.075136
vt 0.718750 0.072785
vt 0.718750 0.075136
vt 0.718750 0.074905
vt 0.718750 0.074905
vt 0.718750 0.156479
vt 0.718750 0.176223
vt 0.718750 0.156479
vt 0.718750 0.176223
vt 0.718750 0.179199
vt 0.718750 0.204050
vt 0.718750 0.179199
vt 0.718750 0.204050
vt 0.718750 0.176223
vt 0.718750 0.156479
vt 0.718750 0.176223
vt 0.718750 0.156479
vt 0.718750 0.188635
vt 0.718750 0.192868
vt 0.718750 0.188635
vt 0.718750 0.192868
vt 0.718750 0.097298
vt 0.718750 0.097298
vt 0.718750 0.125730
vt 0.718750 0.129430
vt 0.718750 0.125730
vt 0.718750 0.129430
vt 0.718750 0.025000
vt 0.718750 0.025000
vt 0.718750 0.040630
vt 0.718750 0.040630
vt 0.718750 0.025000
vt 0.718750 0.025000
vt 0.718750 0.025000
vt 0.718750 0.025000
vt 0.718750 0.225000
vt 0.718750 0.219672
vt 0.718750 0.225000
vt 0.718750 0.219672
vt 0.718750 0.125730
vt 0.718750 0.125730
vt 0.718750 0.068627
vt 0.718750 0.068627
vt 0.718750 0.059070
vt 0.718750 0.059070
vt 0.718750 0.114882
vt 0.718750 0.114882
vt 0.718750 0.094693
vt 0.718750 0.094693
vt 0.718750 0.074905
vt 0.718750 0.087055
vt 0.718750 0.074905
vt 0.718750 0.087055
vt 0.718750 0.072785
vt 0.718750 0.072785
vt 0.718750 0.109099
vt 0.718750 0.109099
vt 0.718750 0.072785
vt 0.718750 0.097625
vt 0.718750 0.204050
vt 0.718750 0.204050
vt 0.718750 0.134147
vt 0.718750 0.111427
vt 0.718750 0.219672
vt 0.718750 0.188635
vt 0.718750 0.179199
vt 0.718750 0.146813
vt 0.718750 0.097625
vt 0.718750 0.146813
vt 0.718750 0.179199
vt 0.718750 0.219672
vt 0.718750 0.188635
vt 0.718750 0.111427
vt 0.718750 0.134147
vt 0.718750 0.134147
vt 0.718750 0.111427
vt 0.718750 0.179199
vt 0.718750 0.156479
vt 0.718750 0.204050
vt 0.718750 0.176223
vt 0.718750 0.219672
vt 0.718750 0.188635
vt 0.718750 0.225000
vt 0.718750 0.192868
vt 0.718750 0.219672
vt 0.718750 0.188635
vt 0.718750 0.176223
vt 0.718750 0.204050
vt 0.718750 0.156479
vt 0.718750 0.179199
vt 0.718750 0.130748
vt 0.718750 0.100783
vt 0.718750 0.146813
vt 0.718750 0.068627
vt 0.718750 0.025000
vt 0.718750 0.025000
vt 0.718750 0.109099
vt 0.718750 0.072785
vt 0.718750 0.072785
vt 0.718750 0.109099
vt 0.718750 0.072785
vt 0.718750 0.146813
vt 0.718750 0.179199
vt 0.718750 0.219672
vt 0.718750 0.204050
vt 0.718750 0.225000
vt 0.718750 0.219672
vt 0.718750 0.204050
vt 0.718750 0.179199
vt 0.718750 0.087055
vt 0.718750 0.094693
vt 0.718750 0.087055
vt 0.718750 0.094693
vt 0.718750 0.068627
vt 0.718750 0.100783
vt 0.718750 0.192868
vt 0.718750 0.188635
vt 0.718750 0.176223
vt 0.718750 0.188635
vt 0.718750 0.176223
vt 0.718750 0.059070
vt 0.718750 0.074905
vt 0.718750 0.059070
vt 0.718750 0.074905
vt 0.718750 0.025000
vt 0.718750 0.040630
vt 0.718750 0.025000
vt 0.718750 0.040630
vt 0.718750 0.094693
vt 0.718750 0.087055
vt 0.718750 0.094693
vt 0.718750 0.087055
vt 0.718750 0.097298
vt 0.718750 0.097298
vt 0.718750 0.130748
vt 0.718750 0.156479
vt 0.718750 0.074905
vt 0.718750 0.074905
vt 0.718750 0.156479
vt 0.718750 0.025000
vt 0.718750 0.025000
vt 0.718750 0.134147
vt 0.718750 0.111427
vt 0.718750 0.072785
vt 0.718750 0.075136
vt 0.718750 0.097625
vt 0.718750 0.114882
vt 0.718750 0.125730
vt 0.718750 0.129430
vt 0.718750 0.125730
vt 0.718750 0.114882
vt 0.718750 0.097625
vt 0.718750 0.114882
vt 0.718750 0.125730
vt 0.718750 0.129430
vt 0.718750 0.097625
vt 0.718750 0.072785
vt 0.718750 0.075136
vt 0.718750 0.125730
vt 0.718750 0.114882
vt 0.718750 0.097625
vt 0.718750 0.065000
vt 0.718750 0.065000
vt 0.718750 0.065000
vt 0.718750 0.065000
vt 0.718750 0.065000
vt 0.718750 0.065000
vt 0.718750 0.065000
vt 0.718750 0.065000
vt 0.718750 0.065000
vt 0.718750 0.065000
vt 0.718750 0.065000
vt 0.718750 0.065000
vt 0.718750 0.065000
vt 0.718750 0.065000
vt 0.718750 0.065000
vt 0.718750 0.065000
vt 0.718750 0.025000
vt 0.718750 0.025000
vt 0.718750 0.025000
vt 0.718750 0.025000
vt 0.718750 0.025000
vt 0.718750 0.025000
vt 0.718750 0.025000
vt 0.718750 0.025000
vt 0.718750 0.225000
vt 0.718750 0.225000
vt 0.718750 0.225000
vt 0.718750 0.225000
vt 0.718750 0.225000
vt 0.718750 0.225000
vt 0.718750 0.225000
vt 0.718750 0.225000
vt 0.718750 0.025000
vt 0.093750 0.275000
vt 0.718750 0.082143
vt 0.093750 0.332143
vt 0.718750 0.025000
vt 0.718750 0.082143
vt 0.718750 0.025000
vt 0.093750 0.275000
vt 0.718750 0.025000
vt 0.718750 0.082143
vt 0.093750 0.332143
vt 0.718750 0.082143
vt 0.718750 0.225000
vt 0.093750 0.475000
vt 0.718750 0.225000
vt 0.718750 0.167857
vt 0.093750 0.417857
vt 0.718750 0.167857
vt 0.718750 0.167857
vt 0.718750 0.225000
vt 0.718750 0.225000
vt 0.093750 0.475000
vt 0.718750 0.167857
vt 0.093750 0.417857
vt 0.718750 0.025000
vt 0.093750 0.275000
vt 0.718750 0.082143
vt 0.093750 0.332143
vt 0.718750 0.025000
vt 0.718750 0.082143
vt 0.718750 0.025000
vt 0.093750 0.275000
vt 0.718750 0.025000
vt 0.718750 0.082143
vt 0.093750 0.332143
vt 0.718750 0.082143
vt 0.718750 0.225000
vt 0.093750 0.475000
vt 0.718750 0.225000
vt 0.718750 0.167857
vt 0.093750 0.417857
vt 0.718750 0.167857
vt 0.718750 0.167857
vt 0.718750 0.225000
vt 0.718750 0.225000
vt 0.093750 0.475000
vt 0.718750 0.167857
vt 0.093750 0.417857
vt 0.718750 0.025000
vt 0.718750 0.025000
vt 0.718750 0.133696
vt 0.718750 0.133696
vt 0.718750 0.025000
vt 0.718750 0.025000
vt 0.718750 0.133696
vt 0.718750 0.133696
vt 0.718750 0.025000
vt 0.718750 0.133696
vt 0.718750 0.025000
vt 0.718750 0.133696
vt 0.718750 0.025000
vt 0.718750 0.025000
vt 0.718750 0.133696
vt 0.718750 0.133696
vt 0.718750 0.225000
vt 0.718750 0.225000
vt 0.718750 0.225000
vt 0.718750 0.225000
vt 0.718750 0.225000
vt 0.718750 0.225000
vt 0.718750 0.225000
vt 0.718750 0.225000
vt 0.718750 0.133696
vt 0.718750 0.133696
vt 0.718750 0.133696
vt 0.718750 0.133696
vt 0.718750 0.133696
vt 0.718750 0.133696
vt 0.718750 0.133696
vt 0.718750 0.133696
vt 0.718750 0.371920
vt 0.718750 0.379340
vt 0.718750 0.364499
vt 0.718750 0.364499
vt 0.093750 0.364499
vt 0.718750 0.394181
vt 0.093750 0.394181
vt 0.718750 0.394181
vt 0.718750 0.394181
vt 0.093750 0.394181
vt 0.718750 0.394181
vt 0.718750 0.364499
vt 0.093750 0.364499
vt 0.718750 0.364499
vt 0.718750 0.394181
vt 0.093750 0.394181
vt 0.718750 0.394181
vt 0.718750 0.394181
vt 0.093750 0.394181
vt 0.718750 0.394181
vt 0.718750 0.379340
vt 0.718750 0.371920
vt 0.718750 0.468386
vt 0.718750 0.475000
vt 0.718750 0.468386
vt 0.718750 0.475000
vt 0.718750 0.475000
vt 0.718750 0.471693
vt 0.718750 0.475000
vt 0.718750 0.471693
vt 0.718750 0.325783
vt 0.718750 0.468386
vt 0.718750 0.468386
vt 0.718750 0.325783
vt 0.718750 0.379340
vt 0.718750 0.379340
vt 0.718750 0.379340
vt 0.718750 0.379340
vt 0.718750 0.379340
vt 0.718750 0.379340
vt 0.718750 0.379340
vt 0.718750 0.379340
vt 0.718750 0.379340
vt 0.718750 0.379340
vt 0.718750 0.379340
vt 0.718750 0.379340
vt 0.718750 0.379340
vt 0.718750 0.379340
vt 0.718750 0.379340
vt 0.718750 0.379340
vt 0.718750 0.275000
vt 0.718750 0.275000
vt 0.718750 0.375000
vt 0.718750 0.475000
vt 0.718750 0.475000
vt 0.718750 0.275000
vt 0.718750 0.275000
vt 0.718750 0.475000
vt 0.718750 0.375000
vt 0.718750 0.475000
vt 0.093750 0.025000
vt 0.093750 0.025000
vt 0.093750 0.061220
vt 0.093750 0.025000
vt 0.093750 0.025000
vt 0.093750 0.061220
vt 0.093750 0.216091
vt 0.093750 0.216091
vt 0.093750 0.057049
vt 0.093750 0.057049
vt 0.093750 0.220263
vt 0.093750 0.220263
vt 0.093750 0.107162
vt 0.093750 0.052312
vt 0.093750 0.052312
vt 0.093750 0.057049
vt 0.093750 0.220263
vt 0.093750 0.057049
vt 0.093750 0.220263
vt 0.093750 0.107162
vt 0.718750 0.025000
vt 0.718750 0.025000
vt 0.718750 0.025000
vt 0.718750 0.025000
vt 0.718750 0.198205
vt 0.718750 0.218185
vt 0.718750 0.198205
vt 0.718750 0.218185
vt 0.718750 0.025000
vt 0.718750 0.025000
vt 0.718750 0.025000
vt 0.718750 0.025000
vt 0.718750 0.125000
vt 0.718750 0.125000
vt 0.718750 0.166421
vt 0.718750 0.166421
vt 0.718750 0.025000
vt 0.718750 0.025000
vt 0.718750 0.025000
vt 0.718750 0.025000
vt 0.718750 0.025000
vt 0.718750 0.025000
vt 0.718750 0.025000
vt 0.718750 0.025000
vt 0.718750 0.025000
vt 0.718750 0.025000
vt 0.718750 0.275000
vt 0.718750 0.025000
vt 0.718750 0.025000
vt 0.718750 0.275000
vt 0.718750 0.025000
vt 0.718750 0.025000
vt 0.718750 0.025000
vt 0.718750 0.025000
vt 0.718750 0.105000
vt 0.718750 0.105000
vt 0.718750 0.225000
vt 0.718750 0.218185
vt 0.718750 0.225000
vt 0.718750 0.218185
vt 0.718750 0.043996
vt 0.718750 0.043996
vt 0.718750 0.025000
vt 0.718750 0.076764
vt 0.718750 0.025000
vt 0.718750 0.125000
vt 0.718750 0.166421
vt 0.718750 0.025000
vt 0.718750 0.025000
vt 0.718750 0.105000
vt 0.718750 0.025000
vt 0.718750 0.105000
vt 0.718750 0.025000
vt 0.718750 0.198205
vt 0.718750 0.025000
vt 0.718750 0.166421
vt 0.718750 0.025000
vt 0.718750 0.125000
vt 0.718750 0.025000
vt 0.718750 0.076764
vt 0.718750 0.025000
vt 0.718750 0.076764
vt 0.718750 0.076764
vt 0.718750 0.125000
vt 0.718750 0.125000
vt 0.718750 0.025000
vt 0.718750 0.025000
vt 0.718750 0.025000
vt 0.718750 0.025000
vt 0.718750 0.025000
vt 0.718750 0.025000
vt 0.718750 0.025000
vt 0.718750 0.025000
vt 0.718750 0.025000
vt 0.718750 0.025000
vt 0.718750 0.025000
vt 0.718750 0.076764
vt 0.718750 0.125000
vt 0.718750 0.166421
vt 0.718750 0.025000
vt 0.718750 0.198205
vt 0.718750 0.025000
vt 0.718750 0.166421
vt 0.718750 0.025000
vt 0.718750 0.125000
vt 0.718750 0.025000
vt 0.718750 0.076764
vt 0.718750 0.025000
vt 0.718750 0.025000
vt 0.718750 0.025000
vt 0.718750 0.025000
vt 0.718750 0.275000
vt 0.718750 0.025000
vt 0.718750 0.025000
vt 0.718750 0.275000
vt 0.718750 0.218185
vt 0.718750 0.225000
vt 0.718750 0.218185
vt 0.718750 0.225000
vt 0.718750 0.198205
vt 0.718750 0.166421
vt 0.718750 0.198205
vt 0.718750 0.166421
vt 0.718750 0.025000
vt 0.718750 0.025000
vt 0.718750 0.025000
vt 0.718750 0.025000
vt 0.718750 0.105000
vt 0.718750 0.025000
vt 0.718750 0.105000
vt 0.718750 0.025000
vt 0.718750 0.025000
vt 0.718750 0.275000
vt 0.718750 0.076764
vt 0.718750 0.025000
vt 0.718750 0.025000
vt 0.718750 0.025000
vt 0.718750 0.198205
vt 0.718750 0.025000
vt 0.718750 0.025000
vt 0.718750 0.025000
vt 0.718750 0.218185
vt 0.718750 0.025000
vt 0.718750 0.198205
vt 0.718750 0.025000
vt 0.718750 0.025000
vt 0.718750 0.025000
vt 0.718750 0.076764
vt 0.718750 0.025000
vt 0.718750 0.025000
vt 0.718750 0.025000
vt 0.718750 0.105000
vt 0.718750 0.105000
vt 0.718750 0.105000
vt 0.718750 0.105000
vt 0.718750 0.105000
vt 0.718750 0.025000
vt 0.718750 0.025000
vt 0.718750 0.025000
vt 0.718750 0.105000
vt 0.718750 0.218185
vt 0.718750 0.025000
vt 0.718750 0.043996
vt 0.718750 0.025000
vt 0.718750 0.025000
vt 0.718750 0.275000
vt 0.718750 0.025000
vt 0.718750 0.275000
vt 0.718750 0.025000
vt 0.718750 0.025000
vt 0.718750 0.043996
vt 0.718750 0.025000
vt 0.718750 0.105000
vt 0.718750 0.105000
vt 0.718750 0.025000
vt 0.718750 0.275000
vt 0.968750 0.025000
vt 0.968750 0.025000
vt 0.718750 0.275000
vt 0.968750 0.025000
vt 0.968750 0.025000
vt 0.718750 0.275000
vt 0.968750 0.025000
vt 0.718750 0.275000
vt 0.968750 0.025000
vt 0.968750 0.025000
vt 0.718750 0.275000
vt 0.968750 0.025000
vt 0.968750 0.025000
vt 0.968750 0.025000
vt 0.718750 0.275000
vt 0.968750 0.025000
vt 0.968750 0.025000
vt 0.718750 0.275000
vt 0.968750 0.025000
vt 0.968750 0.025000
vt 0.718750 0.275000
vt 0.968750 0.025000
vt 0.968750 0.025000
vt 0.718750 0.275000
vt 0.968750 0.025000
vt 0.968750 0.025000
vt 0.718750 0.275000
vt 0.968750 0.025000
vt 0.968750 0.025000
vt 0.718750 0.275000
vt 0.968750 0.025000
vt 0.968750 0.025000
vt 0.718750 0.275000
vt 0.968750 0.025000
vt 0.718750 0.275000
vt 0.968750 0.025000
vt 0.968750 0.025000
vt 0.968750 0.025000
vt 0.718750 0.275000
vt 0.968750 0.025000
vt 0.968750 0.025000
vt 0.718750 0.303934
vt 0.968750 0.025000
vt 0.718750 0.275000
vt 0.968750 0.096758
vt 0.718750 0.346758
vt 0.968750 0.096758
vt 0.718750 0.475000
vt 0.968750 0.025000
vt 0.718750 0.275000
vt 0.968750 0.025000
vt 0.968750 0.025000
vt 0.968750 0.025000
vt 0.718750 0.275000
vt 0.968750 0.025000
vt 0.968750 0.025000
vt 0.968750 0.025000
vt 0.968750 0.025000
vt 0.968750 0.025000
vt 0.968750 0.025000
vt 0.968750 0.025000
vt 0.968750 0.025000
vt 0.968750 0.025000
vt 0.718750 0.275000
vt 0.968750 0.025000
vt 0.718750 0.275000
vt 0.968750 0.025000
vt 0.718750 0.275000
vt 0.968750 0.096758
vt 0.718750 0.346758
vt 0.968750 0.025000
vt 0.718750 0.275000
vt 0.968750 0.096758
vt 0.718750 0.475000
vt 0.968750 0.025000
vt 0.718750 0.303934
vt 0.968750 0.025000
vt 0.718750 0.275000
vt 0.968750 0.025000
vt 0.718750 0.275000
vt 0.968750 0.025000
vt 0.718750 0.275000
vt 0.968750 0.025000
vt 0.718750 0.275000
vt 0.718750 0.275000
vt 0.718750 0.275000
vt 0.718750 0.025000
vt 0.843750 0.275000
vt 0.718750 0.025000
vt 0.843750 0.275000
vt 0.718750 0.025000
vt 0.718750 0.025000
vt 0.718750 0.025000
vt 0.843750 0.275000
vt 0.718750 0.025000
vt 0.718750 0.025000
vt 0.843750 0.275000
vt 0.718750 0.025000
vt 0.718750 0.025000
vt 0.718750 0.025000
vt 0.718750 0.025000
vt 0.843750 0.275000
vt 0.718750 0.025000
vt 0.843750 0.275000
vt 0.718750 0.025000
vt 0.718750 0.025000
vt 0.843750 0.275000
vt 0.718750 0.035405
vt 0.718750 0.045102
vt 0.718750 0.038513
vt 0.843750 0.288513
vt 0.718750 0.051106
vt 0.843750 0.301106
vt 0.718750 0.035405
vt 0.718750 0.038513
vt 0.843750 0.288513
vt 0.718750 0.045102
vt 0.718750 0.051106
vt 0.843750 0.301106
vt 0.718750 0.053428
vt 0.718750 0.061919
vt 0.843750 0.311919
vt 0.718750 0.025000
vt 0.718750 0.025000
vt 0.718750 0.025000
vt 0.843750 0.275000
vt 0.718750 0.025000
vt 0.843750 0.275000
vt 0.718750 0.025000
vt 0.843750 0.275000
vt 0.718750 0.025000
vt 0.718750 0.053428
vt 0.718750 0.059817
vt 0.718750 0.063833
vt 0.718750 0.065203
vt 0.718750 0.063833
vt 0.718750 0.059817
vt 0.718750 0.025000
vt 0.718750 0.025000
vt 0.718750 0.025000
vt 0.718750 0.025000
vt 0.843750 0.275000
vt 0.718750 0.025000
vt 0.843750 0.275000
vt 0.718750 0.075433
vt 0.843750 0.325433
vt 0.718750 0.077212
vt 0.843750 0.327212
vt 0.718750 0.025000
vt 0.843750 0.275000
vt 0.718750 0.070217
vt 0.843750 0.320217
vt 0.718750 0.061919
vt 0.843750 0.311919
vt 0.718750 0.075433
vt 0.843750 0.325433
vt 0.718750 0.070217
vt 0.843750 0.320217
vt 0.843750 0.275000
vt 0.843750 0.275000
vt 0.843750 0.275000
vt 0.843750 0.275000
vt 0.843750 0.275000
vt 0.843750 0.275000
vt 0.843750 0.275000
vt 0.843750 0.275000
vt 0.843750 0.275000
vt 0.843750 0.275000
vt 0.843750 0.366354
vt 0.843750 0.356905
vt 0.843750 0.357519
vt 0.843750 0.348984
vt 0.843750 0.297111
vt 0.843750 0.317715
vt 0.843750 0.335408
vt 0.843750 0.275000
vt 0.843750 0.275000
vt 0.843750 0.360430
vt 0.843750 0.275000
vt 0.843750 0.357519
vt 0.843750 0.275000
vt 0.843750 0.275000
vt 0.843750 0.348984
vt 0.843750 0.275000
vt 0.843750 0.335408
vt 0.843750 0.317715
vt 0.843750 0.297111
vt 0.843750 0.275000
vt 0.843750 0.275000
vt 0.843750 0.275000
vt 0.843750 0.275000
vt 0.843750 0.299478
vt 0.843750 0.299478
vt 0.843750 0.275000
vt 0.843750 0.275000
vt 0.843750 0.322288
vt 0.843750 0.341875
vt 0.843750 0.275000
vt 0.843750 0.275000
vt 0.843750 0.275000
vt 0.843750 0.275000
vt 0.843750 0.341875
vt 0.843750 0.356905
vt 0.843750 0.366354
vt 0.843750 0.322288
vt 0.843750 0.369576
vt 0.843750 0.375000
vt 0.843750 0.400882
vt 0.843750 0.349118
vt 0.843750 0.325000
vt 0.843750 0.425000
vt 0.843750 0.304289
vt 0.843750 0.375000
vt 0.843750 0.445711
vt 0.843750 0.356699
vt 0.843750 0.339645
vt 0.843750 0.393301
vt 0.843750 0.410355
vt 0.843750 0.425000
vt 0.843750 0.461603
vt 0.843750 0.436237
vt 0.843750 0.288397
vt 0.843750 0.325000
vt 0.843750 0.313763
vt 0.843750 0.471593
vt 0.843750 0.443301
vt 0.843750 0.445711
vt 0.843750 0.475000
vt 0.843750 0.443301
vt 0.843750 0.278407
vt 0.843750 0.306699
vt 0.843750 0.304289
vt 0.843750 0.275000
vt 0.843750 0.306699
vt 0.843750 0.471593
vt 0.843750 0.436237
vt 0.843750 0.425000
vt 0.843750 0.278407
vt 0.843750 0.313763
vt 0.843750 0.325000
vt 0.843750 0.461603
vt 0.843750 0.410355
vt 0.843750 0.393301
vt 0.843750 0.288397
vt 0.843750 0.339645
vt 0.843750 0.356699
vt 0.843750 0.445711
vt 0.843750 0.304289
vt 0.843750 0.375000
vt 0.843750 0.325000
vt 0.843750 0.425000
vt 0.843750 0.349118
vt 0.843750 0.400882
vt 0.843750 0.375000
vt 0.593750 0.025000
vt 0.593750 0.025000
vt 0.593750 0.025000
vt 0.593750 0.025000
vt 0.593750 0.195000
vt 0.593750 0.225000
vt 0.593750 0.189207
vt 0.593750 0.218185
vt 0.593750 0.025000
vt 0.593750 0.025000
vt 0.593750 0.076764
vt 0.593750 0.076764
vt 0.593750 0.025000
vt 0.593750 0.025000
vt 0.593750 0.076764
vt 0.593750 0.076764
vt 0.593750 0.198205
vt 0.593750 0.198205
vt 0.593750 0.218185
vt 0.593750 0.218185
vt 0.593750 0.218185
vt 0.593750 0.198205
vt 0.593750 0.198205
vt 0.593750 0.025000
vt 0.593750 0.025000
vt 0.593750 0.025000
vt 0.593750 0.025000
vt 0.593750 0.025000
vt 0.593750 0.025000
vt 0.593750 0.025000
vt 0.593750 0.025000
vt 0.593750 0.025000
vt 0.593750 0.025000
vt 0.593750 0.068999
vt 0.593750 0.110000
vt 0.593750 0.125000
vt 0.593750 0.025000
vt 0.593750 0.025000
vt 0.593750 0.025000
vt 0.593750 0.025000
vt 0.593750 0.025000
vt 0.593750 0.025000
vt 0.593750 0.025000
vt 0.593750 0.025000
vt 0.593750 0.025000
vt 0.593750 0.172224
vt 0.593750 0.025000
vt 0.593750 0.025000
vt 0.593750 0.025000
vt 0.593750 0.025000
vt 0.593750 0.110000
vt 0.593750 0.145208
vt 0.593750 0.125000
vt 0.593750 0.166421
vt 0.593750 0.025000
vt 0.593750 0.025000
vt 0.593750 0.025000
vt 0.593750 0.025000
vt 0.593750 0.189207
vt 0.593750 0.172224
vt 0.593750 0.025000
vt 0.593750 0.068999
vt 0.593750 0.189207
vt 0.593750 0.225000
vt 0.593750 0.195000
vt 0.593750 0.166421
vt 0.593750 0.166421
vt 0.593750 0.025000
vt 0.593750 0.025000
vt 0.593750 0.145208
vt 0.593750 0.025000
vt 0.593750 0.172224
vt 0.593750 0.025000
vt 0.593750 0.025000
vt 0.593750 0.025000
vt 0.593750 0.025000
vt 0.593750 0.068999
vt 0.593750 0.025000
vt 0.593750 0.025000
vt 0.593750 0.025000
vt 0.593750 0.025000
vt 0.593750 0.110000
vt 0.593750 0.125000
vt 0.593750 0.025000
vt 0.593750 0.025000
vt 0.593750 0.025000
vt 0.593750 0.025000
vt 0.593750 0.110000
vt 0.593750 0.125000
vt 0.593750 0.145208
vt 0.593750 0.166421
vt 0.593750 0.172224
vt 0.593750 0.189207
vt 0.593750 0.145208
vt 0.593750 0.025000
vt 0.593750 0.068999
vt 0.593750 0.025000
vt 0.593750 0.059617
vt 0.593750 0.025000
vt 0.593750 0.091875
vt 0.593750 0.025000
vt 0.593750 0.119576
vt 0.593750 0.140832
vt 0.593750 0.154193
vt 0.593750 0.158751
vt 0.593750 0.025000
vt 0.593750 0.025000
vt 0.593750 0.025000
vt 0.593750 0.154193
vt 0.593750 0.140832
vt 0.593750 0.119576
vt 0.593750 0.025000
vt 0.593750 0.025000
vt 0.593750 0.025000
vt 0.593750 0.025000
vt 0.593750 0.091875
vt 0.593750 0.059617
vt 0.593750 0.025000
vt 0.593750 0.025000
vt 0.593750 0.025000
vt 0.843750 0.345529
vt 0.843750 0.327897
vt 0.843750 0.348017
vt 0.843750 0.329763
vt 0.843750 0.289174
vt 0.843750 0.293898
vt 0.843750 0.302381
vt 0.843750 0.311509
vt 0.843750 0.275000
vt 0.843750 0.275000
vt 0.843750 0.275000
vt 0.843750 0.275000
vt 0.843750 0.302381
vt 0.843750 0.313723
vt 0.843750 0.311509
vt 0.843750 0.326631
vt 0.843750 0.275000
vt 0.843750 0.275000
vt 0.843750 0.275000
vt 0.843750 0.275000
vt 0.843750 0.326631
vt 0.843750 0.338235
vt 0.843750 0.313723
vt 0.843750 0.322426
vt 0.843750 0.275000
vt 0.843750 0.275000
vt 0.843750 0.275000
vt 0.843750 0.275000
vt 0.843750 0.275000
vt 0.843750 0.275000
vt 0.843750 0.275000
vt 0.843750 0.275000
vt 0.843750 0.275000
vt 0.843750 0.275000
vt 0.843750 0.338235
vt 0.843750 0.322426
vt 0.843750 0.345529
vt 0.843750 0.327897
vt 0.843750 0.275000
vt 0.843750 0.275000
vt 0.843750 0.275000
vt 0.843750 0.275000
vt 0.843750 0.275000
vt 0.843750 0.275000
vt 0.843750 0.289174
vt 0.843750 0.293898
vt 0.843750 0.275000
vt 0.843750 0.275000
vt 0.843750 0.375000
vt 0.843750 0.349118
vt 0.843750 0.400882
vt 0.843750 0.425000
vt 0.843750 0.325000
vt 0.843750 0.445711
vt 0.843750 0.304289
vt 0.843750 0.375000
vt 0.843750 0.392193
vt 0.843750 0.357807
vt 0.843750 0.461603
vt 0.843750 0.408214
vt 0.843750 0.421971
vt 0.843750 0.288397
vt 0.843750 0.341786
vt 0.843750 0.328029
vt 0.843750 0.471592
vt 0.843750 0.432528
vt 0.843750 0.439164
vt 0.843750 0.475000
vt 0.843750 0.441427
vt 0.843750 0.278407
vt 0.843750 0.317472
vt 0.843750 0.310836
vt 0.843750 0.471592
vt 0.843750 0.439164
vt 0.843750 0.432528
vt 0.843750 0.275000
vt 0.843750 0.308573
vt 0.843750 0.310836
vt 0.843750 0.278407
vt 0.843750 0.317472
vt 0.843750 0.461603
vt 0.843750 0.421971
vt 0.843750 0.408214
vt 0.843750 0.288397
vt 0.843750 0.328029
vt 0.843750 0.341786
vt 0.843750 0.445711
vt 0.843750 0.304289
vt 0.843750 0.392193
vt 0.843750 0.357807
vt 0.843750 0.375000
vt 0.843750 0.425000
vt 0.843750 0.325000
vt 0.843750 0.400882
vt 0.843750 0.349118
vt 0.843750 0.375000
vt 0.593750 0.025000
vt 0.593750 0.025000
vt 0.593750 0.025000
vt 0.593750 0.025000
vt 0.593750 0.025000
vt 0.593750 0.025000
vt 0.593750 0.076764
vt 0.593750 0.076764
vt 0.593750 0.025000
vt 0.593750 0.068740
vt 0.593750 0.025000
vt 0.593750 0.025000
vt 0.593750 0.109500
vt 0.593750 0.025000
vt 0.593750 0.144501
vt 0.593750 0.025000
vt 0.593750 0.171358
vt 0.593750 0.025000
vt 0.593750 0.188241
vt 0.593750 0.025000
vt 0.593750 0.194000
vt 0.593750 0.025000
vt 0.593750 0.188241
vt 0.593750 0.025000
vt 0.593750 0.171358
vt 0.593750 0.025000
vt 0.593750 0.144501
vt 0.593750 0.025000
vt 0.593750 0.109500
vt 0.593750 0.025000
vt 0.593750 0.068740
vt 0.593750 0.025000
vt 0.593750 0.025000
vt 0.593750 0.025000
vt 0.593750 0.025000
vt 0.593750 0.225000
vt 0.593750 0.218185
vt 0.593750 0.025000
vt 0.593750 0.025000
vt 0.593750 0.025000
vt 0.593750 0.166421
vt 0.593750 0.198205
vt 0.593750 0.025000
vt 0.593750 0.076764
vt 0.593750 0.125000
vt 0.593750 0.068999
vt 0.593750 0.110000
vt 0.593750 0.076764
vt 0.593750 0.125000
vt 0.593750 0.025000
vt 0.593750 0.025000
vt 0.593750 0.025000
vt 0.593750 0.025000
vt 0.593750 0.025000
vt 0.593750 0.025000
vt 0.593750 0.025000
vt 0.593750 0.025000
vt 0.593750 0.025000
vt 0.593750 0.198205
vt 0.593750 0.166421
vt 0.593750 0.025000
vt 0.593750 0.025000
vt 0.593750 0.025000
vt 0.593750 0.195000
vt 0.593750 0.225000
vt 0.593750 0.189207
vt 0.593750 0.218185
vt 0.593750 0.145208
vt 0.593750 0.166421
vt 0.593750 0.025000
vt 0.593750 0.025000
vt 0.593750 0.025000
vt 0.593750 0.218185
vt 0.593750 0.125000
vt 0.593750 0.198205
vt 0.593750 0.025000
vt 0.593750 0.025000
vt 0.593750 0.125000
vt 0.593750 0.166421
vt 0.593750 0.025000
vt 0.593750 0.025000
vt 0.593750 0.025000
vt 0.593750 0.025000
vt 0.593750 0.025000
vt 0.593750 0.025000
vt 0.593750 0.025000
vt 0.593750 0.145208
vt 0.593750 0.172224
vt 0.593750 0.198205
vt 0.593750 0.068999
vt 0.593750 0.110000
vt 0.593750 0.172224
vt 0.593750 0.025000
vt 0.593750 0.189207
vt 0.593750 0.218185
vt 0.593750 0.025000
vt 0.593750 0.025000
vt 0.593750 0.053449
vt 0.593750 0.025000
vt 0.593750 0.079960
vt 0.593750 0.102725
vt 0.593750 0.025000
vt 0.593750 0.025000
vt 0.593750 0.120194
vt 0.593750 0.131175
vt 0.593750 0.134920
vt 0.593750 0.025000
vt 0.593750 0.025000
vt 0.593750 0.131175
vt 0.593750 0.120194
vt 0.593750 0.025000
vt 0.593750 0.025000
vt 0.593750 0.025000
vt 0.593750 0.102725
vt 0.593750 0.079960
vt 0.593750 0.025000
vt 0.593750 0.025000
vt 0.593750 0.053449
vt 0.593750 0.025000
vt 0.593750 0.025000
vt 0.843750 0.275000
vt 0.843750 0.275000
vt 0.843750 0.275000
vt 0.843750 0.275000
vt 0.843750 0.322426
vt 0.843750 0.313723
vt 0.843750 0.338235
vt 0.843750 0.326631
vt 0.843750 0.275000
vt 0.843750 0.289174
vt 0.843750 0.302381
vt 0.843750 0.275000
vt 0.843750 0.275000
vt 0.843750 0.275000
vt 0.843750 0.327897
vt 0.843750 0.275000
vt 0.843750 0.329763
vt 0.843750 0.275000
vt 0.843750 0.327897
vt 0.843750 0.275000
vt 0.843750 0.322426
vt 0.843750 0.275000
vt 0.843750 0.313723
vt 0.843750 0.275000
vt 0.843750 0.302381
vt 0.843750 0.275000
vt 0.843750 0.289174
vt 0.843750 0.275000
vt 0.843750 0.275000
vt 0.843750 0.275000
vt 0.843750 0.275000
vt 0.843750 0.275000
vt 0.843750 0.293898
vt 0.843750 0.275000
vt 0.843750 0.311509
vt 0.843750 0.275000
vt 0.843750 0.275000
vt 0.843750 0.275000
vt 0.843750 0.275000
vt 0.843750 0.275000
vt 0.843750 0.275000
vt 0.843750 0.345529
vt 0.843750 0.338235
vt 0.843750 0.326631
vt 0.843750 0.348017
vt 0.843750 0.293898
vt 0.843750 0.311509
vt 0.843750 0.345529
vt 0.843750 0.375000
vt 0.843750 0.349118
vt 0.843750 0.400882
vt 0.843750 0.425000
vt 0.843750 0.325000
vt 0.843750 0.445711
vt 0.843750 0.304289
vt 0.843750 0.375000
vt 0.843750 0.392193
vt 0.843750 0.357807
vt 0.843750 0.461603
vt 0.843750 0.408214
vt 0.843750 0.421971
vt 0.843750 0.288397
vt 0.843750 0.341786
vt 0.843750 0.328029
vt 0.843750 0.471592
vt 0.843750 0.432528
vt 0.843750 0.439164
vt 0.843750 0.475000
vt 0.843750 0.441427
vt 0.843750 0.278407
vt 0.843750 0.317472
vt 0.843750 0.310836
vt 0.843750 0.471592
vt 0.843750 0.439164
vt 0.843750 0.432528
vt 0.843750 0.275000
vt 0.843750 0.308573
vt 0.843750 0.310836
vt 0.843750 0.278407
vt 0.843750 0.317472
vt 0.843750 0.461603
vt 0.843750 0.421971
vt 0.843750 0.408214
vt 0.843750 0.288397
vt 0.843750 0.328029
vt 0.843750 0.341786
vt 0.843750 0.445711
vt 0.843750 0.304289
vt 0.843750 0.392193
vt 0.843750 0.357807
vt 0.843750 0.375000
vt 0.843750 0.425000
vt 0.843750 0.325000
vt 0.843750 0.400882
vt 0.843750 0.349118
vt 0.843750 0.375000
vt 0.593750 0.076764
vt 0.593750 0.076764
vt 0.593750 0.125000
vt 0.593750 0.125000
vt 0.593750 0.198205
vt 0.593750 0.218185
vt 0.593750 0.172224
vt 0.593750 0.189207
vt 0.593750 0.218185
vt 0.593750 0.198205
vt 0.593750 0.218185
vt 0.593750 0.198205
vt 0.593750 0.166421
vt 0.593750 0.198205
vt 0.593750 0.166421
vt 0.593750 0.025000
vt 0.593750 0.025000
vt 0.593750 0.025000
vt 0.593750 0.025000
vt 0.593750 0.068999
vt 0.593750 0.110000
vt 0.593750 0.076764
vt 0.593750 0.125000
vt 0.593750 0.025000
vt 0.593750 0.025000
vt 0.593750 0.068999
vt 0.593750 0.145208
vt 0.593750 0.166421
vt 0.593750 0.225000
vt 0.593750 0.195000
vt 0.593750 0.189207
vt 0.593750 0.166421
vt 0.593750 0.025000
vt 0.593750 0.025000
vt 0.593750 0.025000
vt 0.593750 0.025000
vt 0.593750 0.025000
vt 0.593750 0.025000
vt 0.593750 0.025000
vt 0.593750 0.025000
vt 0.593750 0.025000
vt 0.593750 0.025000
vt 0.593750 0.025000
vt 0.593750 0.025000
vt 0.593750 0.025000
vt 0.593750 0.025000
vt 0.593750 0.025000
vt 0.593750 0.025000
vt 0.593750 0.110000
vt 0.593750 0.025000
vt 0.593750 0.025000
vt 0.593750 0.025000
vt 0.593750 0.025000
vt 0.593750 0.218185
vt 0.593750 0.225000
vt 0.593750 0.025000
vt 0.593750 0.025000
vt 0.593750 0.025000
vt 0.593750 0.025000
vt 0.593750 0.172224
vt 0.593750 0.025000
vt 0.593750 0.076764
vt 0.593750 0.125000
vt 0.593750 0.025000
vt 0.593750 0.025000
vt 0.593750 0.025000
vt 0.593750 0.025000
vt 0.593750 0.025000
vt 0.593750 0.025000
vt 0.593750 0.025000
vt 0.593750 0.145208
vt 0.593750 0.025000
vt 0.593750 0.025000
vt 0.593750 0.053449
vt 0.593750 0.025000
vt 0.593750 0.025000
vt 0.593750 0.079960
vt 0.593750 0.102725
vt 0.593750 0.025000
vt 0.593750 0.025000
vt 0.593750 0.025000
vt 0.593750 0.120194
vt 0.593750 0.131175
vt 0.593750 0.025000
vt 0.593750 0.025000
vt 0.593750 0.134920
vt 0.593750 0.131175
vt 0.593750 0.120194
vt 0.593750 0.025000
vt 0.593750 0.025000
vt 0.593750 0.102725
vt 0.593750 0.079960
vt 0.593750 0.025000
vt 0.593750 0.053449
vt 0.593750 0.025000
vt 0.593750 0.025000
vt 0.593750 0.025000
vt 0.593750 0.025000
vt 0.593750 0.025000
vt 0.593750 0.025000
vt 0.593750 0.068740
vt 0.593750 0.109500
vt 0.593750 0.025000
vt 0.593750 0.144501
vt 0.593750 0.025000
vt 0.593750 0.171358
vt 0.593750 0.025000
vt 0.593750 0.188241
vt 0.593750 0.025000
vt 0.593750 0.194000
vt 0.593750 0.025000
vt 0.593750 0.188241
vt 0.593750 0.025000
vt 0.593750 0.171358
vt 0.593750 0.144501
vt 0.593750 0.109500
vt 0.593750 0.025000
vt 0.593750 0.068740
vt 0.593750 0.025000
vt 0.593750 0.025000
vt 0.843750 0.275000
vt 0.843750 0.297111
vt 0.843750 0.275000
vt 0.843750 0.275000
vt 0.843750 0.317715
vt 0.843750 0.275000
vt 0.843750 0.335408
vt 0.843750 0.275000
vt 0.843750 0.275000
vt 0.718750 0.025000
vt 0.843750 0.348984
vt 0.843750 0.275000
vt 0.718750 0.025000
vt 0.843750 0.275000
vt 0.718750 0.025000
vt 0.843750 0.275000
vt 0.718750 0.025000
vt 0.843750 0.288513
vt 0.718750 0.038513
vt 0.843750 0.301106
vt 0.718750 0.051106
vt 0.843750 0.311919
vt 0.718750 0.061919
vt 0.843750 0.275000
vt 0.843750 0.275000
vt 0.718750 0.025000
vt 0.843750 0.275000
vt 0.718750 0.025000
vt 0.843750 0.357519
vt 0.843750 0.320217
vt 0.718750 0.070217
vt 0.843750 0.325433
vt 0.718750 0.075433
vt 0.843750 0.275000
vt 0.843750 0.275000
vt 0.718750 0.025000
vt 0.843750 0.275000
vt 0.718750 0.025000
vt 0.843750 0.275000
vt 0.843750 0.275000
vt 0.718750 0.025000
vt 0.843750 0.360430
vt 0.843750 0.327212
vt 0.718750 0.077212
vt 0.843750 0.325433
vt 0.718750 0.075433
vt 0.843750 0.357519
vt 0.843750 0.320217
vt 0.718750 0.070217
vt 0.843750 0.275000
vt 0.843750 0.275000
vt 0.718750 0.025000
vt 0.843750 0.275000
vt 0.718750 0.025000
vt 0.843750 0.348984
vt 0.843750 0.311919
vt 0.718750 0.061919
vt 0.843750 0.301106
vt 0.718750 0.051106
vt 0.843750 0.275000
vt 0.843750 0.335408
vt 0.843750 0.275000
vt 0.718750 0.025000
vt 0.843750 0.288513
vt 0.718750 0.038513
vt 0.843750 0.275000
vt 0.718750 0.025000
vt 0.843750 0.275000
vt 0.843750 0.317715
vt 0.843750 0.275000
vt 0.843750 0.297111
vt 0.843750 0.275000
vt 0.843750 0.275000
vt 0.843750 0.275000
vt 0.843750 0.275000
vt 0.843750 0.275000
vt 0.843750 0.275000
vt 0.843750 0.275000
vt 0.843750 0.366354
vt 0.843750 0.356905
vt 0.843750 0.366354
vt 0.843750 0.369576
vt 0.843750 0.299478
vt 0.843750 0.322288
vt 0.843750 0.275000
vt 0.843750 0.275000
vt 0.843750 0.275000
vt 0.843750 0.356905
vt 0.843750 0.341875
vt 0.843750 0.275000
vt 0.843750 0.275000
vt 0.843750 0.275000
vt 0.843750 0.341875
vt 0.843750 0.299478
vt 0.843750 0.322288
vt 0.843750 0.275000
vt 0.843750 0.375000
vt 0.843750 0.400882
vt 0.843750 0.349118
vt 0.843750 0.325000
vt 0.843750 0.425000
vt 0.843750 0.304289
vt 0.843750 0.375000
vt 0.843750 0.445711
vt 0.843750 0.356699
vt 0.843750 0.339645
vt 0.843750 0.393301
vt 0.843750 0.410355
vt 0.843750 0.425000
vt 0.843750 0.461603
vt 0.843750 0.436237
vt 0.843750 0.288397
vt 0.843750 0.325000
vt 0.843750 0.313763
vt 0.843750 0.471593
vt 0.843750 0.443301
vt 0.843750 0.445711
vt 0.843750 0.475000
vt 0.843750 0.443301
vt 0.843750 0.278407
vt 0.843750 0.306699
vt 0.843750 0.304289
vt 0.843750 0.275000
vt 0.843750 0.306699
vt 0.843750 0.471593
vt 0.843750 0.436237
vt 0.843750 0.425000
vt 0.843750 0.278407
vt 0.843750 0.313763
vt 0.843750 0.325000
vt 0.843750 0.461603
vt 0.843750 0.410355
vt 0.843750 0.393301
vt 0.843750 0.288397
vt 0.843750 0.339645
vt 0.843750 0.356699
vt 0.843750 0.445711
vt 0.843750 0.304289
vt 0.843750 0.375000
vt 0.843750 0.325000
vt 0.843750 0.425000
vt 0.843750 0.349118
vt 0.843750 0.400882
vt 0.843750 0.375000
vt 0.593750 0.025000
vt 0.593750 0.025000
vt 0.593750 0.068999
vt 0.593750 0.076764
vt 0.593750 0.198205
vt 0.593750 0.218185
vt 0.593750 0.172224
vt 0.593750 0.189207
vt 0.593750 0.025000
vt 0.593750 0.025000
vt 0.593750 0.025000
vt 0.593750 0.025000
vt 0.593750 0.025000
vt 0.593750 0.076764
vt 0.593750 0.198205
vt 0.593750 0.218185
vt 0.593750 0.218185
vt 0.593750 0.198205
vt 0.593750 0.218185
vt 0.593750 0.198205
vt 0.593750 0.125000
vt 0.593750 0.125000
vt 0.593750 0.166421
vt 0.593750 0.166421
vt 0.593750 0.025000
vt 0.593750 0.025000
vt 0.593750 0.025000
vt 0.593750 0.025000
vt 0.593750 0.025000
vt 0.593750 0.025000
vt 0.593750 0.025000
vt 0.593750 0.025000
vt 0.593750 0.025000
vt 0.593750 0.025000
vt 0.593750 0.025000
vt 0.593750 0.025000
vt 0.593750 0.025000
vt 0.593750 0.166421
vt 0.593750 0.145208
vt 0.593750 0.025000
vt 0.593750 0.025000
vt 0.593750 0.076764
vt 0.593750 0.076764
vt 0.593750 0.068999
vt 0.593750 0.110000
vt 0.593750 0.025000
vt 0.593750 0.025000
vt 0.593750 0.125000
vt 0.593750 0.125000
vt 0.593750 0.110000
vt 0.593750 0.025000
vt 0.593750 0.225000
vt 0.593750 0.195000
vt 0.593750 0.025000
vt 0.593750 0.025000
vt 0.593750 0.025000
vt 0.593750 0.025000
vt 0.593750 0.025000
vt 0.593750 0.025000
vt 0.593750 0.025000
vt 0.593750 0.025000
vt 0.593750 0.025000
vt 0.593750 0.025000
vt 0.593750 0.025000
vt 0.593750 0.025000
vt 0.593750 0.025000
vt 0.593750 0.025000
vt 0.593750 0.225000
vt 0.593750 0.166421
vt 0.593750 0.068999
vt 0.593750 0.110000
vt 0.593750 0.025000
vt 0.593750 0.025000
vt 0.593750 0.068999
vt 0.593750 0.110000
vt 0.593750 0.145208
vt 0.593750 0.025000
vt 0.593750 0.172224
vt 0.593750 0.189207
vt 0.593750 0.195000
vt 0.593750 0.025000
vt 0.593750 0.189207
vt 0.593750 0.025000
vt 0.593750 0.172224
vt 0.593750 0.025000
vt 0.593750 0.145208
vt 0.593750 0.025000
vt 0.593750 0.025000
vt 0.593750 0.025000
vt 0.593750 0.025000
vt 0.593750 0.145208
vt 0.593750 0.025000
vt 0.593750 0.025000
vt 0.593750 0.025000
vt 0.593750 0.172224
vt 0.593750 0.189207
vt 0.593750 0.025000
vt 0.593750 0.025000
vt 0.593750 0.059617
vt 0.593750 0.025000
vt 0.593750 0.091875
vt 0.593750 0.025000
vt 0.593750 0.025000
vt 0.593750 0.025000
vt 0.593750 0.025000
vt 0.593750 0.119576
vt 0.593750 0.140832
vt 0.593750 0.154193
vt 0.593750 0.025000
vt 0.593750 0.025000
vt 0.593750 0.025000
vt 0.593750 0.158751
vt 0.593750 0.154193
vt 0.593750 0.140832
vt 0.593750 0.119576
vt 0.593750 0.025000
vt 0.593750 0.025000
vt 0.593750 0.091875
vt 0.593750 0.059617
vt 0.593750 0.025000
vt 0.718750 0.063833
vt 0.718750 0.059817
vt 0.718750 0.025000
vt 0.718750 0.025000
vt 0.718750 0.025000
vt 0.718750 0.025000
vt 0.718750 0.025000
vt 0.718750 0.025000
vt 0.718750 0.025000
vt 0.718750 0.025000
vt 0.718750 0.035405
vt 0.718750 0.025000
vt 0.718750 0.045102
vt 0.718750 0.025000
vt 0.718750 0.053428
vt 0.718750 0.059817
vt 0.718750 0.063833
vt 0.718750 0.065203
vt 0.718750 0.025000
vt 0.718750 0.025000
vt 0.718750 0.053428
vt 0.718750 0.025000
vt 0.718750 0.045102
vt 0.718750 0.035405
s 0
usemtl colormap
f 3/5/1 2/3/1 1/1/1
f 2/3/1 3/5/1 4/8/1
f 2/3/1 4/8/1 5/11/1
f 5/11/1 4/8/1 6/12/1
f 9/17/2 8/16/2 7/14/2
f 8/16/2 9/17/2 10/19/2
f 10/19/2 9/17/2 11/20/2
f 11/20/2 9/17/2 12/21/2
f 13/22/2 12/21/2 9/17/2
f 13/22/2 14/24/2 12/21/2
f 15/25/2 14/24/2 13/22/2
f 14/24/2 15/25/2 16/27/2
f 6/12/3 17/28/3 5/11/3
f 17/28/3 6/12/3 18/30/3
f 18/30/3 6/12/3 7/14/3
f 18/30/3 7/14/3 8/16/3
f 18/30/3 8/16/3 19/32/3
f 22/38/4 21/36/4 20/34/4
f 21/36/4 22/38/4 23/39/4
f 23/39/4 22/38/4 24/42/4
f 25/44/4 21/36/4 23/39/4
f 28/51/5 27/49/5 26/47/5
f 27/49/5 28/51/5 29/53/5
f 29/53/5 20/34/5 27/49/5
f 20/34/5 29/53/5 22/38/5
f 32/57/6 31/56/6 30/55/6
f 31/56/6 32/57/6 33/58/6
f 31/56/6 33/58/6 34/59/6
f 35/60/7 34/59/6 33/58/6
f 35/60/7 33/58/6 36/61/7
f 37/62/6 34/59/6 35/60/8
f 37/62/6 38/63/6 34/59/6
f 38/63/6 37/62/6 39/64/6
f 36/61/4 27/49/4 40/65/4
f 27/49/4 36/61/4 33/58/4
f 33/58/4 41/67/4 27/49/4
f 27/49/4 41/67/4 26/47/4
f 41/67/4 33/58/4 32/57/4
f 42/69/3 22/38/3 29/53/3
f 22/38/3 42/69/3 24/42/3
f 24/42/3 42/69/3 15/25/3
f 15/25/3 42/69/3 43/71/3
f 15/25/3 43/71/3 16/27/3
f 5/11/5 44/73/5 2/3/5
f 44/73/5 5/11/5 17/28/5
f 44/73/5 17/28/5 45/75/5
f 44/73/5 45/75/5 46/77/5
f 47/79/1 37/62/1 35/60/1
f 37/62/1 47/79/1 44/73/1
f 44/73/1 39/64/1 37/62/1
f 39/64/1 44/73/1 48/81/1
f 48/81/1 44/73/1 46/77/1
f 34/59/1 50/84/1 49/83/1
f 50/84/1 34/59/1 38/63/1
f 51/85/6 49/83/9 50/84/6
f 49/83/7 51/85/6 52/86/7
f 36/61/7 47/79/10 35/60/7
f 47/79/10 36/61/11 40/65/10
f 52/86/7 34/59/10 49/83/7
f 34/59/10 52/86/12 31/56/10
f 54/88/1 26/47/1 53/87/1
f 26/47/1 54/88/1 55/90/1
f 30/55/4 52/86/4 51/85/4
f 52/86/4 30/55/4 31/56/4
f 41/67/5 39/64/5 48/81/5
f 39/64/5 41/67/5 38/63/5
f 38/63/5 41/67/5 50/84/5
f 50/84/5 41/67/5 30/55/5
f 30/55/5 41/67/5 32/57/5
f 51/85/5 50/84/5 30/55/5
f 56/92/3 26/47/3 46/77/3
f 26/47/3 56/92/3 53/87/3
f 54/88/5 56/92/5 57/93/5
f 56/92/5 54/88/5 53/87/5
f 58/95/4 56/92/4 46/77/4
f 56/92/4 58/95/4 57/93/4
f 1/1/13 60/99/13 59/97/13
f 60/99/13 1/1/13 21/36/13
f 59/97/13 60/99/13 61/100/13
f 21/36/13 62/102/13 60/99/13
f 59/97/13 61/100/13 63/103/13
f 62/102/13 21/36/13 64/105/13
f 62/102/13 64/105/13 63/103/13
f 63/103/13 64/105/13 59/97/13
f 1/1/14 65/107/14 3/5/14
f 65/107/14 1/1/14 59/97/14
f 3/5/14 65/107/14 66/108/14
f 59/97/14 67/109/14 65/107/14
f 3/5/14 66/108/14 68/110/14
f 68/110/14 7/14/14 3/5/14
f 67/109/14 59/97/14 9/17/14
f 68/110/14 9/17/14 7/14/14
f 67/109/14 9/17/14 69/111/14
f 69/111/14 9/17/14 68/110/14
f 13/22/15 70/112/15 15/25/15
f 15/25/15 70/112/15 25/44/15
f 13/22/15 71/113/15 70/112/15
f 72/114/15 25/44/15 70/112/15
f 13/22/15 73/115/15 71/113/15
f 64/105/15 73/115/15 13/22/15
f 74/116/15 25/44/15 72/114/15
f 73/115/15 64/105/15 74/116/15
f 74/116/15 21/36/15 25/44/15
f 21/36/15 74/116/15 64/105/15
f 77/119/16 76/118/17 75/117/16
f 76/118/18 77/119/16 78/120/19
f 81/123/20 80/122/21 79/121/20
f 80/122/21 81/123/20 82/124/21
f 85/127/22 84/126/23 83/125/22
f 84/126/23 85/127/22 86/128/23
f 89/131/24 88/130/25 87/129/24
f 88/130/25 89/131/24 90/132/25
f 82/124/21 91/133/26 80/122/21
f 91/133/26 82/124/21 92/134/26
f 95/137/27 94/136/28 93/135/27
f 94/136/28 95/137/27 96/138/28
f 99/141/29 98/140/30 97/139/29
f 98/140/30 99/141/29 100/142/30
f 103/145/21 102/144/31 101/143/21
f 102/144/31 103/145/21 104/146/31
f 107/149/32 106/148/5 105/147/32
f 106/148/5 107/149/32 108/150/5
f 110/152/5 79/121/20 109/151/5
f 79/121/20 110/152/5 81/123/20
f 113/155/33 112/154/10 111/153/33
f 112/154/10 113/155/33 114/156/10
f 117/159/34 116/158/35 115/157/35
f 116/158/35 117/159/34 118/160/34
f 116/158/5 119/161/5 115/157/5
f 119/161/5 120/162/5 115/157/5
f 120/162/5 119/161/5 121/163/5
f 121/163/5 119/161/5 122/164/5
f 125/167/10 124/166/36 123/165/10
f 124/166/36 125/167/10 126/168/36
f 114/156/10 127/169/36 112/154/10
f 127/169/36 114/156/10 128/170/36
f 121/163/6 129/171/6 120/162/6
f 129/171/6 121/163/6 130/172/6
f 131/173/37 118/160/34 117/159/34
f 118/160/34 131/173/37 132/174/37
f 134/176/30 111/153/33 133/175/30
f 111/153/33 134/176/30 113/155/33
f 136/178/32 109/151/5 135/177/32
f 109/151/5 136/178/32 110/152/5
f 139/181/38 138/180/28 137/179/38
f 138/180/28 139/181/38 140/182/28
f 86/128/23 93/135/27 84/126/23
f 93/135/27 86/128/23 95/137/27
f 143/185/39 142/184/40 141/183/40
f 144/186/39 142/184/40 143/185/39
f 142/184/40 144/186/39 145/187/40
f 116/158/4 142/184/4 119/161/4
f 142/184/4 116/158/4 89/131/4
f 89/131/4 116/158/4 90/132/4
f 90/132/4 116/158/4 146/188/4
f 146/188/4 116/158/4 118/160/4
f 146/188/4 118/160/4 134/176/4
f 134/176/4 118/160/4 132/174/4
f 134/176/4 132/174/4 92/134/4
f 134/176/4 92/134/4 113/155/4
f 113/155/4 92/134/4 82/124/4
f 113/155/4 82/124/4 81/123/4
f 113/155/4 81/123/4 114/156/4
f 114/156/4 81/123/4 110/152/4
f 114/156/4 110/152/4 128/170/4
f 128/170/4 110/152/4 136/178/4
f 128/170/4 136/178/4 140/182/4
f 128/170/4 140/182/4 77/119/4
f 77/119/4 140/182/4 139/181/4
f 77/119/4 139/181/4 78/120/4
f 119/161/3 145/187/3 122/164/3
f 145/187/3 119/161/3 142/184/3
f 91/133/26 132/174/37 131/173/37
f 132/174/37 91/133/26 92/134/26
f 126/168/36 147/189/16 124/166/36
f 147/189/16 126/168/36 148/190/16
f 97/139/1 150/192/1 149/191/1
f 150/192/1 97/139/1 102/144/1
f 102/144/1 97/139/1 98/140/1
f 102/144/1 98/140/1 101/143/1
f 101/143/1 98/140/1 151/193/1
f 101/143/1 151/193/1 152/194/1
f 152/194/1 151/193/1 123/165/1
f 152/194/1 123/165/1 106/148/1
f 106/148/1 123/165/1 124/166/1
f 106/148/1 124/166/1 105/147/1
f 105/147/1 124/166/1 94/136/1
f 94/136/1 124/166/1 147/189/1
f 94/136/1 147/189/1 93/135/1
f 93/135/1 147/189/1 153/195/1
f 93/135/1 153/195/1 84/126/1
f 84/126/1 153/195/1 83/125/1
f 83/125/1 153/195/1 154/196/1
f 83/125/1 154/196/1 129/171/1
f 129/171/1 154/196/1 120/162/1
f 120/162/1 154/196/1 141/183/1
f 141/183/1 154/196/1 143/185/1
f 120/162/1 141/183/1 115/157/1
f 115/157/1 141/183/1 87/129/1
f 115/157/1 87/129/1 88/130/1
f 115/157/1 88/130/1 155/197/1
f 115/157/1 155/197/1 117/159/1
f 117/159/1 155/197/1 133/175/1
f 117/159/1 133/175/1 131/173/1
f 131/173/1 133/175/1 91/133/1
f 91/133/1 133/175/1 111/153/1
f 91/133/1 111/153/1 80/122/1
f 80/122/1 111/153/1 79/121/1
f 79/121/1 111/153/1 112/154/1
f 79/121/1 112/154/1 109/151/1
f 109/151/1 112/154/1 127/169/1
f 109/151/1 127/169/1 135/177/1
f 135/177/1 127/169/1 138/180/1
f 138/180/1 127/169/1 75/117/1
f 138/180/1 75/117/1 137/179/1
f 137/179/1 75/117/1 76/118/1
f 153/195/41 156/198/42 154/196/42
f 156/198/42 153/195/41 157/199/41
f 158/200/33 123/165/10 151/193/33
f 123/165/10 158/200/33 125/167/10
f 140/182/28 135/177/32 138/180/28
f 135/177/32 140/182/28 136/178/32
f 154/196/42 144/186/39 143/185/39
f 144/186/39 154/196/42 156/198/42
f 142/184/10 87/129/10 141/183/10
f 87/129/10 142/184/10 89/131/10
f 100/142/30 151/193/33 98/140/30
f 151/193/33 100/142/30 158/200/33
f 128/170/36 75/117/43 127/169/36
f 75/117/16 128/170/36 77/119/16
f 122/164/4 130/172/4 121/163/4
f 130/172/4 122/164/4 156/198/4
f 156/198/4 85/127/4 130/172/4
f 156/198/4 122/164/4 144/186/4
f 144/186/4 122/164/4 145/187/4
f 157/199/4 85/127/4 156/198/4
f 157/199/4 86/128/4 85/127/4
f 157/199/4 95/137/4 86/128/4
f 148/190/4 95/137/4 157/199/4
f 148/190/4 96/138/4 95/137/4
f 126/168/4 96/138/4 148/190/4
f 126/168/4 107/149/4 96/138/4
f 125/167/4 107/149/4 126/168/4
f 125/167/4 108/150/4 107/149/4
f 125/167/4 159/201/4 108/150/4
f 158/200/4 159/201/4 125/167/4
f 158/200/4 103/145/4 159/201/4
f 100/142/4 103/145/4 158/200/4
f 100/142/4 104/146/4 103/145/4
f 99/141/4 104/146/4 100/142/4
f 99/141/4 160/202/4 104/146/4
f 160/202/4 99/141/4 161/203/4
f 148/190/16 153/195/41 147/189/16
f 153/195/41 148/190/16 157/199/41
f 130/172/44 83/125/22 129/171/44
f 83/125/22 130/172/44 85/127/22
f 96/138/28 105/147/32 94/136/28
f 105/147/32 96/138/28 107/149/32
f 159/201/20 101/143/21 152/194/20
f 101/143/21 159/201/20 103/145/21
f 146/188/7 133/175/30 155/197/7
f 133/175/30 146/188/7 134/176/30
f 90/132/25 155/197/7 88/130/25
f 155/197/7 90/132/45 146/188/7
f 108/150/5 152/194/20 106/148/5
f 152/194/20 108/150/5 159/201/20
f 161/203/7 97/139/7 149/191/7
f 97/139/7 161/203/7 99/141/7
f 104/146/26 150/192/26 102/144/26
f 150/192/26 104/146/26 160/202/26
f 160/202/27 149/191/27 150/192/27
f 149/191/27 160/202/27 161/203/27
f 164/206/1 163/205/1 162/204/1
f 163/205/1 164/206/1 165/207/1
f 165/207/1 164/206/1 166/208/1
f 165/207/1 166/208/1 167/209/1
f 167/209/1 166/208/1 168/210/1
f 167/209/1 168/210/1 169/211/1
f 169/211/1 168/210/1 170/212/1
f 169/211/1 170/212/1 171/213/1
f 171/213/1 170/212/1 172/214/1
f 171/213/1 172/214/1 173/215/1
f 173/215/1 172/214/1 174/216/1
f 174/216/1 172/214/1 175/217/1
f 174/216/1 175/217/1 176/218/1
f 176/218/1 175/217/1 177/219/1
f 176/218/1 177/219/1 178/220/1
f 178/220/1 177/219/1 179/221/1
f 179/221/1 177/219/1 180/222/1
f 179/221/1 180/222/1 181/223/1
f 181/223/1 180/222/1 182/224/1
f 182/224/1 180/222/1 183/225/1
f 183/225/1 180/222/1 184/226/1
f 183/225/1 184/226/1 185/227/1
f 184/226/39 186/228/40 185/227/40
f 186/228/40 184/226/39 187/229/39
f 187/229/39 188/230/40 186/228/40
f 184/226/39 189/231/42 187/229/39
f 189/231/42 184/226/39 180/222/42
f 180/222/42 190/232/41 189/231/42
f 190/232/41 180/222/42 177/219/41
f 191/233/36 175/217/16 172/214/36
f 175/217/16 191/233/36 192/234/16
f 193/235/10 172/214/36 170/212/10
f 172/214/36 193/235/10 191/233/36
f 194/236/33 170/212/10 168/210/33
f 170/212/10 194/236/33 193/235/10
f 195/237/30 168/210/33 166/208/30
f 168/210/33 195/237/30 194/236/33
f 196/238/29 166/208/30 164/206/29
f 166/208/30 196/238/29 195/237/30
f 192/234/16 177/219/41 175/217/16
f 177/219/41 192/234/16 190/232/41
f 199/241/28 198/240/32 197/239/28
f 198/240/32 199/241/28 200/242/32
f 202/244/22 181/223/44 201/243/44
f 181/223/44 202/244/22 179/221/22
f 203/245/5 169/211/20 171/213/5
f 169/211/20 203/245/5 204/246/20
f 205/247/28 173/215/32 174/216/28
f 173/215/32 205/247/28 206/248/32
f 204/246/20 167/209/21 169/211/20
f 167/209/21 204/246/20 207/249/21
f 210/252/37 209/251/26 208/250/37
f 209/251/26 210/252/37 211/253/26
f 214/256/35 213/255/34 212/254/35
f 213/255/34 214/256/35 215/257/34
f 218/260/20 217/259/21 216/258/20
f 217/259/21 218/260/20 219/261/21
f 200/242/32 220/262/5 198/240/32
f 220/262/5 200/242/32 221/263/5
f 222/264/23 179/221/22 202/244/22
f 179/221/22 222/264/23 178/220/23
f 219/261/21 211/253/26 217/259/21
f 211/253/26 219/261/21 209/251/26
f 223/265/27 174/216/28 176/218/27
f 174/216/28 223/265/27 205/247/28
f 225/267/46 197/239/28 224/266/46
f 197/239/28 225/267/46 199/241/28
f 207/249/21 165/207/31 167/209/21
f 165/207/31 207/249/21 226/268/31
f 206/248/32 171/213/5 173/215/32
f 171/213/5 206/248/32 203/245/5
f 223/265/27 178/220/23 222/264/23
f 178/220/23 223/265/27 176/218/27
f 221/263/5 216/258/20 220/262/5
f 216/258/20 221/263/5 218/260/20
f 212/254/5 227/269/5 214/256/5
f 228/270/5 227/269/5 212/254/5
f 182/224/5 227/269/5 228/270/5
f 227/269/5 182/224/5 183/225/5
f 201/243/6 182/224/6 228/270/6
f 182/224/6 201/243/6 181/223/6
f 215/257/34 208/250/37 213/255/34
f 208/250/37 215/257/34 210/252/37
f 185/227/3 227/269/3 183/225/3
f 227/269/3 185/227/3 186/228/3
f 229/271/7 164/206/7 162/204/7
f 164/206/7 229/271/7 196/238/7
f 229/271/27 163/205/27 230/272/27
f 163/205/27 229/271/27 162/204/27
f 226/268/26 163/205/26 165/207/26
f 163/205/26 226/268/26 230/272/26
f 76/118/19 139/181/26 137/179/26
f 139/181/26 76/118/19 78/120/19
f 212/254/4 201/243/4 228/270/4
f 201/243/4 212/254/4 188/230/4
f 201/243/4 188/230/4 189/231/4
f 189/231/4 188/230/4 187/229/4
f 189/231/4 202/244/4 201/243/4
f 188/230/4 212/254/4 231/273/4
f 231/273/4 212/254/4 232/274/4
f 232/274/4 212/254/4 233/275/4
f 233/275/4 212/254/4 213/255/4
f 190/232/4 202/244/4 189/231/4
f 190/232/4 222/264/4 202/244/4
f 190/232/4 223/265/4 222/264/4
f 192/234/4 223/265/4 190/232/4
f 192/234/4 205/247/4 223/265/4
f 191/233/4 205/247/4 192/234/4
f 191/233/4 206/248/4 205/247/4
f 233/275/4 213/255/4 234/276/4
f 234/276/4 213/255/4 208/250/4
f 234/276/4 208/250/4 209/251/4
f 193/235/4 206/248/4 191/233/4
f 193/235/4 203/245/4 206/248/4
f 193/235/4 204/246/4 203/245/4
f 194/236/4 204/246/4 193/235/4
f 194/236/4 207/249/4 204/246/4
f 195/237/4 207/249/4 194/236/4
f 195/237/4 226/268/4 207/249/4
f 196/238/4 226/268/4 195/237/4
f 196/238/4 230/272/4 226/268/4
f 230/272/4 196/238/4 229/271/4
f 234/276/4 209/251/4 235/277/4
f 235/277/4 209/251/4 219/261/4
f 235/277/4 219/261/4 218/260/4
f 235/277/4 218/260/4 236/278/4
f 236/278/4 218/260/4 221/263/4
f 236/278/4 221/263/4 237/279/4
f 237/279/4 221/263/4 200/242/4
f 237/279/4 200/242/4 199/241/4
f 237/279/4 199/241/4 238/280/4
f 238/280/4 199/241/4 225/267/4
f 238/280/4 225/267/4 239/281/4
f 234/276/30 241/283/33 240/282/30
f 241/283/33 234/276/30 235/277/33
f 235/277/33 242/284/10 241/283/33
f 242/284/10 235/277/33 236/278/10
f 233/275/7 240/282/30 243/285/7
f 240/282/30 233/275/7 234/276/30
f 244/286/1 227/269/1 186/228/1
f 227/269/1 244/286/1 214/256/1
f 214/256/1 244/286/1 245/287/1
f 214/256/1 245/287/1 243/285/1
f 214/256/1 243/285/1 215/257/1
f 215/257/1 243/285/1 240/282/1
f 215/257/1 240/282/1 210/252/1
f 210/252/1 240/282/1 211/253/1
f 211/253/1 240/282/1 241/283/1
f 211/253/1 241/283/1 217/259/1
f 217/259/1 241/283/1 216/258/1
f 216/258/1 241/283/1 242/284/1
f 216/258/1 242/284/1 220/262/1
f 220/262/1 242/284/1 246/288/1
f 220/262/1 246/288/1 198/240/1
f 198/240/1 246/288/1 197/239/1
f 197/239/1 246/288/1 247/289/1
f 197/239/1 247/289/1 224/266/1
f 224/266/1 247/289/1 248/290/1
f 236/278/10 246/288/36 242/284/10
f 246/288/36 236/278/10 237/279/36
f 233/275/7 245/287/25 232/274/25
f 245/287/25 233/275/7 243/285/7
f 237/279/36 247/289/43 246/288/36
f 247/289/16 237/279/36 238/280/16
f 232/274/25 244/286/24 231/273/24
f 244/286/24 232/274/25 245/287/25
f 238/280/16 248/290/47 247/289/16
f 248/290/47 238/280/16 239/281/47
f 186/228/10 231/273/10 244/286/10
f 231/273/10 186/228/10 188/230/10
f 224/266/46 239/281/26 225/267/46
f 239/281/26 224/266/46 248/290/26
f 251/293/10 250/292/10 249/291/10
f 250/292/10 251/293/10 252/294/10
f 252/294/10 251/293/10 253/295/10
f 254/296/10 250/292/10 252/294/10
f 253/295/10 251/293/10 255/297/10
f 253/295/10 255/297/10 256/298/10
f 250/292/10 254/296/10 257/299/10
f 257/299/10 254/296/10 258/300/10
f 257/299/10 258/300/10 259/301/10
f 256/298/10 255/297/10 260/302/10
f 257/299/10 259/301/10 261/303/10
f 256/298/10 260/302/10 262/304/10
f 261/303/10 259/301/10 263/305/10
f 262/304/10 260/302/10 263/305/10
f 261/303/10 263/305/10 260/302/10
f 261/303/10 260/302/10 264/306/10
f 260/302/48 266/308/49 265/307/48
f 266/308/49 260/302/50 255/297/49
f 251/293/51 268/310/52 267/309/51
f 268/310/52 251/293/53 249/291/52
f 255/297/49 267/309/51 266/308/49
f 267/309/51 255/297/54 251/293/51
f 270/312/55 264/306/56 269/311/56
f 264/306/57 270/312/55 261/303/55
f 269/311/56 260/302/48 265/307/48
f 260/302/50 269/311/56 264/306/56
f 250/292/58 272/314/59 271/313/58
f 272/314/59 250/292/60 257/299/59
f 257/299/59 270/312/55 272/314/59
f 270/312/55 257/299/61 261/303/55
f 249/291/52 271/313/58 268/310/52
f 271/313/58 249/291/62 250/292/58
f 275/317/10 274/316/10 273/315/10
f 274/316/10 275/317/10 276/318/10
f 274/316/10 276/318/10 277/319/10
f 277/319/10 276/318/10 278/320/10
f 277/319/10 278/320/10 279/321/10
f 279/321/10 278/320/10 280/322/10
f 259/301/63 280/322/64 263/305/64
f 280/322/64 259/301/63 279/321/63
f 277/319/65 259/301/66 258/300/65
f 259/301/66 277/319/65 279/321/66
f 274/316/67 258/300/65 254/296/67
f 258/300/65 274/316/67 277/319/65
f 273/315/68 253/295/69 275/317/69
f 253/295/69 273/315/68 252/294/68
f 273/315/68 254/296/70 252/294/68
f 254/296/70 273/315/68 274/316/70
f 276/318/71 253/295/72 256/298/71
f 253/295/73 276/318/71 275/317/73
f 278/320/74 256/298/71 262/304/74
f 256/298/71 278/320/74 276/318/71
f 262/304/75 280/322/64 278/320/75
f 280/322/64 262/304/76 263/305/64
f 283/327/77 282/325/78 281/323/77
f 282/325/78 283/327/77 284/328/78
f 286/331/79 281/323/77 285/329/79
f 281/323/77 286/331/79 283/327/77
f 288/334/80 285/329/79 287/332/80
f 285/329/79 288/334/80 286/331/79
f 291/338/81 290/337/82 289/335/83
f 290/337/82 291/338/81 292/340/81
f 284/328/78 291/338/81 282/325/78
f 291/338/81 284/328/78 292/340/81
f 288/334/6 283/327/6 286/331/6
f 283/327/6 288/334/6 284/328/6
f 284/328/6 288/334/6 293/341/6
f 284/328/6 293/341/6 292/340/6
f 292/340/6 293/341/6 294/342/6
f 292/340/6 294/342/6 290/337/6
f 289/335/82 294/342/84 295/343/84
f 294/342/84 289/335/82 290/337/82
f 293/341/85 287/332/80 296/345/85
f 287/332/80 293/341/85 288/334/80
f 295/343/84 293/341/85 296/345/85
f 293/341/85 295/343/84 294/342/86
f 299/351/79 298/349/87 297/347/79
f 298/349/80 299/351/79 300/352/80
f 302/355/77 297/347/79 301/353/77
f 297/347/79 302/355/77 299/351/79
f 304/358/78 301/353/77 303/356/78
f 301/353/77 304/358/88 302/355/77
f 307/362/85 306/361/84 305/359/84
f 306/361/84 307/362/85 308/364/85
f 300/352/80 307/362/85 298/349/80
f 307/362/85 300/352/80 308/364/85
f 304/358/3 299/351/3 302/355/3
f 299/351/3 304/358/3 300/352/3
f 300/352/3 304/358/3 309/365/3
f 300/352/3 309/365/3 308/364/3
f 308/364/3 309/365/3 310/366/3
f 308/364/3 310/366/3 306/361/3
f 305/359/84 310/366/82 311/367/82
f 310/366/82 305/359/84 306/361/84
f 309/365/81 303/356/78 312/369/81
f 303/356/78 309/365/81 304/358/78
f 311/367/82 309/365/81 312/369/81
f 309/365/81 311/367/82 310/366/82
f 315/373/48 314/372/49 313/371/48
f 314/372/49 315/373/50 316/374/49
f 319/377/51 318/376/52 317/375/51
f 318/376/52 319/377/53 320/378/52
f 316/374/49 317/375/51 314/372/49
f 317/375/51 316/374/54 319/377/51
f 323/381/55 322/380/56 321/379/56
f 322/380/57 323/381/55 324/382/55
f 321/379/56 315/373/48 313/371/48
f 315/373/50 321/379/56 322/380/56
f 327/385/58 326/384/59 325/383/58
f 326/384/59 327/385/60 328/386/59
f 328/386/59 323/381/55 326/384/59
f 323/381/55 328/386/61 324/382/55
f 327/385/60 318/376/52 320/378/52
f 318/376/52 327/385/58 325/383/58
f 331/389/10 330/388/10 329/387/10
f 330/388/10 331/389/10 332/390/10
f 330/388/10 332/390/10 333/391/10
f 333/391/10 332/390/10 334/392/10
f 333/391/10 334/392/10 335/393/10
f 335/393/10 334/392/10 336/394/10
f 319/377/10 327/385/10 320/378/10
f 327/385/10 319/377/10 337/395/10
f 337/395/10 319/377/10 338/396/10
f 339/397/10 327/385/10 337/395/10
f 338/396/10 319/377/10 316/374/10
f 327/385/10 339/397/10 328/386/10
f 338/396/10 316/374/10 340/398/10
f 328/386/10 339/397/10 341/399/10
f 340/398/10 316/374/10 315/373/10
f 328/386/10 341/399/10 324/382/10
f 340/398/10 315/373/10 342/400/10
f 324/382/10 341/399/10 343/401/10
f 342/400/10 315/373/10 344/402/10
f 324/382/10 343/401/10 344/402/10
f 324/382/10 344/402/10 315/373/10
f 324/382/10 315/373/10 322/380/10
f 331/389/89 337/395/90 338/396/89
f 337/395/90 331/389/89 329/387/90
f 332/390/91 338/396/89 340/398/91
f 338/396/89 332/390/91 331/389/89
f 330/388/92 337/395/90 329/387/90
f 337/395/90 330/388/92 339/397/92
f 344/402/93 334/392/94 342/400/94
f 334/392/94 344/402/93 336/394/93
f 344/402/93 335/393/95 336/394/93
f 335/393/95 344/402/93 343/401/95
f 334/392/94 340/398/91 342/400/94
f 340/398/91 334/392/94 332/390/91
f 333/391/96 343/401/95 341/399/96
f 343/401/95 333/391/96 335/393/95
f 330/388/92 341/399/96 339/397/92
f 341/399/96 330/388/92 333/391/96
f 20/35/6 40/66/6 27/50/6
f 40/66/6 20/35/6 21/37/6
f 40/66/6 21/37/6 47/80/6
f 47/80/6 21/37/6 1/2/6
f 1/2/6 44/74/6 47/80/6
f 44/74/6 1/2/6 2/4/6
f 345/403/85 43/72/97 42/70/85
f 43/72/97 345/403/98 346/404/97
f 347/405/5 23/40/5 24/43/5
f 23/40/5 347/405/5 348/406/5
f 351/411/10 350/410/99 349/408/100
f 350/410/99 351/411/10 352/413/10
f 350/410/99 353/414/1 349/408/99
f 353/414/1 350/410/101 354/416/1
f 347/405/4 355/417/102 348/406/4
f 355/417/97 347/405/4 356/419/97
f 358/422/1 25/45/1 357/420/1
f 25/45/1 358/422/1 15/26/1
f 7/15/4 351/411/4 3/6/4
f 351/411/4 7/15/4 352/413/4
f 355/417/97 358/422/10 357/420/10
f 358/422/10 355/417/97 356/419/103
f 6/13/5 353/414/5 354/416/5
f 353/414/5 6/13/5 4/9/5
f 359/423/99 18/31/104 19/33/99
f 18/31/81 359/423/99 360/424/81
f 363/427/6 362/426/6 361/425/6
f 362/426/6 363/427/6 364/428/6
f 367/431/105 366/430/106 365/429/105
f 366/430/106 367/431/105 368/432/106
f 28/52/4 42/70/85 29/54/4
f 42/70/85 28/52/4 345/403/85
f 345/403/85 28/52/4 369/433/4
f 64/106/5 361/425/5 59/98/5
f 361/425/5 64/106/5 363/427/5
f 364/428/10 365/429/105 362/426/10
f 365/429/105 364/428/10 367/431/105
f 366/430/106 371/435/3 370/434/3
f 371/435/3 366/430/106 368/432/106
f 365/429/1 361/425/1 362/426/1
f 361/425/1 365/429/1 59/98/1
f 59/98/1 365/429/1 9/18/1
f 9/18/1 365/429/1 366/430/1
f 9/18/1 366/430/1 370/434/1
f 360/424/81 17/29/1 18/31/81
f 17/29/1 360/424/81 45/76/1
f 45/76/1 360/424/81 372/436/1
f 371/435/5 9/18/5 370/434/5
f 9/18/5 371/435/5 13/23/5
f 58/96/107 45/76/26 372/436/107
f 45/76/26 58/96/107 46/78/26
f 64/106/10 9/18/10 59/98/10
f 9/18/10 64/106/10 13/23/10
f 64/106/4 364/428/4 363/427/4
f 364/428/4 64/106/4 367/431/4
f 367/431/4 64/106/4 13/23/4
f 367/431/4 13/23/4 371/435/4
f 367/431/4 371/435/4 368/432/4
f 360/424/3 58/96/107 372/436/107
f 58/96/107 360/424/3 57/94/3
f 57/94/3 360/424/3 54/89/3
f 345/403/3 54/89/3 360/424/3
f 345/403/3 360/424/3 359/423/3
f 345/403/3 359/423/3 346/404/3
f 369/433/107 54/89/3 345/403/3
f 54/89/3 369/433/107 55/91/107
f 369/433/107 26/48/26 55/91/107
f 26/48/26 369/433/107 28/52/26
f 46/78/108 41/68/108 48/82/108
f 41/68/108 46/78/108 26/48/108
f 375/439/10 374/438/10 373/437/10
f 373/437/10 374/438/10 376/440/10
f 375/439/10 377/441/10 374/438/10
f 378/442/10 377/441/10 375/439/10
f 377/441/10 378/442/10 379/443/10
f 376/440/10 374/438/10 380/444/10
f 381/445/10 379/443/10 378/442/10
f 380/444/10 43/72/10 376/440/10
f 382/446/10 43/72/10 380/444/10
f 376/440/10 43/72/10 383/447/10
f 384/448/10 43/72/10 382/446/10
f 346/404/10 383/447/10 43/72/10
f 384/448/10 19/33/10 43/72/10
f 385/449/10 19/33/10 384/448/10
f 386/450/10 19/33/10 385/449/10
f 346/404/10 387/451/10 383/447/10
f 346/404/10 388/452/10 387/451/10
f 346/404/10 381/445/10 388/452/10
f 19/33/10 386/450/10 359/423/10
f 379/443/10 359/423/10 386/450/10
f 359/423/10 381/445/10 346/404/10
f 381/445/10 359/423/10 379/443/10
f 391/455/3 390/454/3 389/453/3
f 390/454/3 391/455/3 392/456/3
f 392/456/3 391/455/3 393/457/3
f 396/460/3 395/459/3 394/458/3
f 395/459/3 396/460/3 397/461/3
f 397/461/3 396/460/3 398/462/3
f 355/418/6 23/41/6 348/407/6
f 23/41/6 355/418/6 25/46/6
f 25/46/6 355/418/6 357/421/6
f 3/7/6 353/415/6 4/10/6
f 353/415/6 3/7/6 349/409/6
f 349/409/6 3/7/6 351/412/6
f 282/326/3 285/330/3 281/324/3
f 285/330/3 282/326/3 287/333/3
f 287/333/3 282/326/3 291/339/3
f 287/333/3 291/339/3 296/346/3
f 296/346/3 291/339/3 289/336/3
f 296/346/3 289/336/3 295/344/3
f 298/350/6 301/354/6 297/348/6
f 301/354/6 298/350/6 303/357/6
f 303/357/6 298/350/6 307/363/6
f 303/357/6 307/363/6 312/370/6
f 312/370/6 307/363/6 305/360/6
f 312/370/6 305/360/6 311/368/6
f 401/465/2 400/464/2 399/463/2
f 400/464/2 401/465/2 402/466/2
f 402/466/2 401/465/2 403/467/2
f 403/467/2 401/465/2 404/468/2
f 404/468/2 401/465/2 405/469/2
f 404/468/2 405/469/2 406/470/2
f 409/473/14 408/472/14 407/471/14
f 408/472/14 409/473/14 410/474/14
f 408/472/14 410/474/14 411/475/14
f 413/477/13 61/101/13 412/476/13
f 61/101/13 413/477/13 63/104/13
f 416/480/15 415/479/15 414/478/15
f 415/479/15 416/480/15 417/481/15
f 417/481/15 416/480/15 418/482/15
f 421/485/20 420/484/5 419/483/20
f 420/484/5 421/485/20 422/486/5
f 425/489/30 424/488/33 423/487/30
f 424/488/33 425/489/30 426/490/33
f 429/493/28 428/492/27 427/491/27
f 428/492/27 429/493/28 430/494/28
f 433/497/7 432/496/25 431/495/25
f 432/496/25 433/497/7 434/498/7
f 437/501/3 436/500/34 435/499/34
f 436/500/34 437/501/3 438/502/3
f 441/505/37 440/504/26 439/503/26
f 440/504/26 441/505/37 442/506/37
f 445/510/10 444/508/10 443/507/10
f 444/508/10 445/510/10 446/511/10
f 447/513/23 427/491/27 428/492/109
f 427/491/27 447/513/23 448/514/23
f 451/517/3 450/516/3 449/515/3
f 450/516/3 451/517/3 452/518/3
f 455/521/10 454/520/36 453/519/10
f 454/520/36 455/521/10 456/522/36
f 457/523/110 445/510/111 443/507/111
f 445/510/111 457/523/110 458/524/110
f 461/527/4 460/526/4 459/525/4
f 460/526/4 461/527/4 447/513/4
f 460/526/4 447/513/4 462/528/4
f 462/528/4 447/513/4 428/492/4
f 462/528/4 428/492/4 463/529/4
f 463/529/4 428/492/4 430/494/4
f 463/529/4 430/494/4 425/489/4
f 425/489/4 430/494/4 464/530/4
f 464/530/4 430/494/4 465/531/4
f 466/532/4 425/489/4 464/530/4
f 425/489/4 466/532/4 426/490/4
f 464/530/4 465/531/4 467/533/4
f 426/490/4 466/532/4 468/534/4
f 467/533/4 465/531/4 422/486/4
f 467/533/4 422/486/4 421/485/4
f 426/490/4 468/534/4 455/521/4
f 467/533/4 421/485/4 469/535/4
f 467/533/4 469/535/4 468/534/4
f 455/521/4 468/534/4 456/522/4
f 456/522/4 468/534/4 470/536/4
f 470/536/4 468/534/4 469/535/4
f 470/536/4 469/535/4 471/537/4
f 470/536/4 471/537/4 472/538/4
f 472/538/4 471/537/4 473/539/4
f 472/538/4 473/539/4 474/540/4
f 474/540/4 473/539/4 475/541/4
f 474/540/4 475/541/4 476/542/4
f 476/542/4 475/541/4 477/543/4
f 437/501/3 478/544/39 438/502/3
f 478/544/39 437/501/3 479/545/39
f 480/546/42 478/544/39 479/545/39
f 478/544/39 480/546/42 481/547/42
f 484/550/6 483/549/22 482/548/22
f 483/549/22 484/550/6 485/551/6
f 488/554/5 487/553/5 486/552/5
f 487/553/5 488/554/5 489/555/5
f 489/555/5 488/554/5 449/515/5
f 489/555/5 449/515/5 490/556/5
f 490/556/5 449/515/5 450/516/5
f 493/559/1 492/558/1 491/557/1
f 492/558/1 493/559/1 494/560/1
f 492/558/1 494/560/1 448/514/1
f 448/514/1 494/560/1 495/561/1
f 448/514/1 495/561/1 427/491/1
f 427/491/1 495/561/1 423/487/1
f 427/491/1 423/487/1 429/493/1
f 429/493/1 423/487/1 424/488/1
f 429/493/1 424/488/1 496/562/1
f 496/562/1 424/488/1 453/519/1
f 496/562/1 453/519/1 420/484/1
f 420/484/1 453/519/1 454/520/1
f 420/484/1 454/520/1 419/483/1
f 419/483/1 454/520/1 497/563/1
f 419/483/1 497/563/1 498/564/1
f 498/564/1 497/563/1 499/565/1
f 498/564/1 499/565/1 500/566/1
f 500/566/1 499/565/1 501/567/1
f 500/566/1 501/567/1 502/568/1
f 502/568/1 501/567/1 503/569/1
f 502/568/1 503/569/1 504/570/1
f 504/570/1 503/569/1 505/571/1
f 462/528/25 493/559/112 460/526/112
f 493/559/112 462/528/25 494/560/25
f 508/575/10 507/573/10 506/572/10
f 507/573/10 508/575/10 509/576/10
f 459/525/6 492/558/22 461/527/22
f 492/558/22 459/525/6 491/557/6
f 512/580/33 511/579/10 510/578/33
f 511/579/10 512/580/33 513/581/10
f 516/584/16 515/583/41 514/582/16
f 515/583/41 516/584/16 517/585/41
f 520/588/113 519/587/114 518/586/114
f 519/587/114 520/588/113 521/589/113
f 524/592/1 523/591/1 522/590/1
f 523/591/1 524/592/1 521/589/1
f 521/589/1 524/592/1 519/587/1
f 519/587/1 524/592/1 457/523/1
f 519/587/1 457/523/1 443/507/1
f 519/587/1 443/507/1 525/593/1
f 525/593/1 443/507/1 526/594/1
f 526/594/1 443/507/1 444/508/1
f 482/548/4 527/596/4 484/550/4
f 527/596/4 482/548/4 528/597/4
f 527/596/4 528/597/4 431/495/4
f 431/495/4 528/597/4 529/598/4
f 431/495/4 529/598/4 433/497/4
f 433/497/4 529/598/4 530/599/4
f 433/497/4 530/599/4 531/600/4
f 531/600/4 530/599/4 532/601/4
f 531/600/4 532/601/4 512/580/4
f 512/580/4 532/601/4 533/602/4
f 512/580/4 533/602/4 513/581/4
f 513/581/4 533/602/4 534/603/4
f 513/581/4 534/603/4 535/604/4
f 535/604/4 534/603/4 536/605/4
f 535/604/4 536/605/4 516/584/4
f 516/584/4 536/605/4 440/504/4
f 516/584/4 440/504/4 517/585/4
f 517/585/4 440/504/4 442/506/4
f 517/585/4 442/506/4 481/547/4
f 481/547/4 442/506/4 436/500/4
f 481/547/4 436/500/4 478/544/4
f 478/544/4 436/500/4 438/502/4
f 433/497/7 537/606/30 434/498/7
f 537/606/30 433/497/7 531/600/30
f 461/527/22 448/514/23 447/513/23
f 448/514/23 461/527/22 492/558/22
f 440/504/26 538/607/21 439/503/26
f 538/607/21 440/504/26 536/605/21
f 533/602/5 540/609/32 539/608/5
f 540/609/32 533/602/5 532/601/32
f 527/596/112 485/551/6 484/550/6
f 485/551/6 527/596/112 541/610/112
f 468/534/3 523/591/3 467/533/3
f 523/591/3 468/534/3 522/590/3
f 505/571/3 475/541/34 504/570/34
f 475/541/34 505/571/3 477/543/3
f 482/548/22 542/611/23 528/597/23
f 542/611/23 482/548/22 483/549/22
f 520/588/5 523/591/5 521/589/5
f 523/591/5 520/588/5 543/612/5
f 543/612/5 520/588/5 544/613/5
f 464/530/5 523/591/5 543/612/5
f 523/591/5 464/530/5 467/533/5
f 451/517/10 545/614/10 452/518/10
f 545/614/10 451/517/10 546/615/10
f 547/616/115 546/615/10 451/517/10
f 548/617/115 546/615/10 547/616/115
f 546/615/10 548/617/115 549/618/10
f 534/603/20 539/608/5 550/619/20
f 539/608/5 534/603/20 533/602/5
f 530/599/28 552/621/27 551/620/28
f 552/621/27 530/599/28 529/598/27
f 531/600/30 510/578/33 537/606/30
f 510/578/33 531/600/30 512/580/33
f 515/583/41 481/547/42 480/546/42
f 481/547/42 515/583/41 517/585/41
f 504/570/34 473/539/37 502/568/37
f 473/539/37 504/570/34 475/541/34
f 553/622/116 464/530/6 543/612/116
f 464/530/6 553/622/116 466/532/6
f 513/581/10 554/623/36 511/579/10
f 554/623/36 513/581/10 535/604/36
f 535/604/36 514/582/16 554/623/36
f 514/582/16 535/604/36 516/584/16
f 548/617/1 487/553/117 549/618/117
f 487/553/117 548/617/1 486/552/1
f 486/552/1 548/617/1 555/624/1
f 555/624/1 548/617/1 556/625/1
f 555/624/1 556/625/1 506/572/1
f 555/624/1 506/572/1 557/626/1
f 557/626/1 506/572/1 558/627/1
f 558/627/1 506/572/1 507/573/1
f 541/610/1 483/549/1 485/551/1
f 483/549/1 541/610/1 432/496/1
f 483/549/1 432/496/1 542/611/1
f 542/611/1 432/496/1 434/498/1
f 542/611/1 434/498/1 552/621/1
f 552/621/1 434/498/1 537/606/1
f 552/621/1 537/606/1 551/620/1
f 551/620/1 537/606/1 545/614/1
f 545/614/1 537/606/1 510/578/1
f 490/556/1 551/620/1 545/614/1
f 551/620/1 490/556/1 540/609/1
f 545/614/1 510/578/1 452/518/1
f 540/609/1 490/556/1 450/516/1
f 452/518/1 510/578/1 511/579/1
f 452/518/1 511/579/1 554/623/1
f 540/609/1 450/516/1 539/608/1
f 452/518/1 554/623/1 514/582/1
f 452/518/1 514/582/1 450/516/1
f 539/608/1 450/516/1 550/619/1
f 550/619/1 450/516/1 538/607/1
f 538/607/1 450/516/1 514/582/1
f 538/607/1 514/582/1 515/583/1
f 538/607/1 515/583/1 439/503/1
f 439/503/1 515/583/1 480/546/1
f 439/503/1 480/546/1 441/505/1
f 441/505/1 480/546/1 479/545/1
f 441/505/1 479/545/1 435/499/1
f 435/499/1 479/545/1 437/501/1
f 528/597/23 552/621/27 529/598/27
f 552/621/27 528/597/23 542/611/23
f 559/629/5 557/626/118 558/627/5
f 557/626/118 559/629/5 560/631/118
f 488/554/4 451/517/4 449/515/4
f 451/517/4 488/554/4 547/616/4
f 547/616/4 488/554/4 561/632/4
f 547/616/4 561/632/4 562/633/4
f 562/633/4 561/632/4 508/575/4
f 508/575/4 561/632/4 560/631/4
f 508/575/4 560/631/4 559/629/4
f 508/575/4 559/629/4 509/576/4
f 532/601/32 551/620/28 540/609/32
f 551/620/28 532/601/32 530/599/28
f 431/495/25 541/610/112 527/596/112
f 541/610/112 431/495/25 432/496/25
f 536/605/21 550/619/20 538/607/21
f 550/619/20 536/605/21 534/603/20
f 463/529/7 423/487/30 495/561/7
f 423/487/30 463/529/7 425/489/30
f 456/522/36 497/563/16 454/520/36
f 497/563/16 456/522/36 470/536/16
f 471/537/26 498/564/21 500/566/26
f 498/564/21 471/537/26 469/535/21
f 563/634/118 519/587/114 525/593/118
f 519/587/114 563/634/118 518/586/114
f 544/613/119 553/622/116 543/612/116
f 553/622/116 544/613/119 564/635/119
f 502/568/37 471/537/26 500/566/26
f 471/537/26 502/568/37 473/539/37
f 549/618/117 489/555/120 546/615/121
f 489/555/120 549/618/117 487/553/117
f 488/554/113 555/624/114 561/632/114
f 555/624/114 488/554/113 486/552/113
f 499/565/41 474/540/42 501/567/42
f 474/540/42 499/565/41 472/538/41
f 465/531/32 429/493/28 496/562/32
f 429/493/28 465/531/32 430/494/28
f 426/490/33 453/519/10 424/488/33
f 453/519/10 426/490/33 455/521/10
f 553/622/10 468/534/10 466/532/10
f 468/534/10 553/622/10 522/590/10
f 522/590/10 553/622/10 524/592/115
f 524/592/115 553/622/10 565/636/115
f 565/636/115 553/622/10 564/635/10
f 545/614/6 489/555/120 490/556/6
f 489/555/120 545/614/6 546/615/120
f 422/486/5 496/562/32 420/484/5
f 496/562/32 422/486/5 465/531/32
f 470/536/16 499/565/41 497/563/16
f 499/565/41 470/536/16 472/538/41
f 565/636/115 457/523/110 524/592/115
f 457/523/110 565/636/115 458/524/110
f 503/569/39 477/543/3 505/571/3
f 477/543/3 503/569/39 476/542/39
f 520/588/4 564/635/119 544/613/119
f 564/635/119 520/588/4 565/636/4
f 565/636/4 520/588/4 518/586/4
f 565/636/4 518/586/4 458/524/4
f 458/524/4 518/586/4 445/510/4
f 445/510/4 518/586/4 563/634/4
f 445/510/4 563/634/4 566/637/4
f 445/510/4 566/637/4 446/511/4
f 501/567/42 476/542/39 503/569/39
f 476/542/39 501/567/42 474/540/42
f 556/625/110 508/575/111 506/572/111
f 508/575/111 556/625/110 562/633/110
f 435/499/34 442/506/37 441/505/37
f 442/506/37 435/499/34 436/500/34
f 459/525/6 493/559/112 491/557/6
f 493/559/112 459/525/6 460/526/112
f 463/529/7 494/560/25 462/528/25
f 494/560/25 463/529/7 495/561/7
f 566/637/5 525/593/118 526/594/5
f 525/593/118 566/637/5 563/634/118
f 560/631/118 555/624/114 557/626/118
f 555/624/114 560/631/118 561/632/114
f 469/535/21 419/483/20 498/564/21
f 419/483/20 469/535/21 421/485/20
f 547/616/115 556/625/110 548/617/115
f 556/625/110 547/616/115 562/633/110
f 569/642/122 568/640/123 567/639/124
f 568/640/123 569/642/122 570/643/125
f 573/648/122 572/647/4 571/645/4
f 572/647/4 573/648/122 574/650/122
f 577/654/26 576/652/26 575/651/26
f 576/652/26 577/654/26 578/655/26
f 581/660/26 580/658/26 579/657/26
f 580/658/26 581/660/26 582/661/26
f 585/666/122 584/664/123 583/663/124
f 584/664/123 585/666/122 586/667/125
f 587/669/26 571/645/26 572/647/26
f 571/645/26 587/669/26 588/670/26
f 589/672/122 579/657/4 580/658/4
f 579/657/4 589/672/122 590/674/122
f 593/678/4 592/676/4 591/675/4
f 594/679/4 592/676/4 593/678/4
f 594/679/4 595/681/4 592/676/4
f 595/681/4 594/679/4 596/683/4
f 597/685/4 596/683/4 594/679/4
f 599/689/1 568/640/123 598/687/1
f 568/640/123 599/689/1 567/639/123
f 599/689/26 601/691/26 600/690/26
f 601/691/26 599/689/26 598/687/26
f 603/694/41 574/650/41 602/693/41
f 574/650/41 603/694/41 572/647/41
f 572/647/41 603/694/41 587/669/41
f 587/669/41 603/694/41 600/690/41
f 600/690/41 603/694/41 599/689/41
f 585/666/41 587/669/41 600/690/41
f 587/669/41 585/666/41 583/663/41
f 599/689/41 603/694/41 604/695/41
f 569/642/41 599/689/41 604/695/41
f 599/689/41 569/642/41 567/639/41
f 604/695/41 603/694/41 605/696/41
f 605/696/41 603/694/41 579/657/41
f 590/674/41 605/696/41 579/657/41
f 605/696/41 590/674/41 606/697/41
f 579/657/41 603/694/41 581/660/41
f 581/660/41 603/694/41 575/651/41
f 607/698/41 581/660/41 575/651/41
f 581/660/41 607/698/41 608/699/41
f 575/651/41 603/694/41 577/654/41
f 593/678/41 577/654/41 603/694/41
f 591/675/41 577/654/41 593/678/41
f 577/654/41 591/675/41 609/700/41
f 610/701/122 575/651/4 576/652/4
f 575/651/4 610/701/122 607/698/122
f 586/667/122 600/690/4 601/691/4
f 600/690/4 586/667/122 585/666/122
f 607/698/122 611/703/123 608/699/124
f 611/703/123 607/698/122 610/701/125
f 591/675/26 612/705/123 609/700/124
f 612/705/123 591/675/26 592/676/26
f 581/660/1 611/703/123 582/661/1
f 611/703/123 581/660/1 608/699/123
f 615/711/1 614/709/1 613/707/1
f 614/709/1 615/711/1 616/713/1
f 614/709/1 616/713/1 617/715/1
f 617/715/1 616/713/1 603/694/1
f 617/715/1 603/694/1 602/693/1
f 590/674/122 618/717/123 606/697/124
f 618/717/123 590/674/122 589/672/125
f 596/683/10 615/711/10 613/707/10
f 615/711/10 596/683/10 597/685/10
f 577/654/1 612/705/123 578/655/1
f 612/705/123 577/654/1 609/700/123
f 570/643/122 604/695/4 619/719/4
f 604/695/4 570/643/122 569/642/126
f 587/669/1 584/664/123 588/670/1
f 584/664/123 587/669/1 583/663/123
f 574/650/122 617/715/26 602/693/26
f 617/715/26 574/650/122 573/648/125
f 605/696/26 619/719/26 604/695/26
f 619/719/26 605/696/26 620/721/26
f 605/696/1 618/717/123 620/721/1
f 618/717/123 605/696/1 606/697/123
f 586/668/27 588/671/27 584/665/27
f 601/692/27 588/671/27 586/668/27
f 595/682/27 588/671/27 601/692/27
f 595/682/27 601/692/27 598/688/27
f 595/682/27 571/646/27 588/671/27
f 614/710/27 571/646/27 595/682/27
f 571/646/27 614/710/27 617/716/27
f 571/646/27 617/716/27 573/649/27
f 595/682/27 598/688/27 619/720/27
f 619/720/27 598/688/27 570/644/27
f 570/644/27 598/688/27 568/641/27
f 595/682/27 619/720/27 620/722/27
f 595/682/27 620/722/27 580/659/27
f 580/659/27 620/722/27 589/673/27
f 589/673/27 620/722/27 618/718/27
f 595/682/27 580/659/27 582/662/27
f 595/682/27 582/662/27 576/653/27
f 576/653/27 582/662/27 610/702/27
f 610/702/27 582/662/27 611/704/27
f 595/682/27 576/653/27 578/656/27
f 595/682/27 578/656/27 592/677/27
f 592/677/27 578/656/27 612/706/27
f 566/638/6 596/684/6 446/512/6
f 446/512/6 596/684/6 444/509/6
f 566/638/6 595/682/6 596/684/6
f 595/682/6 566/638/6 614/710/6
f 613/708/6 444/509/6 596/684/6
f 614/710/6 566/638/6 559/630/6
f 526/595/6 559/630/6 566/638/6
f 558/628/6 614/710/6 559/630/6
f 614/710/6 558/628/6 613/708/6
f 559/630/6 526/595/6 509/577/6
f 509/577/6 526/595/6 444/509/6
f 613/708/6 558/628/6 507/574/6
f 509/577/6 444/509/6 507/574/6
f 613/708/6 507/574/6 444/509/6
f 615/712/3 594/680/127 616/714/127
f 594/680/127 615/712/3 597/686/3
f 616/714/127 622/724/41 621/723/41
f 622/724/41 616/714/127 594/680/127
f 625/729/128 624/727/129 623/725/130
f 624/727/129 625/729/128 626/730/129
f 629/734/131 628/733/132 627/731/132
f 628/733/132 629/734/131 630/736/131
f 633/739/133 632/738/134 631/737/133
f 632/738/134 633/739/133 634/741/134
f 634/741/134 635/743/135 632/738/134
f 635/743/135 634/741/134 636/744/135
f 639/748/136 638/747/137 637/746/136
f 638/747/137 639/748/136 640/750/137
f 643/755/138 642/753/139 641/752/139
f 642/753/139 643/755/138 644/756/138
f 645/758/140 644/756/138 643/755/138
f 644/756/138 645/758/140 646/759/140
f 649/763/141 648/762/142 647/761/141
f 648/762/142 649/763/141 650/765/142
f 629/734/131 637/746/143 630/736/131
f 637/746/143 629/734/131 639/748/143
f 650/765/142 631/737/144 648/762/142
f 631/737/144 650/765/142 633/739/144
f 651/767/145 635/743/146 636/744/146
f 635/743/146 651/767/145 652/769/145
f 637/746/1 628/733/1 630/736/1
f 628/733/1 637/746/1 638/747/1
f 628/733/1 638/747/1 652/769/1
f 652/769/1 638/747/1 635/743/1
f 635/743/1 638/747/1 653/770/1
f 635/743/1 653/770/1 654/771/1
f 635/743/1 654/771/1 632/738/1
f 632/738/1 654/771/1 655/772/1
f 632/738/1 655/772/1 631/737/1
f 631/737/1 655/772/1 656/773/1
f 631/737/1 656/773/1 648/762/1
f 648/762/1 656/773/1 657/774/1
f 648/762/1 657/774/1 647/761/1
f 647/761/1 657/774/1 658/775/1
f 647/761/1 658/775/1 659/776/1
f 659/776/1 658/775/1 645/758/1
f 659/776/1 645/758/1 660/777/1
f 660/777/1 645/758/1 643/755/1
f 660/777/1 643/755/1 661/778/1
f 661/778/1 643/755/1 641/752/1
f 661/778/1 641/752/1 625/729/1
f 625/729/1 641/752/1 626/730/1
f 662/779/147 647/761/148 659/776/147
f 647/761/148 662/779/147 649/763/148
f 663/781/149 659/776/147 660/777/149
f 659/776/147 663/781/149 662/779/147
f 656/773/150 664/783/151 657/774/151
f 664/783/151 656/773/150 665/785/150
f 660/777/152 666/787/153 663/781/152
f 666/787/153 660/777/152 661/778/153
f 653/770/154 667/789/155 654/771/155
f 667/789/155 653/770/154 668/791/154
f 655/772/156 665/785/150 656/773/150
f 665/785/150 655/772/156 669/793/156
f 661/778/153 623/725/128 666/787/153
f 623/725/128 661/778/153 625/729/128
f 654/771/155 669/793/157 655/772/157
f 669/793/157 654/771/155 667/789/155
f 658/775/158 646/759/159 645/758/159
f 646/759/159 658/775/158 670/795/158
f 657/774/160 670/795/158 658/775/158
f 670/795/158 657/774/160 664/783/160
f 641/752/139 624/727/129 626/730/129
f 624/727/129 641/752/139 642/753/161
f 640/750/137 653/770/162 638/747/137
f 653/770/162 640/750/137 668/791/162
f 627/731/163 652/769/145 651/767/145
f 652/769/145 627/731/163 628/733/163
f 673/799/164 672/798/165 671/797/165
f 672/798/165 673/799/164 674/800/164
f 677/803/166 676/802/167 675/801/166
f 676/802/167 677/803/166 678/804/167
f 671/797/165 680/806/168 679/805/168
f 680/806/168 671/797/165 672/798/165
f 683/809/169 682/808/170 681/807/169
f 682/808/170 683/809/169 684/810/170
f 685/811/1 672/798/1 674/800/1
f 672/798/1 685/811/1 686/812/1
f 672/798/1 686/812/1 680/806/1
f 680/806/1 686/812/1 687/813/1
f 680/806/1 687/813/1 688/814/1
f 688/814/1 687/813/1 684/810/1
f 688/814/1 684/810/1 629/735/1
f 629/735/1 689/815/1 688/814/1
f 629/735/171 684/810/171 639/749/171
f 639/749/1 684/810/1 640/751/1
f 640/751/1 684/810/1 668/792/1
f 689/815/172 629/735/172 627/732/172
f 689/815/1 627/732/1 651/768/1
f 689/815/1 651/768/1 636/745/1
f 668/792/1 684/810/1 683/809/1
f 668/792/1 683/809/1 667/790/1
f 667/790/1 683/809/1 669/794/1
f 669/794/1 683/809/1 690/816/1
f 669/794/1 690/816/1 665/786/1
f 689/815/1 636/745/1 691/817/1
f 691/817/1 636/745/1 634/742/1
f 691/817/1 634/742/1 633/740/1
f 665/786/1 690/816/1 692/818/1
f 665/786/1 692/818/1 664/784/1
f 664/784/1 692/818/1 670/796/1
f 691/817/1 633/740/1 693/819/1
f 693/819/1 633/740/1 650/766/1
f 693/819/1 650/766/1 649/764/1
f 693/819/1 649/764/1 694/820/1
f 694/820/1 649/764/1 662/780/1
f 670/796/1 692/818/1 695/821/1
f 670/796/1 695/821/1 646/760/1
f 646/760/1 695/821/1 644/757/1
f 694/820/1 662/780/1 696/822/1
f 696/822/1 662/780/1 663/782/1
f 696/822/1 663/782/1 666/788/1
f 644/757/1 695/821/1 697/823/1
f 696/822/1 666/788/1 677/803/1
f 644/757/1 697/823/1 642/754/1
f 677/803/1 666/788/1 623/726/1
f 642/754/1 697/823/1 624/728/1
f 677/803/1 623/726/1 624/728/1
f 677/803/1 624/728/1 697/823/1
f 677/803/1 697/823/1 698/824/1
f 677/803/1 698/824/1 678/804/1
f 678/804/1 698/824/1 699/825/1
f 678/804/1 699/825/1 700/826/1
f 700/826/1 699/825/1 701/827/1
f 700/826/173 703/829/174 702/828/173
f 703/829/174 700/826/173 701/827/174
f 699/825/175 703/829/174 701/827/174
f 703/829/174 699/825/175 704/830/175
f 705/831/176 674/800/164 673/799/164
f 674/800/164 705/831/176 685/811/176
f 707/833/177 696/822/178 706/832/178
f 696/822/178 707/833/177 694/820/177
f 708/834/179 687/813/180 686/812/181
f 687/813/180 708/834/179 709/835/180
f 679/805/168 688/814/182 710/836/182
f 688/814/182 679/805/168 680/806/168
f 711/837/183 694/820/177 707/833/177
f 694/820/177 711/837/183 693/819/183
f 713/839/184 691/817/185 712/838/185
f 691/817/185 713/839/184 689/815/184
f 678/804/167 702/828/173 676/802/167
f 702/828/173 678/804/167 700/826/173
f 706/832/178 677/803/166 675/801/166
f 677/803/166 706/832/178 696/822/178
f 710/836/182 689/815/186 713/839/184
f 689/815/184 710/836/182 688/814/182
f 697/823/187 715/841/188 714/840/187
f 715/841/189 697/823/187 695/821/189
f 695/821/188 716/842/190 715/841/188
f 716/842/190 695/821/188 692/818/190
f 712/838/185 693/819/183 711/837/183
f 693/819/183 712/838/185 691/817/185
f 684/810/191 709/835/180 682/808/191
f 709/835/180 684/810/191 687/813/180
f 697/823/187 717/843/192 698/824/192
f 717/843/192 697/823/187 714/840/187
f 690/816/193 681/807/169 718/844/193
f 681/807/169 690/816/193 683/809/169
f 698/824/192 704/830/175 699/825/175
f 704/830/175 698/824/192 717/843/192
f 692/818/190 718/844/193 716/842/190
f 718/844/193 692/818/190 690/816/193
f 705/831/176 686/812/179 685/811/176
f 686/812/179 705/831/176 708/834/179
f 766/892/1 764/890/1 765/891/1
f 763/889/1 765/891/1 764/890/1
f 762/888/1 763/889/1 764/890/1
f 759/885/1 763/889/1 762/888/1
f 760/886/1 759/885/1 762/888/1
f 761/887/1 759/885/1 760/886/1
f 761/887/1 755/881/1 759/885/1
f 758/884/1 761/887/1 760/886/1
f 756/882/1 758/884/1 760/886/1
f 753/879/1 759/885/1 755/881/1
f 757/883/1 758/884/1 756/882/1
f 752/878/1 757/883/1 756/882/1
f 750/876/1 752/878/1 756/882/1
f 754/880/1 753/879/1 755/881/1
f 749/875/1 753/879/1 754/880/1
f 747/873/1 753/879/1 749/875/1
f 751/877/1 752/878/1 750/876/1
f 746/872/1 751/877/1 750/876/1
f 745/871/1 746/872/1 750/876/1
f 748/874/1 747/873/1 749/875/1
f 741/867/1 747/873/1 748/874/1
f 740/866/1 747/873/1 741/867/1
f 744/870/1 746/872/1 745/871/1
f 742/868/1 744/870/1 745/871/1
f 743/869/1 744/870/1 742/868/1
f 736/862/1 743/869/1 742/868/1
f 734/860/1 736/862/1 742/868/1
f 739/865/1 740/866/1 741/867/1
f 737/863/1 740/866/1 739/865/1
f 738/864/1 737/863/1 739/865/1
f 733/859/1 737/863/1 738/864/1
f 732/858/1 737/863/1 733/859/1
f 735/861/1 736/862/1 734/860/1
f 728/854/1 735/861/1 734/860/1
f 724/850/1 728/854/1 734/860/1
f 731/857/1 732/858/1 733/859/1
f 726/852/1 732/858/1 731/857/1
f 730/856/1 726/852/1 731/857/1
f 729/855/1 726/852/1 730/856/1
f 725/851/1 726/852/1 729/855/1
f 727/853/1 728/854/1 724/850/1
f 725/851/1 727/853/1 724/850/1
f 723/849/1 726/852/1 725/851/1
f 724/850/1 723/849/1 725/851/1
f 722/848/1 723/849/1 724/850/1
f 720/846/1 723/849/1 722/848/1
f 721/847/1 720/846/1 722/848/1
f 719/845/1 720/846/1 721/847/1
f 769/895/194 768/894/195 767/893/196
f 768/894/195 769/895/194 770/896/197
f 773/899/198 772/898/199 771/897/200
f 772/898/199 773/899/198 774/900/201
f 777/903/202 776/902/203 775/901/204
f 776/902/203 777/903/205 778/904/206
f 781/907/207 780/906/208 779/905/209
f 780/906/208 781/907/210 782/908/211
f 785/911/212 784/910/213 783/909/214
f 784/910/213 785/911/212 786/912/215
f 788/914/216 787/913/217 774/900/218
f 787/913/217 788/914/219 789/915/220
f 791/917/221 790/916/222 770/896/223
f 790/916/224 791/917/221 792/918/225
f 793/919/226 770/896/223 769/895/194
f 770/896/227 793/919/226 791/917/221
f 796/922/228 795/921/229 794/920/230
f 795/921/229 796/922/228 797/923/231
f 799/925/232 767/893/196 798/924/233
f 767/893/196 799/925/232 769/895/234
f 778/904/235 801/927/236 800/926/237
f 801/927/238 778/904/235 802/928/239
f 805/931/240 804/930/241 803/929/242
f 804/930/241 805/931/240 806/932/243
f 779/905/209 807/933/244 795/921/245
f 807/933/246 779/905/209 780/906/208
f 810/936/247 809/935/248 808/934/249
f 809/935/248 810/936/247 811/937/250
f 812/938/251 774/900/218 773/899/252
f 774/900/218 812/938/251 788/914/253
f 814/940/254 810/936/255 813/939/256
f 810/936/255 814/940/257 815/941/258
f 778/904/206 816/942/259 776/902/260
f 816/942/259 778/904/206 800/926/261
f 819/945/262 818/944/263 817/943/264
f 818/944/263 819/945/262 820/946/265
f 807/933/246 822/948/266 821/947/267
f 822/948/266 807/933/244 823/949/268
f 776/902/203 824/950/269 815/941/270
f 824/950/269 776/902/203 816/942/259
f 789/915/220 825/951/271 787/913/217
f 825/951/271 789/915/220 826/952/272
f 782/908/211 827/953/273 780/906/208
f 827/953/273 782/908/211 828/954/274
f 780/906/208 823/949/268 807/933/246
f 823/949/268 780/906/208 827/953/273
f 830/956/275 829/955/276 786/912/215
f 829/955/276 830/956/275 831/957/277
f 832/958/278 789/915/220 788/914/216
f 789/915/220 832/958/278 833/959/279
f 834/960/280 791/917/221 793/919/226
f 791/917/221 834/960/280 835/961/281
f 833/959/279 826/952/272 789/915/220
f 826/952/272 833/959/279 836/962/282
f 792/918/225 808/934/283 790/916/222
f 808/934/283 792/918/225 837/963/284
f 784/910/213 818/944/285 820/946/265
f 818/944/285 784/910/213 838/964/286
f 839/965/287 775/901/204 814/940/288
f 775/901/204 839/965/287 840/966/289
f 772/898/199 786/912/290 785/911/291
f 786/912/215 772/898/199 830/956/275
f 841/967/292 813/939/256 837/963/284
f 813/939/256 841/967/292 842/968/293
f 843/969/294 775/901/204 840/966/289
f 775/901/204 843/969/294 777/903/202
f 774/900/218 830/956/275 772/898/199
f 830/956/275 774/900/295 787/913/217
f 794/920/296 844/970/297 805/931/240
f 844/970/297 794/920/296 821/947/267
f 846/972/298 845/971/299 844/970/297
f 845/971/299 846/972/298 847/973/300
f 842/968/293 814/940/288 813/939/301
f 814/940/254 842/968/293 839/965/287
f 795/921/229 821/947/267 794/920/302
f 821/947/267 795/921/229 807/933/246
f 848/974/303 777/903/304 843/969/294
f 777/903/202 848/974/303 849/975/305
f 787/913/217 831/957/277 830/956/306
f 831/957/277 787/913/217 825/951/271
f 786/912/215 838/964/286 784/910/213
f 838/964/286 786/912/290 829/955/276
f 836/962/307 849/975/308 848/974/303
f 849/975/308 836/962/307 833/959/279
f 782/908/309 817/943/264 828/954/274
f 817/943/264 782/908/211 819/945/262
f 790/916/222 809/935/248 850/976/310
f 809/935/248 790/916/222 808/934/249
f 775/901/204 815/941/311 814/940/288
f 815/941/258 775/901/204 776/902/203
f 852/978/312 793/919/226 851/977/313
f 793/919/226 852/978/312 834/960/280
f 835/961/281 792/918/225 791/917/221
f 792/918/225 835/961/281 853/979/314
f 851/977/315 769/895/194 799/925/232
f 769/895/194 851/977/313 793/919/226
f 770/896/316 850/976/317 768/894/318
f 850/976/317 770/896/223 790/916/319
f 833/959/279 802/928/239 849/975/308
f 802/928/239 833/959/279 832/958/278
f 856/982/320 855/981/321 854/980/322
f 855/981/321 856/982/320 857/983/323
f 858/984/324 857/983/325 856/982/320
f 857/983/325 858/984/324 783/909/326
f 771/897/200 785/911/291 859/985/327
f 785/911/291 771/897/200 772/898/328
f 806/932/329 798/924/330 804/930/331
f 798/924/330 806/932/329 799/925/332
f 839/965/4 843/969/4 840/966/4
f 843/969/4 839/965/4 842/968/4
f 843/969/4 842/968/4 848/974/4
f 848/974/4 842/968/4 841/967/4
f 848/974/4 841/967/4 836/962/4
f 836/962/4 841/967/4 853/979/4
f 836/962/4 853/979/4 826/952/4
f 826/952/4 853/979/4 835/961/4
f 826/952/4 835/961/4 825/951/4
f 825/951/4 835/961/4 834/960/4
f 825/951/4 834/960/4 831/957/4
f 831/957/4 834/960/4 852/978/4
f 831/957/4 852/978/4 829/955/4
f 829/955/4 852/978/4 847/973/4
f 829/955/4 847/973/4 838/964/4
f 838/964/4 847/973/4 846/972/4
f 838/964/4 846/972/4 818/944/4
f 818/944/4 846/972/4 822/948/4
f 818/944/4 822/948/4 817/943/4
f 817/943/4 822/948/4 823/949/4
f 817/943/4 823/949/4 828/954/4
f 828/954/4 823/949/4 827/953/4
f 853/979/314 837/963/284 792/918/225
f 837/963/284 853/979/314 841/967/333
f 847/973/300 851/977/313 845/971/299
f 851/977/315 847/973/300 852/978/312
f 802/928/239 860/986/334 801/927/236
f 860/986/334 802/928/239 832/958/335
f 821/947/267 846/972/336 844/970/297
f 846/972/336 821/947/267 822/948/266
f 813/939/256 808/934/283 837/963/284
f 808/934/283 813/939/256 810/936/247
f 859/985/337 783/909/338 858/984/339
f 783/909/338 859/985/337 785/911/340
f 857/983/325 819/945/262 855/981/321
f 819/945/262 857/983/325 820/946/265
f 862/988/341 779/905/209 861/987/342
f 779/905/209 862/988/341 781/907/343
f 783/909/214 820/946/265 857/983/325
f 820/946/265 783/909/214 784/910/213
f 803/929/242 794/920/296 805/931/344
f 794/920/296 803/929/242 796/922/345
f 797/923/346 779/905/209 795/921/347
f 779/905/209 797/923/346 861/987/342
f 860/986/334 788/914/216 812/938/348
f 788/914/216 860/986/334 832/958/335
f 855/981/321 782/908/211 781/907/207
f 782/908/211 855/981/349 819/945/262
f 815/941/258 811/937/350 810/936/247
f 811/937/250 815/941/258 824/950/351
f 800/926/1 824/950/1 816/942/1
f 824/950/1 800/926/1 801/927/1
f 824/950/1 801/927/1 811/937/1
f 811/937/1 801/927/1 860/986/1
f 811/937/1 860/986/1 863/989/1
f 863/989/1 809/935/1 811/937/1
f 863/989/1 860/986/1 864/990/1
f 809/935/1 863/989/1 865/991/1
f 864/990/1 860/986/1 866/992/1
f 809/935/1 865/991/1 867/993/1
f 866/992/1 860/986/1 812/938/1
f 866/992/1 812/938/1 868/994/1
f 868/994/1 812/938/1 869/995/1
f 869/995/1 812/938/1 773/899/1
f 869/995/1 773/899/1 870/996/1
f 870/996/1 773/899/1 771/897/1
f 870/996/1 771/897/1 871/997/1
f 809/935/1 867/993/1 850/976/1
f 850/976/1 867/993/1 872/998/1
f 850/976/1 872/998/1 873/999/1
f 850/976/1 873/999/1 768/894/1
f 768/894/1 873/999/1 874/1000/1
f 871/997/1 771/897/1 859/985/1
f 871/997/1 859/985/1 875/1001/1
f 875/1001/1 859/985/1 876/1002/1
f 876/1002/1 859/985/1 858/984/1
f 876/1002/1 858/984/1 877/1003/1
f 768/894/1 874/1000/1 767/893/1
f 767/893/1 874/1000/1 878/1004/1
f 767/893/1 878/1004/1 879/1005/1
f 767/893/1 879/1005/1 798/924/1
f 798/924/1 879/1005/1 880/1006/1
f 798/924/1 880/1006/1 804/930/1
f 804/930/1 880/1006/1 881/1007/1
f 877/1003/1 858/984/1 856/982/1
f 877/1003/1 856/982/1 882/1008/1
f 882/1008/1 856/982/1 883/1009/1
f 804/930/1 881/1007/1 803/929/1
f 803/929/1 881/1007/1 884/1010/1
f 803/929/1 884/1010/1 885/1011/1
f 883/1009/1 856/982/1 854/980/1
f 803/929/1 885/1011/1 796/922/1
f 883/1009/1 854/980/1 886/1012/1
f 796/922/1 885/1011/1 886/1012/1
f 796/922/1 886/1012/1 854/980/1
f 796/922/1 854/980/1 862/988/1
f 796/922/1 862/988/1 797/923/1
f 797/923/1 862/988/1 861/987/1
f 845/971/352 799/925/353 806/932/354
f 799/925/353 845/971/299 851/977/313
f 849/975/308 778/904/235 777/903/202
f 778/904/206 849/975/308 802/928/355
f 854/980/322 781/907/356 862/988/357
f 781/907/207 854/980/322 855/981/358
f 844/970/297 806/932/354 805/931/240
f 806/932/354 844/970/297 845/971/299
f 889/1015/359 888/1014/360 887/1013/360
f 888/1014/361 889/1015/359 890/1016/359
f 893/1019/362 892/1018/363 891/1017/363
f 892/1018/363 893/1019/362 894/1020/362
f 897/1023/364 896/1022/365 895/1021/364
f 896/1022/365 897/1023/364 898/1024/365
f 901/1027/366 900/1026/367 899/1025/366
f 900/1026/367 901/1027/366 902/1028/367
f 905/1031/368 904/1030/369 903/1029/368
f 904/1030/369 905/1031/368 906/1032/369
f 909/1035/370 908/1034/371 907/1033/370
f 908/1034/371 909/1035/370 910/1036/371
f 912/1038/372 895/1021/364 911/1037/372
f 895/1021/364 912/1038/372 897/1023/364
f 891/1017/363 914/1040/373 913/1039/373
f 914/1040/373 891/1017/363 892/1018/363
f 909/1035/370 894/1020/374 893/1019/374
f 894/1020/374 909/1035/370 907/1033/370
f 916/1042/375 914/1040/373 915/1041/375
f 914/1040/373 916/1042/375 913/1039/373
f 919/1045/376 918/1044/377 917/1043/376
f 918/1044/377 919/1045/376 920/1046/377
f 888/1014/360 921/1047/378 887/1013/360
f 921/1047/378 888/1014/360 922/1048/378
f 910/1036/379 923/1049/380 908/1034/379
f 923/1049/380 910/1036/379 924/1050/380
f 924/1050/380 889/1015/359 923/1049/380
f 889/1015/359 924/1050/381 890/1016/359
f 927/1053/382 926/1052/383 925/1051/383
f 926/1052/383 927/1053/382 928/1054/382
f 922/1048/384 902/1028/367 921/1047/384
f 902/1028/367 922/1048/384 900/1026/367
f 929/1055/385 919/1045/376 917/1043/376
f 919/1045/376 929/1055/385 930/1056/385
f 918/1044/386 912/1038/372 911/1037/372
f 912/1038/372 918/1044/386 920/1046/386
f 932/1058/387 899/1025/388 931/1057/387
f 899/1025/388 932/1058/387 901/1027/388
f 925/1051/383 930/1056/389 929/1055/389
f 930/1056/389 925/1051/383 926/1052/383
f 906/1032/390 915/1041/375 904/1030/390
f 915/1041/375 906/1032/390 916/1042/375
f 927/1053/382 931/1057/387 928/1054/382
f 931/1057/387 927/1053/382 932/1058/387
f 931/1057/1 926/1052/1 928/1054/1
f 926/1052/1 931/1057/1 899/1025/1
f 926/1052/1 899/1025/1 930/1056/1
f 930/1056/1 899/1025/1 900/1026/1
f 930/1056/1 900/1026/1 919/1045/1
f 919/1045/1 900/1026/1 922/1048/1
f 919/1045/1 922/1048/1 920/1046/1
f 920/1046/1 922/1048/1 888/1014/1
f 920/1046/1 888/1014/1 912/1038/1
f 912/1038/1 888/1014/1 890/1016/1
f 912/1038/1 890/1016/1 897/1023/1
f 897/1023/1 890/1016/1 924/1050/1
f 897/1023/1 924/1050/1 898/1024/1
f 898/1024/1 924/1050/1 910/1036/1
f 898/1024/1 910/1036/1 933/1059/1
f 933/1059/1 910/1036/1 909/1035/1
f 933/1059/1 909/1035/1 905/1031/1
f 905/1031/1 909/1035/1 893/1019/1
f 905/1031/1 893/1019/1 906/1032/1
f 906/1032/1 893/1019/1 891/1017/1
f 906/1032/1 891/1017/1 916/1042/1
f 916/1042/1 891/1017/1 913/1039/1
f 896/1022/365 933/1059/391 934/1060/391
f 933/1059/391 896/1022/365 898/1024/365
f 933/1059/392 903/1029/368 934/1060/392
f 903/1029/368 933/1059/392 905/1031/368
f 982/1108/1 980/1106/1 981/1107/1
f 981/1107/1 980/1106/1 979/1105/1
f 980/1106/1 978/1104/1 979/1105/1
f 979/1105/1 978/1104/1 974/1100/1
f 978/1104/1 973/1099/1 974/1100/1
f 973/1099/1 977/1103/1 974/1100/1
f 977/1103/1 976/1102/1 974/1100/1
f 977/1103/1 973/1099/1 975/1101/1
f 976/1102/1 972/1098/1 974/1100/1
f 975/1101/1 973/1099/1 969/1095/1
f 974/1100/1 972/1098/1 970/1096/1
f 973/1099/1 967/1093/1 969/1095/1
f 972/1098/1 971/1097/1 970/1096/1
f 971/1097/1 966/1092/1 970/1096/1
f 970/1096/1 966/1092/1 965/1091/1
f 969/1095/1 967/1093/1 968/1094/1
f 968/1094/1 967/1093/1 961/1087/1
f 967/1093/1 959/1085/1 961/1087/1
f 966/1092/1 964/1090/1 965/1091/1
f 965/1091/1 964/1090/1 962/1088/1
f 964/1090/1 963/1089/1 962/1088/1
f 963/1089/1 958/1084/1 962/1088/1
f 962/1088/1 958/1084/1 956/1082/1
f 961/1087/1 959/1085/1 960/1086/1
f 960/1086/1 959/1085/1 955/1081/1
f 959/1085/1 954/1080/1 955/1081/1
f 958/1084/1 957/1083/1 956/1082/1
f 957/1083/1 950/1076/1 956/1082/1
f 956/1082/1 950/1076/1 948/1074/1
f 955/1081/1 954/1080/1 953/1079/1
f 954/1080/1 951/1077/1 953/1079/1
f 953/1079/1 951/1077/1 952/1078/1
f 952/1078/1 951/1077/1 947/1073/1
f 951/1077/1 945/1071/1 947/1073/1
f 950/1076/1 949/1075/1 948/1074/1
f 949/1075/1 944/1070/1 948/1074/1
f 948/1074/1 944/1070/1 941/1067/1
f 947/1073/1 945/1071/1 946/1072/1
f 946/1072/1 945/1071/1 943/1069/1
f 945/1071/1 940/1066/1 943/1069/1
f 944/1070/1 942/1068/1 941/1067/1
f 942/1068/1 943/1069/1 940/1066/1
f 942/1068/1 940/1066/1 941/1067/1
f 941/1067/1 940/1066/1 939/1065/1
f 940/1066/1 938/1064/1 939/1065/1
f 939/1065/1 938/1064/1 936/1062/1
f 938/1064/1 937/1063/1 936/1062/1
f 935/1061/1 936/1062/1 937/1063/1
f 985/1111/393 984/1110/224 983/1109/223
f 984/1110/224 985/1111/393 986/1112/394
f 989/1115/210 988/1114/395 987/1113/209
f 988/1114/395 989/1115/210 990/1116/396
f 993/1119/4 992/1118/4 991/1117/4
f 992/1118/4 993/1119/4 994/1120/4
f 992/1118/4 994/1120/4 995/1121/4
f 995/1121/4 994/1120/4 996/1122/4
f 995/1121/4 996/1122/4 997/1123/4
f 997/1123/4 996/1122/4 998/1124/4
f 997/1123/4 998/1124/4 999/1125/4
f 999/1125/4 998/1124/4 1000/1126/4
f 999/1125/4 1000/1126/4 1001/1127/4
f 1001/1127/4 1000/1126/4 1002/1128/4
f 1001/1127/4 1002/1128/4 1003/1129/4
f 1003/1129/4 1002/1128/4 1004/1130/4
f 1003/1129/4 1004/1130/4 1005/1131/4
f 1005/1131/4 1004/1130/4 1006/1132/4
f 1005/1131/4 1006/1132/4 1007/1133/4
f 1007/1133/4 1006/1132/4 1008/1134/4
f 1007/1133/4 1008/1134/4 1009/1135/4
f 1009/1135/4 1008/1134/4 1010/1136/4
f 1009/1135/4 1010/1136/4 1011/1137/4
f 1011/1137/4 1010/1136/4 1012/1138/4
f 1011/1137/4 1012/1138/4 1013/1139/4
f 1013/1139/4 1012/1138/4 1014/1140/4
f 1017/1143/194 1016/1142/195 1015/1141/196
f 1016/1142/195 1017/1143/194 983/1109/197
f 1019/1145/397 1003/1129/398 1018/1144/399
f 1003/1129/398 1019/1145/397 1001/1127/400
f 1021/1147/401 1008/1134/402 1020/1146/403
f 1008/1134/404 1021/1147/405 1010/1136/406
f 998/1124/407 1022/1148/408 986/1112/409
f 1022/1148/408 998/1124/407 996/1122/410
f 1024/1150/411 1009/1135/412 1023/1149/413
f 1009/1135/414 1024/1150/411 1007/1133/415
f 1025/1151/416 1010/1136/406 1021/1147/405
f 1010/1136/406 1025/1151/417 1012/1138/418
f 995/1121/419 1026/1152/420 992/1118/421
f 1026/1152/420 995/1121/419 1027/1153/422
f 1030/1156/235 1029/1155/238 1028/1154/237
f 1029/1155/238 1030/1156/235 1031/1157/355
f 1006/1132/423 1033/1159/424 1032/1158/425
f 1033/1159/424 1006/1132/423 1004/1130/426
f 1035/1161/427 1034/1160/283 1022/1148/408
f 1034/1160/283 1035/1161/427 1036/1162/247
f 1039/1165/228 1038/1164/229 1037/1163/230
f 1038/1164/229 1039/1165/228 1040/1166/231
f 1042/1168/428 999/1125/429 1041/1167/430
f 999/1125/429 1042/1168/428 997/1123/431
f 1002/1128/432 985/1111/393 1043/1169/433
f 985/1111/393 1002/1128/432 1000/1126/434
f 1004/1130/426 1043/1169/435 1033/1159/436
f 1043/1169/435 1004/1130/426 1002/1128/432
f 993/1119/437 1045/1171/438 1044/1170/439
f 1045/1171/438 993/1119/437 991/1117/440
f 997/1123/441 1027/1153/442 995/1121/419
f 1027/1153/442 997/1123/431 1042/1168/443
f 994/1120/444 1044/1170/445 1035/1161/446
f 1044/1170/445 994/1120/444 993/1119/447
f 1048/1174/198 1047/1173/199 1046/1172/200
f 1047/1173/199 1048/1174/198 1049/1175/201
f 992/1118/448 1045/1171/438 991/1117/440
f 1045/1171/438 992/1118/448 1026/1152/449
f 990/1116/396 1014/1140/450 988/1114/451
f 1014/1140/450 990/1116/452 1013/1139/453
f 1031/1157/239 1050/1176/334 1029/1155/236
f 1050/1176/334 1031/1157/239 1051/1177/335
f 996/1122/410 1035/1161/427 1022/1148/454
f 1035/1161/427 996/1122/455 994/1120/444
f 1053/1179/258 1052/1178/350 1036/1162/255
f 1052/1178/350 1053/1179/258 1054/1180/351
f 1018/1144/456 1005/1131/457 1055/1181/458
f 1005/1131/457 1018/1144/456 1003/1129/398
f 1055/1181/459 1007/1133/415 1024/1150/460
f 1007/1133/415 1055/1181/459 1005/1131/457
f 1056/1182/461 1009/1135/462 1011/1137/463
f 1009/1135/412 1056/1182/464 1023/1149/413
f 1041/1167/465 1001/1127/400 1019/1145/466
f 1001/1127/467 1041/1167/465 999/1125/429
f 1057/1183/219 1019/1145/397 1049/1175/218
f 1019/1145/397 1057/1183/216 1041/1167/465
f 1058/1184/203 1054/1180/269 1053/1179/270
f 1054/1180/269 1058/1184/203 1059/1185/259
f 1061/1187/325 1056/1182/464 1060/1186/321
f 1056/1182/464 1061/1187/325 1023/1149/468
f 1040/1166/346 987/1113/209 1038/1164/347
f 987/1113/209 1040/1166/346 1062/1188/342
f 1033/1159/424 1017/1143/194 1063/1189/232
f 1017/1143/194 1033/1159/424 1043/1169/435
f 1000/1126/434 986/1112/394 985/1111/469
f 986/1112/394 1000/1126/470 998/1124/407
f 1066/1192/240 1065/1191/241 1064/1190/242
f 1065/1191/241 1066/1192/240 1067/1193/243
f 1045/1171/438 1053/1179/311 1044/1170/445
f 1053/1179/311 1045/1171/438 1058/1184/203
f 1063/1189/232 1015/1141/196 1068/1194/233
f 1015/1141/196 1063/1189/232 1017/1143/234
f 988/1114/395 1012/1138/471 1025/1151/417
f 1012/1138/471 988/1114/395 1014/1140/450
f 1060/1186/349 990/1116/396 989/1115/207
f 990/1116/396 1060/1186/349 1056/1182/464
f 1070/1196/324 1061/1187/325 1069/1195/320
f 1061/1187/325 1070/1196/324 1071/1197/326
f 990/1116/452 1011/1137/463 1013/1139/472
f 1011/1137/463 990/1116/396 1056/1182/461
f 1051/1177/278 1041/1167/465 1057/1183/216
f 1041/1167/465 1051/1177/278 1042/1168/428
f 986/1112/394 1034/1160/283 984/1110/222
f 1034/1160/283 986/1112/394 1022/1148/408
f 987/1113/209 1025/1151/416 1038/1164/245
f 1025/1151/416 987/1113/209 988/1114/395
f 1073/1199/322 989/1115/207 1072/1198/357
f 989/1115/207 1073/1199/322 1060/1186/358
f 1044/1170/445 1036/1162/473 1035/1161/427
f 1036/1162/473 1044/1170/445 1053/1179/258
f 1067/1193/329 1068/1194/330 1065/1191/331
f 1068/1194/330 1067/1193/329 1063/1189/332
f 1074/1200/251 1049/1175/218 1048/1174/252
f 1049/1175/218 1074/1200/251 1057/1183/253
f 1036/1162/247 1075/1201/248 1034/1160/249
f 1075/1201/248 1036/1162/247 1052/1178/250
f 1076/1202/337 1071/1197/338 1070/1196/339
f 1071/1197/338 1076/1202/337 1077/1203/340
f 1069/1195/320 1060/1186/321 1073/1199/474
f 1060/1186/321 1069/1195/320 1061/1187/323
f 1032/1158/475 1063/1189/353 1067/1193/354
f 1063/1189/353 1032/1158/475 1033/1159/424
f 1072/1198/341 987/1113/209 1062/1188/342
f 987/1113/209 1072/1198/341 989/1115/343
f 1038/1164/229 1021/1147/401 1037/1163/296
f 1021/1147/401 1038/1164/229 1025/1151/416
f 1046/1172/200 1077/1203/291 1076/1202/327
f 1077/1203/291 1046/1172/200 1047/1173/328
f 1071/1197/214 1023/1149/468 1061/1187/325
f 1023/1149/468 1071/1197/214 1024/1150/411
f 1030/1156/206 1059/1185/259 1058/1184/260
f 1059/1185/259 1030/1156/206 1028/1154/261
f 984/1110/222 1075/1201/248 1078/1204/310
f 1075/1201/248 984/1110/222 1034/1160/249
f 1064/1190/242 1037/1163/296 1066/1192/344
f 1037/1163/296 1064/1190/242 1039/1165/345
f 1020/1146/476 1067/1193/354 1066/1192/240
f 1067/1193/354 1020/1146/476 1032/1158/475
f 1049/1175/295 1018/1144/456 1047/1173/199
f 1018/1144/456 1049/1175/295 1019/1145/397
f 1043/1169/435 983/1109/227 1017/1143/194
f 983/1109/227 1043/1169/435 985/1111/393
f 1028/1154/1 1054/1180/1 1059/1185/1
f 1054/1180/1 1028/1154/1 1029/1155/1
f 1054/1180/1 1029/1155/1 1052/1178/1
f 1052/1178/1 1029/1155/1 1050/1176/1
f 1052/1178/1 1050/1176/1 1075/1201/1
f 1075/1201/1 1050/1176/1 1079/1205/1
f 1079/1205/1 1050/1176/1 1080/1206/1
f 1081/1207/1 1075/1201/1 1079/1205/1
f 1080/1206/1 1050/1176/1 1074/1200/1
f 1080/1206/1 1074/1200/1 1082/1208/1
f 1082/1208/1 1074/1200/1 1083/1209/1
f 1075/1201/1 1081/1207/1 1078/1204/1
f 1078/1204/1 1081/1207/1 1084/1210/1
f 1078/1204/1 1084/1210/1 1085/1211/1
f 1083/1209/1 1074/1200/1 1048/1174/1
f 1083/1209/1 1048/1174/1 1086/1212/1
f 1086/1212/1 1048/1174/1 1087/1213/1
f 1087/1213/1 1048/1174/1 1046/1172/1
f 1087/1213/1 1046/1172/1 1088/1214/1
f 1078/1204/1 1085/1211/1 1016/1142/1
f 1016/1142/1 1085/1211/1 1089/1215/1
f 1016/1142/1 1089/1215/1 1090/1216/1
f 1088/1214/1 1046/1172/1 1076/1202/1
f 1088/1214/1 1076/1202/1 1091/1217/1
f 1091/1217/1 1076/1202/1 1092/1218/1
f 1016/1142/1 1090/1216/1 1015/1141/1
f 1015/1141/1 1090/1216/1 1093/1219/1
f 1015/1141/1 1093/1219/1 1094/1220/1
f 1015/1141/1 1094/1220/1 1068/1194/1
f 1068/1194/1 1094/1220/1 1095/1221/1
f 1092/1218/1 1076/1202/1 1070/1196/1
f 1092/1218/1 1070/1196/1 1096/1222/1
f 1096/1222/1 1070/1196/1 1097/1223/1
f 1068/1194/1 1095/1221/1 1065/1191/1
f 1065/1191/1 1095/1221/1 1098/1224/1
f 1065/1191/1 1098/1224/1 1099/1225/1
f 1097/1223/1 1070/1196/1 1069/1195/1
f 1065/1191/1 1099/1225/1 1064/1190/1
f 1097/1223/1 1069/1195/1 1100/1226/1
f 1064/1190/1 1099/1225/1 1101/1227/1
f 1100/1226/1 1069/1195/1 1102/1228/1
f 1064/1190/1 1101/1227/1 1102/1228/1
f 1064/1190/1 1102/1228/1 1069/1195/1
f 1064/1190/1 1069/1195/1 1073/1199/1
f 1064/1190/1 1073/1199/1 1039/1165/1
f 1039/1165/1 1073/1199/1 1072/1198/1
f 1039/1165/1 1072/1198/1 1040/1166/1
f 1040/1166/1 1072/1198/1 1062/1188/1
f 983/1109/223 1078/1204/317 1016/1142/318
f 1078/1204/317 983/1109/223 984/1110/319
f 1077/1203/212 1024/1150/411 1071/1197/214
f 1024/1150/411 1077/1203/212 1055/1181/459
f 1008/1134/402 1032/1158/475 1020/1146/403
f 1032/1158/425 1008/1134/477 1006/1132/423
f 1042/1168/428 1031/1157/239 1027/1153/442
f 1031/1157/239 1042/1168/428 1051/1177/278
f 1050/1176/334 1057/1183/216 1074/1200/348
f 1057/1183/216 1050/1176/334 1051/1177/335
f 1047/1173/199 1055/1181/459 1077/1203/291
f 1055/1181/459 1047/1173/199 1018/1144/456
f 1037/1163/296 1020/1146/476 1066/1192/240
f 1020/1146/476 1037/1163/296 1021/1147/401
f 1026/1152/420 1058/1184/203 1045/1171/438
f 1058/1184/203 1026/1152/420 1030/1156/206
f 1027/1153/442 1030/1156/235 1026/1152/420
f 1030/1156/235 1027/1153/442 1031/1157/239
f 1105/1231/478 1104/1230/479 1103/1229/478
f 1104/1230/479 1105/1231/478 1106/1232/479
f 1109/1235/480 1108/1234/481 1107/1233/480
f 1108/1234/481 1109/1235/480 1110/1236/481
f 1106/1232/4 1112/1238/4 1111/1237/4
f 1112/1238/4 1106/1232/4 1105/1231/4
f 1112/1238/4 1105/1231/4 1113/1239/4
f 1113/1239/4 1105/1231/4 1114/1240/4
f 1113/1239/4 1114/1240/4 1108/1234/4
f 1108/1234/4 1114/1240/4 1115/1241/4
f 1108/1234/4 1115/1241/4 1107/1233/4
f 1107/1233/4 1115/1241/4 1116/1242/4
f 1107/1233/4 1116/1242/4 1117/1243/4
f 1117/1243/4 1116/1242/4 1118/1244/4
f 1117/1243/4 1118/1244/4 1119/1245/4
f 1119/1245/4 1118/1244/4 1120/1246/4
f 1119/1245/4 1120/1246/4 1121/1247/4
f 1121/1247/4 1120/1246/4 1122/1248/4
f 1121/1247/4 1122/1248/4 1123/1249/4
f 1123/1249/4 1122/1248/4 1124/1250/4
f 1123/1249/4 1124/1250/4 1125/1251/4
f 1125/1251/4 1124/1250/4 1126/1252/4
f 1125/1251/4 1126/1252/4 1127/1253/4
f 1127/1253/4 1126/1252/4 1128/1254/4
f 1127/1253/4 1128/1254/4 1129/1255/4
f 1129/1255/4 1128/1254/4 1130/1256/4
f 1106/1232/479 1131/1257/482 1104/1230/479
f 1131/1257/482 1106/1232/479 1111/1237/482
f 1114/1240/483 1103/1229/484 1132/1258/483
f 1103/1229/484 1114/1240/483 1105/1231/484
f 1134/1260/485 1126/1252/486 1133/1259/486
f 1126/1252/486 1134/1260/485 1128/1254/485
f 1112/1238/487 1131/1257/482 1111/1237/482
f 1131/1257/482 1112/1238/487 1135/1261/487
f 1136/1262/488 1128/1254/485 1134/1260/485
f 1128/1254/485 1136/1262/488 1130/1256/488
f 1113/1239/489 1135/1261/487 1112/1238/487
f 1135/1261/487 1113/1239/489 1137/1263/489
f 1138/1264/490 1122/1248/491 1120/1246/490
f 1122/1248/491 1138/1264/490 1139/1265/491
f 1139/1265/492 1124/1250/493 1122/1248/492
f 1124/1250/493 1139/1265/492 1140/1266/493
f 1141/1267/494 1116/1242/495 1115/1241/494
f 1116/1242/495 1141/1267/494 1142/1268/495
f 1133/1259/496 1124/1250/493 1140/1266/493
f 1124/1250/493 1133/1259/496 1126/1252/496
f 1143/1269/497 1120/1246/490 1118/1244/497
f 1120/1246/490 1143/1269/497 1138/1264/490
f 1117/1243/498 1109/1235/499 1107/1233/499
f 1109/1235/499 1117/1243/498 1144/1270/498
f 1142/1268/495 1118/1244/497 1116/1242/495
f 1118/1244/497 1142/1268/495 1143/1269/497
f 1125/1251/500 1145/1271/501 1123/1249/501
f 1145/1271/501 1125/1251/500 1146/1272/500
f 1147/1273/502 1117/1243/503 1119/1245/502
f 1117/1243/498 1147/1273/502 1144/1270/498
f 1148/1274/504 1127/1253/505 1129/1255/504
f 1127/1253/505 1148/1274/504 1149/1275/505
f 1145/1271/506 1121/1247/507 1123/1249/506
f 1121/1247/507 1145/1271/506 1150/1276/507
f 1149/1275/508 1125/1251/500 1127/1253/508
f 1125/1251/500 1149/1275/508 1146/1272/500
f 1132/1258/483 1115/1241/509 1114/1240/483
f 1115/1241/509 1132/1258/483 1141/1267/509
f 1108/1234/481 1137/1263/510 1113/1239/510
f 1137/1263/510 1108/1234/481 1110/1236/481
f 1136/1262/488 1129/1255/504 1130/1256/488
f 1129/1255/504 1136/1262/488 1148/1274/504
f 1150/1276/511 1119/1245/502 1121/1247/511
f 1119/1245/502 1150/1276/507 1147/1273/502
f 1153/1279/4 1152/1278/4 1151/1277/4
f 1152/1278/4 1153/1279/4 1154/1280/4
f 1152/1278/4 1154/1280/4 1155/1281/4
f 1155/1281/4 1154/1280/4 1156/1282/4
f 1155/1281/4 1156/1282/4 1157/1283/4
f 1157/1283/4 1156/1282/4 1158/1284/4
f 1156/1282/4 1159/1285/4 1158/1284/4
f 1157/1283/4 1158/1284/4 1160/1286/4
f 1159/1285/4 1156/1282/4 1161/1287/4
f 1159/1285/4 1161/1287/4 1162/1288/4
f 1162/1288/4 1161/1287/4 1163/1289/4
f 1157/1283/4 1160/1286/4 1164/1290/4
f 1164/1290/4 1160/1286/4 1165/1291/4
f 1164/1290/4 1165/1291/4 1166/1292/4
f 1163/1289/4 1161/1287/4 1167/1293/4
f 1163/1289/4 1167/1293/4 1168/1294/4
f 1168/1294/4 1167/1293/4 1169/1295/4
f 1169/1295/4 1167/1293/4 1170/1296/4
f 1169/1295/4 1170/1296/4 1171/1297/4
f 1164/1290/4 1166/1292/4 1172/1298/4
f 1172/1298/4 1166/1292/4 1173/1299/4
f 1172/1298/4 1173/1299/4 1174/1300/4
f 1171/1297/4 1170/1296/4 1175/1301/4
f 1171/1297/4 1175/1301/4 1176/1302/4
f 1176/1302/4 1175/1301/4 1177/1303/4
f 1172/1298/4 1174/1300/4 1178/1304/4
f 1178/1304/4 1174/1300/4 1179/1305/4
f 1178/1304/4 1179/1305/4 1180/1306/4
f 1178/1304/4 1180/1306/4 1181/1307/4
f 1181/1307/4 1180/1306/4 1182/1308/4
f 1177/1303/4 1175/1301/4 1183/1309/4
f 1177/1303/4 1183/1309/4 1184/1310/4
f 1184/1310/4 1183/1309/4 1185/1311/4
f 1181/1307/4 1182/1308/4 1186/1312/4
f 1186/1312/4 1182/1308/4 1187/1313/4
f 1186/1312/4 1187/1313/4 1188/1314/4
f 1185/1311/4 1183/1309/4 1189/1315/4
f 1186/1312/4 1188/1314/4 1190/1316/4
f 1185/1311/4 1189/1315/4 1191/1317/4
f 1190/1316/4 1188/1314/4 1192/1318/4
f 1191/1317/4 1189/1315/4 1193/1319/4
f 1190/1316/4 1192/1318/4 1193/1319/4
f 1190/1316/4 1193/1319/4 1189/1315/4
f 1190/1316/4 1189/1315/4 1194/1320/4
f 1190/1316/4 1194/1320/4 1195/1321/4
f 1195/1321/4 1194/1320/4 1196/1322/4
f 1195/1321/4 1196/1322/4 1197/1323/4
f 1197/1323/4 1196/1322/4 1198/1324/4
f 1201/1327/512 1200/1326/513 1199/1325/514
f 1200/1326/513 1201/1327/512 1202/1328/515
f 1205/1331/516 1204/1330/517 1203/1329/518
f 1204/1330/517 1205/1331/516 1206/1332/519
f 1209/1335/520 1208/1334/521 1207/1333/522
f 1208/1334/521 1209/1335/520 1210/1336/523
f 1213/1339/524 1212/1338/525 1211/1337/526
f 1212/1338/525 1213/1339/524 1203/1329/527
f 1216/1342/528 1215/1341/529 1214/1340/530
f 1215/1341/529 1216/1342/528 1217/1343/531
f 1220/1346/532 1219/1345/533 1218/1344/534
f 1219/1345/533 1220/1346/532 1221/1347/535
f 1224/1350/536 1223/1349/537 1222/1348/538
f 1223/1349/537 1224/1350/536 1199/1325/539
f 1221/1347/540 1225/1351/541 1219/1345/542
f 1225/1351/541 1221/1347/540 1226/1352/543
f 1228/1354/544 1209/1335/545 1227/1353/546
f 1209/1335/545 1228/1354/544 1229/1355/547
f 1210/1336/523 1230/1356/548 1208/1334/521
f 1230/1356/548 1210/1336/523 1226/1352/549
f 1199/1325/550 1231/1357/551 1223/1349/537
f 1231/1357/551 1199/1325/550 1200/1326/513
f 1234/1360/552 1233/1359/553 1232/1358/554
f 1233/1359/553 1234/1360/552 1235/1361/555
f 1238/1364/556 1237/1363/557 1236/1362/558
f 1237/1363/557 1238/1364/556 1239/1365/559
f 1242/1368/560 1241/1367/561 1240/1366/562
f 1241/1367/561 1242/1368/560 1243/1369/563
f 1245/1371/564 1234/1360/565 1244/1370/566
f 1234/1360/565 1245/1371/564 1246/1372/567
f 1247/1373/568 1199/1325/514 1224/1350/569
f 1199/1325/514 1247/1373/568 1201/1327/570
f 1249/1375/571 1223/1349/537 1248/1374/572
f 1223/1349/537 1249/1375/571 1222/1348/538
f 1217/1343/531 1250/1376/573 1215/1341/574
f 1250/1376/573 1217/1343/531 1251/1377/575
f 1204/1330/576 1253/1379/577 1252/1378/578
f 1253/1379/577 1204/1330/576 1227/1353/579
f 1232/1358/580 1255/1381/581 1254/1380/582
f 1255/1381/581 1232/1358/580 1233/1359/583
f 1257/1383/584 1248/1374/585 1256/1382/586
f 1248/1374/585 1257/1383/584 1249/1375/587
f 1258/1384/588 1226/1352/549 1210/1336/589
f 1226/1352/549 1258/1384/588 1225/1351/541
f 1203/1329/590 1252/1378/578 1212/1338/525
f 1252/1378/578 1203/1329/590 1204/1330/517
f 1236/1362/558 1217/1343/591 1216/1342/528
f 1217/1343/591 1236/1362/558 1237/1363/592
f 1215/1341/529 1259/1385/593 1243/1369/594
f 1259/1385/593 1215/1341/529 1250/1376/573
f 1261/1387/595 1220/1346/532 1260/1386/596
f 1220/1346/532 1261/1387/595 1221/1347/540
f 1239/1365/559 1262/1388/597 1237/1363/598
f 1262/1388/597 1239/1365/559 1263/1389/599
f 1256/1382/600 1264/1390/601 1254/1380/602
f 1264/1390/601 1256/1382/600 1265/1391/603
f 1223/1349/537 1266/1392/604 1248/1374/605
f 1266/1392/604 1223/1349/537 1231/1357/551
f 1230/1356/548 1221/1347/540 1261/1387/595
f 1221/1347/540 1230/1356/548 1226/1352/549
f 1241/1367/606 1267/1393/607 1246/1372/608
f 1267/1393/607 1241/1367/606 1268/1394/609
f 1237/1363/592 1251/1377/610 1217/1343/611
f 1251/1377/610 1237/1363/592 1262/1388/612
f 1248/1374/585 1265/1391/603 1256/1382/600
f 1265/1391/603 1248/1374/585 1266/1392/604
f 1269/1395/613 1203/1329/527 1213/1339/614
f 1203/1329/527 1269/1395/613 1205/1331/615
f 1243/1369/616 1268/1394/617 1241/1367/618
f 1268/1394/617 1243/1369/616 1259/1385/619
f 1214/1340/530 1243/1369/563 1242/1368/560
f 1243/1369/563 1214/1340/530 1215/1341/529
f 1220/1346/620 1263/1389/599 1239/1365/559
f 1263/1389/599 1220/1346/620 1218/1344/621
f 1249/1375/4 1224/1350/4 1222/1348/4
f 1224/1350/4 1249/1375/4 1257/1383/4
f 1224/1350/4 1257/1383/4 1247/1373/4
f 1247/1373/4 1257/1383/4 1255/1381/4
f 1247/1373/4 1255/1381/4 1269/1395/4
f 1269/1395/4 1255/1381/4 1270/1396/4
f 1270/1396/4 1255/1381/4 1271/1397/4
f 1272/1398/4 1269/1395/4 1270/1396/4
f 1271/1397/4 1255/1381/4 1233/1359/4
f 1271/1397/4 1233/1359/4 1273/1399/4
f 1273/1399/4 1233/1359/4 1274/1400/4
f 1269/1395/4 1272/1398/4 1205/1331/4
f 1205/1331/4 1272/1398/4 1275/1401/4
f 1205/1331/4 1275/1401/4 1276/1402/4
f 1274/1400/4 1233/1359/4 1235/1361/4
f 1274/1400/4 1235/1361/4 1277/1403/4
f 1277/1403/4 1235/1361/4 1278/1404/4
f 1278/1404/4 1235/1361/4 1267/1393/4
f 1278/1404/4 1267/1393/4 1279/1405/4
f 1205/1331/4 1276/1402/4 1206/1332/4
f 1206/1332/4 1276/1402/4 1280/1406/4
f 1206/1332/4 1280/1406/4 1281/1407/4
f 1279/1405/4 1267/1393/4 1268/1394/4
f 1279/1405/4 1268/1394/4 1282/1408/4
f 1282/1408/4 1268/1394/4 1283/1409/4
f 1206/1332/4 1281/1407/4 1228/1354/4
f 1228/1354/4 1281/1407/4 1284/1410/4
f 1228/1354/4 1284/1410/4 1285/1411/4
f 1228/1354/4 1285/1411/4 1229/1355/4
f 1229/1355/4 1285/1411/4 1286/1412/4
f 1283/1409/4 1268/1394/4 1259/1385/4
f 1283/1409/4 1259/1385/4 1287/1413/4
f 1287/1413/4 1259/1385/4 1288/1414/4
f 1229/1355/4 1286/1412/4 1258/1384/4
f 1258/1384/4 1286/1412/4 1289/1415/4
f 1258/1384/4 1289/1415/4 1290/1416/4
f 1288/1414/4 1259/1385/4 1250/1376/4
f 1258/1384/4 1290/1416/4 1225/1351/4
f 1288/1414/4 1250/1376/4 1291/1417/4
f 1225/1351/4 1290/1416/4 1292/1418/4
f 1291/1417/4 1250/1376/4 1293/1419/4
f 1225/1351/4 1292/1418/4 1293/1419/4
f 1225/1351/4 1293/1419/4 1250/1376/4
f 1225/1351/4 1250/1376/4 1251/1377/4
f 1225/1351/4 1251/1377/4 1219/1345/4
f 1219/1345/4 1251/1377/4 1262/1388/4
f 1219/1345/4 1262/1388/4 1218/1344/4
f 1218/1344/4 1262/1388/4 1263/1389/4
f 1227/1353/579 1207/1333/522 1253/1379/577
f 1207/1333/522 1227/1353/579 1209/1335/545
f 1213/1339/524 1202/1328/515 1201/1327/622
f 1202/1328/515 1213/1339/524 1211/1337/526
f 1255/1381/581 1256/1382/600 1254/1380/582
f 1256/1382/600 1255/1381/581 1257/1383/623
f 1294/1420/624 1254/1380/602 1264/1390/601
f 1254/1380/602 1294/1420/624 1232/1358/580
f 1229/1355/625 1210/1336/626 1209/1335/627
f 1210/1336/626 1229/1355/625 1258/1384/628
f 1296/1422/629 1242/1368/630 1295/1421/631
f 1242/1368/560 1296/1422/632 1214/1340/633
f 1240/1366/562 1246/1372/567 1245/1371/564
f 1246/1372/567 1240/1366/562 1241/1367/606
f 1206/1332/634 1227/1353/579 1204/1330/635
f 1227/1353/579 1206/1332/634 1228/1354/544
f 1260/1386/596 1239/1365/559 1238/1364/556
f 1239/1365/559 1260/1386/596 1220/1346/620
f 1269/1395/613 1201/1327/622 1247/1373/636
f 1201/1327/622 1269/1395/613 1213/1339/614
f 1299/1425/1 1298/1424/1 1297/1423/1
f 1298/1424/1 1299/1425/1 1300/1426/1
f 1298/1424/1 1300/1426/1 1301/1427/1
f 1301/1427/1 1300/1426/1 1302/1428/1
f 1301/1427/1 1302/1428/1 1303/1429/1
f 1303/1429/1 1302/1428/1 1304/1430/1
f 1303/1429/1 1304/1430/1 1305/1431/1
f 1305/1431/1 1304/1430/1 1306/1432/1
f 1305/1431/1 1306/1432/1 1307/1433/1
f 1307/1433/1 1306/1432/1 1308/1434/1
f 1307/1433/1 1308/1434/1 1309/1435/1
f 1309/1435/1 1308/1434/1 1310/1436/1
f 1309/1435/1 1310/1436/1 1311/1437/1
f 1311/1437/1 1310/1436/1 1312/1438/1
f 1311/1437/1 1312/1438/1 1295/1421/1
f 1295/1421/1 1312/1438/1 1313/1439/1
f 1295/1421/1 1313/1439/1 1296/1422/1
f 1296/1422/1 1313/1439/1 1314/1440/1
f 1296/1422/1 1314/1440/1 1315/1441/1
f 1315/1441/1 1314/1440/1 1316/1442/1
f 1315/1441/1 1316/1442/1 1317/1443/1
f 1317/1443/1 1316/1442/1 1318/1444/1
f 1200/1326/513 1297/1423/637 1231/1357/638
f 1297/1423/637 1200/1326/513 1299/1425/639
f 1265/1391/603 1303/1429/640 1264/1390/641
f 1303/1429/642 1265/1391/603 1301/1427/643
f 1211/1337/526 1304/1430/644 1302/1428/645
f 1304/1430/644 1211/1337/526 1212/1338/646
f 1317/1443/647 1238/1364/556 1236/1362/648
f 1238/1364/556 1317/1443/647 1318/1444/649
f 1252/1378/578 1308/1434/650 1306/1432/651
f 1308/1434/650 1252/1378/578 1253/1379/652
f 1316/1442/653 1238/1364/556 1318/1444/649
f 1238/1364/556 1316/1442/653 1260/1386/654
f 1244/1370/566 1232/1358/655 1294/1420/624
f 1232/1358/655 1244/1370/566 1234/1360/552
f 1246/1372/567 1235/1361/656 1234/1360/657
f 1235/1361/656 1246/1372/567 1267/1393/607
f 1311/1437/658 1245/1371/564 1309/1435/659
f 1245/1371/564 1311/1437/658 1240/1366/660
f 1202/1328/515 1302/1428/661 1300/1426/662
f 1302/1428/645 1202/1328/515 1211/1337/663
f 1305/1431/664 1264/1390/601 1303/1429/640
f 1264/1390/601 1305/1431/664 1294/1420/665
f 1307/1433/666 1294/1420/624 1305/1431/664
f 1294/1420/624 1307/1433/667 1244/1370/668
f 1296/1422/632 1216/1342/528 1214/1340/633
f 1216/1342/669 1296/1422/670 1315/1441/671
f 1200/1326/672 1300/1426/662 1299/1425/673
f 1300/1426/662 1200/1326/513 1202/1328/674
f 1309/1435/659 1244/1370/566 1307/1433/667
f 1244/1370/566 1309/1435/659 1245/1371/675
f 1313/1439/676 1261/1387/677 1314/1440/678
f 1261/1387/595 1313/1439/679 1230/1356/680
f 1314/1440/678 1260/1386/654 1316/1442/681
f 1260/1386/596 1314/1440/678 1261/1387/677
f 1315/1441/671 1236/1362/558 1216/1342/669
f 1236/1362/648 1315/1441/671 1317/1443/682
f 1266/1392/604 1301/1427/643 1265/1391/683
f 1301/1427/643 1266/1392/604 1298/1424/684
f 1231/1357/551 1298/1424/685 1266/1392/686
f 1298/1424/685 1231/1357/551 1297/1423/637
f 1253/1379/577 1310/1436/687 1308/1434/650
f 1310/1436/687 1253/1379/577 1207/1333/688
f 1295/1421/631 1240/1366/562 1311/1437/658
f 1240/1366/562 1295/1421/631 1242/1368/630
f 1208/1334/521 1313/1439/689 1312/1438/690
f 1313/1439/679 1208/1334/521 1230/1356/680
f 1207/1333/522 1312/1438/690 1310/1436/687
f 1312/1438/690 1207/1333/522 1208/1334/691
f 1212/1338/525 1306/1432/692 1304/1430/644
f 1306/1432/651 1212/1338/525 1252/1378/693
f 1321/1447/4 1320/1446/4 1319/1445/4
f 1320/1446/4 1321/1447/4 1322/1448/4
f 1320/1446/4 1322/1448/4 1323/1449/4
f 1323/1449/4 1322/1448/4 1324/1450/4
f 1323/1449/4 1324/1450/4 1325/1451/4
f 1325/1451/4 1324/1450/4 1326/1452/4
f 1325/1451/4 1326/1452/4 1327/1453/4
f 1327/1453/4 1328/1455/4 1325/1451/4
f 1327/1453/694 1326/1452/694 1329/1456/694
f 1329/1456/4 1326/1452/4 1330/1458/4
f 1330/1458/4 1326/1452/4 1331/1460/4
f 1328/1455/695 1327/1453/695 1332/1462/695
f 1328/1455/4 1332/1462/4 1333/1464/4
f 1328/1455/4 1333/1464/4 1334/1466/4
f 1331/1460/4 1326/1452/4 1335/1468/4
f 1331/1460/4 1335/1468/4 1336/1469/4
f 1336/1469/4 1335/1468/4 1337/1471/4
f 1328/1455/4 1334/1466/4 1338/1473/4
f 1338/1473/4 1334/1466/4 1339/1474/4
f 1338/1473/4 1339/1474/4 1340/1476/4
f 1337/1471/4 1335/1468/4 1341/1478/4
f 1337/1471/4 1341/1478/4 1342/1479/4
f 1342/1479/4 1341/1478/4 1343/1481/4
f 1343/1481/4 1341/1478/4 1344/1483/4
f 1343/1481/4 1344/1483/4 1345/1484/4
f 1338/1473/4 1340/1476/4 1346/1486/4
f 1346/1486/4 1340/1476/4 1347/1487/4
f 1346/1486/4 1347/1487/4 1348/1489/4
f 1346/1486/4 1348/1489/4 1349/1491/4
f 1349/1491/4 1348/1489/4 1350/1492/4
f 1345/1484/4 1344/1483/4 1351/1494/4
f 1345/1484/4 1351/1494/4 1352/1495/4
f 1352/1495/4 1351/1494/4 1353/1497/4
f 1349/1491/4 1350/1492/4 1354/1499/4
f 1354/1499/4 1350/1492/4 1355/1500/4
f 1354/1499/4 1355/1500/4 1356/1502/4
f 1353/1497/4 1351/1494/4 1357/1504/4
f 1354/1499/4 1356/1502/4 1358/1505/4
f 1353/1497/4 1357/1504/4 1359/1506/4
f 1358/1505/4 1356/1502/4 1360/1508/4
f 1359/1506/4 1357/1504/4 1361/1510/4
f 1358/1505/4 1360/1508/4 1361/1510/4
f 1358/1505/4 1361/1510/4 1357/1504/4
f 1358/1505/4 1357/1504/4 1362/1512/4
f 1358/1505/4 1362/1512/4 1363/1513/4
f 1363/1513/4 1362/1512/4 1364/1514/4
f 1363/1513/4 1364/1514/4 1365/1515/4
f 1365/1515/4 1364/1514/4 1366/1516/4
f 1322/1448/696 1368/1518/697 1367/1517/696
f 1368/1518/697 1322/1448/696 1321/1447/697
f 1370/1520/698 1364/1514/699 1369/1519/699
f 1364/1514/699 1370/1520/698 1366/1516/698
f 1371/1521/700 1326/1452/701 1324/1450/700
f 1326/1452/702 1371/1521/700 1372/1522/701
f 1354/1499/703 1373/1523/704 1349/1491/704
f 1373/1523/704 1354/1499/703 1374/1524/703
f 1346/1486/705 1375/1525/706 1338/1473/706
f 1375/1525/706 1346/1486/705 1376/1526/705
f 1323/1449/707 1377/1527/708 1320/1446/708
f 1377/1527/708 1323/1449/707 1378/1528/707
f 1380/1530/709 1357/1504/710 1379/1529/710
f 1357/1504/710 1380/1530/709 1362/1512/709
f 1321/1447/697 1381/1531/711 1368/1518/697
f 1381/1531/711 1321/1447/697 1319/1445/711
f 1338/1473/706 1382/1532/712 1328/1455/712
f 1382/1532/712 1338/1473/706 1375/1525/706
f 1358/1505/713 1374/1524/714 1354/1499/714
f 1374/1524/703 1358/1505/713 1383/1533/713
f 1384/1534/715 1341/1478/716 1335/1468/715
f 1341/1478/716 1384/1534/715 1385/1535/716
f 1372/1522/701 1335/1468/715 1326/1452/701
f 1335/1468/715 1372/1522/701 1384/1534/715
f 1349/1491/704 1376/1526/705 1346/1486/705
f 1376/1526/705 1349/1491/704 1373/1523/704
f 1319/1445/711 1377/1527/708 1381/1531/711
f 1377/1527/708 1319/1445/711 1320/1446/708
f 1386/1536/717 1357/1504/710 1351/1494/717
f 1357/1504/710 1386/1536/717 1379/1529/710
f 1328/1455/718 1387/1537/719 1325/1451/719
f 1387/1537/719 1328/1455/718 1382/1532/718
f 1388/1538/720 1366/1516/698 1370/1520/698
f 1366/1516/698 1388/1538/720 1365/1515/720
f 1325/1451/719 1378/1528/707 1323/1449/721
f 1378/1528/707 1325/1451/719 1387/1537/719
f 1324/1450/700 1367/1517/696 1371/1521/700
f 1367/1517/696 1324/1450/700 1322/1448/722
f 1388/1538/720 1363/1513/723 1365/1515/720
f 1363/1513/723 1388/1538/720 1389/1539/723
f 1385/1535/716 1344/1483/724 1341/1478/716
f 1344/1483/724 1385/1535/716 1390/1540/724
f 1389/1539/723 1358/1505/713 1363/1513/723
f 1358/1505/713 1389/1539/723 1383/1533/713
f 1369/1519/699 1362/1512/709 1380/1530/709
f 1362/1512/709 1369/1519/699 1364/1514/699
f 1390/1540/724 1351/1494/717 1344/1483/724
f 1351/1494/717 1390/1540/724 1386/1536/717
f 1393/1543/4 1392/1542/4 1391/1541/4
f 1394/1544/4 1392/1542/4 1393/1543/4
f 1394/1544/4 1395/1545/4 1392/1542/4
f 1396/1546/4 1395/1545/4 1394/1544/4
f 1397/1547/4 1395/1545/4 1396/1546/4
f 1397/1547/4 1398/1548/4 1395/1545/4
f 1396/1546/4 1399/1549/4 1397/1547/4
f 1396/1546/4 1400/1550/4 1399/1549/4
f 1401/1551/4 1398/1548/4 1397/1547/4
f 1402/1552/4 1398/1548/4 1401/1551/4
f 1403/1553/4 1398/1548/4 1402/1552/4
f 1403/1553/4 1404/1554/4 1398/1548/4
f 1405/1555/4 1404/1554/4 1403/1553/4
f 1406/1556/4 1400/1550/4 1396/1546/4
f 1406/1556/4 1407/1557/4 1400/1550/4
f 1406/1556/4 1408/1558/4 1407/1557/4
f 1405/1555/4 1409/1559/4 1404/1554/4
f 1410/1560/4 1409/1559/4 1405/1555/4
f 1411/1561/4 1409/1559/4 1410/1560/4
f 1411/1561/4 1412/1562/4 1409/1559/4
f 1413/1563/4 1412/1562/4 1411/1561/4
f 1414/1564/4 1408/1558/4 1406/1556/4
f 1414/1564/4 1415/1565/4 1408/1558/4
f 1414/1564/4 1416/1566/4 1415/1565/4
f 1417/1567/4 1416/1566/4 1414/1564/4
f 1417/1567/4 1418/1568/4 1416/1566/4
f 1413/1563/4 1419/1569/4 1412/1562/4
f 1420/1570/4 1419/1569/4 1413/1563/4
f 1421/1571/4 1419/1569/4 1420/1570/4
f 1422/1572/4 1418/1568/4 1417/1567/4
f 1422/1572/4 1423/1573/4 1418/1568/4
f 1422/1572/4 1424/1574/4 1423/1573/4
f 1421/1571/4 1425/1575/4 1419/1569/4
f 1426/1576/4 1425/1575/4 1421/1571/4
f 1427/1577/4 1425/1575/4 1426/1576/4
f 1428/1578/4 1424/1574/4 1422/1572/4
f 1428/1578/4 1429/1579/4 1424/1574/4
f 1428/1578/4 1430/1580/4 1429/1579/4
f 1427/1577/4 1431/1581/4 1425/1575/4
f 1432/1582/4 1430/1580/4 1428/1578/4
f 1432/1582/4 1433/1583/4 1430/1580/4
f 1431/1581/4 1427/1577/4 1433/1583/4
f 1432/1582/4 1431/1581/4 1433/1583/4
f 1434/1584/4 1431/1581/4 1432/1582/4
f 1434/1584/4 1435/1585/4 1431/1581/4
f 1436/1586/4 1435/1585/4 1434/1584/4
f 1436/1586/4 1437/1587/4 1435/1585/4
f 1437/1587/4 1436/1586/4 1438/1588/4
f 1441/1591/536 1440/1590/537 1439/1589/538
f 1440/1590/537 1441/1591/569 1442/1592/539
f 1445/1595/516 1444/1594/517 1443/1593/518
f 1444/1594/517 1445/1595/516 1446/1596/519
f 1449/1599/581 1448/1598/600 1447/1597/582
f 1448/1598/600 1449/1599/581 1450/1600/623
f 1442/1592/514 1451/1601/725 1440/1590/537
f 1451/1601/725 1442/1592/550 1452/1602/726
f 1443/1593/590 1454/1604/727 1453/1603/728
f 1454/1604/727 1443/1593/527 1444/1594/517
f 1457/1607/520 1456/1606/729 1455/1605/730
f 1456/1606/729 1457/1607/520 1458/1608/523
f 1461/1611/731 1460/1610/540 1459/1609/732
f 1460/1610/540 1461/1611/731 1462/1612/549
f 1465/1615/531 1464/1614/573 1463/1613/574
f 1464/1614/573 1465/1615/531 1466/1616/575
f 1468/1618/605 1467/1617/733 1448/1598/586
f 1467/1617/733 1468/1618/585 1469/1619/734
f 1472/1622/567 1471/1621/656 1470/1620/657
f 1471/1621/656 1472/1622/567 1473/1623/607
f 1474/1624/592 1466/1616/610 1465/1615/611
f 1466/1616/610 1474/1624/592 1475/1625/612
f 1477/1627/613 1443/1593/527 1476/1626/614
f 1443/1593/527 1477/1627/613 1445/1595/615
f 1480/1630/735 1479/1629/559 1478/1628/736
f 1479/1629/559 1480/1630/737 1481/1631/620
f 1481/1631/532 1483/1633/533 1482/1632/534
f 1483/1633/533 1481/1631/532 1460/1610/535
f 1485/1635/738 1470/1620/565 1484/1634/739
f 1470/1620/552 1485/1635/738 1472/1622/567
f 1486/1636/570 1452/1602/740 1442/1592/514
f 1452/1602/741 1486/1636/570 1487/1637/742
f 1488/1638/636 1442/1592/514 1441/1591/569
f 1442/1592/514 1488/1638/568 1486/1636/622
f 1450/1600/584 1468/1618/585 1448/1598/600
f 1468/1618/585 1450/1600/623 1489/1639/587
f 1446/1596/634 1490/1640/579 1444/1594/635
f 1490/1640/579 1446/1596/634 1491/1641/544
f 1479/1629/559 1475/1625/597 1474/1624/598
f 1475/1625/597 1479/1629/559 1492/1642/599
f 1458/1608/523 1461/1611/731 1456/1606/729
f 1461/1611/731 1458/1608/523 1462/1612/549
f 1493/1643/606 1473/1623/607 1472/1622/608
f 1473/1623/607 1493/1643/606 1494/1644/609
f 1463/1613/529 1496/1646/593 1495/1645/594
f 1496/1646/593 1463/1613/529 1464/1614/573
f 1498/1648/743 1493/1643/561 1497/1647/744
f 1493/1643/561 1498/1648/745 1495/1645/563
f 1481/1631/620 1492/1642/599 1479/1629/746
f 1492/1642/599 1481/1631/620 1482/1632/621
f 1459/1609/732 1481/1631/532 1480/1630/735
f 1481/1631/532 1459/1609/732 1460/1610/540
f 1499/1649/747 1495/1645/563 1498/1648/743
f 1495/1645/563 1499/1649/747 1463/1613/529
f 1502/1652/748 1501/1651/749 1500/1650/750
f 1501/1651/749 1502/1652/748 1484/1634/739
f 1469/1619/734 1503/1653/751 1467/1617/752
f 1503/1653/751 1469/1619/753 1504/1654/754
f 1495/1645/616 1494/1644/617 1493/1643/618
f 1494/1644/617 1495/1645/616 1496/1646/619
f 1484/1634/739 1505/1655/655 1501/1651/749
f 1505/1655/580 1484/1634/739 1470/1620/552
f 1444/1594/576 1506/1656/755 1454/1604/727
f 1506/1656/755 1444/1594/517 1490/1640/579
f 1476/1626/524 1487/1637/742 1486/1636/622
f 1487/1637/742 1476/1626/524 1507/1657/756
f 1490/1640/579 1455/1605/730 1506/1656/755
f 1455/1605/757 1490/1640/579 1457/1607/545
f 1509/1659/758 1480/1630/759 1508/1658/760
f 1480/1630/735 1509/1659/758 1459/1609/732
f 1505/1655/580 1449/1599/581 1447/1597/582
f 1449/1599/581 1505/1655/580 1510/1660/583
f 1512/1662/1 1504/1654/1 1511/1661/1
f 1504/1654/1 1512/1662/1 1503/1653/1
f 1503/1653/1 1512/1662/1 1513/1663/1
f 1503/1653/1 1513/1663/1 1514/1664/1
f 1503/1653/1 1514/1664/1 1515/1665/1
f 1515/1665/1 1514/1664/1 1516/1666/1
f 1515/1665/1 1516/1666/1 1500/1650/1
f 1500/1650/1 1516/1666/1 1517/1667/1
f 1500/1650/1 1517/1667/1 1502/1652/1
f 1502/1652/1 1517/1667/1 1518/1668/1
f 1502/1652/1 1518/1668/1 1519/1669/1
f 1519/1669/1 1518/1668/1 1520/1670/1
f 1519/1669/1 1520/1670/1 1521/1671/1
f 1521/1671/1 1520/1670/1 1522/1672/1
f 1521/1671/1 1522/1672/1 1523/1673/1
f 1523/1673/1 1522/1672/1 1524/1674/1
f 1523/1673/1 1524/1674/1 1525/1675/1
f 1525/1675/1 1524/1674/1 1509/1659/1
f 1525/1675/1 1509/1659/1 1526/1676/1
f 1526/1676/1 1509/1659/1 1508/1658/1
f 1526/1676/1 1508/1658/1 1527/1677/1
f 1527/1677/1 1508/1658/1 1528/1678/1
f 1489/1639/571 1440/1590/537 1468/1618/572
f 1440/1590/537 1489/1639/571 1439/1589/538
f 1460/1610/540 1529/1679/541 1483/1633/533
f 1529/1679/541 1460/1610/540 1462/1612/543
f 1530/1680/761 1463/1613/529 1499/1649/747
f 1463/1613/529 1530/1680/762 1465/1615/531
f 1478/1628/736 1474/1624/557 1531/1681/763
f 1474/1624/592 1478/1628/736 1479/1629/559
f 1501/1651/749 1447/1597/602 1532/1682/764
f 1447/1597/602 1501/1651/749 1505/1655/580
f 1533/1683/588 1462/1612/549 1458/1608/589
f 1462/1612/549 1533/1683/588 1529/1679/541
f 1476/1626/524 1453/1603/728 1507/1657/756
f 1453/1603/728 1476/1626/524 1443/1593/527
f 1525/1675/765 1530/1680/761 1499/1649/747
f 1530/1680/761 1525/1675/765 1526/1676/766
f 1523/1673/767 1497/1647/768 1521/1671/769
f 1497/1647/744 1523/1673/767 1498/1648/743
f 1470/1620/552 1510/1660/553 1505/1655/554
f 1510/1660/553 1470/1620/770 1471/1621/555
f 1497/1647/744 1472/1622/567 1485/1635/738
f 1472/1622/567 1497/1647/768 1493/1643/606
f 1491/1641/544 1457/1607/545 1490/1640/546
f 1457/1607/545 1491/1641/544 1534/1684/547
f 1531/1681/763 1465/1615/591 1530/1680/761
f 1465/1615/531 1531/1681/763 1474/1624/592
f 1477/1627/613 1486/1636/622 1488/1638/636
f 1486/1636/622 1477/1627/613 1476/1626/614
f 1448/1598/600 1532/1682/771 1447/1597/602
f 1532/1682/764 1448/1598/600 1467/1617/733
f 1500/1650/750 1532/1682/764 1515/1665/772
f 1532/1682/764 1500/1650/750 1501/1651/749
f 1525/1675/773 1498/1648/743 1523/1673/767
f 1498/1648/743 1525/1675/773 1499/1649/747
f 1440/1590/537 1469/1619/753 1468/1618/605
f 1469/1619/734 1440/1590/537 1451/1601/725
f 1508/1658/760 1478/1628/736 1528/1678/774
f 1478/1628/736 1508/1658/760 1480/1630/735
f 1487/1637/742 1514/1664/775 1513/1663/776
f 1514/1664/775 1487/1637/742 1507/1657/756
f 1521/1671/769 1485/1635/738 1519/1669/777
f 1485/1635/738 1521/1671/769 1497/1647/744
f 1506/1656/755 1520/1670/778 1518/1668/779
f 1520/1670/778 1506/1656/755 1455/1605/730
f 1452/1602/741 1513/1663/776 1512/1662/780
f 1513/1663/776 1452/1602/726 1487/1637/781
f 1467/1617/733 1515/1665/782 1532/1682/764
f 1515/1665/782 1467/1617/733 1503/1653/751
f 1452/1602/726 1511/1661/783 1451/1601/784
f 1511/1661/783 1452/1602/726 1512/1662/780
f 1453/1603/728 1517/1667/785 1516/1666/786
f 1517/1667/785 1453/1603/728 1454/1604/727
f 1507/1657/756 1516/1666/786 1514/1664/787
f 1516/1666/786 1507/1657/756 1453/1603/728
f 1456/1606/729 1524/1674/788 1522/1672/789
f 1524/1674/788 1456/1606/729 1461/1611/731
f 1451/1601/725 1504/1654/754 1469/1619/734
f 1504/1654/754 1451/1601/725 1511/1661/783
f 1519/1669/777 1484/1634/739 1502/1652/748
f 1484/1634/790 1519/1669/777 1485/1635/791
f 1527/1677/792 1478/1628/736 1531/1681/763
f 1478/1628/736 1527/1677/792 1528/1678/774
f 1524/1674/793 1459/1609/732 1509/1659/758
f 1459/1609/732 1524/1674/793 1461/1611/731
f 1526/1676/766 1531/1681/763 1530/1680/761
f 1531/1681/794 1526/1676/766 1527/1677/792
f 1454/1604/727 1518/1668/779 1517/1667/785
f 1518/1668/779 1454/1604/727 1506/1656/795
f 1455/1605/757 1522/1672/789 1520/1670/778
f 1522/1672/789 1455/1605/730 1456/1606/729
f 1534/1684/625 1458/1608/626 1457/1607/627
f 1458/1608/626 1534/1684/625 1533/1683/628
f 1489/1639/4 1441/1591/4 1439/1589/4
f 1441/1591/4 1489/1639/4 1450/1600/4
f 1441/1591/4 1450/1600/4 1488/1638/4
f 1488/1638/4 1450/1600/4 1449/1599/4
f 1488/1638/4 1449/1599/4 1535/1685/4
f 1535/1685/4 1477/1627/4 1488/1638/4
f 1535/1685/4 1449/1599/4 1536/1686/4
f 1477/1627/4 1535/1685/4 1537/1687/4
f 1536/1686/4 1449/1599/4 1538/1688/4
f 1477/1627/4 1537/1687/4 1539/1689/4
f 1538/1688/4 1449/1599/4 1510/1660/4
f 1538/1688/4 1510/1660/4 1540/1690/4
f 1540/1690/4 1510/1660/4 1541/1691/4
f 1541/1691/4 1510/1660/4 1471/1621/4
f 1541/1691/4 1471/1621/4 1542/1692/4
f 1542/1692/4 1471/1621/4 1473/1623/4
f 1542/1692/4 1473/1623/4 1543/1693/4
f 1477/1627/4 1539/1689/4 1445/1595/4
f 1445/1595/4 1539/1689/4 1544/1694/4
f 1445/1595/4 1544/1694/4 1545/1695/4
f 1445/1595/4 1545/1695/4 1446/1596/4
f 1446/1596/4 1545/1695/4 1546/1696/4
f 1543/1693/4 1473/1623/4 1494/1644/4
f 1543/1693/4 1494/1644/4 1547/1697/4
f 1547/1697/4 1494/1644/4 1548/1698/4
f 1548/1698/4 1494/1644/4 1496/1646/4
f 1548/1698/4 1496/1646/4 1549/1699/4
f 1446/1596/4 1546/1696/4 1491/1641/4
f 1491/1641/4 1546/1696/4 1550/1700/4
f 1491/1641/4 1550/1700/4 1551/1701/4
f 1491/1641/4 1551/1701/4 1534/1684/4
f 1534/1684/4 1551/1701/4 1552/1702/4
f 1534/1684/4 1552/1702/4 1533/1683/4
f 1533/1683/4 1552/1702/4 1553/1703/4
f 1549/1699/4 1496/1646/4 1464/1614/4
f 1549/1699/4 1464/1614/4 1554/1704/4
f 1554/1704/4 1464/1614/4 1555/1705/4
f 1533/1683/4 1553/1703/4 1529/1679/4
f 1529/1679/4 1553/1703/4 1556/1706/4
f 1529/1679/4 1556/1706/4 1557/1707/4
f 1555/1705/4 1464/1614/4 1466/1616/4
f 1529/1679/4 1557/1707/4 1483/1633/4
f 1555/1705/4 1466/1616/4 1558/1708/4
f 1483/1633/4 1557/1707/4 1558/1708/4
f 1483/1633/4 1558/1708/4 1466/1616/4
f 1483/1633/4 1466/1616/4 1475/1625/4
f 1483/1633/4 1475/1625/4 1482/1632/4
f 1482/1632/4 1475/1625/4 1492/1642/4
f 1559/1709/796 1350/1493/797 1348/1490/796
f 1350/1493/797 1559/1709/796 1560/1710/797
f 1361/1511/798 1561/1711/799 1359/1507/800
f 1561/1711/799 1361/1511/798 1562/1712/798
f 1337/1472/801 1563/1713/802 1336/1470/802
f 1563/1713/802 1337/1472/801 1564/1714/801
f 1565/1715/803 1327/1454/804 1329/1457/803
f 1327/1454/804 1565/1715/803 1566/1716/804
f 1343/1482/805 1567/1717/806 1342/1480/806
f 1567/1717/806 1343/1482/805 1568/1718/805
f 1565/1715/4 1569/1719/4 1566/1716/4
f 1569/1719/4 1565/1715/4 1570/1720/4
f 1569/1719/4 1570/1720/4 1571/1721/4
f 1571/1721/4 1570/1720/4 1572/1722/4
f 1571/1721/4 1572/1722/4 1573/1723/4
f 1573/1723/4 1572/1722/4 1563/1713/4
f 1573/1723/4 1563/1713/4 1574/1724/4
f 1574/1724/4 1563/1713/4 1575/1725/4
f 1575/1725/4 1563/1713/4 1564/1714/4
f 1575/1725/4 1564/1714/4 1576/1726/4
f 1576/1726/4 1564/1714/4 1567/1717/4
f 1576/1726/4 1567/1717/4 1568/1718/4
f 1576/1726/4 1568/1718/4 1559/1709/4
f 1559/1709/4 1568/1718/4 1577/1727/4
f 1559/1709/4 1577/1727/4 1560/1710/4
f 1560/1710/4 1577/1727/4 1578/1728/4
f 1560/1710/4 1578/1728/4 1579/1729/4
f 1579/1729/4 1578/1728/4 1580/1730/4
f 1579/1729/4 1580/1730/4 1581/1731/4
f 1581/1731/4 1580/1730/4 1582/1732/4
f 1582/1732/4 1580/1730/4 1561/1711/4
f 1582/1732/4 1561/1711/4 1562/1712/4
f 1356/1503/807 1579/1729/808 1581/1731/807
f 1579/1729/808 1356/1503/807 1355/1501/808
f 1569/1719/809 1327/1454/804 1566/1716/804
f 1327/1454/804 1569/1719/809 1332/1463/809
f 1572/1722/810 1330/1459/811 1331/1461/810
f 1330/1459/811 1572/1722/810 1570/1720/811
f 1353/1498/812 1578/1728/813 1352/1496/813
f 1578/1728/813 1353/1498/812 1580/1730/812
f 1336/1470/802 1572/1722/814 1331/1461/814
f 1572/1722/814 1336/1470/802 1563/1713/802
f 1575/1725/815 1347/1488/816 1340/1477/815
f 1347/1488/816 1575/1725/815 1576/1726/816
f 1573/1723/817 1333/1465/818 1571/1721/818
f 1333/1465/818 1573/1723/817 1334/1467/817
f 1571/1721/818 1332/1463/819 1569/1719/819
f 1332/1463/819 1571/1721/818 1333/1465/818
f 1360/1509/820 1581/1731/807 1582/1732/820
f 1581/1731/807 1360/1509/820 1356/1503/807
f 1576/1726/816 1348/1490/821 1347/1488/816
f 1348/1490/821 1576/1726/816 1559/1709/821
f 1352/1496/822 1577/1727/823 1345/1485/823
f 1577/1727/823 1352/1496/822 1578/1728/822
f 1573/1723/824 1339/1475/825 1334/1467/824
f 1339/1475/825 1573/1723/824 1574/1724/825
f 1359/1507/799 1580/1730/812 1353/1498/812
f 1580/1730/812 1359/1507/799 1561/1711/799
f 1345/1485/823 1568/1718/826 1343/1482/826
f 1568/1718/826 1345/1485/823 1577/1727/823
f 1560/1710/797 1355/1501/827 1350/1493/797
f 1355/1501/827 1560/1710/797 1579/1729/827
f 1342/1480/806 1564/1714/828 1337/1472/828
f 1564/1714/828 1342/1480/806 1567/1717/806
f 1574/1724/825 1340/1477/829 1339/1475/825
f 1340/1477/829 1574/1724/825 1575/1725/829
f 1570/1720/811 1329/1457/830 1330/1459/811
f 1329/1457/830 1570/1720/811 1565/1715/830
f 1361/1511/798 1582/1732/820 1562/1712/798
f 1582/1732/820 1361/1511/798 1360/1509/831
